generation,individual,cycle,s_before,f_ini,rho_SI_before,rho_MI_before,random,operator,best_neighbor,best_delta,num_neighbors,f_imp,eta,improved,epoch
0,5,0,[2 1 3],781.3999999999978,0.5,0.5,0.4488257953778846,SI,[2 3 1],17.30000000000001,10,795.1999999999971,0.0,False,0
0,5,1,[2 1 3],781.3999999999978,0.5,0.5,0.4148859784394432,SI,[2 3 1],17.30000000000001,10,795.1999999999971,0.0,False,0
0,5,2,[2 1 3],781.3999999999978,0.5,0.5,0.05312869067295756,SI,[2 3 1],17.30000000000001,10,795.1999999999971,0.0,False,0
0,5,3,[2 1 3],781.3999999999978,0.5,0.5,0.3971778102250315,SI,[2 3 1],17.30000000000001,10,795.1999999999971,0.0,False,0
0,5,4,[2 1 3],781.3999999999978,0.5,0.5,0.3725929400002339,SI,[2 3 1],17.30000000000001,10,795.1999999999971,0.0,False,0
1,0,0,[2 1 3],781.3999999999978,0.5,0.5,0.1494863033242304,SI,[2 3 1],17.30000000000001,10,795.1999999999971,0.0,False,0
1,0,1,[2 1 3],781.3999999999978,0.5,0.5,0.030439266665623133,SI,[2 3 1],17.30000000000001,10,795.1999999999971,0.0,False,0
1,0,2,[2 1 3],781.3999999999978,0.5,0.5,0.3930482520042071,SI,[2 3 1],17.30000000000001,10,795.1999999999971,0.0,False,0
1,0,3,[2 1 3],781.3999999999978,0.5,0.5,0.24218589027431547,SI,[2 3 1],17.30000000000001,10,795.1999999999971,0.0,False,0
1,0,4,[2 1 3],781.3999999999978,0.5,0.5,0.010483533924157129,SI,[2 3 1],17.30000000000001,10,795.1999999999971,0.0,False,0
2,0,0,[2 1 3],781.3999999999978,0.5,0.5,0.4317795435268398,SI,[3 1 2],60.7,10,795.399999999976,0.0,False,0
2,0,1,[2 1 3],781.3999999999978,0.5,0.5,0.10605921802055862,SI,[2 3 1],17.30000000000001,10,795.1999999999971,0.0,False,0
2,0,2,[2 1 3],781.3999999999978,0.5,0.5,0.4697126947232173,SI,[2 3 1],17.30000000000001,10,795.1999999999971,0.0,False,0
2,0,3,[2 1 3],781.3999999999978,0.5,0.5,0.09778734397791733,SI,[2 3 1],17.30000000000001,10,795.1999999999971,0.0,False,0
2,0,4,[2 1 3],781.3999999999978,0.5,0.5,0.18570532678837437,SI,[2 3 1],17.30000000000001,10,795.1999999999971,0.0,False,0
3,0,0,[2 1 3],781.3999999999978,0.5,0.5,0.48199331388611544,SI,[2 3 1],17.30000000000001,10,795.1999999999971,0.0,False,0
3,0,1,[2 1 3],781.3999999999978,0.5,0.5,0.02917037421242641,SI,[2 3 1],17.30000000000001,10,795.1999999999971,0.0,False,0
3,0,2,[2 1 3],781.3999999999978,0.5,0.5,0.8979880920628096,MI,[3 1 2],60.7,10,795.399999999976,0.0,False,0
3,0,3,[2 1 3],781.3999999999978,0.5,0.5,0.22004816959915785,SI,[2 3 1],17.30000000000001,10,795.1999999999971,0.0,False,0
3,0,4,[2 1 3],781.3999999999978,0.5,0.5,0.3865663628348851,SI,[2 3 1],17.30000000000001,10,795.1999999999971,0.0,False,0
4,0,0,[2 1 3],781.3999999999978,0.5,0.5,0.31710712739428615,SI,[2 3 1],17.30000000000001,10,795.1999999999971,0.0,False,0
4,0,1,[2 1 3],781.3999999999978,0.5,0.5,0.37572270111652595,SI,[2 3 1],17.30000000000001,10,795.1999999999971,0.0,False,0
4,0,2,[2 1 3],781.3999999999978,0.5,0.5,0.22653965650377017,SI,[2 3 1],17.30000000000001,10,795.1999999999971,0.0,False,0
4,0,3,[2 1 3],781.3999999999978,0.5,0.5,0.4968305333574743,SI,[2 3 1],17.30000000000001,10,795.1999999999971,0.0,False,0
4,0,4,[2 1 3],781.3999999999978,0.5,0.5,0.3926055704676572,SI,[2 3 1],17.30000000000001,10,795.1999999999971,0.0,False,0
5,0,0,[2 1 3],781.3999999999978,0.5,0.5,0.06993906408407957,SI,[2 3 1],17.30000000000001,10,795.1999999999971,0.0,False,0
5,0,1,[2 1 3],781.3999999999978,0.5,0.5,0.21640078764094084,SI,[2 3 1],17.30000000000001,10,795.1999999999971,0.0,False,0
5,0,2,[2 1 3],781.3999999999978,0.5,0.5,0.16346837032524952,SI,[2 3 1],17.30000000000001,10,795.1999999999971,0.0,False,0
5,0,3,[2 1 3],781.3999999999978,0.5,0.5,0.18726701013231262,SI,[2 3 1],17.30000000000001,10,795.1999999999971,0.0,False,0
5,0,4,[2 1 3],781.3999999999978,0.5,0.5,0.394912912348374,SI,[2 3 1],17.30000000000001,10,795.1999999999971,0.0,False,0
6,0,0,[2 1 3],781.3999999999978,0.5,0.5,0.46119396345358565,SI,[2 3 1],17.30000000000001,10,795.1999999999971,0.0,False,0
6,0,1,[2 1 3],781.3999999999978,0.5,0.5,0.636632828518914,MI,[3 1 2],60.7,10,795.399999999976,0.0,False,0
6,0,2,[2 1 3],781.3999999999978,0.5,0.5,0.47118218900340225,SI,[2 3 1],17.30000000000001,10,795.1999999999971,0.0,False,0
6,0,3,[2 1 3],781.3999999999978,0.5,0.5,0.08510140391489107,SI,[2 3 1],17.30000000000001,10,795.1999999999971,0.0,False,0
6,0,4,[2 1 3],781.3999999999978,0.5,0.5,0.1278771632282204,SI,[2 3 1],17.30000000000001,10,795.1999999999971,0.0,False,0
7,0,0,[2 1 3],781.3999999999978,0.5,0.5,0.16031574114841984,SI,[2 3 1],17.30000000000001,10,795.1999999999971,0.0,False,0
7,0,1,[2 1 3],781.3999999999978,0.5,0.5,0.27342025842317497,SI,[2 3 1],17.30000000000001,10,795.1999999999971,0.0,False,0
7,0,2,[2 1 3],781.3999999999978,0.5,0.5,0.5076917629781783,MI,[3 1 2],60.7,10,795.399999999976,0.0,False,0
7,0,3,[2 1 3],781.3999999999978,0.5,0.5,0.45304707675694833,SI,[3 1 2],60.7,10,795.399999999976,0.0,False,0
7,0,4,[2 1 3],781.3999999999978,0.5,0.5,0.4490755944719781,SI,[2 3 1],17.30000000000001,10,795.1999999999971,0.0,False,0
8,0,0,[2 1 3],781.3999999999978,0.5,0.5,0.4860003869309758,SI,[2 3 1],17.30000000000001,10,795.1999999999971,0.0,False,0
8,0,1,[2 1 3],781.3999999999978,0.5,0.5,0.25908262204157995,SI,[2 3 1],17.30000000000001,10,795.1999999999971,0.0,False,0
8,0,2,[2 1 3],781.3999999999978,0.5,0.5,0.016448753231374513,SI,[2 3 1],17.30000000000001,10,795.1999999999971,0.0,False,0
8,0,3,[2 1 3],781.3999999999978,0.5,0.5,0.21302347546507938,SI,[2 3 1],17.30000000000001,10,795.1999999999971,0.0,False,0
8,0,4,[2 1 3],781.3999999999978,0.5,0.5,0.27427174258520415,SI,[2 3 1],17.30000000000001,10,795.1999999999971,0.0,False,0
9,0,0,[2 1 3],781.3999999999978,0.5,0.5,0.3109529311206326,SI,[3 1 2],60.7,10,795.399999999976,0.0,False,0
9,0,1,[2 1 3],781.3999999999978,0.5,0.5,0.016340966030428117,SI,[2 3 1],17.30000000000001,10,795.1999999999971,0.0,False,0
9,0,2,[2 1 3],781.3999999999978,0.5,0.5,0.28789622736601017,SI,[2 3 1],17.30000000000001,10,795.1999999999971,0.0,False,0
9,0,3,[2 1 3],781.3999999999978,0.5,0.5,0.8944383437619349,MI,[3 1 2],60.7,10,795.399999999976,0.0,False,0
9,0,4,[2 1 3],781.3999999999978,0.5,0.5,0.4943848000578136,SI,[2 3 1],17.30000000000001,10,795.1999999999971,0.0,False,0
10,0,0,[2 1 3],781.3999999999978,0.5,0.5,0.3166493765469731,SI,[2 3 1],17.30000000000001,10,795.1999999999971,0.0,False,0
10,0,1,[2 1 3],781.3999999999978,0.5,0.5,0.729564782933777,MI,[3 1 2],60.7,10,795.399999999976,0.0,False,0
10,0,2,[2 1 3],781.3999999999978,0.5,0.5,0.07249923892033827,SI,[2 3 1],17.30000000000001,10,795.1999999999971,0.0,False,0
10,0,3,[2 1 3],781.3999999999978,0.5,0.5,0.44331553532328327,SI,[2 3 1],17.30000000000001,10,795.1999999999971,0.0,False,0
10,0,4,[2 1 3],781.3999999999978,0.5,0.5,0.5640996867539617,MI,[3 1 2],60.7,10,795.399999999976,0.0,False,0
11,0,0,[2 1 3],781.3999999999978,0.5,0.5,0.3347722194487007,SI,[2 3 1],17.30000000000001,10,795.1999999999971,0.0,False,0
11,0,1,[2 1 3],781.3999999999978,0.5,0.5,0.3861836495073062,SI,[2 3 1],17.30000000000001,10,795.1999999999971,0.0,False,0
11,0,2,[2 1 3],781.3999999999978,0.5,0.5,0.0627348261951961,SI,[2 3 1],17.30000000000001,10,795.1999999999971,0.0,False,0
11,0,3,[2 1 3],781.3999999999978,0.5,0.5,0.43610001972282186,SI,[2 3 1],17.30000000000001,10,795.1999999999971,0.0,False,0
11,0,4,[2 1 3],781.3999999999978,0.5,0.5,0.33576189651393207,SI,[2 3 1],17.30000000000001,10,795.1999999999971,0.0,False,0
12,0,0,[2 1 3],781.3999999999978,0.5,0.5,0.2853888320811607,SI,[2 3 1],17.30000000000001,10,795.1999999999971,0.0,False,0
12,0,1,[2 1 3],781.3999999999978,0.5,0.5,0.4678338369713342,SI,[2 3 1],17.30000000000001,10,795.1999999999971,0.0,False,0
12,0,2,[2 1 3],781.3999999999978,0.5,0.5,0.3713967502695277,SI,[2 3 1],17.30000000000001,10,795.1999999999971,0.0,False,0
12,0,3,[2 1 3],781.3999999999978,0.5,0.5,0.3061495597775179,SI,[2 3 1],17.30000000000001,10,795.1999999999971,0.0,False,0
12,0,4,[2 1 3],781.3999999999978,0.5,0.5,0.8427518324105945,MI,[3 1 2],60.7,10,795.399999999976,0.0,False,0
13,0,0,[2 1 3],781.3999999999978,0.5,0.5,0.30931907967350325,SI,[2 3 1],17.30000000000001,10,795.1999999999971,0.0,False,0
13,0,1,[2 1 3],781.3999999999978,0.5,0.5,0.012351278287016543,SI,[2 3 1],17.30000000000001,10,795.1999999999971,0.0,False,0
13,0,2,[2 1 3],781.3999999999978,0.5,0.5,0.43036430494874744,SI,[2 3 1],17.30000000000001,10,795.1999999999971,0.0,False,0
13,0,3,[2 1 3],781.3999999999978,0.5,0.5,0.09450705803440296,SI,[2 3 1],17.30000000000001,10,795.1999999999971,0.0,False,0
13,0,4,[2 1 3],781.3999999999978,0.5,0.5,0.28208035261649933,SI,[2 3 1],17.30000000000001,10,795.1999999999971,0.0,False,0
14,0,0,[2 1 3],781.3999999999978,0.5,0.5,0.001446843351889493,SI,[2 3 1],17.30000000000001,10,795.1999999999971,0.0,False,0
14,0,1,[2 1 3],781.3999999999978,0.5,0.5,0.2573595963235281,SI,[2 3 1],17.30000000000001,10,795.1999999999971,0.0,False,0
14,0,2,[2 1 3],781.3999999999978,0.5,0.5,0.8138881754410267,MI,[3 1 2],60.7,10,795.399999999976,0.0,False,0
14,0,3,[2 1 3],781.3999999999978,0.5,0.5,0.6804152248926199,MI,[3 1 2],60.7,10,795.399999999976,0.0,False,0
14,0,4,[2 1 3],781.3999999999978,0.5,0.5,0.23964490374128777,SI,[2 3 1],17.30000000000001,10,795.1999999999971,0.0,False,0
15,0,0,[2 1 3],781.3999999999978,0.5,0.5,0.4512433958706612,SI,[2 3 1],17.30000000000001,10,795.1999999999971,0.0,False,0
15,0,1,[2 1 3],781.3999999999978,0.5,0.5,0.008191193664421781,SI,[2 3 1],17.30000000000001,10,795.1999999999971,0.0,False,0
15,0,2,[2 1 3],781.3999999999978,0.5,0.5,0.48101808953997016,SI,[2 3 1],17.30000000000001,10,795.1999999999971,0.0,False,0
15,0,3,[2 1 3],781.3999999999978,0.5,0.5,0.17466442367907453,SI,[2 3 1],17.30000000000001,10,795.1999999999971,0.0,False,0
15,0,4,[2 1 3],781.3999999999978,0.5,0.5,0.05090206894052818,SI,[2 3 1],17.30000000000001,10,795.1999999999971,0.0,False,0
16,0,0,[2 1 3],781.3999999999978,0.5,0.5,0.48230868615368605,SI,[2 3 1],17.30000000000001,10,795.1999999999971,0.0,False,0
16,0,1,[2 1 3],781.3999999999978,0.5,0.5,0.060839187594823874,SI,[2 3 1],17.30000000000001,10,795.1999999999971,0.0,False,0
16,0,2,[2 1 3],781.3999999999978,0.5,0.5,0.10428671754079288,SI,[2 3 1],17.30000000000001,10,795.1999999999971,0.0,False,0
16,0,3,[2 1 3],781.3999999999978,0.5,0.5,0.38254825751592414,SI,[2 3 1],17.30000000000001,10,795.1999999999971,0.0,False,0
16,0,4,[2 1 3],781.3999999999978,0.5,0.5,0.07061441532731205,SI,[2 3 1],17.30000000000001,10,795.1999999999971,0.0,False,0
17,0,0,[2 1 3],781.3999999999978,0.5,0.5,0.7030869047715557,MI,[3 1 2],60.7,10,795.399999999976,0.0,False,0
17,0,1,[2 1 3],781.3999999999978,0.5,0.5,0.47419516295232766,SI,[2 3 1],17.30000000000001,10,795.1999999999971,0.0,False,0
17,0,2,[2 1 3],781.3999999999978,0.5,0.5,0.10736771281837632,SI,[2 3 1],17.30000000000001,10,795.1999999999971,0.0,False,0
17,0,3,[2 1 3],781.3999999999978,0.5,0.5,0.4238106475905612,SI,[3 1 2],60.7,10,795.399999999976,0.0,False,0
17,0,4,[2 1 3],781.3999999999978,0.5,0.5,0.29904173854006777,SI,[2 3 1],17.30000000000001,10,795.1999999999971,0.0,False,0
18,0,0,[2 1 3],781.3999999999978,0.5,0.5,0.03093972410571655,SI,[2 3 1],17.30000000000001,10,795.1999999999971,0.0,False,0
18,0,1,[2 1 3],781.3999999999978,0.5,0.5,0.10703558887121922,SI,[2 3 1],17.30000000000001,10,795.1999999999971,0.0,False,0
18,0,2,[2 1 3],781.3999999999978,0.5,0.5,0.14401281683448652,SI,[2 3 1],17.30000000000001,10,795.1999999999971,0.0,False,0
18,0,3,[2 1 3],781.3999999999978,0.5,0.5,0.1100846891269599,SI,[2 3 1],17.30000000000001,10,795.1999999999971,0.0,False,0
18,0,4,[2 1 3],781.3999999999978,0.5,0.5,0.020865037787455853,SI,[2 3 1],17.30000000000001,10,795.1999999999971,0.0,False,0
19,0,0,[2 1 3],781.3999999999978,0.5,0.5,0.45697263619124573,SI,[2 3 1],17.30000000000001,10,795.1999999999971,0.0,False,0
19,0,1,[2 1 3],781.3999999999978,0.5,0.5,0.11749591676859072,SI,[2 3 1],17.30000000000001,10,795.1999999999971,0.0,False,0
19,0,2,[2 1 3],781.3999999999978,0.5,0.5,0.26274571943946035,SI,[3 1 2],60.7,10,795.399999999976,0.0,False,0
19,0,3,[2 1 3],781.3999999999978,0.5,0.5,0.15656742454356987,SI,[2 3 1],17.30000000000001,10,795.1999999999971,0.0,False,0
19,0,4,[2 1 3],781.3999999999978,0.5,0.5,0.27300580722710865,SI,[2 3 1],17.30000000000001,10,795.1999999999971,0.0,False,0
20,0,0,[2 1 3],781.3999999999978,0.5,0.5,0.09133932929864985,SI,[2 3 1],17.30000000000001,10,795.1999999999971,0.0,False,0
20,0,1,[2 1 3],781.3999999999978,0.5,0.5,0.31730248684963447,SI,[2 3 1],17.30000000000001,10,795.1999999999971,0.0,False,0
20,0,2,[2 1 3],781.3999999999978,0.5,0.5,0.983243888066805,MI,[3 1 2],60.7,10,795.399999999976,0.0,False,0
20,0,3,[2 1 3],781.3999999999978,0.5,0.5,0.32083555401374275,SI,[2 3 1],17.30000000000001,10,795.1999999999971,0.0,False,0
20,0,4,[2 1 3],781.3999999999978,0.5,0.5,0.8151115679607689,MI,[3 1 2],60.7,10,795.399999999976,0.0,False,0
21,0,0,[2 1 3],781.3999999999978,0.5,0.5,0.16221410450861906,SI,[2 3 1],17.30000000000001,10,795.1999999999971,0.0,False,0
21,0,1,[2 1 3],781.3999999999978,0.5,0.5,0.1884671494232958,SI,[2 3 1],17.30000000000001,10,795.1999999999971,0.0,False,0
21,0,2,[2 1 3],781.3999999999978,0.5,0.5,0.4349181286231124,SI,[2 3 1],17.30000000000001,10,795.1999999999971,0.0,False,0
21,0,3,[2 1 3],781.3999999999978,0.5,0.5,0.16790234988927322,SI,[2 3 1],17.30000000000001,10,795.1999999999971,0.0,False,0
21,0,4,[2 1 3],781.3999999999978,0.5,0.5,0.2443895823180514,SI,[2 3 1],17.30000000000001,10,795.1999999999971,0.0,False,0
22,0,0,[2 1 3],781.3999999999978,0.5,0.5,0.1917923939597268,SI,[2 3 1],17.30000000000001,10,795.1999999999971,0.0,False,0
22,0,1,[2 1 3],781.3999999999978,0.5,0.5,0.05909896850300689,SI,[2 3 1],17.30000000000001,10,795.1999999999971,0.0,False,0
22,0,2,[2 1 3],781.3999999999978,0.5,0.5,0.45404214762966066,SI,[2 3 1],17.30000000000001,10,795.1999999999971,0.0,False,0
22,0,3,[2 1 3],781.3999999999978,0.5,0.5,0.5805907371940833,MI,[3 1 2],60.7,10,795.399999999976,0.0,False,0
22,0,4,[2 1 3],781.3999999999978,0.5,0.5,0.06005288927205743,SI,[2 3 1],17.30000000000001,10,795.1999999999971,0.0,False,0
23,0,0,[2 1 3],781.3999999999978,0.5,0.5,0.16538821739480436,SI,[2 3 1],17.30000000000001,10,795.1999999999971,0.0,False,0
23,0,1,[2 1 3],781.3999999999978,0.5,0.5,0.3491384407854876,SI,[2 3 1],17.30000000000001,10,795.1999999999971,0.0,False,0
23,0,2,[2 1 3],781.3999999999978,0.5,0.5,0.2973818424342919,SI,[3 1 2],60.7,10,795.399999999976,0.0,False,0
23,0,3,[2 1 3],781.3999999999978,0.5,0.5,0.16649480025757535,SI,[2 3 1],17.30000000000001,10,795.1999999999971,0.0,False,0
23,0,4,[2 1 3],781.3999999999978,0.5,0.5,0.0661908258428795,SI,[2 3 1],17.30000000000001,10,795.1999999999971,0.0,False,0
24,0,0,[2 1 3],781.3999999999978,0.5,0.5,0.3205350582026132,SI,[2 3 1],17.30000000000001,10,795.1999999999971,0.0,False,0
24,0,1,[2 1 3],781.3999999999978,0.5,0.5,0.14629567066295335,SI,[2 3 1],17.30000000000001,10,795.1999999999971,0.0,False,0
24,0,2,[2 1 3],781.3999999999978,0.5,0.5,0.25629944672062444,SI,[2 3 1],17.30000000000001,10,795.1999999999971,0.0,False,0
24,0,3,[2 1 3],781.3999999999978,0.5,0.5,0.13628053098984383,SI,[2 3 1],17.30000000000001,10,795.1999999999971,0.0,False,0
24,0,4,[2 1 3],781.3999999999978,0.5,0.5,0.33742637182545154,SI,[2 3 1],17.30000000000001,10,795.1999999999971,0.0,False,0
25,0,0,[2 1 3],781.3999999999978,0.5,0.5,0.2678640746847947,SI,[2 3 1],17.30000000000001,10,795.1999999999971,0.0,False,0
25,0,1,[2 1 3],781.3999999999978,0.5,0.5,0.0746371009128709,SI,[2 3 1],17.30000000000001,10,795.1999999999971,0.0,False,0
25,0,2,[2 1 3],781.3999999999978,0.5,0.5,0.16019729497820634,SI,[2 3 1],17.30000000000001,10,795.1999999999971,0.0,False,0
25,0,3,[2 1 3],781.3999999999978,0.5,0.5,0.23063430371891558,SI,[2 3 1],17.30000000000001,10,795.1999999999971,0.0,False,0
25,0,4,[2 1 3],781.3999999999978,0.5,0.5,0.02872410726657515,SI,[2 3 1],17.30000000000001,10,795.1999999999971,0.0,False,0
26,0,0,[2 1 3],781.3999999999978,0.5,0.5,0.042716976172191945,SI,[2 3 1],17.30000000000001,10,795.1999999999971,0.0,False,0
26,0,1,[2 1 3],781.3999999999978,0.5,0.5,0.01740404003833529,SI,[2 3 1],17.30000000000001,10,795.1999999999971,0.0,False,0
26,0,2,[2 1 3],781.3999999999978,0.5,0.5,0.35121557077119114,SI,[2 3 1],17.30000000000001,10,795.1999999999971,0.0,False,0
26,0,3,[2 1 3],781.3999999999978,0.5,0.5,0.12083611859027443,SI,[2 3 1],17.30000000000001,10,795.1999999999971,0.0,False,0
26,0,4,[2 1 3],781.3999999999978,0.5,0.5,0.125136095149173,SI,[2 3 1],17.30000000000001,10,795.1999999999971,0.0,False,0
27,0,0,[2 1 3],781.3999999999978,0.5,0.5,0.001511099675997385,SI,[2 3 1],17.30000000000001,10,795.1999999999971,0.0,False,0
27,0,1,[2 1 3],781.3999999999978,0.5,0.5,0.3752981446152498,SI,[2 3 1],17.30000000000001,10,795.1999999999971,0.0,False,0
27,0,2,[2 1 3],781.3999999999978,0.5,0.5,0.5114949705028182,MI,[3 1 2],60.7,10,795.399999999976,0.0,False,0
27,0,3,[2 1 3],781.3999999999978,0.5,0.5,0.7370686009490253,MI,[3 1 2],60.7,10,795.399999999976,0.0,False,0
27,0,4,[2 1 3],781.3999999999978,0.5,0.5,0.025133112608780594,SI,[2 3 1],17.30000000000001,10,795.1999999999971,0.0,False,0
28,0,0,[2 1 3],781.3999999999978,0.5,0.5,0.0033211068503237184,SI,[2 3 1],17.30000000000001,10,795.1999999999971,0.0,False,0
28,0,1,[2 1 3],781.3999999999978,0.5,0.5,0.1680865026213556,SI,[2 3 1],17.30000000000001,10,795.1999999999971,0.0,False,0
28,0,2,[2 1 3],781.3999999999978,0.5,0.5,0.10879843940410305,SI,[2 3 1],17.30000000000001,10,795.1999999999971,0.0,False,0
28,0,3,[2 1 3],781.3999999999978,0.5,0.5,0.29272539748930504,SI,[2 3 1],17.30000000000001,10,795.1999999999971,0.0,False,0
28,0,4,[2 1 3],781.3999999999978,0.5,0.5,0.12131957014745132,SI,[2 3 1],17.30000000000001,10,795.1999999999971,0.0,False,0
29,0,0,[2 1 3],781.3999999999978,0.5,0.5,0.375614368492742,SI,[3 1 2],60.7,10,795.399999999976,0.0,False,0
29,0,1,[2 1 3],781.3999999999978,0.5,0.5,0.257350544791219,SI,[2 3 1],17.30000000000001,10,795.1999999999971,0.0,False,0
29,0,2,[2 1 3],781.3999999999978,0.5,0.5,0.30648883292979834,SI,[2 3 1],17.30000000000001,10,795.1999999999971,0.0,False,0
29,0,3,[2 1 3],781.3999999999978,0.5,0.5,0.16230554726285773,SI,[2 3 1],17.30000000000001,10,795.1999999999971,0.0,False,0
29,0,4,[2 1 3],781.3999999999978,0.5,0.5,0.2100553860840324,SI,[2 3 1],17.30000000000001,10,795.1999999999971,0.0,False,0
30,0,0,[2 1 3],781.3999999999978,0.5,0.5,0.1370386258232913,SI,[2 3 1],17.30000000000001,10,795.1999999999971,0.0,False,0
30,0,1,[2 1 3],781.3999999999978,0.5,0.5,0.36856701976590833,SI,[2 3 1],17.30000000000001,10,795.1999999999971,0.0,False,0
30,0,2,[2 1 3],781.3999999999978,0.5,0.5,0.10450074804693366,SI,[2 3 1],17.30000000000001,10,795.1999999999971,0.0,False,0
30,0,3,[2 1 3],781.3999999999978,0.5,0.5,0.23595533857455464,SI,[2 3 1],17.30000000000001,10,795.1999999999971,0.0,False,0
30,0,4,[2 1 3],781.3999999999978,0.5,0.5,0.1618645066568678,SI,[2 3 1],17.30000000000001,10,795.1999999999971,0.0,False,0
31,0,0,[2 1 3],781.3999999999978,0.5,0.5,0.3479276964901725,SI,[2 3 1],17.30000000000001,10,795.1999999999971,0.0,False,0
31,0,1,[2 1 3],781.3999999999978,0.5,0.5,0.1086876124132925,SI,[2 3 1],17.30000000000001,10,795.1999999999971,0.0,False,0
31,0,2,[2 1 3],781.3999999999978,0.5,0.5,0.8061486726641862,MI,[3 1 2],60.7,10,795.399999999976,0.0,False,0
31,0,3,[2 1 3],781.3999999999978,0.5,0.5,0.49570046919900035,SI,[2 3 1],17.30000000000001,10,795.1999999999971,0.0,False,0
31,0,4,[2 1 3],781.3999999999978,0.5,0.5,0.16039588027522356,SI,[2 3 1],17.30000000000001,10,795.1999999999971,0.0,False,0
32,0,0,[2 1 3],781.3999999999978,0.5,0.5,0.503982809539691,MI,[3 1 2],60.7,10,795.399999999976,0.0,False,0
32,0,1,[2 1 3],781.3999999999978,0.5,0.5,0.21060221027655168,SI,[2 3 1],17.30000000000001,10,795.1999999999971,0.0,False,0
32,0,2,[2 1 3],781.3999999999978,0.5,0.5,0.2292814722242481,SI,[2 3 1],17.30000000000001,10,795.1999999999971,0.0,False,0
32,0,3,[2 1 3],781.3999999999978,0.5,0.5,0.0058479250301192165,SI,[2 3 1],17.30000000000001,10,795.1999999999971,0.0,False,0
32,0,4,[2 1 3],781.3999999999978,0.5,0.5,0.24445973057686965,SI,[2 3 1],17.30000000000001,10,795.1999999999971,0.0,False,0
33,0,0,[2 1 3],781.3999999999978,0.5,0.5,0.03423035778660655,SI,[2 3 1],17.30000000000001,10,795.1999999999971,0.0,False,0
33,0,1,[2 1 3],781.3999999999978,0.5,0.5,0.24455929591478898,SI,[3 1 2],60.7,10,795.399999999976,0.0,False,0
33,0,2,[2 1 3],781.3999999999978,0.5,0.5,0.022362015993479645,SI,[2 3 1],17.30000000000001,10,795.1999999999971,0.0,False,0
33,0,3,[2 1 3],781.3999999999978,0.5,0.5,0.37944921839468515,SI,[2 3 1],17.30000000000001,10,795.1999999999971,0.0,False,0
33,0,4,[2 1 3],781.3999999999978,0.5,0.5,0.1313314484698821,SI,[2 3 1],17.30000000000001,10,795.1999999999971,0.0,False,0
34,0,0,[2 1 3],781.3999999999978,0.5,0.5,0.35875426199667915,SI,[3 1 2],60.7,10,795.399999999976,0.0,False,0
34,0,1,[2 1 3],781.3999999999978,0.5,0.5,0.4514530832436656,SI,[2 3 1],17.30000000000001,10,795.1999999999971,0.0,False,0
34,0,2,[2 1 3],781.3999999999978,0.5,0.5,0.4225651886229077,SI,[2 3 1],17.30000000000001,10,795.1999999999971,0.0,False,0
34,0,3,[2 1 3],781.3999999999978,0.5,0.5,0.4202960727565671,SI,[2 3 1],17.30000000000001,10,795.1999999999971,0.0,False,0
34,0,4,[2 1 3],781.3999999999978,0.5,0.5,0.1808515939159162,SI,[2 3 1],17.30000000000001,10,795.1999999999971,0.0,False,0
35,0,0,[2 1 3],781.3999999999978,0.5,0.5,0.41742073251203815,SI,[3 1 2],60.7,10,795.399999999976,0.0,False,0
35,0,1,[2 1 3],781.3999999999978,0.5,0.5,0.25924866875927743,SI,[2 3 1],17.30000000000001,10,795.1999999999971,0.0,False,0
35,0,2,[2 1 3],781.3999999999978,0.5,0.5,0.47301824325232944,SI,[2 3 1],17.30000000000001,10,795.1999999999971,0.0,False,0
35,0,3,[2 1 3],781.3999999999978,0.5,0.5,0.5280848017094769,MI,[3 1 2],60.7,10,795.399999999976,0.0,False,0
35,0,4,[2 1 3],781.3999999999978,0.5,0.5,0.33856907343687503,SI,[2 3 1],17.30000000000001,10,795.1999999999971,0.0,False,0
36,0,0,[2 1 3],781.3999999999978,0.5,0.5,0.4800061799072801,SI,[2 3 1],17.30000000000001,10,795.1999999999971,0.0,False,0
36,0,1,[2 1 3],781.3999999999978,0.5,0.5,0.020524306804442283,SI,[2 3 1],17.30000000000001,10,795.1999999999971,0.0,False,0
36,0,2,[2 1 3],781.3999999999978,0.5,0.5,0.1356803832328658,SI,[2 3 1],17.30000000000001,10,795.1999999999971,0.0,False,0
36,0,3,[2 1 3],781.3999999999978,0.5,0.5,0.4281037914890147,SI,[2 3 1],17.30000000000001,10,795.1999999999971,0.0,False,0
36,0,4,[2 1 3],781.3999999999978,0.5,0.5,0.0892561702917174,SI,[2 3 1],17.30000000000001,10,795.1999999999971,0.0,False,0
37,0,0,[2 1 3],781.3999999999978,0.5,0.5,0.2736459020612838,SI,[2 3 1],17.30000000000001,10,795.1999999999971,0.0,False,0
37,0,1,[2 1 3],781.3999999999978,0.5,0.5,0.11031008738824588,SI,[2 3 1],17.30000000000001,10,795.1999999999971,0.0,False,0
37,0,2,[2 1 3],781.3999999999978,0.5,0.5,0.36139721172982076,SI,[2 3 1],17.30000000000001,10,795.1999999999971,0.0,False,0
37,0,3,[2 1 3],781.3999999999978,0.5,0.5,0.1254241546858157,SI,[2 3 1],17.30000000000001,10,795.1999999999971,0.0,False,0
37,0,4,[2 1 3],781.3999999999978,0.5,0.5,0.0705279070970889,SI,[2 3 1],17.30000000000001,10,795.1999999999971,0.0,False,0
38,0,0,[2 1 3],781.3999999999978,0.5,0.5,0.1715408356040059,SI,[3 1 2],60.7,10,795.399999999976,0.0,False,0
38,0,1,[2 1 3],781.3999999999978,0.5,0.5,0.4163948135615645,SI,[2 3 1],17.30000000000001,10,795.1999999999971,0.0,False,0
38,0,2,[2 1 3],781.3999999999978,0.5,0.5,0.028631122016422816,SI,[2 3 1],17.30000000000001,10,795.1999999999971,0.0,False,0
38,0,3,[2 1 3],781.3999999999978,0.5,0.5,0.92126767343279,MI,[3 1 2],60.7,10,795.399999999976,0.0,False,0
38,0,4,[2 1 3],781.3999999999978,0.5,0.5,0.2622349877631981,SI,[2 3 1],17.30000000000001,10,795.1999999999971,0.0,False,0
39,0,0,[2 1 3],781.3999999999978,0.5,0.5,0.3789890791574091,SI,[3 1 2],60.7,10,795.399999999976,0.0,False,0
39,0,1,[2 1 3],781.3999999999978,0.5,0.5,0.013728287536661776,SI,[3 1 2],60.7,10,795.399999999976,0.0,False,0
39,0,2,[2 1 3],781.3999999999978,0.5,0.5,0.2555997917327244,SI,[2 3 1],17.30000000000001,10,795.1999999999971,0.0,False,0
39,0,3,[2 1 3],781.3999999999978,0.5,0.5,0.43889372380113556,SI,[2 3 1],17.30000000000001,10,795.1999999999971,0.0,False,0
39,0,4,[2 1 3],781.3999999999978,0.5,0.5,0.15510314375318113,SI,[2 3 1],17.30000000000001,10,795.1999999999971,0.0,False,0
40,0,0,[2 1 3],781.3999999999978,0.5,0.5,0.5294634490682281,MI,[3 1 2],60.7,10,795.399999999976,0.0,False,0
40,0,1,[2 1 3],781.3999999999978,0.5,0.5,0.07576892004919411,SI,[2 3 1],17.30000000000001,10,795.1999999999971,0.0,False,0
40,0,2,[2 1 3],781.3999999999978,0.5,0.5,0.409164745086843,SI,[2 3 1],17.30000000000001,10,795.1999999999971,0.0,False,0
40,0,3,[2 1 3],781.3999999999978,0.5,0.5,0.018044234371467738,SI,[2 3 1],17.30000000000001,10,795.1999999999971,0.0,False,0
40,0,4,[2 1 3],781.3999999999978,0.5,0.5,0.4375663077251367,SI,[2 3 1],17.30000000000001,10,795.1999999999971,0.0,False,0
41,0,0,[2 1 3],781.3999999999978,0.5,0.5,0.4081548525551646,SI,[2 3 1],17.30000000000001,10,795.1999999999971,0.0,False,0
41,0,1,[2 1 3],781.3999999999978,0.5,0.5,0.11339859592653667,SI,[2 3 1],17.30000000000001,10,795.1999999999971,0.0,False,0
41,0,2,[2 1 3],781.3999999999978,0.5,0.5,0.43719687826616827,SI,[2 3 1],17.30000000000001,10,795.1999999999971,0.0,False,0
41,0,3,[2 1 3],781.3999999999978,0.5,0.5,0.581424402652201,MI,[3 1 2],60.7,10,795.399999999976,0.0,False,0
41,0,4,[2 1 3],781.3999999999978,0.5,0.5,0.5463498915250095,MI,[3 1 2],60.7,10,795.399999999976,0.0,False,0
42,0,0,[2 1 3],781.3999999999978,0.5,0.5,0.0029455256881345537,SI,[2 3 1],17.30000000000001,10,795.1999999999971,0.0,False,0
42,0,1,[2 1 3],781.3999999999978,0.5,0.5,0.27720042215864915,SI,[2 3 1],17.30000000000001,10,795.1999999999971,0.0,False,0
42,0,2,[2 1 3],781.3999999999978,0.5,0.5,0.10794507152549859,SI,[2 3 1],17.30000000000001,10,795.1999999999971,0.0,False,0
42,0,3,[2 1 3],781.3999999999978,0.5,0.5,0.3238683622060565,SI,[2 3 1],17.30000000000001,10,795.1999999999971,0.0,False,0
42,0,4,[2 1 3],781.3999999999978,0.5,0.5,0.3229772692558879,SI,[2 3 1],17.30000000000001,10,795.1999999999971,0.0,False,0
43,0,0,[2 1 3],781.3999999999978,0.5,0.5,0.43406318416016565,SI,[2 3 1],17.30000000000001,10,795.1999999999971,0.0,False,0
43,0,1,[2 1 3],781.3999999999978,0.5,0.5,0.7359416449224517,MI,[3 1 2],60.7,10,795.399999999976,0.0,False,0
43,0,2,[2 1 3],781.3999999999978,0.5,0.5,0.2830964860344033,SI,[2 3 1],17.30000000000001,10,795.1999999999971,0.0,False,0
43,0,3,[2 1 3],781.3999999999978,0.5,0.5,0.21719772383173952,SI,[2 3 1],17.30000000000001,10,795.1999999999971,0.0,False,0
43,0,4,[2 1 3],781.3999999999978,0.5,0.5,0.13229447481674217,SI,[2 3 1],17.30000000000001,10,795.1999999999971,0.0,False,0
44,0,0,[2 1 3],781.3999999999978,0.5,0.5,0.36955898034137746,SI,[2 3 1],17.30000000000001,10,795.1999999999971,0.0,False,0
44,0,1,[2 1 3],781.3999999999978,0.5,0.5,0.2790759944305531,SI,[2 3 1],17.30000000000001,10,795.1999999999971,0.0,False,0
44,0,2,[2 1 3],781.3999999999978,0.5,0.5,0.1765103374898177,SI,[2 3 1],17.30000000000001,10,795.1999999999971,0.0,False,0
44,0,3,[2 1 3],781.3999999999978,0.5,0.5,0.4136499577954086,SI,[2 3 1],17.30000000000001,10,795.1999999999971,0.0,False,0
44,0,4,[2 1 3],781.3999999999978,0.5,0.5,0.22218939274054517,SI,[2 3 1],17.30000000000001,10,795.1999999999971,0.0,False,0
45,0,0,[2 1 3],781.3999999999978,0.5,0.5,0.42737938156283906,SI,[2 3 1],17.30000000000001,10,795.1999999999971,0.0,False,0
45,0,1,[2 1 3],781.3999999999978,0.5,0.5,0.36398567360133216,SI,[2 3 1],17.30000000000001,10,795.1999999999971,0.0,False,0
45,0,2,[2 1 3],781.3999999999978,0.5,0.5,0.7658615250577874,MI,[3 1 2],60.7,10,795.399999999976,0.0,False,0
45,0,3,[2 1 3],781.3999999999978,0.5,0.5,0.48098416653444076,SI,[2 3 1],17.30000000000001,10,795.1999999999971,0.0,False,0
45,0,4,[2 1 3],781.3999999999978,0.5,0.5,0.25337646116050494,SI,[2 3 1],17.30000000000001,10,795.1999999999971,0.0,False,0
46,0,0,[2 1 3],781.3999999999978,0.5,0.5,0.3037996470763279,SI,[2 3 1],17.30000000000001,10,795.1999999999971,0.0,False,0
46,0,1,[2 1 3],781.3999999999978,0.5,0.5,0.48059171188074334,SI,[2 3 1],17.30000000000001,10,795.1999999999971,0.0,False,0
46,0,2,[2 1 3],781.3999999999978,0.5,0.5,0.33189360630357423,SI,[2 3 1],17.30000000000001,10,795.1999999999971,0.0,False,0
46,0,3,[2 1 3],781.3999999999978,0.5,0.5,0.054723134871322854,SI,[2 3 1],17.30000000000001,10,795.1999999999971,0.0,False,0
46,0,4,[2 1 3],781.3999999999978,0.5,0.5,0.052894620298320594,SI,[2 3 1],17.30000000000001,10,795.1999999999971,0.0,False,0
47,0,0,[2 1 3],781.3999999999978,0.5,0.5,0.10949889057435247,SI,[2 3 1],17.30000000000001,10,795.1999999999971,0.0,False,0
47,0,1,[2 1 3],781.3999999999978,0.5,0.5,0.14065582472157157,SI,[2 3 1],17.30000000000001,10,795.1999999999971,0.0,False,0
47,0,2,[2 1 3],781.3999999999978,0.5,0.5,0.00011425193750191909,SI,[2 3 1],17.30000000000001,10,795.1999999999971,0.0,False,0
47,0,3,[2 1 3],781.3999999999978,0.5,0.5,0.42598486200078145,SI,[2 3 1],17.30000000000001,10,795.1999999999971,0.0,False,0
47,0,4,[2 1 3],781.3999999999978,0.5,0.5,0.11305827900965393,SI,[2 3 1],17.30000000000001,10,795.1999999999971,0.0,False,0
48,0,0,[2 1 3],781.3999999999978,0.5,0.5,0.8838717706487765,MI,[3 1 2],60.7,10,795.399999999976,0.0,False,0
48,0,1,[2 1 3],781.3999999999978,0.5,0.5,0.20653270593824913,SI,[2 3 1],17.30000000000001,10,795.1999999999971,0.0,False,0
48,0,2,[2 1 3],781.3999999999978,0.5,0.5,0.4942786551440723,SI,[2 3 1],17.30000000000001,10,795.1999999999971,0.0,False,0
48,0,3,[2 1 3],781.3999999999978,0.5,0.5,0.2777496724364945,SI,[2 3 1],17.30000000000001,10,795.1999999999971,0.0,False,0
48,0,4,[2 1 3],781.3999999999978,0.5,0.5,0.13015465827398853,SI,[2 3 1],17.30000000000001,10,795.1999999999971,0.0,False,0
49,0,0,[2 1 3],781.3999999999978,0.5,0.5,0.10540092473821683,SI,[2 3 1],17.30000000000001,10,795.1999999999971,0.0,False,0
49,0,1,[2 1 3],781.3999999999978,0.5,0.5,0.5018966297040949,MI,[3 1 2],60.7,10,795.399999999976,0.0,False,0
49,0,2,[2 1 3],781.3999999999978,0.5,0.5,0.29448575377160635,SI,[2 3 1],17.30000000000001,10,795.1999999999971,0.0,False,0
49,0,3,[2 1 3],781.3999999999978,0.5,0.5,0.064308910737776,SI,[2 3 1],17.30000000000001,10,795.1999999999971,0.0,False,0
49,0,4,[2 1 3],781.3999999999978,0.5,0.5,0.12736084792005575,SI,[2 3 1],17.30000000000001,10,795.1999999999971,0.0,False,0
50,0,0,[2 1 3],781.3999999999978,0.5,0.5,0.1791118639061411,SI,[2 3 1],17.30000000000001,10,795.1999999999971,0.0,False,0
50,0,1,[2 1 3],781.3999999999978,0.5,0.5,0.3918165353322276,SI,[2 3 1],17.30000000000001,10,795.1999999999971,0.0,False,0
50,0,2,[2 1 3],781.3999999999978,0.5,0.5,0.3205738999090082,SI,[2 3 1],17.30000000000001,10,795.1999999999971,0.0,False,0
50,0,3,[2 1 3],781.3999999999978,0.5,0.5,0.37727342169979605,SI,[2 3 1],17.30000000000001,10,795.1999999999971,0.0,False,0
50,0,4,[2 1 3],781.3999999999978,0.5,0.5,0.18211367760126052,SI,[2 3 1],17.30000000000001,10,795.1999999999971,0.0,False,0
0,1,0,[1 2],576.7999999999993,0.5,0.5,0.22251881753851666,SI,[2 1],-26.80000000000001,10,636.8999999999905,0.0,False,1
0,1,1,[1 2],576.7999999999993,0.5,0.5,0.19303991179431668,SI,[2 1],-26.80000000000001,10,636.8999999999905,0.0,False,1
0,1,2,[1 2],576.7999999999993,0.5,0.5,0.27874123264350714,SI,[2 1],-26.80000000000001,10,636.8999999999905,0.0,False,1
0,1,3,[1 2],576.7999999999993,0.5,0.5,0.42036003333444283,SI,[2 1],-26.80000000000001,10,636.8999999999905,0.0,False,1
0,1,4,[1 2],576.7999999999993,0.5,0.5,0.23538251740673777,SI,[2 1],-26.80000000000001,10,636.8999999999905,0.0,False,1
1,0,0,[1 2],576.7999999999993,0.5,0.5,0.18605965597455465,SI,[2 1],-26.80000000000001,10,636.8999999999905,0.0,False,1
1,0,1,[1 2],576.7999999999993,0.5,0.5,0.2519680302567361,SI,[2 1],-26.80000000000001,10,636.8999999999905,0.0,False,1
1,0,2,[1 2],576.7999999999993,0.5,0.5,0.4568411022095984,SI,[2 1],-26.80000000000001,10,636.8999999999905,0.0,False,1
1,0,3,[1 2],576.7999999999993,0.5,0.5,0.11769846069210466,SI,[2 1],-26.80000000000001,10,636.8999999999905,0.0,False,1
1,0,4,[1 2],576.7999999999993,0.5,0.5,0.29603828605868143,SI,[2 1],-26.80000000000001,10,636.8999999999905,0.0,False,1
2,0,0,[1 2],576.7999999999993,0.5,0.5,0.2362333124789454,SI,[2 1],-26.80000000000001,10,636.8999999999905,0.0,False,1
2,0,1,[1 2],576.7999999999993,0.5,0.5,0.25172785201375714,SI,[2 1],-26.80000000000001,10,636.8999999999905,0.0,False,1
2,0,2,[1 2],576.7999999999993,0.5,0.5,0.008136743444413064,SI,[2 1],-26.80000000000001,10,636.8999999999905,0.0,False,1
2,0,3,[1 2],576.7999999999993,0.5,0.5,0.4812519972505178,SI,[2 1],-26.80000000000001,10,636.8999999999905,0.0,False,1
2,0,4,[1 2],576.7999999999993,0.5,0.5,0.06460727686654244,SI,[2 1],-26.80000000000001,10,636.8999999999905,0.0,False,1
3,0,0,[1 2],576.7999999999993,0.5,0.5,0.22200714263357724,SI,[2 1],-26.80000000000001,10,636.8999999999905,0.0,False,1
3,0,1,[1 2],576.7999999999993,0.5,0.5,0.30652895931955015,SI,[2 1],-26.80000000000001,10,636.8999999999905,0.0,False,1
3,0,2,[1 2],576.7999999999993,0.5,0.5,0.2654538606071901,SI,[2 1],-26.80000000000001,10,636.8999999999905,0.0,False,1
3,0,3,[1 2],576.7999999999993,0.5,0.5,0.4547931342408098,SI,[2 1],-26.80000000000001,10,636.8999999999905,0.0,False,1
3,0,4,[1 2],576.7999999999993,0.5,0.5,0.2981666893961,SI,[2 1],-26.80000000000001,10,636.8999999999905,0.0,False,1
4,0,0,[1 2],576.7999999999993,0.5,0.5,0.1653373298577263,SI,[2 1],-26.80000000000001,10,636.8999999999905,0.0,False,1
4,0,1,[1 2],576.7999999999993,0.5,0.5,0.0052689537963666044,SI,[2 1],-26.80000000000001,10,636.8999999999905,0.0,False,1
4,0,2,[1 2],576.7999999999993,0.5,0.5,0.012107322826128697,SI,[2 1],-26.80000000000001,10,636.8999999999905,0.0,False,1
4,0,3,[1 2],576.7999999999993,0.5,0.5,0.2404744764822736,SI,[2 1],-26.80000000000001,10,636.8999999999905,0.0,False,1
4,0,4,[1 2],576.7999999999993,0.5,0.5,0.3527209299246201,SI,[2 1],-26.80000000000001,10,636.8999999999905,0.0,False,1
5,0,0,[1 2],576.7999999999993,0.5,0.5,0.4779771772132081,SI,[2 1],-26.80000000000001,10,636.8999999999905,0.0,False,1
5,0,1,[1 2],576.7999999999993,0.5,0.5,0.34194709571455084,SI,[2 1],-26.80000000000001,10,636.8999999999905,0.0,False,1
5,0,2,[1 2],576.7999999999993,0.5,0.5,0.4667444530662245,SI,[2 1],-26.80000000000001,10,636.8999999999905,0.0,False,1
5,0,3,[1 2],576.7999999999993,0.5,0.5,0.42464936821592214,SI,[2 1],-26.80000000000001,10,636.8999999999905,0.0,False,1
5,0,4,[1 2],576.7999999999993,0.5,0.5,0.09232414809592648,SI,[2 1],-26.80000000000001,10,636.8999999999905,0.0,False,1
6,0,0,[1 2],576.7999999999993,0.5,0.5,0.10998842233594763,SI,[2 1],-26.80000000000001,10,636.8999999999905,0.0,False,1
6,0,1,[1 2],576.7999999999993,0.5,0.5,0.3760422091520411,SI,[2 1],-26.80000000000001,10,636.8999999999905,0.0,False,1
6,0,2,[1 2],576.7999999999993,0.5,0.5,0.03914906205390367,SI,[2 1],-26.80000000000001,10,636.8999999999905,0.0,False,1
6,0,3,[1 2],576.7999999999993,0.5,0.5,0.09406216623444275,SI,[2 1],-26.80000000000001,10,636.8999999999905,0.0,False,1
6,0,4,[1 2],576.7999999999993,0.5,0.5,0.27007949941528575,SI,[2 1],-26.80000000000001,10,636.8999999999905,0.0,False,1
7,0,0,[1 2],576.7999999999993,0.5,0.5,0.45173368989924345,SI,[2 1],-26.80000000000001,10,636.8999999999905,0.0,False,1
7,0,1,[1 2],576.7999999999993,0.5,0.5,0.3647238402049565,SI,[2 1],-26.80000000000001,10,636.8999999999905,0.0,False,1
7,0,2,[1 2],576.7999999999993,0.5,0.5,0.3974724293291033,SI,[2 1],-26.80000000000001,10,636.8999999999905,0.0,False,1
7,0,3,[1 2],576.7999999999993,0.5,0.5,0.06538511882483566,SI,[2 1],-26.80000000000001,10,636.8999999999905,0.0,False,1
7,0,4,[1 2],576.7999999999993,0.5,0.5,0.48891188126340557,SI,[2 1],-26.80000000000001,10,636.8999999999905,0.0,False,1
8,0,0,[1 2],576.7999999999993,0.5,0.5,0.10366384514187199,SI,[2 1],-26.80000000000001,10,636.8999999999905,0.0,False,1
8,0,1,[1 2],576.7999999999993,0.5,0.5,0.22918414436113177,SI,[2 1],-26.80000000000001,10,636.8999999999905,0.0,False,1
8,0,2,[1 2],576.7999999999993,0.5,0.5,0.12067520964649103,SI,[2 1],-26.80000000000001,10,636.8999999999905,0.0,False,1
8,0,3,[1 2],576.7999999999993,0.5,0.5,0.06471801997873183,SI,[2 1],-26.80000000000001,10,636.8999999999905,0.0,False,1
8,0,4,[1 2],576.7999999999993,0.5,0.5,0.16396716856408788,SI,[2 1],-26.80000000000001,10,636.8999999999905,0.0,False,1
9,0,0,[1 2],576.7999999999993,0.5,0.5,0.15182256301018948,SI,[2 1],-26.80000000000001,10,636.8999999999905,0.0,False,1
9,0,1,[1 2],576.7999999999993,0.5,0.5,0.3464755982778108,SI,[2 1],-26.80000000000001,10,636.8999999999905,0.0,False,1
9,0,2,[1 2],576.7999999999993,0.5,0.5,0.11003140108124354,SI,[2 1],-26.80000000000001,10,636.8999999999905,0.0,False,1
9,0,3,[1 2],576.7999999999993,0.5,0.5,0.10482360208484631,SI,[2 1],-26.80000000000001,10,636.8999999999905,0.0,False,1
9,0,4,[1 2],576.7999999999993,0.5,0.5,0.3272709575532412,SI,[2 1],-26.80000000000001,10,636.8999999999905,0.0,False,1
10,0,0,[1 2],576.7999999999993,0.5,0.5,0.10943484195995268,SI,[2 1],-26.80000000000001,10,636.8999999999905,0.0,False,1
10,0,1,[1 2],576.7999999999993,0.5,0.5,0.21808881905078736,SI,[2 1],-26.80000000000001,10,636.8999999999905,0.0,False,1
10,0,2,[1 2],576.7999999999993,0.5,0.5,0.276913991044896,SI,[2 1],-26.80000000000001,10,636.8999999999905,0.0,False,1
10,0,3,[1 2],576.7999999999993,0.5,0.5,0.08094391771637766,SI,[2 1],-26.80000000000001,10,636.8999999999905,0.0,False,1
10,0,4,[1 2],576.7999999999993,0.5,0.5,0.3739526898830654,SI,[2 1],-26.80000000000001,10,636.8999999999905,0.0,False,1
11,0,0,[1 2],576.7999999999993,0.5,0.5,0.24406026228194977,SI,[2 1],-26.80000000000001,10,636.8999999999905,0.0,False,1
11,0,1,[1 2],576.7999999999993,0.5,0.5,0.4034186176837474,SI,[2 1],-26.80000000000001,10,636.8999999999905,0.0,False,1
11,0,2,[1 2],576.7999999999993,0.5,0.5,0.3481090728611831,SI,[2 1],-26.80000000000001,10,636.8999999999905,0.0,False,1
11,0,3,[1 2],576.7999999999993,0.5,0.5,0.4629475930841448,SI,[2 1],-26.80000000000001,10,636.8999999999905,0.0,False,1
11,0,4,[1 2],576.7999999999993,0.5,0.5,0.27404061710261485,SI,[2 1],-26.80000000000001,10,636.8999999999905,0.0,False,1
12,0,0,[1 2],576.7999999999993,0.5,0.5,0.11994164304679877,SI,[2 1],-26.80000000000001,10,636.8999999999905,0.0,False,1
12,0,1,[1 2],576.7999999999993,0.5,0.5,0.38440376108080077,SI,[2 1],-26.80000000000001,10,636.8999999999905,0.0,False,1
12,0,2,[1 2],576.7999999999993,0.5,0.5,0.09788874968950867,SI,[2 1],-26.80000000000001,10,636.8999999999905,0.0,False,1
12,0,3,[1 2],576.7999999999993,0.5,0.5,0.07329997217453466,SI,[2 1],-26.80000000000001,10,636.8999999999905,0.0,False,1
12,0,4,[1 2],576.7999999999993,0.5,0.5,0.3620294620859168,SI,[2 1],-26.80000000000001,10,636.8999999999905,0.0,False,1
13,0,0,[1 2],576.7999999999993,0.5,0.5,0.162399071249275,SI,[2 1],-26.80000000000001,10,636.8999999999905,0.0,False,1
13,0,1,[1 2],576.7999999999993,0.5,0.5,0.49406261629813575,SI,[2 1],-26.80000000000001,10,636.8999999999905,0.0,False,1
13,0,2,[1 2],576.7999999999993,0.5,0.5,0.07905250188598689,SI,[2 1],-26.80000000000001,10,636.8999999999905,0.0,False,1
13,0,3,[1 2],576.7999999999993,0.5,0.5,0.37263167568206135,SI,[2 1],-26.80000000000001,10,636.8999999999905,0.0,False,1
13,0,4,[1 2],576.7999999999993,0.5,0.5,0.40447228333178487,SI,[2 1],-26.80000000000001,10,636.8999999999905,0.0,False,1
14,0,0,[1 2],576.7999999999993,0.5,0.5,0.2357506811429363,SI,[2 1],-26.80000000000001,10,636.8999999999905,0.0,False,1
14,0,1,[1 2],576.7999999999993,0.5,0.5,0.027246710650122963,SI,[2 1],-26.80000000000001,10,636.8999999999905,0.0,False,1
14,0,2,[1 2],576.7999999999993,0.5,0.5,0.3398835857981978,SI,[2 1],-26.80000000000001,10,636.8999999999905,0.0,False,1
14,0,3,[1 2],576.7999999999993,0.5,0.5,0.42417189724718873,SI,[2 1],-26.80000000000001,10,636.8999999999905,0.0,False,1
14,0,4,[1 2],576.7999999999993,0.5,0.5,0.23429868546421284,SI,[2 1],-26.80000000000001,10,636.8999999999905,0.0,False,1
15,0,0,[1 2],576.7999999999993,0.5,0.5,0.3013401136178594,SI,[2 1],-26.80000000000001,10,636.8999999999905,0.0,False,1
15,0,1,[1 2],576.7999999999993,0.5,0.5,0.018696391059062067,SI,[2 1],-26.80000000000001,10,636.8999999999905,0.0,False,1
15,0,2,[1 2],576.7999999999993,0.5,0.5,0.42587640648405345,SI,[2 1],-26.80000000000001,10,636.8999999999905,0.0,False,1
15,0,3,[1 2],576.7999999999993,0.5,0.5,0.18610642063417449,SI,[2 1],-26.80000000000001,10,636.8999999999905,0.0,False,1
15,0,4,[1 2],576.7999999999993,0.5,0.5,0.477499578566726,SI,[2 1],-26.80000000000001,10,636.8999999999905,0.0,False,1
16,0,0,[1 2],576.7999999999993,0.5,0.5,0.017039354800291284,SI,[2 1],-26.80000000000001,10,636.8999999999905,0.0,False,1
16,0,1,[1 2],576.7999999999993,0.5,0.5,0.3119264447850344,SI,[2 1],-26.80000000000001,10,636.8999999999905,0.0,False,1
16,0,2,[1 2],576.7999999999993,0.5,0.5,0.33117611242931166,SI,[2 1],-26.80000000000001,10,636.8999999999905,0.0,False,1
16,0,3,[1 2],576.7999999999993,0.5,0.5,0.4053404883560896,SI,[2 1],-26.80000000000001,10,636.8999999999905,0.0,False,1
16,0,4,[1 2],576.7999999999993,0.5,0.5,0.3345567543955482,SI,[2 1],-26.80000000000001,10,636.8999999999905,0.0,False,1
17,0,0,[1 2],576.7999999999993,0.5,0.5,0.48919661164777983,SI,[2 1],-26.80000000000001,10,636.8999999999905,0.0,False,1
17,0,1,[1 2],576.7999999999993,0.5,0.5,0.45527031498054527,SI,[2 1],-26.80000000000001,10,636.8999999999905,0.0,False,1
17,0,2,[1 2],576.7999999999993,0.5,0.5,0.24439612304178493,SI,[2 1],-26.80000000000001,10,636.8999999999905,0.0,False,1
17,0,3,[1 2],576.7999999999993,0.5,0.5,0.14367480286173606,SI,[2 1],-26.80000000000001,10,636.8999999999905,0.0,False,1
17,0,4,[1 2],576.7999999999993,0.5,0.5,0.23341677412412265,SI,[2 1],-26.80000000000001,10,636.8999999999905,0.0,False,1
18,0,0,[1 2],576.7999999999993,0.5,0.5,0.4268276718759817,SI,[2 1],-26.80000000000001,10,636.8999999999905,0.0,False,1
18,0,1,[1 2],576.7999999999993,0.5,0.5,0.054700890025785376,SI,[2 1],-26.80000000000001,10,636.8999999999905,0.0,False,1
18,0,2,[1 2],576.7999999999993,0.5,0.5,0.3658614713751239,SI,[2 1],-26.80000000000001,10,636.8999999999905,0.0,False,1
18,0,3,[1 2],576.7999999999993,0.5,0.5,0.4074931121614256,SI,[2 1],-26.80000000000001,10,636.8999999999905,0.0,False,1
18,0,4,[1 2],576.7999999999993,0.5,0.5,0.4719605553111992,SI,[2 1],-26.80000000000001,10,636.8999999999905,0.0,False,1
19,0,0,[1 2],576.7999999999993,0.5,0.5,0.4451347235495313,SI,[2 1],-26.80000000000001,10,636.8999999999905,0.0,False,1
19,0,1,[1 2],576.7999999999993,0.5,0.5,0.474235212611155,SI,[2 1],-26.80000000000001,10,636.8999999999905,0.0,False,1
19,0,2,[1 2],576.7999999999993,0.5,0.5,0.3457359576367336,SI,[2 1],-26.80000000000001,10,636.8999999999905,0.0,False,1
19,0,3,[1 2],576.7999999999993,0.5,0.5,0.023741060483517762,SI,[2 1],-26.80000000000001,10,636.8999999999905,0.0,False,1
19,0,4,[1 2],576.7999999999993,0.5,0.5,0.2905449927131507,SI,[2 1],-26.80000000000001,10,636.8999999999905,0.0,False,1
20,0,0,[1 2],576.7999999999993,0.5,0.5,0.38712674815513515,SI,[2 1],-26.80000000000001,10,636.8999999999905,0.0,False,1
20,0,1,[1 2],576.7999999999993,0.5,0.5,0.2306355667054094,SI,[2 1],-26.80000000000001,10,636.8999999999905,0.0,False,1
20,0,2,[1 2],576.7999999999993,0.5,0.5,0.15105628118974368,SI,[2 1],-26.80000000000001,10,636.8999999999905,0.0,False,1
20,0,3,[1 2],576.7999999999993,0.5,0.5,0.18480837813184636,SI,[2 1],-26.80000000000001,10,636.8999999999905,0.0,False,1
20,0,4,[1 2],576.7999999999993,0.5,0.5,0.4023525025037896,SI,[2 1],-26.80000000000001,10,636.8999999999905,0.0,False,1
21,0,0,[1 2],576.7999999999993,0.5,0.5,0.308239847513459,SI,[2 1],-26.80000000000001,10,636.8999999999905,0.0,False,1
21,0,1,[1 2],576.7999999999993,0.5,0.5,0.030956860058649616,SI,[2 1],-26.80000000000001,10,636.8999999999905,0.0,False,1
21,0,2,[1 2],576.7999999999993,0.5,0.5,0.3995019934943641,SI,[2 1],-26.80000000000001,10,636.8999999999905,0.0,False,1
21,0,3,[1 2],576.7999999999993,0.5,0.5,0.33775540606161636,SI,[2 1],-26.80000000000001,10,636.8999999999905,0.0,False,1
21,0,4,[1 2],576.7999999999993,0.5,0.5,0.0718317005162914,SI,[2 1],-26.80000000000001,10,636.8999999999905,0.0,False,1
22,0,0,[1 2],576.7999999999993,0.5,0.5,0.034996205532319746,SI,[2 1],-26.80000000000001,10,636.8999999999905,0.0,False,1
22,0,1,[1 2],576.7999999999993,0.5,0.5,0.2259952013276354,SI,[2 1],-26.80000000000001,10,636.8999999999905,0.0,False,1
22,0,2,[1 2],576.7999999999993,0.5,0.5,0.05562067901007672,SI,[2 1],-26.80000000000001,10,636.8999999999905,0.0,False,1
22,0,3,[1 2],576.7999999999993,0.5,0.5,0.07060535668566426,SI,[2 1],-26.80000000000001,10,636.8999999999905,0.0,False,1
22,0,4,[1 2],576.7999999999993,0.5,0.5,0.343824104954918,SI,[2 1],-26.80000000000001,10,636.8999999999905,0.0,False,1
23,0,0,[1 2],576.7999999999993,0.5,0.5,0.13579693977593243,SI,[2 1],-26.80000000000001,10,636.8999999999905,0.0,False,1
23,0,1,[1 2],576.7999999999993,0.5,0.5,0.08633265292333592,SI,[2 1],-26.80000000000001,10,636.8999999999905,0.0,False,1
23,0,2,[1 2],576.7999999999993,0.5,0.5,0.3236523452836043,SI,[2 1],-26.80000000000001,10,636.8999999999905,0.0,False,1
23,0,3,[1 2],576.7999999999993,0.5,0.5,0.2002692819449512,SI,[2 1],-26.80000000000001,10,636.8999999999905,0.0,False,1
23,0,4,[1 2],576.7999999999993,0.5,0.5,0.08325569020271995,SI,[2 1],-26.80000000000001,10,636.8999999999905,0.0,False,1
24,0,0,[1 2],576.7999999999993,0.5,0.5,0.09281158940300172,SI,[2 1],-26.80000000000001,10,636.8999999999905,0.0,False,1
24,0,1,[1 2],576.7999999999993,0.5,0.5,0.21208500244350958,SI,[2 1],-26.80000000000001,10,636.8999999999905,0.0,False,1
24,0,2,[1 2],576.7999999999993,0.5,0.5,0.18425326159366218,SI,[2 1],-26.80000000000001,10,636.8999999999905,0.0,False,1
24,0,3,[1 2],576.7999999999993,0.5,0.5,0.058071357742804364,SI,[2 1],-26.80000000000001,10,636.8999999999905,0.0,False,1
24,0,4,[1 2],576.7999999999993,0.5,0.5,0.47670929395154793,SI,[2 1],-26.80000000000001,10,636.8999999999905,0.0,False,1
25,0,0,[1 2],576.7999999999993,0.5,0.5,0.11160619573994135,SI,[2 1],-26.80000000000001,10,636.8999999999905,0.0,False,1
25,0,1,[1 2],576.7999999999993,0.5,0.5,0.4938160548202841,SI,[2 1],-26.80000000000001,10,636.8999999999905,0.0,False,1
25,0,2,[1 2],576.7999999999993,0.5,0.5,0.46815763853106773,SI,[2 1],-26.80000000000001,10,636.8999999999905,0.0,False,1
25,0,3,[1 2],576.7999999999993,0.5,0.5,0.3637169541795079,SI,[2 1],-26.80000000000001,10,636.8999999999905,0.0,False,1
25,0,4,[1 2],576.7999999999993,0.5,0.5,0.05642128221620557,SI,[2 1],-26.80000000000001,10,636.8999999999905,0.0,False,1
26,0,0,[1 2],576.7999999999993,0.5,0.5,0.07437420572619091,SI,[2 1],-26.80000000000001,10,636.8999999999905,0.0,False,1
26,0,1,[1 2],576.7999999999993,0.5,0.5,0.42436584423156964,SI,[2 1],-26.80000000000001,10,636.8999999999905,0.0,False,1
26,0,2,[1 2],576.7999999999993,0.5,0.5,0.195414744706781,SI,[2 1],-26.80000000000001,10,636.8999999999905,0.0,False,1
26,0,3,[1 2],576.7999999999993,0.5,0.5,0.3526291838683767,SI,[2 1],-26.80000000000001,10,636.8999999999905,0.0,False,1
26,0,4,[1 2],576.7999999999993,0.5,0.5,0.01008681967129943,SI,[2 1],-26.80000000000001,10,636.8999999999905,0.0,False,1
27,0,0,[1 2],576.7999999999993,0.5,0.5,0.3534780626600946,SI,[2 1],-26.80000000000001,10,636.8999999999905,0.0,False,1
27,0,1,[1 2],576.7999999999993,0.5,0.5,0.17801249811032416,SI,[2 1],-26.80000000000001,10,636.8999999999905,0.0,False,1
27,0,2,[1 2],576.7999999999993,0.5,0.5,0.4742920237738071,SI,[2 1],-26.80000000000001,10,636.8999999999905,0.0,False,1
27,0,3,[1 2],576.7999999999993,0.5,0.5,0.14483857637294284,SI,[2 1],-26.80000000000001,10,636.8999999999905,0.0,False,1
27,0,4,[1 2],576.7999999999993,0.5,0.5,0.36108369403797624,SI,[2 1],-26.80000000000001,10,636.8999999999905,0.0,False,1
28,0,0,[1 2],576.7999999999993,0.5,0.5,0.49405338555857314,SI,[2 1],-26.80000000000001,10,636.8999999999905,0.0,False,1
28,0,1,[1 2],576.7999999999993,0.5,0.5,0.2646944361254775,SI,[2 1],-26.80000000000001,10,636.8999999999905,0.0,False,1
28,0,2,[1 2],576.7999999999993,0.5,0.5,0.21234677132099822,SI,[2 1],-26.80000000000001,10,636.8999999999905,0.0,False,1
28,0,3,[1 2],576.7999999999993,0.5,0.5,0.39338326094557297,SI,[2 1],-26.80000000000001,10,636.8999999999905,0.0,False,1
28,0,4,[1 2],576.7999999999993,0.5,0.5,0.03648363472863714,SI,[2 1],-26.80000000000001,10,636.8999999999905,0.0,False,1
29,0,0,[1 2],576.7999999999993,0.5,0.5,0.09512406893685621,SI,[2 1],-26.80000000000001,10,636.8999999999905,0.0,False,1
29,0,1,[1 2],576.7999999999993,0.5,0.5,0.4757099909047847,SI,[2 1],-26.80000000000001,10,636.8999999999905,0.0,False,1
29,0,2,[1 2],576.7999999999993,0.5,0.5,0.2278602047382543,SI,[2 1],-26.80000000000001,10,636.8999999999905,0.0,False,1
29,0,3,[1 2],576.7999999999993,0.5,0.5,0.0014756300662105426,SI,[2 1],-26.80000000000001,10,636.8999999999905,0.0,False,1
29,0,4,[1 2],576.7999999999993,0.5,0.5,0.1968355583448217,SI,[2 1],-26.80000000000001,10,636.8999999999905,0.0,False,1
30,0,0,[1 2],576.7999999999993,0.5,0.5,0.0451542741803429,SI,[2 1],-26.80000000000001,10,636.8999999999905,0.0,False,1
30,0,1,[1 2],576.7999999999993,0.5,0.5,0.015270537500604142,SI,[2 1],-26.80000000000001,10,636.8999999999905,0.0,False,1
30,0,2,[1 2],576.7999999999993,0.5,0.5,0.12488181897080208,SI,[2 1],-26.80000000000001,10,636.8999999999905,0.0,False,1
30,0,3,[1 2],576.7999999999993,0.5,0.5,0.0957954154876467,SI,[2 1],-26.80000000000001,10,636.8999999999905,0.0,False,1
30,0,4,[1 2],576.7999999999993,0.5,0.5,0.3385535031261825,SI,[2 1],-26.80000000000001,10,636.8999999999905,0.0,False,1
31,0,0,[1 2],576.7999999999993,0.5,0.5,0.17840352189558573,SI,[2 1],-26.80000000000001,10,636.8999999999905,0.0,False,1
31,0,1,[1 2],576.7999999999993,0.5,0.5,0.3193713416250642,SI,[2 1],-26.80000000000001,10,636.8999999999905,0.0,False,1
31,0,2,[1 2],576.7999999999993,0.5,0.5,0.47719317259782046,SI,[2 1],-26.80000000000001,10,636.8999999999905,0.0,False,1
31,0,3,[1 2],576.7999999999993,0.5,0.5,0.3269835226711486,SI,[2 1],-26.80000000000001,10,636.8999999999905,0.0,False,1
31,0,4,[1 2],576.7999999999993,0.5,0.5,0.04489734128051159,SI,[2 1],-26.80000000000001,10,636.8999999999905,0.0,False,1
32,0,0,[1 2],576.7999999999993,0.5,0.5,0.31007758097816385,SI,[2 1],-26.80000000000001,10,636.8999999999905,0.0,False,1
32,0,1,[1 2],576.7999999999993,0.5,0.5,0.34874273425475677,SI,[2 1],-26.80000000000001,10,636.8999999999905,0.0,False,1
32,0,2,[1 2],576.7999999999993,0.5,0.5,0.30394642978858255,SI,[2 1],-26.80000000000001,10,636.8999999999905,0.0,False,1
32,0,3,[1 2],576.7999999999993,0.5,0.5,0.3504479440886541,SI,[2 1],-26.80000000000001,10,636.8999999999905,0.0,False,1
32,0,4,[1 2],576.7999999999993,0.5,0.5,0.01206733027527207,SI,[2 1],-26.80000000000001,10,636.8999999999905,0.0,False,1
33,0,0,[1 2],576.7999999999993,0.5,0.5,0.17197643634311854,SI,[2 1],-26.80000000000001,10,636.8999999999905,0.0,False,1
33,0,1,[1 2],576.7999999999993,0.5,0.5,0.20587746149707653,SI,[2 1],-26.80000000000001,10,636.8999999999905,0.0,False,1
33,0,2,[1 2],576.7999999999993,0.5,0.5,0.18375178161806238,SI,[2 1],-26.80000000000001,10,636.8999999999905,0.0,False,1
33,0,3,[1 2],576.7999999999993,0.5,0.5,0.3872962344017238,SI,[2 1],-26.80000000000001,10,636.8999999999905,0.0,False,1
33,0,4,[1 2],576.7999999999993,0.5,0.5,0.4303423325339706,SI,[2 1],-26.80000000000001,10,636.8999999999905,0.0,False,1
34,0,0,[1 2],576.7999999999993,0.5,0.5,0.060432840986295866,SI,[2 1],-26.80000000000001,10,636.8999999999905,0.0,False,1
34,0,1,[1 2],576.7999999999993,0.5,0.5,0.12961878882619549,SI,[2 1],-26.80000000000001,10,636.8999999999905,0.0,False,1
34,0,2,[1 2],576.7999999999993,0.5,0.5,0.3262713085192165,SI,[2 1],-26.80000000000001,10,636.8999999999905,0.0,False,1
34,0,3,[1 2],576.7999999999993,0.5,0.5,0.3436829585146759,SI,[2 1],-26.80000000000001,10,636.8999999999905,0.0,False,1
34,0,4,[1 2],576.7999999999993,0.5,0.5,0.3020788234410211,SI,[2 1],-26.80000000000001,10,636.8999999999905,0.0,False,1
35,0,0,[1 2],576.7999999999993,0.5,0.5,0.32901172953968005,SI,[2 1],-26.80000000000001,10,636.8999999999905,0.0,False,1
35,0,1,[1 2],576.7999999999993,0.5,0.5,0.4326492886131095,SI,[2 1],-26.80000000000001,10,636.8999999999905,0.0,False,1
35,0,2,[1 2],576.7999999999993,0.5,0.5,0.3103245491475304,SI,[2 1],-26.80000000000001,10,636.8999999999905,0.0,False,1
35,0,3,[1 2],576.7999999999993,0.5,0.5,0.18839345908686866,SI,[2 1],-26.80000000000001,10,636.8999999999905,0.0,False,1
35,0,4,[1 2],576.7999999999993,0.5,0.5,0.2802529436528125,SI,[2 1],-26.80000000000001,10,636.8999999999905,0.0,False,1
36,0,0,[1 2],576.7999999999993,0.5,0.5,0.4260611546952844,SI,[2 1],-26.80000000000001,10,636.8999999999905,0.0,False,1
36,0,1,[1 2],576.7999999999993,0.5,0.5,0.3582948705513339,SI,[2 1],-26.80000000000001,10,636.8999999999905,0.0,False,1
36,0,2,[1 2],576.7999999999993,0.5,0.5,0.4627454136637116,SI,[2 1],-26.80000000000001,10,636.8999999999905,0.0,False,1
36,0,3,[1 2],576.7999999999993,0.5,0.5,0.07384450273290422,SI,[2 1],-26.80000000000001,10,636.8999999999905,0.0,False,1
36,0,4,[1 2],576.7999999999993,0.5,0.5,0.3333113317013522,SI,[2 1],-26.80000000000001,10,636.8999999999905,0.0,False,1
37,0,0,[1 2],576.7999999999993,0.5,0.5,0.032054666470624715,SI,[2 1],-26.80000000000001,10,636.8999999999905,0.0,False,1
37,0,1,[1 2],576.7999999999993,0.5,0.5,0.30865288228529,SI,[2 1],-26.80000000000001,10,636.8999999999905,0.0,False,1
37,0,2,[1 2],576.7999999999993,0.5,0.5,0.4958065379653087,SI,[2 1],-26.80000000000001,10,636.8999999999905,0.0,False,1
37,0,3,[1 2],576.7999999999993,0.5,0.5,0.47874463009078994,SI,[2 1],-26.80000000000001,10,636.8999999999905,0.0,False,1
37,0,4,[1 2],576.7999999999993,0.5,0.5,0.01819725529695937,SI,[2 1],-26.80000000000001,10,636.8999999999905,0.0,False,1
38,0,0,[1 2],576.7999999999993,0.5,0.5,0.10647910287505813,SI,[2 1],-26.80000000000001,10,636.8999999999905,0.0,False,1
38,0,1,[1 2],576.7999999999993,0.5,0.5,0.4773669265155178,SI,[2 1],-26.80000000000001,10,636.8999999999905,0.0,False,1
38,0,2,[1 2],576.7999999999993,0.5,0.5,0.24636807566505414,SI,[2 1],-26.80000000000001,10,636.8999999999905,0.0,False,1
38,0,3,[1 2],576.7999999999993,0.5,0.5,0.19069911563733355,SI,[2 1],-26.80000000000001,10,636.8999999999905,0.0,False,1
38,0,4,[1 2],576.7999999999993,0.5,0.5,0.4154679470558873,SI,[2 1],-26.80000000000001,10,636.8999999999905,0.0,False,1
39,0,0,[1 2],576.7999999999993,0.5,0.5,0.3247026116758138,SI,[2 1],-26.80000000000001,10,636.8999999999905,0.0,False,1
39,0,1,[1 2],576.7999999999993,0.5,0.5,0.13065201846901575,SI,[2 1],-26.80000000000001,10,636.8999999999905,0.0,False,1
39,0,2,[1 2],576.7999999999993,0.5,0.5,0.22732085038087035,SI,[2 1],-26.80000000000001,10,636.8999999999905,0.0,False,1
39,0,3,[1 2],576.7999999999993,0.5,0.5,0.4752995938758251,SI,[2 1],-26.80000000000001,10,636.8999999999905,0.0,False,1
39,0,4,[1 2],576.7999999999993,0.5,0.5,0.24767601019513663,SI,[2 1],-26.80000000000001,10,636.8999999999905,0.0,False,1
40,0,0,[1 2],576.7999999999993,0.5,0.5,0.0665789433629228,SI,[2 1],-26.80000000000001,10,636.8999999999905,0.0,False,1
40,0,1,[1 2],576.7999999999993,0.5,0.5,0.4386718937588301,SI,[2 1],-26.80000000000001,10,636.8999999999905,0.0,False,1
40,0,2,[1 2],576.7999999999993,0.5,0.5,0.3388477018410718,SI,[2 1],-26.80000000000001,10,636.8999999999905,0.0,False,1
40,0,3,[1 2],576.7999999999993,0.5,0.5,0.24547855000251717,SI,[2 1],-26.80000000000001,10,636.8999999999905,0.0,False,1
40,0,4,[1 2],576.7999999999993,0.5,0.5,0.16459602843722132,SI,[2 1],-26.80000000000001,10,636.8999999999905,0.0,False,1
41,0,0,[1 2],576.7999999999993,0.5,0.5,0.057679306032343614,SI,[2 1],-26.80000000000001,10,636.8999999999905,0.0,False,1
41,0,1,[1 2],576.7999999999993,0.5,0.5,0.48008047717124436,SI,[2 1],-26.80000000000001,10,636.8999999999905,0.0,False,1
41,0,2,[1 2],576.7999999999993,0.5,0.5,0.2631788276555551,SI,[2 1],-26.80000000000001,10,636.8999999999905,0.0,False,1
41,0,3,[1 2],576.7999999999993,0.5,0.5,0.005457849580767005,SI,[2 1],-26.80000000000001,10,636.8999999999905,0.0,False,1
41,0,4,[1 2],576.7999999999993,0.5,0.5,0.43461563774419565,SI,[2 1],-26.80000000000001,10,636.8999999999905,0.0,False,1
42,0,0,[1 2],576.7999999999993,0.5,0.5,0.09856259874410433,SI,[2 1],-26.80000000000001,10,636.8999999999905,0.0,False,1
42,0,1,[1 2],576.7999999999993,0.5,0.5,0.29813145007169795,SI,[2 1],-26.80000000000001,10,636.8999999999905,0.0,False,1
42,0,2,[1 2],576.7999999999993,0.5,0.5,0.2811344710435617,SI,[2 1],-26.80000000000001,10,636.8999999999905,0.0,False,1
42,0,3,[1 2],576.7999999999993,0.5,0.5,0.3883690987735484,SI,[2 1],-26.80000000000001,10,636.8999999999905,0.0,False,1
42,0,4,[1 2],576.7999999999993,0.5,0.5,0.44750958733296897,SI,[2 1],-26.80000000000001,10,636.8999999999905,0.0,False,1
43,0,0,[1 2],576.7999999999993,0.5,0.5,0.3977795897205516,SI,[2 1],-26.80000000000001,10,636.8999999999905,0.0,False,1
43,0,1,[1 2],576.7999999999993,0.5,0.5,0.14458499726735463,SI,[2 1],-26.80000000000001,10,636.8999999999905,0.0,False,1
43,0,2,[1 2],576.7999999999993,0.5,0.5,0.3061878534118403,SI,[2 1],-26.80000000000001,10,636.8999999999905,0.0,False,1
43,0,3,[1 2],576.7999999999993,0.5,0.5,0.28714421503512166,SI,[2 1],-26.80000000000001,10,636.8999999999905,0.0,False,1
43,0,4,[1 2],576.7999999999993,0.5,0.5,0.16825441926436835,SI,[2 1],-26.80000000000001,10,636.8999999999905,0.0,False,1
44,0,0,[1 2],576.7999999999993,0.5,0.5,0.07410793042784547,SI,[2 1],-26.80000000000001,10,636.8999999999905,0.0,False,1
44,0,1,[1 2],576.7999999999993,0.5,0.5,0.08886107814472777,SI,[2 1],-26.80000000000001,10,636.8999999999905,0.0,False,1
44,0,2,[1 2],576.7999999999993,0.5,0.5,0.16441787057374246,SI,[2 1],-26.80000000000001,10,636.8999999999905,0.0,False,1
44,0,3,[1 2],576.7999999999993,0.5,0.5,0.19183396125677343,SI,[2 1],-26.80000000000001,10,636.8999999999905,0.0,False,1
44,0,4,[1 2],576.7999999999993,0.5,0.5,0.18884195296897988,SI,[2 1],-26.80000000000001,10,636.8999999999905,0.0,False,1
45,0,0,[1 2],576.7999999999993,0.5,0.5,0.2373875273905589,SI,[2 1],-26.80000000000001,10,636.8999999999905,0.0,False,1
45,0,1,[1 2],576.7999999999993,0.5,0.5,0.07410317068758909,SI,[2 1],-26.80000000000001,10,636.8999999999905,0.0,False,1
45,0,2,[1 2],576.7999999999993,0.5,0.5,0.1522011126287287,SI,[2 1],-26.80000000000001,10,636.8999999999905,0.0,False,1
45,0,3,[1 2],576.7999999999993,0.5,0.5,0.34125687359895307,SI,[2 1],-26.80000000000001,10,636.8999999999905,0.0,False,1
45,0,4,[1 2],576.7999999999993,0.5,0.5,0.04858860280666799,SI,[2 1],-26.80000000000001,10,636.8999999999905,0.0,False,1
46,0,0,[1 2],576.7999999999993,0.5,0.5,0.42154043451530165,SI,[2 1],-26.80000000000001,10,636.8999999999905,0.0,False,1
46,0,1,[1 2],576.7999999999993,0.5,0.5,0.19618861651666963,SI,[2 1],-26.80000000000001,10,636.8999999999905,0.0,False,1
46,0,2,[1 2],576.7999999999993,0.5,0.5,0.20512666455962614,SI,[2 1],-26.80000000000001,10,636.8999999999905,0.0,False,1
46,0,3,[1 2],576.7999999999993,0.5,0.5,0.4063604220004614,SI,[2 1],-26.80000000000001,10,636.8999999999905,0.0,False,1
46,0,4,[1 2],576.7999999999993,0.5,0.5,0.2991480241810882,SI,[2 1],-26.80000000000001,10,636.8999999999905,0.0,False,1
47,0,0,[1 2],576.7999999999993,0.5,0.5,0.051056056816893625,SI,[2 1],-26.80000000000001,10,636.8999999999905,0.0,False,1
47,0,1,[1 2],576.7999999999993,0.5,0.5,0.4969666312788694,SI,[2 1],-26.80000000000001,10,636.8999999999905,0.0,False,1
47,0,2,[1 2],576.7999999999993,0.5,0.5,0.4279493607676528,SI,[2 1],-26.80000000000001,10,636.8999999999905,0.0,False,1
47,0,3,[1 2],576.7999999999993,0.5,0.5,0.0476263666735286,SI,[2 1],-26.80000000000001,10,636.8999999999905,0.0,False,1
47,0,4,[1 2],576.7999999999993,0.5,0.5,0.12679958759603216,SI,[2 1],-26.80000000000001,10,636.8999999999905,0.0,False,1
48,0,0,[1 2],576.7999999999993,0.5,0.5,0.25247720507327165,SI,[2 1],-26.80000000000001,10,636.8999999999905,0.0,False,1
48,0,1,[1 2],576.7999999999993,0.5,0.5,0.44596666608755686,SI,[2 1],-26.80000000000001,10,636.8999999999905,0.0,False,1
48,0,2,[1 2],576.7999999999993,0.5,0.5,0.12604980993876858,SI,[2 1],-26.80000000000001,10,636.8999999999905,0.0,False,1
48,0,3,[1 2],576.7999999999993,0.5,0.5,0.39251007665835147,SI,[2 1],-26.80000000000001,10,636.8999999999905,0.0,False,1
48,0,4,[1 2],576.7999999999993,0.5,0.5,0.2477182228430268,SI,[2 1],-26.80000000000001,10,636.8999999999905,0.0,False,1
49,0,0,[1 2],576.7999999999993,0.5,0.5,0.3179053115602183,SI,[2 1],-26.80000000000001,10,636.8999999999905,0.0,False,1
49,0,1,[1 2],576.7999999999993,0.5,0.5,0.39701896778669843,SI,[2 1],-26.80000000000001,10,636.8999999999905,0.0,False,1
49,0,2,[1 2],576.7999999999993,0.5,0.5,0.449386482798382,SI,[2 1],-26.80000000000001,10,636.8999999999905,0.0,False,1
49,0,3,[1 2],576.7999999999993,0.5,0.5,0.0017000835172562567,SI,[2 1],-26.80000000000001,10,636.8999999999905,0.0,False,1
49,0,4,[1 2],576.7999999999993,0.5,0.5,0.24470193053637646,SI,[2 1],-26.80000000000001,10,636.8999999999905,0.0,False,1
50,0,0,[1 2],576.7999999999993,0.5,0.5,0.29313581165053815,SI,[2 1],-26.80000000000001,10,636.8999999999905,0.0,False,1
50,0,1,[1 2],576.7999999999993,0.5,0.5,0.10600814583951035,SI,[2 1],-26.80000000000001,10,636.8999999999905,0.0,False,1
50,0,2,[1 2],576.7999999999993,0.5,0.5,0.30775506111398254,SI,[2 1],-26.80000000000001,10,636.8999999999905,0.0,False,1
50,0,3,[1 2],576.7999999999993,0.5,0.5,0.31781020123271386,SI,[2 1],-26.80000000000001,10,636.8999999999905,0.0,False,1
50,0,4,[1 2],576.7999999999993,0.5,0.5,0.43685890896843993,SI,[2 1],-26.80000000000001,10,636.8999999999905,0.0,False,1
0,2,0,[3 2 1 4 5],2766.899999999958,0.5,0.5,0.9226398949586755,MI,[3 5 4 1 2],-175.5,10,3735.199999999986,0.0,False,2
0,2,1,[3 2 1 4 5],2766.899999999958,0.5,0.5,0.9708980655241329,MI,[5 4 1 2 3],-83.20000000000005,10,4610.900000000016,0.0,False,2
0,2,2,[3 2 1 4 5],2766.899999999958,0.5,0.5,0.9760002187351514,MI,[3 5 4 1 2],-175.5,10,3735.199999999986,0.0,False,2
0,2,3,[3 2 1 4 5],2766.899999999958,0.5,0.5,0.9039547117008768,MI,[3 5 4 1 2],-175.5,10,3735.199999999986,0.0,False,2
0,2,4,[3 2 1 4 5],2766.899999999958,0.5,0.5,0.6315995114613552,MI,[3 5 4 1 2],-175.5,10,3735.199999999986,0.0,False,2
1,0,0,[2 3 1 4 5],2766.000000000011,0.5,0.5,0.537221984439011,MI,[5 4 1 3 2],-140.50000000000006,10,4543.400000000009,0.0,False,2
1,0,1,[2 3 1 4 5],2766.000000000011,0.5,0.5,0.6661511979306978,MI,[5 4 1 3 2],-140.50000000000006,10,4543.400000000009,0.0,False,2
1,0,2,[2 3 1 4 5],2766.000000000011,0.5,0.5,0.04950360642222651,SI,[5 4 1 3 2],-140.50000000000006,10,4543.400000000009,0.0,False,2
1,0,3,[2 3 1 4 5],2766.000000000011,0.5,0.5,0.6210503255234164,MI,[5 4 1 3 2],-140.50000000000006,10,4543.400000000009,0.0,False,2
1,0,4,[2 3 1 4 5],2766.000000000011,0.5,0.5,0.307580043604914,SI,[5 4 1 3 2],-140.50000000000006,10,4543.400000000009,0.0,False,2
2,0,0,[2 3 1 4 5],2766.000000000011,0.5,0.5,0.9675070987215268,MI,[2 5 4 1 3],-104.00000000000006,10,4209.000000000036,0.0,False,2
2,0,1,[2 3 1 4 5],2766.000000000011,0.5,0.5,0.08500604244437782,SI,[2 5 4 1 3],-104.00000000000006,10,4209.000000000036,0.0,False,2
2,0,2,[2 3 1 4 5],2766.000000000011,0.5,0.5,0.6676672532599375,MI,[5 4 1 3 2],-140.50000000000006,10,4543.400000000009,0.0,False,2
2,0,3,[2 3 1 4 5],2766.000000000011,0.5,0.5,0.3689717445655092,SI,[2 5 4 1 3],-104.00000000000006,10,4209.000000000036,0.0,False,2
2,0,4,[2 3 1 4 5],2766.000000000011,0.5,0.5,0.09076417343898713,SI,[5 4 1 3 2],-140.50000000000006,10,4543.400000000009,0.0,False,2
3,0,0,[2 3 1 4 5],2766.000000000011,0.5,0.5,0.8568991331628433,MI,[5 4 1 3 2],-140.50000000000006,10,4543.400000000009,0.0,False,2
3,0,1,[2 3 1 4 5],2766.000000000011,0.5,0.5,0.7781472966465762,MI,[2 5 4 1 3],-104.00000000000006,10,4209.000000000036,0.0,False,2
3,0,2,[2 3 1 4 5],2766.000000000011,0.5,0.5,0.7183218558400986,MI,[5 4 1 3 2],-140.50000000000006,10,4543.400000000009,0.0,False,2
3,0,3,[2 3 1 4 5],2766.000000000011,0.5,0.5,0.5387403398203592,MI,[5 4 1 3 2],-140.50000000000006,10,4543.400000000009,0.0,False,2
3,0,4,[2 3 1 4 5],2766.000000000011,0.5,0.5,0.7184545775916618,MI,[5 4 1 3 2],-140.50000000000006,10,4543.400000000009,0.0,False,2
4,0,0,[2 3 1 4 5],2766.000000000011,0.5,0.5,0.6211705874343731,MI,[2 5 4 1 3],-104.00000000000006,10,4209.000000000036,0.0,False,2
4,0,1,[2 3 1 4 5],2766.000000000011,0.5,0.5,0.7868469942089712,MI,[5 4 1 3 2],-140.50000000000006,10,4543.400000000009,0.0,False,2
4,0,2,[2 3 1 4 5],2766.000000000011,0.5,0.5,0.4785189126573195,SI,[3 2 1 4 5],-40.200000000000045,10,2766.899999999958,0.0,False,2
4,0,3,[2 3 1 4 5],2766.000000000011,0.5,0.5,0.43701699200837874,SI,[5 4 1 3 2],-140.50000000000006,10,4543.400000000009,0.0,False,2
4,0,4,[2 3 1 4 5],2766.000000000011,0.5,0.5,0.5252996715862064,MI,[5 4 1 3 2],-140.50000000000006,10,4543.400000000009,0.0,False,2
5,0,0,[2 3 1 4 5],2766.000000000011,0.5,0.5,0.3181893227717233,SI,[5 4 1 3 2],-140.50000000000006,10,4543.400000000009,0.0,False,2
5,0,1,[2 3 1 4 5],2766.000000000011,0.5,0.5,0.7316994103183713,MI,[5 4 1 3 2],-140.50000000000006,10,4543.400000000009,0.0,False,2
5,0,2,[2 3 1 4 5],2766.000000000011,0.5,0.5,0.8973171894678175,MI,[2 5 4 1 3],-104.00000000000006,10,4209.000000000036,0.0,False,2
5,0,3,[2 3 1 4 5],2766.000000000011,0.5,0.5,0.7314608694432765,MI,[2 5 4 1 3],-104.00000000000006,10,4209.000000000036,0.0,False,2
5,0,4,[2 3 1 4 5],2766.000000000011,0.5,0.5,0.7382917640271123,MI,[5 4 1 3 2],-140.50000000000006,10,4543.400000000009,0.0,False,2
6,0,0,[2 3 1 4 5],2766.000000000011,0.5,0.5,0.5424922115566001,MI,[5 4 1 3 2],-140.50000000000006,10,4543.400000000009,0.0,False,2
6,0,1,[2 3 1 4 5],2766.000000000011,0.5,0.5,0.9279137854633548,MI,[5 4 1 3 2],-140.50000000000006,10,4543.400000000009,0.0,False,2
6,0,2,[2 3 1 4 5],2766.000000000011,0.5,0.5,0.03054985129541954,SI,[2 5 4 1 3],-104.00000000000006,10,4209.000000000036,0.0,False,2
6,0,3,[2 3 1 4 5],2766.000000000011,0.5,0.5,0.1051261846372008,SI,[2 5 4 1 3],-104.00000000000006,10,4209.000000000036,0.0,False,2
6,0,4,[2 3 1 4 5],2766.000000000011,0.5,0.5,0.769493801667574,MI,[5 4 1 3 2],-140.50000000000006,10,4543.400000000009,0.0,False,2
7,0,0,[2 3 1 4 5],2766.000000000011,0.5,0.5,0.0844398699648371,SI,[5 4 1 3 2],-140.50000000000006,10,4543.400000000009,0.0,False,2
7,0,1,[2 3 1 4 5],2766.000000000011,0.5,0.5,0.39578470027201595,SI,[5 4 1 3 2],-140.50000000000006,10,4543.400000000009,0.0,False,2
7,0,2,[2 3 1 4 5],2766.000000000011,0.5,0.5,0.47304058885484424,SI,[2 5 4 1 3],-104.00000000000006,10,4209.000000000036,0.0,False,2
7,0,3,[2 3 1 4 5],2766.000000000011,0.5,0.5,0.07857787655718917,SI,[5 4 1 3 2],-140.50000000000006,10,4543.400000000009,0.0,False,2
7,0,4,[2 3 1 4 5],2766.000000000011,0.5,0.5,0.8523376307521181,MI,[2 5 4 1 3],-104.00000000000006,10,4209.000000000036,0.0,False,2
8,0,0,[2 3 1 4 5],2766.000000000011,0.5,0.5,0.706374795143474,MI,[2 5 4 1 3],-104.00000000000006,10,4209.000000000036,0.0,False,2
8,0,1,[2 3 1 4 5],2766.000000000011,0.5,0.5,0.5683638303019597,MI,[5 4 1 3 2],-140.50000000000006,10,4543.400000000009,0.0,False,2
8,0,2,[2 3 1 4 5],2766.000000000011,0.5,0.5,0.4278500442602916,SI,[5 4 1 3 2],-140.50000000000006,10,4543.400000000009,0.0,False,2
8,0,3,[2 3 1 4 5],2766.000000000011,0.5,0.5,0.7406500389739162,MI,[5 4 1 3 2],-140.50000000000006,10,4543.400000000009,0.0,False,2
8,0,4,[2 3 1 4 5],2766.000000000011,0.5,0.5,0.774263955490357,MI,[5 4 1 3 2],-140.50000000000006,10,4543.400000000009,0.0,False,2
9,0,0,[2 3 1 4 5],2766.000000000011,0.5,0.5,0.8137397281225425,MI,[2 3 5 4 1],35.299999999999955,10,3510.5000000000146,0.0,False,2
9,0,1,[2 3 1 4 5],2766.000000000011,0.5,0.5,0.5672632770391102,MI,[5 4 1 3 2],-140.50000000000006,10,4543.400000000009,0.0,False,2
9,0,2,[2 3 1 4 5],2766.000000000011,0.5,0.5,0.662088309558466,MI,[2 5 4 1 3],-104.00000000000006,10,4209.000000000036,0.0,False,2
9,0,3,[2 3 1 4 5],2766.000000000011,0.5,0.5,0.11035142505826345,SI,[2 5 4 1 3],-104.00000000000006,10,4209.000000000036,0.0,False,2
9,0,4,[2 3 1 4 5],2766.000000000011,0.5,0.5,0.14807605776674349,SI,[5 4 1 3 2],-140.50000000000006,10,4543.400000000009,0.0,False,2
10,0,0,[2 3 1 4 5],2766.000000000011,0.5,0.5,0.9242330074319032,MI,[5 4 1 3 2],-140.50000000000006,10,4543.400000000009,0.0,False,2
10,0,1,[2 3 1 4 5],2766.000000000011,0.5,0.5,0.36767935959360276,SI,[2 5 4 1 3],-104.00000000000006,10,4209.000000000036,0.0,False,2
10,0,2,[2 3 1 4 5],2766.000000000011,0.5,0.5,0.6359141080043124,MI,[2 5 4 1 3],-104.00000000000006,10,4209.000000000036,0.0,False,2
10,0,3,[2 3 1 4 5],2766.000000000011,0.5,0.5,0.19524572069194424,SI,[5 4 1 3 2],-140.50000000000006,10,4543.400000000009,0.0,False,2
10,0,4,[2 3 1 4 5],2766.000000000011,0.5,0.5,0.8611618553628042,MI,[5 4 1 3 2],-140.50000000000006,10,4543.400000000009,0.0,False,2
11,0,0,[2 3 1 4 5],2766.000000000011,0.5,0.5,0.16280001761679197,SI,[2 5 4 1 3],-104.00000000000006,10,4209.000000000036,0.0,False,2
11,0,1,[2 3 1 4 5],2766.000000000011,0.5,0.5,0.4007347400570288,SI,[5 4 1 3 2],-140.50000000000006,10,4543.400000000009,0.0,False,2
11,0,2,[2 3 1 4 5],2766.000000000011,0.5,0.5,0.04820496003460517,SI,[5 4 1 3 2],-140.50000000000006,10,4543.400000000009,0.0,False,2
11,0,3,[2 3 1 4 5],2766.000000000011,0.5,0.5,0.6352721524837064,MI,[5 4 1 3 2],-140.50000000000006,10,4543.400000000009,0.0,False,2
11,0,4,[2 3 1 4 5],2766.000000000011,0.5,0.5,0.6312918875290429,MI,[2 5 4 1 3],-104.00000000000006,10,4209.000000000036,0.0,False,2
12,0,0,[2 3 1 4 5],2766.000000000011,0.5,0.5,0.7932142535539071,MI,[5 4 1 3 2],-140.50000000000006,10,4543.400000000009,0.0,False,2
12,0,1,[2 3 1 4 5],2766.000000000011,0.5,0.5,0.7172616391350386,MI,[2 5 4 1 3],-104.00000000000006,10,4209.000000000036,0.0,False,2
12,0,2,[2 3 1 4 5],2766.000000000011,0.5,0.5,0.14351646558979414,SI,[5 4 1 3 2],-140.50000000000006,10,4543.400000000009,0.0,False,2
12,0,3,[2 3 1 4 5],2766.000000000011,0.5,0.5,0.8084615078203217,MI,[5 4 1 3 2],-140.50000000000006,10,4543.400000000009,0.0,False,2
12,0,4,[2 3 1 4 5],2766.000000000011,0.5,0.5,0.6512549042807735,MI,[5 4 1 3 2],-140.50000000000006,10,4543.400000000009,0.0,False,2
13,0,0,[2 3 1 4 5],2766.000000000011,0.5,0.5,0.30667627180797985,SI,[2 5 4 1 3],-104.00000000000006,10,4209.000000000036,0.0,False,2
13,0,1,[2 3 1 4 5],2766.000000000011,0.5,0.5,0.12996497117997985,SI,[5 4 1 3 2],-140.50000000000006,10,4543.400000000009,0.0,False,2
13,0,2,[2 3 1 4 5],2766.000000000011,0.5,0.5,0.8007639808426509,MI,[2 5 4 1 3],-104.00000000000006,10,4209.000000000036,0.0,False,2
13,0,3,[2 3 1 4 5],2766.000000000011,0.5,0.5,0.4778177369478801,SI,[5 4 1 3 2],-140.50000000000006,10,4543.400000000009,0.0,False,2
13,0,4,[2 3 1 4 5],2766.000000000011,0.5,0.5,0.3742481469912343,SI,[5 4 1 3 2],-140.50000000000006,10,4543.400000000009,0.0,False,2
14,0,0,[2 3 1 4 5],2766.000000000011,0.5,0.5,0.10799564779194504,SI,[5 4 1 3 2],-140.50000000000006,10,4543.400000000009,0.0,False,2
14,0,1,[2 3 1 4 5],2766.000000000011,0.5,0.5,0.6724573477470531,MI,[5 4 1 3 2],-140.50000000000006,10,4543.400000000009,0.0,False,2
14,0,2,[2 3 1 4 5],2766.000000000011,0.5,0.5,0.8056701105599596,MI,[2 5 4 1 3],-104.00000000000006,10,4209.000000000036,0.0,False,2
14,0,3,[2 3 1 4 5],2766.000000000011,0.5,0.5,0.2953233881119163,SI,[2 5 4 1 3],-104.00000000000006,10,4209.000000000036,0.0,False,2
14,0,4,[2 3 1 4 5],2766.000000000011,0.5,0.5,0.9443898402518072,MI,[2 5 4 1 3],-104.00000000000006,10,4209.000000000036,0.0,False,2
15,0,0,[2 3 1 4 5],2766.000000000011,0.5,0.5,0.5290459697147839,MI,[5 4 1 3 2],-140.50000000000006,10,4543.400000000009,0.0,False,2
15,0,1,[2 3 1 4 5],2766.000000000011,0.5,0.5,0.3816339935731885,SI,[5 4 1 3 2],-140.50000000000006,10,4543.400000000009,0.0,False,2
15,0,2,[2 3 1 4 5],2766.000000000011,0.5,0.5,0.7831318731076934,MI,[5 4 1 3 2],-140.50000000000006,10,4543.400000000009,0.0,False,2
15,0,3,[2 3 1 4 5],2766.000000000011,0.5,0.5,0.09199144727602537,SI,[2 5 4 1 3],-104.00000000000006,10,4209.000000000036,0.0,False,2
15,0,4,[2 3 1 4 5],2766.000000000011,0.5,0.5,0.37117838807537806,SI,[3 2 1 4 5],-40.200000000000045,10,2766.899999999958,0.0,False,2
16,0,0,[2 3 1 4 5],2766.000000000011,0.5,0.5,0.6191275745607732,MI,[5 4 1 3 2],-140.50000000000006,10,4543.400000000009,0.0,False,2
16,0,1,[2 3 1 4 5],2766.000000000011,0.5,0.5,0.0039158705370301305,SI,[5 4 1 3 2],-140.50000000000006,10,4543.400000000009,0.0,False,2
16,0,2,[2 3 1 4 5],2766.000000000011,0.5,0.5,0.6771626613624259,MI,[5 4 1 3 2],-140.50000000000006,10,4543.400000000009,0.0,False,2
16,0,3,[2 3 1 4 5],2766.000000000011,0.5,0.5,0.8808621239273245,MI,[2 5 4 1 3],-104.00000000000006,10,4209.000000000036,0.0,False,2
16,0,4,[2 3 1 4 5],2766.000000000011,0.5,0.5,0.2714834088149064,SI,[2 5 4 1 3],-104.00000000000006,10,4209.000000000036,0.0,False,2
17,0,0,[2 3 1 4 5],2766.000000000011,0.5,0.5,0.9173644196959907,MI,[2 3 5 4 1],35.299999999999955,10,3510.5000000000146,0.0,False,2
17,0,1,[2 3 1 4 5],2766.000000000011,0.5,0.5,0.5631497523050699,MI,[2 5 4 1 3],-104.00000000000006,10,4209.000000000036,0.0,False,2
17,0,2,[2 3 1 4 5],2766.000000000011,0.5,0.5,0.10329513066259943,SI,[5 4 1 3 2],-140.50000000000006,10,4543.400000000009,0.0,False,2
17,0,3,[2 3 1 4 5],2766.000000000011,0.5,0.5,0.7172303577750079,MI,[5 4 1 3 2],-140.50000000000006,10,4543.400000000009,0.0,False,2
17,0,4,[2 3 1 4 5],2766.000000000011,0.5,0.5,0.7460380886081035,MI,[5 4 1 3 2],-140.50000000000006,10,4543.400000000009,0.0,False,2
18,0,0,[2 3 1 4 5],2766.000000000011,0.5,0.5,0.20725324744375406,SI,[5 4 1 3 2],-140.50000000000006,10,4543.400000000009,0.0,False,2
18,0,1,[2 3 1 4 5],2766.000000000011,0.5,0.5,0.5506039736413918,MI,[5 4 1 3 2],-140.50000000000006,10,4543.400000000009,0.0,False,2
18,0,2,[2 3 1 4 5],2766.000000000011,0.5,0.5,0.34258797039870614,SI,[5 4 1 3 2],-140.50000000000006,10,4543.400000000009,0.0,False,2
18,0,3,[2 3 1 4 5],2766.000000000011,0.5,0.5,0.6944221377854695,MI,[2 5 4 1 3],-104.00000000000006,10,4209.000000000036,0.0,False,2
18,0,4,[2 3 1 4 5],2766.000000000011,0.5,0.5,0.7682348815889983,MI,[2 5 4 1 3],-104.00000000000006,10,4209.000000000036,0.0,False,2
19,0,0,[2 3 1 4 5],2766.000000000011,0.5,0.5,0.963432712593786,MI,[5 4 1 3 2],-140.50000000000006,10,4543.400000000009,0.0,False,2
19,0,1,[2 3 1 4 5],2766.000000000011,0.5,0.5,0.6896491260059915,MI,[2 5 4 1 3],-104.00000000000006,10,4209.000000000036,0.0,False,2
19,0,2,[2 3 1 4 5],2766.000000000011,0.5,0.5,0.8132274654573254,MI,[5 4 1 3 2],-140.50000000000006,10,4543.400000000009,0.0,False,2
19,0,3,[2 3 1 4 5],2766.000000000011,0.5,0.5,0.13744065309622389,SI,[2 5 4 1 3],-104.00000000000006,10,4209.000000000036,0.0,False,2
19,0,4,[2 3 1 4 5],2766.000000000011,0.5,0.5,0.035959662034281026,SI,[5 4 1 3 2],-140.50000000000006,10,4543.400000000009,0.0,False,2
20,0,0,[2 3 1 4 5],2766.000000000011,0.5,0.5,0.7767755138069272,MI,[5 4 1 3 2],-140.50000000000006,10,4543.400000000009,0.0,False,2
20,0,1,[2 3 1 4 5],2766.000000000011,0.5,0.5,0.7725379981282834,MI,[2 5 4 1 3],-104.00000000000006,10,4209.000000000036,0.0,False,2
20,0,2,[2 3 1 4 5],2766.000000000011,0.5,0.5,0.7563901992152259,MI,[2 5 4 1 3],-104.00000000000006,10,4209.000000000036,0.0,False,2
20,0,3,[2 3 1 4 5],2766.000000000011,0.5,0.5,0.25451715943959374,SI,[3 2 1 4 5],-40.200000000000045,10,2766.899999999958,0.0,False,2
20,0,4,[2 3 1 4 5],2766.000000000011,0.5,0.5,0.9430668164944167,MI,[5 4 1 3 2],-140.50000000000006,10,4543.400000000009,0.0,False,2
21,0,0,[2 3 1 4 5],2766.000000000011,0.5,0.5,0.7965906455689434,MI,[5 4 1 3 2],-140.50000000000006,10,4543.400000000009,0.0,False,2
21,0,1,[2 3 1 4 5],2766.000000000011,0.5,0.5,0.3839027607991079,SI,[5 4 1 3 2],-140.50000000000006,10,4543.400000000009,0.0,False,2
21,0,2,[2 3 1 4 5],2766.000000000011,0.5,0.5,0.048194398928254945,SI,[5 4 1 3 2],-140.50000000000006,10,4543.400000000009,0.0,False,2
21,0,3,[2 3 1 4 5],2766.000000000011,0.5,0.5,0.35036409278274094,SI,[5 4 1 3 2],-140.50000000000006,10,4543.400000000009,0.0,False,2
21,0,4,[2 3 1 4 5],2766.000000000011,0.5,0.5,0.06945671003579734,SI,[5 4 1 3 2],-140.50000000000006,10,4543.400000000009,0.0,False,2
22,0,0,[2 3 1 4 5],2766.000000000011,0.5,0.5,0.6724171785927195,MI,[2 5 4 1 3],-104.00000000000006,10,4209.000000000036,0.0,False,2
22,0,1,[2 3 1 4 5],2766.000000000011,0.5,0.5,0.5814324927771578,MI,[5 4 1 3 2],-140.50000000000006,10,4543.400000000009,0.0,False,2
22,0,2,[2 3 1 4 5],2766.000000000011,0.5,0.5,0.88175527052206,MI,[5 4 1 3 2],-140.50000000000006,10,4543.400000000009,0.0,False,2
22,0,3,[2 3 1 4 5],2766.000000000011,0.5,0.5,0.17975206541145505,SI,[5 4 1 3 2],-140.50000000000006,10,4543.400000000009,0.0,False,2
22,0,4,[2 3 1 4 5],2766.000000000011,0.5,0.5,0.530593087241657,MI,[2 5 4 1 3],-104.00000000000006,10,4209.000000000036,0.0,False,2
23,0,0,[2 3 1 4 5],2766.000000000011,0.5,0.5,0.9354912780146838,MI,[2 5 4 1 3],-104.00000000000006,10,4209.000000000036,0.0,False,2
23,0,1,[2 3 1 4 5],2766.000000000011,0.5,0.5,0.5764909293150837,MI,[5 4 1 3 2],-140.50000000000006,10,4543.400000000009,0.0,False,2
23,0,2,[2 3 1 4 5],2766.000000000011,0.5,0.5,0.05975350526332468,SI,[5 4 1 3 2],-140.50000000000006,10,4543.400000000009,0.0,False,2
23,0,3,[2 3 1 4 5],2766.000000000011,0.5,0.5,0.16562129329967779,SI,[5 4 1 3 2],-140.50000000000006,10,4543.400000000009,0.0,False,2
23,0,4,[2 3 1 4 5],2766.000000000011,0.5,0.5,0.26377392114399123,SI,[3 2 1 4 5],-40.200000000000045,10,2766.899999999958,0.0,False,2
24,0,0,[2 3 1 4 5],2766.000000000011,0.5,0.5,0.08229411535514419,SI,[5 4 1 3 2],-140.50000000000006,10,4543.400000000009,0.0,False,2
24,0,1,[2 3 1 4 5],2766.000000000011,0.5,0.5,0.929158295167499,MI,[2 5 4 1 3],-104.00000000000006,10,4209.000000000036,0.0,False,2
24,0,2,[2 3 1 4 5],2766.000000000011,0.5,0.5,0.5960595783170433,MI,[5 4 1 3 2],-140.50000000000006,10,4543.400000000009,0.0,False,2
24,0,3,[2 3 1 4 5],2766.000000000011,0.5,0.5,0.990379666169259,MI,[5 4 1 3 2],-140.50000000000006,10,4543.400000000009,0.0,False,2
24,0,4,[2 3 1 4 5],2766.000000000011,0.5,0.5,0.3733526530225246,SI,[5 4 1 3 2],-140.50000000000006,10,4543.400000000009,0.0,False,2
25,0,0,[3 1 4 5 2],2761.5999999999804,0.5,0.5,0.6010155829890828,MI,[2 5 4 1 3],57.30000000000001,10,4209.000000000036,0.0,False,2
25,0,1,[3 1 4 5 2],2761.5999999999804,0.5,0.5,0.2539328049561782,SI,[5 4 1 3 2],22.799999999999955,10,4543.400000000009,0.0,False,2
25,0,2,[3 1 4 5 2],2761.5999999999804,0.5,0.5,0.7274475784042855,MI,[5 4 1 3 2],22.799999999999955,10,4543.400000000009,0.0,False,2
25,0,3,[3 1 4 5 2],2761.5999999999804,0.5,0.5,0.2938304188631964,SI,[5 4 1 3 2],22.799999999999955,10,4543.400000000009,0.0,False,2
25,0,4,[3 1 4 5 2],2761.5999999999804,0.5,0.5,0.7024025829925112,MI,[3 5 4 1 2],35.299999999999955,10,3735.199999999986,0.0,False,2
26,0,0,[3 1 4 5 2],2761.5999999999804,0.5,0.5,0.9254078880631382,MI,[5 4 1 3 2],22.799999999999955,10,4543.400000000009,0.0,False,2
26,0,1,[3 1 4 5 2],2761.5999999999804,0.5,0.5,0.3823436446114403,SI,[5 4 1 3 2],22.799999999999955,10,4543.400000000009,0.0,False,2
26,0,2,[3 1 4 5 2],2761.5999999999804,0.5,0.5,0.41469274737320505,SI,[3 5 4 1 2],35.299999999999955,10,3735.199999999986,0.0,False,2
26,0,3,[3 1 4 5 2],2761.5999999999804,0.5,0.5,0.637658140954395,MI,[3 5 4 1 2],35.299999999999955,10,3735.199999999986,0.0,False,2
26,0,4,[3 1 4 5 2],2761.5999999999804,0.5,0.5,0.9635177100006469,MI,[5 4 1 3 2],22.799999999999955,10,4543.400000000009,0.0,False,2
27,0,0,[3 1 4 5 2],2761.5999999999804,0.5,0.5,0.5753712794056239,MI,[5 4 1 3 2],22.799999999999955,10,4543.400000000009,0.0,False,2
27,0,1,[3 1 4 5 2],2761.5999999999804,0.5,0.5,0.9937821146008418,MI,[3 5 4 1 2],35.299999999999955,10,3735.199999999986,0.0,False,2
27,0,2,[3 1 4 5 2],2761.5999999999804,0.5,0.5,0.7447132005080198,MI,[5 4 1 3 2],22.799999999999955,10,4543.400000000009,0.0,False,2
27,0,3,[3 1 4 5 2],2761.5999999999804,0.5,0.5,0.5301673195280461,MI,[2 5 4 1 3],57.30000000000001,10,4209.000000000036,0.0,False,2
27,0,4,[3 1 4 5 2],2761.5999999999804,0.5,0.5,0.20029986388905796,SI,[3 5 4 1 2],35.299999999999955,10,3735.199999999986,0.0,False,2
28,0,0,[3 1 4 5 2],2761.5999999999804,0.5,0.5,0.3195852869207444,SI,[3 5 4 1 2],35.299999999999955,10,3735.199999999986,0.0,False,2
28,0,1,[3 1 4 5 2],2761.5999999999804,0.5,0.5,0.37600750841132613,SI,[5 4 1 3 2],22.799999999999955,10,4543.400000000009,0.0,False,2
28,0,2,[3 1 4 5 2],2761.5999999999804,0.5,0.5,0.49946184083389944,SI,[5 4 1 3 2],22.799999999999955,10,4543.400000000009,0.0,False,2
28,0,3,[3 1 4 5 2],2761.5999999999804,0.5,0.5,0.8289358405694549,MI,[5 4 1 3 2],22.799999999999955,10,4543.400000000009,0.0,False,2
28,0,4,[3 1 4 5 2],2761.5999999999804,0.5,0.5,0.0490369960045034,SI,[5 4 1 3 2],22.799999999999955,10,4543.400000000009,0.0,False,2
29,0,0,[3 1 4 5 2],2761.5999999999804,0.5,0.5,0.24976010988118114,SI,[3 5 4 1 2],35.299999999999955,10,3735.199999999986,0.0,False,2
29,0,1,[3 1 4 5 2],2761.5999999999804,0.5,0.5,0.4481749598107585,SI,[3 5 4 1 2],35.299999999999955,10,3735.199999999986,0.0,False,2
29,0,2,[3 1 4 5 2],2761.5999999999804,0.5,0.5,0.2973334093981178,SI,[5 4 1 3 2],22.799999999999955,10,4543.400000000009,0.0,False,2
29,0,3,[3 1 4 5 2],2761.5999999999804,0.5,0.5,0.4796171939088435,SI,[3 5 4 1 2],35.299999999999955,10,3735.199999999986,0.0,False,2
29,0,4,[3 1 4 5 2],2761.5999999999804,0.5,0.5,0.9697003630771265,MI,[2 5 4 1 3],57.30000000000001,10,4209.000000000036,0.0,False,2
30,0,0,[3 1 4 5 2],2761.5999999999804,0.5,0.5,0.7994837368439071,MI,[5 4 1 3 2],22.799999999999955,10,4543.400000000009,0.0,False,2
30,0,1,[3 1 4 5 2],2761.5999999999804,0.5,0.5,0.5795908028151585,MI,[5 4 1 3 2],22.799999999999955,10,4543.400000000009,0.0,False,2
30,0,2,[3 1 4 5 2],2761.5999999999804,0.5,0.5,0.907998224956915,MI,[3 5 4 1 2],35.299999999999955,10,3735.199999999986,0.0,False,2
30,0,3,[3 1 4 5 2],2761.5999999999804,0.5,0.5,0.5806023608540842,MI,[3 5 4 1 2],35.299999999999955,10,3735.199999999986,0.0,False,2
30,0,4,[3 1 4 5 2],2761.5999999999804,0.5,0.5,0.7330023473069768,MI,[5 4 1 3 2],22.799999999999955,10,4543.400000000009,0.0,False,2
31,0,0,[3 1 4 5 2],2761.5999999999804,0.5,0.5,0.5263050734108103,MI,[5 4 1 3 2],22.799999999999955,10,4543.400000000009,0.0,False,2
31,0,1,[3 1 4 5 2],2761.5999999999804,0.5,0.5,0.4554302114596023,SI,[3 5 4 1 2],35.299999999999955,10,3735.199999999986,0.0,False,2
31,0,2,[3 1 4 5 2],2761.5999999999804,0.5,0.5,0.8663496300369531,MI,[5 4 1 3 2],22.799999999999955,10,4543.400000000009,0.0,False,2
31,0,3,[3 1 4 5 2],2761.5999999999804,0.5,0.5,0.7932057855055589,MI,[2 5 4 1 3],57.30000000000001,10,4209.000000000036,0.0,False,2
31,0,4,[3 1 4 5 2],2761.5999999999804,0.5,0.5,0.7497395263380946,MI,[5 4 1 3 2],22.799999999999955,10,4543.400000000009,0.0,False,2
32,0,0,[3 1 4 5 2],2761.5999999999804,0.5,0.5,0.1415009687115808,SI,[5 4 1 3 2],22.799999999999955,10,4543.400000000009,0.0,False,2
32,0,1,[3 1 4 5 2],2761.5999999999804,0.5,0.5,0.24894105190011429,SI,[5 4 1 3 2],22.799999999999955,10,4543.400000000009,0.0,False,2
32,0,2,[3 1 4 5 2],2761.5999999999804,0.5,0.5,0.28497241666984263,SI,[5 4 1 3 2],22.799999999999955,10,4543.400000000009,0.0,False,2
32,0,3,[3 1 4 5 2],2761.5999999999804,0.5,0.5,0.6746900264482754,MI,[5 4 1 3 2],22.799999999999955,10,4543.400000000009,0.0,False,2
32,0,4,[3 1 4 5 2],2761.5999999999804,0.5,0.5,0.09147089241645734,SI,[5 4 1 3 2],22.799999999999955,10,4543.400000000009,0.0,False,2
33,0,0,[3 1 4 5 2],2761.5999999999804,0.5,0.5,0.5077773379610363,MI,[2 5 4 1 3],57.30000000000001,10,4209.000000000036,0.0,False,2
33,0,1,[3 1 4 5 2],2761.5999999999804,0.5,0.5,0.6758135191657537,MI,[5 4 1 3 2],22.799999999999955,10,4543.400000000009,0.0,False,2
33,0,2,[3 1 4 5 2],2761.5999999999804,0.5,0.5,0.14331922724264734,SI,[5 4 1 3 2],22.799999999999955,10,4543.400000000009,0.0,False,2
33,0,3,[3 1 4 5 2],2761.5999999999804,0.5,0.5,0.22658495397588074,SI,[3 5 4 1 2],35.299999999999955,10,3735.199999999986,0.0,False,2
33,0,4,[3 1 4 5 2],2761.5999999999804,0.5,0.5,0.8001867604324037,MI,[3 5 4 1 2],35.299999999999955,10,3735.199999999986,0.0,False,2
34,0,0,[3 1 4 5 2],2761.5999999999804,0.5,0.5,0.7200778205163292,MI,[5 4 1 3 2],22.799999999999955,10,4543.400000000009,0.0,False,2
34,0,1,[3 1 4 5 2],2761.5999999999804,0.5,0.5,0.32156364635392165,SI,[5 4 1 3 2],22.799999999999955,10,4543.400000000009,0.0,False,2
34,0,2,[3 1 4 5 2],2761.5999999999804,0.5,0.5,0.9650634335430476,MI,[4 1 3 5 2],175.39999999999998,10,4265.999999999996,0.0,False,2
34,0,3,[3 1 4 5 2],2761.5999999999804,0.5,0.5,0.5377931491707033,MI,[2 5 4 1 3],57.30000000000001,10,4209.000000000036,0.0,False,2
34,0,4,[3 1 4 5 2],2761.5999999999804,0.5,0.5,0.316722911256586,SI,[3 5 4 1 2],35.299999999999955,10,3735.199999999986,0.0,False,2
35,0,0,[3 1 4 5 2],2761.5999999999804,0.5,0.5,0.17178517339114008,SI,[5 4 1 3 2],22.799999999999955,10,4543.400000000009,0.0,False,2
35,0,1,[3 1 4 5 2],2761.5999999999804,0.5,0.5,0.31838281974107663,SI,[3 5 4 1 2],35.299999999999955,10,3735.199999999986,0.0,False,2
35,0,2,[3 1 4 5 2],2761.5999999999804,0.5,0.5,0.6402642363686812,MI,[5 4 1 3 2],22.799999999999955,10,4543.400000000009,0.0,False,2
35,0,3,[3 1 4 5 2],2761.5999999999804,0.5,0.5,0.8319401571687315,MI,[5 4 1 3 2],22.799999999999955,10,4543.400000000009,0.0,False,2
35,0,4,[3 1 4 5 2],2761.5999999999804,0.5,0.5,0.9258667308530445,MI,[5 4 1 3 2],22.799999999999955,10,4543.400000000009,0.0,False,2
36,0,0,[3 1 4 5 2],2761.5999999999804,0.5,0.5,0.3227632460095148,SI,[5 4 1 3 2],22.799999999999955,10,4543.400000000009,0.0,False,2
36,0,1,[3 1 4 5 2],2761.5999999999804,0.5,0.5,0.09855454728890078,SI,[3 5 4 1 2],35.299999999999955,10,3735.199999999986,0.0,False,2
36,0,2,[3 1 4 5 2],2761.5999999999804,0.5,0.5,0.5494341362443688,MI,[5 4 1 3 2],22.799999999999955,10,4543.400000000009,0.0,False,2
36,0,3,[3 1 4 5 2],2761.5999999999804,0.5,0.5,0.7713729133780767,MI,[5 4 1 3 2],22.799999999999955,10,4543.400000000009,0.0,False,2
36,0,4,[3 1 4 5 2],2761.5999999999804,0.5,0.5,0.1526519845043971,SI,[3 5 4 1 2],35.299999999999955,10,3735.199999999986,0.0,False,2
37,0,0,[3 1 4 5 2],2761.5999999999804,0.5,0.5,0.2221347832288192,SI,[3 5 4 1 2],35.299999999999955,10,3735.199999999986,0.0,False,2
37,0,1,[3 1 4 5 2],2761.5999999999804,0.5,0.5,0.860656966886661,MI,[5 4 1 3 2],22.799999999999955,10,4543.400000000009,0.0,False,2
37,0,2,[3 1 4 5 2],2761.5999999999804,0.5,0.5,0.2668138186237615,SI,[5 4 1 3 2],22.799999999999955,10,4543.400000000009,0.0,False,2
37,0,3,[3 1 4 5 2],2761.5999999999804,0.5,0.5,0.5514093265177865,MI,[5 4 1 3 2],22.799999999999955,10,4543.400000000009,0.0,False,2
37,0,4,[3 1 4 5 2],2761.5999999999804,0.5,0.5,0.6430524169815397,MI,[3 5 4 1 2],35.299999999999955,10,3735.199999999986,0.0,False,2
38,0,0,[3 1 4 5 2],2761.5999999999804,0.5,0.5,0.02130453670725918,SI,[3 5 4 1 2],35.299999999999955,10,3735.199999999986,0.0,False,2
38,0,1,[3 1 4 5 2],2761.5999999999804,0.5,0.5,0.8779300420518954,MI,[5 4 1 3 2],22.799999999999955,10,4543.400000000009,0.0,False,2
38,0,2,[3 1 4 5 2],2761.5999999999804,0.5,0.5,0.2190522355411375,SI,[5 4 1 3 2],22.799999999999955,10,4543.400000000009,0.0,False,2
38,0,3,[3 1 4 5 2],2761.5999999999804,0.5,0.5,0.143118344768981,SI,[2 5 4 1 3],57.30000000000001,10,4209.000000000036,0.0,False,2
38,0,4,[3 1 4 5 2],2761.5999999999804,0.5,0.5,0.5725153181922622,MI,[3 5 4 1 2],35.299999999999955,10,3735.199999999986,0.0,False,2
39,0,0,[3 1 4 5 2],2761.5999999999804,0.5,0.5,0.032313499689941017,SI,[3 5 4 1 2],35.299999999999955,10,3735.199999999986,0.0,False,2
39,0,1,[3 1 4 5 2],2761.5999999999804,0.5,0.5,0.0229610980592857,SI,[5 4 1 3 2],22.799999999999955,10,4543.400000000009,0.0,False,2
39,0,2,[3 1 4 5 2],2761.5999999999804,0.5,0.5,0.374235259472961,SI,[5 4 1 3 2],22.799999999999955,10,4543.400000000009,0.0,False,2
39,0,3,[3 1 4 5 2],2761.5999999999804,0.5,0.5,0.5082956670670272,MI,[3 5 4 1 2],35.299999999999955,10,3735.199999999986,0.0,False,2
39,0,4,[3 1 4 5 2],2761.5999999999804,0.5,0.5,0.8095595373916744,MI,[3 5 4 1 2],35.299999999999955,10,3735.199999999986,0.0,False,2
40,0,0,[3 1 4 5 2],2761.5999999999804,0.5,0.5,0.9172441888287631,MI,[5 4 1 3 2],22.799999999999955,10,4543.400000000009,0.0,False,2
40,0,1,[3 1 4 5 2],2761.5999999999804,0.5,0.5,0.23053988073769804,SI,[5 4 1 3 2],22.799999999999955,10,4543.400000000009,0.0,False,2
40,0,2,[3 1 4 5 2],2761.5999999999804,0.5,0.5,0.4889266509927791,SI,[3 5 4 1 2],35.299999999999955,10,3735.199999999986,0.0,False,2
40,0,3,[3 1 4 5 2],2761.5999999999804,0.5,0.5,0.6038877634937022,MI,[3 5 4 1 2],35.299999999999955,10,3735.199999999986,0.0,False,2
40,0,4,[3 1 4 5 2],2761.5999999999804,0.5,0.5,0.8561896952417719,MI,[5 4 1 3 2],22.799999999999955,10,4543.400000000009,0.0,False,2
41,0,0,[3 1 4 5 2],2761.5999999999804,0.5,0.5,0.5508405727934285,MI,[5 4 1 3 2],22.799999999999955,10,4543.400000000009,0.0,False,2
41,0,1,[3 1 4 5 2],2761.5999999999804,0.5,0.5,0.6968330845936731,MI,[3 5 4 1 2],35.299999999999955,10,3735.199999999986,0.0,False,2
41,0,2,[3 1 4 5 2],2761.5999999999804,0.5,0.5,0.03337565239540263,SI,[5 4 1 3 2],22.799999999999955,10,4543.400000000009,0.0,False,2
41,0,3,[3 1 4 5 2],2761.5999999999804,0.5,0.5,0.7794407273196918,MI,[5 4 1 3 2],22.799999999999955,10,4543.400000000009,0.0,False,2
41,0,4,[3 1 4 5 2],2761.5999999999804,0.5,0.5,0.864684766359124,MI,[5 4 1 3 2],22.799999999999955,10,4543.400000000009,0.0,False,2
42,0,0,[3 1 4 5 2],2761.5999999999804,0.5,0.5,0.08347319087232796,SI,[5 4 1 3 2],22.799999999999955,10,4543.400000000009,0.0,False,2
42,0,1,[3 1 4 5 2],2761.5999999999804,0.5,0.5,0.5835640441621979,MI,[3 5 4 1 2],35.299999999999955,10,3735.199999999986,0.0,False,2
42,0,2,[3 1 4 5 2],2761.5999999999804,0.5,0.5,0.1979950828058623,SI,[5 4 1 3 2],22.799999999999955,10,4543.400000000009,0.0,False,2
42,0,3,[3 1 4 5 2],2761.5999999999804,0.5,0.5,0.31913130894176145,SI,[5 4 1 3 2],22.799999999999955,10,4543.400000000009,0.0,False,2
42,0,4,[3 1 4 5 2],2761.5999999999804,0.5,0.5,0.6158053038198392,MI,[5 4 1 3 2],22.799999999999955,10,4543.400000000009,0.0,False,2
43,0,0,[3 1 4 5 2],2761.5999999999804,0.5,0.5,0.09011036476724221,SI,[5 4 1 3 2],22.799999999999955,10,4543.400000000009,0.0,False,2
43,0,1,[3 1 4 5 2],2761.5999999999804,0.5,0.5,0.5239995111708005,MI,[3 5 4 1 2],35.299999999999955,10,3735.199999999986,0.0,False,2
43,0,2,[3 1 4 5 2],2761.5999999999804,0.5,0.5,0.8533117266311023,MI,[5 4 1 3 2],22.799999999999955,10,4543.400000000009,0.0,False,2
43,0,3,[3 1 4 5 2],2761.5999999999804,0.5,0.5,0.003460475497432114,SI,[3 5 4 1 2],35.299999999999955,10,3735.199999999986,0.0,False,2
43,0,4,[3 1 4 5 2],2761.5999999999804,0.5,0.5,0.08700067869255024,SI,[5 4 1 3 2],22.799999999999955,10,4543.400000000009,0.0,False,2
44,0,0,[3 1 4 5 2],2761.5999999999804,0.5,0.5,0.08047810720866877,SI,[3 5 4 1 2],35.299999999999955,10,3735.199999999986,0.0,False,2
44,0,1,[3 1 4 5 2],2761.5999999999804,0.5,0.5,0.543389275241559,MI,[5 4 1 3 2],22.799999999999955,10,4543.400000000009,0.0,False,2
44,0,2,[3 1 4 5 2],2761.5999999999804,0.5,0.5,0.20127635644064923,SI,[5 4 1 3 2],22.799999999999955,10,4543.400000000009,0.0,False,2
44,0,3,[3 1 4 5 2],2761.5999999999804,0.5,0.5,0.5995710879891009,MI,[3 5 4 1 2],35.299999999999955,10,3735.199999999986,0.0,False,2
44,0,4,[3 1 4 5 2],2761.5999999999804,0.5,0.5,0.8368910546478264,MI,[5 4 1 3 2],22.799999999999955,10,4543.400000000009,0.0,False,2
45,0,0,[3 1 4 5 2],2761.5999999999804,0.5,0.5,0.8492323276576976,MI,[3 5 4 1 2],35.299999999999955,10,3735.199999999986,0.0,False,2
45,0,1,[3 1 4 5 2],2761.5999999999804,0.5,0.5,0.8016293539456355,MI,[3 5 4 1 2],35.299999999999955,10,3735.199999999986,0.0,False,2
45,0,2,[3 1 4 5 2],2761.5999999999804,0.5,0.5,0.517219262087206,MI,[5 4 1 3 2],22.799999999999955,10,4543.400000000009,0.0,False,2
45,0,3,[3 1 4 5 2],2761.5999999999804,0.5,0.5,0.27157709396981466,SI,[5 4 1 3 2],22.799999999999955,10,4543.400000000009,0.0,False,2
45,0,4,[3 1 4 5 2],2761.5999999999804,0.5,0.5,0.3970284074562168,SI,[5 4 1 3 2],22.799999999999955,10,4543.400000000009,0.0,False,2
46,0,0,[3 1 4 5 2],2761.5999999999804,0.5,0.5,0.335749656681695,SI,[3 5 4 1 2],35.299999999999955,10,3735.199999999986,0.0,False,2
46,0,1,[3 1 4 5 2],2761.5999999999804,0.5,0.5,0.08742593499862161,SI,[5 4 1 3 2],22.799999999999955,10,4543.400000000009,0.0,False,2
46,0,2,[3 1 4 5 2],2761.5999999999804,0.5,0.5,0.44161062950451313,SI,[3 5 4 1 2],35.299999999999955,10,3735.199999999986,0.0,False,2
46,0,3,[3 1 4 5 2],2761.5999999999804,0.5,0.5,0.7746484296828888,MI,[5 4 1 3 2],22.799999999999955,10,4543.400000000009,0.0,False,2
46,0,4,[3 1 4 5 2],2761.5999999999804,0.5,0.5,0.22491481032331362,SI,[5 4 1 3 2],22.799999999999955,10,4543.400000000009,0.0,False,2
47,0,0,[3 1 4 5 2],2761.5999999999804,0.5,0.5,0.1181266189248048,SI,[5 4 1 3 2],22.799999999999955,10,4543.400000000009,0.0,False,2
47,0,1,[3 1 4 5 2],2761.5999999999804,0.5,0.5,0.3459869568723224,SI,[5 4 1 3 2],22.799999999999955,10,4543.400000000009,0.0,False,2
47,0,2,[3 1 4 5 2],2761.5999999999804,0.5,0.5,0.4977650035873128,SI,[5 4 1 3 2],22.799999999999955,10,4543.400000000009,0.0,False,2
47,0,3,[3 1 4 5 2],2761.5999999999804,0.5,0.5,0.201408011559973,SI,[5 4 1 3 2],22.799999999999955,10,4543.400000000009,0.0,False,2
47,0,4,[3 1 4 5 2],2761.5999999999804,0.5,0.5,0.015049382978467696,SI,[5 4 1 3 2],22.799999999999955,10,4543.400000000009,0.0,False,2
48,0,0,[3 1 4 5 2],2761.5999999999804,0.5,0.5,0.32782151088679046,SI,[5 4 1 3 2],22.799999999999955,10,4543.400000000009,0.0,False,2
48,0,1,[3 1 4 5 2],2761.5999999999804,0.5,0.5,0.9022268477763076,MI,[5 4 1 3 2],22.799999999999955,10,4543.400000000009,0.0,False,2
48,0,2,[3 1 4 5 2],2761.5999999999804,0.5,0.5,0.49057791985158694,SI,[5 4 1 3 2],22.799999999999955,10,4543.400000000009,0.0,False,2
48,0,3,[3 1 4 5 2],2761.5999999999804,0.5,0.5,0.42888887667422126,SI,[5 4 1 3 2],22.799999999999955,10,4543.400000000009,0.0,False,2
48,0,4,[3 1 4 5 2],2761.5999999999804,0.5,0.5,0.10638123339438765,SI,[5 4 1 3 2],22.799999999999955,10,4543.400000000009,0.0,False,2
49,0,0,[3 1 4 5 2],2761.5999999999804,0.5,0.5,0.5335488317175195,MI,[5 4 1 3 2],22.799999999999955,10,4543.400000000009,0.0,False,2
49,0,1,[3 1 4 5 2],2761.5999999999804,0.5,0.5,0.7448615605402926,MI,[5 4 1 3 2],22.799999999999955,10,4543.400000000009,0.0,False,2
49,0,2,[3 1 4 5 2],2761.5999999999804,0.5,0.5,0.022828132753785257,SI,[5 4 1 3 2],22.799999999999955,10,4543.400000000009,0.0,False,2
49,0,3,[3 1 4 5 2],2761.5999999999804,0.5,0.5,0.8131786939907623,MI,[5 4 1 3 2],22.799999999999955,10,4543.400000000009,0.0,False,2
49,0,4,[3 1 4 5 2],2761.5999999999804,0.5,0.5,0.9726611626345281,MI,[3 5 4 1 2],35.299999999999955,10,3735.199999999986,0.0,False,2
50,0,0,[3 1 4 5 2],2761.5999999999804,0.5,0.5,0.3673130160999508,SI,[5 4 1 3 2],22.799999999999955,10,4543.400000000009,0.0,False,2
50,0,1,[3 1 4 5 2],2761.5999999999804,0.5,0.5,0.9244594856426446,MI,[5 4 1 3 2],22.799999999999955,10,4543.400000000009,0.0,False,2
50,0,2,[3 1 4 5 2],2761.5999999999804,0.5,0.5,0.7985601595842796,MI,[5 4 1 3 2],22.799999999999955,10,4543.400000000009,0.0,False,2
50,0,3,[3 1 4 5 2],2761.5999999999804,0.5,0.5,0.2440706122859485,SI,[5 4 1 3 2],22.799999999999955,10,4543.400000000009,0.0,False,2
50,0,4,[3 1 4 5 2],2761.5999999999804,0.5,0.5,0.9842465112813726,MI,[3 5 4 1 2],35.299999999999955,10,3735.199999999986,0.0,False,2
51,0,0,[3 1 4 5 2],2761.5999999999804,0.5,0.5,0.20656477503902348,SI,[5 4 1 3 2],22.799999999999955,10,4543.400000000009,0.0,False,2
51,0,1,[3 1 4 5 2],2761.5999999999804,0.5,0.5,0.5716295703475908,MI,[2 5 4 1 3],57.30000000000001,10,4209.000000000036,0.0,False,2
51,0,2,[3 1 4 5 2],2761.5999999999804,0.5,0.5,0.8709105878624495,MI,[3 5 4 1 2],35.299999999999955,10,3735.199999999986,0.0,False,2
51,0,3,[3 1 4 5 2],2761.5999999999804,0.5,0.5,0.5587423433905186,MI,[5 4 1 3 2],22.799999999999955,10,4543.400000000009,0.0,False,2
51,0,4,[3 1 4 5 2],2761.5999999999804,0.5,0.5,0.9733407999167887,MI,[3 5 4 1 2],35.299999999999955,10,3735.199999999986,0.0,False,2
52,0,0,[3 1 4 5 2],2761.5999999999804,0.5,0.5,0.5485600035746322,MI,[2 5 4 1 3],57.30000000000001,10,4209.000000000036,0.0,False,2
52,0,1,[3 1 4 5 2],2761.5999999999804,0.5,0.5,0.8958035511640843,MI,[3 5 4 1 2],35.299999999999955,10,3735.199999999986,0.0,False,2
52,0,2,[3 1 4 5 2],2761.5999999999804,0.5,0.5,0.4249289169323254,SI,[5 4 1 3 2],22.799999999999955,10,4543.400000000009,0.0,False,2
52,0,3,[3 1 4 5 2],2761.5999999999804,0.5,0.5,0.8016725959253188,MI,[5 4 1 3 2],22.799999999999955,10,4543.400000000009,0.0,False,2
52,0,4,[3 1 4 5 2],2761.5999999999804,0.5,0.5,0.6171925898155014,MI,[3 5 4 1 2],35.299999999999955,10,3735.199999999986,0.0,False,2
53,0,0,[3 1 4 5 2],2761.5999999999804,0.5,0.5,0.21923739493667604,SI,[5 4 1 3 2],22.799999999999955,10,4543.400000000009,0.0,False,2
53,0,1,[3 1 4 5 2],2761.5999999999804,0.5,0.5,0.40193523053727054,SI,[5 4 1 3 2],22.799999999999955,10,4543.400000000009,0.0,False,2
53,0,2,[3 1 4 5 2],2761.5999999999804,0.5,0.5,0.025818861901861334,SI,[3 4 1 5 2],73.19999999999999,10,3454.6999999999825,0.0,False,2
53,0,3,[3 1 4 5 2],2761.5999999999804,0.5,0.5,0.07983463957188042,SI,[5 4 1 3 2],22.799999999999955,10,4543.400000000009,0.0,False,2
53,0,4,[3 1 4 5 2],2761.5999999999804,0.5,0.5,0.204419849638366,SI,[3 5 4 1 2],35.299999999999955,10,3735.199999999986,0.0,False,2
54,0,0,[3 1 4 5 2],2761.5999999999804,0.5,0.5,0.5605722772304736,MI,[5 4 1 3 2],22.799999999999955,10,4543.400000000009,0.0,False,2
54,0,1,[3 1 4 5 2],2761.5999999999804,0.5,0.5,0.5151652993332477,MI,[5 4 1 3 2],22.799999999999955,10,4543.400000000009,0.0,False,2
54,0,2,[3 1 4 5 2],2761.5999999999804,0.5,0.5,0.2882570447230727,SI,[5 4 1 3 2],22.799999999999955,10,4543.400000000009,0.0,False,2
54,0,3,[3 1 4 5 2],2761.5999999999804,0.5,0.5,0.8053882909788417,MI,[3 5 4 1 2],35.299999999999955,10,3735.199999999986,0.0,False,2
54,0,4,[3 1 4 5 2],2761.5999999999804,0.5,0.5,0.6132205193275603,MI,[5 4 1 3 2],22.799999999999955,10,4543.400000000009,0.0,False,2
55,0,0,[3 1 4 5 2],2761.5999999999804,0.5,0.5,0.058973853993893766,SI,[5 4 1 3 2],22.799999999999955,10,4543.400000000009,0.0,False,2
55,0,1,[3 1 4 5 2],2761.5999999999804,0.5,0.5,0.8198983209041465,MI,[5 4 1 3 2],22.799999999999955,10,4543.400000000009,0.0,False,2
55,0,2,[3 1 4 5 2],2761.5999999999804,0.5,0.5,0.8533160575157949,MI,[5 4 1 3 2],22.799999999999955,10,4543.400000000009,0.0,False,2
55,0,3,[3 1 4 5 2],2761.5999999999804,0.5,0.5,0.7144673044094463,MI,[5 4 1 3 2],22.799999999999955,10,4543.400000000009,0.0,False,2
55,0,4,[3 1 4 5 2],2761.5999999999804,0.5,0.5,0.5540676243096844,MI,[5 4 1 3 2],22.799999999999955,10,4543.400000000009,0.0,False,2
56,0,0,[3 1 4 5 2],2761.5999999999804,0.5,0.5,0.7950113191253068,MI,[5 4 1 3 2],22.799999999999955,10,4543.400000000009,0.0,False,2
56,0,1,[3 1 4 5 2],2761.5999999999804,0.5,0.5,0.8476218583071318,MI,[5 4 1 3 2],22.799999999999955,10,4543.400000000009,0.0,False,2
56,0,2,[3 1 4 5 2],2761.5999999999804,0.5,0.5,0.9147886859187518,MI,[5 4 1 3 2],22.799999999999955,10,4543.400000000009,0.0,False,2
56,0,3,[3 1 4 5 2],2761.5999999999804,0.5,0.5,0.9484898526997841,MI,[5 4 1 3 2],22.799999999999955,10,4543.400000000009,0.0,False,2
56,0,4,[3 1 4 5 2],2761.5999999999804,0.5,0.5,0.29403880644121005,SI,[3 5 4 1 2],35.299999999999955,10,3735.199999999986,0.0,False,2
57,0,0,[3 1 4 5 2],2761.5999999999804,0.5,0.5,0.22646313085772862,SI,[5 4 1 3 2],22.799999999999955,10,4543.400000000009,0.0,False,2
57,0,1,[3 1 4 5 2],2761.5999999999804,0.5,0.5,0.5410706532689933,MI,[5 4 1 3 2],22.799999999999955,10,4543.400000000009,0.0,False,2
57,0,2,[3 1 4 5 2],2761.5999999999804,0.5,0.5,0.3311935287533687,SI,[5 4 1 3 2],22.799999999999955,10,4543.400000000009,0.0,False,2
57,0,3,[3 1 4 5 2],2761.5999999999804,0.5,0.5,0.8878035229120825,MI,[5 4 1 3 2],22.799999999999955,10,4543.400000000009,0.0,False,2
57,0,4,[3 1 4 5 2],2761.5999999999804,0.5,0.5,0.2560890159083625,SI,[5 4 1 3 2],22.799999999999955,10,4543.400000000009,0.0,False,2
58,0,0,[3 1 4 5 2],2761.5999999999804,0.5,0.5,0.5184728514901735,MI,[3 5 4 1 2],35.299999999999955,10,3735.199999999986,0.0,False,2
58,0,1,[3 1 4 5 2],2761.5999999999804,0.5,0.5,0.09250095237956224,SI,[3 5 4 1 2],35.299999999999955,10,3735.199999999986,0.0,False,2
58,0,2,[3 1 4 5 2],2761.5999999999804,0.5,0.5,0.41226889073922623,SI,[3 5 4 1 2],35.299999999999955,10,3735.199999999986,0.0,False,2
58,0,3,[3 1 4 5 2],2761.5999999999804,0.5,0.5,0.7020000896750023,MI,[3 5 4 1 2],35.299999999999955,10,3735.199999999986,0.0,False,2
58,0,4,[3 1 4 5 2],2761.5999999999804,0.5,0.5,0.8997871413783415,MI,[5 4 1 3 2],22.799999999999955,10,4543.400000000009,0.0,False,2
59,0,0,[3 1 4 5 2],2761.5999999999804,0.5,0.5,0.8142799057894584,MI,[5 4 1 3 2],22.799999999999955,10,4543.400000000009,0.0,False,2
59,0,1,[3 1 4 5 2],2761.5999999999804,0.5,0.5,0.8905708493989711,MI,[2 5 4 1 3],57.30000000000001,10,4209.000000000036,0.0,False,2
59,0,2,[3 1 4 5 2],2761.5999999999804,0.5,0.5,0.3641006509352691,SI,[5 4 1 3 2],22.799999999999955,10,4543.400000000009,0.0,False,2
59,0,3,[3 1 4 5 2],2761.5999999999804,0.5,0.5,0.12747712540766165,SI,[5 4 1 3 2],22.799999999999955,10,4543.400000000009,0.0,False,2
59,0,4,[3 1 4 5 2],2761.5999999999804,0.5,0.5,0.1765075783059743,SI,[3 5 4 1 2],35.299999999999955,10,3735.199999999986,0.0,False,2
60,0,0,[3 1 4 5 2],2761.5999999999804,0.5,0.5,0.9412718176558698,MI,[5 4 1 3 2],22.799999999999955,10,4543.400000000009,0.0,False,2
60,0,1,[3 1 4 5 2],2761.5999999999804,0.5,0.5,0.04279043504264746,SI,[5 4 1 3 2],22.799999999999955,10,4543.400000000009,0.0,False,2
60,0,2,[3 1 4 5 2],2761.5999999999804,0.5,0.5,0.2860736886674349,SI,[5 4 1 3 2],22.799999999999955,10,4543.400000000009,0.0,False,2
60,0,3,[3 1 4 5 2],2761.5999999999804,0.5,0.5,0.2550353976118781,SI,[5 4 1 3 2],22.799999999999955,10,4543.400000000009,0.0,False,2
60,0,4,[3 1 4 5 2],2761.5999999999804,0.5,0.5,0.8837348681724682,MI,[5 4 1 3 2],22.799999999999955,10,4543.400000000009,0.0,False,2
61,0,0,[3 1 4 5 2],2761.5999999999804,0.5,0.5,0.8777868499966628,MI,[3 5 4 1 2],35.299999999999955,10,3735.199999999986,0.0,False,2
61,0,1,[3 1 4 5 2],2761.5999999999804,0.5,0.5,0.5190665272319098,MI,[2 5 4 1 3],57.30000000000001,10,4209.000000000036,0.0,False,2
61,0,2,[3 1 4 5 2],2761.5999999999804,0.5,0.5,0.17786733351325235,SI,[3 5 4 1 2],35.299999999999955,10,3735.199999999986,0.0,False,2
61,0,3,[3 1 4 5 2],2761.5999999999804,0.5,0.5,0.7613423048481305,MI,[5 4 1 3 2],22.799999999999955,10,4543.400000000009,0.0,False,2
61,0,4,[3 1 4 5 2],2761.5999999999804,0.5,0.5,0.8019913913781738,MI,[3 5 4 1 2],35.299999999999955,10,3735.199999999986,0.0,False,2
62,0,0,[3 1 4 5 2],2761.5999999999804,0.5,0.5,0.4158810411372805,SI,[3 5 4 1 2],35.299999999999955,10,3735.199999999986,0.0,False,2
62,0,1,[3 1 4 5 2],2761.5999999999804,0.5,0.5,0.034117947107900615,SI,[5 4 1 3 2],22.799999999999955,10,4543.400000000009,0.0,False,2
62,0,2,[3 1 4 5 2],2761.5999999999804,0.5,0.5,0.19602405849308868,SI,[5 4 1 3 2],22.799999999999955,10,4543.400000000009,0.0,False,2
62,0,3,[3 1 4 5 2],2761.5999999999804,0.5,0.5,0.5119623885436505,MI,[5 4 1 3 2],22.799999999999955,10,4543.400000000009,0.0,False,2
62,0,4,[3 1 4 5 2],2761.5999999999804,0.5,0.5,0.08062574790394306,SI,[5 4 1 3 2],22.799999999999955,10,4543.400000000009,0.0,False,2
63,0,0,[3 1 4 5 2],2761.5999999999804,0.5,0.5,0.963021136091413,MI,[5 4 1 3 2],22.799999999999955,10,4543.400000000009,0.0,False,2
63,0,1,[3 1 4 5 2],2761.5999999999804,0.5,0.5,0.6170786973119681,MI,[5 4 1 3 2],22.799999999999955,10,4543.400000000009,0.0,False,2
63,0,2,[3 1 4 5 2],2761.5999999999804,0.5,0.5,0.8937015627403379,MI,[3 5 4 1 2],35.299999999999955,10,3735.199999999986,0.0,False,2
63,0,3,[3 1 4 5 2],2761.5999999999804,0.5,0.5,0.9667519940950744,MI,[3 5 4 1 2],35.299999999999955,10,3735.199999999986,0.0,False,2
63,0,4,[3 1 4 5 2],2761.5999999999804,0.5,0.5,0.16244984506941917,SI,[5 4 1 3 2],22.799999999999955,10,4543.400000000009,0.0,False,2
64,0,0,[3 1 4 5 2],2761.5999999999804,0.5,0.5,0.9419882323562384,MI,[5 4 1 3 2],22.799999999999955,10,4543.400000000009,0.0,False,2
64,0,1,[3 1 4 5 2],2761.5999999999804,0.5,0.5,0.6756999061922747,MI,[5 4 1 3 2],22.799999999999955,10,4543.400000000009,0.0,False,2
64,0,2,[3 1 4 5 2],2761.5999999999804,0.5,0.5,0.8732493730520606,MI,[5 4 1 3 2],22.799999999999955,10,4543.400000000009,0.0,False,2
64,0,3,[3 1 4 5 2],2761.5999999999804,0.5,0.5,0.10373778169657788,SI,[5 4 1 3 2],22.799999999999955,10,4543.400000000009,0.0,False,2
64,0,4,[3 1 4 5 2],2761.5999999999804,0.5,0.5,0.5156983990645922,MI,[3 5 4 1 2],35.299999999999955,10,3735.199999999986,0.0,False,2
65,0,0,[3 1 4 5 2],2761.5999999999804,0.5,0.5,0.3234563833227275,SI,[5 4 1 3 2],22.799999999999955,10,4543.400000000009,0.0,False,2
65,0,1,[3 1 4 5 2],2761.5999999999804,0.5,0.5,0.032926957362808706,SI,[3 1 5 4 2],101.39999999999998,10,2985.999999999982,0.0,False,2
65,0,2,[3 1 4 5 2],2761.5999999999804,0.5,0.5,0.8697238017837261,MI,[3 5 4 1 2],35.299999999999955,10,3735.199999999986,0.0,False,2
65,0,3,[3 1 4 5 2],2761.5999999999804,0.5,0.5,0.6925442974907171,MI,[5 4 1 3 2],22.799999999999955,10,4543.400000000009,0.0,False,2
65,0,4,[3 1 4 5 2],2761.5999999999804,0.5,0.5,0.8070809016186054,MI,[5 4 1 3 2],22.799999999999955,10,4543.400000000009,0.0,False,2
66,0,0,[3 1 4 5 2],2761.5999999999804,0.5,0.5,0.2051604095314914,SI,[5 4 1 3 2],22.799999999999955,10,4543.400000000009,0.0,False,2
66,0,1,[3 1 4 5 2],2761.5999999999804,0.5,0.5,0.41947450190570845,SI,[5 4 1 3 2],22.799999999999955,10,4543.400000000009,0.0,False,2
66,0,2,[3 1 4 5 2],2761.5999999999804,0.5,0.5,0.6281226031552714,MI,[5 4 1 3 2],22.799999999999955,10,4543.400000000009,0.0,False,2
66,0,3,[3 1 4 5 2],2761.5999999999804,0.5,0.5,0.7846553600472314,MI,[5 4 1 3 2],22.799999999999955,10,4543.400000000009,0.0,False,2
66,0,4,[3 1 4 5 2],2761.5999999999804,0.5,0.5,0.027685769467069687,SI,[5 4 1 3 2],22.799999999999955,10,4543.400000000009,0.0,False,2
67,0,0,[3 1 4 5 2],2761.5999999999804,0.5,0.5,0.6167933354475296,MI,[5 4 1 3 2],22.799999999999955,10,4543.400000000009,0.0,False,2
67,0,1,[3 1 4 5 2],2761.5999999999804,0.5,0.5,0.8775820083184759,MI,[5 4 1 3 2],22.799999999999955,10,4543.400000000009,0.0,False,2
67,0,2,[3 1 4 5 2],2761.5999999999804,0.5,0.5,0.3005889766600569,SI,[5 4 1 3 2],22.799999999999955,10,4543.400000000009,0.0,False,2
67,0,3,[3 1 4 5 2],2761.5999999999804,0.5,0.5,0.8280219747678469,MI,[3 5 4 1 2],35.299999999999955,10,3735.199999999986,0.0,False,2
67,0,4,[3 1 4 5 2],2761.5999999999804,0.5,0.5,0.6506499545758406,MI,[5 4 1 3 2],22.799999999999955,10,4543.400000000009,0.0,False,2
68,0,0,[3 1 4 5 2],2761.5999999999804,0.5,0.5,0.3711347471550078,SI,[5 4 1 3 2],22.799999999999955,10,4543.400000000009,0.0,False,2
68,0,1,[3 1 4 5 2],2761.5999999999804,0.5,0.5,0.6578985715772606,MI,[3 5 4 1 2],35.299999999999955,10,3735.199999999986,0.0,False,2
68,0,2,[3 1 4 5 2],2761.5999999999804,0.5,0.5,0.4616120140593877,SI,[3 5 4 1 2],35.299999999999955,10,3735.199999999986,0.0,False,2
68,0,3,[3 1 4 5 2],2761.5999999999804,0.5,0.5,0.37627735526264794,SI,[5 4 1 3 2],22.799999999999955,10,4543.400000000009,0.0,False,2
68,0,4,[3 1 4 5 2],2761.5999999999804,0.5,0.5,0.05784914968548871,SI,[5 4 1 3 2],22.799999999999955,10,4543.400000000009,0.0,False,2
69,0,0,[3 1 4 5 2],2761.5999999999804,0.5,0.5,0.5516757876569225,MI,[5 4 1 3 2],22.799999999999955,10,4543.400000000009,0.0,False,2
69,0,1,[3 1 4 5 2],2761.5999999999804,0.5,0.5,0.6799528408247713,MI,[5 4 1 3 2],22.799999999999955,10,4543.400000000009,0.0,False,2
69,0,2,[3 1 4 5 2],2761.5999999999804,0.5,0.5,0.19534412091884867,SI,[5 4 1 3 2],22.799999999999955,10,4543.400000000009,0.0,False,2
69,0,3,[3 1 4 5 2],2761.5999999999804,0.5,0.5,0.5539342952053262,MI,[5 4 1 3 2],22.799999999999955,10,4543.400000000009,0.0,False,2
69,0,4,[3 1 4 5 2],2761.5999999999804,0.5,0.5,0.05350800207820572,SI,[5 4 1 3 2],22.799999999999955,10,4543.400000000009,0.0,False,2
70,0,0,[3 1 4 5 2],2761.5999999999804,0.5,0.5,0.27047036944969804,SI,[5 4 1 3 2],22.799999999999955,10,4543.400000000009,0.0,False,2
70,0,1,[3 1 4 5 2],2761.5999999999804,0.5,0.5,0.7059707655380854,MI,[5 4 1 3 2],22.799999999999955,10,4543.400000000009,0.0,False,2
70,0,2,[3 1 4 5 2],2761.5999999999804,0.5,0.5,0.9479474411883295,MI,[5 4 1 3 2],22.799999999999955,10,4543.400000000009,0.0,False,2
70,0,3,[3 1 4 5 2],2761.5999999999804,0.5,0.5,0.27692433145632733,SI,[5 4 1 3 2],22.799999999999955,10,4543.400000000009,0.0,False,2
70,0,4,[3 1 4 5 2],2761.5999999999804,0.5,0.5,0.8685828227766208,MI,[3 5 4 1 2],35.299999999999955,10,3735.199999999986,0.0,False,2
71,0,0,[3 1 4 5 2],2761.5999999999804,0.5,0.5,0.2256767998289444,SI,[3 5 4 1 2],35.299999999999955,10,3735.199999999986,0.0,False,2
71,0,1,[3 1 4 5 2],2761.5999999999804,0.5,0.5,0.5364725510273177,MI,[5 4 1 3 2],22.799999999999955,10,4543.400000000009,0.0,False,2
71,0,2,[3 1 4 5 2],2761.5999999999804,0.5,0.5,0.5218151604912783,MI,[2 5 4 1 3],57.30000000000001,10,4209.000000000036,0.0,False,2
71,0,3,[3 1 4 5 2],2761.5999999999804,0.5,0.5,0.1006186463451586,SI,[5 4 1 3 2],22.799999999999955,10,4543.400000000009,0.0,False,2
71,0,4,[3 1 4 5 2],2761.5999999999804,0.5,0.5,0.8777266833387384,MI,[5 4 1 3 2],22.799999999999955,10,4543.400000000009,0.0,False,2
72,0,0,[3 1 4 5 2],2761.5999999999804,0.5,0.5,0.5761171576309565,MI,[3 5 4 1 2],35.299999999999955,10,3735.199999999986,0.0,False,2
72,0,1,[3 1 4 5 2],2761.5999999999804,0.5,0.5,0.9180282822780395,MI,[5 4 1 3 2],22.799999999999955,10,4543.400000000009,0.0,False,2
72,0,2,[3 1 4 5 2],2761.5999999999804,0.5,0.5,0.7099906773413904,MI,[2 5 4 1 3],57.30000000000001,10,4209.000000000036,0.0,False,2
72,0,3,[3 1 4 5 2],2761.5999999999804,0.5,0.5,0.6311102236890184,MI,[3 5 4 1 2],35.299999999999955,10,3735.199999999986,0.0,False,2
72,0,4,[3 1 4 5 2],2761.5999999999804,0.5,0.5,0.18006011685723455,SI,[5 4 1 3 2],22.799999999999955,10,4543.400000000009,0.0,False,2
73,0,0,[3 1 4 5 2],2761.5999999999804,0.5,0.5,0.5611427548160769,MI,[3 5 4 1 2],35.299999999999955,10,3735.199999999986,0.0,False,2
73,0,1,[3 1 4 5 2],2761.5999999999804,0.5,0.5,0.21055613292284892,SI,[5 4 1 3 2],22.799999999999955,10,4543.400000000009,0.0,False,2
73,0,2,[3 1 4 5 2],2761.5999999999804,0.5,0.5,0.24681447679471102,SI,[5 4 1 3 2],22.799999999999955,10,4543.400000000009,0.0,False,2
73,0,3,[3 1 4 5 2],2761.5999999999804,0.5,0.5,0.997828111238859,MI,[3 5 4 1 2],35.299999999999955,10,3735.199999999986,0.0,False,2
73,0,4,[3 1 4 5 2],2761.5999999999804,0.5,0.5,0.7451445414367542,MI,[3 5 4 1 2],35.299999999999955,10,3735.199999999986,0.0,False,2
74,0,0,[3 1 4 5 2],2761.5999999999804,0.5,0.5,0.9665906359566171,MI,[5 4 1 3 2],22.799999999999955,10,4543.400000000009,0.0,False,2
74,0,1,[3 1 4 5 2],2761.5999999999804,0.5,0.5,0.6098300140855424,MI,[5 4 1 3 2],22.799999999999955,10,4543.400000000009,0.0,False,2
74,0,2,[3 1 4 5 2],2761.5999999999804,0.5,0.5,0.10937752713612459,SI,[5 4 1 3 2],22.799999999999955,10,4543.400000000009,0.0,False,2
74,0,3,[3 1 4 5 2],2761.5999999999804,0.5,0.5,0.00462997216925376,SI,[5 4 1 3 2],22.799999999999955,10,4543.400000000009,0.0,False,2
74,0,4,[3 1 4 5 2],2761.5999999999804,0.5,0.5,0.16410889105506676,SI,[5 4 1 3 2],22.799999999999955,10,4543.400000000009,0.0,False,2
0,19,0,[2 1 3 5 4],1747.6999999999643,0.5,0.5,0.522820997960041,MI,[4 5 3 1 2],-62.50000000000006,10,3419.799999999963,0.0,False,3
0,19,1,[2 1 3 5 4],1747.6999999999643,0.5,0.5,0.30577192091530114,SI,[4 5 3 1 2],-62.50000000000006,10,3419.799999999963,0.0,False,3
0,19,2,[2 1 3 5 4],1747.6999999999643,0.5,0.5,0.2709777797334697,SI,[2 1 4 5 3],-0.30000000000001137,10,1755.1999999999643,0.0,False,3
0,19,3,[2 1 3 5 4],1747.6999999999643,0.5,0.5,0.03134397601585248,SI,[4 5 3 1 2],-62.50000000000006,10,3419.799999999963,0.0,False,3
0,19,4,[2 1 3 5 4],1747.6999999999643,0.5,0.5,0.09130102985039046,SI,[4 5 3 1 2],-62.50000000000006,10,3419.799999999963,0.0,False,3
1,0,0,[2 1 3 5 4],1747.6999999999643,0.5,0.5,0.6172630930339903,MI,[4 5 3 1 2],-62.50000000000006,10,3419.799999999963,0.0,False,3
1,0,1,[2 1 3 5 4],1747.6999999999643,0.5,0.5,0.08634391748289572,SI,[2 4 5 3 1],-44.69999999999999,10,2568.2999999999593,0.0,False,3
1,0,2,[2 1 3 5 4],1747.6999999999643,0.5,0.5,0.4743244077918711,SI,[4 5 3 1 2],-62.50000000000006,10,3419.799999999963,0.0,False,3
1,0,3,[2 1 3 5 4],1747.6999999999643,0.5,0.5,0.5883448555120104,MI,[2 4 5 3 1],-44.69999999999999,10,2568.2999999999593,0.0,False,3
1,0,4,[2 1 3 5 4],1747.6999999999643,0.5,0.5,0.8412626260570436,MI,[2 4 5 3 1],-44.69999999999999,10,2568.2999999999593,0.0,False,3
2,0,0,[2 1 3 5 4],1747.6999999999643,0.5,0.5,0.010113684185484417,SI,[2 1 4 5 3],-0.30000000000001137,10,1755.1999999999643,0.0,False,3
2,0,1,[2 1 3 5 4],1747.6999999999643,0.5,0.5,0.7110753784704122,MI,[2 1 4 5 3],-0.30000000000001137,10,1755.1999999999643,0.0,False,3
2,0,2,[2 1 3 5 4],1747.6999999999643,0.5,0.5,0.7773884768834856,MI,[4 5 3 1 2],-62.50000000000006,10,3419.799999999963,0.0,False,3
2,0,3,[2 1 3 5 4],1747.6999999999643,0.5,0.5,0.3683825574856967,SI,[4 5 3 1 2],-62.50000000000006,10,3419.799999999963,0.0,False,3
2,0,4,[2 1 3 5 4],1747.6999999999643,0.5,0.5,0.8503673523497803,MI,[2 4 5 3 1],-44.69999999999999,10,2568.2999999999593,0.0,False,3
3,0,0,[2 1 3 5 4],1747.6999999999643,0.5,0.5,0.17143211077319942,SI,[4 5 3 1 2],-62.50000000000006,10,3419.799999999963,0.0,False,3
3,0,1,[2 1 3 5 4],1747.6999999999643,0.5,0.5,0.07369676778528056,SI,[4 5 3 1 2],-62.50000000000006,10,3419.799999999963,0.0,False,3
3,0,2,[2 1 3 5 4],1747.6999999999643,0.5,0.5,0.4955483518818873,SI,[4 5 3 1 2],-62.50000000000006,10,3419.799999999963,0.0,False,3
3,0,3,[2 1 3 5 4],1747.6999999999643,0.5,0.5,0.16735220730071243,SI,[4 5 3 1 2],-62.50000000000006,10,3419.799999999963,0.0,False,3
3,0,4,[2 1 3 5 4],1747.6999999999643,0.5,0.5,0.5995642857169776,MI,[4 5 3 1 2],-62.50000000000006,10,3419.799999999963,0.0,False,3
4,0,0,[2 1 3 5 4],1747.6999999999643,0.5,0.5,0.789316669248338,MI,[2 1 4 5 3],-0.30000000000001137,10,1755.1999999999643,0.0,False,3
4,0,1,[2 1 3 5 4],1747.6999999999643,0.5,0.5,0.4735691855326555,SI,[4 5 3 1 2],-62.50000000000006,10,3419.799999999963,0.0,False,3
4,0,2,[2 1 3 5 4],1747.6999999999643,0.5,0.5,0.6045017510900194,MI,[2 4 5 3 1],-44.69999999999999,10,2568.2999999999593,0.0,False,3
4,0,3,[2 1 3 5 4],1747.6999999999643,0.5,0.5,0.5059042347715114,MI,[4 5 3 1 2],-62.50000000000006,10,3419.799999999963,0.0,False,3
4,0,4,[2 1 3 5 4],1747.6999999999643,0.5,0.5,0.809536252090504,MI,[2 4 5 3 1],-44.69999999999999,10,2568.2999999999593,0.0,False,3
5,0,0,[2 1 3 5 4],1747.6999999999643,0.5,0.5,0.8236715187990489,MI,[4 5 3 1 2],-62.50000000000006,10,3419.799999999963,0.0,False,3
5,0,1,[2 1 3 5 4],1747.6999999999643,0.5,0.5,0.7544798852994238,MI,[4 5 3 1 2],-62.50000000000006,10,3419.799999999963,0.0,False,3
5,0,2,[2 1 3 5 4],1747.6999999999643,0.5,0.5,0.9381038647429186,MI,[4 5 3 1 2],-62.50000000000006,10,3419.799999999963,0.0,False,3
5,0,3,[2 1 3 5 4],1747.6999999999643,0.5,0.5,0.849608814570592,MI,[4 5 3 1 2],-62.50000000000006,10,3419.799999999963,0.0,False,3
5,0,4,[2 1 3 5 4],1747.6999999999643,0.5,0.5,0.741655686320432,MI,[4 5 3 1 2],-62.50000000000006,10,3419.799999999963,0.0,False,3
6,0,0,[2 1 3 5 4],1747.6999999999643,0.5,0.5,0.1118070260844144,SI,[4 5 3 1 2],-62.50000000000006,10,3419.799999999963,0.0,False,3
6,0,1,[2 1 3 5 4],1747.6999999999643,0.5,0.5,0.06033244168402918,SI,[4 5 3 1 2],-62.50000000000006,10,3419.799999999963,0.0,False,3
6,0,2,[2 1 3 5 4],1747.6999999999643,0.5,0.5,0.5287940248424259,MI,[4 5 3 1 2],-62.50000000000006,10,3419.799999999963,0.0,False,3
6,0,3,[2 1 3 5 4],1747.6999999999643,0.5,0.5,0.7491164543561547,MI,[2 4 5 3 1],-44.69999999999999,10,2568.2999999999593,0.0,False,3
6,0,4,[2 1 3 5 4],1747.6999999999643,0.5,0.5,0.06436019750558708,SI,[2 4 5 3 1],-44.69999999999999,10,2568.2999999999593,0.0,False,3
7,0,0,[2 1 3 5 4],1747.6999999999643,0.5,0.5,0.7173922158878175,MI,[2 1 4 5 3],-0.30000000000001137,10,1755.1999999999643,0.0,False,3
7,0,1,[2 1 3 5 4],1747.6999999999643,0.5,0.5,0.80168287257942,MI,[4 5 3 1 2],-62.50000000000006,10,3419.799999999963,0.0,False,3
7,0,2,[2 1 3 5 4],1747.6999999999643,0.5,0.5,0.5745583048936138,MI,[4 5 3 1 2],-62.50000000000006,10,3419.799999999963,0.0,False,3
7,0,3,[2 1 3 5 4],1747.6999999999643,0.5,0.5,0.23013044630513413,SI,[4 5 3 1 2],-62.50000000000006,10,3419.799999999963,0.0,False,3
7,0,4,[2 1 3 5 4],1747.6999999999643,0.5,0.5,0.5461969981374701,MI,[4 5 3 1 2],-62.50000000000006,10,3419.799999999963,0.0,False,3
8,0,0,[2 1 3 5 4],1747.6999999999643,0.5,0.5,0.6986060209657385,MI,[4 5 3 1 2],-62.50000000000006,10,3419.799999999963,0.0,False,3
8,0,1,[2 1 3 5 4],1747.6999999999643,0.5,0.5,0.8303323292908131,MI,[4 5 3 1 2],-62.50000000000006,10,3419.799999999963,0.0,False,3
8,0,2,[2 1 3 5 4],1747.6999999999643,0.5,0.5,0.986727510799383,MI,[4 5 3 1 2],-62.50000000000006,10,3419.799999999963,0.0,False,3
8,0,3,[2 1 3 5 4],1747.6999999999643,0.5,0.5,0.908553674968452,MI,[4 5 3 1 2],-62.50000000000006,10,3419.799999999963,0.0,False,3
8,0,4,[2 1 3 5 4],1747.6999999999643,0.5,0.5,0.30518202519329773,SI,[4 5 3 1 2],-62.50000000000006,10,3419.799999999963,0.0,False,3
9,0,0,[2 1 3 5 4],1747.6999999999643,0.5,0.5,0.765169863170059,MI,[2 1 4 5 3],-0.30000000000001137,10,1755.1999999999643,0.0,False,3
9,0,1,[2 1 3 5 4],1747.6999999999643,0.5,0.5,0.028281147047939714,SI,[2 4 5 3 1],-44.69999999999999,10,2568.2999999999593,0.0,False,3
9,0,2,[2 1 3 5 4],1747.6999999999643,0.5,0.5,0.3749456579195847,SI,[4 5 3 1 2],-62.50000000000006,10,3419.799999999963,0.0,False,3
9,0,3,[2 1 3 5 4],1747.6999999999643,0.5,0.5,0.24274133714158452,SI,[2 4 5 3 1],-44.69999999999999,10,2568.2999999999593,0.0,False,3
9,0,4,[2 1 3 5 4],1747.6999999999643,0.5,0.5,0.8654365290368174,MI,[4 5 3 1 2],-62.50000000000006,10,3419.799999999963,0.0,False,3
10,0,0,[2 1 3 5 4],1747.6999999999643,0.5,0.5,0.5282864947460427,MI,[4 5 3 1 2],-62.50000000000006,10,3419.799999999963,0.0,False,3
10,0,1,[2 1 3 5 4],1747.6999999999643,0.5,0.5,0.3892210312231916,SI,[4 5 3 1 2],-62.50000000000006,10,3419.799999999963,0.0,False,3
10,0,2,[2 1 3 5 4],1747.6999999999643,0.5,0.5,0.023089282534999533,SI,[4 5 3 1 2],-62.50000000000006,10,3419.799999999963,0.0,False,3
10,0,3,[2 1 3 5 4],1747.6999999999643,0.5,0.5,0.898687477969342,MI,[2 4 5 3 1],-44.69999999999999,10,2568.2999999999593,0.0,False,3
10,0,4,[2 1 3 5 4],1747.6999999999643,0.5,0.5,0.6390229627905432,MI,[2 4 5 3 1],-44.69999999999999,10,2568.2999999999593,0.0,False,3
11,0,0,[2 1 3 5 4],1747.6999999999643,0.5,0.5,0.8874258167918261,MI,[4 5 3 1 2],-62.50000000000006,10,3419.799999999963,0.0,False,3
11,0,1,[2 1 3 5 4],1747.6999999999643,0.5,0.5,0.6223196089667695,MI,[4 5 3 1 2],-62.50000000000006,10,3419.799999999963,0.0,False,3
11,0,2,[2 1 3 5 4],1747.6999999999643,0.5,0.5,0.9478240258543067,MI,[4 5 3 1 2],-62.50000000000006,10,3419.799999999963,0.0,False,3
11,0,3,[2 1 3 5 4],1747.6999999999643,0.5,0.5,0.44320600636831176,SI,[4 5 3 1 2],-62.50000000000006,10,3419.799999999963,0.0,False,3
11,0,4,[2 1 3 5 4],1747.6999999999643,0.5,0.5,0.9435671240703078,MI,[2 4 5 3 1],-44.69999999999999,10,2568.2999999999593,0.0,False,3
12,0,0,[2 1 3 5 4],1747.6999999999643,0.5,0.5,0.745919061460662,MI,[4 5 3 1 2],-62.50000000000006,10,3419.799999999963,0.0,False,3
12,0,1,[2 1 3 5 4],1747.6999999999643,0.5,0.5,0.9941275077021848,MI,[2 4 5 3 1],-44.69999999999999,10,2568.2999999999593,0.0,False,3
12,0,2,[2 1 3 5 4],1747.6999999999643,0.5,0.5,0.20821005689230399,SI,[4 5 3 1 2],-62.50000000000006,10,3419.799999999963,0.0,False,3
12,0,3,[2 1 3 5 4],1747.6999999999643,0.5,0.5,0.9252893986318811,MI,[4 5 3 1 2],-62.50000000000006,10,3419.799999999963,0.0,False,3
12,0,4,[2 1 3 5 4],1747.6999999999643,0.5,0.5,0.3412477633375355,SI,[4 5 3 1 2],-62.50000000000006,10,3419.799999999963,0.0,False,3
13,0,0,[2 1 3 5 4],1747.6999999999643,0.5,0.5,0.6181447311576952,MI,[4 5 3 1 2],-62.50000000000006,10,3419.799999999963,0.0,False,3
13,0,1,[2 1 3 5 4],1747.6999999999643,0.5,0.5,0.7842189037894509,MI,[4 5 3 1 2],-62.50000000000006,10,3419.799999999963,0.0,False,3
13,0,2,[2 1 3 5 4],1747.6999999999643,0.5,0.5,0.8013606363385761,MI,[4 5 3 1 2],-62.50000000000006,10,3419.799999999963,0.0,False,3
13,0,3,[2 1 3 5 4],1747.6999999999643,0.5,0.5,0.43379217958023486,SI,[4 5 3 1 2],-62.50000000000006,10,3419.799999999963,0.0,False,3
13,0,4,[2 1 3 5 4],1747.6999999999643,0.5,0.5,0.6785375159458129,MI,[2 4 5 3 1],-44.69999999999999,10,2568.2999999999593,0.0,False,3
14,0,0,[2 1 3 5 4],1747.6999999999643,0.5,0.5,0.06632635300822565,SI,[4 5 3 1 2],-62.50000000000006,10,3419.799999999963,0.0,False,3
14,0,1,[2 1 3 5 4],1747.6999999999643,0.5,0.5,0.7471229305491605,MI,[2 4 5 3 1],-44.69999999999999,10,2568.2999999999593,0.0,False,3
14,0,2,[2 1 3 5 4],1747.6999999999643,0.5,0.5,0.5573965781793377,MI,[2 1 4 5 3],-0.30000000000001137,10,1755.1999999999643,0.0,False,3
14,0,3,[2 1 3 5 4],1747.6999999999643,0.5,0.5,0.7944989231677746,MI,[4 5 3 1 2],-62.50000000000006,10,3419.799999999963,0.0,False,3
14,0,4,[2 1 3 5 4],1747.6999999999643,0.5,0.5,0.7323176042513364,MI,[4 5 3 1 2],-62.50000000000006,10,3419.799999999963,0.0,False,3
15,0,0,[2 1 3 5 4],1747.6999999999643,0.5,0.5,0.807323533434852,MI,[4 5 3 1 2],-62.50000000000006,10,3419.799999999963,0.0,False,3
15,0,1,[2 1 3 5 4],1747.6999999999643,0.5,0.5,0.8855925717464206,MI,[2 1 4 5 3],-0.30000000000001137,10,1755.1999999999643,0.0,False,3
15,0,2,[2 1 3 5 4],1747.6999999999643,0.5,0.5,0.6748564664911176,MI,[2 4 5 3 1],-44.69999999999999,10,2568.2999999999593,0.0,False,3
15,0,3,[2 1 3 5 4],1747.6999999999643,0.5,0.5,0.6509977025194863,MI,[4 5 3 1 2],-62.50000000000006,10,3419.799999999963,0.0,False,3
15,0,4,[2 1 3 5 4],1747.6999999999643,0.5,0.5,0.15519579556908603,SI,[4 5 3 1 2],-62.50000000000006,10,3419.799999999963,0.0,False,3
16,0,0,[2 1 3 5 4],1747.6999999999643,0.5,0.5,0.13071308874270016,SI,[2 4 5 3 1],-44.69999999999999,10,2568.2999999999593,0.0,False,3
16,0,1,[2 1 3 5 4],1747.6999999999643,0.5,0.5,0.7211796486813583,MI,[4 5 3 1 2],-62.50000000000006,10,3419.799999999963,0.0,False,3
16,0,2,[2 1 3 5 4],1747.6999999999643,0.5,0.5,0.9567708461842772,MI,[2 4 5 3 1],-44.69999999999999,10,2568.2999999999593,0.0,False,3
16,0,3,[2 1 3 5 4],1747.6999999999643,0.5,0.5,0.31045793563010826,SI,[4 5 3 1 2],-62.50000000000006,10,3419.799999999963,0.0,False,3
16,0,4,[2 1 3 5 4],1747.6999999999643,0.5,0.5,0.5500216952539106,MI,[2 4 5 3 1],-44.69999999999999,10,2568.2999999999593,0.0,False,3
17,0,0,[2 1 3 5 4],1747.6999999999643,0.5,0.5,0.33819004875008274,SI,[2 4 5 3 1],-44.69999999999999,10,2568.2999999999593,0.0,False,3
17,0,1,[2 1 3 5 4],1747.6999999999643,0.5,0.5,0.6028784803472597,MI,[4 5 3 1 2],-62.50000000000006,10,3419.799999999963,0.0,False,3
17,0,2,[2 1 3 5 4],1747.6999999999643,0.5,0.5,0.3536179011525389,SI,[4 5 3 1 2],-62.50000000000006,10,3419.799999999963,0.0,False,3
17,0,3,[2 1 3 5 4],1747.6999999999643,0.5,0.5,0.8208434850410651,MI,[4 5 3 1 2],-62.50000000000006,10,3419.799999999963,0.0,False,3
17,0,4,[2 1 3 5 4],1747.6999999999643,0.5,0.5,0.9811414382570348,MI,[2 1 4 5 3],-0.30000000000001137,10,1755.1999999999643,0.0,False,3
18,0,0,[2 1 3 5 4],1747.6999999999643,0.5,0.5,0.5120602622736282,MI,[4 5 3 1 2],-62.50000000000006,10,3419.799999999963,0.0,False,3
18,0,1,[2 1 3 5 4],1747.6999999999643,0.5,0.5,0.6234705064453073,MI,[4 5 3 1 2],-62.50000000000006,10,3419.799999999963,0.0,False,3
18,0,2,[2 1 3 5 4],1747.6999999999643,0.5,0.5,0.918566580970944,MI,[4 5 3 1 2],-62.50000000000006,10,3419.799999999963,0.0,False,3
18,0,3,[2 1 3 5 4],1747.6999999999643,0.5,0.5,0.6291008468289048,MI,[4 5 3 1 2],-62.50000000000006,10,3419.799999999963,0.0,False,3
18,0,4,[2 1 3 5 4],1747.6999999999643,0.5,0.5,0.8201233462663019,MI,[4 5 3 1 2],-62.50000000000006,10,3419.799999999963,0.0,False,3
19,0,0,[2 1 3 5 4],1747.6999999999643,0.5,0.5,0.1869977343428727,SI,[4 5 3 1 2],-62.50000000000006,10,3419.799999999963,0.0,False,3
19,0,1,[2 1 3 5 4],1747.6999999999643,0.5,0.5,0.567744513282647,MI,[2 4 5 3 1],-44.69999999999999,10,2568.2999999999593,0.0,False,3
19,0,2,[2 1 3 5 4],1747.6999999999643,0.5,0.5,0.6413882526416308,MI,[4 5 3 1 2],-62.50000000000006,10,3419.799999999963,0.0,False,3
19,0,3,[2 1 3 5 4],1747.6999999999643,0.5,0.5,0.9477857896902903,MI,[4 5 3 1 2],-62.50000000000006,10,3419.799999999963,0.0,False,3
19,0,4,[2 1 3 5 4],1747.6999999999643,0.5,0.5,0.07980122395798905,SI,[2 4 5 3 1],-44.69999999999999,10,2568.2999999999593,0.0,False,3
20,0,0,[2 1 3 5 4],1747.6999999999643,0.5,0.5,0.8937129825364614,MI,[2 1 4 5 3],-0.30000000000001137,10,1755.1999999999643,0.0,False,3
20,0,1,[2 1 3 5 4],1747.6999999999643,0.5,0.5,0.8800087150201141,MI,[4 5 3 1 2],-62.50000000000006,10,3419.799999999963,0.0,False,3
20,0,2,[2 1 3 5 4],1747.6999999999643,0.5,0.5,0.8024432852732862,MI,[2 4 5 3 1],-44.69999999999999,10,2568.2999999999593,0.0,False,3
20,0,3,[2 1 3 5 4],1747.6999999999643,0.5,0.5,0.814114996311365,MI,[2 4 5 3 1],-44.69999999999999,10,2568.2999999999593,0.0,False,3
20,0,4,[2 1 3 5 4],1747.6999999999643,0.5,0.5,0.7444632235550258,MI,[2 1 4 5 3],-0.30000000000001137,10,1755.1999999999643,0.0,False,3
21,0,0,[2 1 3 5 4],1747.6999999999643,0.5,0.5,0.007212388971410522,SI,[2 4 5 3 1],-44.69999999999999,10,2568.2999999999593,0.0,False,3
21,0,1,[2 1 3 5 4],1747.6999999999643,0.5,0.5,0.6789584461469003,MI,[4 5 3 1 2],-62.50000000000006,10,3419.799999999963,0.0,False,3
21,0,2,[2 1 3 5 4],1747.6999999999643,0.5,0.5,0.7123320981855744,MI,[4 5 3 1 2],-62.50000000000006,10,3419.799999999963,0.0,False,3
21,0,3,[2 1 3 5 4],1747.6999999999643,0.5,0.5,0.34022971745717623,SI,[4 5 3 1 2],-62.50000000000006,10,3419.799999999963,0.0,False,3
21,0,4,[2 1 3 5 4],1747.6999999999643,0.5,0.5,0.9659242266630105,MI,[2 1 4 5 3],-0.30000000000001137,10,1755.1999999999643,0.0,False,3
22,0,0,[2 1 3 5 4],1747.6999999999643,0.5,0.5,0.43484603400829014,SI,[4 5 3 1 2],-62.50000000000006,10,3419.799999999963,0.0,False,3
22,0,1,[2 1 3 5 4],1747.6999999999643,0.5,0.5,0.7563735752459407,MI,[2 1 4 5 3],-0.30000000000001137,10,1755.1999999999643,0.0,False,3
22,0,2,[2 1 3 5 4],1747.6999999999643,0.5,0.5,0.6065589811577872,MI,[4 5 3 1 2],-62.50000000000006,10,3419.799999999963,0.0,False,3
22,0,3,[2 1 3 5 4],1747.6999999999643,0.5,0.5,0.5519190834660567,MI,[4 5 3 1 2],-62.50000000000006,10,3419.799999999963,0.0,False,3
22,0,4,[2 1 3 5 4],1747.6999999999643,0.5,0.5,0.661496381742959,MI,[4 5 3 1 2],-62.50000000000006,10,3419.799999999963,0.0,False,3
23,0,0,[2 1 3 5 4],1747.6999999999643,0.5,0.5,0.5768524211928934,MI,[4 5 3 1 2],-62.50000000000006,10,3419.799999999963,0.0,False,3
23,0,1,[2 1 3 5 4],1747.6999999999643,0.5,0.5,0.32641232477436877,SI,[2 4 5 3 1],-44.69999999999999,10,2568.2999999999593,0.0,False,3
23,0,2,[2 1 3 5 4],1747.6999999999643,0.5,0.5,0.04294833963710554,SI,[4 5 3 1 2],-62.50000000000006,10,3419.799999999963,0.0,False,3
23,0,3,[2 1 3 5 4],1747.6999999999643,0.5,0.5,0.8670151498761881,MI,[2 4 5 3 1],-44.69999999999999,10,2568.2999999999593,0.0,False,3
23,0,4,[2 1 3 5 4],1747.6999999999643,0.5,0.5,0.5893748278757908,MI,[4 5 3 1 2],-62.50000000000006,10,3419.799999999963,0.0,False,3
24,0,0,[2 1 3 5 4],1747.6999999999643,0.5,0.5,0.4931821118951032,SI,[4 5 3 1 2],-62.50000000000006,10,3419.799999999963,0.0,False,3
24,0,1,[2 1 3 5 4],1747.6999999999643,0.5,0.5,0.8067066967230502,MI,[2 4 5 3 1],-44.69999999999999,10,2568.2999999999593,0.0,False,3
24,0,2,[2 1 3 5 4],1747.6999999999643,0.5,0.5,0.3529209856975456,SI,[4 5 3 1 2],-62.50000000000006,10,3419.799999999963,0.0,False,3
24,0,3,[2 1 3 5 4],1747.6999999999643,0.5,0.5,0.9442463796582805,MI,[4 5 3 1 2],-62.50000000000006,10,3419.799999999963,0.0,False,3
24,0,4,[2 1 3 5 4],1747.6999999999643,0.5,0.5,0.018729020325189194,SI,[4 5 3 1 2],-62.50000000000006,10,3419.799999999963,0.0,False,3
25,0,0,[2 1 3 5 4],1747.6999999999643,0.5,0.5,0.32848514861066047,SI,[2 4 5 3 1],-44.69999999999999,10,2568.2999999999593,0.0,False,3
25,0,1,[2 1 3 5 4],1747.6999999999643,0.5,0.5,0.9932114343461544,MI,[4 5 3 1 2],-62.50000000000006,10,3419.799999999963,0.0,False,3
25,0,2,[2 1 3 5 4],1747.6999999999643,0.5,0.5,0.04697986699209533,SI,[4 5 3 1 2],-62.50000000000006,10,3419.799999999963,0.0,False,3
25,0,3,[2 1 3 5 4],1747.6999999999643,0.5,0.5,0.814191886090372,MI,[2 4 5 3 1],-44.69999999999999,10,2568.2999999999593,0.0,False,3
25,0,4,[2 1 3 5 4],1747.6999999999643,0.5,0.5,0.2741181307209002,SI,[2 4 5 3 1],-44.69999999999999,10,2568.2999999999593,0.0,False,3
26,0,0,[2 1 3 5 4],1747.6999999999643,0.5,0.5,0.6134104536935765,MI,[2 4 5 3 1],-44.69999999999999,10,2568.2999999999593,0.0,False,3
26,0,1,[2 1 3 5 4],1747.6999999999643,0.5,0.5,0.732414986144585,MI,[2 4 5 3 1],-44.69999999999999,10,2568.2999999999593,0.0,False,3
26,0,2,[2 1 3 5 4],1747.6999999999643,0.5,0.5,0.511074837068236,MI,[2 4 5 3 1],-44.69999999999999,10,2568.2999999999593,0.0,False,3
26,0,3,[2 1 3 5 4],1747.6999999999643,0.5,0.5,0.45421288059227993,SI,[4 5 3 1 2],-62.50000000000006,10,3419.799999999963,0.0,False,3
26,0,4,[2 1 3 5 4],1747.6999999999643,0.5,0.5,0.15563857604659082,SI,[4 5 3 1 2],-62.50000000000006,10,3419.799999999963,0.0,False,3
27,0,0,[2 1 3 5 4],1747.6999999999643,0.5,0.5,0.06528734170424344,SI,[4 5 3 1 2],-62.50000000000006,10,3419.799999999963,0.0,False,3
27,0,1,[2 1 3 5 4],1747.6999999999643,0.5,0.5,0.6123159184958185,MI,[4 5 3 1 2],-62.50000000000006,10,3419.799999999963,0.0,False,3
27,0,2,[2 1 3 5 4],1747.6999999999643,0.5,0.5,0.7321586318366328,MI,[4 5 3 1 2],-62.50000000000006,10,3419.799999999963,0.0,False,3
27,0,3,[2 1 3 5 4],1747.6999999999643,0.5,0.5,0.7920762310610212,MI,[4 5 3 1 2],-62.50000000000006,10,3419.799999999963,0.0,False,3
27,0,4,[2 1 3 5 4],1747.6999999999643,0.5,0.5,0.2939825594965251,SI,[4 5 3 1 2],-62.50000000000006,10,3419.799999999963,0.0,False,3
28,0,0,[2 1 3 5 4],1747.6999999999643,0.5,0.5,0.5903087674162941,MI,[4 5 3 1 2],-62.50000000000006,10,3419.799999999963,0.0,False,3
28,0,1,[2 1 3 5 4],1747.6999999999643,0.5,0.5,0.9585462371319857,MI,[4 5 3 1 2],-62.50000000000006,10,3419.799999999963,0.0,False,3
28,0,2,[2 1 3 5 4],1747.6999999999643,0.5,0.5,0.38223322199598353,SI,[2 1 4 5 3],-0.30000000000001137,10,1755.1999999999643,0.0,False,3
28,0,3,[2 1 3 5 4],1747.6999999999643,0.5,0.5,0.9004289536017236,MI,[2 1 4 5 3],-0.30000000000001137,10,1755.1999999999643,0.0,False,3
28,0,4,[2 1 3 5 4],1747.6999999999643,0.5,0.5,0.5171259983052282,MI,[4 5 3 1 2],-62.50000000000006,10,3419.799999999963,0.0,False,3
29,0,0,[2 1 3 5 4],1747.6999999999643,0.5,0.5,0.13257597463311477,SI,[4 5 3 1 2],-62.50000000000006,10,3419.799999999963,0.0,False,3
29,0,1,[2 1 3 5 4],1747.6999999999643,0.5,0.5,0.31507008089258304,SI,[2 4 5 3 1],-44.69999999999999,10,2568.2999999999593,0.0,False,3
29,0,2,[2 1 3 5 4],1747.6999999999643,0.5,0.5,0.8041683998384941,MI,[4 5 3 1 2],-62.50000000000006,10,3419.799999999963,0.0,False,3
29,0,3,[2 1 3 5 4],1747.6999999999643,0.5,0.5,0.059249368698322535,SI,[4 5 3 1 2],-62.50000000000006,10,3419.799999999963,0.0,False,3
29,0,4,[2 1 3 5 4],1747.6999999999643,0.5,0.5,0.9270734908406812,MI,[4 5 3 1 2],-62.50000000000006,10,3419.799999999963,0.0,False,3
30,0,0,[2 1 3 5 4],1747.6999999999643,0.5,0.5,0.7131767698090121,MI,[4 5 3 1 2],-62.50000000000006,10,3419.799999999963,0.0,False,3
30,0,1,[2 1 3 5 4],1747.6999999999643,0.5,0.5,0.12427688396313452,SI,[2 4 5 3 1],-44.69999999999999,10,2568.2999999999593,0.0,False,3
30,0,2,[2 1 3 5 4],1747.6999999999643,0.5,0.5,0.9949109192486901,MI,[4 5 3 1 2],-62.50000000000006,10,3419.799999999963,0.0,False,3
30,0,3,[2 1 3 5 4],1747.6999999999643,0.5,0.5,0.4017131262719362,SI,[4 5 3 1 2],-62.50000000000006,10,3419.799999999963,0.0,False,3
30,0,4,[2 1 3 5 4],1747.6999999999643,0.5,0.5,0.6226846208684546,MI,[4 5 3 1 2],-62.50000000000006,10,3419.799999999963,0.0,False,3
31,0,0,[2 1 3 5 4],1747.6999999999643,0.5,0.5,0.40943672884767157,SI,[4 5 3 1 2],-62.50000000000006,10,3419.799999999963,0.0,False,3
31,0,1,[2 1 3 5 4],1747.6999999999643,0.5,0.5,0.980168701496578,MI,[4 5 3 1 2],-62.50000000000006,10,3419.799999999963,0.0,False,3
31,0,2,[2 1 3 5 4],1747.6999999999643,0.5,0.5,0.9813721199879045,MI,[4 5 3 1 2],-62.50000000000006,10,3419.799999999963,0.0,False,3
31,0,3,[2 1 3 5 4],1747.6999999999643,0.5,0.5,0.3836926747254884,SI,[2 4 5 3 1],-44.69999999999999,10,2568.2999999999593,0.0,False,3
31,0,4,[2 1 3 5 4],1747.6999999999643,0.5,0.5,0.9342287502477498,MI,[4 5 3 1 2],-62.50000000000006,10,3419.799999999963,0.0,False,3
32,0,0,[2 1 3 5 4],1747.6999999999643,0.5,0.5,0.00365988595571487,SI,[2 4 5 3 1],-44.69999999999999,10,2568.2999999999593,0.0,False,3
32,0,1,[2 1 3 5 4],1747.6999999999643,0.5,0.5,0.03201642262797455,SI,[4 5 3 1 2],-62.50000000000006,10,3419.799999999963,0.0,False,3
32,0,2,[2 1 3 5 4],1747.6999999999643,0.5,0.5,0.7477192869238869,MI,[4 5 3 1 2],-62.50000000000006,10,3419.799999999963,0.0,False,3
32,0,3,[2 1 3 5 4],1747.6999999999643,0.5,0.5,0.19448269364701198,SI,[4 5 3 1 2],-62.50000000000006,10,3419.799999999963,0.0,False,3
32,0,4,[2 1 3 5 4],1747.6999999999643,0.5,0.5,0.9879589201885544,MI,[4 5 3 1 2],-62.50000000000006,10,3419.799999999963,0.0,False,3
33,0,0,[2 1 3 5 4],1747.6999999999643,0.5,0.5,0.09684092488509621,SI,[4 5 3 1 2],-62.50000000000006,10,3419.799999999963,0.0,False,3
33,0,1,[2 1 3 5 4],1747.6999999999643,0.5,0.5,0.21596162266503904,SI,[2 4 5 3 1],-44.69999999999999,10,2568.2999999999593,0.0,False,3
33,0,2,[2 1 3 5 4],1747.6999999999643,0.5,0.5,0.9716045845674035,MI,[2 4 5 3 1],-44.69999999999999,10,2568.2999999999593,0.0,False,3
33,0,3,[2 1 3 5 4],1747.6999999999643,0.5,0.5,0.6063343015296054,MI,[4 5 3 1 2],-62.50000000000006,10,3419.799999999963,0.0,False,3
33,0,4,[2 1 3 5 4],1747.6999999999643,0.5,0.5,0.8853951683503003,MI,[4 5 3 1 2],-62.50000000000006,10,3419.799999999963,0.0,False,3
34,0,0,[2 1 3 5 4],1747.6999999999643,0.5,0.5,0.6297962765130597,MI,[2 4 5 3 1],-44.69999999999999,10,2568.2999999999593,0.0,False,3
34,0,1,[2 1 3 5 4],1747.6999999999643,0.5,0.5,0.9627603852614945,MI,[2 4 5 3 1],-44.69999999999999,10,2568.2999999999593,0.0,False,3
34,0,2,[2 1 3 5 4],1747.6999999999643,0.5,0.5,0.3755504304308741,SI,[2 4 5 3 1],-44.69999999999999,10,2568.2999999999593,0.0,False,3
34,0,3,[2 1 3 5 4],1747.6999999999643,0.5,0.5,0.7904105792187602,MI,[4 5 3 1 2],-62.50000000000006,10,3419.799999999963,0.0,False,3
34,0,4,[2 1 3 5 4],1747.6999999999643,0.5,0.5,0.09607636084485005,SI,[2 4 5 3 1],-44.69999999999999,10,2568.2999999999593,0.0,False,3
35,0,0,[2 1 3 5 4],1747.6999999999643,0.5,0.5,0.737158121083713,MI,[2 4 5 3 1],-44.69999999999999,10,2568.2999999999593,0.0,False,3
35,0,1,[2 1 3 5 4],1747.6999999999643,0.5,0.5,0.39940837649971406,SI,[2 4 5 3 1],-44.69999999999999,10,2568.2999999999593,0.0,False,3
35,0,2,[2 1 3 5 4],1747.6999999999643,0.5,0.5,0.30552314177482043,SI,[4 5 3 1 2],-62.50000000000006,10,3419.799999999963,0.0,False,3
35,0,3,[2 1 3 5 4],1747.6999999999643,0.5,0.5,0.937351028633633,MI,[2 4 5 3 1],-44.69999999999999,10,2568.2999999999593,0.0,False,3
35,0,4,[2 1 3 5 4],1747.6999999999643,0.5,0.5,0.20637714534842921,SI,[4 5 3 1 2],-62.50000000000006,10,3419.799999999963,0.0,False,3
36,0,0,[2 1 3 5 4],1747.6999999999643,0.5,0.5,0.7463929235572704,MI,[4 5 3 1 2],-62.50000000000006,10,3419.799999999963,0.0,False,3
36,0,1,[2 1 3 5 4],1747.6999999999643,0.5,0.5,0.6526269955012267,MI,[2 4 5 3 1],-44.69999999999999,10,2568.2999999999593,0.0,False,3
36,0,2,[2 1 3 5 4],1747.6999999999643,0.5,0.5,0.5867691957028018,MI,[2 4 5 3 1],-44.69999999999999,10,2568.2999999999593,0.0,False,3
36,0,3,[2 1 3 5 4],1747.6999999999643,0.5,0.5,0.7082920950342471,MI,[2 4 5 3 1],-44.69999999999999,10,2568.2999999999593,0.0,False,3
36,0,4,[2 1 3 5 4],1747.6999999999643,0.5,0.5,0.21301851014535444,SI,[4 5 3 1 2],-62.50000000000006,10,3419.799999999963,0.0,False,3
37,0,0,[2 1 3 5 4],1747.6999999999643,0.5,0.5,0.7376778051114012,MI,[4 5 3 1 2],-62.50000000000006,10,3419.799999999963,0.0,False,3
37,0,1,[2 1 3 5 4],1747.6999999999643,0.5,0.5,0.20345907528368312,SI,[4 5 3 1 2],-62.50000000000006,10,3419.799999999963,0.0,False,3
37,0,2,[2 1 3 5 4],1747.6999999999643,0.5,0.5,0.9595438006334289,MI,[4 5 3 1 2],-62.50000000000006,10,3419.799999999963,0.0,False,3
37,0,3,[2 1 3 5 4],1747.6999999999643,0.5,0.5,0.7792187878666764,MI,[2 4 5 3 1],-44.69999999999999,10,2568.2999999999593,0.0,False,3
37,0,4,[2 1 3 5 4],1747.6999999999643,0.5,0.5,0.16777779113040014,SI,[2 4 5 3 1],-44.69999999999999,10,2568.2999999999593,0.0,False,3
38,0,0,[2 1 3 5 4],1747.6999999999643,0.5,0.5,0.06338581069348048,SI,[2 4 5 3 1],-44.69999999999999,10,2568.2999999999593,0.0,False,3
38,0,1,[2 1 3 5 4],1747.6999999999643,0.5,0.5,0.7871049960594579,MI,[2 1 4 5 3],-0.30000000000001137,10,1755.1999999999643,0.0,False,3
38,0,2,[2 1 3 5 4],1747.6999999999643,0.5,0.5,0.8028700963225235,MI,[4 5 3 1 2],-62.50000000000006,10,3419.799999999963,0.0,False,3
38,0,3,[2 1 3 5 4],1747.6999999999643,0.5,0.5,0.22429949899360668,SI,[2 4 5 3 1],-44.69999999999999,10,2568.2999999999593,0.0,False,3
38,0,4,[2 1 3 5 4],1747.6999999999643,0.5,0.5,0.3506096712544172,SI,[4 5 3 1 2],-62.50000000000006,10,3419.799999999963,0.0,False,3
39,0,0,[2 1 3 5 4],1747.6999999999643,0.5,0.5,0.3303878166630998,SI,[4 5 3 1 2],-62.50000000000006,10,3419.799999999963,0.0,False,3
39,0,1,[2 1 3 5 4],1747.6999999999643,0.5,0.5,0.5218470241436932,MI,[4 5 3 1 2],-62.50000000000006,10,3419.799999999963,0.0,False,3
39,0,2,[2 1 3 5 4],1747.6999999999643,0.5,0.5,0.709474509126679,MI,[4 5 3 1 2],-62.50000000000006,10,3419.799999999963,0.0,False,3
39,0,3,[2 1 3 5 4],1747.6999999999643,0.5,0.5,0.12720831859520554,SI,[4 5 3 1 2],-62.50000000000006,10,3419.799999999963,0.0,False,3
39,0,4,[2 1 3 5 4],1747.6999999999643,0.5,0.5,0.8754250167320786,MI,[4 5 3 1 2],-62.50000000000006,10,3419.799999999963,0.0,False,3
40,0,0,[2 1 3 5 4],1747.6999999999643,0.5,0.5,0.8949710841967129,MI,[2 4 5 3 1],-44.69999999999999,10,2568.2999999999593,0.0,False,3
40,0,1,[2 1 3 5 4],1747.6999999999643,0.5,0.5,0.6962538366016777,MI,[4 5 3 1 2],-62.50000000000006,10,3419.799999999963,0.0,False,3
40,0,2,[2 1 3 5 4],1747.6999999999643,0.5,0.5,0.2809359611001123,SI,[4 5 3 1 2],-62.50000000000006,10,3419.799999999963,0.0,False,3
40,0,3,[2 1 3 5 4],1747.6999999999643,0.5,0.5,0.6212435566329277,MI,[4 5 3 1 2],-62.50000000000006,10,3419.799999999963,0.0,False,3
40,0,4,[2 1 3 5 4],1747.6999999999643,0.5,0.5,0.5967179269101627,MI,[4 5 3 1 2],-62.50000000000006,10,3419.799999999963,0.0,False,3
41,0,0,[2 1 3 5 4],1747.6999999999643,0.5,0.5,0.6912130588770949,MI,[4 5 3 1 2],-62.50000000000006,10,3419.799999999963,0.0,False,3
41,0,1,[2 1 3 5 4],1747.6999999999643,0.5,0.5,0.4871025381436084,SI,[2 4 5 3 1],-44.69999999999999,10,2568.2999999999593,0.0,False,3
41,0,2,[2 1 3 5 4],1747.6999999999643,0.5,0.5,0.28463383095280625,SI,[2 4 5 3 1],-44.69999999999999,10,2568.2999999999593,0.0,False,3
41,0,3,[2 1 3 5 4],1747.6999999999643,0.5,0.5,0.5256163339481947,MI,[2 4 5 3 1],-44.69999999999999,10,2568.2999999999593,0.0,False,3
41,0,4,[2 1 3 5 4],1747.6999999999643,0.5,0.5,0.7701302679925042,MI,[4 5 3 1 2],-62.50000000000006,10,3419.799999999963,0.0,False,3
42,0,0,[2 1 3 5 4],1747.6999999999643,0.5,0.5,0.7850581160996314,MI,[4 5 3 1 2],-62.50000000000006,10,3419.799999999963,0.0,False,3
42,0,1,[2 1 3 5 4],1747.6999999999643,0.5,0.5,0.0699180634383394,SI,[4 5 3 1 2],-62.50000000000006,10,3419.799999999963,0.0,False,3
42,0,2,[2 1 3 5 4],1747.6999999999643,0.5,0.5,0.5020760747818792,MI,[4 5 3 1 2],-62.50000000000006,10,3419.799999999963,0.0,False,3
42,0,3,[2 1 3 5 4],1747.6999999999643,0.5,0.5,0.5410825727711283,MI,[4 5 3 1 2],-62.50000000000006,10,3419.799999999963,0.0,False,3
42,0,4,[2 1 3 5 4],1747.6999999999643,0.5,0.5,0.48113083475501783,SI,[4 5 3 1 2],-62.50000000000006,10,3419.799999999963,0.0,False,3
43,0,0,[2 1 3 5 4],1747.6999999999643,0.5,0.5,0.0021900468907033455,SI,[4 5 3 1 2],-62.50000000000006,10,3419.799999999963,0.0,False,3
43,0,1,[2 1 3 5 4],1747.6999999999643,0.5,0.5,0.30514569502879807,SI,[4 5 3 1 2],-62.50000000000006,10,3419.799999999963,0.0,False,3
43,0,2,[2 1 3 5 4],1747.6999999999643,0.5,0.5,0.12733141116079894,SI,[4 5 3 1 2],-62.50000000000006,10,3419.799999999963,0.0,False,3
43,0,3,[2 1 3 5 4],1747.6999999999643,0.5,0.5,0.7784286920503827,MI,[4 5 3 1 2],-62.50000000000006,10,3419.799999999963,0.0,False,3
43,0,4,[2 1 3 5 4],1747.6999999999643,0.5,0.5,0.5691939566241603,MI,[4 5 3 1 2],-62.50000000000006,10,3419.799999999963,0.0,False,3
44,0,0,[2 1 3 5 4],1747.6999999999643,0.5,0.5,0.13444020600209983,SI,[4 5 3 1 2],-62.50000000000006,10,3419.799999999963,0.0,False,3
44,0,1,[2 1 3 5 4],1747.6999999999643,0.5,0.5,0.7667744157338726,MI,[4 5 3 1 2],-62.50000000000006,10,3419.799999999963,0.0,False,3
44,0,2,[2 1 3 5 4],1747.6999999999643,0.5,0.5,0.5057117354912404,MI,[4 5 3 1 2],-62.50000000000006,10,3419.799999999963,0.0,False,3
44,0,3,[2 1 3 5 4],1747.6999999999643,0.5,0.5,0.9640335270351588,MI,[4 5 3 1 2],-62.50000000000006,10,3419.799999999963,0.0,False,3
44,0,4,[2 1 3 5 4],1747.6999999999643,0.5,0.5,0.7448262534877889,MI,[2 1 4 5 3],-0.30000000000001137,10,1755.1999999999643,0.0,False,3
45,0,0,[2 1 3 5 4],1747.6999999999643,0.5,0.5,0.8588346006904631,MI,[4 5 3 1 2],-62.50000000000006,10,3419.799999999963,0.0,False,3
45,0,1,[2 1 3 5 4],1747.6999999999643,0.5,0.5,0.9637254198268163,MI,[4 5 3 1 2],-62.50000000000006,10,3419.799999999963,0.0,False,3
45,0,2,[2 1 3 5 4],1747.6999999999643,0.5,0.5,0.3122643681383902,SI,[2 4 5 3 1],-44.69999999999999,10,2568.2999999999593,0.0,False,3
45,0,3,[2 1 3 5 4],1747.6999999999643,0.5,0.5,0.8820068639053813,MI,[2 1 4 5 3],-0.30000000000001137,10,1755.1999999999643,0.0,False,3
45,0,4,[2 1 3 5 4],1747.6999999999643,0.5,0.5,0.8640504481042338,MI,[2 4 5 3 1],-44.69999999999999,10,2568.2999999999593,0.0,False,3
46,0,0,[2 1 3 5 4],1747.6999999999643,0.5,0.5,0.014861291067547855,SI,[4 5 3 1 2],-62.50000000000006,10,3419.799999999963,0.0,False,3
46,0,1,[2 1 3 5 4],1747.6999999999643,0.5,0.5,0.09652038026876042,SI,[4 5 3 1 2],-62.50000000000006,10,3419.799999999963,0.0,False,3
46,0,2,[2 1 3 5 4],1747.6999999999643,0.5,0.5,0.35959259539609656,SI,[2 4 5 3 1],-44.69999999999999,10,2568.2999999999593,0.0,False,3
46,0,3,[2 1 3 5 4],1747.6999999999643,0.5,0.5,0.4117395662739707,SI,[2 4 5 3 1],-44.69999999999999,10,2568.2999999999593,0.0,False,3
46,0,4,[2 1 3 5 4],1747.6999999999643,0.5,0.5,0.5828147352035841,MI,[4 5 3 1 2],-62.50000000000006,10,3419.799999999963,0.0,False,3
47,0,0,[2 1 3 5 4],1747.6999999999643,0.5,0.5,0.883405735606525,MI,[2 4 5 3 1],-44.69999999999999,10,2568.2999999999593,0.0,False,3
47,0,1,[2 1 3 5 4],1747.6999999999643,0.5,0.5,0.5795242592956007,MI,[4 5 3 1 2],-62.50000000000006,10,3419.799999999963,0.0,False,3
47,0,2,[2 1 3 5 4],1747.6999999999643,0.5,0.5,0.5181837114061979,MI,[4 5 3 1 2],-62.50000000000006,10,3419.799999999963,0.0,False,3
47,0,3,[2 1 3 5 4],1747.6999999999643,0.5,0.5,0.5562194066982395,MI,[4 5 3 1 2],-62.50000000000006,10,3419.799999999963,0.0,False,3
47,0,4,[2 1 3 5 4],1747.6999999999643,0.5,0.5,0.6671983636379498,MI,[4 5 3 1 2],-62.50000000000006,10,3419.799999999963,0.0,False,3
48,0,0,[2 1 3 5 4],1747.6999999999643,0.5,0.5,0.9076398837935626,MI,[2 4 5 3 1],-44.69999999999999,10,2568.2999999999593,0.0,False,3
48,0,1,[2 1 3 5 4],1747.6999999999643,0.5,0.5,0.1697116068629818,SI,[4 5 3 1 2],-62.50000000000006,10,3419.799999999963,0.0,False,3
48,0,2,[2 1 3 5 4],1747.6999999999643,0.5,0.5,0.026240978798310888,SI,[4 5 3 1 2],-62.50000000000006,10,3419.799999999963,0.0,False,3
48,0,3,[2 1 3 5 4],1747.6999999999643,0.5,0.5,0.33290233239877187,SI,[4 5 3 1 2],-62.50000000000006,10,3419.799999999963,0.0,False,3
48,0,4,[2 1 3 5 4],1747.6999999999643,0.5,0.5,0.7288905566607714,MI,[4 5 3 1 2],-62.50000000000006,10,3419.799999999963,0.0,False,3
49,0,0,[2 1 3 5 4],1747.6999999999643,0.5,0.5,0.2969037899242958,SI,[4 5 3 1 2],-62.50000000000006,10,3419.799999999963,0.0,False,3
49,0,1,[2 1 3 5 4],1747.6999999999643,0.5,0.5,0.8392567272622382,MI,[2 4 5 3 1],-44.69999999999999,10,2568.2999999999593,0.0,False,3
49,0,2,[2 1 3 5 4],1747.6999999999643,0.5,0.5,0.3876683696319383,SI,[2 4 5 3 1],-44.69999999999999,10,2568.2999999999593,0.0,False,3
49,0,3,[2 1 3 5 4],1747.6999999999643,0.5,0.5,0.2798637731069935,SI,[4 5 3 1 2],-62.50000000000006,10,3419.799999999963,0.0,False,3
49,0,4,[2 1 3 5 4],1747.6999999999643,0.5,0.5,0.955569965484341,MI,[4 5 3 1 2],-62.50000000000006,10,3419.799999999963,0.0,False,3
50,0,0,[2 1 3 5 4],1747.6999999999643,0.5,0.5,0.5466688356298607,MI,[4 5 3 1 2],-62.50000000000006,10,3419.799999999963,0.0,False,3
50,0,1,[2 1 3 5 4],1747.6999999999643,0.5,0.5,0.9411558198627135,MI,[4 5 3 1 2],-62.50000000000006,10,3419.799999999963,0.0,False,3
50,0,2,[2 1 3 5 4],1747.6999999999643,0.5,0.5,0.35910967935527094,SI,[4 5 3 1 2],-62.50000000000006,10,3419.799999999963,0.0,False,3
50,0,3,[2 1 3 5 4],1747.6999999999643,0.5,0.5,0.8064341955581079,MI,[4 5 3 1 2],-62.50000000000006,10,3419.799999999963,0.0,False,3
50,0,4,[2 1 3 5 4],1747.6999999999643,0.5,0.5,0.42231921714399934,SI,[4 5 3 1 2],-62.50000000000006,10,3419.799999999963,0.0,False,3
0,17,0,[3 1 4 2 5],2572.000000000011,0.5,0.5,0.2511738327002926,SI,[4 1 3 2 5],47.09999999999991,10,4091.6000000000167,0.0,False,4
0,17,1,[3 1 4 2 5],2572.000000000011,0.5,0.5,0.35007506992043547,SI,[4 1 3 2 5],47.09999999999991,10,4091.6000000000167,0.0,False,4
0,17,2,[3 1 4 2 5],2572.000000000011,0.5,0.5,0.3371403103410764,SI,[4 1 3 2 5],47.09999999999991,10,4091.6000000000167,0.0,False,4
0,17,3,[3 1 4 2 5],2572.000000000011,0.5,0.5,0.17001736283769664,SI,[3 4 1 2 5],48.60000000000002,10,3351.000000000022,0.0,False,4
0,17,4,[3 1 4 2 5],2572.000000000011,0.5,0.5,0.4014708781952522,SI,[1 3 4 2 5],112.69999999999999,10,3566.5000000000255,0.0,False,4
1,0,0,[3 1 4 2 5],2572.000000000011,0.5,0.5,0.03185316423719142,SI,[4 1 3 2 5],47.09999999999991,10,4091.6000000000167,0.0,False,4
1,0,1,[3 1 4 2 5],2572.000000000011,0.5,0.5,0.08234570767112548,SI,[4 1 3 2 5],47.09999999999991,10,4091.6000000000167,0.0,False,4
1,0,2,[3 1 4 2 5],2572.000000000011,0.5,0.5,0.9486682080358242,MI,[5 2 4 1 3],115.9,10,4486.500000000022,0.0,False,4
1,0,3,[3 1 4 2 5],2572.000000000011,0.5,0.5,0.4458808244451907,SI,[3 1 4 5 2],65.59999999999997,10,2767.400000000016,0.0,False,4
1,0,4,[3 1 4 2 5],2572.000000000011,0.5,0.5,0.7558749843040066,MI,[4 1 3 2 5],47.09999999999991,10,4091.6000000000167,0.0,False,4
2,0,0,[3 1 4 2 5],2572.000000000011,0.5,0.5,0.09365744256637376,SI,[1 3 4 2 5],112.69999999999999,10,3566.5000000000255,0.0,False,4
2,0,1,[3 1 4 2 5],2572.000000000011,0.5,0.5,0.24326113554393303,SI,[3 1 4 5 2],65.59999999999997,10,2767.400000000016,0.0,False,4
2,0,2,[3 1 4 2 5],2572.000000000011,0.5,0.5,0.042717966264387286,SI,[4 1 3 2 5],47.09999999999991,10,4091.6000000000167,0.0,False,4
2,0,3,[3 1 4 2 5],2572.000000000011,0.5,0.5,0.552816015964665,MI,[4 1 3 2 5],47.09999999999991,10,4091.6000000000167,0.0,False,4
2,0,4,[3 1 4 2 5],2572.000000000011,0.5,0.5,0.13992825325234903,SI,[3 1 4 5 2],65.59999999999997,10,2767.400000000016,0.0,False,4
3,0,0,[3 1 4 2 5],2572.000000000011,0.5,0.5,0.5809696895218996,MI,[4 1 3 2 5],47.09999999999991,10,4091.6000000000167,0.0,False,4
3,0,1,[3 1 4 2 5],2572.000000000011,0.5,0.5,0.6454868049969148,MI,[4 1 3 2 5],47.09999999999991,10,4091.6000000000167,0.0,False,4
3,0,2,[3 1 4 2 5],2572.000000000011,0.5,0.5,0.7726345924625596,MI,[4 1 3 2 5],47.09999999999991,10,4091.6000000000167,0.0,False,4
3,0,3,[3 1 4 2 5],2572.000000000011,0.5,0.5,0.8381844750270465,MI,[3 2 4 1 5],318.3999999999999,10,4421.3000000000175,0.0,False,4
3,0,4,[3 1 4 2 5],2572.000000000011,0.5,0.5,0.31095761668253075,SI,[3 1 4 5 2],65.59999999999997,10,2767.400000000016,0.0,False,4
4,0,0,[3 1 4 2 5],2572.000000000011,0.5,0.5,0.3587342862705808,SI,[4 1 3 2 5],47.09999999999991,10,4091.6000000000167,0.0,False,4
4,0,1,[3 1 4 2 5],2572.000000000011,0.5,0.5,0.16208331985635682,SI,[4 1 3 2 5],47.09999999999991,10,4091.6000000000167,0.0,False,4
4,0,2,[3 1 4 2 5],2572.000000000011,0.5,0.5,0.9517770791239177,MI,[4 1 3 2 5],47.09999999999991,10,4091.6000000000167,0.0,False,4
4,0,3,[3 1 4 2 5],2572.000000000011,0.5,0.5,0.11619631395999463,SI,[3 4 1 2 5],48.60000000000002,10,3351.000000000022,0.0,False,4
4,0,4,[3 1 4 2 5],2572.000000000011,0.5,0.5,0.013728355093442945,SI,[3 1 4 5 2],65.59999999999997,10,2767.400000000016,0.0,False,4
5,0,0,[3 1 4 2 5],2572.000000000011,0.5,0.5,0.1833436365472806,SI,[4 1 3 2 5],47.09999999999991,10,4091.6000000000167,0.0,False,4
5,0,1,[3 1 4 2 5],2572.000000000011,0.5,0.5,0.1814499651543876,SI,[3 4 1 2 5],48.60000000000002,10,3351.000000000022,0.0,False,4
5,0,2,[3 1 4 2 5],2572.000000000011,0.5,0.5,0.4591269103152674,SI,[3 1 4 5 2],65.59999999999997,10,2767.400000000016,0.0,False,4
5,0,3,[3 1 4 2 5],2572.000000000011,0.5,0.5,0.20769123604348305,SI,[4 1 3 2 5],47.09999999999991,10,4091.6000000000167,0.0,False,4
5,0,4,[3 1 4 2 5],2572.000000000011,0.5,0.5,0.5115929238877508,MI,[4 1 3 2 5],47.09999999999991,10,4091.6000000000167,0.0,False,4
6,0,0,[3 1 4 2 5],2572.000000000011,0.5,0.5,0.9670661314649622,MI,[4 1 3 2 5],47.09999999999991,10,4091.6000000000167,0.0,False,4
6,0,1,[3 1 4 2 5],2572.000000000011,0.5,0.5,0.8979663905042575,MI,[4 1 3 2 5],47.09999999999991,10,4091.6000000000167,0.0,False,4
6,0,2,[3 1 4 2 5],2572.000000000011,0.5,0.5,0.8429586563183139,MI,[4 1 3 2 5],47.09999999999991,10,4091.6000000000167,0.0,False,4
6,0,3,[3 1 4 2 5],2572.000000000011,0.5,0.5,0.9995858456895581,MI,[4 1 3 2 5],47.09999999999991,10,4091.6000000000167,0.0,False,4
6,0,4,[3 1 4 2 5],2572.000000000011,0.5,0.5,0.2678783896336363,SI,[4 1 3 2 5],47.09999999999991,10,4091.6000000000167,0.0,False,4
7,0,0,[3 1 4 2 5],2572.000000000011,0.5,0.5,0.2415316677346958,SI,[3 4 1 2 5],48.60000000000002,10,3351.000000000022,0.0,False,4
7,0,1,[3 1 4 2 5],2572.000000000011,0.5,0.5,0.2568810056230084,SI,[4 1 3 2 5],47.09999999999991,10,4091.6000000000167,0.0,False,4
7,0,2,[3 1 4 2 5],2572.000000000011,0.5,0.5,0.06196104050152007,SI,[4 1 3 2 5],47.09999999999991,10,4091.6000000000167,0.0,False,4
7,0,3,[3 1 4 2 5],2572.000000000011,0.5,0.5,0.16892664098721233,SI,[4 1 3 2 5],47.09999999999991,10,4091.6000000000167,0.0,False,4
7,0,4,[3 1 4 2 5],2572.000000000011,0.5,0.5,0.49084131859962465,SI,[1 3 4 2 5],112.69999999999999,10,3566.5000000000255,0.0,False,4
8,0,0,[3 1 4 2 5],2572.000000000011,0.5,0.5,0.00035557382574713525,SI,[1 3 4 2 5],112.69999999999999,10,3566.5000000000255,0.0,False,4
8,0,1,[3 1 4 2 5],2572.000000000011,0.5,0.5,0.2693808568345961,SI,[3 1 4 5 2],65.59999999999997,10,2767.400000000016,0.0,False,4
8,0,2,[3 1 4 2 5],2572.000000000011,0.5,0.5,0.46084649675593903,SI,[4 1 3 2 5],47.09999999999991,10,4091.6000000000167,0.0,False,4
8,0,3,[3 1 4 2 5],2572.000000000011,0.5,0.5,0.17233564416907854,SI,[3 4 1 2 5],48.60000000000002,10,3351.000000000022,0.0,False,4
8,0,4,[3 1 4 2 5],2572.000000000011,0.5,0.5,0.10050142345847302,SI,[4 1 3 2 5],47.09999999999991,10,4091.6000000000167,0.0,False,4
9,0,0,[3 1 4 2 5],2572.000000000011,0.5,0.5,0.9307577369859034,MI,[4 1 3 2 5],47.09999999999991,10,4091.6000000000167,0.0,False,4
9,0,1,[3 1 4 2 5],2572.000000000011,0.5,0.5,0.745365048367092,MI,[4 1 3 2 5],47.09999999999991,10,4091.6000000000167,0.0,False,4
9,0,2,[3 1 4 2 5],2572.000000000011,0.5,0.5,0.35958239969965333,SI,[4 1 3 2 5],47.09999999999991,10,4091.6000000000167,0.0,False,4
9,0,3,[3 1 4 2 5],2572.000000000011,0.5,0.5,0.8658447027262401,MI,[5 2 4 1 3],115.9,10,4486.500000000022,0.0,False,4
9,0,4,[3 1 4 2 5],2572.000000000011,0.5,0.5,0.35478556787000715,SI,[3 1 4 5 2],65.59999999999997,10,2767.400000000016,0.0,False,4
10,0,0,[3 1 4 2 5],2572.000000000011,0.5,0.5,0.8693049996619734,MI,[4 1 3 2 5],47.09999999999991,10,4091.6000000000167,0.0,False,4
10,0,1,[3 1 4 2 5],2572.000000000011,0.5,0.5,0.9835553358840602,MI,[4 1 3 2 5],47.09999999999991,10,4091.6000000000167,0.0,False,4
10,0,2,[3 1 4 2 5],2572.000000000011,0.5,0.5,0.6480401543540238,MI,[4 1 3 2 5],47.09999999999991,10,4091.6000000000167,0.0,False,4
10,0,3,[3 1 4 2 5],2572.000000000011,0.5,0.5,0.9541869592738207,MI,[4 1 3 2 5],47.09999999999991,10,4091.6000000000167,0.0,False,4
10,0,4,[3 1 4 2 5],2572.000000000011,0.5,0.5,0.04374369411972645,SI,[4 1 3 2 5],47.09999999999991,10,4091.6000000000167,0.0,False,4
11,0,0,[3 1 4 2 5],2572.000000000011,0.5,0.5,0.0729381442930851,SI,[3 4 1 2 5],48.60000000000002,10,3351.000000000022,0.0,False,4
11,0,1,[3 1 4 2 5],2572.000000000011,0.5,0.5,0.20120246739707726,SI,[4 1 3 2 5],47.09999999999991,10,4091.6000000000167,0.0,False,4
11,0,2,[3 1 4 2 5],2572.000000000011,0.5,0.5,0.28442015517916064,SI,[3 4 1 2 5],48.60000000000002,10,3351.000000000022,0.0,False,4
11,0,3,[3 1 4 2 5],2572.000000000011,0.5,0.5,0.5455131659420027,MI,[4 1 3 2 5],47.09999999999991,10,4091.6000000000167,0.0,False,4
11,0,4,[3 1 4 2 5],2572.000000000011,0.5,0.5,0.8498075516228171,MI,[4 1 3 2 5],47.09999999999991,10,4091.6000000000167,0.0,False,4
12,0,0,[3 1 4 2 5],2572.000000000011,0.5,0.5,0.23229294704844272,SI,[4 1 3 2 5],47.09999999999991,10,4091.6000000000167,0.0,False,4
12,0,1,[3 1 4 2 5],2572.000000000011,0.5,0.5,0.439159419284333,SI,[4 1 3 2 5],47.09999999999991,10,4091.6000000000167,0.0,False,4
12,0,2,[3 1 4 2 5],2572.000000000011,0.5,0.5,0.9346941030933675,MI,[4 1 3 2 5],47.09999999999991,10,4091.6000000000167,0.0,False,4
12,0,3,[3 1 4 2 5],2572.000000000011,0.5,0.5,0.4780406954471108,SI,[1 3 4 2 5],112.69999999999999,10,3566.5000000000255,0.0,False,4
12,0,4,[3 1 4 2 5],2572.000000000011,0.5,0.5,0.8997514546625784,MI,[5 2 4 1 3],115.9,10,4486.500000000022,0.0,False,4
13,0,0,[3 1 4 2 5],2572.000000000011,0.5,0.5,0.39190019207753524,SI,[4 1 3 2 5],47.09999999999991,10,4091.6000000000167,0.0,False,4
13,0,1,[3 1 4 2 5],2572.000000000011,0.5,0.5,0.21651841471355815,SI,[4 1 3 2 5],47.09999999999991,10,4091.6000000000167,0.0,False,4
13,0,2,[3 1 4 2 5],2572.000000000011,0.5,0.5,0.2772403960276656,SI,[4 1 3 2 5],47.09999999999991,10,4091.6000000000167,0.0,False,4
13,0,3,[3 1 4 2 5],2572.000000000011,0.5,0.5,0.07437495181366471,SI,[3 1 4 5 2],65.59999999999997,10,2767.400000000016,0.0,False,4
13,0,4,[3 1 4 2 5],2572.000000000011,0.5,0.5,0.5470583429582281,MI,[4 1 3 2 5],47.09999999999991,10,4091.6000000000167,0.0,False,4
14,0,0,[3 1 4 2 5],2572.000000000011,0.5,0.5,0.01674979657621123,SI,[4 1 3 2 5],47.09999999999991,10,4091.6000000000167,0.0,False,4
14,0,1,[3 1 4 2 5],2572.000000000011,0.5,0.5,0.1738909285128013,SI,[4 1 3 2 5],47.09999999999991,10,4091.6000000000167,0.0,False,4
14,0,2,[3 1 4 2 5],2572.000000000011,0.5,0.5,0.10180451848470651,SI,[3 1 4 5 2],65.59999999999997,10,2767.400000000016,0.0,False,4
14,0,3,[3 1 4 2 5],2572.000000000011,0.5,0.5,0.13542994001189645,SI,[4 1 3 2 5],47.09999999999991,10,4091.6000000000167,0.0,False,4
14,0,4,[3 1 4 2 5],2572.000000000011,0.5,0.5,0.473534189618655,SI,[3 4 1 2 5],48.60000000000002,10,3351.000000000022,0.0,False,4
15,0,0,[3 1 4 2 5],2572.000000000011,0.5,0.5,0.25538803058500736,SI,[4 1 3 2 5],47.09999999999991,10,4091.6000000000167,0.0,False,4
15,0,1,[3 1 4 2 5],2572.000000000011,0.5,0.5,0.7845962104148368,MI,[4 1 3 2 5],47.09999999999991,10,4091.6000000000167,0.0,False,4
15,0,2,[3 1 4 2 5],2572.000000000011,0.5,0.5,0.12853905632897644,SI,[4 1 3 2 5],47.09999999999991,10,4091.6000000000167,0.0,False,4
15,0,3,[3 1 4 2 5],2572.000000000011,0.5,0.5,0.1286767478338533,SI,[3 1 4 5 2],65.59999999999997,10,2767.400000000016,0.0,False,4
15,0,4,[3 1 4 2 5],2572.000000000011,0.5,0.5,0.6965669290607985,MI,[4 1 3 2 5],47.09999999999991,10,4091.6000000000167,0.0,False,4
16,0,0,[3 1 4 2 5],2572.000000000011,0.5,0.5,0.3722864034299177,SI,[3 4 1 2 5],48.60000000000002,10,3351.000000000022,0.0,False,4
16,0,1,[3 1 4 2 5],2572.000000000011,0.5,0.5,0.2822282857589006,SI,[4 1 3 2 5],47.09999999999991,10,4091.6000000000167,0.0,False,4
16,0,2,[3 1 4 2 5],2572.000000000011,0.5,0.5,0.09807668195732744,SI,[2 4 1 3 5],173.70000000000005,10,4474.800000000007,0.0,False,4
16,0,3,[3 1 4 2 5],2572.000000000011,0.5,0.5,0.7449041988335354,MI,[4 1 3 2 5],47.09999999999991,10,4091.6000000000167,0.0,False,4
16,0,4,[3 1 4 2 5],2572.000000000011,0.5,0.5,0.17878554167653782,SI,[4 1 3 2 5],47.09999999999991,10,4091.6000000000167,0.0,False,4
17,0,0,[3 1 4 2 5],2572.000000000011,0.5,0.5,0.48250625444781536,SI,[3 1 4 5 2],65.59999999999997,10,2767.400000000016,0.0,False,4
17,0,1,[3 1 4 2 5],2572.000000000011,0.5,0.5,0.9777209358280285,MI,[4 1 3 2 5],47.09999999999991,10,4091.6000000000167,0.0,False,4
17,0,2,[3 1 4 2 5],2572.000000000011,0.5,0.5,0.23573981073215677,SI,[4 1 3 2 5],47.09999999999991,10,4091.6000000000167,0.0,False,4
17,0,3,[3 1 4 2 5],2572.000000000011,0.5,0.5,0.8088039088488308,MI,[4 1 3 2 5],47.09999999999991,10,4091.6000000000167,0.0,False,4
17,0,4,[3 1 4 2 5],2572.000000000011,0.5,0.5,0.056644062863589584,SI,[4 1 3 2 5],47.09999999999991,10,4091.6000000000167,0.0,False,4
18,0,0,[3 1 4 2 5],2572.000000000011,0.5,0.5,0.5376651068349346,MI,[5 2 4 1 3],115.9,10,4486.500000000022,0.0,False,4
18,0,1,[3 1 4 2 5],2572.000000000011,0.5,0.5,0.9177060899183276,MI,[4 1 3 2 5],47.09999999999991,10,4091.6000000000167,0.0,False,4
18,0,2,[3 1 4 2 5],2572.000000000011,0.5,0.5,0.25404461980728665,SI,[3 4 1 2 5],48.60000000000002,10,3351.000000000022,0.0,False,4
18,0,3,[3 1 4 2 5],2572.000000000011,0.5,0.5,0.8228357973916083,MI,[4 1 3 2 5],47.09999999999991,10,4091.6000000000167,0.0,False,4
18,0,4,[3 1 4 2 5],2572.000000000011,0.5,0.5,0.6990334697125671,MI,[4 1 3 2 5],47.09999999999991,10,4091.6000000000167,0.0,False,4
19,0,0,[3 1 4 2 5],2572.000000000011,0.5,0.5,0.8870271808322515,MI,[4 1 3 2 5],47.09999999999991,10,4091.6000000000167,0.0,False,4
19,0,1,[3 1 4 2 5],2572.000000000011,0.5,0.5,0.7556087950951155,MI,[4 1 3 2 5],47.09999999999991,10,4091.6000000000167,0.0,False,4
19,0,2,[3 1 4 2 5],2572.000000000011,0.5,0.5,0.01457527174969031,SI,[3 1 4 5 2],65.59999999999997,10,2767.400000000016,0.0,False,4
19,0,3,[3 1 4 2 5],2572.000000000011,0.5,0.5,0.32637529143765776,SI,[3 1 4 5 2],65.59999999999997,10,2767.400000000016,0.0,False,4
19,0,4,[3 1 4 2 5],2572.000000000011,0.5,0.5,0.6000974061300548,MI,[4 1 3 2 5],47.09999999999991,10,4091.6000000000167,0.0,False,4
20,0,0,[3 1 4 2 5],2572.000000000011,0.5,0.5,0.29285796509584683,SI,[4 1 3 2 5],47.09999999999991,10,4091.6000000000167,0.0,False,4
20,0,1,[3 1 4 2 5],2572.000000000011,0.5,0.5,0.9838642061305579,MI,[4 1 3 2 5],47.09999999999991,10,4091.6000000000167,0.0,False,4
20,0,2,[3 1 4 2 5],2572.000000000011,0.5,0.5,0.9169005318259396,MI,[5 2 4 1 3],115.9,10,4486.500000000022,0.0,False,4
20,0,3,[3 1 4 2 5],2572.000000000011,0.5,0.5,0.14039660351879246,SI,[1 3 4 2 5],112.69999999999999,10,3566.5000000000255,0.0,False,4
20,0,4,[3 1 4 2 5],2572.000000000011,0.5,0.5,0.3187622974651211,SI,[5 2 4 1 3],115.9,10,4486.500000000022,0.0,False,4
21,0,0,[3 1 4 2 5],2572.000000000011,0.5,0.5,0.4775963996207514,SI,[3 4 1 2 5],48.60000000000002,10,3351.000000000022,0.0,False,4
21,0,1,[3 1 4 2 5],2572.000000000011,0.5,0.5,0.3947938614166707,SI,[3 1 4 5 2],65.59999999999997,10,2767.400000000016,0.0,False,4
21,0,2,[3 1 4 2 5],2572.000000000011,0.5,0.5,0.4341369183880087,SI,[3 4 1 2 5],48.60000000000002,10,3351.000000000022,0.0,False,4
21,0,3,[3 1 4 2 5],2572.000000000011,0.5,0.5,0.4497778913643018,SI,[4 1 3 2 5],47.09999999999991,10,4091.6000000000167,0.0,False,4
21,0,4,[3 1 4 2 5],2572.000000000011,0.5,0.5,0.3064998927334067,SI,[4 1 3 2 5],47.09999999999991,10,4091.6000000000167,0.0,False,4
22,0,0,[3 1 4 2 5],2572.000000000011,0.5,0.5,0.4543294326512195,SI,[3 5 2 4 1],384.0,10,4766.700000000019,0.0,False,4
22,0,1,[3 1 4 2 5],2572.000000000011,0.5,0.5,0.07658922172614469,SI,[1 3 4 2 5],112.69999999999999,10,3566.5000000000255,0.0,False,4
22,0,2,[3 1 4 2 5],2572.000000000011,0.5,0.5,0.22481802492352287,SI,[4 1 3 2 5],47.09999999999991,10,4091.6000000000167,0.0,False,4
22,0,3,[3 1 4 2 5],2572.000000000011,0.5,0.5,0.1373312238500206,SI,[3 4 1 2 5],48.60000000000002,10,3351.000000000022,0.0,False,4
22,0,4,[3 1 4 2 5],2572.000000000011,0.5,0.5,0.774028375356752,MI,[4 1 3 2 5],47.09999999999991,10,4091.6000000000167,0.0,False,4
23,0,0,[3 1 4 2 5],2572.000000000011,0.5,0.5,0.11583515586823201,SI,[5 2 4 1 3],115.9,10,4486.500000000022,0.0,False,4
23,0,1,[3 1 4 2 5],2572.000000000011,0.5,0.5,0.3607814706364918,SI,[3 1 4 5 2],65.59999999999997,10,2767.400000000016,0.0,False,4
23,0,2,[3 1 4 2 5],2572.000000000011,0.5,0.5,0.9966480695362749,MI,[4 1 3 2 5],47.09999999999991,10,4091.6000000000167,0.0,False,4
23,0,3,[3 1 4 2 5],2572.000000000011,0.5,0.5,0.7627146483020519,MI,[4 1 3 2 5],47.09999999999991,10,4091.6000000000167,0.0,False,4
23,0,4,[3 1 4 2 5],2572.000000000011,0.5,0.5,0.6393886385697145,MI,[4 1 3 2 5],47.09999999999991,10,4091.6000000000167,0.0,False,4
24,0,0,[3 1 4 2 5],2572.000000000011,0.5,0.5,0.04969059197509662,SI,[4 1 3 2 5],47.09999999999991,10,4091.6000000000167,0.0,False,4
24,0,1,[3 1 4 2 5],2572.000000000011,0.5,0.5,0.69466009843115,MI,[4 1 3 2 5],47.09999999999991,10,4091.6000000000167,0.0,False,4
24,0,2,[3 1 4 2 5],2572.000000000011,0.5,0.5,0.09495978148408402,SI,[3 4 1 2 5],48.60000000000002,10,3351.000000000022,0.0,False,4
24,0,3,[3 1 4 2 5],2572.000000000011,0.5,0.5,0.8070430580929117,MI,[4 1 3 2 5],47.09999999999991,10,4091.6000000000167,0.0,False,4
24,0,4,[3 1 4 2 5],2572.000000000011,0.5,0.5,0.2641351283327079,SI,[3 1 4 5 2],65.59999999999997,10,2767.400000000016,0.0,False,4
25,0,0,[3 1 4 2 5],2572.000000000011,0.5,0.5,0.3826051601774916,SI,[3 4 1 2 5],48.60000000000002,10,3351.000000000022,0.0,False,4
25,0,1,[3 1 4 2 5],2572.000000000011,0.5,0.5,0.9752539624177781,MI,[4 1 3 2 5],47.09999999999991,10,4091.6000000000167,0.0,False,4
25,0,2,[3 1 4 2 5],2572.000000000011,0.5,0.5,0.3926996545108926,SI,[3 4 1 2 5],48.60000000000002,10,3351.000000000022,0.0,False,4
25,0,3,[3 1 4 2 5],2572.000000000011,0.5,0.5,0.24150048630913,SI,[3 4 1 2 5],48.60000000000002,10,3351.000000000022,0.0,False,4
25,0,4,[3 1 4 2 5],2572.000000000011,0.5,0.5,0.2612694654300245,SI,[3 4 1 2 5],48.60000000000002,10,3351.000000000022,0.0,False,4
26,0,0,[3 1 4 2 5],2572.000000000011,0.5,0.5,0.8111837379039294,MI,[4 1 3 2 5],47.09999999999991,10,4091.6000000000167,0.0,False,4
26,0,1,[3 1 4 2 5],2572.000000000011,0.5,0.5,0.39537695054068056,SI,[3 4 1 2 5],48.60000000000002,10,3351.000000000022,0.0,False,4
26,0,2,[3 1 4 2 5],2572.000000000011,0.5,0.5,0.05515058102483594,SI,[1 3 4 2 5],112.69999999999999,10,3566.5000000000255,0.0,False,4
26,0,3,[3 1 4 2 5],2572.000000000011,0.5,0.5,0.690552214039243,MI,[4 1 3 2 5],47.09999999999991,10,4091.6000000000167,0.0,False,4
26,0,4,[3 1 4 2 5],2572.000000000011,0.5,0.5,0.5529154114483326,MI,[4 1 3 2 5],47.09999999999991,10,4091.6000000000167,0.0,False,4
27,0,0,[3 1 4 2 5],2572.000000000011,0.5,0.5,0.9396293653735203,MI,[4 1 3 2 5],47.09999999999991,10,4091.6000000000167,0.0,False,4
27,0,1,[3 1 4 2 5],2572.000000000011,0.5,0.5,0.7702478682093304,MI,[4 1 3 2 5],47.09999999999991,10,4091.6000000000167,0.0,False,4
27,0,2,[3 1 4 2 5],2572.000000000011,0.5,0.5,0.31347110710827963,SI,[1 3 4 2 5],112.69999999999999,10,3566.5000000000255,0.0,False,4
27,0,3,[3 1 4 2 5],2572.000000000011,0.5,0.5,0.3207672054258658,SI,[3 4 1 2 5],48.60000000000002,10,3351.000000000022,0.0,False,4
27,0,4,[3 1 4 2 5],2572.000000000011,0.5,0.5,0.3100872240617327,SI,[3 1 4 5 2],65.59999999999997,10,2767.400000000016,0.0,False,4
28,0,0,[3 1 4 2 5],2572.000000000011,0.5,0.5,0.4106480762497978,SI,[3 4 1 2 5],48.60000000000002,10,3351.000000000022,0.0,False,4
28,0,1,[3 1 4 2 5],2572.000000000011,0.5,0.5,0.9256591053756689,MI,[4 1 3 2 5],47.09999999999991,10,4091.6000000000167,0.0,False,4
28,0,2,[3 1 4 2 5],2572.000000000011,0.5,0.5,0.43071558736281246,SI,[3 4 1 2 5],48.60000000000002,10,3351.000000000022,0.0,False,4
28,0,3,[3 1 4 2 5],2572.000000000011,0.5,0.5,0.32318979650561985,SI,[4 1 3 2 5],47.09999999999991,10,4091.6000000000167,0.0,False,4
28,0,4,[3 1 4 2 5],2572.000000000011,0.5,0.5,0.7109201145073203,MI,[4 1 3 2 5],47.09999999999991,10,4091.6000000000167,0.0,False,4
29,0,0,[3 1 4 2 5],2572.000000000011,0.5,0.5,0.8918065448164222,MI,[4 1 3 2 5],47.09999999999991,10,4091.6000000000167,0.0,False,4
29,0,1,[3 1 4 2 5],2572.000000000011,0.5,0.5,0.345476968270757,SI,[1 3 4 2 5],112.69999999999999,10,3566.5000000000255,0.0,False,4
29,0,2,[3 1 4 2 5],2572.000000000011,0.5,0.5,0.11396819920100387,SI,[4 1 3 2 5],47.09999999999991,10,4091.6000000000167,0.0,False,4
29,0,3,[3 1 4 2 5],2572.000000000011,0.5,0.5,0.4277055609292374,SI,[3 4 1 2 5],48.60000000000002,10,3351.000000000022,0.0,False,4
29,0,4,[3 1 4 2 5],2572.000000000011,0.5,0.5,0.16186103577660893,SI,[4 1 3 2 5],47.09999999999991,10,4091.6000000000167,0.0,False,4
30,0,0,[3 1 4 2 5],2572.000000000011,0.5,0.5,0.1011854784380597,SI,[4 1 3 2 5],47.09999999999991,10,4091.6000000000167,0.0,False,4
30,0,1,[3 1 4 2 5],2572.000000000011,0.5,0.5,0.5055287014248157,MI,[2 4 1 3 5],173.70000000000005,10,4474.800000000007,0.0,False,4
30,0,2,[3 1 4 2 5],2572.000000000011,0.5,0.5,0.4602653412844271,SI,[4 1 3 2 5],47.09999999999991,10,4091.6000000000167,0.0,False,4
30,0,3,[3 1 4 2 5],2572.000000000011,0.5,0.5,0.4628291789474379,SI,[3 4 1 2 5],48.60000000000002,10,3351.000000000022,0.0,False,4
30,0,4,[3 1 4 2 5],2572.000000000011,0.5,0.5,0.8803988661156557,MI,[4 1 3 2 5],47.09999999999991,10,4091.6000000000167,0.0,False,4
31,0,0,[3 1 4 2 5],2572.000000000011,0.5,0.5,0.4130641452704308,SI,[3 4 1 2 5],48.60000000000002,10,3351.000000000022,0.0,False,4
31,0,1,[3 1 4 2 5],2572.000000000011,0.5,0.5,0.43914488567652343,SI,[3 1 4 5 2],65.59999999999997,10,2767.400000000016,0.0,False,4
31,0,2,[3 1 4 2 5],2572.000000000011,0.5,0.5,0.4225608552855107,SI,[1 3 4 2 5],112.69999999999999,10,3566.5000000000255,0.0,False,4
31,0,3,[3 1 4 2 5],2572.000000000011,0.5,0.5,0.01766518607373746,SI,[4 1 3 2 5],47.09999999999991,10,4091.6000000000167,0.0,False,4
31,0,4,[3 1 4 2 5],2572.000000000011,0.5,0.5,0.697421677127143,MI,[4 1 3 2 5],47.09999999999991,10,4091.6000000000167,0.0,False,4
32,0,0,[3 1 4 2 5],2572.000000000011,0.5,0.5,0.20637789442983123,SI,[4 1 3 2 5],47.09999999999991,10,4091.6000000000167,0.0,False,4
32,0,1,[3 1 4 2 5],2572.000000000011,0.5,0.5,0.480087226568813,SI,[4 1 3 2 5],47.09999999999991,10,4091.6000000000167,0.0,False,4
32,0,2,[3 1 4 2 5],2572.000000000011,0.5,0.5,0.20734865449923456,SI,[4 1 3 2 5],47.09999999999991,10,4091.6000000000167,0.0,False,4
32,0,3,[3 1 4 2 5],2572.000000000011,0.5,0.5,0.8526934558070456,MI,[4 1 3 2 5],47.09999999999991,10,4091.6000000000167,0.0,False,4
32,0,4,[3 1 4 2 5],2572.000000000011,0.5,0.5,0.3634029343507843,SI,[5 2 4 1 3],115.9,10,4486.500000000022,0.0,False,4
33,0,0,[3 1 4 2 5],2572.000000000011,0.5,0.5,0.30256396224748827,SI,[3 4 1 2 5],48.60000000000002,10,3351.000000000022,0.0,False,4
33,0,1,[3 1 4 2 5],2572.000000000011,0.5,0.5,0.09962918957504774,SI,[4 1 3 2 5],47.09999999999991,10,4091.6000000000167,0.0,False,4
33,0,2,[3 1 4 2 5],2572.000000000011,0.5,0.5,0.002491990135361055,SI,[3 4 1 2 5],48.60000000000002,10,3351.000000000022,0.0,False,4
33,0,3,[3 1 4 2 5],2572.000000000011,0.5,0.5,0.5228613900735463,MI,[4 1 3 2 5],47.09999999999991,10,4091.6000000000167,0.0,False,4
33,0,4,[3 1 4 2 5],2572.000000000011,0.5,0.5,0.6048580795174044,MI,[5 2 4 1 3],115.9,10,4486.500000000022,0.0,False,4
34,0,0,[3 1 4 2 5],2572.000000000011,0.5,0.5,0.5465776422701496,MI,[4 1 3 2 5],47.09999999999991,10,4091.6000000000167,0.0,False,4
34,0,1,[3 1 4 2 5],2572.000000000011,0.5,0.5,0.8487297469878543,MI,[5 2 4 1 3],115.9,10,4486.500000000022,0.0,False,4
34,0,2,[3 1 4 2 5],2572.000000000011,0.5,0.5,0.38287934291107373,SI,[4 1 3 2 5],47.09999999999991,10,4091.6000000000167,0.0,False,4
34,0,3,[3 1 4 2 5],2572.000000000011,0.5,0.5,0.37531924156897023,SI,[4 1 3 2 5],47.09999999999991,10,4091.6000000000167,0.0,False,4
34,0,4,[3 1 4 2 5],2572.000000000011,0.5,0.5,0.5584208449224216,MI,[4 1 3 2 5],47.09999999999991,10,4091.6000000000167,0.0,False,4
35,0,0,[3 1 4 2 5],2572.000000000011,0.5,0.5,0.28675182320767023,SI,[3 4 1 2 5],48.60000000000002,10,3351.000000000022,0.0,False,4
35,0,1,[3 1 4 2 5],2572.000000000011,0.5,0.5,0.14883164457828657,SI,[4 1 3 2 5],47.09999999999991,10,4091.6000000000167,0.0,False,4
35,0,2,[3 1 4 2 5],2572.000000000011,0.5,0.5,0.23914381029763165,SI,[3 4 1 2 5],48.60000000000002,10,3351.000000000022,0.0,False,4
35,0,3,[3 1 4 2 5],2572.000000000011,0.5,0.5,0.5892774164594832,MI,[4 1 3 2 5],47.09999999999991,10,4091.6000000000167,0.0,False,4
35,0,4,[3 1 4 2 5],2572.000000000011,0.5,0.5,0.6029132290044855,MI,[4 1 3 2 5],47.09999999999991,10,4091.6000000000167,0.0,False,4
36,0,0,[3 1 4 2 5],2572.000000000011,0.5,0.5,0.31767141429530965,SI,[4 1 3 2 5],47.09999999999991,10,4091.6000000000167,0.0,False,4
36,0,1,[3 1 4 2 5],2572.000000000011,0.5,0.5,0.08982178289953313,SI,[4 1 3 2 5],47.09999999999991,10,4091.6000000000167,0.0,False,4
36,0,2,[3 1 4 2 5],2572.000000000011,0.5,0.5,0.37520572677826647,SI,[1 3 4 2 5],112.69999999999999,10,3566.5000000000255,0.0,False,4
36,0,3,[3 1 4 2 5],2572.000000000011,0.5,0.5,0.9371565698629258,MI,[4 1 3 2 5],47.09999999999991,10,4091.6000000000167,0.0,False,4
36,0,4,[3 1 4 2 5],2572.000000000011,0.5,0.5,0.9389907495014957,MI,[4 1 3 2 5],47.09999999999991,10,4091.6000000000167,0.0,False,4
37,0,0,[3 1 4 2 5],2572.000000000011,0.5,0.5,0.8008118493643117,MI,[4 1 3 2 5],47.09999999999991,10,4091.6000000000167,0.0,False,4
37,0,1,[3 1 4 2 5],2572.000000000011,0.5,0.5,0.18762838435973161,SI,[3 1 4 5 2],65.59999999999997,10,2767.400000000016,0.0,False,4
37,0,2,[3 1 4 2 5],2572.000000000011,0.5,0.5,0.8435855690052279,MI,[4 1 3 2 5],47.09999999999991,10,4091.6000000000167,0.0,False,4
37,0,3,[3 1 4 2 5],2572.000000000011,0.5,0.5,0.01953491251561923,SI,[4 1 3 2 5],47.09999999999991,10,4091.6000000000167,0.0,False,4
37,0,4,[3 1 4 2 5],2572.000000000011,0.5,0.5,0.2055827305673421,SI,[4 1 3 2 5],47.09999999999991,10,4091.6000000000167,0.0,False,4
38,0,0,[3 1 4 2 5],2572.000000000011,0.5,0.5,0.5273561819506173,MI,[4 1 3 2 5],47.09999999999991,10,4091.6000000000167,0.0,False,4
38,0,1,[3 1 4 2 5],2572.000000000011,0.5,0.5,0.2956986857474917,SI,[5 2 4 1 3],115.9,10,4486.500000000022,0.0,False,4
38,0,2,[3 1 4 2 5],2572.000000000011,0.5,0.5,0.18368627696173778,SI,[4 1 3 2 5],47.09999999999991,10,4091.6000000000167,0.0,False,4
38,0,3,[3 1 4 2 5],2572.000000000011,0.5,0.5,0.4718540039500043,SI,[3 4 1 2 5],48.60000000000002,10,3351.000000000022,0.0,False,4
38,0,4,[3 1 4 2 5],2572.000000000011,0.5,0.5,0.4738528927920018,SI,[4 1 3 2 5],47.09999999999991,10,4091.6000000000167,0.0,False,4
39,0,0,[3 1 4 2 5],2572.000000000011,0.5,0.5,0.18805900689939414,SI,[3 4 1 2 5],48.60000000000002,10,3351.000000000022,0.0,False,4
39,0,1,[3 1 4 2 5],2572.000000000011,0.5,0.5,0.41389171324144947,SI,[3 1 4 5 2],65.59999999999997,10,2767.400000000016,0.0,False,4
39,0,2,[3 1 4 2 5],2572.000000000011,0.5,0.5,0.7176236326056602,MI,[4 1 3 2 5],47.09999999999991,10,4091.6000000000167,0.0,False,4
39,0,3,[3 1 4 2 5],2572.000000000011,0.5,0.5,0.19257122934606208,SI,[4 1 3 2 5],47.09999999999991,10,4091.6000000000167,0.0,False,4
39,0,4,[3 1 4 2 5],2572.000000000011,0.5,0.5,0.9867729446396052,MI,[4 1 3 2 5],47.09999999999991,10,4091.6000000000167,0.0,False,4
40,0,0,[3 1 4 2 5],2572.000000000011,0.5,0.5,0.2480685854314797,SI,[3 1 4 5 2],65.59999999999997,10,2767.400000000016,0.0,False,4
40,0,1,[3 1 4 2 5],2572.000000000011,0.5,0.5,0.8800144741492879,MI,[4 1 3 2 5],47.09999999999991,10,4091.6000000000167,0.0,False,4
40,0,2,[3 1 4 2 5],2572.000000000011,0.5,0.5,0.7799364576092244,MI,[4 1 3 2 5],47.09999999999991,10,4091.6000000000167,0.0,False,4
40,0,3,[3 1 4 2 5],2572.000000000011,0.5,0.5,0.45918841197449367,SI,[4 1 3 2 5],47.09999999999991,10,4091.6000000000167,0.0,False,4
40,0,4,[3 1 4 2 5],2572.000000000011,0.5,0.5,0.9522400522628465,MI,[4 1 3 2 5],47.09999999999991,10,4091.6000000000167,0.0,False,4
41,0,0,[3 1 4 2 5],2572.000000000011,0.5,0.5,0.009070049241937217,SI,[3 1 4 5 2],65.59999999999997,10,2767.400000000016,0.0,False,4
41,0,1,[3 1 4 2 5],2572.000000000011,0.5,0.5,0.6645736979186999,MI,[4 1 3 2 5],47.09999999999991,10,4091.6000000000167,0.0,False,4
41,0,2,[3 1 4 2 5],2572.000000000011,0.5,0.5,0.0027801512300014153,SI,[5 2 4 1 3],115.9,10,4486.500000000022,0.0,False,4
41,0,3,[3 1 4 2 5],2572.000000000011,0.5,0.5,0.16558093251578965,SI,[3 4 1 2 5],48.60000000000002,10,3351.000000000022,0.0,False,4
41,0,4,[3 1 4 2 5],2572.000000000011,0.5,0.5,0.9213376411118546,MI,[4 1 3 2 5],47.09999999999991,10,4091.6000000000167,0.0,False,4
42,0,0,[3 1 4 2 5],2572.000000000011,0.5,0.5,0.204497703944314,SI,[1 3 4 2 5],112.69999999999999,10,3566.5000000000255,0.0,False,4
42,0,1,[3 1 4 2 5],2572.000000000011,0.5,0.5,0.1384142485378671,SI,[4 1 3 2 5],47.09999999999991,10,4091.6000000000167,0.0,False,4
42,0,2,[3 1 4 2 5],2572.000000000011,0.5,0.5,0.09716960385936857,SI,[3 1 4 5 2],65.59999999999997,10,2767.400000000016,0.0,False,4
42,0,3,[3 1 4 2 5],2572.000000000011,0.5,0.5,0.02305637811964134,SI,[3 4 1 2 5],48.60000000000002,10,3351.000000000022,0.0,False,4
42,0,4,[3 1 4 2 5],2572.000000000011,0.5,0.5,0.25692099395308954,SI,[4 1 3 2 5],47.09999999999991,10,4091.6000000000167,0.0,False,4
43,0,0,[3 1 4 2 5],2572.000000000011,0.5,0.5,0.7502744240537931,MI,[4 1 3 2 5],47.09999999999991,10,4091.6000000000167,0.0,False,4
43,0,1,[3 1 4 2 5],2572.000000000011,0.5,0.5,0.7637879655227755,MI,[4 1 3 2 5],47.09999999999991,10,4091.6000000000167,0.0,False,4
43,0,2,[3 1 4 2 5],2572.000000000011,0.5,0.5,0.4161954299071726,SI,[4 1 3 2 5],47.09999999999991,10,4091.6000000000167,0.0,False,4
43,0,3,[3 1 4 2 5],2572.000000000011,0.5,0.5,0.6325775417931454,MI,[4 1 3 2 5],47.09999999999991,10,4091.6000000000167,0.0,False,4
43,0,4,[3 1 4 2 5],2572.000000000011,0.5,0.5,0.7907980038051078,MI,[4 1 3 2 5],47.09999999999991,10,4091.6000000000167,0.0,False,4
44,0,0,[3 1 4 2 5],2572.000000000011,0.5,0.5,0.020145404317891247,SI,[4 1 3 2 5],47.09999999999991,10,4091.6000000000167,0.0,False,4
44,0,1,[3 1 4 2 5],2572.000000000011,0.5,0.5,0.12932971227226575,SI,[4 1 3 2 5],47.09999999999991,10,4091.6000000000167,0.0,False,4
44,0,2,[3 1 4 2 5],2572.000000000011,0.5,0.5,0.14620884700830317,SI,[4 1 3 2 5],47.09999999999991,10,4091.6000000000167,0.0,False,4
44,0,3,[3 1 4 2 5],2572.000000000011,0.5,0.5,0.0030098266421311193,SI,[3 4 1 2 5],48.60000000000002,10,3351.000000000022,0.0,False,4
44,0,4,[3 1 4 2 5],2572.000000000011,0.5,0.5,0.8068158389609452,MI,[4 1 3 2 5],47.09999999999991,10,4091.6000000000167,0.0,False,4
45,0,0,[3 1 4 2 5],2572.000000000011,0.5,0.5,0.2428743228760304,SI,[4 1 3 2 5],47.09999999999991,10,4091.6000000000167,0.0,False,4
45,0,1,[3 1 4 2 5],2572.000000000011,0.5,0.5,0.31802010542227466,SI,[3 4 1 2 5],48.60000000000002,10,3351.000000000022,0.0,False,4
45,0,2,[3 1 4 2 5],2572.000000000011,0.5,0.5,0.47172981894104293,SI,[4 1 3 2 5],47.09999999999991,10,4091.6000000000167,0.0,False,4
45,0,3,[3 1 4 2 5],2572.000000000011,0.5,0.5,0.3530114097307204,SI,[4 1 3 2 5],47.09999999999991,10,4091.6000000000167,0.0,False,4
45,0,4,[3 1 4 2 5],2572.000000000011,0.5,0.5,0.12312446545770084,SI,[3 1 4 5 2],65.59999999999997,10,2767.400000000016,0.0,False,4
46,0,0,[3 1 4 2 5],2572.000000000011,0.5,0.5,0.3103104058147078,SI,[3 4 1 2 5],48.60000000000002,10,3351.000000000022,0.0,False,4
46,0,1,[3 1 4 2 5],2572.000000000011,0.5,0.5,0.18123362701135615,SI,[4 1 3 2 5],47.09999999999991,10,4091.6000000000167,0.0,False,4
46,0,2,[3 1 4 2 5],2572.000000000011,0.5,0.5,0.8170260363944427,MI,[4 1 3 2 5],47.09999999999991,10,4091.6000000000167,0.0,False,4
46,0,3,[3 1 4 2 5],2572.000000000011,0.5,0.5,0.2830527650287792,SI,[3 4 1 2 5],48.60000000000002,10,3351.000000000022,0.0,False,4
46,0,4,[3 1 4 2 5],2572.000000000011,0.5,0.5,0.6300877758605966,MI,[4 1 3 2 5],47.09999999999991,10,4091.6000000000167,0.0,False,4
47,0,0,[3 1 4 2 5],2572.000000000011,0.5,0.5,0.02598288927902903,SI,[3 1 4 5 2],65.59999999999997,10,2767.400000000016,0.0,False,4
47,0,1,[3 1 4 2 5],2572.000000000011,0.5,0.5,0.34196177356859714,SI,[3 1 4 5 2],65.59999999999997,10,2767.400000000016,0.0,False,4
47,0,2,[3 1 4 2 5],2572.000000000011,0.5,0.5,0.7779828806739841,MI,[4 1 3 2 5],47.09999999999991,10,4091.6000000000167,0.0,False,4
47,0,3,[3 1 4 2 5],2572.000000000011,0.5,0.5,0.7178849748054604,MI,[4 1 3 2 5],47.09999999999991,10,4091.6000000000167,0.0,False,4
47,0,4,[3 1 4 2 5],2572.000000000011,0.5,0.5,0.15000699946436524,SI,[4 1 3 2 5],47.09999999999991,10,4091.6000000000167,0.0,False,4
48,0,0,[3 1 4 2 5],2572.000000000011,0.5,0.5,0.19765906966515945,SI,[4 1 3 2 5],47.09999999999991,10,4091.6000000000167,0.0,False,4
48,0,1,[3 1 4 2 5],2572.000000000011,0.5,0.5,0.4200634457371196,SI,[4 1 3 2 5],47.09999999999991,10,4091.6000000000167,0.0,False,4
48,0,2,[3 1 4 2 5],2572.000000000011,0.5,0.5,0.7858332270395808,MI,[4 1 3 2 5],47.09999999999991,10,4091.6000000000167,0.0,False,4
48,0,3,[3 1 4 2 5],2572.000000000011,0.5,0.5,0.14520328993853016,SI,[4 1 3 2 5],47.09999999999991,10,4091.6000000000167,0.0,False,4
48,0,4,[3 1 4 2 5],2572.000000000011,0.5,0.5,0.9203363206314075,MI,[4 1 3 2 5],47.09999999999991,10,4091.6000000000167,0.0,False,4
49,0,0,[3 1 4 2 5],2572.000000000011,0.5,0.5,0.6838657116441585,MI,[4 1 3 2 5],47.09999999999991,10,4091.6000000000167,0.0,False,4
49,0,1,[3 1 4 2 5],2572.000000000011,0.5,0.5,0.24499216676392654,SI,[3 1 4 5 2],65.59999999999997,10,2767.400000000016,0.0,False,4
49,0,2,[3 1 4 2 5],2572.000000000011,0.5,0.5,0.05998045906042815,SI,[3 1 4 5 2],65.59999999999997,10,2767.400000000016,0.0,False,4
49,0,3,[3 1 4 2 5],2572.000000000011,0.5,0.5,0.4813061436609074,SI,[3 1 4 5 2],65.59999999999997,10,2767.400000000016,0.0,False,4
49,0,4,[3 1 4 2 5],2572.000000000011,0.5,0.5,0.8112006679526359,MI,[4 1 3 2 5],47.09999999999991,10,4091.6000000000167,0.0,False,4
50,0,0,[3 1 4 2 5],2572.000000000011,0.5,0.5,0.22576469637376995,SI,[3 4 1 2 5],48.60000000000002,10,3351.000000000022,0.0,False,4
50,0,1,[3 1 4 2 5],2572.000000000011,0.5,0.5,0.26931509775964335,SI,[3 1 4 5 2],65.59999999999997,10,2767.400000000016,0.0,False,4
50,0,2,[3 1 4 2 5],2572.000000000011,0.5,0.5,0.18717259694710253,SI,[3 4 1 2 5],48.60000000000002,10,3351.000000000022,0.0,False,4
50,0,3,[3 1 4 2 5],2572.000000000011,0.5,0.5,0.6764684620942779,MI,[4 1 3 2 5],47.09999999999991,10,4091.6000000000167,0.0,False,4
50,0,4,[3 1 4 2 5],2572.000000000011,0.5,0.5,0.30269372037991416,SI,[1 3 4 2 5],112.69999999999999,10,3566.5000000000255,0.0,False,4
0,6,0,[2 1 3 4 5],1342.799999999981,0.5,0.5,0.28927704732032733,SI,[5 4 3 1 2],9.099999999999994,10,2656.499999999949,0.0,False,5
0,6,1,[2 1 3 4 5],1342.799999999981,0.5,0.5,0.13555588703374388,SI,[5 4 3 1 2],9.099999999999994,10,2656.499999999949,0.0,False,5
0,6,2,[2 1 3 4 5],1342.799999999981,0.5,0.5,0.5356604342807254,MI,[5 4 3 1 2],9.099999999999994,10,2656.499999999949,0.0,False,5
0,6,3,[2 1 3 4 5],1342.799999999981,0.5,0.5,0.4493503120015414,SI,[5 4 3 1 2],9.099999999999994,10,2656.499999999949,0.0,False,5
0,6,4,[2 1 3 4 5],1342.799999999981,0.5,0.5,0.8459964214488455,MI,[5 4 3 1 2],9.099999999999994,10,2656.499999999949,0.0,False,5
1,0,0,[2 1 3 4 5],1342.799999999981,0.5,0.5,0.7816223014496231,MI,[3 1 2 4 5],11.5,10,1423.5,0.0,False,5
1,0,1,[2 1 3 4 5],1342.799999999981,0.5,0.5,0.4575650102951192,SI,[3 1 2 4 5],11.5,10,1423.5,0.0,False,5
1,0,2,[2 1 3 4 5],1342.799999999981,0.5,0.5,0.8583475994749744,MI,[5 4 3 1 2],9.099999999999994,10,2656.499999999949,0.0,False,5
1,0,3,[2 1 3 4 5],1342.799999999981,0.5,0.5,0.6628167659947823,MI,[5 4 3 1 2],9.099999999999994,10,2656.499999999949,0.0,False,5
1,0,4,[2 1 3 4 5],1342.799999999981,0.5,0.5,0.2891048946145597,SI,[5 4 3 1 2],9.099999999999994,10,2656.499999999949,0.0,False,5
2,0,0,[2 1 3 4 5],1342.799999999981,0.5,0.5,0.18030229406119969,SI,[5 4 3 1 2],9.099999999999994,10,2656.499999999949,0.0,False,5
2,0,1,[2 1 3 4 5],1342.799999999981,0.5,0.5,0.5299507789951656,MI,[5 4 3 1 2],9.099999999999994,10,2656.499999999949,0.0,False,5
2,0,2,[2 1 3 4 5],1342.799999999981,0.5,0.5,0.25993586745234776,SI,[3 1 2 4 5],11.5,10,1423.5,0.0,False,5
2,0,3,[2 1 3 4 5],1342.799999999981,0.5,0.5,0.6522405086124894,MI,[5 4 3 1 2],9.099999999999994,10,2656.499999999949,0.0,False,5
2,0,4,[2 1 3 4 5],1342.799999999981,0.5,0.5,0.947881679057816,MI,[5 4 3 1 2],9.099999999999994,10,2656.499999999949,0.0,False,5
3,0,0,[2 1 3 4 5],1342.799999999981,0.5,0.5,0.0564175940628201,SI,[5 4 3 1 2],9.099999999999994,10,2656.499999999949,0.0,False,5
3,0,1,[2 1 3 4 5],1342.799999999981,0.5,0.5,0.8402224568586562,MI,[5 4 3 1 2],9.099999999999994,10,2656.499999999949,0.0,False,5
3,0,2,[2 1 3 4 5],1342.799999999981,0.5,0.5,0.6165860415092029,MI,[5 4 3 1 2],9.099999999999994,10,2656.499999999949,0.0,False,5
3,0,3,[2 1 3 4 5],1342.799999999981,0.5,0.5,0.47722913798026223,SI,[5 4 3 1 2],9.099999999999994,10,2656.499999999949,0.0,False,5
3,0,4,[2 1 3 4 5],1342.799999999981,0.5,0.5,0.7101186299642848,MI,[5 4 3 1 2],9.099999999999994,10,2656.499999999949,0.0,False,5
4,0,0,[2 1 3 4 5],1342.799999999981,0.5,0.5,0.14473318391465195,SI,[1 2 3 4 5],32.0,10,1371.8999999999287,0.0,False,5
4,0,1,[2 1 3 4 5],1342.799999999981,0.5,0.5,0.8794453432681459,MI,[3 1 2 4 5],11.5,10,1423.5,0.0,False,5
4,0,2,[2 1 3 4 5],1342.799999999981,0.5,0.5,0.42834723014003684,SI,[2 1 3 5 4],13.300000000000011,10,1465.299999999992,0.0,False,5
4,0,3,[2 1 3 4 5],1342.799999999981,0.5,0.5,0.566268171435528,MI,[5 4 3 1 2],9.099999999999994,10,2656.499999999949,0.0,False,5
4,0,4,[2 1 3 4 5],1342.799999999981,0.5,0.5,0.97248375702862,MI,[5 4 3 1 2],9.099999999999994,10,2656.499999999949,0.0,False,5
5,0,0,[2 1 3 4 5],1342.799999999981,0.5,0.5,0.5877584836190533,MI,[5 4 3 1 2],9.099999999999994,10,2656.499999999949,0.0,False,5
5,0,1,[2 1 3 4 5],1342.799999999981,0.5,0.5,0.2775691535054252,SI,[5 4 3 1 2],9.099999999999994,10,2656.499999999949,0.0,False,5
5,0,2,[2 1 3 4 5],1342.799999999981,0.5,0.5,0.20867728567837363,SI,[5 4 3 1 2],9.099999999999994,10,2656.499999999949,0.0,False,5
5,0,3,[2 1 3 4 5],1342.799999999981,0.5,0.5,0.005831545852875264,SI,[5 4 3 1 2],9.099999999999994,10,2656.499999999949,0.0,False,5
5,0,4,[2 1 3 4 5],1342.799999999981,0.5,0.5,0.46331821738481804,SI,[2 1 3 5 4],13.300000000000011,10,1465.299999999992,0.0,False,5
6,0,0,[2 1 3 4 5],1342.799999999981,0.5,0.5,0.9258337226780922,MI,[5 4 3 1 2],9.099999999999994,10,2656.499999999949,0.0,False,5
6,0,1,[2 1 3 4 5],1342.799999999981,0.5,0.5,0.557287125752611,MI,[5 4 3 1 2],9.099999999999994,10,2656.499999999949,0.0,False,5
6,0,2,[2 1 3 4 5],1342.799999999981,0.5,0.5,0.6411474417558507,MI,[5 4 3 1 2],9.099999999999994,10,2656.499999999949,0.0,False,5
6,0,3,[2 1 3 4 5],1342.799999999981,0.5,0.5,0.5719074053074222,MI,[5 4 3 1 2],9.099999999999994,10,2656.499999999949,0.0,False,5
6,0,4,[2 1 3 4 5],1342.799999999981,0.5,0.5,0.26023338380457284,SI,[5 4 3 1 2],9.099999999999994,10,2656.499999999949,0.0,False,5
7,0,0,[2 1 3 4 5],1342.799999999981,0.5,0.5,0.46347008695304936,SI,[5 4 3 1 2],9.099999999999994,10,2656.499999999949,0.0,False,5
7,0,1,[2 1 3 4 5],1342.799999999981,0.5,0.5,0.6539873673689639,MI,[5 4 3 1 2],9.099999999999994,10,2656.499999999949,0.0,False,5
7,0,2,[2 1 3 4 5],1342.799999999981,0.5,0.5,0.3947428287518785,SI,[5 4 3 1 2],9.099999999999994,10,2656.499999999949,0.0,False,5
7,0,3,[2 1 3 4 5],1342.799999999981,0.5,0.5,0.5656359937241425,MI,[5 4 3 1 2],9.099999999999994,10,2656.499999999949,0.0,False,5
7,0,4,[2 1 3 4 5],1342.799999999981,0.5,0.5,0.775759305523271,MI,[5 4 3 1 2],9.099999999999994,10,2656.499999999949,0.0,False,5
8,0,0,[2 1 3 4 5],1342.799999999981,0.5,0.5,0.0016702095936449446,SI,[1 2 3 4 5],32.0,10,1371.8999999999287,0.0,False,5
8,0,1,[2 1 3 4 5],1342.799999999981,0.5,0.5,0.5578153827901088,MI,[3 1 2 4 5],11.5,10,1423.5,0.0,False,5
8,0,2,[2 1 3 4 5],1342.799999999981,0.5,0.5,0.7185321129143964,MI,[5 4 3 1 2],9.099999999999994,10,2656.499999999949,0.0,False,5
8,0,3,[2 1 3 4 5],1342.799999999981,0.5,0.5,0.29109038027937095,SI,[3 1 2 4 5],11.5,10,1423.5,0.0,False,5
8,0,4,[2 1 3 4 5],1342.799999999981,0.5,0.5,0.930145499785541,MI,[5 4 3 1 2],9.099999999999994,10,2656.499999999949,0.0,False,5
9,0,0,[2 1 3 4 5],1342.799999999981,0.5,0.5,0.8349741252673994,MI,[5 4 3 1 2],9.099999999999994,10,2656.499999999949,0.0,False,5
9,0,1,[2 1 3 4 5],1342.799999999981,0.5,0.5,0.2616739657878606,SI,[5 4 3 1 2],9.099999999999994,10,2656.499999999949,0.0,False,5
9,0,2,[2 1 3 4 5],1342.799999999981,0.5,0.5,0.9780122280015466,MI,[3 1 2 4 5],11.5,10,1423.5,0.0,False,5
9,0,3,[2 1 3 4 5],1342.799999999981,0.5,0.5,0.02494365766337836,SI,[5 4 3 1 2],9.099999999999994,10,2656.499999999949,0.0,False,5
9,0,4,[2 1 3 4 5],1342.799999999981,0.5,0.5,0.451762124997686,SI,[3 1 2 4 5],11.5,10,1423.5,0.0,False,5
10,0,0,[2 1 3 4 5],1342.799999999981,0.5,0.5,0.3864809236296918,SI,[5 4 3 1 2],9.099999999999994,10,2656.499999999949,0.0,False,5
10,0,1,[2 1 3 4 5],1342.799999999981,0.5,0.5,0.019334117246478377,SI,[5 4 3 1 2],9.099999999999994,10,2656.499999999949,0.0,False,5
10,0,2,[2 1 3 4 5],1342.799999999981,0.5,0.5,0.7954264380919364,MI,[5 4 3 1 2],9.099999999999994,10,2656.499999999949,0.0,False,5
10,0,3,[2 1 3 4 5],1342.799999999981,0.5,0.5,0.9578147531245338,MI,[5 4 3 1 2],9.099999999999994,10,2656.499999999949,0.0,False,5
10,0,4,[2 1 3 4 5],1342.799999999981,0.5,0.5,0.9089580098612755,MI,[5 4 3 1 2],9.099999999999994,10,2656.499999999949,0.0,False,5
11,0,0,[2 1 3 4 5],1342.799999999981,0.5,0.5,0.7210070906347488,MI,[5 4 3 1 2],9.099999999999994,10,2656.499999999949,0.0,False,5
11,0,1,[2 1 3 4 5],1342.799999999981,0.5,0.5,0.48601557230352543,SI,[5 4 3 1 2],9.099999999999994,10,2656.499999999949,0.0,False,5
11,0,2,[2 1 3 4 5],1342.799999999981,0.5,0.5,0.04460085464136787,SI,[5 4 3 1 2],9.099999999999994,10,2656.499999999949,0.0,False,5
11,0,3,[2 1 3 4 5],1342.799999999981,0.5,0.5,0.0838860731198372,SI,[5 4 3 1 2],9.099999999999994,10,2656.499999999949,0.0,False,5
11,0,4,[2 1 3 4 5],1342.799999999981,0.5,0.5,0.8492957339722512,MI,[5 4 3 1 2],9.099999999999994,10,2656.499999999949,0.0,False,5
12,0,0,[2 1 3 4 5],1342.799999999981,0.5,0.5,0.6573596800996349,MI,[5 4 3 1 2],9.099999999999994,10,2656.499999999949,0.0,False,5
12,0,1,[2 1 3 4 5],1342.799999999981,0.5,0.5,0.19249427269297115,SI,[5 4 3 1 2],9.099999999999994,10,2656.499999999949,0.0,False,5
12,0,2,[2 1 3 4 5],1342.799999999981,0.5,0.5,0.9830107106299835,MI,[5 4 3 1 2],9.099999999999994,10,2656.499999999949,0.0,False,5
12,0,3,[2 1 3 4 5],1342.799999999981,0.5,0.5,0.05299043171936735,SI,[3 1 2 4 5],11.5,10,1423.5,0.0,False,5
12,0,4,[2 1 3 4 5],1342.799999999981,0.5,0.5,0.9615882920766988,MI,[5 4 3 1 2],9.099999999999994,10,2656.499999999949,0.0,False,5
13,0,0,[2 1 3 4 5],1342.799999999981,0.5,0.5,0.25771573147741367,SI,[2 3 1 4 5],27.599999999999994,10,1394.0000000000218,0.0,False,5
13,0,1,[2 1 3 4 5],1342.799999999981,0.5,0.5,0.9774077312840175,MI,[3 1 2 4 5],11.5,10,1423.5,0.0,False,5
13,0,2,[2 1 3 4 5],1342.799999999981,0.5,0.5,0.9437310782311008,MI,[5 4 3 1 2],9.099999999999994,10,2656.499999999949,0.0,False,5
13,0,3,[2 1 3 4 5],1342.799999999981,0.5,0.5,0.06097717538481329,SI,[2 1 3 5 4],13.300000000000011,10,1465.299999999992,0.0,False,5
13,0,4,[2 1 3 4 5],1342.799999999981,0.5,0.5,0.7954467019836391,MI,[5 4 3 1 2],9.099999999999994,10,2656.499999999949,0.0,False,5
14,0,0,[2 1 3 4 5],1342.799999999981,0.5,0.5,0.8114205621218724,MI,[3 1 2 4 5],11.5,10,1423.5,0.0,False,5
14,0,1,[2 1 3 4 5],1342.799999999981,0.5,0.5,0.422945360555961,SI,[5 4 3 1 2],9.099999999999994,10,2656.499999999949,0.0,False,5
14,0,2,[2 1 3 4 5],1342.799999999981,0.5,0.5,0.5689183575195043,MI,[5 4 3 1 2],9.099999999999994,10,2656.499999999949,0.0,False,5
14,0,3,[2 1 3 4 5],1342.799999999981,0.5,0.5,0.6275425490960974,MI,[5 4 3 1 2],9.099999999999994,10,2656.499999999949,0.0,False,5
14,0,4,[2 1 3 4 5],1342.799999999981,0.5,0.5,0.4293137356051151,SI,[2 1 3 5 4],13.300000000000011,10,1465.299999999992,0.0,False,5
15,0,0,[2 1 3 4 5],1342.799999999981,0.5,0.5,0.05455342280796438,SI,[5 4 3 1 2],9.099999999999994,10,2656.499999999949,0.0,False,5
15,0,1,[2 1 3 4 5],1342.799999999981,0.5,0.5,0.41536995309999925,SI,[5 4 3 1 2],9.099999999999994,10,2656.499999999949,0.0,False,5
15,0,2,[2 1 3 4 5],1342.799999999981,0.5,0.5,0.277145056925573,SI,[5 4 3 1 2],9.099999999999994,10,2656.499999999949,0.0,False,5
15,0,3,[2 1 3 4 5],1342.799999999981,0.5,0.5,0.11025403485688112,SI,[3 1 2 4 5],11.5,10,1423.5,0.0,False,5
15,0,4,[2 1 3 4 5],1342.799999999981,0.5,0.5,0.6627320024622925,MI,[5 4 3 1 2],9.099999999999994,10,2656.499999999949,0.0,False,5
16,0,0,[2 1 3 4 5],1342.799999999981,0.5,0.5,0.579297224090248,MI,[3 1 2 4 5],11.5,10,1423.5,0.0,False,5
16,0,1,[2 1 3 4 5],1342.799999999981,0.5,0.5,0.32845976662790055,SI,[5 4 3 1 2],9.099999999999994,10,2656.499999999949,0.0,False,5
16,0,2,[2 1 3 4 5],1342.799999999981,0.5,0.5,0.7930961066384835,MI,[5 4 3 1 2],9.099999999999994,10,2656.499999999949,0.0,False,5
16,0,3,[2 1 3 4 5],1342.799999999981,0.5,0.5,0.7276051238566056,MI,[5 4 3 1 2],9.099999999999994,10,2656.499999999949,0.0,False,5
16,0,4,[2 1 3 4 5],1342.799999999981,0.5,0.5,0.49539239056710027,SI,[2 1 3 5 4],13.300000000000011,10,1465.299999999992,0.0,False,5
17,0,0,[2 1 3 4 5],1342.799999999981,0.5,0.5,0.025274550267197493,SI,[5 4 3 1 2],9.099999999999994,10,2656.499999999949,0.0,False,5
17,0,1,[2 1 3 4 5],1342.799999999981,0.5,0.5,0.4649695803784949,SI,[3 1 2 4 5],11.5,10,1423.5,0.0,False,5
17,0,2,[2 1 3 4 5],1342.799999999981,0.5,0.5,0.6506628247329409,MI,[3 1 2 4 5],11.5,10,1423.5,0.0,False,5
17,0,3,[2 1 3 4 5],1342.799999999981,0.5,0.5,0.632799373601711,MI,[5 4 3 1 2],9.099999999999994,10,2656.499999999949,0.0,False,5
17,0,4,[2 1 3 4 5],1342.799999999981,0.5,0.5,0.16573866776357993,SI,[2 3 1 4 5],27.599999999999994,10,1394.0000000000218,0.0,False,5
18,0,0,[2 1 3 4 5],1342.799999999981,0.5,0.5,0.9835218570064725,MI,[5 4 3 1 2],9.099999999999994,10,2656.499999999949,0.0,False,5
18,0,1,[2 1 3 4 5],1342.799999999981,0.5,0.5,0.3507209147004178,SI,[3 1 2 4 5],11.5,10,1423.5,0.0,False,5
18,0,2,[2 1 3 4 5],1342.799999999981,0.5,0.5,0.9447219209387111,MI,[5 4 3 1 2],9.099999999999994,10,2656.499999999949,0.0,False,5
18,0,3,[2 1 3 4 5],1342.799999999981,0.5,0.5,0.445928228853943,SI,[3 1 2 4 5],11.5,10,1423.5,0.0,False,5
18,0,4,[2 1 3 4 5],1342.799999999981,0.5,0.5,0.8158784839751976,MI,[5 4 3 1 2],9.099999999999994,10,2656.499999999949,0.0,False,5
19,0,0,[2 1 3 4 5],1342.799999999981,0.5,0.5,0.16744653382371244,SI,[3 1 2 4 5],11.5,10,1423.5,0.0,False,5
19,0,1,[2 1 3 4 5],1342.799999999981,0.5,0.5,0.4919182837313558,SI,[3 1 2 4 5],11.5,10,1423.5,0.0,False,5
19,0,2,[2 1 3 4 5],1342.799999999981,0.5,0.5,0.24185865434213738,SI,[5 4 3 1 2],9.099999999999994,10,2656.499999999949,0.0,False,5
19,0,3,[2 1 3 4 5],1342.799999999981,0.5,0.5,0.5096515026285837,MI,[5 4 3 1 2],9.099999999999994,10,2656.499999999949,0.0,False,5
19,0,4,[2 1 3 4 5],1342.799999999981,0.5,0.5,0.5298303555557907,MI,[5 4 3 1 2],9.099999999999994,10,2656.499999999949,0.0,False,5
20,0,0,[2 1 3 4 5],1342.799999999981,0.5,0.5,0.9184457402002942,MI,[5 4 3 1 2],9.099999999999994,10,2656.499999999949,0.0,False,5
20,0,1,[2 1 3 4 5],1342.799999999981,0.5,0.5,0.06065632240145069,SI,[5 4 3 1 2],9.099999999999994,10,2656.499999999949,0.0,False,5
20,0,2,[2 1 3 4 5],1342.799999999981,0.5,0.5,0.1156394544395758,SI,[2 1 3 5 4],13.300000000000011,10,1465.299999999992,0.0,False,5
20,0,3,[2 1 3 4 5],1342.799999999981,0.5,0.5,0.4660675961393368,SI,[5 4 3 1 2],9.099999999999994,10,2656.499999999949,0.0,False,5
20,0,4,[2 1 3 4 5],1342.799999999981,0.5,0.5,0.133814211145316,SI,[5 4 3 1 2],9.099999999999994,10,2656.499999999949,0.0,False,5
21,0,0,[2 1 3 4 5],1342.799999999981,0.5,0.5,0.8470122449743811,MI,[5 4 3 1 2],9.099999999999994,10,2656.499999999949,0.0,False,5
21,0,1,[2 1 3 4 5],1342.799999999981,0.5,0.5,0.6179061344143819,MI,[2 1 5 4 3],96.29999999999998,10,2015.8999999999796,0.0,False,5
21,0,2,[2 1 3 4 5],1342.799999999981,0.5,0.5,0.8362107968349745,MI,[5 4 3 1 2],9.099999999999994,10,2656.499999999949,0.0,False,5
21,0,3,[2 1 3 4 5],1342.799999999981,0.5,0.5,0.3268300161277147,SI,[3 1 2 4 5],11.5,10,1423.5,0.0,False,5
21,0,4,[2 1 3 4 5],1342.799999999981,0.5,0.5,0.31847172497020515,SI,[5 4 3 1 2],9.099999999999994,10,2656.499999999949,0.0,False,5
22,0,0,[2 1 3 4 5],1342.799999999981,0.5,0.5,0.7377819402617203,MI,[5 4 3 1 2],9.099999999999994,10,2656.499999999949,0.0,False,5
22,0,1,[2 1 3 4 5],1342.799999999981,0.5,0.5,0.09465563158086487,SI,[5 4 3 1 2],9.099999999999994,10,2656.499999999949,0.0,False,5
22,0,2,[2 1 3 4 5],1342.799999999981,0.5,0.5,0.40873162862985335,SI,[5 4 3 1 2],9.099999999999994,10,2656.499999999949,0.0,False,5
22,0,3,[2 1 3 4 5],1342.799999999981,0.5,0.5,0.19927301572007539,SI,[5 4 3 1 2],9.099999999999994,10,2656.499999999949,0.0,False,5
22,0,4,[2 1 3 4 5],1342.799999999981,0.5,0.5,0.991704582886792,MI,[5 4 3 1 2],9.099999999999994,10,2656.499999999949,0.0,False,5
23,0,0,[2 1 3 4 5],1342.799999999981,0.5,0.5,0.018605767530124773,SI,[5 4 3 1 2],9.099999999999994,10,2656.499999999949,0.0,False,5
23,0,1,[2 1 3 4 5],1342.799999999981,0.5,0.5,0.18500390892802143,SI,[1 2 3 4 5],32.0,10,1371.8999999999287,0.0,False,5
23,0,2,[2 1 3 4 5],1342.799999999981,0.5,0.5,0.5376365792166194,MI,[3 1 2 4 5],11.5,10,1423.5,0.0,False,5
23,0,3,[2 1 3 4 5],1342.799999999981,0.5,0.5,0.879843502975465,MI,[3 1 2 4 5],11.5,10,1423.5,0.0,False,5
23,0,4,[2 1 3 4 5],1342.799999999981,0.5,0.5,0.3288525367141212,SI,[5 4 3 1 2],9.099999999999994,10,2656.499999999949,0.0,False,5
24,0,0,[2 1 3 4 5],1342.799999999981,0.5,0.5,0.37421539369682555,SI,[3 1 2 4 5],11.5,10,1423.5,0.0,False,5
24,0,1,[2 1 3 4 5],1342.799999999981,0.5,0.5,0.26326255078828054,SI,[5 4 3 1 2],9.099999999999994,10,2656.499999999949,0.0,False,5
24,0,2,[2 1 3 4 5],1342.799999999981,0.5,0.5,0.9615667471312844,MI,[3 1 2 4 5],11.5,10,1423.5,0.0,False,5
24,0,3,[2 1 3 4 5],1342.799999999981,0.5,0.5,0.49203299345584683,SI,[3 1 2 4 5],11.5,10,1423.5,0.0,False,5
24,0,4,[2 1 3 4 5],1342.799999999981,0.5,0.5,0.906597937381565,MI,[3 1 2 4 5],11.5,10,1423.5,0.0,False,5
25,0,0,[2 1 3 4 5],1342.799999999981,0.5,0.5,0.545924909543438,MI,[5 4 3 1 2],9.099999999999994,10,2656.499999999949,0.0,False,5
25,0,1,[2 1 3 4 5],1342.799999999981,0.5,0.5,0.588575765217508,MI,[3 1 2 4 5],11.5,10,1423.5,0.0,False,5
25,0,2,[2 1 3 4 5],1342.799999999981,0.5,0.5,0.05831930269021901,SI,[5 4 3 1 2],9.099999999999994,10,2656.499999999949,0.0,False,5
25,0,3,[2 1 3 4 5],1342.799999999981,0.5,0.5,0.48559792192327156,SI,[5 4 3 1 2],9.099999999999994,10,2656.499999999949,0.0,False,5
25,0,4,[2 1 3 4 5],1342.799999999981,0.5,0.5,0.7960572221708521,MI,[5 4 3 1 2],9.099999999999994,10,2656.499999999949,0.0,False,5
26,0,0,[2 1 3 4 5],1342.799999999981,0.5,0.5,0.8600774008487162,MI,[5 4 3 1 2],9.099999999999994,10,2656.499999999949,0.0,False,5
26,0,1,[2 1 3 4 5],1342.799999999981,0.5,0.5,0.27110535153883764,SI,[5 4 3 1 2],9.099999999999994,10,2656.499999999949,0.0,False,5
26,0,2,[2 1 3 4 5],1342.799999999981,0.5,0.5,0.6142348199227402,MI,[5 4 3 1 2],9.099999999999994,10,2656.499999999949,0.0,False,5
26,0,3,[2 1 3 4 5],1342.799999999981,0.5,0.5,0.24397463550795584,SI,[5 4 3 1 2],9.099999999999994,10,2656.499999999949,0.0,False,5
26,0,4,[2 1 3 4 5],1342.799999999981,0.5,0.5,0.6421674315637032,MI,[5 4 3 1 2],9.099999999999994,10,2656.499999999949,0.0,False,5
27,0,0,[2 1 3 4 5],1342.799999999981,0.5,0.5,0.31576847432607924,SI,[1 2 3 4 5],32.0,10,1371.8999999999287,0.0,False,5
27,0,1,[2 1 3 4 5],1342.799999999981,0.5,0.5,0.051189056404018496,SI,[5 4 3 1 2],9.099999999999994,10,2656.499999999949,0.0,False,5
27,0,2,[2 1 3 4 5],1342.799999999981,0.5,0.5,0.7565277061445829,MI,[3 1 2 4 5],11.5,10,1423.5,0.0,False,5
27,0,3,[2 1 3 4 5],1342.799999999981,0.5,0.5,0.33908457950997273,SI,[5 4 3 1 2],9.099999999999994,10,2656.499999999949,0.0,False,5
27,0,4,[2 1 3 4 5],1342.799999999981,0.5,0.5,0.5915296266898412,MI,[3 1 2 4 5],11.5,10,1423.5,0.0,False,5
28,0,0,[2 1 3 4 5],1342.799999999981,0.5,0.5,0.5047128495964033,MI,[5 4 3 1 2],9.099999999999994,10,2656.499999999949,0.0,False,5
28,0,1,[2 1 3 4 5],1342.799999999981,0.5,0.5,0.14931959680018603,SI,[2 3 1 4 5],27.599999999999994,10,1394.0000000000218,0.0,False,5
28,0,2,[2 1 3 4 5],1342.799999999981,0.5,0.5,0.5447613327744498,MI,[5 4 3 1 2],9.099999999999994,10,2656.499999999949,0.0,False,5
28,0,3,[2 1 3 4 5],1342.799999999981,0.5,0.5,0.4348023375848499,SI,[5 4 3 1 2],9.099999999999994,10,2656.499999999949,0.0,False,5
28,0,4,[2 1 3 4 5],1342.799999999981,0.5,0.5,0.5073653119375173,MI,[5 4 3 1 2],9.099999999999994,10,2656.499999999949,0.0,False,5
29,0,0,[2 1 3 4 5],1342.799999999981,0.5,0.5,0.7559900634405948,MI,[5 4 3 1 2],9.099999999999994,10,2656.499999999949,0.0,False,5
29,0,1,[2 1 3 4 5],1342.799999999981,0.5,0.5,0.5940444736698185,MI,[5 4 3 1 2],9.099999999999994,10,2656.499999999949,0.0,False,5
29,0,2,[2 1 3 4 5],1342.799999999981,0.5,0.5,0.7341448757068469,MI,[3 1 2 4 5],11.5,10,1423.5,0.0,False,5
29,0,3,[2 1 3 4 5],1342.799999999981,0.5,0.5,0.06447032504070005,SI,[3 1 2 4 5],11.5,10,1423.5,0.0,False,5
29,0,4,[2 1 3 4 5],1342.799999999981,0.5,0.5,0.3062075023483868,SI,[2 3 1 4 5],27.599999999999994,10,1394.0000000000218,0.0,False,5
30,0,0,[2 1 3 4 5],1342.799999999981,0.5,0.5,0.6049457962770229,MI,[5 4 3 1 2],9.099999999999994,10,2656.499999999949,0.0,False,5
30,0,1,[2 1 3 4 5],1342.799999999981,0.5,0.5,0.17822571268285492,SI,[2 3 1 4 5],27.599999999999994,10,1394.0000000000218,0.0,False,5
30,0,2,[2 1 3 4 5],1342.799999999981,0.5,0.5,0.18095090072360998,SI,[5 4 3 1 2],9.099999999999994,10,2656.499999999949,0.0,False,5
30,0,3,[2 1 3 4 5],1342.799999999981,0.5,0.5,0.00910554180730816,SI,[5 4 3 1 2],9.099999999999994,10,2656.499999999949,0.0,False,5
30,0,4,[2 1 3 4 5],1342.799999999981,0.5,0.5,0.019591869500101722,SI,[5 4 3 1 2],9.099999999999994,10,2656.499999999949,0.0,False,5
31,0,0,[2 1 3 4 5],1342.799999999981,0.5,0.5,0.22942154875059328,SI,[2 1 3 5 4],13.300000000000011,10,1465.299999999992,0.0,False,5
31,0,1,[2 1 3 4 5],1342.799999999981,0.5,0.5,0.610309647729519,MI,[5 4 3 1 2],9.099999999999994,10,2656.499999999949,0.0,False,5
31,0,2,[2 1 3 4 5],1342.799999999981,0.5,0.5,0.7922271739984896,MI,[5 4 3 1 2],9.099999999999994,10,2656.499999999949,0.0,False,5
31,0,3,[2 1 3 4 5],1342.799999999981,0.5,0.5,0.47051282001414196,SI,[3 1 2 4 5],11.5,10,1423.5,0.0,False,5
31,0,4,[2 1 3 4 5],1342.799999999981,0.5,0.5,0.19617575458063186,SI,[5 4 3 1 2],9.099999999999994,10,2656.499999999949,0.0,False,5
32,0,0,[2 1 3 4 5],1342.799999999981,0.5,0.5,0.030714985079810964,SI,[5 4 3 1 2],9.099999999999994,10,2656.499999999949,0.0,False,5
32,0,1,[2 1 3 4 5],1342.799999999981,0.5,0.5,0.015255683452969349,SI,[5 4 3 1 2],9.099999999999994,10,2656.499999999949,0.0,False,5
32,0,2,[2 1 3 4 5],1342.799999999981,0.5,0.5,0.10479577940402851,SI,[5 4 3 1 2],9.099999999999994,10,2656.499999999949,0.0,False,5
32,0,3,[2 1 3 4 5],1342.799999999981,0.5,0.5,0.015378638537206224,SI,[5 4 3 1 2],9.099999999999994,10,2656.499999999949,0.0,False,5
32,0,4,[2 1 3 4 5],1342.799999999981,0.5,0.5,0.5357976298960656,MI,[5 4 3 1 2],9.099999999999994,10,2656.499999999949,0.0,False,5
33,0,0,[2 1 3 4 5],1342.799999999981,0.5,0.5,0.17808157496712884,SI,[5 4 3 1 2],9.099999999999994,10,2656.499999999949,0.0,False,5
33,0,1,[2 1 3 4 5],1342.799999999981,0.5,0.5,0.13621897720025378,SI,[2 1 3 5 4],13.300000000000011,10,1465.299999999992,0.0,False,5
33,0,2,[2 1 3 4 5],1342.799999999981,0.5,0.5,0.04733207876908063,SI,[2 3 1 4 5],27.599999999999994,10,1394.0000000000218,0.0,False,5
33,0,3,[2 1 3 4 5],1342.799999999981,0.5,0.5,0.16754267140368362,SI,[2 1 3 5 4],13.300000000000011,10,1465.299999999992,0.0,False,5
33,0,4,[2 1 3 4 5],1342.799999999981,0.5,0.5,0.05336868313451393,SI,[5 4 3 1 2],9.099999999999994,10,2656.499999999949,0.0,False,5
34,0,0,[2 1 3 4 5],1342.799999999981,0.5,0.5,0.8301066750854037,MI,[5 4 3 1 2],9.099999999999994,10,2656.499999999949,0.0,False,5
34,0,1,[2 1 3 4 5],1342.799999999981,0.5,0.5,0.5450188314355149,MI,[3 1 2 4 5],11.5,10,1423.5,0.0,False,5
34,0,2,[2 1 3 4 5],1342.799999999981,0.5,0.5,0.29416508533413854,SI,[3 1 2 4 5],11.5,10,1423.5,0.0,False,5
34,0,3,[2 1 3 4 5],1342.799999999981,0.5,0.5,0.2083894284929949,SI,[5 4 3 1 2],9.099999999999994,10,2656.499999999949,0.0,False,5
34,0,4,[2 1 3 4 5],1342.799999999981,0.5,0.5,0.20487051991205818,SI,[5 4 3 1 2],9.099999999999994,10,2656.499999999949,0.0,False,5
35,0,0,[2 1 3 4 5],1342.799999999981,0.5,0.5,0.31215558022020184,SI,[5 4 3 1 2],9.099999999999994,10,2656.499999999949,0.0,False,5
35,0,1,[2 1 3 4 5],1342.799999999981,0.5,0.5,0.7291144056222972,MI,[5 4 3 1 2],9.099999999999994,10,2656.499999999949,0.0,False,5
35,0,2,[2 1 3 4 5],1342.799999999981,0.5,0.5,0.41177009281920485,SI,[3 1 2 4 5],11.5,10,1423.5,0.0,False,5
35,0,3,[2 1 3 4 5],1342.799999999981,0.5,0.5,0.8535829946655846,MI,[3 1 2 4 5],11.5,10,1423.5,0.0,False,5
35,0,4,[2 1 3 4 5],1342.799999999981,0.5,0.5,0.8431073910836513,MI,[3 1 2 4 5],11.5,10,1423.5,0.0,False,5
36,0,0,[2 1 3 4 5],1342.799999999981,0.5,0.5,0.21991373359419975,SI,[3 1 2 4 5],11.5,10,1423.5,0.0,False,5
36,0,1,[2 1 3 4 5],1342.799999999981,0.5,0.5,0.46801740393044267,SI,[5 4 3 1 2],9.099999999999994,10,2656.499999999949,0.0,False,5
36,0,2,[2 1 3 4 5],1342.799999999981,0.5,0.5,0.09022380472115421,SI,[5 4 3 1 2],9.099999999999994,10,2656.499999999949,0.0,False,5
36,0,3,[2 1 3 4 5],1342.799999999981,0.5,0.5,0.3498087452247577,SI,[5 4 3 1 2],9.099999999999994,10,2656.499999999949,0.0,False,5
36,0,4,[2 1 3 4 5],1342.799999999981,0.5,0.5,0.8105419979881378,MI,[3 1 2 4 5],11.5,10,1423.5,0.0,False,5
37,0,0,[2 1 3 4 5],1342.799999999981,0.5,0.5,0.6337467701481702,MI,[5 4 3 1 2],9.099999999999994,10,2656.499999999949,0.0,False,5
37,0,1,[2 1 3 4 5],1342.799999999981,0.5,0.5,0.12702629670878396,SI,[3 1 2 4 5],11.5,10,1423.5,0.0,False,5
37,0,2,[2 1 3 4 5],1342.799999999981,0.5,0.5,0.07750751276184642,SI,[5 4 3 1 2],9.099999999999994,10,2656.499999999949,0.0,False,5
37,0,3,[2 1 3 4 5],1342.799999999981,0.5,0.5,0.3026202192915798,SI,[2 3 1 4 5],27.599999999999994,10,1394.0000000000218,0.0,False,5
37,0,4,[2 1 3 4 5],1342.799999999981,0.5,0.5,0.8654791523024431,MI,[5 4 3 1 2],9.099999999999994,10,2656.499999999949,0.0,False,5
38,0,0,[2 1 3 4 5],1342.799999999981,0.5,0.5,0.11396099166999984,SI,[5 4 3 1 2],9.099999999999994,10,2656.499999999949,0.0,False,5
38,0,1,[2 1 3 4 5],1342.799999999981,0.5,0.5,0.31259208522080095,SI,[5 4 3 1 2],9.099999999999994,10,2656.499999999949,0.0,False,5
38,0,2,[2 1 3 4 5],1342.799999999981,0.5,0.5,0.7947962434965375,MI,[5 4 3 1 2],9.099999999999994,10,2656.499999999949,0.0,False,5
38,0,3,[2 1 3 4 5],1342.799999999981,0.5,0.5,0.7481975482603177,MI,[5 4 3 1 2],9.099999999999994,10,2656.499999999949,0.0,False,5
38,0,4,[2 1 3 4 5],1342.799999999981,0.5,0.5,0.08158253873881927,SI,[3 1 2 4 5],11.5,10,1423.5,0.0,False,5
39,0,0,[2 1 3 4 5],1342.799999999981,0.5,0.5,0.6514307569137263,MI,[3 1 2 4 5],11.5,10,1423.5,0.0,False,5
39,0,1,[2 1 3 4 5],1342.799999999981,0.5,0.5,0.31766608168233035,SI,[3 1 2 4 5],11.5,10,1423.5,0.0,False,5
39,0,2,[2 1 3 4 5],1342.799999999981,0.5,0.5,0.4824135143870134,SI,[3 1 2 4 5],11.5,10,1423.5,0.0,False,5
39,0,3,[2 1 3 4 5],1342.799999999981,0.5,0.5,0.7570788340332493,MI,[5 4 3 1 2],9.099999999999994,10,2656.499999999949,0.0,False,5
39,0,4,[2 1 3 4 5],1342.799999999981,0.5,0.5,0.8451704124454226,MI,[5 4 3 1 2],9.099999999999994,10,2656.499999999949,0.0,False,5
40,0,0,[2 1 3 4 5],1342.799999999981,0.5,0.5,0.3839376914238112,SI,[5 4 3 1 2],9.099999999999994,10,2656.499999999949,0.0,False,5
40,0,1,[2 1 3 4 5],1342.799999999981,0.5,0.5,0.7676515816989666,MI,[3 1 2 4 5],11.5,10,1423.5,0.0,False,5
40,0,2,[2 1 3 4 5],1342.799999999981,0.5,0.5,0.19276177498676994,SI,[3 1 2 4 5],11.5,10,1423.5,0.0,False,5
40,0,3,[2 1 3 4 5],1342.799999999981,0.5,0.5,0.07299512675437203,SI,[2 3 1 4 5],27.599999999999994,10,1394.0000000000218,0.0,False,5
40,0,4,[2 1 3 4 5],1342.799999999981,0.5,0.5,0.9973280074890017,MI,[3 1 2 4 5],11.5,10,1423.5,0.0,False,5
41,0,0,[2 1 3 4 5],1342.799999999981,0.5,0.5,0.7507154457727149,MI,[5 4 3 1 2],9.099999999999994,10,2656.499999999949,0.0,False,5
41,0,1,[2 1 3 4 5],1342.799999999981,0.5,0.5,0.8914226638606909,MI,[5 4 3 1 2],9.099999999999994,10,2656.499999999949,0.0,False,5
41,0,2,[2 1 3 4 5],1342.799999999981,0.5,0.5,0.4799982147630282,SI,[5 4 3 1 2],9.099999999999994,10,2656.499999999949,0.0,False,5
41,0,3,[2 1 3 4 5],1342.799999999981,0.5,0.5,0.4605230888793236,SI,[2 1 3 5 4],13.300000000000011,10,1465.299999999992,0.0,False,5
41,0,4,[2 1 3 4 5],1342.799999999981,0.5,0.5,0.19853716926659026,SI,[3 1 2 4 5],11.5,10,1423.5,0.0,False,5
42,0,0,[2 1 3 4 5],1342.799999999981,0.5,0.5,0.14270706202990424,SI,[5 4 3 1 2],9.099999999999994,10,2656.499999999949,0.0,False,5
42,0,1,[2 1 3 4 5],1342.799999999981,0.5,0.5,0.47279003242008166,SI,[3 1 2 4 5],11.5,10,1423.5,0.0,False,5
42,0,2,[2 1 3 4 5],1342.799999999981,0.5,0.5,0.525315043120137,MI,[5 4 3 1 2],9.099999999999994,10,2656.499999999949,0.0,False,5
42,0,3,[2 1 3 4 5],1342.799999999981,0.5,0.5,0.5404692029701557,MI,[5 4 3 1 2],9.099999999999994,10,2656.499999999949,0.0,False,5
42,0,4,[2 1 3 4 5],1342.799999999981,0.5,0.5,0.14881289520674434,SI,[5 4 3 1 2],9.099999999999994,10,2656.499999999949,0.0,False,5
43,0,0,[2 1 3 4 5],1342.799999999981,0.5,0.5,0.9774345858473399,MI,[5 4 3 1 2],9.099999999999994,10,2656.499999999949,0.0,False,5
43,0,1,[2 1 3 4 5],1342.799999999981,0.5,0.5,0.3742124916918156,SI,[3 1 2 4 5],11.5,10,1423.5,0.0,False,5
43,0,2,[2 1 3 4 5],1342.799999999981,0.5,0.5,0.05468703691296095,SI,[5 4 3 1 2],9.099999999999994,10,2656.499999999949,0.0,False,5
43,0,3,[2 1 3 4 5],1342.799999999981,0.5,0.5,0.9736119451051023,MI,[5 4 3 1 2],9.099999999999994,10,2656.499999999949,0.0,False,5
43,0,4,[2 1 3 4 5],1342.799999999981,0.5,0.5,0.18131877619822567,SI,[5 4 3 1 2],9.099999999999994,10,2656.499999999949,0.0,False,5
44,0,0,[2 1 3 4 5],1342.799999999981,0.5,0.5,0.9460367779127162,MI,[3 1 2 4 5],11.5,10,1423.5,0.0,False,5
44,0,1,[2 1 3 4 5],1342.799999999981,0.5,0.5,0.5622171458307036,MI,[5 4 3 1 2],9.099999999999994,10,2656.499999999949,0.0,False,5
44,0,2,[2 1 3 4 5],1342.799999999981,0.5,0.5,0.6177765130064573,MI,[5 4 3 1 2],9.099999999999994,10,2656.499999999949,0.0,False,5
44,0,3,[2 1 3 4 5],1342.799999999981,0.5,0.5,0.06699573781905965,SI,[5 4 3 1 2],9.099999999999994,10,2656.499999999949,0.0,False,5
44,0,4,[2 1 3 4 5],1342.799999999981,0.5,0.5,0.6064207714176372,MI,[5 4 3 1 2],9.099999999999994,10,2656.499999999949,0.0,False,5
45,0,0,[2 1 3 4 5],1342.799999999981,0.5,0.5,0.0274959499557359,SI,[3 1 2 4 5],11.5,10,1423.5,0.0,False,5
45,0,1,[2 1 3 4 5],1342.799999999981,0.5,0.5,0.8545132576482933,MI,[5 4 3 1 2],9.099999999999994,10,2656.499999999949,0.0,False,5
45,0,2,[2 1 3 4 5],1342.799999999981,0.5,0.5,0.2213672166299343,SI,[5 4 3 1 2],9.099999999999994,10,2656.499999999949,0.0,False,5
45,0,3,[2 1 3 4 5],1342.799999999981,0.5,0.5,0.15022706226456173,SI,[3 1 2 4 5],11.5,10,1423.5,0.0,False,5
45,0,4,[2 1 3 4 5],1342.799999999981,0.5,0.5,0.7421997769982167,MI,[5 4 3 1 2],9.099999999999994,10,2656.499999999949,0.0,False,5
46,0,0,[2 1 3 4 5],1342.799999999981,0.5,0.5,0.11393839759009439,SI,[5 4 3 1 2],9.099999999999994,10,2656.499999999949,0.0,False,5
46,0,1,[2 1 3 4 5],1342.799999999981,0.5,0.5,0.4618399980980201,SI,[2 1 3 5 4],13.300000000000011,10,1465.299999999992,0.0,False,5
46,0,2,[2 1 3 4 5],1342.799999999981,0.5,0.5,0.9441153719940972,MI,[5 4 3 1 2],9.099999999999994,10,2656.499999999949,0.0,False,5
46,0,3,[2 1 3 4 5],1342.799999999981,0.5,0.5,0.16870941557471086,SI,[5 4 3 1 2],9.099999999999994,10,2656.499999999949,0.0,False,5
46,0,4,[2 1 3 4 5],1342.799999999981,0.5,0.5,0.02183450404354792,SI,[5 4 3 1 2],9.099999999999994,10,2656.499999999949,0.0,False,5
47,0,0,[2 1 3 4 5],1342.799999999981,0.5,0.5,0.8243627863351229,MI,[5 4 3 1 2],9.099999999999994,10,2656.499999999949,0.0,False,5
47,0,1,[2 1 3 4 5],1342.799999999981,0.5,0.5,0.9647047207009682,MI,[5 4 3 1 2],9.099999999999994,10,2656.499999999949,0.0,False,5
47,0,2,[2 1 3 4 5],1342.799999999981,0.5,0.5,0.5134797590215487,MI,[5 4 3 1 2],9.099999999999994,10,2656.499999999949,0.0,False,5
47,0,3,[2 1 3 4 5],1342.799999999981,0.5,0.5,0.03833255878693531,SI,[5 4 3 1 2],9.099999999999994,10,2656.499999999949,0.0,False,5
47,0,4,[2 1 3 4 5],1342.799999999981,0.5,0.5,0.41454959662555313,SI,[5 4 3 1 2],9.099999999999994,10,2656.499999999949,0.0,False,5
48,0,0,[2 1 3 4 5],1342.799999999981,0.5,0.5,0.9203175227459958,MI,[5 4 3 1 2],9.099999999999994,10,2656.499999999949,0.0,False,5
48,0,1,[2 1 3 4 5],1342.799999999981,0.5,0.5,0.8903751871828213,MI,[3 1 2 4 5],11.5,10,1423.5,0.0,False,5
48,0,2,[2 1 3 4 5],1342.799999999981,0.5,0.5,0.7693263216084469,MI,[5 4 3 1 2],9.099999999999994,10,2656.499999999949,0.0,False,5
48,0,3,[2 1 3 4 5],1342.799999999981,0.5,0.5,0.1916500612955404,SI,[2 1 3 5 4],13.300000000000011,10,1465.299999999992,0.0,False,5
48,0,4,[2 1 3 4 5],1342.799999999981,0.5,0.5,0.024020290292056767,SI,[5 4 3 1 2],9.099999999999994,10,2656.499999999949,0.0,False,5
49,0,0,[2 1 3 4 5],1342.799999999981,0.5,0.5,0.10100217367590947,SI,[5 4 3 1 2],9.099999999999994,10,2656.499999999949,0.0,False,5
49,0,1,[2 1 3 4 5],1342.799999999981,0.5,0.5,0.08271331074847477,SI,[3 1 2 4 5],11.5,10,1423.5,0.0,False,5
49,0,2,[2 1 3 4 5],1342.799999999981,0.5,0.5,0.436074716020184,SI,[2 3 1 4 5],27.599999999999994,10,1394.0000000000218,0.0,False,5
49,0,3,[2 1 3 4 5],1342.799999999981,0.5,0.5,0.3368672102136253,SI,[3 1 2 4 5],11.5,10,1423.5,0.0,False,5
49,0,4,[2 1 3 4 5],1342.799999999981,0.5,0.5,0.22196267623319188,SI,[3 1 2 4 5],11.5,10,1423.5,0.0,False,5
50,0,0,[2 1 3 4 5],1342.799999999981,0.5,0.5,0.1007695692115742,SI,[3 1 2 4 5],11.5,10,1423.5,0.0,False,5
50,0,1,[2 1 3 4 5],1342.799999999981,0.5,0.5,0.5899912606486728,MI,[5 4 3 1 2],9.099999999999994,10,2656.499999999949,0.0,False,5
50,0,2,[2 1 3 4 5],1342.799999999981,0.5,0.5,0.8860483951691539,MI,[5 4 3 1 2],9.099999999999994,10,2656.499999999949,0.0,False,5
50,0,3,[2 1 3 4 5],1342.799999999981,0.5,0.5,0.8728232811652916,MI,[5 4 3 1 2],9.099999999999994,10,2656.499999999949,0.0,False,5
50,0,4,[2 1 3 4 5],1342.799999999981,0.5,0.5,0.218685110862348,SI,[5 4 3 1 2],9.099999999999994,10,2656.499999999949,0.0,False,5
0,5,0,[1 2],861.5000000000073,0.5,0.5,0.10887928838671235,SI,[2 1],49.49999999999994,10,1278.6000000000095,0.0,False,6
0,5,1,[1 2],861.5000000000073,0.5,0.5,0.18363989449864493,SI,[2 1],49.49999999999994,10,1278.6000000000095,0.0,False,6
0,5,2,[1 2],861.5000000000073,0.5,0.5,0.19435462942331505,SI,[2 1],49.49999999999994,10,1278.6000000000095,0.0,False,6
0,5,3,[1 2],861.5000000000073,0.5,0.5,0.032108460451024556,SI,[2 1],49.49999999999994,10,1278.6000000000095,0.0,False,6
0,5,4,[1 2],861.5000000000073,0.5,0.5,0.40122181229302767,SI,[2 1],49.49999999999994,10,1278.6000000000095,0.0,False,6
1,0,0,[1 2],861.5000000000073,0.5,0.5,0.05747635218241032,SI,[2 1],49.49999999999994,10,1278.6000000000095,0.0,False,6
1,0,1,[1 2],861.5000000000073,0.5,0.5,0.43288256735312947,SI,[2 1],49.49999999999994,10,1278.6000000000095,0.0,False,6
1,0,2,[1 2],861.5000000000073,0.5,0.5,0.36209652072375276,SI,[2 1],49.49999999999994,10,1278.6000000000095,0.0,False,6
1,0,3,[1 2],861.5000000000073,0.5,0.5,0.13683849975767715,SI,[2 1],49.49999999999994,10,1278.6000000000095,0.0,False,6
1,0,4,[1 2],861.5000000000073,0.5,0.5,0.442944100439181,SI,[2 1],49.49999999999994,10,1278.6000000000095,0.0,False,6
2,0,0,[1 2],861.5000000000073,0.5,0.5,0.2608547380287778,SI,[2 1],49.49999999999994,10,1278.6000000000095,0.0,False,6
2,0,1,[1 2],861.5000000000073,0.5,0.5,0.03247405660403302,SI,[2 1],49.49999999999994,10,1278.6000000000095,0.0,False,6
2,0,2,[1 2],861.5000000000073,0.5,0.5,0.40088844027427095,SI,[2 1],49.49999999999994,10,1278.6000000000095,0.0,False,6
2,0,3,[1 2],861.5000000000073,0.5,0.5,0.3142898850654522,SI,[2 1],49.49999999999994,10,1278.6000000000095,0.0,False,6
2,0,4,[1 2],861.5000000000073,0.5,0.5,0.3957187128366012,SI,[2 1],49.49999999999994,10,1278.6000000000095,0.0,False,6
3,0,0,[1 2],861.5000000000073,0.5,0.5,0.021192887466747523,SI,[2 1],49.49999999999994,10,1278.6000000000095,0.0,False,6
3,0,1,[1 2],861.5000000000073,0.5,0.5,0.4529685023442943,SI,[2 1],49.49999999999994,10,1278.6000000000095,0.0,False,6
3,0,2,[1 2],861.5000000000073,0.5,0.5,0.04887016672192901,SI,[2 1],49.49999999999994,10,1278.6000000000095,0.0,False,6
3,0,3,[1 2],861.5000000000073,0.5,0.5,0.016112619562285047,SI,[2 1],49.49999999999994,10,1278.6000000000095,0.0,False,6
3,0,4,[1 2],861.5000000000073,0.5,0.5,0.3728956070475643,SI,[2 1],49.49999999999994,10,1278.6000000000095,0.0,False,6
4,0,0,[1 2],861.5000000000073,0.5,0.5,0.44546346899517597,SI,[2 1],49.49999999999994,10,1278.6000000000095,0.0,False,6
4,0,1,[1 2],861.5000000000073,0.5,0.5,0.21585170516702756,SI,[2 1],49.49999999999994,10,1278.6000000000095,0.0,False,6
4,0,2,[1 2],861.5000000000073,0.5,0.5,0.1794644722095059,SI,[2 1],49.49999999999994,10,1278.6000000000095,0.0,False,6
4,0,3,[1 2],861.5000000000073,0.5,0.5,0.3068491475233055,SI,[2 1],49.49999999999994,10,1278.6000000000095,0.0,False,6
4,0,4,[1 2],861.5000000000073,0.5,0.5,0.43230074274323405,SI,[2 1],49.49999999999994,10,1278.6000000000095,0.0,False,6
5,0,0,[1 2],861.5000000000073,0.5,0.5,0.04302091783423301,SI,[2 1],49.49999999999994,10,1278.6000000000095,0.0,False,6
5,0,1,[1 2],861.5000000000073,0.5,0.5,0.20831932399126674,SI,[2 1],49.49999999999994,10,1278.6000000000095,0.0,False,6
5,0,2,[1 2],861.5000000000073,0.5,0.5,0.3452156899725868,SI,[2 1],49.49999999999994,10,1278.6000000000095,0.0,False,6
5,0,3,[1 2],861.5000000000073,0.5,0.5,0.06856821581462336,SI,[2 1],49.49999999999994,10,1278.6000000000095,0.0,False,6
5,0,4,[1 2],861.5000000000073,0.5,0.5,0.4608467172233749,SI,[2 1],49.49999999999994,10,1278.6000000000095,0.0,False,6
6,0,0,[1 2],861.5000000000073,0.5,0.5,0.0978848690115861,SI,[2 1],49.49999999999994,10,1278.6000000000095,0.0,False,6
6,0,1,[1 2],861.5000000000073,0.5,0.5,0.11583251746842205,SI,[2 1],49.49999999999994,10,1278.6000000000095,0.0,False,6
6,0,2,[1 2],861.5000000000073,0.5,0.5,0.06451815597927857,SI,[2 1],49.49999999999994,10,1278.6000000000095,0.0,False,6
6,0,3,[1 2],861.5000000000073,0.5,0.5,0.24628031940501105,SI,[2 1],49.49999999999994,10,1278.6000000000095,0.0,False,6
6,0,4,[1 2],861.5000000000073,0.5,0.5,0.17852238320049751,SI,[2 1],49.49999999999994,10,1278.6000000000095,0.0,False,6
7,0,0,[1 2],861.5000000000073,0.5,0.5,0.2503249264628242,SI,[2 1],49.49999999999994,10,1278.6000000000095,0.0,False,6
7,0,1,[1 2],861.5000000000073,0.5,0.5,0.023611197032790354,SI,[2 1],49.49999999999994,10,1278.6000000000095,0.0,False,6
7,0,2,[1 2],861.5000000000073,0.5,0.5,0.3564572524830085,SI,[2 1],49.49999999999994,10,1278.6000000000095,0.0,False,6
7,0,3,[1 2],861.5000000000073,0.5,0.5,0.28898372017397134,SI,[2 1],49.49999999999994,10,1278.6000000000095,0.0,False,6
7,0,4,[1 2],861.5000000000073,0.5,0.5,0.14967003870994955,SI,[2 1],49.49999999999994,10,1278.6000000000095,0.0,False,6
8,0,0,[1 2],861.5000000000073,0.5,0.5,0.4021224235358022,SI,[2 1],49.49999999999994,10,1278.6000000000095,0.0,False,6
8,0,1,[1 2],861.5000000000073,0.5,0.5,0.3836319974788439,SI,[2 1],49.49999999999994,10,1278.6000000000095,0.0,False,6
8,0,2,[1 2],861.5000000000073,0.5,0.5,0.3474450311019808,SI,[2 1],49.49999999999994,10,1278.6000000000095,0.0,False,6
8,0,3,[1 2],861.5000000000073,0.5,0.5,0.349983154762911,SI,[2 1],49.49999999999994,10,1278.6000000000095,0.0,False,6
8,0,4,[1 2],861.5000000000073,0.5,0.5,0.3557370025675506,SI,[2 1],49.49999999999994,10,1278.6000000000095,0.0,False,6
9,0,0,[1 2],861.5000000000073,0.5,0.5,0.10644517578490986,SI,[2 1],49.49999999999994,10,1278.6000000000095,0.0,False,6
9,0,1,[1 2],861.5000000000073,0.5,0.5,0.0928573184638779,SI,[2 1],49.49999999999994,10,1278.6000000000095,0.0,False,6
9,0,2,[1 2],861.5000000000073,0.5,0.5,0.11841849279807837,SI,[2 1],49.49999999999994,10,1278.6000000000095,0.0,False,6
9,0,3,[1 2],861.5000000000073,0.5,0.5,0.09116021393871954,SI,[2 1],49.49999999999994,10,1278.6000000000095,0.0,False,6
9,0,4,[1 2],861.5000000000073,0.5,0.5,0.05701116095415126,SI,[2 1],49.49999999999994,10,1278.6000000000095,0.0,False,6
10,0,0,[1 2],861.5000000000073,0.5,0.5,0.08228766477221172,SI,[2 1],49.49999999999994,10,1278.6000000000095,0.0,False,6
10,0,1,[1 2],861.5000000000073,0.5,0.5,0.363613537661602,SI,[2 1],49.49999999999994,10,1278.6000000000095,0.0,False,6
10,0,2,[1 2],861.5000000000073,0.5,0.5,0.48927285657476316,SI,[2 1],49.49999999999994,10,1278.6000000000095,0.0,False,6
10,0,3,[1 2],861.5000000000073,0.5,0.5,0.43374138249163563,SI,[2 1],49.49999999999994,10,1278.6000000000095,0.0,False,6
10,0,4,[1 2],861.5000000000073,0.5,0.5,0.3302504815737539,SI,[2 1],49.49999999999994,10,1278.6000000000095,0.0,False,6
11,0,0,[1 2],861.5000000000073,0.5,0.5,0.3851991079028345,SI,[2 1],49.49999999999994,10,1278.6000000000095,0.0,False,6
11,0,1,[1 2],861.5000000000073,0.5,0.5,0.1445733955109909,SI,[2 1],49.49999999999994,10,1278.6000000000095,0.0,False,6
11,0,2,[1 2],861.5000000000073,0.5,0.5,0.020881871948827735,SI,[2 1],49.49999999999994,10,1278.6000000000095,0.0,False,6
11,0,3,[1 2],861.5000000000073,0.5,0.5,0.4363338598785821,SI,[2 1],49.49999999999994,10,1278.6000000000095,0.0,False,6
11,0,4,[1 2],861.5000000000073,0.5,0.5,0.4078633495831744,SI,[2 1],49.49999999999994,10,1278.6000000000095,0.0,False,6
12,0,0,[1 2],861.5000000000073,0.5,0.5,0.36553280028856805,SI,[2 1],49.49999999999994,10,1278.6000000000095,0.0,False,6
12,0,1,[1 2],861.5000000000073,0.5,0.5,0.008949431277014086,SI,[2 1],49.49999999999994,10,1278.6000000000095,0.0,False,6
12,0,2,[1 2],861.5000000000073,0.5,0.5,0.3482741327581914,SI,[2 1],49.49999999999994,10,1278.6000000000095,0.0,False,6
12,0,3,[1 2],861.5000000000073,0.5,0.5,0.008145406021521917,SI,[2 1],49.49999999999994,10,1278.6000000000095,0.0,False,6
12,0,4,[1 2],861.5000000000073,0.5,0.5,0.022582693112243035,SI,[2 1],49.49999999999994,10,1278.6000000000095,0.0,False,6
13,0,0,[1 2],861.5000000000073,0.5,0.5,0.03731805453818293,SI,[2 1],49.49999999999994,10,1278.6000000000095,0.0,False,6
13,0,1,[1 2],861.5000000000073,0.5,0.5,0.23562214109811686,SI,[2 1],49.49999999999994,10,1278.6000000000095,0.0,False,6
13,0,2,[1 2],861.5000000000073,0.5,0.5,0.4228016122682141,SI,[2 1],49.49999999999994,10,1278.6000000000095,0.0,False,6
13,0,3,[1 2],861.5000000000073,0.5,0.5,0.48889579129363947,SI,[2 1],49.49999999999994,10,1278.6000000000095,0.0,False,6
13,0,4,[1 2],861.5000000000073,0.5,0.5,0.046565080181602325,SI,[2 1],49.49999999999994,10,1278.6000000000095,0.0,False,6
14,0,0,[1 2],861.5000000000073,0.5,0.5,0.04138797166509045,SI,[2 1],49.49999999999994,10,1278.6000000000095,0.0,False,6
14,0,1,[1 2],861.5000000000073,0.5,0.5,0.35896061801136436,SI,[2 1],49.49999999999994,10,1278.6000000000095,0.0,False,6
14,0,2,[1 2],861.5000000000073,0.5,0.5,0.27213097599030567,SI,[2 1],49.49999999999994,10,1278.6000000000095,0.0,False,6
14,0,3,[1 2],861.5000000000073,0.5,0.5,0.2522555125531907,SI,[2 1],49.49999999999994,10,1278.6000000000095,0.0,False,6
14,0,4,[1 2],861.5000000000073,0.5,0.5,0.324097776412936,SI,[2 1],49.49999999999994,10,1278.6000000000095,0.0,False,6
15,0,0,[1 2],861.5000000000073,0.5,0.5,0.30157952348614536,SI,[2 1],49.49999999999994,10,1278.6000000000095,0.0,False,6
15,0,1,[1 2],861.5000000000073,0.5,0.5,0.24438466755478772,SI,[2 1],49.49999999999994,10,1278.6000000000095,0.0,False,6
15,0,2,[1 2],861.5000000000073,0.5,0.5,0.2684393689560687,SI,[2 1],49.49999999999994,10,1278.6000000000095,0.0,False,6
15,0,3,[1 2],861.5000000000073,0.5,0.5,0.4413227780769631,SI,[2 1],49.49999999999994,10,1278.6000000000095,0.0,False,6
15,0,4,[1 2],861.5000000000073,0.5,0.5,0.15288358726146256,SI,[2 1],49.49999999999994,10,1278.6000000000095,0.0,False,6
16,0,0,[1 2],861.5000000000073,0.5,0.5,0.21305697134598245,SI,[2 1],49.49999999999994,10,1278.6000000000095,0.0,False,6
16,0,1,[1 2],861.5000000000073,0.5,0.5,0.45925304695588776,SI,[2 1],49.49999999999994,10,1278.6000000000095,0.0,False,6
16,0,2,[1 2],861.5000000000073,0.5,0.5,0.35745018606974455,SI,[2 1],49.49999999999994,10,1278.6000000000095,0.0,False,6
16,0,3,[1 2],861.5000000000073,0.5,0.5,0.22047909649378783,SI,[2 1],49.49999999999994,10,1278.6000000000095,0.0,False,6
16,0,4,[1 2],861.5000000000073,0.5,0.5,0.47080557927297684,SI,[2 1],49.49999999999994,10,1278.6000000000095,0.0,False,6
17,0,0,[1 2],861.5000000000073,0.5,0.5,0.00711763315577274,SI,[2 1],49.49999999999994,10,1278.6000000000095,0.0,False,6
17,0,1,[1 2],861.5000000000073,0.5,0.5,0.15351736645785452,SI,[2 1],49.49999999999994,10,1278.6000000000095,0.0,False,6
17,0,2,[1 2],861.5000000000073,0.5,0.5,0.18187723817726997,SI,[2 1],49.49999999999994,10,1278.6000000000095,0.0,False,6
17,0,3,[1 2],861.5000000000073,0.5,0.5,0.17838106120228747,SI,[2 1],49.49999999999994,10,1278.6000000000095,0.0,False,6
17,0,4,[1 2],861.5000000000073,0.5,0.5,0.40262791863819625,SI,[2 1],49.49999999999994,10,1278.6000000000095,0.0,False,6
18,0,0,[1 2],861.5000000000073,0.5,0.5,0.2770727212519354,SI,[2 1],49.49999999999994,10,1278.6000000000095,0.0,False,6
18,0,1,[1 2],861.5000000000073,0.5,0.5,0.17635426486354688,SI,[2 1],49.49999999999994,10,1278.6000000000095,0.0,False,6
18,0,2,[1 2],861.5000000000073,0.5,0.5,0.21326601532376854,SI,[2 1],49.49999999999994,10,1278.6000000000095,0.0,False,6
18,0,3,[1 2],861.5000000000073,0.5,0.5,0.21261614603502477,SI,[2 1],49.49999999999994,10,1278.6000000000095,0.0,False,6
18,0,4,[1 2],861.5000000000073,0.5,0.5,0.18683295752685747,SI,[2 1],49.49999999999994,10,1278.6000000000095,0.0,False,6
19,0,0,[1 2],861.5000000000073,0.5,0.5,0.05918262771546723,SI,[2 1],49.49999999999994,10,1278.6000000000095,0.0,False,6
19,0,1,[1 2],861.5000000000073,0.5,0.5,0.42613055294931124,SI,[2 1],49.49999999999994,10,1278.6000000000095,0.0,False,6
19,0,2,[1 2],861.5000000000073,0.5,0.5,0.4330314787997631,SI,[2 1],49.49999999999994,10,1278.6000000000095,0.0,False,6
19,0,3,[1 2],861.5000000000073,0.5,0.5,0.4164411060245172,SI,[2 1],49.49999999999994,10,1278.6000000000095,0.0,False,6
19,0,4,[1 2],861.5000000000073,0.5,0.5,0.32313131547977014,SI,[2 1],49.49999999999994,10,1278.6000000000095,0.0,False,6
20,0,0,[1 2],861.5000000000073,0.5,0.5,0.4184481430772292,SI,[2 1],49.49999999999994,10,1278.6000000000095,0.0,False,6
20,0,1,[1 2],861.5000000000073,0.5,0.5,0.23548226186540844,SI,[2 1],49.49999999999994,10,1278.6000000000095,0.0,False,6
20,0,2,[1 2],861.5000000000073,0.5,0.5,0.30368716857305356,SI,[2 1],49.49999999999994,10,1278.6000000000095,0.0,False,6
20,0,3,[1 2],861.5000000000073,0.5,0.5,0.2160570674229466,SI,[2 1],49.49999999999994,10,1278.6000000000095,0.0,False,6
20,0,4,[1 2],861.5000000000073,0.5,0.5,0.34445838478628366,SI,[2 1],49.49999999999994,10,1278.6000000000095,0.0,False,6
21,0,0,[1 2],861.5000000000073,0.5,0.5,0.09414016833327854,SI,[2 1],49.49999999999994,10,1278.6000000000095,0.0,False,6
21,0,1,[1 2],861.5000000000073,0.5,0.5,0.4251900187885401,SI,[2 1],49.49999999999994,10,1278.6000000000095,0.0,False,6
21,0,2,[1 2],861.5000000000073,0.5,0.5,0.15079218160882868,SI,[2 1],49.49999999999994,10,1278.6000000000095,0.0,False,6
21,0,3,[1 2],861.5000000000073,0.5,0.5,0.1938512336430427,SI,[2 1],49.49999999999994,10,1278.6000000000095,0.0,False,6
21,0,4,[1 2],861.5000000000073,0.5,0.5,0.2629259800148307,SI,[2 1],49.49999999999994,10,1278.6000000000095,0.0,False,6
22,0,0,[1 2],861.5000000000073,0.5,0.5,0.30743172698611476,SI,[2 1],49.49999999999994,10,1278.6000000000095,0.0,False,6
22,0,1,[1 2],861.5000000000073,0.5,0.5,0.2672013556103273,SI,[2 1],49.49999999999994,10,1278.6000000000095,0.0,False,6
22,0,2,[1 2],861.5000000000073,0.5,0.5,0.24020976189950016,SI,[2 1],49.49999999999994,10,1278.6000000000095,0.0,False,6
22,0,3,[1 2],861.5000000000073,0.5,0.5,0.04771608375033909,SI,[2 1],49.49999999999994,10,1278.6000000000095,0.0,False,6
22,0,4,[1 2],861.5000000000073,0.5,0.5,0.11709384740993611,SI,[2 1],49.49999999999994,10,1278.6000000000095,0.0,False,6
23,0,0,[1 2],861.5000000000073,0.5,0.5,0.01205460308230133,SI,[2 1],49.49999999999994,10,1278.6000000000095,0.0,False,6
23,0,1,[1 2],861.5000000000073,0.5,0.5,0.14281165144830077,SI,[2 1],49.49999999999994,10,1278.6000000000095,0.0,False,6
23,0,2,[1 2],861.5000000000073,0.5,0.5,0.06814999277468936,SI,[2 1],49.49999999999994,10,1278.6000000000095,0.0,False,6
23,0,3,[1 2],861.5000000000073,0.5,0.5,0.1402872917136092,SI,[2 1],49.49999999999994,10,1278.6000000000095,0.0,False,6
23,0,4,[1 2],861.5000000000073,0.5,0.5,0.35601692073713276,SI,[2 1],49.49999999999994,10,1278.6000000000095,0.0,False,6
24,0,0,[1 2],861.5000000000073,0.5,0.5,0.4551876366554305,SI,[2 1],49.49999999999994,10,1278.6000000000095,0.0,False,6
24,0,1,[1 2],861.5000000000073,0.5,0.5,0.38367700721469544,SI,[2 1],49.49999999999994,10,1278.6000000000095,0.0,False,6
24,0,2,[1 2],861.5000000000073,0.5,0.5,0.3746087649706973,SI,[2 1],49.49999999999994,10,1278.6000000000095,0.0,False,6
24,0,3,[1 2],861.5000000000073,0.5,0.5,0.32746858406510926,SI,[2 1],49.49999999999994,10,1278.6000000000095,0.0,False,6
24,0,4,[1 2],861.5000000000073,0.5,0.5,0.16267237327259798,SI,[2 1],49.49999999999994,10,1278.6000000000095,0.0,False,6
25,0,0,[1 2],861.5000000000073,0.5,0.5,0.053310627866014815,SI,[2 1],49.49999999999994,10,1278.6000000000095,0.0,False,6
25,0,1,[1 2],861.5000000000073,0.5,0.5,0.49707628391468306,SI,[2 1],49.49999999999994,10,1278.6000000000095,0.0,False,6
25,0,2,[1 2],861.5000000000073,0.5,0.5,0.12165516170342439,SI,[2 1],49.49999999999994,10,1278.6000000000095,0.0,False,6
25,0,3,[1 2],861.5000000000073,0.5,0.5,0.17081225689866997,SI,[2 1],49.49999999999994,10,1278.6000000000095,0.0,False,6
25,0,4,[1 2],861.5000000000073,0.5,0.5,0.4109655637708475,SI,[2 1],49.49999999999994,10,1278.6000000000095,0.0,False,6
26,0,0,[1 2],861.5000000000073,0.5,0.5,0.24486563982825071,SI,[2 1],49.49999999999994,10,1278.6000000000095,0.0,False,6
26,0,1,[1 2],861.5000000000073,0.5,0.5,0.02544290333936272,SI,[2 1],49.49999999999994,10,1278.6000000000095,0.0,False,6
26,0,2,[1 2],861.5000000000073,0.5,0.5,0.37702351277365065,SI,[2 1],49.49999999999994,10,1278.6000000000095,0.0,False,6
26,0,3,[1 2],861.5000000000073,0.5,0.5,0.4689431100349446,SI,[2 1],49.49999999999994,10,1278.6000000000095,0.0,False,6
26,0,4,[1 2],861.5000000000073,0.5,0.5,0.49579983118493076,SI,[2 1],49.49999999999994,10,1278.6000000000095,0.0,False,6
27,0,0,[1 2],861.5000000000073,0.5,0.5,0.3199314834538206,SI,[2 1],49.49999999999994,10,1278.6000000000095,0.0,False,6
27,0,1,[1 2],861.5000000000073,0.5,0.5,0.48006678439319384,SI,[2 1],49.49999999999994,10,1278.6000000000095,0.0,False,6
27,0,2,[1 2],861.5000000000073,0.5,0.5,0.226697650383466,SI,[2 1],49.49999999999994,10,1278.6000000000095,0.0,False,6
27,0,3,[1 2],861.5000000000073,0.5,0.5,0.11353960930651019,SI,[2 1],49.49999999999994,10,1278.6000000000095,0.0,False,6
27,0,4,[1 2],861.5000000000073,0.5,0.5,0.4973952353523873,SI,[2 1],49.49999999999994,10,1278.6000000000095,0.0,False,6
28,0,0,[1 2],861.5000000000073,0.5,0.5,0.08149326754833319,SI,[2 1],49.49999999999994,10,1278.6000000000095,0.0,False,6
28,0,1,[1 2],861.5000000000073,0.5,0.5,0.40588038899992207,SI,[2 1],49.49999999999994,10,1278.6000000000095,0.0,False,6
28,0,2,[1 2],861.5000000000073,0.5,0.5,0.2810909576283146,SI,[2 1],49.49999999999994,10,1278.6000000000095,0.0,False,6
28,0,3,[1 2],861.5000000000073,0.5,0.5,0.4069159040943221,SI,[2 1],49.49999999999994,10,1278.6000000000095,0.0,False,6
28,0,4,[1 2],861.5000000000073,0.5,0.5,0.054964956435568646,SI,[2 1],49.49999999999994,10,1278.6000000000095,0.0,False,6
29,0,0,[1 2],861.5000000000073,0.5,0.5,0.42493965798613553,SI,[2 1],49.49999999999994,10,1278.6000000000095,0.0,False,6
29,0,1,[1 2],861.5000000000073,0.5,0.5,0.08434533476235151,SI,[2 1],49.49999999999994,10,1278.6000000000095,0.0,False,6
29,0,2,[1 2],861.5000000000073,0.5,0.5,0.19481631789207698,SI,[2 1],49.49999999999994,10,1278.6000000000095,0.0,False,6
29,0,3,[1 2],861.5000000000073,0.5,0.5,0.41145343040779836,SI,[2 1],49.49999999999994,10,1278.6000000000095,0.0,False,6
29,0,4,[1 2],861.5000000000073,0.5,0.5,0.38765648241654316,SI,[2 1],49.49999999999994,10,1278.6000000000095,0.0,False,6
30,0,0,[1 2],861.5000000000073,0.5,0.5,0.10030042994771715,SI,[2 1],49.49999999999994,10,1278.6000000000095,0.0,False,6
30,0,1,[1 2],861.5000000000073,0.5,0.5,0.03547375973798317,SI,[2 1],49.49999999999994,10,1278.6000000000095,0.0,False,6
30,0,2,[1 2],861.5000000000073,0.5,0.5,0.2608577601082289,SI,[2 1],49.49999999999994,10,1278.6000000000095,0.0,False,6
30,0,3,[1 2],861.5000000000073,0.5,0.5,0.3807679986152276,SI,[2 1],49.49999999999994,10,1278.6000000000095,0.0,False,6
30,0,4,[1 2],861.5000000000073,0.5,0.5,0.3901229899724774,SI,[2 1],49.49999999999994,10,1278.6000000000095,0.0,False,6
31,0,0,[1 2],861.5000000000073,0.5,0.5,0.09496497314591879,SI,[2 1],49.49999999999994,10,1278.6000000000095,0.0,False,6
31,0,1,[1 2],861.5000000000073,0.5,0.5,0.004555335698025353,SI,[2 1],49.49999999999994,10,1278.6000000000095,0.0,False,6
31,0,2,[1 2],861.5000000000073,0.5,0.5,0.0028635066787324748,SI,[2 1],49.49999999999994,10,1278.6000000000095,0.0,False,6
31,0,3,[1 2],861.5000000000073,0.5,0.5,0.4331935846241023,SI,[2 1],49.49999999999994,10,1278.6000000000095,0.0,False,6
31,0,4,[1 2],861.5000000000073,0.5,0.5,0.22316517032199557,SI,[2 1],49.49999999999994,10,1278.6000000000095,0.0,False,6
32,0,0,[1 2],861.5000000000073,0.5,0.5,0.3754657587560768,SI,[2 1],49.49999999999994,10,1278.6000000000095,0.0,False,6
32,0,1,[1 2],861.5000000000073,0.5,0.5,0.37015267726910095,SI,[2 1],49.49999999999994,10,1278.6000000000095,0.0,False,6
32,0,2,[1 2],861.5000000000073,0.5,0.5,0.26135153279167933,SI,[2 1],49.49999999999994,10,1278.6000000000095,0.0,False,6
32,0,3,[1 2],861.5000000000073,0.5,0.5,0.1413576796467818,SI,[2 1],49.49999999999994,10,1278.6000000000095,0.0,False,6
32,0,4,[1 2],861.5000000000073,0.5,0.5,0.3489344455997504,SI,[2 1],49.49999999999994,10,1278.6000000000095,0.0,False,6
33,0,0,[1 2],861.5000000000073,0.5,0.5,0.0784187096070138,SI,[2 1],49.49999999999994,10,1278.6000000000095,0.0,False,6
33,0,1,[1 2],861.5000000000073,0.5,0.5,0.07508599819509376,SI,[2 1],49.49999999999994,10,1278.6000000000095,0.0,False,6
33,0,2,[1 2],861.5000000000073,0.5,0.5,0.4616110984894948,SI,[2 1],49.49999999999994,10,1278.6000000000095,0.0,False,6
33,0,3,[1 2],861.5000000000073,0.5,0.5,0.3202528710424092,SI,[2 1],49.49999999999994,10,1278.6000000000095,0.0,False,6
33,0,4,[1 2],861.5000000000073,0.5,0.5,0.1953046793966804,SI,[2 1],49.49999999999994,10,1278.6000000000095,0.0,False,6
34,0,0,[1 2],861.5000000000073,0.5,0.5,0.40379915890869233,SI,[2 1],49.49999999999994,10,1278.6000000000095,0.0,False,6
34,0,1,[1 2],861.5000000000073,0.5,0.5,0.13866587125148788,SI,[2 1],49.49999999999994,10,1278.6000000000095,0.0,False,6
34,0,2,[1 2],861.5000000000073,0.5,0.5,0.37748762719379214,SI,[2 1],49.49999999999994,10,1278.6000000000095,0.0,False,6
34,0,3,[1 2],861.5000000000073,0.5,0.5,0.38392498326568136,SI,[2 1],49.49999999999994,10,1278.6000000000095,0.0,False,6
34,0,4,[1 2],861.5000000000073,0.5,0.5,0.45537504064869383,SI,[2 1],49.49999999999994,10,1278.6000000000095,0.0,False,6
35,0,0,[1 2],861.5000000000073,0.5,0.5,0.49131039675954924,SI,[2 1],49.49999999999994,10,1278.6000000000095,0.0,False,6
35,0,1,[1 2],861.5000000000073,0.5,0.5,0.4040937492217912,SI,[2 1],49.49999999999994,10,1278.6000000000095,0.0,False,6
35,0,2,[1 2],861.5000000000073,0.5,0.5,0.3487107717635616,SI,[2 1],49.49999999999994,10,1278.6000000000095,0.0,False,6
35,0,3,[1 2],861.5000000000073,0.5,0.5,0.14940202556187132,SI,[2 1],49.49999999999994,10,1278.6000000000095,0.0,False,6
35,0,4,[1 2],861.5000000000073,0.5,0.5,0.01481781370898061,SI,[2 1],49.49999999999994,10,1278.6000000000095,0.0,False,6
36,0,0,[1 2],861.5000000000073,0.5,0.5,0.11735845657010835,SI,[2 1],49.49999999999994,10,1278.6000000000095,0.0,False,6
36,0,1,[1 2],861.5000000000073,0.5,0.5,0.3338226290432441,SI,[2 1],49.49999999999994,10,1278.6000000000095,0.0,False,6
36,0,2,[1 2],861.5000000000073,0.5,0.5,0.4862449668321692,SI,[2 1],49.49999999999994,10,1278.6000000000095,0.0,False,6
36,0,3,[1 2],861.5000000000073,0.5,0.5,0.06971077636308343,SI,[2 1],49.49999999999994,10,1278.6000000000095,0.0,False,6
36,0,4,[1 2],861.5000000000073,0.5,0.5,0.25073820831948035,SI,[2 1],49.49999999999994,10,1278.6000000000095,0.0,False,6
37,0,0,[1 2],861.5000000000073,0.5,0.5,0.40106492311002606,SI,[2 1],49.49999999999994,10,1278.6000000000095,0.0,False,6
37,0,1,[1 2],861.5000000000073,0.5,0.5,0.16677443075456666,SI,[2 1],49.49999999999994,10,1278.6000000000095,0.0,False,6
37,0,2,[1 2],861.5000000000073,0.5,0.5,0.2514756173257229,SI,[2 1],49.49999999999994,10,1278.6000000000095,0.0,False,6
37,0,3,[1 2],861.5000000000073,0.5,0.5,0.09107703354688002,SI,[2 1],49.49999999999994,10,1278.6000000000095,0.0,False,6
37,0,4,[1 2],861.5000000000073,0.5,0.5,0.059783071365848706,SI,[2 1],49.49999999999994,10,1278.6000000000095,0.0,False,6
38,0,0,[1 2],861.5000000000073,0.5,0.5,0.22194703913590663,SI,[2 1],49.49999999999994,10,1278.6000000000095,0.0,False,6
38,0,1,[1 2],861.5000000000073,0.5,0.5,0.2331928510909611,SI,[2 1],49.49999999999994,10,1278.6000000000095,0.0,False,6
38,0,2,[1 2],861.5000000000073,0.5,0.5,0.39115170284760037,SI,[2 1],49.49999999999994,10,1278.6000000000095,0.0,False,6
38,0,3,[1 2],861.5000000000073,0.5,0.5,0.43903301972920794,SI,[2 1],49.49999999999994,10,1278.6000000000095,0.0,False,6
38,0,4,[1 2],861.5000000000073,0.5,0.5,0.2326341917307343,SI,[2 1],49.49999999999994,10,1278.6000000000095,0.0,False,6
39,0,0,[1 2],861.5000000000073,0.5,0.5,0.2849553598105512,SI,[2 1],49.49999999999994,10,1278.6000000000095,0.0,False,6
39,0,1,[1 2],861.5000000000073,0.5,0.5,0.09875064826826496,SI,[2 1],49.49999999999994,10,1278.6000000000095,0.0,False,6
39,0,2,[1 2],861.5000000000073,0.5,0.5,0.4814399699990284,SI,[2 1],49.49999999999994,10,1278.6000000000095,0.0,False,6
39,0,3,[1 2],861.5000000000073,0.5,0.5,0.10816269875436502,SI,[2 1],49.49999999999994,10,1278.6000000000095,0.0,False,6
39,0,4,[1 2],861.5000000000073,0.5,0.5,0.1803254301466698,SI,[2 1],49.49999999999994,10,1278.6000000000095,0.0,False,6
40,0,0,[1 2],861.5000000000073,0.5,0.5,0.0688137257451299,SI,[2 1],49.49999999999994,10,1278.6000000000095,0.0,False,6
40,0,1,[1 2],861.5000000000073,0.5,0.5,0.3401053764584071,SI,[2 1],49.49999999999994,10,1278.6000000000095,0.0,False,6
40,0,2,[1 2],861.5000000000073,0.5,0.5,0.49268608631156174,SI,[2 1],49.49999999999994,10,1278.6000000000095,0.0,False,6
40,0,3,[1 2],861.5000000000073,0.5,0.5,0.2482794074076713,SI,[2 1],49.49999999999994,10,1278.6000000000095,0.0,False,6
40,0,4,[1 2],861.5000000000073,0.5,0.5,0.09488832991912755,SI,[2 1],49.49999999999994,10,1278.6000000000095,0.0,False,6
41,0,0,[1 2],861.5000000000073,0.5,0.5,0.08749340531727412,SI,[2 1],49.49999999999994,10,1278.6000000000095,0.0,False,6
41,0,1,[1 2],861.5000000000073,0.5,0.5,0.3315288621295649,SI,[2 1],49.49999999999994,10,1278.6000000000095,0.0,False,6
41,0,2,[1 2],861.5000000000073,0.5,0.5,0.4566912900805209,SI,[2 1],49.49999999999994,10,1278.6000000000095,0.0,False,6
41,0,3,[1 2],861.5000000000073,0.5,0.5,0.1412298551728045,SI,[2 1],49.49999999999994,10,1278.6000000000095,0.0,False,6
41,0,4,[1 2],861.5000000000073,0.5,0.5,0.49690115370915866,SI,[2 1],49.49999999999994,10,1278.6000000000095,0.0,False,6
42,0,0,[1 2],861.5000000000073,0.5,0.5,0.22103467336328775,SI,[2 1],49.49999999999994,10,1278.6000000000095,0.0,False,6
42,0,1,[1 2],861.5000000000073,0.5,0.5,0.06987465998623754,SI,[2 1],49.49999999999994,10,1278.6000000000095,0.0,False,6
42,0,2,[1 2],861.5000000000073,0.5,0.5,0.034828252624303446,SI,[2 1],49.49999999999994,10,1278.6000000000095,0.0,False,6
42,0,3,[1 2],861.5000000000073,0.5,0.5,0.3228820737251792,SI,[2 1],49.49999999999994,10,1278.6000000000095,0.0,False,6
42,0,4,[1 2],861.5000000000073,0.5,0.5,0.2389441211366199,SI,[2 1],49.49999999999994,10,1278.6000000000095,0.0,False,6
43,0,0,[1 2],861.5000000000073,0.5,0.5,0.03973267334224573,SI,[2 1],49.49999999999994,10,1278.6000000000095,0.0,False,6
43,0,1,[1 2],861.5000000000073,0.5,0.5,0.4576048148962194,SI,[2 1],49.49999999999994,10,1278.6000000000095,0.0,False,6
43,0,2,[1 2],861.5000000000073,0.5,0.5,0.18747961971315696,SI,[2 1],49.49999999999994,10,1278.6000000000095,0.0,False,6
43,0,3,[1 2],861.5000000000073,0.5,0.5,0.45254880080559434,SI,[2 1],49.49999999999994,10,1278.6000000000095,0.0,False,6
43,0,4,[1 2],861.5000000000073,0.5,0.5,0.17403421191163204,SI,[2 1],49.49999999999994,10,1278.6000000000095,0.0,False,6
44,0,0,[1 2],861.5000000000073,0.5,0.5,0.44278986616599436,SI,[2 1],49.49999999999994,10,1278.6000000000095,0.0,False,6
44,0,1,[1 2],861.5000000000073,0.5,0.5,0.14304444552939055,SI,[2 1],49.49999999999994,10,1278.6000000000095,0.0,False,6
44,0,2,[1 2],861.5000000000073,0.5,0.5,0.495248741603888,SI,[2 1],49.49999999999994,10,1278.6000000000095,0.0,False,6
44,0,3,[1 2],861.5000000000073,0.5,0.5,0.1379032881966562,SI,[2 1],49.49999999999994,10,1278.6000000000095,0.0,False,6
44,0,4,[1 2],861.5000000000073,0.5,0.5,0.471111105067913,SI,[2 1],49.49999999999994,10,1278.6000000000095,0.0,False,6
45,0,0,[1 2],861.5000000000073,0.5,0.5,0.006787144682478541,SI,[2 1],49.49999999999994,10,1278.6000000000095,0.0,False,6
45,0,1,[1 2],861.5000000000073,0.5,0.5,0.3172005129094668,SI,[2 1],49.49999999999994,10,1278.6000000000095,0.0,False,6
45,0,2,[1 2],861.5000000000073,0.5,0.5,0.4544815229949788,SI,[2 1],49.49999999999994,10,1278.6000000000095,0.0,False,6
45,0,3,[1 2],861.5000000000073,0.5,0.5,0.4775385639274895,SI,[2 1],49.49999999999994,10,1278.6000000000095,0.0,False,6
45,0,4,[1 2],861.5000000000073,0.5,0.5,0.27435521875524604,SI,[2 1],49.49999999999994,10,1278.6000000000095,0.0,False,6
46,0,0,[1 2],861.5000000000073,0.5,0.5,0.26314356904253866,SI,[2 1],49.49999999999994,10,1278.6000000000095,0.0,False,6
46,0,1,[1 2],861.5000000000073,0.5,0.5,0.13673826610457773,SI,[2 1],49.49999999999994,10,1278.6000000000095,0.0,False,6
46,0,2,[1 2],861.5000000000073,0.5,0.5,0.4146773709207656,SI,[2 1],49.49999999999994,10,1278.6000000000095,0.0,False,6
46,0,3,[1 2],861.5000000000073,0.5,0.5,0.4698859963254841,SI,[2 1],49.49999999999994,10,1278.6000000000095,0.0,False,6
46,0,4,[1 2],861.5000000000073,0.5,0.5,0.0009618068772448973,SI,[2 1],49.49999999999994,10,1278.6000000000095,0.0,False,6
47,0,0,[1 2],861.5000000000073,0.5,0.5,0.13834953519254523,SI,[2 1],49.49999999999994,10,1278.6000000000095,0.0,False,6
47,0,1,[1 2],861.5000000000073,0.5,0.5,0.011606272081305269,SI,[2 1],49.49999999999994,10,1278.6000000000095,0.0,False,6
47,0,2,[1 2],861.5000000000073,0.5,0.5,0.4021365133977225,SI,[2 1],49.49999999999994,10,1278.6000000000095,0.0,False,6
47,0,3,[1 2],861.5000000000073,0.5,0.5,0.19951383595513184,SI,[2 1],49.49999999999994,10,1278.6000000000095,0.0,False,6
47,0,4,[1 2],861.5000000000073,0.5,0.5,0.21854987512682356,SI,[2 1],49.49999999999994,10,1278.6000000000095,0.0,False,6
48,0,0,[1 2],861.5000000000073,0.5,0.5,0.3529300110750965,SI,[2 1],49.49999999999994,10,1278.6000000000095,0.0,False,6
48,0,1,[1 2],861.5000000000073,0.5,0.5,0.27765540353124685,SI,[2 1],49.49999999999994,10,1278.6000000000095,0.0,False,6
48,0,2,[1 2],861.5000000000073,0.5,0.5,0.3558291001374183,SI,[2 1],49.49999999999994,10,1278.6000000000095,0.0,False,6
48,0,3,[1 2],861.5000000000073,0.5,0.5,0.4172642351315351,SI,[2 1],49.49999999999994,10,1278.6000000000095,0.0,False,6
48,0,4,[1 2],861.5000000000073,0.5,0.5,0.006443454794757053,SI,[2 1],49.49999999999994,10,1278.6000000000095,0.0,False,6
49,0,0,[1 2],861.5000000000073,0.5,0.5,0.2355030018982167,SI,[2 1],49.49999999999994,10,1278.6000000000095,0.0,False,6
49,0,1,[1 2],861.5000000000073,0.5,0.5,0.11430309565041019,SI,[2 1],49.49999999999994,10,1278.6000000000095,0.0,False,6
49,0,2,[1 2],861.5000000000073,0.5,0.5,0.45844947453067064,SI,[2 1],49.49999999999994,10,1278.6000000000095,0.0,False,6
49,0,3,[1 2],861.5000000000073,0.5,0.5,0.2944469337231508,SI,[2 1],49.49999999999994,10,1278.6000000000095,0.0,False,6
49,0,4,[1 2],861.5000000000073,0.5,0.5,0.1472460441055975,SI,[2 1],49.49999999999994,10,1278.6000000000095,0.0,False,6
50,0,0,[1 2],861.5000000000073,0.5,0.5,0.48095021863553444,SI,[2 1],49.49999999999994,10,1278.6000000000095,0.0,False,6
50,0,1,[1 2],861.5000000000073,0.5,0.5,0.418984142830798,SI,[2 1],49.49999999999994,10,1278.6000000000095,0.0,False,6
50,0,2,[1 2],861.5000000000073,0.5,0.5,0.29790086933356863,SI,[2 1],49.49999999999994,10,1278.6000000000095,0.0,False,6
50,0,3,[1 2],861.5000000000073,0.5,0.5,0.4870117857594092,SI,[2 1],49.49999999999994,10,1278.6000000000095,0.0,False,6
50,0,4,[1 2],861.5000000000073,0.5,0.5,0.3423229655321637,SI,[2 1],49.49999999999994,10,1278.6000000000095,0.0,False,6
0,7,0,[3 2 1],952.5,0.5,0.5,0.1326614039108024,SI,[3 1 2],52.5,10,996.6999999999971,0.0,False,7
0,7,1,[3 2 1],952.5,0.5,0.5,0.047848637042785525,SI,[3 1 2],52.5,10,996.6999999999971,0.0,False,7
0,7,2,[3 2 1],952.5,0.5,0.5,0.1388338808476336,SI,[3 1 2],52.5,10,996.6999999999971,0.0,False,7
0,7,3,[3 2 1],952.5,0.5,0.5,0.7819137665814678,MI,[1 2 3],89.0,10,979.5999999999985,0.0,False,7
0,7,4,[3 2 1],952.5,0.5,0.5,0.4282967575185066,SI,[3 1 2],52.5,10,996.6999999999971,0.0,False,7
1,0,0,[3 2 1],952.5,0.5,0.5,0.41588141659897826,SI,[3 1 2],52.5,10,996.6999999999971,0.0,False,7
1,0,1,[3 2 1],952.5,0.5,0.5,0.3209352131724268,SI,[3 1 2],52.5,10,996.6999999999971,0.0,False,7
1,0,2,[3 2 1],952.5,0.5,0.5,0.4888277691242733,SI,[3 1 2],52.5,10,996.6999999999971,0.0,False,7
1,0,3,[3 2 1],952.5,0.5,0.5,0.08080183573798272,SI,[3 1 2],52.5,10,996.6999999999971,0.0,False,7
1,0,4,[3 2 1],952.5,0.5,0.5,0.9682823231493491,MI,[1 2 3],89.0,10,979.5999999999985,0.0,False,7
2,0,0,[3 2 1],952.5,0.5,0.5,0.03186315933249728,SI,[3 1 2],52.5,10,996.6999999999971,0.0,False,7
2,0,1,[3 2 1],952.5,0.5,0.5,0.16692186700779788,SI,[3 1 2],52.5,10,996.6999999999971,0.0,False,7
2,0,2,[3 2 1],952.5,0.5,0.5,0.5356726592779577,MI,[1 2 3],89.0,10,979.5999999999985,0.0,False,7
2,0,3,[3 2 1],952.5,0.5,0.5,0.42943101934891637,SI,[3 1 2],52.5,10,996.6999999999971,0.0,False,7
2,0,4,[3 2 1],952.5,0.5,0.5,0.14185913229148361,SI,[3 1 2],52.5,10,996.6999999999971,0.0,False,7
3,0,0,[3 2 1],952.5,0.5,0.5,0.366470923293192,SI,[3 1 2],52.5,10,996.6999999999971,0.0,False,7
3,0,1,[3 2 1],952.5,0.5,0.5,0.17692529752997377,SI,[3 1 2],52.5,10,996.6999999999971,0.0,False,7
3,0,2,[3 2 1],952.5,0.5,0.5,0.07574822208513932,SI,[3 1 2],52.5,10,996.6999999999971,0.0,False,7
3,0,3,[3 2 1],952.5,0.5,0.5,0.41595018290923935,SI,[3 1 2],52.5,10,996.6999999999971,0.0,False,7
3,0,4,[3 2 1],952.5,0.5,0.5,0.4682622000221981,SI,[3 1 2],52.5,10,996.6999999999971,0.0,False,7
4,0,0,[3 2 1],952.5,0.5,0.5,0.1963807083137843,SI,[3 1 2],52.5,10,996.6999999999971,0.0,False,7
4,0,1,[3 2 1],952.5,0.5,0.5,0.4074298456520402,SI,[3 1 2],52.5,10,996.6999999999971,0.0,False,7
4,0,2,[3 2 1],952.5,0.5,0.5,0.053931037961231665,SI,[3 1 2],52.5,10,996.6999999999971,0.0,False,7
4,0,3,[3 2 1],952.5,0.5,0.5,0.16894532732270162,SI,[3 1 2],52.5,10,996.6999999999971,0.0,False,7
4,0,4,[3 2 1],952.5,0.5,0.5,0.3834463483603562,SI,[3 1 2],52.5,10,996.6999999999971,0.0,False,7
5,0,0,[3 2 1],952.5,0.5,0.5,0.6418473687740224,MI,[1 2 3],89.0,10,979.5999999999985,0.0,False,7
5,0,1,[3 2 1],952.5,0.5,0.5,0.31984683758055943,SI,[3 1 2],52.5,10,996.6999999999971,0.0,False,7
5,0,2,[3 2 1],952.5,0.5,0.5,0.2168833460821079,SI,[3 1 2],52.5,10,996.6999999999971,0.0,False,7
5,0,3,[3 2 1],952.5,0.5,0.5,0.4208450067565238,SI,[3 1 2],52.5,10,996.6999999999971,0.0,False,7
5,0,4,[3 2 1],952.5,0.5,0.5,0.21075306596884436,SI,[3 1 2],52.5,10,996.6999999999971,0.0,False,7
6,0,0,[3 2 1],952.5,0.5,0.5,0.27304449500009487,SI,[3 1 2],52.5,10,996.6999999999971,0.0,False,7
6,0,1,[3 2 1],952.5,0.5,0.5,0.468133065327461,SI,[3 1 2],52.5,10,996.6999999999971,0.0,False,7
6,0,2,[3 2 1],952.5,0.5,0.5,0.2780831104917718,SI,[3 1 2],52.5,10,996.6999999999971,0.0,False,7
6,0,3,[3 2 1],952.5,0.5,0.5,0.1964812476094724,SI,[3 1 2],52.5,10,996.6999999999971,0.0,False,7
6,0,4,[3 2 1],952.5,0.5,0.5,0.292205383569931,SI,[3 1 2],52.5,10,996.6999999999971,0.0,False,7
7,0,0,[3 2 1],952.5,0.5,0.5,0.16104361946738666,SI,[3 1 2],52.5,10,996.6999999999971,0.0,False,7
7,0,1,[3 2 1],952.5,0.5,0.5,0.5065343109168756,MI,[1 2 3],89.0,10,979.5999999999985,0.0,False,7
7,0,2,[3 2 1],952.5,0.5,0.5,0.28556401560862477,SI,[3 1 2],52.5,10,996.6999999999971,0.0,False,7
7,0,3,[3 2 1],952.5,0.5,0.5,0.31808183792032185,SI,[1 2 3],89.0,10,979.5999999999985,0.0,False,7
7,0,4,[3 2 1],952.5,0.5,0.5,0.2848016958219435,SI,[3 1 2],52.5,10,996.6999999999971,0.0,False,7
8,0,0,[3 2 1],952.5,0.5,0.5,0.9095733340255059,MI,[1 2 3],89.0,10,979.5999999999985,0.0,False,7
8,0,1,[3 2 1],952.5,0.5,0.5,0.019726703548100133,SI,[3 1 2],52.5,10,996.6999999999971,0.0,False,7
8,0,2,[3 2 1],952.5,0.5,0.5,0.24532853591817494,SI,[3 1 2],52.5,10,996.6999999999971,0.0,False,7
8,0,3,[3 2 1],952.5,0.5,0.5,0.15952422657974308,SI,[3 1 2],52.5,10,996.6999999999971,0.0,False,7
8,0,4,[3 2 1],952.5,0.5,0.5,0.06762563925334308,SI,[3 1 2],52.5,10,996.6999999999971,0.0,False,7
9,0,0,[3 2 1],952.5,0.5,0.5,0.2635754547401701,SI,[1 2 3],89.0,10,979.5999999999985,0.0,False,7
9,0,1,[3 2 1],952.5,0.5,0.5,0.5741208395220129,MI,[1 2 3],89.0,10,979.5999999999985,0.0,False,7
9,0,2,[3 2 1],952.5,0.5,0.5,0.18787604947848935,SI,[3 1 2],52.5,10,996.6999999999971,0.0,False,7
9,0,3,[3 2 1],952.5,0.5,0.5,0.10331657773774561,SI,[3 1 2],52.5,10,996.6999999999971,0.0,False,7
9,0,4,[3 2 1],952.5,0.5,0.5,0.12974609702911655,SI,[3 1 2],52.5,10,996.6999999999971,0.0,False,7
10,0,0,[3 2 1],952.5,0.5,0.5,0.11911137695518725,SI,[3 1 2],52.5,10,996.6999999999971,0.0,False,7
10,0,1,[3 2 1],952.5,0.5,0.5,0.021909394702209983,SI,[3 1 2],52.5,10,996.6999999999971,0.0,False,7
10,0,2,[3 2 1],952.5,0.5,0.5,0.19559077656101753,SI,[3 1 2],52.5,10,996.6999999999971,0.0,False,7
10,0,3,[3 2 1],952.5,0.5,0.5,0.4418841217008217,SI,[3 1 2],52.5,10,996.6999999999971,0.0,False,7
10,0,4,[3 2 1],952.5,0.5,0.5,0.40026519846133457,SI,[3 1 2],52.5,10,996.6999999999971,0.0,False,7
11,0,0,[3 2 1],952.5,0.5,0.5,0.003292483150962977,SI,[3 1 2],52.5,10,996.6999999999971,0.0,False,7
11,0,1,[3 2 1],952.5,0.5,0.5,0.8334020076179637,MI,[1 2 3],89.0,10,979.5999999999985,0.0,False,7
11,0,2,[3 2 1],952.5,0.5,0.5,0.1936896780308598,SI,[1 2 3],89.0,10,979.5999999999985,0.0,False,7
11,0,3,[3 2 1],952.5,0.5,0.5,0.017583764673844815,SI,[3 1 2],52.5,10,996.6999999999971,0.0,False,7
11,0,4,[3 2 1],952.5,0.5,0.5,0.41874907213918344,SI,[3 1 2],52.5,10,996.6999999999971,0.0,False,7
12,0,0,[3 2 1],952.5,0.5,0.5,0.0511894161507479,SI,[3 1 2],52.5,10,996.6999999999971,0.0,False,7
12,0,1,[3 2 1],952.5,0.5,0.5,0.03407056351605653,SI,[3 1 2],52.5,10,996.6999999999971,0.0,False,7
12,0,2,[3 2 1],952.5,0.5,0.5,0.12816429175125943,SI,[3 1 2],52.5,10,996.6999999999971,0.0,False,7
12,0,3,[3 2 1],952.5,0.5,0.5,0.5173106676074232,MI,[1 2 3],89.0,10,979.5999999999985,0.0,False,7
12,0,4,[3 2 1],952.5,0.5,0.5,0.18341964672299527,SI,[3 1 2],52.5,10,996.6999999999971,0.0,False,7
13,0,0,[3 2 1],952.5,0.5,0.5,0.023520066523023075,SI,[1 2 3],89.0,10,979.5999999999985,0.0,False,7
13,0,1,[3 2 1],952.5,0.5,0.5,0.09852005526290009,SI,[3 1 2],52.5,10,996.6999999999971,0.0,False,7
13,0,2,[3 2 1],952.5,0.5,0.5,0.14912763513306537,SI,[3 1 2],52.5,10,996.6999999999971,0.0,False,7
13,0,3,[3 2 1],952.5,0.5,0.5,0.28160288731960637,SI,[3 1 2],52.5,10,996.6999999999971,0.0,False,7
13,0,4,[3 2 1],952.5,0.5,0.5,0.020310227614580234,SI,[3 1 2],52.5,10,996.6999999999971,0.0,False,7
14,0,0,[3 2 1],952.5,0.5,0.5,0.14866627946955668,SI,[3 1 2],52.5,10,996.6999999999971,0.0,False,7
14,0,1,[3 2 1],952.5,0.5,0.5,0.07188953756180694,SI,[3 1 2],52.5,10,996.6999999999971,0.0,False,7
14,0,2,[3 2 1],952.5,0.5,0.5,0.4678758790540358,SI,[3 1 2],52.5,10,996.6999999999971,0.0,False,7
14,0,3,[3 2 1],952.5,0.5,0.5,0.23907220372530924,SI,[3 1 2],52.5,10,996.6999999999971,0.0,False,7
14,0,4,[3 2 1],952.5,0.5,0.5,0.9800069109580152,MI,[1 2 3],89.0,10,979.5999999999985,0.0,False,7
15,0,0,[3 2 1],952.5,0.5,0.5,0.3388157959224881,SI,[3 1 2],52.5,10,996.6999999999971,0.0,False,7
15,0,1,[3 2 1],952.5,0.5,0.5,0.4309455570869676,SI,[3 1 2],52.5,10,996.6999999999971,0.0,False,7
15,0,2,[3 2 1],952.5,0.5,0.5,0.12501396812349652,SI,[3 1 2],52.5,10,996.6999999999971,0.0,False,7
15,0,3,[3 2 1],952.5,0.5,0.5,0.04211147075517774,SI,[3 1 2],52.5,10,996.6999999999971,0.0,False,7
15,0,4,[3 2 1],952.5,0.5,0.5,0.06872188137648039,SI,[3 1 2],52.5,10,996.6999999999971,0.0,False,7
16,0,0,[3 2 1],952.5,0.5,0.5,0.010832303708106172,SI,[3 1 2],52.5,10,996.6999999999971,0.0,False,7
16,0,1,[3 2 1],952.5,0.5,0.5,0.499888599570222,SI,[3 1 2],52.5,10,996.6999999999971,0.0,False,7
16,0,2,[3 2 1],952.5,0.5,0.5,0.4487730476269485,SI,[3 1 2],52.5,10,996.6999999999971,0.0,False,7
16,0,3,[3 2 1],952.5,0.5,0.5,0.22062808217551966,SI,[3 1 2],52.5,10,996.6999999999971,0.0,False,7
16,0,4,[3 2 1],952.5,0.5,0.5,0.3618252225453349,SI,[3 1 2],52.5,10,996.6999999999971,0.0,False,7
17,0,0,[3 2 1],952.5,0.5,0.5,0.4377346041099487,SI,[3 1 2],52.5,10,996.6999999999971,0.0,False,7
17,0,1,[3 2 1],952.5,0.5,0.5,0.40777231281510407,SI,[3 1 2],52.5,10,996.6999999999971,0.0,False,7
17,0,2,[3 2 1],952.5,0.5,0.5,0.33725460691376685,SI,[3 1 2],52.5,10,996.6999999999971,0.0,False,7
17,0,3,[3 2 1],952.5,0.5,0.5,0.4124078675330456,SI,[3 1 2],52.5,10,996.6999999999971,0.0,False,7
17,0,4,[3 2 1],952.5,0.5,0.5,0.16613826258976327,SI,[3 1 2],52.5,10,996.6999999999971,0.0,False,7
18,0,0,[3 2 1],952.5,0.5,0.5,0.5502112833203686,MI,[1 2 3],89.0,10,979.5999999999985,0.0,False,7
18,0,1,[3 2 1],952.5,0.5,0.5,0.49566211348867384,SI,[3 1 2],52.5,10,996.6999999999971,0.0,False,7
18,0,2,[3 2 1],952.5,0.5,0.5,0.3521274104545682,SI,[1 2 3],89.0,10,979.5999999999985,0.0,False,7
18,0,3,[3 2 1],952.5,0.5,0.5,0.9750053470583099,MI,[1 2 3],89.0,10,979.5999999999985,0.0,False,7
18,0,4,[3 2 1],952.5,0.5,0.5,0.4172204469002795,SI,[3 1 2],52.5,10,996.6999999999971,0.0,False,7
19,0,0,[3 2 1],952.5,0.5,0.5,0.09167503206762495,SI,[3 1 2],52.5,10,996.6999999999971,0.0,False,7
19,0,1,[3 2 1],952.5,0.5,0.5,0.16375917968916043,SI,[3 1 2],52.5,10,996.6999999999971,0.0,False,7
19,0,2,[3 2 1],952.5,0.5,0.5,0.1991882505285003,SI,[3 1 2],52.5,10,996.6999999999971,0.0,False,7
19,0,3,[3 2 1],952.5,0.5,0.5,0.11623324490781206,SI,[3 1 2],52.5,10,996.6999999999971,0.0,False,7
19,0,4,[3 2 1],952.5,0.5,0.5,0.8110157490129313,MI,[1 2 3],89.0,10,979.5999999999985,0.0,False,7
20,0,0,[3 2 1],952.5,0.5,0.5,0.3612142200023485,SI,[3 1 2],52.5,10,996.6999999999971,0.0,False,7
20,0,1,[3 2 1],952.5,0.5,0.5,0.13955763719951642,SI,[3 1 2],52.5,10,996.6999999999971,0.0,False,7
20,0,2,[3 2 1],952.5,0.5,0.5,0.33832841108357425,SI,[3 1 2],52.5,10,996.6999999999971,0.0,False,7
20,0,3,[3 2 1],952.5,0.5,0.5,0.05832947328424343,SI,[1 2 3],89.0,10,979.5999999999985,0.0,False,7
20,0,4,[3 2 1],952.5,0.5,0.5,0.49489260231958454,SI,[3 1 2],52.5,10,996.6999999999971,0.0,False,7
21,0,0,[3 2 1],952.5,0.5,0.5,0.025269672513373975,SI,[3 1 2],52.5,10,996.6999999999971,0.0,False,7
21,0,1,[3 2 1],952.5,0.5,0.5,0.26721566336732183,SI,[3 1 2],52.5,10,996.6999999999971,0.0,False,7
21,0,2,[3 2 1],952.5,0.5,0.5,0.18242826611018326,SI,[3 1 2],52.5,10,996.6999999999971,0.0,False,7
21,0,3,[3 2 1],952.5,0.5,0.5,0.1963596201212635,SI,[3 1 2],52.5,10,996.6999999999971,0.0,False,7
21,0,4,[3 2 1],952.5,0.5,0.5,0.11918133825252708,SI,[3 1 2],52.5,10,996.6999999999971,0.0,False,7
22,0,0,[3 2 1],952.5,0.5,0.5,0.44414576509458115,SI,[3 1 2],52.5,10,996.6999999999971,0.0,False,7
22,0,1,[3 2 1],952.5,0.5,0.5,0.3712755427149552,SI,[1 2 3],89.0,10,979.5999999999985,0.0,False,7
22,0,2,[3 2 1],952.5,0.5,0.5,0.40406500090988584,SI,[3 1 2],52.5,10,996.6999999999971,0.0,False,7
22,0,3,[3 2 1],952.5,0.5,0.5,0.13115499946970066,SI,[3 1 2],52.5,10,996.6999999999971,0.0,False,7
22,0,4,[3 2 1],952.5,0.5,0.5,0.14101241910664153,SI,[3 1 2],52.5,10,996.6999999999971,0.0,False,7
23,0,0,[3 2 1],952.5,0.5,0.5,0.18976170840840278,SI,[3 1 2],52.5,10,996.6999999999971,0.0,False,7
23,0,1,[3 2 1],952.5,0.5,0.5,0.4800876726975236,SI,[3 1 2],52.5,10,996.6999999999971,0.0,False,7
23,0,2,[3 2 1],952.5,0.5,0.5,0.4797449399462027,SI,[3 1 2],52.5,10,996.6999999999971,0.0,False,7
23,0,3,[3 2 1],952.5,0.5,0.5,0.6385669548422966,MI,[1 2 3],89.0,10,979.5999999999985,0.0,False,7
23,0,4,[3 2 1],952.5,0.5,0.5,0.5696060921730507,MI,[1 2 3],89.0,10,979.5999999999985,0.0,False,7
24,0,0,[3 2 1],952.5,0.5,0.5,0.15844877110937872,SI,[3 1 2],52.5,10,996.6999999999971,0.0,False,7
24,0,1,[3 2 1],952.5,0.5,0.5,0.289431403975265,SI,[3 1 2],52.5,10,996.6999999999971,0.0,False,7
24,0,2,[3 2 1],952.5,0.5,0.5,0.26125178318269004,SI,[3 1 2],52.5,10,996.6999999999971,0.0,False,7
24,0,3,[3 2 1],952.5,0.5,0.5,0.6154663970889769,MI,[1 2 3],89.0,10,979.5999999999985,0.0,False,7
24,0,4,[3 2 1],952.5,0.5,0.5,0.7160151874454294,MI,[1 2 3],89.0,10,979.5999999999985,0.0,False,7
25,0,0,[3 2 1],952.5,0.5,0.5,0.39815755428837774,SI,[3 1 2],52.5,10,996.6999999999971,0.0,False,7
25,0,1,[3 2 1],952.5,0.5,0.5,0.0028769956006420294,SI,[3 1 2],52.5,10,996.6999999999971,0.0,False,7
25,0,2,[3 2 1],952.5,0.5,0.5,0.22269452561580716,SI,[3 1 2],52.5,10,996.6999999999971,0.0,False,7
25,0,3,[3 2 1],952.5,0.5,0.5,0.8393406019981877,MI,[1 2 3],89.0,10,979.5999999999985,0.0,False,7
25,0,4,[3 2 1],952.5,0.5,0.5,0.09352449582318001,SI,[3 1 2],52.5,10,996.6999999999971,0.0,False,7
26,0,0,[3 2 1],952.5,0.5,0.5,0.1917145232917581,SI,[3 1 2],52.5,10,996.6999999999971,0.0,False,7
26,0,1,[3 2 1],952.5,0.5,0.5,0.29765462177336177,SI,[3 1 2],52.5,10,996.6999999999971,0.0,False,7
26,0,2,[3 2 1],952.5,0.5,0.5,0.32787407099310917,SI,[3 1 2],52.5,10,996.6999999999971,0.0,False,7
26,0,3,[3 2 1],952.5,0.5,0.5,0.9384010410105497,MI,[1 2 3],89.0,10,979.5999999999985,0.0,False,7
26,0,4,[3 2 1],952.5,0.5,0.5,0.0475014157087188,SI,[3 1 2],52.5,10,996.6999999999971,0.0,False,7
27,0,0,[3 2 1],952.5,0.5,0.5,0.14312771203049335,SI,[3 1 2],52.5,10,996.6999999999971,0.0,False,7
27,0,1,[3 2 1],952.5,0.5,0.5,0.27186638274755426,SI,[3 1 2],52.5,10,996.6999999999971,0.0,False,7
27,0,2,[3 2 1],952.5,0.5,0.5,0.8457859608161497,MI,[1 2 3],89.0,10,979.5999999999985,0.0,False,7
27,0,3,[3 2 1],952.5,0.5,0.5,0.16552747711363625,SI,[3 1 2],52.5,10,996.6999999999971,0.0,False,7
27,0,4,[3 2 1],952.5,0.5,0.5,0.3394775241719895,SI,[3 1 2],52.5,10,996.6999999999971,0.0,False,7
28,0,0,[3 2 1],952.5,0.5,0.5,0.41584203231321826,SI,[3 1 2],52.5,10,996.6999999999971,0.0,False,7
28,0,1,[3 2 1],952.5,0.5,0.5,0.1111901066550054,SI,[3 1 2],52.5,10,996.6999999999971,0.0,False,7
28,0,2,[3 2 1],952.5,0.5,0.5,0.41572572276978925,SI,[3 1 2],52.5,10,996.6999999999971,0.0,False,7
28,0,3,[3 2 1],952.5,0.5,0.5,0.13624934324100557,SI,[3 1 2],52.5,10,996.6999999999971,0.0,False,7
28,0,4,[3 2 1],952.5,0.5,0.5,0.18405580864695037,SI,[3 1 2],52.5,10,996.6999999999971,0.0,False,7
29,0,0,[3 2 1],952.5,0.5,0.5,0.48440575746653713,SI,[3 1 2],52.5,10,996.6999999999971,0.0,False,7
29,0,1,[3 2 1],952.5,0.5,0.5,0.22352821463277073,SI,[3 1 2],52.5,10,996.6999999999971,0.0,False,7
29,0,2,[3 2 1],952.5,0.5,0.5,0.2462896021845884,SI,[3 1 2],52.5,10,996.6999999999971,0.0,False,7
29,0,3,[3 2 1],952.5,0.5,0.5,0.12473277932809956,SI,[3 1 2],52.5,10,996.6999999999971,0.0,False,7
29,0,4,[3 2 1],952.5,0.5,0.5,0.4894784477906796,SI,[3 1 2],52.5,10,996.6999999999971,0.0,False,7
30,0,0,[3 2 1],952.5,0.5,0.5,0.1971307001405478,SI,[3 1 2],52.5,10,996.6999999999971,0.0,False,7
30,0,1,[3 2 1],952.5,0.5,0.5,0.45097570801649156,SI,[3 1 2],52.5,10,996.6999999999971,0.0,False,7
30,0,2,[3 2 1],952.5,0.5,0.5,0.46887428343362214,SI,[3 1 2],52.5,10,996.6999999999971,0.0,False,7
30,0,3,[3 2 1],952.5,0.5,0.5,0.3194693339014597,SI,[3 1 2],52.5,10,996.6999999999971,0.0,False,7
30,0,4,[3 2 1],952.5,0.5,0.5,0.805761986644096,MI,[1 2 3],89.0,10,979.5999999999985,0.0,False,7
31,0,0,[3 2 1],952.5,0.5,0.5,0.22418024752315813,SI,[3 1 2],52.5,10,996.6999999999971,0.0,False,7
31,0,1,[3 2 1],952.5,0.5,0.5,0.38187491636745086,SI,[3 1 2],52.5,10,996.6999999999971,0.0,False,7
31,0,2,[3 2 1],952.5,0.5,0.5,0.2596971197405683,SI,[3 1 2],52.5,10,996.6999999999971,0.0,False,7
31,0,3,[3 2 1],952.5,0.5,0.5,0.20040329479046537,SI,[3 1 2],52.5,10,996.6999999999971,0.0,False,7
31,0,4,[3 2 1],952.5,0.5,0.5,0.332369540328866,SI,[3 1 2],52.5,10,996.6999999999971,0.0,False,7
32,0,0,[3 2 1],952.5,0.5,0.5,0.6264689810511543,MI,[1 2 3],89.0,10,979.5999999999985,0.0,False,7
32,0,1,[3 2 1],952.5,0.5,0.5,0.46662914064745653,SI,[3 1 2],52.5,10,996.6999999999971,0.0,False,7
32,0,2,[3 2 1],952.5,0.5,0.5,0.03720897627277775,SI,[3 1 2],52.5,10,996.6999999999971,0.0,False,7
32,0,3,[3 2 1],952.5,0.5,0.5,0.004597698234148462,SI,[3 1 2],52.5,10,996.6999999999971,0.0,False,7
32,0,4,[3 2 1],952.5,0.5,0.5,0.11636749077203645,SI,[3 1 2],52.5,10,996.6999999999971,0.0,False,7
33,0,0,[3 2 1],952.5,0.5,0.5,0.8256305029705144,MI,[1 2 3],89.0,10,979.5999999999985,0.0,False,7
33,0,1,[3 2 1],952.5,0.5,0.5,0.5091380566623711,MI,[1 2 3],89.0,10,979.5999999999985,0.0,False,7
33,0,2,[3 2 1],952.5,0.5,0.5,0.11896265004220608,SI,[1 2 3],89.0,10,979.5999999999985,0.0,False,7
33,0,3,[3 2 1],952.5,0.5,0.5,0.31987473995807747,SI,[3 1 2],52.5,10,996.6999999999971,0.0,False,7
33,0,4,[3 2 1],952.5,0.5,0.5,0.024142505291467442,SI,[3 1 2],52.5,10,996.6999999999971,0.0,False,7
34,0,0,[3 2 1],952.5,0.5,0.5,0.33495457797451267,SI,[1 2 3],89.0,10,979.5999999999985,0.0,False,7
34,0,1,[3 2 1],952.5,0.5,0.5,0.3066261408054002,SI,[3 1 2],52.5,10,996.6999999999971,0.0,False,7
34,0,2,[3 2 1],952.5,0.5,0.5,0.0626602100276088,SI,[3 1 2],52.5,10,996.6999999999971,0.0,False,7
34,0,3,[3 2 1],952.5,0.5,0.5,0.6876232577550453,MI,[1 2 3],89.0,10,979.5999999999985,0.0,False,7
34,0,4,[3 2 1],952.5,0.5,0.5,0.3881305815407826,SI,[3 1 2],52.5,10,996.6999999999971,0.0,False,7
35,0,0,[3 2 1],952.5,0.5,0.5,0.4025459382213721,SI,[3 1 2],52.5,10,996.6999999999971,0.0,False,7
35,0,1,[3 2 1],952.5,0.5,0.5,0.17390285693246188,SI,[3 1 2],52.5,10,996.6999999999971,0.0,False,7
35,0,2,[3 2 1],952.5,0.5,0.5,0.13698095689151024,SI,[3 1 2],52.5,10,996.6999999999971,0.0,False,7
35,0,3,[3 2 1],952.5,0.5,0.5,0.31390399862140295,SI,[3 1 2],52.5,10,996.6999999999971,0.0,False,7
35,0,4,[3 2 1],952.5,0.5,0.5,0.22604364174374092,SI,[3 1 2],52.5,10,996.6999999999971,0.0,False,7
36,0,0,[3 2 1],952.5,0.5,0.5,0.38018307996360223,SI,[3 1 2],52.5,10,996.6999999999971,0.0,False,7
36,0,1,[3 2 1],952.5,0.5,0.5,0.47175979942122115,SI,[3 1 2],52.5,10,996.6999999999971,0.0,False,7
36,0,2,[3 2 1],952.5,0.5,0.5,0.11809765231749658,SI,[3 1 2],52.5,10,996.6999999999971,0.0,False,7
36,0,3,[3 2 1],952.5,0.5,0.5,0.06579338570151594,SI,[3 1 2],52.5,10,996.6999999999971,0.0,False,7
36,0,4,[3 2 1],952.5,0.5,0.5,0.2406720977467417,SI,[3 1 2],52.5,10,996.6999999999971,0.0,False,7
37,0,0,[3 2 1],952.5,0.5,0.5,0.492810221217416,SI,[3 1 2],52.5,10,996.6999999999971,0.0,False,7
37,0,1,[3 2 1],952.5,0.5,0.5,0.4435183790351339,SI,[3 1 2],52.5,10,996.6999999999971,0.0,False,7
37,0,2,[3 2 1],952.5,0.5,0.5,0.44071576336621143,SI,[3 1 2],52.5,10,996.6999999999971,0.0,False,7
37,0,3,[3 2 1],952.5,0.5,0.5,0.2757419807833599,SI,[3 1 2],52.5,10,996.6999999999971,0.0,False,7
37,0,4,[3 2 1],952.5,0.5,0.5,0.2455146934471535,SI,[3 1 2],52.5,10,996.6999999999971,0.0,False,7
38,0,0,[3 2 1],952.5,0.5,0.5,0.0437841631085365,SI,[3 1 2],52.5,10,996.6999999999971,0.0,False,7
38,0,1,[3 2 1],952.5,0.5,0.5,0.25537662999116073,SI,[1 2 3],89.0,10,979.5999999999985,0.0,False,7
38,0,2,[3 2 1],952.5,0.5,0.5,0.16514115066359414,SI,[3 1 2],52.5,10,996.6999999999971,0.0,False,7
38,0,3,[3 2 1],952.5,0.5,0.5,0.26668079175336745,SI,[3 1 2],52.5,10,996.6999999999971,0.0,False,7
38,0,4,[3 2 1],952.5,0.5,0.5,0.6014588831543838,MI,[1 2 3],89.0,10,979.5999999999985,0.0,False,7
39,0,0,[3 2 1],952.5,0.5,0.5,0.29807500150990285,SI,[3 1 2],52.5,10,996.6999999999971,0.0,False,7
39,0,1,[3 2 1],952.5,0.5,0.5,0.11648727774260192,SI,[3 1 2],52.5,10,996.6999999999971,0.0,False,7
39,0,2,[3 2 1],952.5,0.5,0.5,0.1776465126955078,SI,[3 1 2],52.5,10,996.6999999999971,0.0,False,7
39,0,3,[3 2 1],952.5,0.5,0.5,0.4386457245580957,SI,[3 1 2],52.5,10,996.6999999999971,0.0,False,7
39,0,4,[3 2 1],952.5,0.5,0.5,0.44250806223923633,SI,[3 1 2],52.5,10,996.6999999999971,0.0,False,7
40,0,0,[3 2 1],952.5,0.5,0.5,0.2476726088963217,SI,[3 1 2],52.5,10,996.6999999999971,0.0,False,7
40,0,1,[3 2 1],952.5,0.5,0.5,0.3837418723380217,SI,[3 1 2],52.5,10,996.6999999999971,0.0,False,7
40,0,2,[3 2 1],952.5,0.5,0.5,0.08107091499364083,SI,[3 1 2],52.5,10,996.6999999999971,0.0,False,7
40,0,3,[3 2 1],952.5,0.5,0.5,0.4447217713270517,SI,[3 1 2],52.5,10,996.6999999999971,0.0,False,7
40,0,4,[3 2 1],952.5,0.5,0.5,0.7740614111553199,MI,[1 2 3],89.0,10,979.5999999999985,0.0,False,7
41,0,0,[3 2 1],952.5,0.5,0.5,0.03260762169258624,SI,[3 1 2],52.5,10,996.6999999999971,0.0,False,7
41,0,1,[3 2 1],952.5,0.5,0.5,0.24105044671266762,SI,[3 1 2],52.5,10,996.6999999999971,0.0,False,7
41,0,2,[3 2 1],952.5,0.5,0.5,0.17255396570713966,SI,[3 1 2],52.5,10,996.6999999999971,0.0,False,7
41,0,3,[3 2 1],952.5,0.5,0.5,0.17571867184784207,SI,[3 1 2],52.5,10,996.6999999999971,0.0,False,7
41,0,4,[3 2 1],952.5,0.5,0.5,0.19746085267376112,SI,[1 2 3],89.0,10,979.5999999999985,0.0,False,7
42,0,0,[3 2 1],952.5,0.5,0.5,0.2576615697511978,SI,[3 1 2],52.5,10,996.6999999999971,0.0,False,7
42,0,1,[3 2 1],952.5,0.5,0.5,0.44427989558549186,SI,[3 1 2],52.5,10,996.6999999999971,0.0,False,7
42,0,2,[3 2 1],952.5,0.5,0.5,0.03967993721367069,SI,[3 1 2],52.5,10,996.6999999999971,0.0,False,7
42,0,3,[3 2 1],952.5,0.5,0.5,0.35445282998288385,SI,[3 1 2],52.5,10,996.6999999999971,0.0,False,7
42,0,4,[3 2 1],952.5,0.5,0.5,0.20160179059632,SI,[3 1 2],52.5,10,996.6999999999971,0.0,False,7
43,0,0,[3 2 1],952.5,0.5,0.5,0.05738133170925941,SI,[3 1 2],52.5,10,996.6999999999971,0.0,False,7
43,0,1,[3 2 1],952.5,0.5,0.5,0.22560421728077162,SI,[3 1 2],52.5,10,996.6999999999971,0.0,False,7
43,0,2,[3 2 1],952.5,0.5,0.5,0.44436195519236155,SI,[3 1 2],52.5,10,996.6999999999971,0.0,False,7
43,0,3,[3 2 1],952.5,0.5,0.5,0.2500831646627406,SI,[3 1 2],52.5,10,996.6999999999971,0.0,False,7
43,0,4,[3 2 1],952.5,0.5,0.5,0.49905911452484875,SI,[3 1 2],52.5,10,996.6999999999971,0.0,False,7
44,0,0,[3 2 1],952.5,0.5,0.5,0.46467071579810104,SI,[3 1 2],52.5,10,996.6999999999971,0.0,False,7
44,0,1,[3 2 1],952.5,0.5,0.5,0.28737951656729344,SI,[3 1 2],52.5,10,996.6999999999971,0.0,False,7
44,0,2,[3 2 1],952.5,0.5,0.5,0.22091330293771305,SI,[3 1 2],52.5,10,996.6999999999971,0.0,False,7
44,0,3,[3 2 1],952.5,0.5,0.5,0.31647386430605473,SI,[3 1 2],52.5,10,996.6999999999971,0.0,False,7
44,0,4,[3 2 1],952.5,0.5,0.5,0.059731324373613726,SI,[3 1 2],52.5,10,996.6999999999971,0.0,False,7
45,0,0,[3 2 1],952.5,0.5,0.5,0.10315512252656345,SI,[3 1 2],52.5,10,996.6999999999971,0.0,False,7
45,0,1,[3 2 1],952.5,0.5,0.5,0.2517982230272747,SI,[3 1 2],52.5,10,996.6999999999971,0.0,False,7
45,0,2,[3 2 1],952.5,0.5,0.5,0.26555927097698284,SI,[3 1 2],52.5,10,996.6999999999971,0.0,False,7
45,0,3,[3 2 1],952.5,0.5,0.5,0.03432532333149707,SI,[3 1 2],52.5,10,996.6999999999971,0.0,False,7
45,0,4,[3 2 1],952.5,0.5,0.5,0.862825702995612,MI,[1 2 3],89.0,10,979.5999999999985,0.0,False,7
46,0,0,[3 2 1],952.5,0.5,0.5,0.13581198992695354,SI,[3 1 2],52.5,10,996.6999999999971,0.0,False,7
46,0,1,[3 2 1],952.5,0.5,0.5,0.0246159277358724,SI,[3 1 2],52.5,10,996.6999999999971,0.0,False,7
46,0,2,[3 2 1],952.5,0.5,0.5,0.14316241802529328,SI,[3 1 2],52.5,10,996.6999999999971,0.0,False,7
46,0,3,[3 2 1],952.5,0.5,0.5,0.07771686406679623,SI,[3 1 2],52.5,10,996.6999999999971,0.0,False,7
46,0,4,[3 2 1],952.5,0.5,0.5,0.35003432430275094,SI,[3 1 2],52.5,10,996.6999999999971,0.0,False,7
47,0,0,[3 2 1],952.5,0.5,0.5,0.006076376129068084,SI,[3 1 2],52.5,10,996.6999999999971,0.0,False,7
47,0,1,[3 2 1],952.5,0.5,0.5,0.4209554884061638,SI,[3 1 2],52.5,10,996.6999999999971,0.0,False,7
47,0,2,[3 2 1],952.5,0.5,0.5,0.03009460855110868,SI,[3 1 2],52.5,10,996.6999999999971,0.0,False,7
47,0,3,[3 2 1],952.5,0.5,0.5,0.012236125732466574,SI,[3 1 2],52.5,10,996.6999999999971,0.0,False,7
47,0,4,[3 2 1],952.5,0.5,0.5,0.3854209654358799,SI,[3 1 2],52.5,10,996.6999999999971,0.0,False,7
48,0,0,[3 2 1],952.5,0.5,0.5,0.8861519943513937,MI,[1 2 3],89.0,10,979.5999999999985,0.0,False,7
48,0,1,[3 2 1],952.5,0.5,0.5,0.016537475562089732,SI,[3 1 2],52.5,10,996.6999999999971,0.0,False,7
48,0,2,[3 2 1],952.5,0.5,0.5,0.9040945680934951,MI,[1 2 3],89.0,10,979.5999999999985,0.0,False,7
48,0,3,[3 2 1],952.5,0.5,0.5,0.32159059667092915,SI,[3 1 2],52.5,10,996.6999999999971,0.0,False,7
48,0,4,[3 2 1],952.5,0.5,0.5,0.3982282857895716,SI,[3 1 2],52.5,10,996.6999999999971,0.0,False,7
49,0,0,[3 2 1],952.5,0.5,0.5,0.15894775537909434,SI,[3 1 2],52.5,10,996.6999999999971,0.0,False,7
49,0,1,[3 2 1],952.5,0.5,0.5,0.3263800632699122,SI,[3 1 2],52.5,10,996.6999999999971,0.0,False,7
49,0,2,[3 2 1],952.5,0.5,0.5,0.48401389675997863,SI,[3 1 2],52.5,10,996.6999999999971,0.0,False,7
49,0,3,[3 2 1],952.5,0.5,0.5,0.22246603256766562,SI,[3 1 2],52.5,10,996.6999999999971,0.0,False,7
49,0,4,[3 2 1],952.5,0.5,0.5,0.16879421024968222,SI,[3 1 2],52.5,10,996.6999999999971,0.0,False,7
50,0,0,[3 2 1],952.5,0.5,0.5,0.2252368928870071,SI,[3 1 2],52.5,10,996.6999999999971,0.0,False,7
50,0,1,[3 2 1],952.5,0.5,0.5,0.48703164387664877,SI,[3 1 2],52.5,10,996.6999999999971,0.0,False,7
50,0,2,[3 2 1],952.5,0.5,0.5,0.1792347622656748,SI,[3 1 2],52.5,10,996.6999999999971,0.0,False,7
50,0,3,[3 2 1],952.5,0.5,0.5,0.9342769104565573,MI,[1 2 3],89.0,10,979.5999999999985,0.0,False,7
50,0,4,[3 2 1],952.5,0.5,0.5,0.17531621369302564,SI,[3 1 2],52.5,10,996.6999999999971,0.0,False,7
0,2,0,[1 2],796.3000000000029,0.5,0.5,0.1936390860010042,SI,[2 1],116.90000000000003,10,884.4000000000015,0.0,False,8
0,2,1,[1 2],796.3000000000029,0.5,0.5,0.3565137502407437,SI,[2 1],116.90000000000003,10,884.4000000000015,0.0,False,8
0,2,2,[1 2],796.3000000000029,0.5,0.5,0.45505284344899644,SI,[2 1],116.90000000000003,10,884.4000000000015,0.0,False,8
0,2,3,[1 2],796.3000000000029,0.5,0.5,0.17385302098300992,SI,[2 1],116.90000000000003,10,884.4000000000015,0.0,False,8
0,2,4,[1 2],796.3000000000029,0.5,0.5,0.23477046719218486,SI,[2 1],116.90000000000003,10,884.4000000000015,0.0,False,8
1,0,0,[1 2],796.3000000000029,0.5,0.5,0.4000558531371339,SI,[2 1],116.90000000000003,10,884.4000000000015,0.0,False,8
1,0,1,[1 2],796.3000000000029,0.5,0.5,0.4199989020689866,SI,[2 1],116.90000000000003,10,884.4000000000015,0.0,False,8
1,0,2,[1 2],796.3000000000029,0.5,0.5,0.36476107143520287,SI,[2 1],116.90000000000003,10,884.4000000000015,0.0,False,8
1,0,3,[1 2],796.3000000000029,0.5,0.5,0.44747389872786036,SI,[2 1],116.90000000000003,10,884.4000000000015,0.0,False,8
1,0,4,[1 2],796.3000000000029,0.5,0.5,0.13718582127736256,SI,[2 1],116.90000000000003,10,884.4000000000015,0.0,False,8
2,0,0,[1 2],796.3000000000029,0.5,0.5,0.35766645856162504,SI,[2 1],116.90000000000003,10,884.4000000000015,0.0,False,8
2,0,1,[1 2],796.3000000000029,0.5,0.5,0.4440457362776642,SI,[2 1],116.90000000000003,10,884.4000000000015,0.0,False,8
2,0,2,[1 2],796.3000000000029,0.5,0.5,0.06222058761852545,SI,[2 1],116.90000000000003,10,884.4000000000015,0.0,False,8
2,0,3,[1 2],796.3000000000029,0.5,0.5,0.420304619950969,SI,[2 1],116.90000000000003,10,884.4000000000015,0.0,False,8
2,0,4,[1 2],796.3000000000029,0.5,0.5,0.06031353795034178,SI,[2 1],116.90000000000003,10,884.4000000000015,0.0,False,8
3,0,0,[1 2],796.3000000000029,0.5,0.5,0.3489777349140065,SI,[2 1],116.90000000000003,10,884.4000000000015,0.0,False,8
3,0,1,[1 2],796.3000000000029,0.5,0.5,0.0863753603793842,SI,[2 1],116.90000000000003,10,884.4000000000015,0.0,False,8
3,0,2,[1 2],796.3000000000029,0.5,0.5,0.15855519284735253,SI,[2 1],116.90000000000003,10,884.4000000000015,0.0,False,8
3,0,3,[1 2],796.3000000000029,0.5,0.5,0.4811016458739946,SI,[2 1],116.90000000000003,10,884.4000000000015,0.0,False,8
3,0,4,[1 2],796.3000000000029,0.5,0.5,0.45926886883080753,SI,[2 1],116.90000000000003,10,884.4000000000015,0.0,False,8
4,0,0,[1 2],796.3000000000029,0.5,0.5,0.28903963924723497,SI,[2 1],116.90000000000003,10,884.4000000000015,0.0,False,8
4,0,1,[1 2],796.3000000000029,0.5,0.5,0.33123976552827306,SI,[2 1],116.90000000000003,10,884.4000000000015,0.0,False,8
4,0,2,[1 2],796.3000000000029,0.5,0.5,0.4889579536514739,SI,[2 1],116.90000000000003,10,884.4000000000015,0.0,False,8
4,0,3,[1 2],796.3000000000029,0.5,0.5,0.483006210451963,SI,[2 1],116.90000000000003,10,884.4000000000015,0.0,False,8
4,0,4,[1 2],796.3000000000029,0.5,0.5,0.17254697116615403,SI,[2 1],116.90000000000003,10,884.4000000000015,0.0,False,8
5,0,0,[1 2],796.3000000000029,0.5,0.5,0.08948378500663812,SI,[2 1],116.90000000000003,10,884.4000000000015,0.0,False,8
5,0,1,[1 2],796.3000000000029,0.5,0.5,0.051465782470176524,SI,[2 1],116.90000000000003,10,884.4000000000015,0.0,False,8
5,0,2,[1 2],796.3000000000029,0.5,0.5,0.4665897712244904,SI,[2 1],116.90000000000003,10,884.4000000000015,0.0,False,8
5,0,3,[1 2],796.3000000000029,0.5,0.5,0.18068609478673892,SI,[2 1],116.90000000000003,10,884.4000000000015,0.0,False,8
5,0,4,[1 2],796.3000000000029,0.5,0.5,0.3284526938780141,SI,[2 1],116.90000000000003,10,884.4000000000015,0.0,False,8
6,0,0,[1 2],796.3000000000029,0.5,0.5,0.36156249307912314,SI,[2 1],116.90000000000003,10,884.4000000000015,0.0,False,8
6,0,1,[1 2],796.3000000000029,0.5,0.5,0.059402683505108134,SI,[2 1],116.90000000000003,10,884.4000000000015,0.0,False,8
6,0,2,[1 2],796.3000000000029,0.5,0.5,0.2472481112005076,SI,[2 1],116.90000000000003,10,884.4000000000015,0.0,False,8
6,0,3,[1 2],796.3000000000029,0.5,0.5,0.3762980311161278,SI,[2 1],116.90000000000003,10,884.4000000000015,0.0,False,8
6,0,4,[1 2],796.3000000000029,0.5,0.5,0.3065476357230831,SI,[2 1],116.90000000000003,10,884.4000000000015,0.0,False,8
7,0,0,[1 2],796.3000000000029,0.5,0.5,0.38725358394098763,SI,[2 1],116.90000000000003,10,884.4000000000015,0.0,False,8
7,0,1,[1 2],796.3000000000029,0.5,0.5,0.15960234751604252,SI,[2 1],116.90000000000003,10,884.4000000000015,0.0,False,8
7,0,2,[1 2],796.3000000000029,0.5,0.5,0.3177037329815824,SI,[2 1],116.90000000000003,10,884.4000000000015,0.0,False,8
7,0,3,[1 2],796.3000000000029,0.5,0.5,0.08027549281063573,SI,[2 1],116.90000000000003,10,884.4000000000015,0.0,False,8
7,0,4,[1 2],796.3000000000029,0.5,0.5,0.17483779856835546,SI,[2 1],116.90000000000003,10,884.4000000000015,0.0,False,8
8,0,0,[1 2],796.3000000000029,0.5,0.5,0.18468820534592867,SI,[2 1],116.90000000000003,10,884.4000000000015,0.0,False,8
8,0,1,[1 2],796.3000000000029,0.5,0.5,0.2833105670937468,SI,[2 1],116.90000000000003,10,884.4000000000015,0.0,False,8
8,0,2,[1 2],796.3000000000029,0.5,0.5,0.3190303104644857,SI,[2 1],116.90000000000003,10,884.4000000000015,0.0,False,8
8,0,3,[1 2],796.3000000000029,0.5,0.5,0.06090897232682102,SI,[2 1],116.90000000000003,10,884.4000000000015,0.0,False,8
8,0,4,[1 2],796.3000000000029,0.5,0.5,0.16594699630006104,SI,[2 1],116.90000000000003,10,884.4000000000015,0.0,False,8
9,0,0,[1 2],796.3000000000029,0.5,0.5,0.41644075540298164,SI,[2 1],116.90000000000003,10,884.4000000000015,0.0,False,8
9,0,1,[1 2],796.3000000000029,0.5,0.5,0.31971182249741414,SI,[2 1],116.90000000000003,10,884.4000000000015,0.0,False,8
9,0,2,[1 2],796.3000000000029,0.5,0.5,0.23860620475066352,SI,[2 1],116.90000000000003,10,884.4000000000015,0.0,False,8
9,0,3,[1 2],796.3000000000029,0.5,0.5,0.04153676475775159,SI,[2 1],116.90000000000003,10,884.4000000000015,0.0,False,8
9,0,4,[1 2],796.3000000000029,0.5,0.5,0.2408101961589184,SI,[2 1],116.90000000000003,10,884.4000000000015,0.0,False,8
10,0,0,[1 2],796.3000000000029,0.5,0.5,0.4116733474547426,SI,[2 1],116.90000000000003,10,884.4000000000015,0.0,False,8
10,0,1,[1 2],796.3000000000029,0.5,0.5,0.26335301464943073,SI,[2 1],116.90000000000003,10,884.4000000000015,0.0,False,8
10,0,2,[1 2],796.3000000000029,0.5,0.5,0.16952713860236845,SI,[2 1],116.90000000000003,10,884.4000000000015,0.0,False,8
10,0,3,[1 2],796.3000000000029,0.5,0.5,0.21981342819703908,SI,[2 1],116.90000000000003,10,884.4000000000015,0.0,False,8
10,0,4,[1 2],796.3000000000029,0.5,0.5,0.3770863409439008,SI,[2 1],116.90000000000003,10,884.4000000000015,0.0,False,8
11,0,0,[1 2],796.3000000000029,0.5,0.5,0.4531335897030764,SI,[2 1],116.90000000000003,10,884.4000000000015,0.0,False,8
11,0,1,[1 2],796.3000000000029,0.5,0.5,0.06140320420080625,SI,[2 1],116.90000000000003,10,884.4000000000015,0.0,False,8
11,0,2,[1 2],796.3000000000029,0.5,0.5,0.22786392476656359,SI,[2 1],116.90000000000003,10,884.4000000000015,0.0,False,8
11,0,3,[1 2],796.3000000000029,0.5,0.5,0.06356617540395659,SI,[2 1],116.90000000000003,10,884.4000000000015,0.0,False,8
11,0,4,[1 2],796.3000000000029,0.5,0.5,0.2390790609389638,SI,[2 1],116.90000000000003,10,884.4000000000015,0.0,False,8
12,0,0,[1 2],796.3000000000029,0.5,0.5,0.22947632521104966,SI,[2 1],116.90000000000003,10,884.4000000000015,0.0,False,8
12,0,1,[1 2],796.3000000000029,0.5,0.5,0.3638700869514271,SI,[2 1],116.90000000000003,10,884.4000000000015,0.0,False,8
12,0,2,[1 2],796.3000000000029,0.5,0.5,0.1932013566799552,SI,[2 1],116.90000000000003,10,884.4000000000015,0.0,False,8
12,0,3,[1 2],796.3000000000029,0.5,0.5,0.1339354386723558,SI,[2 1],116.90000000000003,10,884.4000000000015,0.0,False,8
12,0,4,[1 2],796.3000000000029,0.5,0.5,0.37116677931385256,SI,[2 1],116.90000000000003,10,884.4000000000015,0.0,False,8
13,0,0,[1 2],796.3000000000029,0.5,0.5,0.4430568447505604,SI,[2 1],116.90000000000003,10,884.4000000000015,0.0,False,8
13,0,1,[1 2],796.3000000000029,0.5,0.5,0.3986994575489373,SI,[2 1],116.90000000000003,10,884.4000000000015,0.0,False,8
13,0,2,[1 2],796.3000000000029,0.5,0.5,0.22987011828998538,SI,[2 1],116.90000000000003,10,884.4000000000015,0.0,False,8
13,0,3,[1 2],796.3000000000029,0.5,0.5,0.32244456189181925,SI,[2 1],116.90000000000003,10,884.4000000000015,0.0,False,8
13,0,4,[1 2],796.3000000000029,0.5,0.5,0.060907280495340776,SI,[2 1],116.90000000000003,10,884.4000000000015,0.0,False,8
14,0,0,[1 2],796.3000000000029,0.5,0.5,0.3771756210215297,SI,[2 1],116.90000000000003,10,884.4000000000015,0.0,False,8
14,0,1,[1 2],796.3000000000029,0.5,0.5,0.17606453588734006,SI,[2 1],116.90000000000003,10,884.4000000000015,0.0,False,8
14,0,2,[1 2],796.3000000000029,0.5,0.5,0.24054026582581745,SI,[2 1],116.90000000000003,10,884.4000000000015,0.0,False,8
14,0,3,[1 2],796.3000000000029,0.5,0.5,0.08592705982087712,SI,[2 1],116.90000000000003,10,884.4000000000015,0.0,False,8
14,0,4,[1 2],796.3000000000029,0.5,0.5,0.38475875182692443,SI,[2 1],116.90000000000003,10,884.4000000000015,0.0,False,8
15,0,0,[1 2],796.3000000000029,0.5,0.5,0.3225554718987863,SI,[2 1],116.90000000000003,10,884.4000000000015,0.0,False,8
15,0,1,[1 2],796.3000000000029,0.5,0.5,0.11550008409225732,SI,[2 1],116.90000000000003,10,884.4000000000015,0.0,False,8
15,0,2,[1 2],796.3000000000029,0.5,0.5,0.1430998543968296,SI,[2 1],116.90000000000003,10,884.4000000000015,0.0,False,8
15,0,3,[1 2],796.3000000000029,0.5,0.5,0.11340320978549634,SI,[2 1],116.90000000000003,10,884.4000000000015,0.0,False,8
15,0,4,[1 2],796.3000000000029,0.5,0.5,0.1445782573139005,SI,[2 1],116.90000000000003,10,884.4000000000015,0.0,False,8
16,0,0,[1 2],796.3000000000029,0.5,0.5,0.2748517410587662,SI,[2 1],116.90000000000003,10,884.4000000000015,0.0,False,8
16,0,1,[1 2],796.3000000000029,0.5,0.5,0.4486795084358076,SI,[2 1],116.90000000000003,10,884.4000000000015,0.0,False,8
16,0,2,[1 2],796.3000000000029,0.5,0.5,0.4856609850662641,SI,[2 1],116.90000000000003,10,884.4000000000015,0.0,False,8
16,0,3,[1 2],796.3000000000029,0.5,0.5,0.41396973864732045,SI,[2 1],116.90000000000003,10,884.4000000000015,0.0,False,8
16,0,4,[1 2],796.3000000000029,0.5,0.5,0.23480675554175434,SI,[2 1],116.90000000000003,10,884.4000000000015,0.0,False,8
17,0,0,[1 2],796.3000000000029,0.5,0.5,0.17104339266961,SI,[2 1],116.90000000000003,10,884.4000000000015,0.0,False,8
17,0,1,[1 2],796.3000000000029,0.5,0.5,0.05422625101981293,SI,[2 1],116.90000000000003,10,884.4000000000015,0.0,False,8
17,0,2,[1 2],796.3000000000029,0.5,0.5,0.19961626372196928,SI,[2 1],116.90000000000003,10,884.4000000000015,0.0,False,8
17,0,3,[1 2],796.3000000000029,0.5,0.5,0.1853463315324657,SI,[2 1],116.90000000000003,10,884.4000000000015,0.0,False,8
17,0,4,[1 2],796.3000000000029,0.5,0.5,0.45927839272355253,SI,[2 1],116.90000000000003,10,884.4000000000015,0.0,False,8
18,0,0,[1 2],796.3000000000029,0.5,0.5,0.3979761598041218,SI,[2 1],116.90000000000003,10,884.4000000000015,0.0,False,8
18,0,1,[1 2],796.3000000000029,0.5,0.5,0.30963242533302704,SI,[2 1],116.90000000000003,10,884.4000000000015,0.0,False,8
18,0,2,[1 2],796.3000000000029,0.5,0.5,0.4418048120745198,SI,[2 1],116.90000000000003,10,884.4000000000015,0.0,False,8
18,0,3,[1 2],796.3000000000029,0.5,0.5,0.08388977375594964,SI,[2 1],116.90000000000003,10,884.4000000000015,0.0,False,8
18,0,4,[1 2],796.3000000000029,0.5,0.5,0.3624152839755168,SI,[2 1],116.90000000000003,10,884.4000000000015,0.0,False,8
19,0,0,[1 2],796.3000000000029,0.5,0.5,0.33839157254549557,SI,[2 1],116.90000000000003,10,884.4000000000015,0.0,False,8
19,0,1,[1 2],796.3000000000029,0.5,0.5,0.3635567087190439,SI,[2 1],116.90000000000003,10,884.4000000000015,0.0,False,8
19,0,2,[1 2],796.3000000000029,0.5,0.5,0.246321758398805,SI,[2 1],116.90000000000003,10,884.4000000000015,0.0,False,8
19,0,3,[1 2],796.3000000000029,0.5,0.5,0.024455520877226022,SI,[2 1],116.90000000000003,10,884.4000000000015,0.0,False,8
19,0,4,[1 2],796.3000000000029,0.5,0.5,0.32189262259811346,SI,[2 1],116.90000000000003,10,884.4000000000015,0.0,False,8
20,0,0,[1 2],796.3000000000029,0.5,0.5,0.28101025600846385,SI,[2 1],116.90000000000003,10,884.4000000000015,0.0,False,8
20,0,1,[1 2],796.3000000000029,0.5,0.5,0.288255702435254,SI,[2 1],116.90000000000003,10,884.4000000000015,0.0,False,8
20,0,2,[1 2],796.3000000000029,0.5,0.5,0.4731867002127391,SI,[2 1],116.90000000000003,10,884.4000000000015,0.0,False,8
20,0,3,[1 2],796.3000000000029,0.5,0.5,0.2815163924334133,SI,[2 1],116.90000000000003,10,884.4000000000015,0.0,False,8
20,0,4,[1 2],796.3000000000029,0.5,0.5,0.39120330640976286,SI,[2 1],116.90000000000003,10,884.4000000000015,0.0,False,8
21,0,0,[1 2],796.3000000000029,0.5,0.5,0.3704993479832821,SI,[2 1],116.90000000000003,10,884.4000000000015,0.0,False,8
21,0,1,[1 2],796.3000000000029,0.5,0.5,0.2741933691331492,SI,[2 1],116.90000000000003,10,884.4000000000015,0.0,False,8
21,0,2,[1 2],796.3000000000029,0.5,0.5,0.4194916011423837,SI,[2 1],116.90000000000003,10,884.4000000000015,0.0,False,8
21,0,3,[1 2],796.3000000000029,0.5,0.5,0.27288608014127047,SI,[2 1],116.90000000000003,10,884.4000000000015,0.0,False,8
21,0,4,[1 2],796.3000000000029,0.5,0.5,0.43729407897817474,SI,[2 1],116.90000000000003,10,884.4000000000015,0.0,False,8
22,0,0,[1 2],796.3000000000029,0.5,0.5,0.18735242347955683,SI,[2 1],116.90000000000003,10,884.4000000000015,0.0,False,8
22,0,1,[1 2],796.3000000000029,0.5,0.5,0.48685442080331554,SI,[2 1],116.90000000000003,10,884.4000000000015,0.0,False,8
22,0,2,[1 2],796.3000000000029,0.5,0.5,0.2747340488563951,SI,[2 1],116.90000000000003,10,884.4000000000015,0.0,False,8
22,0,3,[1 2],796.3000000000029,0.5,0.5,0.45133804430238955,SI,[2 1],116.90000000000003,10,884.4000000000015,0.0,False,8
22,0,4,[1 2],796.3000000000029,0.5,0.5,0.06751781968468396,SI,[2 1],116.90000000000003,10,884.4000000000015,0.0,False,8
23,0,0,[1 2],796.3000000000029,0.5,0.5,0.410974057663279,SI,[2 1],116.90000000000003,10,884.4000000000015,0.0,False,8
23,0,1,[1 2],796.3000000000029,0.5,0.5,0.24411706104600062,SI,[2 1],116.90000000000003,10,884.4000000000015,0.0,False,8
23,0,2,[1 2],796.3000000000029,0.5,0.5,0.15057601369551743,SI,[2 1],116.90000000000003,10,884.4000000000015,0.0,False,8
23,0,3,[1 2],796.3000000000029,0.5,0.5,0.15116147376654554,SI,[2 1],116.90000000000003,10,884.4000000000015,0.0,False,8
23,0,4,[1 2],796.3000000000029,0.5,0.5,0.16016165741203803,SI,[2 1],116.90000000000003,10,884.4000000000015,0.0,False,8
24,0,0,[1 2],796.3000000000029,0.5,0.5,0.2501336842178562,SI,[2 1],116.90000000000003,10,884.4000000000015,0.0,False,8
24,0,1,[1 2],796.3000000000029,0.5,0.5,0.38636425073954817,SI,[2 1],116.90000000000003,10,884.4000000000015,0.0,False,8
24,0,2,[1 2],796.3000000000029,0.5,0.5,0.27516934452689423,SI,[2 1],116.90000000000003,10,884.4000000000015,0.0,False,8
24,0,3,[1 2],796.3000000000029,0.5,0.5,0.27053416003195563,SI,[2 1],116.90000000000003,10,884.4000000000015,0.0,False,8
24,0,4,[1 2],796.3000000000029,0.5,0.5,0.32521852390139805,SI,[2 1],116.90000000000003,10,884.4000000000015,0.0,False,8
25,0,0,[1 2],796.3000000000029,0.5,0.5,0.08471873388304763,SI,[2 1],116.90000000000003,10,884.4000000000015,0.0,False,8
25,0,1,[1 2],796.3000000000029,0.5,0.5,0.09243010222045733,SI,[2 1],116.90000000000003,10,884.4000000000015,0.0,False,8
25,0,2,[1 2],796.3000000000029,0.5,0.5,0.23858571381884863,SI,[2 1],116.90000000000003,10,884.4000000000015,0.0,False,8
25,0,3,[1 2],796.3000000000029,0.5,0.5,0.3071805651601852,SI,[2 1],116.90000000000003,10,884.4000000000015,0.0,False,8
25,0,4,[1 2],796.3000000000029,0.5,0.5,0.2871263909935875,SI,[2 1],116.90000000000003,10,884.4000000000015,0.0,False,8
26,0,0,[1 2],796.3000000000029,0.5,0.5,0.34718059831812353,SI,[2 1],116.90000000000003,10,884.4000000000015,0.0,False,8
26,0,1,[1 2],796.3000000000029,0.5,0.5,0.43445138968189556,SI,[2 1],116.90000000000003,10,884.4000000000015,0.0,False,8
26,0,2,[1 2],796.3000000000029,0.5,0.5,0.1389349287685837,SI,[2 1],116.90000000000003,10,884.4000000000015,0.0,False,8
26,0,3,[1 2],796.3000000000029,0.5,0.5,0.4933657322960001,SI,[2 1],116.90000000000003,10,884.4000000000015,0.0,False,8
26,0,4,[1 2],796.3000000000029,0.5,0.5,0.4810447384079187,SI,[2 1],116.90000000000003,10,884.4000000000015,0.0,False,8
27,0,0,[1 2],796.3000000000029,0.5,0.5,0.03269958072498247,SI,[2 1],116.90000000000003,10,884.4000000000015,0.0,False,8
27,0,1,[1 2],796.3000000000029,0.5,0.5,0.37484425437361313,SI,[2 1],116.90000000000003,10,884.4000000000015,0.0,False,8
27,0,2,[1 2],796.3000000000029,0.5,0.5,0.13993016488250987,SI,[2 1],116.90000000000003,10,884.4000000000015,0.0,False,8
27,0,3,[1 2],796.3000000000029,0.5,0.5,0.4364073092087114,SI,[2 1],116.90000000000003,10,884.4000000000015,0.0,False,8
27,0,4,[1 2],796.3000000000029,0.5,0.5,0.47443647129142075,SI,[2 1],116.90000000000003,10,884.4000000000015,0.0,False,8
28,0,0,[1 2],796.3000000000029,0.5,0.5,0.45536925132275274,SI,[2 1],116.90000000000003,10,884.4000000000015,0.0,False,8
28,0,1,[1 2],796.3000000000029,0.5,0.5,0.3088346778355572,SI,[2 1],116.90000000000003,10,884.4000000000015,0.0,False,8
28,0,2,[1 2],796.3000000000029,0.5,0.5,0.084678698344969,SI,[2 1],116.90000000000003,10,884.4000000000015,0.0,False,8
28,0,3,[1 2],796.3000000000029,0.5,0.5,0.4208731014341567,SI,[2 1],116.90000000000003,10,884.4000000000015,0.0,False,8
28,0,4,[1 2],796.3000000000029,0.5,0.5,0.44561360642039416,SI,[2 1],116.90000000000003,10,884.4000000000015,0.0,False,8
29,0,0,[1 2],796.3000000000029,0.5,0.5,0.39528712976591174,SI,[2 1],116.90000000000003,10,884.4000000000015,0.0,False,8
29,0,1,[1 2],796.3000000000029,0.5,0.5,0.0862419805804171,SI,[2 1],116.90000000000003,10,884.4000000000015,0.0,False,8
29,0,2,[1 2],796.3000000000029,0.5,0.5,0.3379317879086987,SI,[2 1],116.90000000000003,10,884.4000000000015,0.0,False,8
29,0,3,[1 2],796.3000000000029,0.5,0.5,0.2263014024664084,SI,[2 1],116.90000000000003,10,884.4000000000015,0.0,False,8
29,0,4,[1 2],796.3000000000029,0.5,0.5,0.133597093325576,SI,[2 1],116.90000000000003,10,884.4000000000015,0.0,False,8
30,0,0,[1 2],796.3000000000029,0.5,0.5,0.017929975173572754,SI,[2 1],116.90000000000003,10,884.4000000000015,0.0,False,8
30,0,1,[1 2],796.3000000000029,0.5,0.5,0.019633395797980735,SI,[2 1],116.90000000000003,10,884.4000000000015,0.0,False,8
30,0,2,[1 2],796.3000000000029,0.5,0.5,0.3144697356938383,SI,[2 1],116.90000000000003,10,884.4000000000015,0.0,False,8
30,0,3,[1 2],796.3000000000029,0.5,0.5,0.3611020507674426,SI,[2 1],116.90000000000003,10,884.4000000000015,0.0,False,8
30,0,4,[1 2],796.3000000000029,0.5,0.5,0.3918704879251562,SI,[2 1],116.90000000000003,10,884.4000000000015,0.0,False,8
31,0,0,[1 2],796.3000000000029,0.5,0.5,0.08695453624442662,SI,[2 1],116.90000000000003,10,884.4000000000015,0.0,False,8
31,0,1,[1 2],796.3000000000029,0.5,0.5,0.04548051262662289,SI,[2 1],116.90000000000003,10,884.4000000000015,0.0,False,8
31,0,2,[1 2],796.3000000000029,0.5,0.5,0.03698598376986051,SI,[2 1],116.90000000000003,10,884.4000000000015,0.0,False,8
31,0,3,[1 2],796.3000000000029,0.5,0.5,0.33561392419566316,SI,[2 1],116.90000000000003,10,884.4000000000015,0.0,False,8
31,0,4,[1 2],796.3000000000029,0.5,0.5,0.10335018277816976,SI,[2 1],116.90000000000003,10,884.4000000000015,0.0,False,8
32,0,0,[1 2],796.3000000000029,0.5,0.5,0.20891523072770657,SI,[2 1],116.90000000000003,10,884.4000000000015,0.0,False,8
32,0,1,[1 2],796.3000000000029,0.5,0.5,0.329348751442584,SI,[2 1],116.90000000000003,10,884.4000000000015,0.0,False,8
32,0,2,[1 2],796.3000000000029,0.5,0.5,0.0886023583667731,SI,[2 1],116.90000000000003,10,884.4000000000015,0.0,False,8
32,0,3,[1 2],796.3000000000029,0.5,0.5,0.2992654225425002,SI,[2 1],116.90000000000003,10,884.4000000000015,0.0,False,8
32,0,4,[1 2],796.3000000000029,0.5,0.5,0.4886917772036643,SI,[2 1],116.90000000000003,10,884.4000000000015,0.0,False,8
33,0,0,[1 2],796.3000000000029,0.5,0.5,0.0585069041762708,SI,[2 1],116.90000000000003,10,884.4000000000015,0.0,False,8
33,0,1,[1 2],796.3000000000029,0.5,0.5,0.246641146798675,SI,[2 1],116.90000000000003,10,884.4000000000015,0.0,False,8
33,0,2,[1 2],796.3000000000029,0.5,0.5,0.045071100069873804,SI,[2 1],116.90000000000003,10,884.4000000000015,0.0,False,8
33,0,3,[1 2],796.3000000000029,0.5,0.5,0.09922136668453929,SI,[2 1],116.90000000000003,10,884.4000000000015,0.0,False,8
33,0,4,[1 2],796.3000000000029,0.5,0.5,0.42192704160270444,SI,[2 1],116.90000000000003,10,884.4000000000015,0.0,False,8
34,0,0,[1 2],796.3000000000029,0.5,0.5,0.47511448360284014,SI,[2 1],116.90000000000003,10,884.4000000000015,0.0,False,8
34,0,1,[1 2],796.3000000000029,0.5,0.5,0.09363480972595684,SI,[2 1],116.90000000000003,10,884.4000000000015,0.0,False,8
34,0,2,[1 2],796.3000000000029,0.5,0.5,0.4403425966355192,SI,[2 1],116.90000000000003,10,884.4000000000015,0.0,False,8
34,0,3,[1 2],796.3000000000029,0.5,0.5,0.21204370783837478,SI,[2 1],116.90000000000003,10,884.4000000000015,0.0,False,8
34,0,4,[1 2],796.3000000000029,0.5,0.5,0.31263121619065326,SI,[2 1],116.90000000000003,10,884.4000000000015,0.0,False,8
35,0,0,[1 2],796.3000000000029,0.5,0.5,0.3579022178022253,SI,[2 1],116.90000000000003,10,884.4000000000015,0.0,False,8
35,0,1,[1 2],796.3000000000029,0.5,0.5,0.38647298067224,SI,[2 1],116.90000000000003,10,884.4000000000015,0.0,False,8
35,0,2,[1 2],796.3000000000029,0.5,0.5,0.33855811050553664,SI,[2 1],116.90000000000003,10,884.4000000000015,0.0,False,8
35,0,3,[1 2],796.3000000000029,0.5,0.5,0.2966262850941055,SI,[2 1],116.90000000000003,10,884.4000000000015,0.0,False,8
35,0,4,[1 2],796.3000000000029,0.5,0.5,0.23649576112861936,SI,[2 1],116.90000000000003,10,884.4000000000015,0.0,False,8
36,0,0,[1 2],796.3000000000029,0.5,0.5,0.34336054175831365,SI,[2 1],116.90000000000003,10,884.4000000000015,0.0,False,8
36,0,1,[1 2],796.3000000000029,0.5,0.5,0.06931325769146013,SI,[2 1],116.90000000000003,10,884.4000000000015,0.0,False,8
36,0,2,[1 2],796.3000000000029,0.5,0.5,0.306238575514339,SI,[2 1],116.90000000000003,10,884.4000000000015,0.0,False,8
36,0,3,[1 2],796.3000000000029,0.5,0.5,0.15833665975984934,SI,[2 1],116.90000000000003,10,884.4000000000015,0.0,False,8
36,0,4,[1 2],796.3000000000029,0.5,0.5,0.3957467514114573,SI,[2 1],116.90000000000003,10,884.4000000000015,0.0,False,8
37,0,0,[1 2],796.3000000000029,0.5,0.5,0.08791795764109744,SI,[2 1],116.90000000000003,10,884.4000000000015,0.0,False,8
37,0,1,[1 2],796.3000000000029,0.5,0.5,0.04156811462207577,SI,[2 1],116.90000000000003,10,884.4000000000015,0.0,False,8
37,0,2,[1 2],796.3000000000029,0.5,0.5,0.25258801484576043,SI,[2 1],116.90000000000003,10,884.4000000000015,0.0,False,8
37,0,3,[1 2],796.3000000000029,0.5,0.5,0.425186879166882,SI,[2 1],116.90000000000003,10,884.4000000000015,0.0,False,8
37,0,4,[1 2],796.3000000000029,0.5,0.5,0.47564172262549775,SI,[2 1],116.90000000000003,10,884.4000000000015,0.0,False,8
38,0,0,[1 2],796.3000000000029,0.5,0.5,0.4065914278074263,SI,[2 1],116.90000000000003,10,884.4000000000015,0.0,False,8
38,0,1,[1 2],796.3000000000029,0.5,0.5,0.4898814905153841,SI,[2 1],116.90000000000003,10,884.4000000000015,0.0,False,8
38,0,2,[1 2],796.3000000000029,0.5,0.5,0.20350611681121578,SI,[2 1],116.90000000000003,10,884.4000000000015,0.0,False,8
38,0,3,[1 2],796.3000000000029,0.5,0.5,0.34805813024105214,SI,[2 1],116.90000000000003,10,884.4000000000015,0.0,False,8
38,0,4,[1 2],796.3000000000029,0.5,0.5,0.465994075778595,SI,[2 1],116.90000000000003,10,884.4000000000015,0.0,False,8
39,0,0,[1 2],796.3000000000029,0.5,0.5,0.40511442759296035,SI,[2 1],116.90000000000003,10,884.4000000000015,0.0,False,8
39,0,1,[1 2],796.3000000000029,0.5,0.5,0.3592963905993337,SI,[2 1],116.90000000000003,10,884.4000000000015,0.0,False,8
39,0,2,[1 2],796.3000000000029,0.5,0.5,0.47865291922886377,SI,[2 1],116.90000000000003,10,884.4000000000015,0.0,False,8
39,0,3,[1 2],796.3000000000029,0.5,0.5,0.3278753301139006,SI,[2 1],116.90000000000003,10,884.4000000000015,0.0,False,8
39,0,4,[1 2],796.3000000000029,0.5,0.5,0.3003521128144011,SI,[2 1],116.90000000000003,10,884.4000000000015,0.0,False,8
40,0,0,[1 2],796.3000000000029,0.5,0.5,0.09878162331871776,SI,[2 1],116.90000000000003,10,884.4000000000015,0.0,False,8
40,0,1,[1 2],796.3000000000029,0.5,0.5,0.21421774076970446,SI,[2 1],116.90000000000003,10,884.4000000000015,0.0,False,8
40,0,2,[1 2],796.3000000000029,0.5,0.5,0.482232521354897,SI,[2 1],116.90000000000003,10,884.4000000000015,0.0,False,8
40,0,3,[1 2],796.3000000000029,0.5,0.5,0.0752686918247426,SI,[2 1],116.90000000000003,10,884.4000000000015,0.0,False,8
40,0,4,[1 2],796.3000000000029,0.5,0.5,0.4541114438904168,SI,[2 1],116.90000000000003,10,884.4000000000015,0.0,False,8
41,0,0,[1 2],796.3000000000029,0.5,0.5,0.4147117721455307,SI,[2 1],116.90000000000003,10,884.4000000000015,0.0,False,8
41,0,1,[1 2],796.3000000000029,0.5,0.5,0.14707360827573424,SI,[2 1],116.90000000000003,10,884.4000000000015,0.0,False,8
41,0,2,[1 2],796.3000000000029,0.5,0.5,0.2521789598218288,SI,[2 1],116.90000000000003,10,884.4000000000015,0.0,False,8
41,0,3,[1 2],796.3000000000029,0.5,0.5,0.21895583281910402,SI,[2 1],116.90000000000003,10,884.4000000000015,0.0,False,8
41,0,4,[1 2],796.3000000000029,0.5,0.5,0.29339928877904364,SI,[2 1],116.90000000000003,10,884.4000000000015,0.0,False,8
42,0,0,[1 2],796.3000000000029,0.5,0.5,0.017489225169242117,SI,[2 1],116.90000000000003,10,884.4000000000015,0.0,False,8
42,0,1,[1 2],796.3000000000029,0.5,0.5,0.06194131858124363,SI,[2 1],116.90000000000003,10,884.4000000000015,0.0,False,8
42,0,2,[1 2],796.3000000000029,0.5,0.5,0.27177483697534977,SI,[2 1],116.90000000000003,10,884.4000000000015,0.0,False,8
42,0,3,[1 2],796.3000000000029,0.5,0.5,0.1872666314724506,SI,[2 1],116.90000000000003,10,884.4000000000015,0.0,False,8
42,0,4,[1 2],796.3000000000029,0.5,0.5,0.014204623684907491,SI,[2 1],116.90000000000003,10,884.4000000000015,0.0,False,8
43,0,0,[1 2],796.3000000000029,0.5,0.5,0.10431448930579768,SI,[2 1],116.90000000000003,10,884.4000000000015,0.0,False,8
43,0,1,[1 2],796.3000000000029,0.5,0.5,0.22894878900253712,SI,[2 1],116.90000000000003,10,884.4000000000015,0.0,False,8
43,0,2,[1 2],796.3000000000029,0.5,0.5,0.38079610321819424,SI,[2 1],116.90000000000003,10,884.4000000000015,0.0,False,8
43,0,3,[1 2],796.3000000000029,0.5,0.5,0.04878107552432409,SI,[2 1],116.90000000000003,10,884.4000000000015,0.0,False,8
43,0,4,[1 2],796.3000000000029,0.5,0.5,0.03717680205691942,SI,[2 1],116.90000000000003,10,884.4000000000015,0.0,False,8
44,0,0,[1 2],796.3000000000029,0.5,0.5,0.3354454517071077,SI,[2 1],116.90000000000003,10,884.4000000000015,0.0,False,8
44,0,1,[1 2],796.3000000000029,0.5,0.5,0.4324911261121043,SI,[2 1],116.90000000000003,10,884.4000000000015,0.0,False,8
44,0,2,[1 2],796.3000000000029,0.5,0.5,0.3515290624590297,SI,[2 1],116.90000000000003,10,884.4000000000015,0.0,False,8
44,0,3,[1 2],796.3000000000029,0.5,0.5,0.2222100195488632,SI,[2 1],116.90000000000003,10,884.4000000000015,0.0,False,8
44,0,4,[1 2],796.3000000000029,0.5,0.5,0.10343449809989991,SI,[2 1],116.90000000000003,10,884.4000000000015,0.0,False,8
45,0,0,[1 2],796.3000000000029,0.5,0.5,0.374892971499466,SI,[2 1],116.90000000000003,10,884.4000000000015,0.0,False,8
45,0,1,[1 2],796.3000000000029,0.5,0.5,0.22856460356997177,SI,[2 1],116.90000000000003,10,884.4000000000015,0.0,False,8
45,0,2,[1 2],796.3000000000029,0.5,0.5,0.27922520219056446,SI,[2 1],116.90000000000003,10,884.4000000000015,0.0,False,8
45,0,3,[1 2],796.3000000000029,0.5,0.5,0.20564103510080933,SI,[2 1],116.90000000000003,10,884.4000000000015,0.0,False,8
45,0,4,[1 2],796.3000000000029,0.5,0.5,0.38753964816904163,SI,[2 1],116.90000000000003,10,884.4000000000015,0.0,False,8
46,0,0,[1 2],796.3000000000029,0.5,0.5,0.1656444248887483,SI,[2 1],116.90000000000003,10,884.4000000000015,0.0,False,8
46,0,1,[1 2],796.3000000000029,0.5,0.5,0.06337165518568366,SI,[2 1],116.90000000000003,10,884.4000000000015,0.0,False,8
46,0,2,[1 2],796.3000000000029,0.5,0.5,0.39855005978077984,SI,[2 1],116.90000000000003,10,884.4000000000015,0.0,False,8
46,0,3,[1 2],796.3000000000029,0.5,0.5,0.4119067609529843,SI,[2 1],116.90000000000003,10,884.4000000000015,0.0,False,8
46,0,4,[1 2],796.3000000000029,0.5,0.5,0.4715535680223716,SI,[2 1],116.90000000000003,10,884.4000000000015,0.0,False,8
47,0,0,[1 2],796.3000000000029,0.5,0.5,0.35675863082015613,SI,[2 1],116.90000000000003,10,884.4000000000015,0.0,False,8
47,0,1,[1 2],796.3000000000029,0.5,0.5,0.10546424930398568,SI,[2 1],116.90000000000003,10,884.4000000000015,0.0,False,8
47,0,2,[1 2],796.3000000000029,0.5,0.5,0.40461155262665005,SI,[2 1],116.90000000000003,10,884.4000000000015,0.0,False,8
47,0,3,[1 2],796.3000000000029,0.5,0.5,0.01980114926193277,SI,[2 1],116.90000000000003,10,884.4000000000015,0.0,False,8
47,0,4,[1 2],796.3000000000029,0.5,0.5,0.3405684973115436,SI,[2 1],116.90000000000003,10,884.4000000000015,0.0,False,8
48,0,0,[1 2],796.3000000000029,0.5,0.5,0.1530649148596147,SI,[2 1],116.90000000000003,10,884.4000000000015,0.0,False,8
48,0,1,[1 2],796.3000000000029,0.5,0.5,0.3557530884121961,SI,[2 1],116.90000000000003,10,884.4000000000015,0.0,False,8
48,0,2,[1 2],796.3000000000029,0.5,0.5,0.02955583054930233,SI,[2 1],116.90000000000003,10,884.4000000000015,0.0,False,8
48,0,3,[1 2],796.3000000000029,0.5,0.5,0.18308090826582868,SI,[2 1],116.90000000000003,10,884.4000000000015,0.0,False,8
48,0,4,[1 2],796.3000000000029,0.5,0.5,0.190153167495135,SI,[2 1],116.90000000000003,10,884.4000000000015,0.0,False,8
49,0,0,[1 2],796.3000000000029,0.5,0.5,0.35499013506976607,SI,[2 1],116.90000000000003,10,884.4000000000015,0.0,False,8
49,0,1,[1 2],796.3000000000029,0.5,0.5,0.3454335178362564,SI,[2 1],116.90000000000003,10,884.4000000000015,0.0,False,8
49,0,2,[1 2],796.3000000000029,0.5,0.5,0.3733696217114666,SI,[2 1],116.90000000000003,10,884.4000000000015,0.0,False,8
49,0,3,[1 2],796.3000000000029,0.5,0.5,0.2760447259752603,SI,[2 1],116.90000000000003,10,884.4000000000015,0.0,False,8
49,0,4,[1 2],796.3000000000029,0.5,0.5,0.41286456378869096,SI,[2 1],116.90000000000003,10,884.4000000000015,0.0,False,8
50,0,0,[1 2],796.3000000000029,0.5,0.5,0.4799311769435084,SI,[2 1],116.90000000000003,10,884.4000000000015,0.0,False,8
50,0,1,[1 2],796.3000000000029,0.5,0.5,0.07723589268953168,SI,[2 1],116.90000000000003,10,884.4000000000015,0.0,False,8
50,0,2,[1 2],796.3000000000029,0.5,0.5,0.15155553706186065,SI,[2 1],116.90000000000003,10,884.4000000000015,0.0,False,8
50,0,3,[1 2],796.3000000000029,0.5,0.5,0.17367809381811417,SI,[2 1],116.90000000000003,10,884.4000000000015,0.0,False,8
50,0,4,[1 2],796.3000000000029,0.5,0.5,0.14068191238619543,SI,[2 1],116.90000000000003,10,884.4000000000015,0.0,False,8
