generation,individual,cycle,s_before,f_ini,rho_SI_before,rho_MI_before,random,operator,best_neighbor,best_delta,num_neighbors,f_imp,eta,improved,epoch
0,2,0,[2 1 3],781.3999999999978,0.5,0.5,0.8265542486873563,MI,[3 1 2],60.7,10,795.399999999976,0.0,False,0
0,2,1,[2 1 3],781.3999999999978,0.5,0.5,0.3681621924165053,SI,[2 3 1],17.30000000000001,10,795.1999999999971,0.0,False,0
0,2,2,[2 1 3],781.3999999999978,0.5,0.5,0.484931074988458,SI,[2 3 1],17.30000000000001,10,795.1999999999971,0.0,False,0
0,2,3,[2 1 3],781.3999999999978,0.5,0.5,0.3520949357663685,SI,[2 3 1],17.30000000000001,10,795.1999999999971,0.0,False,0
0,2,4,[2 1 3],781.3999999999978,0.5,0.5,0.35272313729544924,SI,[2 3 1],17.30000000000001,10,795.1999999999971,0.0,False,0
1,0,0,[2 1 3],781.3999999999978,0.5,0.5,0.35069355594007745,SI,[2 3 1],17.30000000000001,10,795.1999999999971,0.0,False,0
1,0,1,[2 1 3],781.3999999999978,0.5,0.5,0.24185905409742914,SI,[2 3 1],17.30000000000001,10,795.1999999999971,0.0,False,0
1,0,2,[2 1 3],781.3999999999978,0.5,0.5,0.10917501891779902,SI,[2 3 1],17.30000000000001,10,795.1999999999971,0.0,False,0
1,0,3,[2 1 3],781.3999999999978,0.5,0.5,0.0769066532345879,SI,[3 1 2],60.7,10,795.399999999976,0.0,False,0
1,0,4,[2 1 3],781.3999999999978,0.5,0.5,0.6050043134902023,MI,[3 1 2],60.7,10,795.399999999976,0.0,False,0
2,0,0,[2 1 3],781.3999999999978,0.5,0.5,0.2030319807878168,SI,[2 3 1],17.30000000000001,10,795.1999999999971,0.0,False,0
2,0,1,[2 1 3],781.3999999999978,0.5,0.5,0.805694609640023,MI,[3 1 2],60.7,10,795.399999999976,0.0,False,0
2,0,2,[2 1 3],781.3999999999978,0.5,0.5,0.40499409613412285,SI,[2 3 1],17.30000000000001,10,795.1999999999971,0.0,False,0
2,0,3,[2 1 3],781.3999999999978,0.5,0.5,0.21149375549575367,SI,[2 3 1],17.30000000000001,10,795.1999999999971,0.0,False,0
2,0,4,[2 1 3],781.3999999999978,0.5,0.5,0.7902866432904004,MI,[3 1 2],60.7,10,795.399999999976,0.0,False,0
3,0,0,[2 1 3],781.3999999999978,0.5,0.5,0.17057193405296012,SI,[2 3 1],17.30000000000001,10,795.1999999999971,0.0,False,0
3,0,1,[2 1 3],781.3999999999978,0.5,0.5,0.15189939557176524,SI,[2 3 1],17.30000000000001,10,795.1999999999971,0.0,False,0
3,0,2,[2 1 3],781.3999999999978,0.5,0.5,0.3418082807706124,SI,[2 3 1],17.30000000000001,10,795.1999999999971,0.0,False,0
3,0,3,[2 1 3],781.3999999999978,0.5,0.5,0.19040336327223983,SI,[2 3 1],17.30000000000001,10,795.1999999999971,0.0,False,0
3,0,4,[2 1 3],781.3999999999978,0.5,0.5,0.14437920105947877,SI,[2 3 1],17.30000000000001,10,795.1999999999971,0.0,False,0
4,0,0,[2 1 3],781.3999999999978,0.5,0.5,0.36692533600198407,SI,[2 3 1],17.30000000000001,10,795.1999999999971,0.0,False,0
4,0,1,[2 1 3],781.3999999999978,0.5,0.5,0.09507706410043781,SI,[2 3 1],17.30000000000001,10,795.1999999999971,0.0,False,0
4,0,2,[2 1 3],781.3999999999978,0.5,0.5,0.10266354207394834,SI,[2 3 1],17.30000000000001,10,795.1999999999971,0.0,False,0
4,0,3,[2 1 3],781.3999999999978,0.5,0.5,0.614507597627117,MI,[3 1 2],60.7,10,795.399999999976,0.0,False,0
4,0,4,[2 1 3],781.3999999999978,0.5,0.5,0.09126853199063811,SI,[2 3 1],17.30000000000001,10,795.1999999999971,0.0,False,0
5,0,0,[2 1 3],781.3999999999978,0.5,0.5,0.1352908210922087,SI,[2 3 1],17.30000000000001,10,795.1999999999971,0.0,False,0
5,0,1,[2 1 3],781.3999999999978,0.5,0.5,0.4096824249368033,SI,[2 3 1],17.30000000000001,10,795.1999999999971,0.0,False,0
5,0,2,[2 1 3],781.3999999999978,0.5,0.5,0.47282536523659213,SI,[2 3 1],17.30000000000001,10,795.1999999999971,0.0,False,0
5,0,3,[2 1 3],781.3999999999978,0.5,0.5,0.345771060282964,SI,[2 3 1],17.30000000000001,10,795.1999999999971,0.0,False,0
5,0,4,[2 1 3],781.3999999999978,0.5,0.5,0.2880479079839495,SI,[2 3 1],17.30000000000001,10,795.1999999999971,0.0,False,0
6,0,0,[2 1 3],781.3999999999978,0.5,0.5,0.08488174915101776,SI,[2 3 1],17.30000000000001,10,795.1999999999971,0.0,False,0
6,0,1,[2 1 3],781.3999999999978,0.5,0.5,0.2429753712197108,SI,[2 3 1],17.30000000000001,10,795.1999999999971,0.0,False,0
6,0,2,[2 1 3],781.3999999999978,0.5,0.5,0.18381708062030233,SI,[2 3 1],17.30000000000001,10,795.1999999999971,0.0,False,0
6,0,3,[2 1 3],781.3999999999978,0.5,0.5,0.27182068206906584,SI,[2 3 1],17.30000000000001,10,795.1999999999971,0.0,False,0
6,0,4,[2 1 3],781.3999999999978,0.5,0.5,0.23716403100991568,SI,[2 3 1],17.30000000000001,10,795.1999999999971,0.0,False,0
7,0,0,[2 1 3],781.3999999999978,0.5,0.5,0.08343305795484668,SI,[3 1 2],60.7,10,795.399999999976,0.0,False,0
7,0,1,[2 1 3],781.3999999999978,0.5,0.5,0.12173719072417044,SI,[2 3 1],17.30000000000001,10,795.1999999999971,0.0,False,0
7,0,2,[2 1 3],781.3999999999978,0.5,0.5,0.15051770724535252,SI,[2 3 1],17.30000000000001,10,795.1999999999971,0.0,False,0
7,0,3,[2 1 3],781.3999999999978,0.5,0.5,0.5926113815159201,MI,[3 1 2],60.7,10,795.399999999976,0.0,False,0
7,0,4,[2 1 3],781.3999999999978,0.5,0.5,0.08403348208074046,SI,[2 3 1],17.30000000000001,10,795.1999999999971,0.0,False,0
8,0,0,[2 1 3],781.3999999999978,0.5,0.5,0.6910715118020734,MI,[3 1 2],60.7,10,795.399999999976,0.0,False,0
8,0,1,[2 1 3],781.3999999999978,0.5,0.5,0.05840987243648266,SI,[2 3 1],17.30000000000001,10,795.1999999999971,0.0,False,0
8,0,2,[2 1 3],781.3999999999978,0.5,0.5,0.4429970785699413,SI,[2 3 1],17.30000000000001,10,795.1999999999971,0.0,False,0
8,0,3,[2 1 3],781.3999999999978,0.5,0.5,0.24646549651973793,SI,[2 3 1],17.30000000000001,10,795.1999999999971,0.0,False,0
8,0,4,[2 1 3],781.3999999999978,0.5,0.5,0.2724564438361433,SI,[2 3 1],17.30000000000001,10,795.1999999999971,0.0,False,0
9,0,0,[2 1 3],781.3999999999978,0.5,0.5,0.15935669152461385,SI,[2 3 1],17.30000000000001,10,795.1999999999971,0.0,False,0
9,0,1,[2 1 3],781.3999999999978,0.5,0.5,0.09466922114068499,SI,[2 3 1],17.30000000000001,10,795.1999999999971,0.0,False,0
9,0,2,[2 1 3],781.3999999999978,0.5,0.5,0.28791985272238974,SI,[2 3 1],17.30000000000001,10,795.1999999999971,0.0,False,0
9,0,3,[2 1 3],781.3999999999978,0.5,0.5,0.19232704980689763,SI,[2 3 1],17.30000000000001,10,795.1999999999971,0.0,False,0
9,0,4,[2 1 3],781.3999999999978,0.5,0.5,0.4820094065026108,SI,[2 3 1],17.30000000000001,10,795.1999999999971,0.0,False,0
10,0,0,[2 1 3],781.3999999999978,0.5,0.5,0.20973685668388387,SI,[2 3 1],17.30000000000001,10,795.1999999999971,0.0,False,0
10,0,1,[2 1 3],781.3999999999978,0.5,0.5,0.8235872707882465,MI,[3 1 2],60.7,10,795.399999999976,0.0,False,0
10,0,2,[2 1 3],781.3999999999978,0.5,0.5,0.1379116726871381,SI,[2 3 1],17.30000000000001,10,795.1999999999971,0.0,False,0
10,0,3,[2 1 3],781.3999999999978,0.5,0.5,0.04796951640192848,SI,[2 3 1],17.30000000000001,10,795.1999999999971,0.0,False,0
10,0,4,[2 1 3],781.3999999999978,0.5,0.5,0.14923324712474118,SI,[3 1 2],60.7,10,795.399999999976,0.0,False,0
11,0,0,[2 1 3],781.3999999999978,0.5,0.5,0.021271143623520672,SI,[2 3 1],17.30000000000001,10,795.1999999999971,0.0,False,0
11,0,1,[2 1 3],781.3999999999978,0.5,0.5,0.040158557889300894,SI,[2 3 1],17.30000000000001,10,795.1999999999971,0.0,False,0
11,0,2,[2 1 3],781.3999999999978,0.5,0.5,0.2960256604506286,SI,[2 3 1],17.30000000000001,10,795.1999999999971,0.0,False,0
11,0,3,[2 1 3],781.3999999999978,0.5,0.5,0.44746373524537353,SI,[2 3 1],17.30000000000001,10,795.1999999999971,0.0,False,0
11,0,4,[2 1 3],781.3999999999978,0.5,0.5,0.34865780000832036,SI,[2 3 1],17.30000000000001,10,795.1999999999971,0.0,False,0
12,0,0,[2 1 3],781.3999999999978,0.5,0.5,0.11181793855600719,SI,[2 3 1],17.30000000000001,10,795.1999999999971,0.0,False,0
12,0,1,[2 1 3],781.3999999999978,0.5,0.5,0.39349293711833677,SI,[2 3 1],17.30000000000001,10,795.1999999999971,0.0,False,0
12,0,2,[2 1 3],781.3999999999978,0.5,0.5,0.43524308471642914,SI,[2 3 1],17.30000000000001,10,795.1999999999971,0.0,False,0
12,0,3,[2 1 3],781.3999999999978,0.5,0.5,0.9534309300497101,MI,[3 1 2],60.7,10,795.399999999976,0.0,False,0
12,0,4,[2 1 3],781.3999999999978,0.5,0.5,0.0010918366645898958,SI,[2 3 1],17.30000000000001,10,795.1999999999971,0.0,False,0
13,0,0,[2 1 3],781.3999999999978,0.5,0.5,0.38418557178910595,SI,[2 3 1],17.30000000000001,10,795.1999999999971,0.0,False,0
13,0,1,[2 1 3],781.3999999999978,0.5,0.5,0.014927822796700796,SI,[2 3 1],17.30000000000001,10,795.1999999999971,0.0,False,0
13,0,2,[2 1 3],781.3999999999978,0.5,0.5,0.5152052825305615,MI,[3 1 2],60.7,10,795.399999999976,0.0,False,0
13,0,3,[2 1 3],781.3999999999978,0.5,0.5,0.4807414252147618,SI,[2 3 1],17.30000000000001,10,795.1999999999971,0.0,False,0
13,0,4,[2 1 3],781.3999999999978,0.5,0.5,0.04183072903066476,SI,[2 3 1],17.30000000000001,10,795.1999999999971,0.0,False,0
14,0,0,[2 1 3],781.3999999999978,0.5,0.5,0.4616117379099368,SI,[2 3 1],17.30000000000001,10,795.1999999999971,0.0,False,0
14,0,1,[2 1 3],781.3999999999978,0.5,0.5,0.3117454524849729,SI,[2 3 1],17.30000000000001,10,795.1999999999971,0.0,False,0
14,0,2,[2 1 3],781.3999999999978,0.5,0.5,0.40451245037704864,SI,[2 3 1],17.30000000000001,10,795.1999999999971,0.0,False,0
14,0,3,[2 1 3],781.3999999999978,0.5,0.5,0.34861340648958594,SI,[2 3 1],17.30000000000001,10,795.1999999999971,0.0,False,0
14,0,4,[2 1 3],781.3999999999978,0.5,0.5,0.8991101446390628,MI,[3 1 2],60.7,10,795.399999999976,0.0,False,0
15,0,0,[2 1 3],781.3999999999978,0.5,0.5,0.38588891832323324,SI,[2 3 1],17.30000000000001,10,795.1999999999971,0.0,False,0
15,0,1,[2 1 3],781.3999999999978,0.5,0.5,0.4011910205997491,SI,[2 3 1],17.30000000000001,10,795.1999999999971,0.0,False,0
15,0,2,[2 1 3],781.3999999999978,0.5,0.5,0.34886431019162467,SI,[2 3 1],17.30000000000001,10,795.1999999999971,0.0,False,0
15,0,3,[2 1 3],781.3999999999978,0.5,0.5,0.9752101573090585,MI,[3 1 2],60.7,10,795.399999999976,0.0,False,0
15,0,4,[2 1 3],781.3999999999978,0.5,0.5,0.3959666163720257,SI,[2 3 1],17.30000000000001,10,795.1999999999971,0.0,False,0
16,0,0,[2 1 3],781.3999999999978,0.5,0.5,0.4548549569522732,SI,[2 3 1],17.30000000000001,10,795.1999999999971,0.0,False,0
16,0,1,[2 1 3],781.3999999999978,0.5,0.5,0.9107966843599754,MI,[3 1 2],60.7,10,795.399999999976,0.0,False,0
16,0,2,[2 1 3],781.3999999999978,0.5,0.5,0.9185768223577508,MI,[3 1 2],60.7,10,795.399999999976,0.0,False,0
16,0,3,[2 1 3],781.3999999999978,0.5,0.5,0.048820641121692376,SI,[2 3 1],17.30000000000001,10,795.1999999999971,0.0,False,0
16,0,4,[2 1 3],781.3999999999978,0.5,0.5,0.2514354028554988,SI,[2 3 1],17.30000000000001,10,795.1999999999971,0.0,False,0
17,0,0,[2 1 3],781.3999999999978,0.5,0.5,0.4034382345499419,SI,[2 3 1],17.30000000000001,10,795.1999999999971,0.0,False,0
17,0,1,[2 1 3],781.3999999999978,0.5,0.5,0.08593568813437824,SI,[2 3 1],17.30000000000001,10,795.1999999999971,0.0,False,0
17,0,2,[2 1 3],781.3999999999978,0.5,0.5,0.35037481053171915,SI,[2 3 1],17.30000000000001,10,795.1999999999971,0.0,False,0
17,0,3,[2 1 3],781.3999999999978,0.5,0.5,0.4087036009481173,SI,[2 3 1],17.30000000000001,10,795.1999999999971,0.0,False,0
17,0,4,[2 1 3],781.3999999999978,0.5,0.5,0.37644025765856404,SI,[3 1 2],60.7,10,795.399999999976,0.0,False,0
18,0,0,[2 1 3],781.3999999999978,0.5,0.5,0.27036762980913587,SI,[2 3 1],17.30000000000001,10,795.1999999999971,0.0,False,0
18,0,1,[2 1 3],781.3999999999978,0.5,0.5,0.13338669659844127,SI,[2 3 1],17.30000000000001,10,795.1999999999971,0.0,False,0
18,0,2,[2 1 3],781.3999999999978,0.5,0.5,0.2673610199536467,SI,[2 3 1],17.30000000000001,10,795.1999999999971,0.0,False,0
18,0,3,[2 1 3],781.3999999999978,0.5,0.5,0.1984754342922892,SI,[2 3 1],17.30000000000001,10,795.1999999999971,0.0,False,0
18,0,4,[2 1 3],781.3999999999978,0.5,0.5,0.10062284467097171,SI,[2 3 1],17.30000000000001,10,795.1999999999971,0.0,False,0
19,0,0,[2 1 3],781.3999999999978,0.5,0.5,0.2584999915302437,SI,[2 3 1],17.30000000000001,10,795.1999999999971,0.0,False,0
19,0,1,[2 1 3],781.3999999999978,0.5,0.5,0.18863009406634823,SI,[2 3 1],17.30000000000001,10,795.1999999999971,0.0,False,0
19,0,2,[2 1 3],781.3999999999978,0.5,0.5,0.02676864907562415,SI,[2 3 1],17.30000000000001,10,795.1999999999971,0.0,False,0
19,0,3,[2 1 3],781.3999999999978,0.5,0.5,0.45751840139372857,SI,[2 3 1],17.30000000000001,10,795.1999999999971,0.0,False,0
19,0,4,[2 1 3],781.3999999999978,0.5,0.5,0.2611709410659476,SI,[2 3 1],17.30000000000001,10,795.1999999999971,0.0,False,0
20,0,0,[2 1 3],781.3999999999978,0.5,0.5,0.9196750887596317,MI,[3 1 2],60.7,10,795.399999999976,0.0,False,0
20,0,1,[2 1 3],781.3999999999978,0.5,0.5,0.4807969794463324,SI,[2 3 1],17.30000000000001,10,795.1999999999971,0.0,False,0
20,0,2,[2 1 3],781.3999999999978,0.5,0.5,0.1877364988421487,SI,[2 3 1],17.30000000000001,10,795.1999999999971,0.0,False,0
20,0,3,[2 1 3],781.3999999999978,0.5,0.5,0.077052767605167,SI,[2 3 1],17.30000000000001,10,795.1999999999971,0.0,False,0
20,0,4,[2 1 3],781.3999999999978,0.5,0.5,0.33435337413738075,SI,[2 3 1],17.30000000000001,10,795.1999999999971,0.0,False,0
21,0,0,[2 1 3],781.3999999999978,0.5,0.5,0.1293020034069946,SI,[2 3 1],17.30000000000001,10,795.1999999999971,0.0,False,0
21,0,1,[2 1 3],781.3999999999978,0.5,0.5,0.42186947524115104,SI,[2 3 1],17.30000000000001,10,795.1999999999971,0.0,False,0
21,0,2,[2 1 3],781.3999999999978,0.5,0.5,0.42804847429110626,SI,[2 3 1],17.30000000000001,10,795.1999999999971,0.0,False,0
21,0,3,[2 1 3],781.3999999999978,0.5,0.5,0.484614646396646,SI,[2 3 1],17.30000000000001,10,795.1999999999971,0.0,False,0
21,0,4,[2 1 3],781.3999999999978,0.5,0.5,0.5088213481801486,MI,[3 1 2],60.7,10,795.399999999976,0.0,False,0
22,0,0,[2 1 3],781.3999999999978,0.5,0.5,0.46061221989079737,SI,[2 3 1],17.30000000000001,10,795.1999999999971,0.0,False,0
22,0,1,[2 1 3],781.3999999999978,0.5,0.5,0.42270930036311705,SI,[2 3 1],17.30000000000001,10,795.1999999999971,0.0,False,0
22,0,2,[2 1 3],781.3999999999978,0.5,0.5,0.4743267513103051,SI,[2 3 1],17.30000000000001,10,795.1999999999971,0.0,False,0
22,0,3,[2 1 3],781.3999999999978,0.5,0.5,0.7567637241494161,MI,[3 1 2],60.7,10,795.399999999976,0.0,False,0
22,0,4,[2 1 3],781.3999999999978,0.5,0.5,0.43736946150943146,SI,[2 3 1],17.30000000000001,10,795.1999999999971,0.0,False,0
23,0,0,[2 1 3],781.3999999999978,0.5,0.5,0.4822281825373842,SI,[2 3 1],17.30000000000001,10,795.1999999999971,0.0,False,0
23,0,1,[2 1 3],781.3999999999978,0.5,0.5,0.022417476378250534,SI,[2 3 1],17.30000000000001,10,795.1999999999971,0.0,False,0
23,0,2,[2 1 3],781.3999999999978,0.5,0.5,0.2877487501610819,SI,[2 3 1],17.30000000000001,10,795.1999999999971,0.0,False,0
23,0,3,[2 1 3],781.3999999999978,0.5,0.5,0.11751711991116065,SI,[2 3 1],17.30000000000001,10,795.1999999999971,0.0,False,0
23,0,4,[2 1 3],781.3999999999978,0.5,0.5,0.3311803250681231,SI,[2 3 1],17.30000000000001,10,795.1999999999971,0.0,False,0
24,0,0,[2 1 3],781.3999999999978,0.5,0.5,0.45640091313792264,SI,[2 3 1],17.30000000000001,10,795.1999999999971,0.0,False,0
24,0,1,[2 1 3],781.3999999999978,0.5,0.5,0.2448896413837225,SI,[2 3 1],17.30000000000001,10,795.1999999999971,0.0,False,0
24,0,2,[2 1 3],781.3999999999978,0.5,0.5,0.15555355345657518,SI,[2 3 1],17.30000000000001,10,795.1999999999971,0.0,False,0
24,0,3,[2 1 3],781.3999999999978,0.5,0.5,0.36242267881432766,SI,[2 3 1],17.30000000000001,10,795.1999999999971,0.0,False,0
24,0,4,[2 1 3],781.3999999999978,0.5,0.5,0.022482768756418747,SI,[2 3 1],17.30000000000001,10,795.1999999999971,0.0,False,0
25,0,0,[2 1 3],781.3999999999978,0.5,0.5,0.4386785090057691,SI,[2 3 1],17.30000000000001,10,795.1999999999971,0.0,False,0
25,0,1,[2 1 3],781.3999999999978,0.5,0.5,0.6809063381082076,MI,[3 1 2],60.7,10,795.399999999976,0.0,False,0
25,0,2,[2 1 3],781.3999999999978,0.5,0.5,0.42812009988219224,SI,[2 3 1],17.30000000000001,10,795.1999999999971,0.0,False,0
25,0,3,[2 1 3],781.3999999999978,0.5,0.5,0.1166434776854004,SI,[2 3 1],17.30000000000001,10,795.1999999999971,0.0,False,0
25,0,4,[2 1 3],781.3999999999978,0.5,0.5,0.17054362664003864,SI,[2 3 1],17.30000000000001,10,795.1999999999971,0.0,False,0
26,0,0,[2 1 3],781.3999999999978,0.5,0.5,0.08926831663151735,SI,[2 3 1],17.30000000000001,10,795.1999999999971,0.0,False,0
26,0,1,[2 1 3],781.3999999999978,0.5,0.5,0.3762510911108963,SI,[2 3 1],17.30000000000001,10,795.1999999999971,0.0,False,0
26,0,2,[2 1 3],781.3999999999978,0.5,0.5,0.7270952444457107,MI,[3 1 2],60.7,10,795.399999999976,0.0,False,0
26,0,3,[2 1 3],781.3999999999978,0.5,0.5,0.23166246625873055,SI,[2 3 1],17.30000000000001,10,795.1999999999971,0.0,False,0
26,0,4,[2 1 3],781.3999999999978,0.5,0.5,0.21206783979074184,SI,[2 3 1],17.30000000000001,10,795.1999999999971,0.0,False,0
27,0,0,[2 1 3],781.3999999999978,0.5,0.5,0.13317409474747488,SI,[2 3 1],17.30000000000001,10,795.1999999999971,0.0,False,0
27,0,1,[2 1 3],781.3999999999978,0.5,0.5,0.4271448765491356,SI,[2 3 1],17.30000000000001,10,795.1999999999971,0.0,False,0
27,0,2,[2 1 3],781.3999999999978,0.5,0.5,0.5759311916119381,MI,[3 1 2],60.7,10,795.399999999976,0.0,False,0
27,0,3,[2 1 3],781.3999999999978,0.5,0.5,0.0560664612239864,SI,[2 3 1],17.30000000000001,10,795.1999999999971,0.0,False,0
27,0,4,[2 1 3],781.3999999999978,0.5,0.5,0.3009876413510356,SI,[2 3 1],17.30000000000001,10,795.1999999999971,0.0,False,0
28,0,0,[2 1 3],781.3999999999978,0.5,0.5,0.3740611877176532,SI,[2 3 1],17.30000000000001,10,795.1999999999971,0.0,False,0
28,0,1,[2 1 3],781.3999999999978,0.5,0.5,0.08725278384781332,SI,[2 3 1],17.30000000000001,10,795.1999999999971,0.0,False,0
28,0,2,[2 1 3],781.3999999999978,0.5,0.5,0.9652252122278419,MI,[3 1 2],60.7,10,795.399999999976,0.0,False,0
28,0,3,[2 1 3],781.3999999999978,0.5,0.5,0.44424695547305804,SI,[2 3 1],17.30000000000001,10,795.1999999999971,0.0,False,0
28,0,4,[2 1 3],781.3999999999978,0.5,0.5,0.6339825361980336,MI,[3 1 2],60.7,10,795.399999999976,0.0,False,0
29,0,0,[2 1 3],781.3999999999978,0.5,0.5,0.42894514303738385,SI,[2 3 1],17.30000000000001,10,795.1999999999971,0.0,False,0
29,0,1,[2 1 3],781.3999999999978,0.5,0.5,0.013880572058845186,SI,[2 3 1],17.30000000000001,10,795.1999999999971,0.0,False,0
29,0,2,[2 1 3],781.3999999999978,0.5,0.5,0.21536914933848605,SI,[2 3 1],17.30000000000001,10,795.1999999999971,0.0,False,0
29,0,3,[2 1 3],781.3999999999978,0.5,0.5,0.3252561051456815,SI,[2 3 1],17.30000000000001,10,795.1999999999971,0.0,False,0
29,0,4,[2 1 3],781.3999999999978,0.5,0.5,0.3052057943460822,SI,[2 3 1],17.30000000000001,10,795.1999999999971,0.0,False,0
30,0,0,[2 1 3],781.3999999999978,0.5,0.5,0.9018541553354256,MI,[3 1 2],60.7,10,795.399999999976,0.0,False,0
30,0,1,[2 1 3],781.3999999999978,0.5,0.5,0.3544660311202551,SI,[2 3 1],17.30000000000001,10,795.1999999999971,0.0,False,0
30,0,2,[2 1 3],781.3999999999978,0.5,0.5,0.2934482979876546,SI,[2 3 1],17.30000000000001,10,795.1999999999971,0.0,False,0
30,0,3,[2 1 3],781.3999999999978,0.5,0.5,0.33462214409786717,SI,[2 3 1],17.30000000000001,10,795.1999999999971,0.0,False,0
30,0,4,[2 1 3],781.3999999999978,0.5,0.5,0.27652245314005763,SI,[2 3 1],17.30000000000001,10,795.1999999999971,0.0,False,0
31,0,0,[2 1 3],781.3999999999978,0.5,0.5,0.24809193747745362,SI,[2 3 1],17.30000000000001,10,795.1999999999971,0.0,False,0
31,0,1,[2 1 3],781.3999999999978,0.5,0.5,0.009366000136901032,SI,[2 3 1],17.30000000000001,10,795.1999999999971,0.0,False,0
31,0,2,[2 1 3],781.3999999999978,0.5,0.5,0.2639865639236678,SI,[2 3 1],17.30000000000001,10,795.1999999999971,0.0,False,0
31,0,3,[2 1 3],781.3999999999978,0.5,0.5,0.14664234796028142,SI,[2 3 1],17.30000000000001,10,795.1999999999971,0.0,False,0
31,0,4,[2 1 3],781.3999999999978,0.5,0.5,0.28103659224540334,SI,[2 3 1],17.30000000000001,10,795.1999999999971,0.0,False,0
32,0,0,[2 1 3],781.3999999999978,0.5,0.5,0.398265964050164,SI,[2 3 1],17.30000000000001,10,795.1999999999971,0.0,False,0
32,0,1,[2 1 3],781.3999999999978,0.5,0.5,0.05266759751016503,SI,[2 3 1],17.30000000000001,10,795.1999999999971,0.0,False,0
32,0,2,[2 1 3],781.3999999999978,0.5,0.5,0.42873891187107427,SI,[2 3 1],17.30000000000001,10,795.1999999999971,0.0,False,0
32,0,3,[2 1 3],781.3999999999978,0.5,0.5,0.488133083317679,SI,[2 3 1],17.30000000000001,10,795.1999999999971,0.0,False,0
32,0,4,[2 1 3],781.3999999999978,0.5,0.5,0.010552427292737643,SI,[2 3 1],17.30000000000001,10,795.1999999999971,0.0,False,0
33,0,0,[2 1 3],781.3999999999978,0.5,0.5,0.32182524445551686,SI,[2 3 1],17.30000000000001,10,795.1999999999971,0.0,False,0
33,0,1,[2 1 3],781.3999999999978,0.5,0.5,0.4971630224061985,SI,[3 1 2],60.7,10,795.399999999976,0.0,False,0
33,0,2,[2 1 3],781.3999999999978,0.5,0.5,0.25767556514203016,SI,[2 3 1],17.30000000000001,10,795.1999999999971,0.0,False,0
33,0,3,[2 1 3],781.3999999999978,0.5,0.5,0.2511271517686793,SI,[2 3 1],17.30000000000001,10,795.1999999999971,0.0,False,0
33,0,4,[2 1 3],781.3999999999978,0.5,0.5,0.3464770569910146,SI,[2 3 1],17.30000000000001,10,795.1999999999971,0.0,False,0
34,0,0,[2 1 3],781.3999999999978,0.5,0.5,0.20297481577892318,SI,[2 3 1],17.30000000000001,10,795.1999999999971,0.0,False,0
34,0,1,[2 1 3],781.3999999999978,0.5,0.5,0.18283453673551475,SI,[2 3 1],17.30000000000001,10,795.1999999999971,0.0,False,0
34,0,2,[2 1 3],781.3999999999978,0.5,0.5,0.34250899059876994,SI,[2 3 1],17.30000000000001,10,795.1999999999971,0.0,False,0
34,0,3,[2 1 3],781.3999999999978,0.5,0.5,0.3805139265450399,SI,[2 3 1],17.30000000000001,10,795.1999999999971,0.0,False,0
34,0,4,[2 1 3],781.3999999999978,0.5,0.5,0.09811060546758466,SI,[2 3 1],17.30000000000001,10,795.1999999999971,0.0,False,0
35,0,0,[2 1 3],781.3999999999978,0.5,0.5,0.4350360499553625,SI,[2 3 1],17.30000000000001,10,795.1999999999971,0.0,False,0
35,0,1,[2 1 3],781.3999999999978,0.5,0.5,0.2689959270847557,SI,[2 3 1],17.30000000000001,10,795.1999999999971,0.0,False,0
35,0,2,[2 1 3],781.3999999999978,0.5,0.5,0.0452041071196192,SI,[2 3 1],17.30000000000001,10,795.1999999999971,0.0,False,0
35,0,3,[2 1 3],781.3999999999978,0.5,0.5,0.14090831539998017,SI,[2 3 1],17.30000000000001,10,795.1999999999971,0.0,False,0
35,0,4,[2 1 3],781.3999999999978,0.5,0.5,0.004588571352824755,SI,[2 3 1],17.30000000000001,10,795.1999999999971,0.0,False,0
36,0,0,[2 1 3],781.3999999999978,0.5,0.5,0.24024331440897329,SI,[2 3 1],17.30000000000001,10,795.1999999999971,0.0,False,0
36,0,1,[2 1 3],781.3999999999978,0.5,0.5,0.8030457768763509,MI,[3 1 2],60.7,10,795.399999999976,0.0,False,0
36,0,2,[2 1 3],781.3999999999978,0.5,0.5,0.03896072792448013,SI,[2 3 1],17.30000000000001,10,795.1999999999971,0.0,False,0
36,0,3,[2 1 3],781.3999999999978,0.5,0.5,0.23217436984932271,SI,[2 3 1],17.30000000000001,10,795.1999999999971,0.0,False,0
36,0,4,[2 1 3],781.3999999999978,0.5,0.5,0.3949680959313375,SI,[2 3 1],17.30000000000001,10,795.1999999999971,0.0,False,0
37,0,0,[2 1 3],781.3999999999978,0.5,0.5,0.37428564626029803,SI,[2 3 1],17.30000000000001,10,795.1999999999971,0.0,False,0
37,0,1,[2 1 3],781.3999999999978,0.5,0.5,0.06540746809370224,SI,[2 3 1],17.30000000000001,10,795.1999999999971,0.0,False,0
37,0,2,[2 1 3],781.3999999999978,0.5,0.5,0.23028599189829135,SI,[2 3 1],17.30000000000001,10,795.1999999999971,0.0,False,0
37,0,3,[2 1 3],781.3999999999978,0.5,0.5,0.12312607016339827,SI,[2 3 1],17.30000000000001,10,795.1999999999971,0.0,False,0
37,0,4,[2 1 3],781.3999999999978,0.5,0.5,0.39983068798964216,SI,[2 3 1],17.30000000000001,10,795.1999999999971,0.0,False,0
38,0,0,[2 1 3],781.3999999999978,0.5,0.5,0.3013878665515466,SI,[2 3 1],17.30000000000001,10,795.1999999999971,0.0,False,0
38,0,1,[2 1 3],781.3999999999978,0.5,0.5,0.45208116187950587,SI,[2 3 1],17.30000000000001,10,795.1999999999971,0.0,False,0
38,0,2,[2 1 3],781.3999999999978,0.5,0.5,0.41436419324321616,SI,[3 1 2],60.7,10,795.399999999976,0.0,False,0
38,0,3,[2 1 3],781.3999999999978,0.5,0.5,0.8278047876062549,MI,[3 1 2],60.7,10,795.399999999976,0.0,False,0
38,0,4,[2 1 3],781.3999999999978,0.5,0.5,0.9345198616783609,MI,[3 1 2],60.7,10,795.399999999976,0.0,False,0
39,0,0,[2 1 3],781.3999999999978,0.5,0.5,0.17672512089223735,SI,[2 3 1],17.30000000000001,10,795.1999999999971,0.0,False,0
39,0,1,[2 1 3],781.3999999999978,0.5,0.5,0.19152948718704943,SI,[2 3 1],17.30000000000001,10,795.1999999999971,0.0,False,0
39,0,2,[2 1 3],781.3999999999978,0.5,0.5,0.4398091577174087,SI,[2 3 1],17.30000000000001,10,795.1999999999971,0.0,False,0
39,0,3,[2 1 3],781.3999999999978,0.5,0.5,0.611694445954946,MI,[3 1 2],60.7,10,795.399999999976,0.0,False,0
39,0,4,[2 1 3],781.3999999999978,0.5,0.5,0.35733566932151817,SI,[2 3 1],17.30000000000001,10,795.1999999999971,0.0,False,0
40,0,0,[2 1 3],781.3999999999978,0.5,0.5,0.37759448708177523,SI,[2 3 1],17.30000000000001,10,795.1999999999971,0.0,False,0
40,0,1,[2 1 3],781.3999999999978,0.5,0.5,0.2714459545679987,SI,[2 3 1],17.30000000000001,10,795.1999999999971,0.0,False,0
40,0,2,[2 1 3],781.3999999999978,0.5,0.5,0.243457412092681,SI,[2 3 1],17.30000000000001,10,795.1999999999971,0.0,False,0
40,0,3,[2 1 3],781.3999999999978,0.5,0.5,0.015299856188806027,SI,[2 3 1],17.30000000000001,10,795.1999999999971,0.0,False,0
40,0,4,[2 1 3],781.3999999999978,0.5,0.5,0.8338662287384031,MI,[3 1 2],60.7,10,795.399999999976,0.0,False,0
41,0,0,[2 1 3],781.3999999999978,0.5,0.5,0.02454951876790723,SI,[2 3 1],17.30000000000001,10,795.1999999999971,0.0,False,0
41,0,1,[2 1 3],781.3999999999978,0.5,0.5,0.05435610317565498,SI,[2 3 1],17.30000000000001,10,795.1999999999971,0.0,False,0
41,0,2,[2 1 3],781.3999999999978,0.5,0.5,0.014272251054316398,SI,[2 3 1],17.30000000000001,10,795.1999999999971,0.0,False,0
41,0,3,[2 1 3],781.3999999999978,0.5,0.5,0.31169068068990824,SI,[2 3 1],17.30000000000001,10,795.1999999999971,0.0,False,0
41,0,4,[2 1 3],781.3999999999978,0.5,0.5,0.22438049262939508,SI,[2 3 1],17.30000000000001,10,795.1999999999971,0.0,False,0
42,0,0,[2 1 3],781.3999999999978,0.5,0.5,0.3303165285007802,SI,[2 3 1],17.30000000000001,10,795.1999999999971,0.0,False,0
42,0,1,[2 1 3],781.3999999999978,0.5,0.5,0.21739136090389444,SI,[2 3 1],17.30000000000001,10,795.1999999999971,0.0,False,0
42,0,2,[2 1 3],781.3999999999978,0.5,0.5,0.8207657110048384,MI,[3 1 2],60.7,10,795.399999999976,0.0,False,0
42,0,3,[2 1 3],781.3999999999978,0.5,0.5,0.19796965975300473,SI,[2 3 1],17.30000000000001,10,795.1999999999971,0.0,False,0
42,0,4,[2 1 3],781.3999999999978,0.5,0.5,0.28072840987532655,SI,[2 3 1],17.30000000000001,10,795.1999999999971,0.0,False,0
43,0,0,[2 1 3],781.3999999999978,0.5,0.5,0.8271423464878351,MI,[3 1 2],60.7,10,795.399999999976,0.0,False,0
43,0,1,[2 1 3],781.3999999999978,0.5,0.5,0.010702870558965016,SI,[2 3 1],17.30000000000001,10,795.1999999999971,0.0,False,0
43,0,2,[2 1 3],781.3999999999978,0.5,0.5,0.9436696560066764,MI,[3 1 2],60.7,10,795.399999999976,0.0,False,0
43,0,3,[2 1 3],781.3999999999978,0.5,0.5,0.9747507204033777,MI,[3 1 2],60.7,10,795.399999999976,0.0,False,0
43,0,4,[2 1 3],781.3999999999978,0.5,0.5,0.03402363909734096,SI,[2 3 1],17.30000000000001,10,795.1999999999971,0.0,False,0
44,0,0,[2 1 3],781.3999999999978,0.5,0.5,0.7671655241999303,MI,[3 1 2],60.7,10,795.399999999976,0.0,False,0
44,0,1,[2 1 3],781.3999999999978,0.5,0.5,0.14476113798560997,SI,[2 3 1],17.30000000000001,10,795.1999999999971,0.0,False,0
44,0,2,[2 1 3],781.3999999999978,0.5,0.5,0.4516653040578368,SI,[2 3 1],17.30000000000001,10,795.1999999999971,0.0,False,0
44,0,3,[2 1 3],781.3999999999978,0.5,0.5,0.3123034576134499,SI,[2 3 1],17.30000000000001,10,795.1999999999971,0.0,False,0
44,0,4,[2 1 3],781.3999999999978,0.5,0.5,0.0038926614725968145,SI,[2 3 1],17.30000000000001,10,795.1999999999971,0.0,False,0
45,0,0,[2 1 3],781.3999999999978,0.5,0.5,0.5688200616389986,MI,[3 1 2],60.7,10,795.399999999976,0.0,False,0
45,0,1,[2 1 3],781.3999999999978,0.5,0.5,0.27048713104729605,SI,[2 3 1],17.30000000000001,10,795.1999999999971,0.0,False,0
45,0,2,[2 1 3],781.3999999999978,0.5,0.5,0.34320438280182053,SI,[2 3 1],17.30000000000001,10,795.1999999999971,0.0,False,0
45,0,3,[2 1 3],781.3999999999978,0.5,0.5,0.3870766186677068,SI,[2 3 1],17.30000000000001,10,795.1999999999971,0.0,False,0
45,0,4,[2 1 3],781.3999999999978,0.5,0.5,0.15844218498164364,SI,[3 1 2],60.7,10,795.399999999976,0.0,False,0
46,0,0,[2 1 3],781.3999999999978,0.5,0.5,0.1871383967867687,SI,[2 3 1],17.30000000000001,10,795.1999999999971,0.0,False,0
46,0,1,[2 1 3],781.3999999999978,0.5,0.5,0.27948351142703665,SI,[2 3 1],17.30000000000001,10,795.1999999999971,0.0,False,0
46,0,2,[2 1 3],781.3999999999978,0.5,0.5,0.36444521017105436,SI,[2 3 1],17.30000000000001,10,795.1999999999971,0.0,False,0
46,0,3,[2 1 3],781.3999999999978,0.5,0.5,0.7268442046971636,MI,[3 1 2],60.7,10,795.399999999976,0.0,False,0
46,0,4,[2 1 3],781.3999999999978,0.5,0.5,0.33651616165538223,SI,[2 3 1],17.30000000000001,10,795.1999999999971,0.0,False,0
47,0,0,[2 1 3],781.3999999999978,0.5,0.5,0.24075476578287436,SI,[2 3 1],17.30000000000001,10,795.1999999999971,0.0,False,0
47,0,1,[2 1 3],781.3999999999978,0.5,0.5,0.23249890138575025,SI,[2 3 1],17.30000000000001,10,795.1999999999971,0.0,False,0
47,0,2,[2 1 3],781.3999999999978,0.5,0.5,0.5190814812586565,MI,[3 1 2],60.7,10,795.399999999976,0.0,False,0
47,0,3,[2 1 3],781.3999999999978,0.5,0.5,0.18244168920790982,SI,[2 3 1],17.30000000000001,10,795.1999999999971,0.0,False,0
47,0,4,[2 1 3],781.3999999999978,0.5,0.5,0.3709788945015777,SI,[2 3 1],17.30000000000001,10,795.1999999999971,0.0,False,0
48,0,0,[2 1 3],781.3999999999978,0.5,0.5,0.4468006496300452,SI,[2 3 1],17.30000000000001,10,795.1999999999971,0.0,False,0
48,0,1,[2 1 3],781.3999999999978,0.5,0.5,0.8000286589079055,MI,[3 1 2],60.7,10,795.399999999976,0.0,False,0
48,0,2,[2 1 3],781.3999999999978,0.5,0.5,0.43096693812891496,SI,[2 3 1],17.30000000000001,10,795.1999999999971,0.0,False,0
48,0,3,[2 1 3],781.3999999999978,0.5,0.5,0.05319575401054044,SI,[3 1 2],60.7,10,795.399999999976,0.0,False,0
48,0,4,[2 1 3],781.3999999999978,0.5,0.5,0.24874166739929726,SI,[2 3 1],17.30000000000001,10,795.1999999999971,0.0,False,0
49,0,0,[2 1 3],781.3999999999978,0.5,0.5,0.16564327083402197,SI,[2 3 1],17.30000000000001,10,795.1999999999971,0.0,False,0
49,0,1,[2 1 3],781.3999999999978,0.5,0.5,0.22189426086952224,SI,[2 3 1],17.30000000000001,10,795.1999999999971,0.0,False,0
49,0,2,[2 1 3],781.3999999999978,0.5,0.5,0.3441385477247837,SI,[2 3 1],17.30000000000001,10,795.1999999999971,0.0,False,0
49,0,3,[2 1 3],781.3999999999978,0.5,0.5,0.029633459997966405,SI,[2 3 1],17.30000000000001,10,795.1999999999971,0.0,False,0
49,0,4,[2 1 3],781.3999999999978,0.5,0.5,0.7152906487509904,MI,[3 1 2],60.7,10,795.399999999976,0.0,False,0
50,0,0,[2 1 3],781.3999999999978,0.5,0.5,0.3069339799608449,SI,[2 3 1],17.30000000000001,10,795.1999999999971,0.0,False,0
50,0,1,[2 1 3],781.3999999999978,0.5,0.5,0.1622865687220718,SI,[2 3 1],17.30000000000001,10,795.1999999999971,0.0,False,0
50,0,2,[2 1 3],781.3999999999978,0.5,0.5,0.0212648767452861,SI,[2 3 1],17.30000000000001,10,795.1999999999971,0.0,False,0
50,0,3,[2 1 3],781.3999999999978,0.5,0.5,0.39777532944016736,SI,[2 3 1],17.30000000000001,10,795.1999999999971,0.0,False,0
50,0,4,[2 1 3],781.3999999999978,0.5,0.5,0.45973324990661313,SI,[2 3 1],17.30000000000001,10,795.1999999999971,0.0,False,0
0,0,0,[1 2],576.7999999999993,0.5,0.5,0.02508432509648073,SI,[2 1],-26.80000000000001,10,636.8999999999905,0.0,False,1
0,0,1,[1 2],576.7999999999993,0.5,0.5,0.04193032893681825,SI,[2 1],-26.80000000000001,10,636.8999999999905,0.0,False,1
0,0,2,[1 2],576.7999999999993,0.5,0.5,0.3595332945108951,SI,[2 1],-26.80000000000001,10,636.8999999999905,0.0,False,1
0,0,3,[1 2],576.7999999999993,0.5,0.5,0.0507859018434228,SI,[2 1],-26.80000000000001,10,636.8999999999905,0.0,False,1
0,0,4,[1 2],576.7999999999993,0.5,0.5,0.16503749313688154,SI,[2 1],-26.80000000000001,10,636.8999999999905,0.0,False,1
1,0,0,[1 2],576.7999999999993,0.5,0.5,0.16202097862434595,SI,[2 1],-26.80000000000001,10,636.8999999999905,0.0,False,1
1,0,1,[1 2],576.7999999999993,0.5,0.5,0.219414509563307,SI,[2 1],-26.80000000000001,10,636.8999999999905,0.0,False,1
1,0,2,[1 2],576.7999999999993,0.5,0.5,0.0792437686753854,SI,[2 1],-26.80000000000001,10,636.8999999999905,0.0,False,1
1,0,3,[1 2],576.7999999999993,0.5,0.5,0.18695570627570535,SI,[2 1],-26.80000000000001,10,636.8999999999905,0.0,False,1
1,0,4,[1 2],576.7999999999993,0.5,0.5,0.27989269856275456,SI,[2 1],-26.80000000000001,10,636.8999999999905,0.0,False,1
2,0,0,[1 2],576.7999999999993,0.5,0.5,0.2498711720027481,SI,[2 1],-26.80000000000001,10,636.8999999999905,0.0,False,1
2,0,1,[1 2],576.7999999999993,0.5,0.5,0.371325246842111,SI,[2 1],-26.80000000000001,10,636.8999999999905,0.0,False,1
2,0,2,[1 2],576.7999999999993,0.5,0.5,0.47916309646360244,SI,[2 1],-26.80000000000001,10,636.8999999999905,0.0,False,1
2,0,3,[1 2],576.7999999999993,0.5,0.5,0.10548405418013895,SI,[2 1],-26.80000000000001,10,636.8999999999905,0.0,False,1
2,0,4,[1 2],576.7999999999993,0.5,0.5,0.4404308471102242,SI,[2 1],-26.80000000000001,10,636.8999999999905,0.0,False,1
3,0,0,[1 2],576.7999999999993,0.5,0.5,0.23809409365719947,SI,[2 1],-26.80000000000001,10,636.8999999999905,0.0,False,1
3,0,1,[1 2],576.7999999999993,0.5,0.5,0.030837215715314392,SI,[2 1],-26.80000000000001,10,636.8999999999905,0.0,False,1
3,0,2,[1 2],576.7999999999993,0.5,0.5,0.08362652424248618,SI,[2 1],-26.80000000000001,10,636.8999999999905,0.0,False,1
3,0,3,[1 2],576.7999999999993,0.5,0.5,0.10175795685151123,SI,[2 1],-26.80000000000001,10,636.8999999999905,0.0,False,1
3,0,4,[1 2],576.7999999999993,0.5,0.5,0.24187683351936162,SI,[2 1],-26.80000000000001,10,636.8999999999905,0.0,False,1
4,0,0,[1 2],576.7999999999993,0.5,0.5,0.3163481470595101,SI,[2 1],-26.80000000000001,10,636.8999999999905,0.0,False,1
4,0,1,[1 2],576.7999999999993,0.5,0.5,0.38286731859926326,SI,[2 1],-26.80000000000001,10,636.8999999999905,0.0,False,1
4,0,2,[1 2],576.7999999999993,0.5,0.5,0.49417743462428576,SI,[2 1],-26.80000000000001,10,636.8999999999905,0.0,False,1
4,0,3,[1 2],576.7999999999993,0.5,0.5,0.2612213707065655,SI,[2 1],-26.80000000000001,10,636.8999999999905,0.0,False,1
4,0,4,[1 2],576.7999999999993,0.5,0.5,0.03370386144450288,SI,[2 1],-26.80000000000001,10,636.8999999999905,0.0,False,1
5,0,0,[1 2],576.7999999999993,0.5,0.5,0.1861408868686214,SI,[2 1],-26.80000000000001,10,636.8999999999905,0.0,False,1
5,0,1,[1 2],576.7999999999993,0.5,0.5,0.25316046033425255,SI,[2 1],-26.80000000000001,10,636.8999999999905,0.0,False,1
5,0,2,[1 2],576.7999999999993,0.5,0.5,0.07056568170158639,SI,[2 1],-26.80000000000001,10,636.8999999999905,0.0,False,1
5,0,3,[1 2],576.7999999999993,0.5,0.5,0.14835359222931355,SI,[2 1],-26.80000000000001,10,636.8999999999905,0.0,False,1
5,0,4,[1 2],576.7999999999993,0.5,0.5,0.13603647587372214,SI,[2 1],-26.80000000000001,10,636.8999999999905,0.0,False,1
6,0,0,[1 2],576.7999999999993,0.5,0.5,0.475236949999963,SI,[2 1],-26.80000000000001,10,636.8999999999905,0.0,False,1
6,0,1,[1 2],576.7999999999993,0.5,0.5,0.22011079601454497,SI,[2 1],-26.80000000000001,10,636.8999999999905,0.0,False,1
6,0,2,[1 2],576.7999999999993,0.5,0.5,0.12416743802543884,SI,[2 1],-26.80000000000001,10,636.8999999999905,0.0,False,1
6,0,3,[1 2],576.7999999999993,0.5,0.5,0.10645219074588708,SI,[2 1],-26.80000000000001,10,636.8999999999905,0.0,False,1
6,0,4,[1 2],576.7999999999993,0.5,0.5,0.44033641537301893,SI,[2 1],-26.80000000000001,10,636.8999999999905,0.0,False,1
7,0,0,[1 2],576.7999999999993,0.5,0.5,0.3717333376517916,SI,[2 1],-26.80000000000001,10,636.8999999999905,0.0,False,1
7,0,1,[1 2],576.7999999999993,0.5,0.5,0.0067829981522999905,SI,[2 1],-26.80000000000001,10,636.8999999999905,0.0,False,1
7,0,2,[1 2],576.7999999999993,0.5,0.5,0.4129864900130775,SI,[2 1],-26.80000000000001,10,636.8999999999905,0.0,False,1
7,0,3,[1 2],576.7999999999993,0.5,0.5,0.26070152672252256,SI,[2 1],-26.80000000000001,10,636.8999999999905,0.0,False,1
7,0,4,[1 2],576.7999999999993,0.5,0.5,0.17385201199246292,SI,[2 1],-26.80000000000001,10,636.8999999999905,0.0,False,1
8,0,0,[1 2],576.7999999999993,0.5,0.5,0.4264369364291096,SI,[2 1],-26.80000000000001,10,636.8999999999905,0.0,False,1
8,0,1,[1 2],576.7999999999993,0.5,0.5,0.31615139736898645,SI,[2 1],-26.80000000000001,10,636.8999999999905,0.0,False,1
8,0,2,[1 2],576.7999999999993,0.5,0.5,0.03523434592928931,SI,[2 1],-26.80000000000001,10,636.8999999999905,0.0,False,1
8,0,3,[1 2],576.7999999999993,0.5,0.5,0.1595900635657711,SI,[2 1],-26.80000000000001,10,636.8999999999905,0.0,False,1
8,0,4,[1 2],576.7999999999993,0.5,0.5,0.47407232671867017,SI,[2 1],-26.80000000000001,10,636.8999999999905,0.0,False,1
9,0,0,[1 2],576.7999999999993,0.5,0.5,0.09023531922140515,SI,[2 1],-26.80000000000001,10,636.8999999999905,0.0,False,1
9,0,1,[1 2],576.7999999999993,0.5,0.5,0.2777086888747331,SI,[2 1],-26.80000000000001,10,636.8999999999905,0.0,False,1
9,0,2,[1 2],576.7999999999993,0.5,0.5,0.46362929723135227,SI,[2 1],-26.80000000000001,10,636.8999999999905,0.0,False,1
9,0,3,[1 2],576.7999999999993,0.5,0.5,0.4949616410951211,SI,[2 1],-26.80000000000001,10,636.8999999999905,0.0,False,1
9,0,4,[1 2],576.7999999999993,0.5,0.5,0.49464428282765815,SI,[2 1],-26.80000000000001,10,636.8999999999905,0.0,False,1
10,0,0,[1 2],576.7999999999993,0.5,0.5,0.1665650004773518,SI,[2 1],-26.80000000000001,10,636.8999999999905,0.0,False,1
10,0,1,[1 2],576.7999999999993,0.5,0.5,0.10527837577760002,SI,[2 1],-26.80000000000001,10,636.8999999999905,0.0,False,1
10,0,2,[1 2],576.7999999999993,0.5,0.5,0.33064723001124763,SI,[2 1],-26.80000000000001,10,636.8999999999905,0.0,False,1
10,0,3,[1 2],576.7999999999993,0.5,0.5,0.35706952977627215,SI,[2 1],-26.80000000000001,10,636.8999999999905,0.0,False,1
10,0,4,[1 2],576.7999999999993,0.5,0.5,0.4020587069244653,SI,[2 1],-26.80000000000001,10,636.8999999999905,0.0,False,1
11,0,0,[1 2],576.7999999999993,0.5,0.5,0.45183182416877243,SI,[2 1],-26.80000000000001,10,636.8999999999905,0.0,False,1
11,0,1,[1 2],576.7999999999993,0.5,0.5,0.3058338212905808,SI,[2 1],-26.80000000000001,10,636.8999999999905,0.0,False,1
11,0,2,[1 2],576.7999999999993,0.5,0.5,0.07848909389530745,SI,[2 1],-26.80000000000001,10,636.8999999999905,0.0,False,1
11,0,3,[1 2],576.7999999999993,0.5,0.5,0.04354700437077852,SI,[2 1],-26.80000000000001,10,636.8999999999905,0.0,False,1
11,0,4,[1 2],576.7999999999993,0.5,0.5,0.1264439770301674,SI,[2 1],-26.80000000000001,10,636.8999999999905,0.0,False,1
12,0,0,[1 2],576.7999999999993,0.5,0.5,0.10543070354665873,SI,[2 1],-26.80000000000001,10,636.8999999999905,0.0,False,1
12,0,1,[1 2],576.7999999999993,0.5,0.5,0.4049775538551166,SI,[2 1],-26.80000000000001,10,636.8999999999905,0.0,False,1
12,0,2,[1 2],576.7999999999993,0.5,0.5,0.28318095454663006,SI,[2 1],-26.80000000000001,10,636.8999999999905,0.0,False,1
12,0,3,[1 2],576.7999999999993,0.5,0.5,0.2636076775000832,SI,[2 1],-26.80000000000001,10,636.8999999999905,0.0,False,1
12,0,4,[1 2],576.7999999999993,0.5,0.5,0.1294275947029332,SI,[2 1],-26.80000000000001,10,636.8999999999905,0.0,False,1
13,0,0,[1 2],576.7999999999993,0.5,0.5,0.10202731212545413,SI,[2 1],-26.80000000000001,10,636.8999999999905,0.0,False,1
13,0,1,[1 2],576.7999999999993,0.5,0.5,0.27839316666180636,SI,[2 1],-26.80000000000001,10,636.8999999999905,0.0,False,1
13,0,2,[1 2],576.7999999999993,0.5,0.5,0.3161624046095506,SI,[2 1],-26.80000000000001,10,636.8999999999905,0.0,False,1
13,0,3,[1 2],576.7999999999993,0.5,0.5,0.1803501097982566,SI,[2 1],-26.80000000000001,10,636.8999999999905,0.0,False,1
13,0,4,[1 2],576.7999999999993,0.5,0.5,0.34420430108843925,SI,[2 1],-26.80000000000001,10,636.8999999999905,0.0,False,1
14,0,0,[1 2],576.7999999999993,0.5,0.5,0.441776072369258,SI,[2 1],-26.80000000000001,10,636.8999999999905,0.0,False,1
14,0,1,[1 2],576.7999999999993,0.5,0.5,0.10127049239251329,SI,[2 1],-26.80000000000001,10,636.8999999999905,0.0,False,1
14,0,2,[1 2],576.7999999999993,0.5,0.5,0.01010644925006532,SI,[2 1],-26.80000000000001,10,636.8999999999905,0.0,False,1
14,0,3,[1 2],576.7999999999993,0.5,0.5,0.13822591287222397,SI,[2 1],-26.80000000000001,10,636.8999999999905,0.0,False,1
14,0,4,[1 2],576.7999999999993,0.5,0.5,0.06608878955468289,SI,[2 1],-26.80000000000001,10,636.8999999999905,0.0,False,1
15,0,0,[1 2],576.7999999999993,0.5,0.5,0.06221725300356318,SI,[2 1],-26.80000000000001,10,636.8999999999905,0.0,False,1
15,0,1,[1 2],576.7999999999993,0.5,0.5,0.4116795963376897,SI,[2 1],-26.80000000000001,10,636.8999999999905,0.0,False,1
15,0,2,[1 2],576.7999999999993,0.5,0.5,0.1035114230062113,SI,[2 1],-26.80000000000001,10,636.8999999999905,0.0,False,1
15,0,3,[1 2],576.7999999999993,0.5,0.5,0.22431805456691079,SI,[2 1],-26.80000000000001,10,636.8999999999905,0.0,False,1
15,0,4,[1 2],576.7999999999993,0.5,0.5,0.4634411807003219,SI,[2 1],-26.80000000000001,10,636.8999999999905,0.0,False,1
16,0,0,[1 2],576.7999999999993,0.5,0.5,0.14996825777852507,SI,[2 1],-26.80000000000001,10,636.8999999999905,0.0,False,1
16,0,1,[1 2],576.7999999999993,0.5,0.5,0.22463208687031921,SI,[2 1],-26.80000000000001,10,636.8999999999905,0.0,False,1
16,0,2,[1 2],576.7999999999993,0.5,0.5,0.0615465403850739,SI,[2 1],-26.80000000000001,10,636.8999999999905,0.0,False,1
16,0,3,[1 2],576.7999999999993,0.5,0.5,0.3741658450541251,SI,[2 1],-26.80000000000001,10,636.8999999999905,0.0,False,1
16,0,4,[1 2],576.7999999999993,0.5,0.5,0.24676891700740589,SI,[2 1],-26.80000000000001,10,636.8999999999905,0.0,False,1
17,0,0,[1 2],576.7999999999993,0.5,0.5,0.08445230456387309,SI,[2 1],-26.80000000000001,10,636.8999999999905,0.0,False,1
17,0,1,[1 2],576.7999999999993,0.5,0.5,0.20409534463494505,SI,[2 1],-26.80000000000001,10,636.8999999999905,0.0,False,1
17,0,2,[1 2],576.7999999999993,0.5,0.5,0.37206355459094353,SI,[2 1],-26.80000000000001,10,636.8999999999905,0.0,False,1
17,0,3,[1 2],576.7999999999993,0.5,0.5,0.13846501119605736,SI,[2 1],-26.80000000000001,10,636.8999999999905,0.0,False,1
17,0,4,[1 2],576.7999999999993,0.5,0.5,0.281710269302754,SI,[2 1],-26.80000000000001,10,636.8999999999905,0.0,False,1
18,0,0,[1 2],576.7999999999993,0.5,0.5,0.33029285089092486,SI,[2 1],-26.80000000000001,10,636.8999999999905,0.0,False,1
18,0,1,[1 2],576.7999999999993,0.5,0.5,0.03228614545532016,SI,[2 1],-26.80000000000001,10,636.8999999999905,0.0,False,1
18,0,2,[1 2],576.7999999999993,0.5,0.5,0.29864273419586784,SI,[2 1],-26.80000000000001,10,636.8999999999905,0.0,False,1
18,0,3,[1 2],576.7999999999993,0.5,0.5,0.08202338580790924,SI,[2 1],-26.80000000000001,10,636.8999999999905,0.0,False,1
18,0,4,[1 2],576.7999999999993,0.5,0.5,0.12580238250375053,SI,[2 1],-26.80000000000001,10,636.8999999999905,0.0,False,1
19,0,0,[1 2],576.7999999999993,0.5,0.5,0.08128009762976174,SI,[2 1],-26.80000000000001,10,636.8999999999905,0.0,False,1
19,0,1,[1 2],576.7999999999993,0.5,0.5,0.43443711226205606,SI,[2 1],-26.80000000000001,10,636.8999999999905,0.0,False,1
19,0,2,[1 2],576.7999999999993,0.5,0.5,0.31161445521649944,SI,[2 1],-26.80000000000001,10,636.8999999999905,0.0,False,1
19,0,3,[1 2],576.7999999999993,0.5,0.5,0.2502175284894952,SI,[2 1],-26.80000000000001,10,636.8999999999905,0.0,False,1
19,0,4,[1 2],576.7999999999993,0.5,0.5,0.2671083931759779,SI,[2 1],-26.80000000000001,10,636.8999999999905,0.0,False,1
20,0,0,[1 2],576.7999999999993,0.5,0.5,0.24544135603463424,SI,[2 1],-26.80000000000001,10,636.8999999999905,0.0,False,1
20,0,1,[1 2],576.7999999999993,0.5,0.5,0.0306527499659921,SI,[2 1],-26.80000000000001,10,636.8999999999905,0.0,False,1
20,0,2,[1 2],576.7999999999993,0.5,0.5,0.14012757639130957,SI,[2 1],-26.80000000000001,10,636.8999999999905,0.0,False,1
20,0,3,[1 2],576.7999999999993,0.5,0.5,0.24764344275369066,SI,[2 1],-26.80000000000001,10,636.8999999999905,0.0,False,1
20,0,4,[1 2],576.7999999999993,0.5,0.5,0.24920649840123632,SI,[2 1],-26.80000000000001,10,636.8999999999905,0.0,False,1
21,0,0,[1 2],576.7999999999993,0.5,0.5,0.13875951183313584,SI,[2 1],-26.80000000000001,10,636.8999999999905,0.0,False,1
21,0,1,[1 2],576.7999999999993,0.5,0.5,0.20154932833648764,SI,[2 1],-26.80000000000001,10,636.8999999999905,0.0,False,1
21,0,2,[1 2],576.7999999999993,0.5,0.5,0.0826856059218476,SI,[2 1],-26.80000000000001,10,636.8999999999905,0.0,False,1
21,0,3,[1 2],576.7999999999993,0.5,0.5,0.3212697548040304,SI,[2 1],-26.80000000000001,10,636.8999999999905,0.0,False,1
21,0,4,[1 2],576.7999999999993,0.5,0.5,0.013086065802543345,SI,[2 1],-26.80000000000001,10,636.8999999999905,0.0,False,1
22,0,0,[1 2],576.7999999999993,0.5,0.5,0.26010194019423116,SI,[2 1],-26.80000000000001,10,636.8999999999905,0.0,False,1
22,0,1,[1 2],576.7999999999993,0.5,0.5,0.44954801459031124,SI,[2 1],-26.80000000000001,10,636.8999999999905,0.0,False,1
22,0,2,[1 2],576.7999999999993,0.5,0.5,0.23628174948549363,SI,[2 1],-26.80000000000001,10,636.8999999999905,0.0,False,1
22,0,3,[1 2],576.7999999999993,0.5,0.5,0.22641945198164048,SI,[2 1],-26.80000000000001,10,636.8999999999905,0.0,False,1
22,0,4,[1 2],576.7999999999993,0.5,0.5,0.4725986509611304,SI,[2 1],-26.80000000000001,10,636.8999999999905,0.0,False,1
23,0,0,[1 2],576.7999999999993,0.5,0.5,0.39690198922894127,SI,[2 1],-26.80000000000001,10,636.8999999999905,0.0,False,1
23,0,1,[1 2],576.7999999999993,0.5,0.5,0.4288514679919203,SI,[2 1],-26.80000000000001,10,636.8999999999905,0.0,False,1
23,0,2,[1 2],576.7999999999993,0.5,0.5,0.011054684287521432,SI,[2 1],-26.80000000000001,10,636.8999999999905,0.0,False,1
23,0,3,[1 2],576.7999999999993,0.5,0.5,0.44038367762907205,SI,[2 1],-26.80000000000001,10,636.8999999999905,0.0,False,1
23,0,4,[1 2],576.7999999999993,0.5,0.5,0.040104745136659736,SI,[2 1],-26.80000000000001,10,636.8999999999905,0.0,False,1
24,0,0,[1 2],576.7999999999993,0.5,0.5,0.05629753603020249,SI,[2 1],-26.80000000000001,10,636.8999999999905,0.0,False,1
24,0,1,[1 2],576.7999999999993,0.5,0.5,0.4922030508191475,SI,[2 1],-26.80000000000001,10,636.8999999999905,0.0,False,1
24,0,2,[1 2],576.7999999999993,0.5,0.5,0.23976652361197526,SI,[2 1],-26.80000000000001,10,636.8999999999905,0.0,False,1
24,0,3,[1 2],576.7999999999993,0.5,0.5,0.10873206545831371,SI,[2 1],-26.80000000000001,10,636.8999999999905,0.0,False,1
24,0,4,[1 2],576.7999999999993,0.5,0.5,0.10254823725478812,SI,[2 1],-26.80000000000001,10,636.8999999999905,0.0,False,1
25,0,0,[1 2],576.7999999999993,0.5,0.5,0.13609873808942663,SI,[2 1],-26.80000000000001,10,636.8999999999905,0.0,False,1
25,0,1,[1 2],576.7999999999993,0.5,0.5,0.21564276390929338,SI,[2 1],-26.80000000000001,10,636.8999999999905,0.0,False,1
25,0,2,[1 2],576.7999999999993,0.5,0.5,0.16485649623183718,SI,[2 1],-26.80000000000001,10,636.8999999999905,0.0,False,1
25,0,3,[1 2],576.7999999999993,0.5,0.5,0.2728715546002377,SI,[2 1],-26.80000000000001,10,636.8999999999905,0.0,False,1
25,0,4,[1 2],576.7999999999993,0.5,0.5,0.3368686626541758,SI,[2 1],-26.80000000000001,10,636.8999999999905,0.0,False,1
26,0,0,[1 2],576.7999999999993,0.5,0.5,0.4791886874671344,SI,[2 1],-26.80000000000001,10,636.8999999999905,0.0,False,1
26,0,1,[1 2],576.7999999999993,0.5,0.5,0.31959405072610714,SI,[2 1],-26.80000000000001,10,636.8999999999905,0.0,False,1
26,0,2,[1 2],576.7999999999993,0.5,0.5,0.14056779254144314,SI,[2 1],-26.80000000000001,10,636.8999999999905,0.0,False,1
26,0,3,[1 2],576.7999999999993,0.5,0.5,0.04317547628271823,SI,[2 1],-26.80000000000001,10,636.8999999999905,0.0,False,1
26,0,4,[1 2],576.7999999999993,0.5,0.5,0.18640007293257932,SI,[2 1],-26.80000000000001,10,636.8999999999905,0.0,False,1
27,0,0,[1 2],576.7999999999993,0.5,0.5,0.30652148736963514,SI,[2 1],-26.80000000000001,10,636.8999999999905,0.0,False,1
27,0,1,[1 2],576.7999999999993,0.5,0.5,0.4050779611412535,SI,[2 1],-26.80000000000001,10,636.8999999999905,0.0,False,1
27,0,2,[1 2],576.7999999999993,0.5,0.5,0.08084437389491672,SI,[2 1],-26.80000000000001,10,636.8999999999905,0.0,False,1
27,0,3,[1 2],576.7999999999993,0.5,0.5,0.34262189392993436,SI,[2 1],-26.80000000000001,10,636.8999999999905,0.0,False,1
27,0,4,[1 2],576.7999999999993,0.5,0.5,0.2746299274046423,SI,[2 1],-26.80000000000001,10,636.8999999999905,0.0,False,1
28,0,0,[1 2],576.7999999999993,0.5,0.5,0.0760013481317181,SI,[2 1],-26.80000000000001,10,636.8999999999905,0.0,False,1
28,0,1,[1 2],576.7999999999993,0.5,0.5,0.4298418740555727,SI,[2 1],-26.80000000000001,10,636.8999999999905,0.0,False,1
28,0,2,[1 2],576.7999999999993,0.5,0.5,0.4630574824136322,SI,[2 1],-26.80000000000001,10,636.8999999999905,0.0,False,1
28,0,3,[1 2],576.7999999999993,0.5,0.5,0.24982903798483713,SI,[2 1],-26.80000000000001,10,636.8999999999905,0.0,False,1
28,0,4,[1 2],576.7999999999993,0.5,0.5,0.27760424219271185,SI,[2 1],-26.80000000000001,10,636.8999999999905,0.0,False,1
29,0,0,[1 2],576.7999999999993,0.5,0.5,0.48864280226750945,SI,[2 1],-26.80000000000001,10,636.8999999999905,0.0,False,1
29,0,1,[1 2],576.7999999999993,0.5,0.5,0.4286936912796272,SI,[2 1],-26.80000000000001,10,636.8999999999905,0.0,False,1
29,0,2,[1 2],576.7999999999993,0.5,0.5,0.09626072947643127,SI,[2 1],-26.80000000000001,10,636.8999999999905,0.0,False,1
29,0,3,[1 2],576.7999999999993,0.5,0.5,0.15479447834546012,SI,[2 1],-26.80000000000001,10,636.8999999999905,0.0,False,1
29,0,4,[1 2],576.7999999999993,0.5,0.5,0.18541461021179895,SI,[2 1],-26.80000000000001,10,636.8999999999905,0.0,False,1
30,0,0,[1 2],576.7999999999993,0.5,0.5,0.250255299386661,SI,[2 1],-26.80000000000001,10,636.8999999999905,0.0,False,1
30,0,1,[1 2],576.7999999999993,0.5,0.5,0.2420712963405175,SI,[2 1],-26.80000000000001,10,636.8999999999905,0.0,False,1
30,0,2,[1 2],576.7999999999993,0.5,0.5,0.1295666260627386,SI,[2 1],-26.80000000000001,10,636.8999999999905,0.0,False,1
30,0,3,[1 2],576.7999999999993,0.5,0.5,0.11271523799415029,SI,[2 1],-26.80000000000001,10,636.8999999999905,0.0,False,1
30,0,4,[1 2],576.7999999999993,0.5,0.5,0.18947322132881783,SI,[2 1],-26.80000000000001,10,636.8999999999905,0.0,False,1
31,0,0,[1 2],576.7999999999993,0.5,0.5,0.2620678984090048,SI,[2 1],-26.80000000000001,10,636.8999999999905,0.0,False,1
31,0,1,[1 2],576.7999999999993,0.5,0.5,0.47915278457321686,SI,[2 1],-26.80000000000001,10,636.8999999999905,0.0,False,1
31,0,2,[1 2],576.7999999999993,0.5,0.5,0.28730838107526924,SI,[2 1],-26.80000000000001,10,636.8999999999905,0.0,False,1
31,0,3,[1 2],576.7999999999993,0.5,0.5,0.19278432734200257,SI,[2 1],-26.80000000000001,10,636.8999999999905,0.0,False,1
31,0,4,[1 2],576.7999999999993,0.5,0.5,0.20452185768300069,SI,[2 1],-26.80000000000001,10,636.8999999999905,0.0,False,1
32,0,0,[1 2],576.7999999999993,0.5,0.5,0.38268983752675156,SI,[2 1],-26.80000000000001,10,636.8999999999905,0.0,False,1
32,0,1,[1 2],576.7999999999993,0.5,0.5,0.2745271296539006,SI,[2 1],-26.80000000000001,10,636.8999999999905,0.0,False,1
32,0,2,[1 2],576.7999999999993,0.5,0.5,0.1358602658218655,SI,[2 1],-26.80000000000001,10,636.8999999999905,0.0,False,1
32,0,3,[1 2],576.7999999999993,0.5,0.5,0.45827382893715496,SI,[2 1],-26.80000000000001,10,636.8999999999905,0.0,False,1
32,0,4,[1 2],576.7999999999993,0.5,0.5,0.051703539531510745,SI,[2 1],-26.80000000000001,10,636.8999999999905,0.0,False,1
33,0,0,[1 2],576.7999999999993,0.5,0.5,0.47792867823095386,SI,[2 1],-26.80000000000001,10,636.8999999999905,0.0,False,1
33,0,1,[1 2],576.7999999999993,0.5,0.5,0.05180458314277481,SI,[2 1],-26.80000000000001,10,636.8999999999905,0.0,False,1
33,0,2,[1 2],576.7999999999993,0.5,0.5,0.22214135241993616,SI,[2 1],-26.80000000000001,10,636.8999999999905,0.0,False,1
33,0,3,[1 2],576.7999999999993,0.5,0.5,0.022842158883253028,SI,[2 1],-26.80000000000001,10,636.8999999999905,0.0,False,1
33,0,4,[1 2],576.7999999999993,0.5,0.5,0.26305619552652093,SI,[2 1],-26.80000000000001,10,636.8999999999905,0.0,False,1
34,0,0,[1 2],576.7999999999993,0.5,0.5,0.3851001758920741,SI,[2 1],-26.80000000000001,10,636.8999999999905,0.0,False,1
34,0,1,[1 2],576.7999999999993,0.5,0.5,0.01054865855218945,SI,[2 1],-26.80000000000001,10,636.8999999999905,0.0,False,1
34,0,2,[1 2],576.7999999999993,0.5,0.5,0.029516529914888734,SI,[2 1],-26.80000000000001,10,636.8999999999905,0.0,False,1
34,0,3,[1 2],576.7999999999993,0.5,0.5,0.08512225719236832,SI,[2 1],-26.80000000000001,10,636.8999999999905,0.0,False,1
34,0,4,[1 2],576.7999999999993,0.5,0.5,0.08778887579856665,SI,[2 1],-26.80000000000001,10,636.8999999999905,0.0,False,1
35,0,0,[1 2],576.7999999999993,0.5,0.5,0.4993370860876738,SI,[2 1],-26.80000000000001,10,636.8999999999905,0.0,False,1
35,0,1,[1 2],576.7999999999993,0.5,0.5,0.4578046422286858,SI,[2 1],-26.80000000000001,10,636.8999999999905,0.0,False,1
35,0,2,[1 2],576.7999999999993,0.5,0.5,0.34934822217551353,SI,[2 1],-26.80000000000001,10,636.8999999999905,0.0,False,1
35,0,3,[1 2],576.7999999999993,0.5,0.5,0.24402799298217526,SI,[2 1],-26.80000000000001,10,636.8999999999905,0.0,False,1
35,0,4,[1 2],576.7999999999993,0.5,0.5,0.12146677599383626,SI,[2 1],-26.80000000000001,10,636.8999999999905,0.0,False,1
36,0,0,[1 2],576.7999999999993,0.5,0.5,0.36360208718415743,SI,[2 1],-26.80000000000001,10,636.8999999999905,0.0,False,1
36,0,1,[1 2],576.7999999999993,0.5,0.5,0.07079829949733396,SI,[2 1],-26.80000000000001,10,636.8999999999905,0.0,False,1
36,0,2,[1 2],576.7999999999993,0.5,0.5,0.3897917460309417,SI,[2 1],-26.80000000000001,10,636.8999999999905,0.0,False,1
36,0,3,[1 2],576.7999999999993,0.5,0.5,0.2900164056532606,SI,[2 1],-26.80000000000001,10,636.8999999999905,0.0,False,1
36,0,4,[1 2],576.7999999999993,0.5,0.5,0.3486936159521693,SI,[2 1],-26.80000000000001,10,636.8999999999905,0.0,False,1
37,0,0,[1 2],576.7999999999993,0.5,0.5,0.2207262813770242,SI,[2 1],-26.80000000000001,10,636.8999999999905,0.0,False,1
37,0,1,[1 2],576.7999999999993,0.5,0.5,0.23253843883035863,SI,[2 1],-26.80000000000001,10,636.8999999999905,0.0,False,1
37,0,2,[1 2],576.7999999999993,0.5,0.5,0.14187371792807424,SI,[2 1],-26.80000000000001,10,636.8999999999905,0.0,False,1
37,0,3,[1 2],576.7999999999993,0.5,0.5,0.4868347379875242,SI,[2 1],-26.80000000000001,10,636.8999999999905,0.0,False,1
37,0,4,[1 2],576.7999999999993,0.5,0.5,0.420652342999029,SI,[2 1],-26.80000000000001,10,636.8999999999905,0.0,False,1
38,0,0,[1 2],576.7999999999993,0.5,0.5,0.30451313260235346,SI,[2 1],-26.80000000000001,10,636.8999999999905,0.0,False,1
38,0,1,[1 2],576.7999999999993,0.5,0.5,0.29458673985395334,SI,[2 1],-26.80000000000001,10,636.8999999999905,0.0,False,1
38,0,2,[1 2],576.7999999999993,0.5,0.5,0.022096710464504787,SI,[2 1],-26.80000000000001,10,636.8999999999905,0.0,False,1
38,0,3,[1 2],576.7999999999993,0.5,0.5,0.404980284670047,SI,[2 1],-26.80000000000001,10,636.8999999999905,0.0,False,1
38,0,4,[1 2],576.7999999999993,0.5,0.5,0.23891017862232788,SI,[2 1],-26.80000000000001,10,636.8999999999905,0.0,False,1
39,0,0,[1 2],576.7999999999993,0.5,0.5,0.03999806893973379,SI,[2 1],-26.80000000000001,10,636.8999999999905,0.0,False,1
39,0,1,[1 2],576.7999999999993,0.5,0.5,0.13718646098598264,SI,[2 1],-26.80000000000001,10,636.8999999999905,0.0,False,1
39,0,2,[1 2],576.7999999999993,0.5,0.5,0.20101614788691757,SI,[2 1],-26.80000000000001,10,636.8999999999905,0.0,False,1
39,0,3,[1 2],576.7999999999993,0.5,0.5,0.4220488152347417,SI,[2 1],-26.80000000000001,10,636.8999999999905,0.0,False,1
39,0,4,[1 2],576.7999999999993,0.5,0.5,0.30190734202568914,SI,[2 1],-26.80000000000001,10,636.8999999999905,0.0,False,1
40,0,0,[1 2],576.7999999999993,0.5,0.5,0.47030006991280904,SI,[2 1],-26.80000000000001,10,636.8999999999905,0.0,False,1
40,0,1,[1 2],576.7999999999993,0.5,0.5,0.15033328348086616,SI,[2 1],-26.80000000000001,10,636.8999999999905,0.0,False,1
40,0,2,[1 2],576.7999999999993,0.5,0.5,0.26979720048457057,SI,[2 1],-26.80000000000001,10,636.8999999999905,0.0,False,1
40,0,3,[1 2],576.7999999999993,0.5,0.5,0.29373038810871444,SI,[2 1],-26.80000000000001,10,636.8999999999905,0.0,False,1
40,0,4,[1 2],576.7999999999993,0.5,0.5,0.3944286129124486,SI,[2 1],-26.80000000000001,10,636.8999999999905,0.0,False,1
41,0,0,[1 2],576.7999999999993,0.5,0.5,0.17056369700232954,SI,[2 1],-26.80000000000001,10,636.8999999999905,0.0,False,1
41,0,1,[1 2],576.7999999999993,0.5,0.5,0.4285795570958688,SI,[2 1],-26.80000000000001,10,636.8999999999905,0.0,False,1
41,0,2,[1 2],576.7999999999993,0.5,0.5,0.24136586462375953,SI,[2 1],-26.80000000000001,10,636.8999999999905,0.0,False,1
41,0,3,[1 2],576.7999999999993,0.5,0.5,0.41672066862558144,SI,[2 1],-26.80000000000001,10,636.8999999999905,0.0,False,1
41,0,4,[1 2],576.7999999999993,0.5,0.5,0.07140211142956365,SI,[2 1],-26.80000000000001,10,636.8999999999905,0.0,False,1
42,0,0,[1 2],576.7999999999993,0.5,0.5,0.0023609717003280073,SI,[2 1],-26.80000000000001,10,636.8999999999905,0.0,False,1
42,0,1,[1 2],576.7999999999993,0.5,0.5,0.014821256603396504,SI,[2 1],-26.80000000000001,10,636.8999999999905,0.0,False,1
42,0,2,[1 2],576.7999999999993,0.5,0.5,0.44877202760640367,SI,[2 1],-26.80000000000001,10,636.8999999999905,0.0,False,1
42,0,3,[1 2],576.7999999999993,0.5,0.5,0.39573626234218917,SI,[2 1],-26.80000000000001,10,636.8999999999905,0.0,False,1
42,0,4,[1 2],576.7999999999993,0.5,0.5,0.11797564383965098,SI,[2 1],-26.80000000000001,10,636.8999999999905,0.0,False,1
43,0,0,[1 2],576.7999999999993,0.5,0.5,0.24416018261841388,SI,[2 1],-26.80000000000001,10,636.8999999999905,0.0,False,1
43,0,1,[1 2],576.7999999999993,0.5,0.5,0.33561239127423603,SI,[2 1],-26.80000000000001,10,636.8999999999905,0.0,False,1
43,0,2,[1 2],576.7999999999993,0.5,0.5,0.4608994025360388,SI,[2 1],-26.80000000000001,10,636.8999999999905,0.0,False,1
43,0,3,[1 2],576.7999999999993,0.5,0.5,0.09853079903182027,SI,[2 1],-26.80000000000001,10,636.8999999999905,0.0,False,1
43,0,4,[1 2],576.7999999999993,0.5,0.5,0.005011802760627515,SI,[2 1],-26.80000000000001,10,636.8999999999905,0.0,False,1
44,0,0,[1 2],576.7999999999993,0.5,0.5,0.1488880056532964,SI,[2 1],-26.80000000000001,10,636.8999999999905,0.0,False,1
44,0,1,[1 2],576.7999999999993,0.5,0.5,0.14202542690077624,SI,[2 1],-26.80000000000001,10,636.8999999999905,0.0,False,1
44,0,2,[1 2],576.7999999999993,0.5,0.5,0.11057231295801329,SI,[2 1],-26.80000000000001,10,636.8999999999905,0.0,False,1
44,0,3,[1 2],576.7999999999993,0.5,0.5,0.4641740240896777,SI,[2 1],-26.80000000000001,10,636.8999999999905,0.0,False,1
44,0,4,[1 2],576.7999999999993,0.5,0.5,0.1922397951207928,SI,[2 1],-26.80000000000001,10,636.8999999999905,0.0,False,1
45,0,0,[1 2],576.7999999999993,0.5,0.5,0.3409299876375659,SI,[2 1],-26.80000000000001,10,636.8999999999905,0.0,False,1
45,0,1,[1 2],576.7999999999993,0.5,0.5,0.4436796567752921,SI,[2 1],-26.80000000000001,10,636.8999999999905,0.0,False,1
45,0,2,[1 2],576.7999999999993,0.5,0.5,0.22646826656231822,SI,[2 1],-26.80000000000001,10,636.8999999999905,0.0,False,1
45,0,3,[1 2],576.7999999999993,0.5,0.5,0.33232502128517305,SI,[2 1],-26.80000000000001,10,636.8999999999905,0.0,False,1
45,0,4,[1 2],576.7999999999993,0.5,0.5,0.3501091303884055,SI,[2 1],-26.80000000000001,10,636.8999999999905,0.0,False,1
46,0,0,[1 2],576.7999999999993,0.5,0.5,0.34787656528540123,SI,[2 1],-26.80000000000001,10,636.8999999999905,0.0,False,1
46,0,1,[1 2],576.7999999999993,0.5,0.5,0.38491052664325,SI,[2 1],-26.80000000000001,10,636.8999999999905,0.0,False,1
46,0,2,[1 2],576.7999999999993,0.5,0.5,0.42764907955697484,SI,[2 1],-26.80000000000001,10,636.8999999999905,0.0,False,1
46,0,3,[1 2],576.7999999999993,0.5,0.5,0.016674716088840635,SI,[2 1],-26.80000000000001,10,636.8999999999905,0.0,False,1
46,0,4,[1 2],576.7999999999993,0.5,0.5,0.42381634400723,SI,[2 1],-26.80000000000001,10,636.8999999999905,0.0,False,1
47,0,0,[1 2],576.7999999999993,0.5,0.5,0.46327948157891863,SI,[2 1],-26.80000000000001,10,636.8999999999905,0.0,False,1
47,0,1,[1 2],576.7999999999993,0.5,0.5,0.4267276862680486,SI,[2 1],-26.80000000000001,10,636.8999999999905,0.0,False,1
47,0,2,[1 2],576.7999999999993,0.5,0.5,0.2942241238811739,SI,[2 1],-26.80000000000001,10,636.8999999999905,0.0,False,1
47,0,3,[1 2],576.7999999999993,0.5,0.5,0.3735647048815611,SI,[2 1],-26.80000000000001,10,636.8999999999905,0.0,False,1
47,0,4,[1 2],576.7999999999993,0.5,0.5,0.004058721643645069,SI,[2 1],-26.80000000000001,10,636.8999999999905,0.0,False,1
48,0,0,[1 2],576.7999999999993,0.5,0.5,0.48087423816232366,SI,[2 1],-26.80000000000001,10,636.8999999999905,0.0,False,1
48,0,1,[1 2],576.7999999999993,0.5,0.5,0.01802971734808123,SI,[2 1],-26.80000000000001,10,636.8999999999905,0.0,False,1
48,0,2,[1 2],576.7999999999993,0.5,0.5,0.37782061456931804,SI,[2 1],-26.80000000000001,10,636.8999999999905,0.0,False,1
48,0,3,[1 2],576.7999999999993,0.5,0.5,0.03406462751444461,SI,[2 1],-26.80000000000001,10,636.8999999999905,0.0,False,1
48,0,4,[1 2],576.7999999999993,0.5,0.5,0.059031297701024554,SI,[2 1],-26.80000000000001,10,636.8999999999905,0.0,False,1
49,0,0,[1 2],576.7999999999993,0.5,0.5,0.41406438883043384,SI,[2 1],-26.80000000000001,10,636.8999999999905,0.0,False,1
49,0,1,[1 2],576.7999999999993,0.5,0.5,0.24682954416458747,SI,[2 1],-26.80000000000001,10,636.8999999999905,0.0,False,1
49,0,2,[1 2],576.7999999999993,0.5,0.5,0.23399145995581383,SI,[2 1],-26.80000000000001,10,636.8999999999905,0.0,False,1
49,0,3,[1 2],576.7999999999993,0.5,0.5,0.47259183629965884,SI,[2 1],-26.80000000000001,10,636.8999999999905,0.0,False,1
49,0,4,[1 2],576.7999999999993,0.5,0.5,0.39842482735250595,SI,[2 1],-26.80000000000001,10,636.8999999999905,0.0,False,1
50,0,0,[1 2],576.7999999999993,0.5,0.5,0.17616058225081987,SI,[2 1],-26.80000000000001,10,636.8999999999905,0.0,False,1
50,0,1,[1 2],576.7999999999993,0.5,0.5,0.37405625630313777,SI,[2 1],-26.80000000000001,10,636.8999999999905,0.0,False,1
50,0,2,[1 2],576.7999999999993,0.5,0.5,0.2656637534885895,SI,[2 1],-26.80000000000001,10,636.8999999999905,0.0,False,1
50,0,3,[1 2],576.7999999999993,0.5,0.5,0.18183451132562856,SI,[2 1],-26.80000000000001,10,636.8999999999905,0.0,False,1
50,0,4,[1 2],576.7999999999993,0.5,0.5,0.15604682795297808,SI,[2 1],-26.80000000000001,10,636.8999999999905,0.0,False,1
0,4,0,[2 3 5 1 4],3151.9000000000124,0.5,0.5,0.09258765533569102,SI,[4 1 5 3 2],-134.20000000000005,10,4290.000000000018,0.0,False,2
0,4,1,[2 3 5 1 4],3151.9000000000124,0.5,0.5,0.7399096602921091,MI,[2 4 1 5 3],-97.69999999999999,10,4094.80000000001,0.0,False,2
0,4,2,[2 3 5 1 4],3151.9000000000124,0.5,0.5,0.05081621155183025,SI,[4 1 5 3 2],-134.20000000000005,10,4290.000000000018,0.0,False,2
0,4,3,[2 3 5 1 4],3151.9000000000124,0.5,0.5,0.557333566844523,MI,[4 1 5 3 2],-134.20000000000005,10,4290.000000000018,0.0,False,2
0,4,4,[2 3 5 1 4],3151.9000000000124,0.5,0.5,0.5671401741721996,MI,[4 1 5 3 2],-134.20000000000005,10,4290.000000000018,0.0,False,2
1,0,0,[3 1 4 2 5],3068.1999999999534,0.5,0.5,0.45779044817813686,SI,[3 1 4 5 2],-321.80000000000007,10,2761.5999999999804,0.09992829672119735,True,2
1,0,1,[3 1 4 5 2],2761.5999999999804,0.5,0.5,0.42880123636771017,SI,[5 4 1 3 2],22.799999999999955,10,4543.400000000009,0.0,False,2
1,0,2,[3 1 4 5 2],2761.5999999999804,0.5,0.5,0.9268327568591334,MI,[3 5 4 1 2],35.299999999999955,10,3735.199999999986,0.0,False,2
1,0,3,[3 1 4 5 2],2761.5999999999804,0.5,0.5,0.7148516229850083,MI,[5 4 1 3 2],22.799999999999955,10,4543.400000000009,0.0,False,2
1,0,4,[3 1 4 5 2],2761.5999999999804,0.5,0.5,0.5403038922134928,MI,[5 4 1 3 2],22.799999999999955,10,4543.400000000009,0.0,False,2
2,0,0,[3 1 4 5 2],2761.5999999999804,0.504946980502507,0.4950530194974929,0.007766225423231021,SI,[5 4 1 3 2],22.799999999999955,10,4543.400000000009,0.0,False,2
2,0,1,[3 1 4 5 2],2761.5999999999804,0.504946980502507,0.4950530194974929,0.52364875488544,MI,[5 4 1 3 2],22.799999999999955,10,4543.400000000009,0.0,False,2
2,0,2,[3 1 4 5 2],2761.5999999999804,0.504946980502507,0.4950530194974929,0.7990017863431129,MI,[5 4 1 3 2],22.799999999999955,10,4543.400000000009,0.0,False,2
2,0,3,[3 1 4 5 2],2761.5999999999804,0.504946980502507,0.4950530194974929,0.927437636408176,MI,[5 4 1 3 2],22.799999999999955,10,4543.400000000009,0.0,False,2
2,0,4,[3 1 4 5 2],2761.5999999999804,0.504946980502507,0.4950530194974929,0.3486081420044971,SI,[2 5 4 1 3],57.30000000000001,10,4209.000000000036,0.0,False,2
3,0,0,[3 1 4 5 2],2761.5999999999804,0.5049469805025071,0.495053019497493,0.4545078771676071,SI,[3 5 4 1 2],35.299999999999955,10,3735.199999999986,0.0,False,2
3,0,1,[3 1 4 5 2],2761.5999999999804,0.5049469805025071,0.495053019497493,0.9725233842418752,MI,[5 4 1 3 2],22.799999999999955,10,4543.400000000009,0.0,False,2
3,0,2,[3 1 4 5 2],2761.5999999999804,0.5049469805025071,0.495053019497493,0.13586819249447013,SI,[5 4 1 3 2],22.799999999999955,10,4543.400000000009,0.0,False,2
3,0,3,[3 1 4 5 2],2761.5999999999804,0.5049469805025071,0.495053019497493,0.030694425209358833,SI,[3 5 4 1 2],35.299999999999955,10,3735.199999999986,0.0,False,2
3,0,4,[3 1 4 5 2],2761.5999999999804,0.5049469805025071,0.495053019497493,0.8923741786885714,MI,[5 4 1 3 2],22.799999999999955,10,4543.400000000009,0.0,False,2
4,0,0,[3 1 4 5 2],2761.5999999999804,0.5049469805025071,0.495053019497493,0.9947524884866633,MI,[3 5 4 1 2],35.299999999999955,10,3735.199999999986,0.0,False,2
4,0,1,[3 1 4 5 2],2761.5999999999804,0.5049469805025071,0.495053019497493,0.9366705856574508,MI,[5 4 1 3 2],22.799999999999955,10,4543.400000000009,0.0,False,2
4,0,2,[3 1 4 5 2],2761.5999999999804,0.5049469805025071,0.495053019497493,0.9448099373110833,MI,[3 5 4 1 2],35.299999999999955,10,3735.199999999986,0.0,False,2
4,0,3,[3 1 4 5 2],2761.5999999999804,0.5049469805025071,0.495053019497493,0.9181423778681336,MI,[5 4 1 3 2],22.799999999999955,10,4543.400000000009,0.0,False,2
4,0,4,[3 1 4 5 2],2761.5999999999804,0.5049469805025071,0.495053019497493,0.9657239084301302,MI,[5 4 1 3 2],22.799999999999955,10,4543.400000000009,0.0,False,2
5,0,0,[3 1 4 5 2],2761.5999999999804,0.5049469805025071,0.495053019497493,0.6971906163219481,MI,[5 4 1 3 2],22.799999999999955,10,4543.400000000009,0.0,False,2
5,0,1,[3 1 4 5 2],2761.5999999999804,0.5049469805025071,0.495053019497493,0.24268073606738627,SI,[5 4 1 3 2],22.799999999999955,10,4543.400000000009,0.0,False,2
5,0,2,[3 1 4 5 2],2761.5999999999804,0.5049469805025071,0.495053019497493,0.015827825124929307,SI,[5 4 1 3 2],22.799999999999955,10,4543.400000000009,0.0,False,2
5,0,3,[3 1 4 5 2],2761.5999999999804,0.5049469805025071,0.495053019497493,0.15828995366370546,SI,[5 4 1 3 2],22.799999999999955,10,4543.400000000009,0.0,False,2
5,0,4,[3 1 4 5 2],2761.5999999999804,0.5049469805025071,0.495053019497493,0.8911709438964406,MI,[5 4 1 3 2],22.799999999999955,10,4543.400000000009,0.0,False,2
6,0,0,[3 1 4 5 2],2761.5999999999804,0.5049469805025071,0.495053019497493,0.8959780454682129,MI,[5 4 1 3 2],22.799999999999955,10,4543.400000000009,0.0,False,2
6,0,1,[3 1 4 5 2],2761.5999999999804,0.5049469805025071,0.495053019497493,0.7050049304527332,MI,[5 4 1 3 2],22.799999999999955,10,4543.400000000009,0.0,False,2
6,0,2,[3 1 4 5 2],2761.5999999999804,0.5049469805025071,0.495053019497493,0.2365636257239736,SI,[5 4 1 3 2],22.799999999999955,10,4543.400000000009,0.0,False,2
6,0,3,[3 1 4 5 2],2761.5999999999804,0.5049469805025071,0.495053019497493,0.5079803931754103,MI,[5 4 1 3 2],22.799999999999955,10,4543.400000000009,0.0,False,2
6,0,4,[3 1 4 5 2],2761.5999999999804,0.5049469805025071,0.495053019497493,0.050963473756610034,SI,[5 4 1 3 2],22.799999999999955,10,4543.400000000009,0.0,False,2
7,0,0,[3 1 4 5 2],2761.5999999999804,0.5049469805025071,0.495053019497493,0.85574586427008,MI,[5 4 1 3 2],22.799999999999955,10,4543.400000000009,0.0,False,2
7,0,1,[3 1 4 5 2],2761.5999999999804,0.5049469805025071,0.495053019497493,0.1812328834068886,SI,[3 5 4 1 2],35.299999999999955,10,3735.199999999986,0.0,False,2
7,0,2,[3 1 4 5 2],2761.5999999999804,0.5049469805025071,0.495053019497493,0.7791499338344099,MI,[5 4 1 3 2],22.799999999999955,10,4543.400000000009,0.0,False,2
7,0,3,[3 1 4 5 2],2761.5999999999804,0.5049469805025071,0.495053019497493,0.6501074243959502,MI,[5 4 1 3 2],22.799999999999955,10,4543.400000000009,0.0,False,2
7,0,4,[3 1 4 5 2],2761.5999999999804,0.5049469805025071,0.495053019497493,0.932744895980556,MI,[3 5 4 1 2],35.299999999999955,10,3735.199999999986,0.0,False,2
8,0,0,[3 1 4 5 2],2761.5999999999804,0.5049469805025071,0.495053019497493,0.878718308650392,MI,[5 4 1 3 2],22.799999999999955,10,4543.400000000009,0.0,False,2
8,0,1,[3 1 4 5 2],2761.5999999999804,0.5049469805025071,0.495053019497493,0.7284952805665298,MI,[5 4 1 3 2],22.799999999999955,10,4543.400000000009,0.0,False,2
8,0,2,[3 1 4 5 2],2761.5999999999804,0.5049469805025071,0.495053019497493,0.9921198009395048,MI,[2 5 4 1 3],57.30000000000001,10,4209.000000000036,0.0,False,2
8,0,3,[3 1 4 5 2],2761.5999999999804,0.5049469805025071,0.495053019497493,0.03915815072449791,SI,[5 4 1 3 2],22.799999999999955,10,4543.400000000009,0.0,False,2
8,0,4,[3 1 4 5 2],2761.5999999999804,0.5049469805025071,0.495053019497493,0.8203502528494089,MI,[5 4 1 3 2],22.799999999999955,10,4543.400000000009,0.0,False,2
9,0,0,[3 1 4 5 2],2761.5999999999804,0.5049469805025071,0.495053019497493,0.9208495043603666,MI,[3 5 4 1 2],35.299999999999955,10,3735.199999999986,0.0,False,2
9,0,1,[3 1 4 5 2],2761.5999999999804,0.5049469805025071,0.495053019497493,0.601864848073015,MI,[3 5 4 1 2],35.299999999999955,10,3735.199999999986,0.0,False,2
9,0,2,[3 1 4 5 2],2761.5999999999804,0.5049469805025071,0.495053019497493,0.7373521664843752,MI,[5 4 1 3 2],22.799999999999955,10,4543.400000000009,0.0,False,2
9,0,3,[3 1 4 5 2],2761.5999999999804,0.5049469805025071,0.495053019497493,0.3267770173252237,SI,[3 5 4 1 2],35.299999999999955,10,3735.199999999986,0.0,False,2
9,0,4,[3 1 4 5 2],2761.5999999999804,0.5049469805025071,0.495053019497493,0.004198437185622517,SI,[5 4 1 3 2],22.799999999999955,10,4543.400000000009,0.0,False,2
10,0,0,[3 1 4 5 2],2761.5999999999804,0.5049469805025071,0.495053019497493,0.5717407658967938,MI,[5 4 1 3 2],22.799999999999955,10,4543.400000000009,0.0,False,2
10,0,1,[3 1 4 5 2],2761.5999999999804,0.5049469805025071,0.495053019497493,0.8687318755970649,MI,[5 4 1 3 2],22.799999999999955,10,4543.400000000009,0.0,False,2
10,0,2,[3 1 4 5 2],2761.5999999999804,0.5049469805025071,0.495053019497493,0.3677646345436707,SI,[5 4 1 3 2],22.799999999999955,10,4543.400000000009,0.0,False,2
10,0,3,[3 1 4 5 2],2761.5999999999804,0.5049469805025071,0.495053019497493,0.45965101451790846,SI,[5 4 1 3 2],22.799999999999955,10,4543.400000000009,0.0,False,2
10,0,4,[3 1 4 5 2],2761.5999999999804,0.5049469805025071,0.495053019497493,0.02989759470633413,SI,[5 4 1 3 2],22.799999999999955,10,4543.400000000009,0.0,False,2
11,0,0,[3 1 4 5 2],2761.5999999999804,0.5049469805025071,0.495053019497493,0.9898092334220816,MI,[5 4 1 3 2],22.799999999999955,10,4543.400000000009,0.0,False,2
11,0,1,[3 1 4 5 2],2761.5999999999804,0.5049469805025071,0.495053019497493,0.6042173332746616,MI,[5 4 1 3 2],22.799999999999955,10,4543.400000000009,0.0,False,2
11,0,2,[3 1 4 5 2],2761.5999999999804,0.5049469805025071,0.495053019497493,0.5948231041969142,MI,[5 4 1 3 2],22.799999999999955,10,4543.400000000009,0.0,False,2
11,0,3,[3 1 4 5 2],2761.5999999999804,0.5049469805025071,0.495053019497493,0.9437112120130762,MI,[2 5 4 1 3],57.30000000000001,10,4209.000000000036,0.0,False,2
11,0,4,[3 1 4 5 2],2761.5999999999804,0.5049469805025071,0.495053019497493,0.2329010177319043,SI,[5 4 1 3 2],22.799999999999955,10,4543.400000000009,0.0,False,2
12,0,0,[3 1 4 5 2],2761.5999999999804,0.5049469805025071,0.495053019497493,0.2296024890883367,SI,[3 5 4 1 2],35.299999999999955,10,3735.199999999986,0.0,False,2
12,0,1,[3 1 4 5 2],2761.5999999999804,0.5049469805025071,0.495053019497493,0.6703296250084781,MI,[5 4 1 3 2],22.799999999999955,10,4543.400000000009,0.0,False,2
12,0,2,[3 1 4 5 2],2761.5999999999804,0.5049469805025071,0.495053019497493,0.03673954779523381,SI,[5 4 1 3 2],22.799999999999955,10,4543.400000000009,0.0,False,2
12,0,3,[3 1 4 5 2],2761.5999999999804,0.5049469805025071,0.495053019497493,0.09309124760932785,SI,[5 4 1 3 2],22.799999999999955,10,4543.400000000009,0.0,False,2
12,0,4,[3 1 4 5 2],2761.5999999999804,0.5049469805025071,0.495053019497493,0.39720251835473486,SI,[3 5 4 1 2],35.299999999999955,10,3735.199999999986,0.0,False,2
13,0,0,[3 1 4 5 2],2761.5999999999804,0.5049469805025071,0.495053019497493,0.5120926246846677,MI,[5 4 1 3 2],22.799999999999955,10,4543.400000000009,0.0,False,2
13,0,1,[3 1 4 5 2],2761.5999999999804,0.5049469805025071,0.495053019497493,0.7030303194592115,MI,[5 4 1 3 2],22.799999999999955,10,4543.400000000009,0.0,False,2
13,0,2,[3 1 4 5 2],2761.5999999999804,0.5049469805025071,0.495053019497493,0.9362348269082461,MI,[5 4 1 3 2],22.799999999999955,10,4543.400000000009,0.0,False,2
13,0,3,[3 1 4 5 2],2761.5999999999804,0.5049469805025071,0.495053019497493,0.26455578700205307,SI,[5 4 1 3 2],22.799999999999955,10,4543.400000000009,0.0,False,2
13,0,4,[3 1 4 5 2],2761.5999999999804,0.5049469805025071,0.495053019497493,0.3671211831700373,SI,[5 4 1 3 2],22.799999999999955,10,4543.400000000009,0.0,False,2
14,0,0,[3 1 4 5 2],2761.5999999999804,0.5049469805025071,0.495053019497493,0.03589891121989652,SI,[5 4 1 3 2],22.799999999999955,10,4543.400000000009,0.0,False,2
14,0,1,[3 1 4 5 2],2761.5999999999804,0.5049469805025071,0.495053019497493,0.321339948388213,SI,[5 4 1 3 2],22.799999999999955,10,4543.400000000009,0.0,False,2
14,0,2,[3 1 4 5 2],2761.5999999999804,0.5049469805025071,0.495053019497493,0.045566443496560805,SI,[5 4 1 3 2],22.799999999999955,10,4543.400000000009,0.0,False,2
14,0,3,[3 1 4 5 2],2761.5999999999804,0.5049469805025071,0.495053019497493,0.9636849391756759,MI,[3 5 4 1 2],35.299999999999955,10,3735.199999999986,0.0,False,2
14,0,4,[3 1 4 5 2],2761.5999999999804,0.5049469805025071,0.495053019497493,0.3305862338733472,SI,[5 4 1 3 2],22.799999999999955,10,4543.400000000009,0.0,False,2
15,0,0,[3 1 4 5 2],2761.5999999999804,0.5049469805025071,0.495053019497493,0.9648601425095163,MI,[3 5 4 1 2],35.299999999999955,10,3735.199999999986,0.0,False,2
15,0,1,[3 1 4 5 2],2761.5999999999804,0.5049469805025071,0.495053019497493,0.9006395566041434,MI,[5 4 1 3 2],22.799999999999955,10,4543.400000000009,0.0,False,2
15,0,2,[3 1 4 5 2],2761.5999999999804,0.5049469805025071,0.495053019497493,0.589154194600345,MI,[5 4 1 3 2],22.799999999999955,10,4543.400000000009,0.0,False,2
15,0,3,[3 1 4 5 2],2761.5999999999804,0.5049469805025071,0.495053019497493,0.22383927433219797,SI,[5 4 1 3 2],22.799999999999955,10,4543.400000000009,0.0,False,2
15,0,4,[3 1 4 5 2],2761.5999999999804,0.5049469805025071,0.495053019497493,0.45068073235258876,SI,[2 5 4 1 3],57.30000000000001,10,4209.000000000036,0.0,False,2
16,0,0,[3 1 4 5 2],2761.5999999999804,0.5049469805025071,0.495053019497493,0.8871570860834582,MI,[5 4 1 3 2],22.799999999999955,10,4543.400000000009,0.0,False,2
16,0,1,[3 1 4 5 2],2761.5999999999804,0.5049469805025071,0.495053019497493,0.7937557836331994,MI,[3 5 4 1 2],35.299999999999955,10,3735.199999999986,0.0,False,2
16,0,2,[3 1 4 5 2],2761.5999999999804,0.5049469805025071,0.495053019497493,0.9867781184666936,MI,[5 4 1 3 2],22.799999999999955,10,4543.400000000009,0.0,False,2
16,0,3,[3 1 4 5 2],2761.5999999999804,0.5049469805025071,0.495053019497493,0.8192279436519012,MI,[5 4 1 3 2],22.799999999999955,10,4543.400000000009,0.0,False,2
16,0,4,[3 1 4 5 2],2761.5999999999804,0.5049469805025071,0.495053019497493,0.9867946624147184,MI,[5 4 1 3 2],22.799999999999955,10,4543.400000000009,0.0,False,2
17,0,0,[3 1 4 5 2],2761.5999999999804,0.5049469805025071,0.495053019497493,0.6009335505644768,MI,[3 5 4 1 2],35.299999999999955,10,3735.199999999986,0.0,False,2
17,0,1,[3 1 4 5 2],2761.5999999999804,0.5049469805025071,0.495053019497493,0.03386013570969837,SI,[5 4 1 3 2],22.799999999999955,10,4543.400000000009,0.0,False,2
17,0,2,[3 1 4 5 2],2761.5999999999804,0.5049469805025071,0.495053019497493,0.7756070487932385,MI,[5 4 1 3 2],22.799999999999955,10,4543.400000000009,0.0,False,2
17,0,3,[3 1 4 5 2],2761.5999999999804,0.5049469805025071,0.495053019497493,0.8796528291892671,MI,[3 5 4 1 2],35.299999999999955,10,3735.199999999986,0.0,False,2
17,0,4,[3 1 4 5 2],2761.5999999999804,0.5049469805025071,0.495053019497493,0.720118423652454,MI,[3 5 4 1 2],35.299999999999955,10,3735.199999999986,0.0,False,2
18,0,0,[3 1 4 5 2],2761.5999999999804,0.5049469805025071,0.495053019497493,0.3313340709465147,SI,[5 4 1 3 2],22.799999999999955,10,4543.400000000009,0.0,False,2
18,0,1,[3 1 4 5 2],2761.5999999999804,0.5049469805025071,0.495053019497493,0.2564017186487647,SI,[5 4 1 3 2],22.799999999999955,10,4543.400000000009,0.0,False,2
18,0,2,[3 1 4 5 2],2761.5999999999804,0.5049469805025071,0.495053019497493,0.9249683681860603,MI,[5 4 1 3 2],22.799999999999955,10,4543.400000000009,0.0,False,2
18,0,3,[3 1 4 5 2],2761.5999999999804,0.5049469805025071,0.495053019497493,0.010198695711904238,SI,[5 4 1 3 2],22.799999999999955,10,4543.400000000009,0.0,False,2
18,0,4,[3 1 4 5 2],2761.5999999999804,0.5049469805025071,0.495053019497493,0.6404714895588074,MI,[2 5 4 1 3],57.30000000000001,10,4209.000000000036,0.0,False,2
19,0,0,[3 1 4 5 2],2761.5999999999804,0.5049469805025071,0.495053019497493,0.929272378683256,MI,[3 5 4 1 2],35.299999999999955,10,3735.199999999986,0.0,False,2
19,0,1,[3 1 4 5 2],2761.5999999999804,0.5049469805025071,0.495053019497493,0.6128104152969872,MI,[3 5 4 1 2],35.299999999999955,10,3735.199999999986,0.0,False,2
19,0,2,[3 1 4 5 2],2761.5999999999804,0.5049469805025071,0.495053019497493,0.5424749813313096,MI,[5 4 1 3 2],22.799999999999955,10,4543.400000000009,0.0,False,2
19,0,3,[3 1 4 5 2],2761.5999999999804,0.5049469805025071,0.495053019497493,0.08489429183522135,SI,[3 4 1 5 2],73.19999999999999,10,3454.6999999999825,0.0,False,2
19,0,4,[3 1 4 5 2],2761.5999999999804,0.5049469805025071,0.495053019497493,0.7848258310152201,MI,[5 4 1 3 2],22.799999999999955,10,4543.400000000009,0.0,False,2
20,0,0,[3 1 4 5 2],2761.5999999999804,0.5049469805025071,0.495053019497493,0.18068820280240283,SI,[2 5 4 1 3],57.30000000000001,10,4209.000000000036,0.0,False,2
20,0,1,[3 1 4 5 2],2761.5999999999804,0.5049469805025071,0.495053019497493,0.41263493746850977,SI,[5 4 1 3 2],22.799999999999955,10,4543.400000000009,0.0,False,2
20,0,2,[3 1 4 5 2],2761.5999999999804,0.5049469805025071,0.495053019497493,0.9488639801117819,MI,[5 4 1 3 2],22.799999999999955,10,4543.400000000009,0.0,False,2
20,0,3,[3 1 4 5 2],2761.5999999999804,0.5049469805025071,0.495053019497493,0.8051651603176051,MI,[3 5 4 1 2],35.299999999999955,10,3735.199999999986,0.0,False,2
20,0,4,[3 1 4 5 2],2761.5999999999804,0.5049469805025071,0.495053019497493,0.7922275187502019,MI,[5 4 1 3 2],22.799999999999955,10,4543.400000000009,0.0,False,2
21,0,0,[3 1 4 5 2],2761.5999999999804,0.5049469805025071,0.495053019497493,0.15519330752785188,SI,[3 5 4 1 2],35.299999999999955,10,3735.199999999986,0.0,False,2
21,0,1,[3 1 4 5 2],2761.5999999999804,0.5049469805025071,0.495053019497493,0.6369446849141205,MI,[5 4 1 3 2],22.799999999999955,10,4543.400000000009,0.0,False,2
21,0,2,[3 1 4 5 2],2761.5999999999804,0.5049469805025071,0.495053019497493,0.8908116510777742,MI,[5 4 1 3 2],22.799999999999955,10,4543.400000000009,0.0,False,2
21,0,3,[3 1 4 5 2],2761.5999999999804,0.5049469805025071,0.495053019497493,0.526084313452791,MI,[5 4 1 3 2],22.799999999999955,10,4543.400000000009,0.0,False,2
21,0,4,[3 1 4 5 2],2761.5999999999804,0.5049469805025071,0.495053019497493,0.35883989928307725,SI,[5 4 1 3 2],22.799999999999955,10,4543.400000000009,0.0,False,2
22,0,0,[3 1 4 5 2],2761.5999999999804,0.5049469805025071,0.495053019497493,0.2945530632659993,SI,[5 4 1 3 2],22.799999999999955,10,4543.400000000009,0.0,False,2
22,0,1,[3 1 4 5 2],2761.5999999999804,0.5049469805025071,0.495053019497493,0.9179932253040727,MI,[5 4 1 3 2],22.799999999999955,10,4543.400000000009,0.0,False,2
22,0,2,[3 1 4 5 2],2761.5999999999804,0.5049469805025071,0.495053019497493,0.9895988182602473,MI,[3 5 4 1 2],35.299999999999955,10,3735.199999999986,0.0,False,2
22,0,3,[3 1 4 5 2],2761.5999999999804,0.5049469805025071,0.495053019497493,0.1199083668453449,SI,[5 4 1 3 2],22.799999999999955,10,4543.400000000009,0.0,False,2
22,0,4,[3 1 4 5 2],2761.5999999999804,0.5049469805025071,0.495053019497493,0.7976764402624542,MI,[5 4 1 3 2],22.799999999999955,10,4543.400000000009,0.0,False,2
23,0,0,[3 1 4 5 2],2761.5999999999804,0.5049469805025071,0.495053019497493,0.13853212953413085,SI,[5 4 1 3 2],22.799999999999955,10,4543.400000000009,0.0,False,2
23,0,1,[3 1 4 5 2],2761.5999999999804,0.5049469805025071,0.495053019497493,0.43091338647313104,SI,[5 4 1 3 2],22.799999999999955,10,4543.400000000009,0.0,False,2
23,0,2,[3 1 4 5 2],2761.5999999999804,0.5049469805025071,0.495053019497493,0.48960961825841076,SI,[5 4 1 3 2],22.799999999999955,10,4543.400000000009,0.0,False,2
23,0,3,[3 1 4 5 2],2761.5999999999804,0.5049469805025071,0.495053019497493,0.7876647821182071,MI,[5 4 1 3 2],22.799999999999955,10,4543.400000000009,0.0,False,2
23,0,4,[3 1 4 5 2],2761.5999999999804,0.5049469805025071,0.495053019497493,0.942638166096615,MI,[5 4 1 3 2],22.799999999999955,10,4543.400000000009,0.0,False,2
24,0,0,[3 1 4 5 2],2761.5999999999804,0.5049469805025071,0.495053019497493,0.2820632562234924,SI,[5 4 1 3 2],22.799999999999955,10,4543.400000000009,0.0,False,2
24,0,1,[3 1 4 5 2],2761.5999999999804,0.5049469805025071,0.495053019497493,0.39564178503581005,SI,[5 4 1 3 2],22.799999999999955,10,4543.400000000009,0.0,False,2
24,0,2,[3 1 4 5 2],2761.5999999999804,0.5049469805025071,0.495053019497493,0.10876617245922482,SI,[5 4 1 3 2],22.799999999999955,10,4543.400000000009,0.0,False,2
24,0,3,[3 1 4 5 2],2761.5999999999804,0.5049469805025071,0.495053019497493,0.9717301192673939,MI,[5 4 1 3 2],22.799999999999955,10,4543.400000000009,0.0,False,2
24,0,4,[3 1 4 5 2],2761.5999999999804,0.5049469805025071,0.495053019497493,0.10231009783425882,SI,[5 4 1 3 2],22.799999999999955,10,4543.400000000009,0.0,False,2
25,0,0,[3 1 4 5 2],2761.5999999999804,0.5049469805025071,0.495053019497493,0.005312212926284698,SI,[3 5 4 1 2],35.299999999999955,10,3735.199999999986,0.0,False,2
25,0,1,[3 1 4 5 2],2761.5999999999804,0.5049469805025071,0.495053019497493,0.4785410297551166,SI,[5 4 1 3 2],22.799999999999955,10,4543.400000000009,0.0,False,2
25,0,2,[3 1 4 5 2],2761.5999999999804,0.5049469805025071,0.495053019497493,0.2629079757967864,SI,[3 5 4 1 2],35.299999999999955,10,3735.199999999986,0.0,False,2
25,0,3,[3 1 4 5 2],2761.5999999999804,0.5049469805025071,0.495053019497493,0.3875026319835515,SI,[3 5 4 1 2],35.299999999999955,10,3735.199999999986,0.0,False,2
25,0,4,[3 1 4 5 2],2761.5999999999804,0.5049469805025071,0.495053019497493,0.05923583320621173,SI,[5 4 1 3 2],22.799999999999955,10,4543.400000000009,0.0,False,2
26,0,0,[3 1 4 5 2],2761.5999999999804,0.5049469805025071,0.495053019497493,0.5930198356485116,MI,[3 5 4 1 2],35.299999999999955,10,3735.199999999986,0.0,False,2
26,0,1,[3 1 4 5 2],2761.5999999999804,0.5049469805025071,0.495053019497493,0.5329380387779072,MI,[5 4 1 3 2],22.799999999999955,10,4543.400000000009,0.0,False,2
26,0,2,[3 1 4 5 2],2761.5999999999804,0.5049469805025071,0.495053019497493,0.9541942159980039,MI,[3 5 4 1 2],35.299999999999955,10,3735.199999999986,0.0,False,2
26,0,3,[3 1 4 5 2],2761.5999999999804,0.5049469805025071,0.495053019497493,0.8055664917766454,MI,[3 5 4 1 2],35.299999999999955,10,3735.199999999986,0.0,False,2
26,0,4,[3 1 4 5 2],2761.5999999999804,0.5049469805025071,0.495053019497493,0.26143165379398536,SI,[5 4 1 3 2],22.799999999999955,10,4543.400000000009,0.0,False,2
27,0,0,[3 1 4 5 2],2761.5999999999804,0.5049469805025071,0.495053019497493,0.5489055707035368,MI,[5 4 1 3 2],22.799999999999955,10,4543.400000000009,0.0,False,2
27,0,1,[3 1 4 5 2],2761.5999999999804,0.5049469805025071,0.495053019497493,0.031889699119917125,SI,[5 4 1 3 2],22.799999999999955,10,4543.400000000009,0.0,False,2
27,0,2,[3 1 4 5 2],2761.5999999999804,0.5049469805025071,0.495053019497493,0.8069996809547848,MI,[5 4 1 3 2],22.799999999999955,10,4543.400000000009,0.0,False,2
27,0,3,[3 1 4 5 2],2761.5999999999804,0.5049469805025071,0.495053019497493,0.8765494743868311,MI,[5 4 1 3 2],22.799999999999955,10,4543.400000000009,0.0,False,2
27,0,4,[3 1 4 5 2],2761.5999999999804,0.5049469805025071,0.495053019497493,0.47268979165812486,SI,[5 4 1 3 2],22.799999999999955,10,4543.400000000009,0.0,False,2
28,0,0,[3 1 4 5 2],2761.5999999999804,0.5049469805025071,0.495053019497493,0.7773477591391712,MI,[5 4 1 3 2],22.799999999999955,10,4543.400000000009,0.0,False,2
28,0,1,[3 1 4 5 2],2761.5999999999804,0.5049469805025071,0.495053019497493,0.6620915880828739,MI,[3 5 4 1 2],35.299999999999955,10,3735.199999999986,0.0,False,2
28,0,2,[3 1 4 5 2],2761.5999999999804,0.5049469805025071,0.495053019497493,0.3774907533263798,SI,[5 4 1 3 2],22.799999999999955,10,4543.400000000009,0.0,False,2
28,0,3,[3 1 4 5 2],2761.5999999999804,0.5049469805025071,0.495053019497493,0.24240503364944388,SI,[5 4 1 3 2],22.799999999999955,10,4543.400000000009,0.0,False,2
28,0,4,[3 1 4 5 2],2761.5999999999804,0.5049469805025071,0.495053019497493,0.8234604410100049,MI,[2 5 4 1 3],57.30000000000001,10,4209.000000000036,0.0,False,2
29,0,0,[3 1 4 5 2],2761.5999999999804,0.5049469805025071,0.495053019497493,0.27894060588239555,SI,[5 4 1 3 2],22.799999999999955,10,4543.400000000009,0.0,False,2
29,0,1,[3 1 4 5 2],2761.5999999999804,0.5049469805025071,0.495053019497493,0.469232476192579,SI,[5 4 1 3 2],22.799999999999955,10,4543.400000000009,0.0,False,2
29,0,2,[3 1 4 5 2],2761.5999999999804,0.5049469805025071,0.495053019497493,0.9813773119304009,MI,[5 4 1 3 2],22.799999999999955,10,4543.400000000009,0.0,False,2
29,0,3,[3 1 4 5 2],2761.5999999999804,0.5049469805025071,0.495053019497493,0.46489192812037117,SI,[5 4 1 3 2],22.799999999999955,10,4543.400000000009,0.0,False,2
29,0,4,[3 1 4 5 2],2761.5999999999804,0.5049469805025071,0.495053019497493,0.5028933533433072,SI,[5 4 1 3 2],22.799999999999955,10,4543.400000000009,0.0,False,2
30,0,0,[3 1 4 5 2],2761.5999999999804,0.5049469805025071,0.495053019497493,0.5245939738228119,MI,[5 4 1 3 2],22.799999999999955,10,4543.400000000009,0.0,False,2
30,0,1,[3 1 4 5 2],2761.5999999999804,0.5049469805025071,0.495053019497493,0.7394754725947223,MI,[5 4 1 3 2],22.799999999999955,10,4543.400000000009,0.0,False,2
30,0,2,[3 1 4 5 2],2761.5999999999804,0.5049469805025071,0.495053019497493,0.06254260083307761,SI,[3 5 4 1 2],35.299999999999955,10,3735.199999999986,0.0,False,2
30,0,3,[3 1 4 5 2],2761.5999999999804,0.5049469805025071,0.495053019497493,0.3434192893905271,SI,[2 5 4 1 3],57.30000000000001,10,4209.000000000036,0.0,False,2
30,0,4,[3 1 4 5 2],2761.5999999999804,0.5049469805025071,0.495053019497493,0.7551758205476835,MI,[5 4 1 3 2],22.799999999999955,10,4543.400000000009,0.0,False,2
31,0,0,[3 1 4 5 2],2761.5999999999804,0.5049469805025071,0.495053019497493,0.9291344382744104,MI,[5 4 1 3 2],22.799999999999955,10,4543.400000000009,0.0,False,2
31,0,1,[3 1 4 5 2],2761.5999999999804,0.5049469805025071,0.495053019497493,0.7446408491919678,MI,[3 5 4 1 2],35.299999999999955,10,3735.199999999986,0.0,False,2
31,0,2,[3 1 4 5 2],2761.5999999999804,0.5049469805025071,0.495053019497493,0.9330685374834603,MI,[3 5 4 1 2],35.299999999999955,10,3735.199999999986,0.0,False,2
31,0,3,[3 1 4 5 2],2761.5999999999804,0.5049469805025071,0.495053019497493,0.6551788999465112,MI,[3 5 4 1 2],35.299999999999955,10,3735.199999999986,0.0,False,2
31,0,4,[3 1 4 5 2],2761.5999999999804,0.5049469805025071,0.495053019497493,0.7511801259712125,MI,[5 4 1 3 2],22.799999999999955,10,4543.400000000009,0.0,False,2
32,0,0,[3 1 4 5 2],2761.5999999999804,0.5049469805025071,0.495053019497493,0.8443961987216926,MI,[5 4 1 3 2],22.799999999999955,10,4543.400000000009,0.0,False,2
32,0,1,[3 1 4 5 2],2761.5999999999804,0.5049469805025071,0.495053019497493,0.8746293708726092,MI,[5 4 1 3 2],22.799999999999955,10,4543.400000000009,0.0,False,2
32,0,2,[3 1 4 5 2],2761.5999999999804,0.5049469805025071,0.495053019497493,0.582588019966637,MI,[5 4 1 3 2],22.799999999999955,10,4543.400000000009,0.0,False,2
32,0,3,[3 1 4 5 2],2761.5999999999804,0.5049469805025071,0.495053019497493,0.2870026952374064,SI,[2 5 4 1 3],57.30000000000001,10,4209.000000000036,0.0,False,2
32,0,4,[3 1 4 5 2],2761.5999999999804,0.5049469805025071,0.495053019497493,0.5800043663954991,MI,[3 5 4 1 2],35.299999999999955,10,3735.199999999986,0.0,False,2
33,0,0,[3 1 4 5 2],2761.5999999999804,0.5049469805025071,0.495053019497493,0.36127752009750536,SI,[5 4 1 3 2],22.799999999999955,10,4543.400000000009,0.0,False,2
33,0,1,[3 1 4 5 2],2761.5999999999804,0.5049469805025071,0.495053019497493,0.4347613603938959,SI,[2 5 4 1 3],57.30000000000001,10,4209.000000000036,0.0,False,2
33,0,2,[3 1 4 5 2],2761.5999999999804,0.5049469805025071,0.495053019497493,0.484434312609608,SI,[5 4 1 3 2],22.799999999999955,10,4543.400000000009,0.0,False,2
33,0,3,[3 1 4 5 2],2761.5999999999804,0.5049469805025071,0.495053019497493,0.7754896346057408,MI,[5 4 1 3 2],22.799999999999955,10,4543.400000000009,0.0,False,2
33,0,4,[3 1 4 5 2],2761.5999999999804,0.5049469805025071,0.495053019497493,0.8546406500745289,MI,[5 4 1 3 2],22.799999999999955,10,4543.400000000009,0.0,False,2
34,0,0,[3 1 4 5 2],2761.5999999999804,0.5049469805025071,0.495053019497493,0.9011652027701801,MI,[3 5 4 1 2],35.299999999999955,10,3735.199999999986,0.0,False,2
34,0,1,[3 1 4 5 2],2761.5999999999804,0.5049469805025071,0.495053019497493,0.2957150601801196,SI,[5 4 1 3 2],22.799999999999955,10,4543.400000000009,0.0,False,2
34,0,2,[3 1 4 5 2],2761.5999999999804,0.5049469805025071,0.495053019497493,0.9710716448595965,MI,[5 4 1 3 2],22.799999999999955,10,4543.400000000009,0.0,False,2
34,0,3,[3 1 4 5 2],2761.5999999999804,0.5049469805025071,0.495053019497493,0.11814150736098483,SI,[5 4 1 3 2],22.799999999999955,10,4543.400000000009,0.0,False,2
34,0,4,[3 1 4 5 2],2761.5999999999804,0.5049469805025071,0.495053019497493,0.3943894449952027,SI,[2 5 4 1 3],57.30000000000001,10,4209.000000000036,0.0,False,2
35,0,0,[3 1 4 5 2],2761.5999999999804,0.5049469805025071,0.495053019497493,0.6013742634669008,MI,[5 4 1 3 2],22.799999999999955,10,4543.400000000009,0.0,False,2
35,0,1,[3 1 4 5 2],2761.5999999999804,0.5049469805025071,0.495053019497493,0.3813817957935094,SI,[5 4 1 3 2],22.799999999999955,10,4543.400000000009,0.0,False,2
35,0,2,[3 1 4 5 2],2761.5999999999804,0.5049469805025071,0.495053019497493,0.7106184762972901,MI,[5 4 1 3 2],22.799999999999955,10,4543.400000000009,0.0,False,2
35,0,3,[3 1 4 5 2],2761.5999999999804,0.5049469805025071,0.495053019497493,0.1740262851396075,SI,[5 4 1 3 2],22.799999999999955,10,4543.400000000009,0.0,False,2
35,0,4,[3 1 4 5 2],2761.5999999999804,0.5049469805025071,0.495053019497493,0.9724689872135364,MI,[3 5 4 1 2],35.299999999999955,10,3735.199999999986,0.0,False,2
36,0,0,[3 1 4 5 2],2761.5999999999804,0.5049469805025071,0.495053019497493,0.8475472410397012,MI,[5 4 1 3 2],22.799999999999955,10,4543.400000000009,0.0,False,2
36,0,1,[3 1 4 5 2],2761.5999999999804,0.5049469805025071,0.495053019497493,0.014998221549523127,SI,[5 4 1 3 2],22.799999999999955,10,4543.400000000009,0.0,False,2
36,0,2,[3 1 4 5 2],2761.5999999999804,0.5049469805025071,0.495053019497493,0.31402687076351354,SI,[5 4 1 3 2],22.799999999999955,10,4543.400000000009,0.0,False,2
36,0,3,[3 1 4 5 2],2761.5999999999804,0.5049469805025071,0.495053019497493,0.4592904271186392,SI,[5 4 1 3 2],22.799999999999955,10,4543.400000000009,0.0,False,2
36,0,4,[3 1 4 5 2],2761.5999999999804,0.5049469805025071,0.495053019497493,0.0938058860386014,SI,[3 5 4 1 2],35.299999999999955,10,3735.199999999986,0.0,False,2
37,0,0,[3 1 4 5 2],2761.5999999999804,0.5049469805025071,0.495053019497493,0.4665381245689012,SI,[2 5 4 1 3],57.30000000000001,10,4209.000000000036,0.0,False,2
37,0,1,[3 1 4 5 2],2761.5999999999804,0.5049469805025071,0.495053019497493,0.41609717795068424,SI,[5 4 1 3 2],22.799999999999955,10,4543.400000000009,0.0,False,2
37,0,2,[3 1 4 5 2],2761.5999999999804,0.5049469805025071,0.495053019497493,0.14720927638886694,SI,[5 4 1 3 2],22.799999999999955,10,4543.400000000009,0.0,False,2
37,0,3,[3 1 4 5 2],2761.5999999999804,0.5049469805025071,0.495053019497493,0.16427226874101342,SI,[5 4 1 3 2],22.799999999999955,10,4543.400000000009,0.0,False,2
37,0,4,[3 1 4 5 2],2761.5999999999804,0.5049469805025071,0.495053019497493,0.6572399944078409,MI,[5 4 1 3 2],22.799999999999955,10,4543.400000000009,0.0,False,2
38,0,0,[3 1 4 5 2],2761.5999999999804,0.5049469805025071,0.495053019497493,0.759884075078828,MI,[5 4 1 3 2],22.799999999999955,10,4543.400000000009,0.0,False,2
38,0,1,[3 1 4 5 2],2761.5999999999804,0.5049469805025071,0.495053019497493,0.023656809370813048,SI,[2 5 4 1 3],57.30000000000001,10,4209.000000000036,0.0,False,2
38,0,2,[3 1 4 5 2],2761.5999999999804,0.5049469805025071,0.495053019497493,0.6723332282248746,MI,[2 5 4 1 3],57.30000000000001,10,4209.000000000036,0.0,False,2
38,0,3,[3 1 4 5 2],2761.5999999999804,0.5049469805025071,0.495053019497493,0.8684841746730686,MI,[5 4 1 3 2],22.799999999999955,10,4543.400000000009,0.0,False,2
38,0,4,[3 1 4 5 2],2761.5999999999804,0.5049469805025071,0.495053019497493,0.794356713534927,MI,[5 4 1 3 2],22.799999999999955,10,4543.400000000009,0.0,False,2
39,0,0,[3 1 4 5 2],2761.5999999999804,0.5049469805025071,0.495053019497493,0.05043378319292202,SI,[3 5 4 1 2],35.299999999999955,10,3735.199999999986,0.0,False,2
39,0,1,[3 1 4 5 2],2761.5999999999804,0.5049469805025071,0.495053019497493,0.9395647508102902,MI,[3 5 4 1 2],35.299999999999955,10,3735.199999999986,0.0,False,2
39,0,2,[3 1 4 5 2],2761.5999999999804,0.5049469805025071,0.495053019497493,0.8044085083544782,MI,[3 5 4 1 2],35.299999999999955,10,3735.199999999986,0.0,False,2
39,0,3,[3 1 4 5 2],2761.5999999999804,0.5049469805025071,0.495053019497493,0.9218559359823191,MI,[3 5 4 1 2],35.299999999999955,10,3735.199999999986,0.0,False,2
39,0,4,[3 1 4 5 2],2761.5999999999804,0.5049469805025071,0.495053019497493,0.8151567472472271,MI,[5 4 1 3 2],22.799999999999955,10,4543.400000000009,0.0,False,2
40,0,0,[3 1 4 5 2],2761.5999999999804,0.5049469805025071,0.495053019497493,0.621080386604226,MI,[5 4 1 3 2],22.799999999999955,10,4543.400000000009,0.0,False,2
40,0,1,[3 1 4 5 2],2761.5999999999804,0.5049469805025071,0.495053019497493,0.5841762444072749,MI,[3 5 4 1 2],35.299999999999955,10,3735.199999999986,0.0,False,2
40,0,2,[3 1 4 5 2],2761.5999999999804,0.5049469805025071,0.495053019497493,0.7034180731341192,MI,[3 5 4 1 2],35.299999999999955,10,3735.199999999986,0.0,False,2
40,0,3,[3 1 4 5 2],2761.5999999999804,0.5049469805025071,0.495053019497493,0.007992873843314818,SI,[5 4 1 3 2],22.799999999999955,10,4543.400000000009,0.0,False,2
40,0,4,[3 1 4 5 2],2761.5999999999804,0.5049469805025071,0.495053019497493,0.7884391085814401,MI,[5 4 1 3 2],22.799999999999955,10,4543.400000000009,0.0,False,2
41,0,0,[3 1 4 5 2],2761.5999999999804,0.5049469805025071,0.495053019497493,0.861484034298289,MI,[5 4 1 3 2],22.799999999999955,10,4543.400000000009,0.0,False,2
41,0,1,[3 1 4 5 2],2761.5999999999804,0.5049469805025071,0.495053019497493,0.20882472624587212,SI,[3 5 4 1 2],35.299999999999955,10,3735.199999999986,0.0,False,2
41,0,2,[3 1 4 5 2],2761.5999999999804,0.5049469805025071,0.495053019497493,0.797336574524794,MI,[3 5 4 1 2],35.299999999999955,10,3735.199999999986,0.0,False,2
41,0,3,[3 1 4 5 2],2761.5999999999804,0.5049469805025071,0.495053019497493,0.7205635649473945,MI,[5 4 1 3 2],22.799999999999955,10,4543.400000000009,0.0,False,2
41,0,4,[3 1 4 5 2],2761.5999999999804,0.5049469805025071,0.495053019497493,0.05183673824437518,SI,[3 5 4 1 2],35.299999999999955,10,3735.199999999986,0.0,False,2
42,0,0,[3 1 4 5 2],2761.5999999999804,0.5049469805025071,0.495053019497493,0.3194850485472086,SI,[5 4 1 3 2],22.799999999999955,10,4543.400000000009,0.0,False,2
42,0,1,[3 1 4 5 2],2761.5999999999804,0.5049469805025071,0.495053019497493,0.34286116377335774,SI,[5 4 1 3 2],22.799999999999955,10,4543.400000000009,0.0,False,2
42,0,2,[3 1 4 5 2],2761.5999999999804,0.5049469805025071,0.495053019497493,0.6842730154259885,MI,[3 5 4 1 2],35.299999999999955,10,3735.199999999986,0.0,False,2
42,0,3,[3 1 4 5 2],2761.5999999999804,0.5049469805025071,0.495053019497493,0.9296608584312278,MI,[5 4 1 3 2],22.799999999999955,10,4543.400000000009,0.0,False,2
42,0,4,[3 1 4 5 2],2761.5999999999804,0.5049469805025071,0.495053019497493,0.714191068887436,MI,[3 5 4 1 2],35.299999999999955,10,3735.199999999986,0.0,False,2
43,0,0,[3 1 4 5 2],2761.5999999999804,0.5049469805025071,0.495053019497493,0.5664584216223518,MI,[5 4 1 3 2],22.799999999999955,10,4543.400000000009,0.0,False,2
43,0,1,[3 1 4 5 2],2761.5999999999804,0.5049469805025071,0.495053019497493,0.5913567441566959,MI,[3 5 4 1 2],35.299999999999955,10,3735.199999999986,0.0,False,2
43,0,2,[3 1 4 5 2],2761.5999999999804,0.5049469805025071,0.495053019497493,0.8293550667441424,MI,[5 4 1 3 2],22.799999999999955,10,4543.400000000009,0.0,False,2
43,0,3,[3 1 4 5 2],2761.5999999999804,0.5049469805025071,0.495053019497493,0.7526449485541233,MI,[3 5 4 1 2],35.299999999999955,10,3735.199999999986,0.0,False,2
43,0,4,[3 1 4 5 2],2761.5999999999804,0.5049469805025071,0.495053019497493,0.7532492381841049,MI,[5 4 1 3 2],22.799999999999955,10,4543.400000000009,0.0,False,2
44,0,0,[3 1 4 5 2],2761.5999999999804,0.5049469805025071,0.495053019497493,0.8687432092641233,MI,[5 4 1 3 2],22.799999999999955,10,4543.400000000009,0.0,False,2
44,0,1,[3 1 4 5 2],2761.5999999999804,0.5049469805025071,0.495053019497493,0.8144359436388153,MI,[2 5 4 1 3],57.30000000000001,10,4209.000000000036,0.0,False,2
44,0,2,[3 1 4 5 2],2761.5999999999804,0.5049469805025071,0.495053019497493,0.8820436023802702,MI,[3 5 4 1 2],35.299999999999955,10,3735.199999999986,0.0,False,2
44,0,3,[3 1 4 5 2],2761.5999999999804,0.5049469805025071,0.495053019497493,0.16428609746032496,SI,[5 4 1 3 2],22.799999999999955,10,4543.400000000009,0.0,False,2
44,0,4,[3 1 4 5 2],2761.5999999999804,0.5049469805025071,0.495053019497493,0.30881976434551406,SI,[2 5 4 1 3],57.30000000000001,10,4209.000000000036,0.0,False,2
45,0,0,[3 1 4 5 2],2761.5999999999804,0.5049469805025071,0.495053019497493,0.972578179935459,MI,[5 4 1 3 2],22.799999999999955,10,4543.400000000009,0.0,False,2
45,0,1,[3 1 4 5 2],2761.5999999999804,0.5049469805025071,0.495053019497493,0.10477352655055461,SI,[3 5 4 1 2],35.299999999999955,10,3735.199999999986,0.0,False,2
45,0,2,[3 1 4 5 2],2761.5999999999804,0.5049469805025071,0.495053019497493,0.7778939880258686,MI,[5 4 1 3 2],22.799999999999955,10,4543.400000000009,0.0,False,2
45,0,3,[3 1 4 5 2],2761.5999999999804,0.5049469805025071,0.495053019497493,0.09671355472537102,SI,[3 5 4 1 2],35.299999999999955,10,3735.199999999986,0.0,False,2
45,0,4,[3 1 4 5 2],2761.5999999999804,0.5049469805025071,0.495053019497493,0.4859534992636635,SI,[5 4 1 3 2],22.799999999999955,10,4543.400000000009,0.0,False,2
46,0,0,[3 1 4 5 2],2761.5999999999804,0.5049469805025071,0.495053019497493,0.1702158913621752,SI,[5 4 1 3 2],22.799999999999955,10,4543.400000000009,0.0,False,2
46,0,1,[3 1 4 5 2],2761.5999999999804,0.5049469805025071,0.495053019497493,0.9364889281190169,MI,[2 5 4 1 3],57.30000000000001,10,4209.000000000036,0.0,False,2
46,0,2,[3 1 4 5 2],2761.5999999999804,0.5049469805025071,0.495053019497493,0.745952251924653,MI,[5 4 1 3 2],22.799999999999955,10,4543.400000000009,0.0,False,2
46,0,3,[3 1 4 5 2],2761.5999999999804,0.5049469805025071,0.495053019497493,0.6432466064905438,MI,[2 5 4 1 3],57.30000000000001,10,4209.000000000036,0.0,False,2
46,0,4,[3 1 4 5 2],2761.5999999999804,0.5049469805025071,0.495053019497493,0.4126045433370735,SI,[5 4 1 3 2],22.799999999999955,10,4543.400000000009,0.0,False,2
47,0,0,[3 1 4 5 2],2761.5999999999804,0.5049469805025071,0.495053019497493,0.9551448072568289,MI,[5 4 1 3 2],22.799999999999955,10,4543.400000000009,0.0,False,2
47,0,1,[3 1 4 5 2],2761.5999999999804,0.5049469805025071,0.495053019497493,0.018525548812378445,SI,[5 4 1 3 2],22.799999999999955,10,4543.400000000009,0.0,False,2
47,0,2,[3 1 4 5 2],2761.5999999999804,0.5049469805025071,0.495053019497493,0.2846229102872083,SI,[5 4 1 3 2],22.799999999999955,10,4543.400000000009,0.0,False,2
47,0,3,[3 1 4 5 2],2761.5999999999804,0.5049469805025071,0.495053019497493,0.59702166174856,MI,[5 4 1 3 2],22.799999999999955,10,4543.400000000009,0.0,False,2
47,0,4,[3 1 4 5 2],2761.5999999999804,0.5049469805025071,0.495053019497493,0.04018278936645392,SI,[5 4 1 3 2],22.799999999999955,10,4543.400000000009,0.0,False,2
48,0,0,[3 1 4 5 2],2761.5999999999804,0.5049469805025071,0.495053019497493,0.4909532788703538,SI,[3 5 4 1 2],35.299999999999955,10,3735.199999999986,0.0,False,2
48,0,1,[3 1 4 5 2],2761.5999999999804,0.5049469805025071,0.495053019497493,0.008891631397702882,SI,[5 4 1 3 2],22.799999999999955,10,4543.400000000009,0.0,False,2
48,0,2,[3 1 4 5 2],2761.5999999999804,0.5049469805025071,0.495053019497493,0.5757565394473992,MI,[5 4 1 3 2],22.799999999999955,10,4543.400000000009,0.0,False,2
48,0,3,[3 1 4 5 2],2761.5999999999804,0.5049469805025071,0.495053019497493,0.7856878384194073,MI,[5 4 1 3 2],22.799999999999955,10,4543.400000000009,0.0,False,2
48,0,4,[3 1 4 5 2],2761.5999999999804,0.5049469805025071,0.495053019497493,0.9780767029241844,MI,[5 4 1 3 2],22.799999999999955,10,4543.400000000009,0.0,False,2
49,0,0,[3 1 4 5 2],2761.5999999999804,0.5049469805025071,0.495053019497493,0.8618473941042892,MI,[5 4 1 3 2],22.799999999999955,10,4543.400000000009,0.0,False,2
49,0,1,[3 1 4 5 2],2761.5999999999804,0.5049469805025071,0.495053019497493,0.36679701398602393,SI,[5 4 1 3 2],22.799999999999955,10,4543.400000000009,0.0,False,2
49,0,2,[3 1 4 5 2],2761.5999999999804,0.5049469805025071,0.495053019497493,0.01983482704928896,SI,[5 4 1 3 2],22.799999999999955,10,4543.400000000009,0.0,False,2
49,0,3,[3 1 4 5 2],2761.5999999999804,0.5049469805025071,0.495053019497493,0.05968998654236912,SI,[5 4 1 3 2],22.799999999999955,10,4543.400000000009,0.0,False,2
49,0,4,[3 1 4 5 2],2761.5999999999804,0.5049469805025071,0.495053019497493,0.31910449555733356,SI,[5 4 1 3 2],22.799999999999955,10,4543.400000000009,0.0,False,2
50,0,0,[3 1 4 5 2],2761.5999999999804,0.5049469805025071,0.495053019497493,0.07631169866994736,SI,[5 4 1 3 2],22.799999999999955,10,4543.400000000009,0.0,False,2
50,0,1,[3 1 4 5 2],2761.5999999999804,0.5049469805025071,0.495053019497493,0.890433524132518,MI,[5 4 1 3 2],22.799999999999955,10,4543.400000000009,0.0,False,2
50,0,2,[3 1 4 5 2],2761.5999999999804,0.5049469805025071,0.495053019497493,0.5076262864965697,MI,[3 5 4 1 2],35.299999999999955,10,3735.199999999986,0.0,False,2
50,0,3,[3 1 4 5 2],2761.5999999999804,0.5049469805025071,0.495053019497493,0.5303220543210839,MI,[5 4 1 3 2],22.799999999999955,10,4543.400000000009,0.0,False,2
50,0,4,[3 1 4 5 2],2761.5999999999804,0.5049469805025071,0.495053019497493,0.8116304372511365,MI,[5 4 1 3 2],22.799999999999955,10,4543.400000000009,0.0,False,2
51,0,0,[3 1 4 5 2],2761.5999999999804,0.5049469805025071,0.495053019497493,0.09029928911406682,SI,[5 4 1 3 2],22.799999999999955,10,4543.400000000009,0.0,False,2
51,0,1,[3 1 4 5 2],2761.5999999999804,0.5049469805025071,0.495053019497493,0.8799684287715427,MI,[5 4 1 3 2],22.799999999999955,10,4543.400000000009,0.0,False,2
51,0,2,[3 1 4 5 2],2761.5999999999804,0.5049469805025071,0.495053019497493,0.14295237192489807,SI,[5 4 1 3 2],22.799999999999955,10,4543.400000000009,0.0,False,2
51,0,3,[3 1 4 5 2],2761.5999999999804,0.5049469805025071,0.495053019497493,0.6073954177090984,MI,[5 4 1 3 2],22.799999999999955,10,4543.400000000009,0.0,False,2
51,0,4,[3 1 4 5 2],2761.5999999999804,0.5049469805025071,0.495053019497493,0.9567207476300884,MI,[5 4 1 3 2],22.799999999999955,10,4543.400000000009,0.0,False,2
0,19,0,[2 1 3 4 5],1754.4999999999636,0.5,0.5,0.9060798526283171,MI,[2 5 4 3 1],-46.799999999999955,10,2554.699999999968,0.0,False,3
0,19,1,[2 1 3 4 5],1754.4999999999636,0.5,0.5,0.795637832547055,MI,[5 4 3 1 2],-64.60000000000002,10,3399.399999999965,0.0,False,3
0,19,2,[2 1 3 4 5],1754.4999999999636,0.5,0.5,0.6477456538491148,MI,[5 4 3 1 2],-64.60000000000002,10,3399.399999999965,0.0,False,3
0,19,3,[2 1 3 4 5],1754.4999999999636,0.5,0.5,0.4823109866718659,SI,[2 5 4 3 1],-46.799999999999955,10,2554.699999999968,0.0,False,3
0,19,4,[2 1 3 4 5],1754.4999999999636,0.5,0.5,0.48289564606524726,SI,[5 4 3 1 2],-64.60000000000002,10,3399.399999999965,0.0,False,3
1,0,0,[2 1 3 4 5],1754.4999999999636,0.5,0.5,0.4076483099534045,SI,[5 4 3 1 2],-64.60000000000002,10,3399.399999999965,0.0,False,3
1,0,1,[2 1 3 4 5],1754.4999999999636,0.5,0.5,0.5754223663816175,MI,[5 4 3 1 2],-64.60000000000002,10,3399.399999999965,0.0,False,3
1,0,2,[2 1 3 4 5],1754.4999999999636,0.5,0.5,0.7761179987505116,MI,[5 4 3 1 2],-64.60000000000002,10,3399.399999999965,0.0,False,3
1,0,3,[2 1 3 4 5],1754.4999999999636,0.5,0.5,0.6468470300951754,MI,[2 1 5 4 3],-2.3999999999999773,10,1748.399999999965,0.003476774009688613,True,3
1,0,4,[2 1 5 4 3],1748.399999999965,0.5,0.5,0.5735324231771057,MI,[2 3 4 5 1],-44.39999999999998,10,2566.899999999958,0.0,False,3
2,0,0,[2 1 5 4 3],1748.399999999965,0.49982622171829694,0.5001737782817032,0.10448053156296266,SI,[3 4 5 1 2],-62.19999999999993,10,3417.69999999995,0.0,False,3
2,0,1,[2 1 5 4 3],1748.399999999965,0.49982622171829694,0.5001737782817032,0.32700072610860653,SI,[2 3 4 5 1],-44.39999999999998,10,2566.899999999958,0.0,False,3
2,0,2,[2 1 5 4 3],1748.399999999965,0.49982622171829694,0.5001737782817032,0.4835671459891102,SI,[3 4 5 1 2],-62.19999999999993,10,3417.69999999995,0.0,False,3
2,0,3,[2 1 5 4 3],1748.399999999965,0.49982622171829694,0.5001737782817032,0.6603588269944961,MI,[2 3 4 5 1],-44.39999999999998,10,2566.899999999958,0.0,False,3
2,0,4,[2 1 5 4 3],1748.399999999965,0.49982622171829694,0.5001737782817032,0.04229534967789561,SI,[2 3 4 5 1],-44.39999999999998,10,2566.899999999958,0.0,False,3
3,0,0,[2 1 5 4 3],1748.399999999965,0.49982622171829694,0.5001737782817032,0.9158477400159655,MI,[3 4 5 1 2],-62.19999999999993,10,3417.69999999995,0.0,False,3
3,0,1,[2 1 5 4 3],1748.399999999965,0.49982622171829694,0.5001737782817032,0.03304523902973022,SI,[3 4 5 1 2],-62.19999999999993,10,3417.69999999995,0.0,False,3
3,0,2,[2 1 5 4 3],1748.399999999965,0.49982622171829694,0.5001737782817032,0.6556089948618549,MI,[2 3 4 5 1],-44.39999999999998,10,2566.899999999958,0.0,False,3
3,0,3,[2 1 5 4 3],1748.399999999965,0.49982622171829694,0.5001737782817032,0.585206217139826,MI,[3 4 5 1 2],-62.19999999999993,10,3417.69999999995,0.0,False,3
3,0,4,[2 1 5 4 3],1748.399999999965,0.49982622171829694,0.5001737782817032,0.30633387271920287,SI,[2 3 4 5 1],-44.39999999999998,10,2566.899999999958,0.0,False,3
4,0,0,[2 1 5 4 3],1748.399999999965,0.49982622171829694,0.5001737782817032,0.2293267862115148,SI,[3 4 5 1 2],-62.19999999999993,10,3417.69999999995,0.0,False,3
4,0,1,[2 1 5 4 3],1748.399999999965,0.49982622171829694,0.5001737782817032,0.0886704913970584,SI,[3 4 5 1 2],-62.19999999999993,10,3417.69999999995,0.0,False,3
4,0,2,[2 1 5 4 3],1748.399999999965,0.49982622171829694,0.5001737782817032,0.4201266252708752,SI,[2 3 4 5 1],-44.39999999999998,10,2566.899999999958,0.0,False,3
4,0,3,[2 1 5 4 3],1748.399999999965,0.49982622171829694,0.5001737782817032,0.24387048289302105,SI,[3 4 5 1 2],-62.19999999999993,10,3417.69999999995,0.0,False,3
4,0,4,[2 1 5 4 3],1748.399999999965,0.49982622171829694,0.5001737782817032,0.7441705957693685,MI,[2 3 4 5 1],-44.39999999999998,10,2566.899999999958,0.0,False,3
5,0,0,[2 1 3 5 4],1747.6999999999643,0.49982622171829694,0.5001737782817032,0.513838173599113,MI,[2 4 5 3 1],-44.69999999999999,10,2568.2999999999593,0.0,False,3
5,0,1,[2 1 3 5 4],1747.6999999999643,0.49982622171829694,0.5001737782817032,0.4268942022104566,SI,[2 1 4 5 3],-0.30000000000001137,10,1755.1999999999643,0.0,False,3
5,0,2,[2 1 3 5 4],1747.6999999999643,0.49982622171829694,0.5001737782817032,0.37757882718708613,SI,[4 5 3 1 2],-62.50000000000006,10,3419.799999999963,0.0,False,3
5,0,3,[2 1 3 5 4],1747.6999999999643,0.49982622171829694,0.5001737782817032,0.27164086676124666,SI,[2 4 5 3 1],-44.69999999999999,10,2568.2999999999593,0.0,False,3
5,0,4,[2 1 3 5 4],1747.6999999999643,0.49982622171829694,0.5001737782817032,0.29024770200523775,SI,[2 4 5 3 1],-44.69999999999999,10,2568.2999999999593,0.0,False,3
6,0,0,[2 1 3 5 4],1747.6999999999643,0.49982622171829694,0.5001737782817032,0.18755271584167899,SI,[4 5 3 1 2],-62.50000000000006,10,3419.799999999963,0.0,False,3
6,0,1,[2 1 3 5 4],1747.6999999999643,0.49982622171829694,0.5001737782817032,0.6929035611097716,MI,[2 4 5 3 1],-44.69999999999999,10,2568.2999999999593,0.0,False,3
6,0,2,[2 1 3 5 4],1747.6999999999643,0.49982622171829694,0.5001737782817032,0.6916980415480072,MI,[4 5 3 1 2],-62.50000000000006,10,3419.799999999963,0.0,False,3
6,0,3,[2 1 3 5 4],1747.6999999999643,0.49982622171829694,0.5001737782817032,0.9031728160616984,MI,[2 1 4 5 3],-0.30000000000001137,10,1755.1999999999643,0.0,False,3
6,0,4,[2 1 3 5 4],1747.6999999999643,0.49982622171829694,0.5001737782817032,0.0982607919609465,SI,[2 4 5 3 1],-44.69999999999999,10,2568.2999999999593,0.0,False,3
7,0,0,[2 1 3 5 4],1747.6999999999643,0.49982622171829694,0.5001737782817032,0.36533967641174536,SI,[4 5 3 1 2],-62.50000000000006,10,3419.799999999963,0.0,False,3
7,0,1,[2 1 3 5 4],1747.6999999999643,0.49982622171829694,0.5001737782817032,0.6801532033795168,MI,[4 5 3 1 2],-62.50000000000006,10,3419.799999999963,0.0,False,3
7,0,2,[2 1 3 5 4],1747.6999999999643,0.49982622171829694,0.5001737782817032,0.5347109820201046,MI,[2 4 5 3 1],-44.69999999999999,10,2568.2999999999593,0.0,False,3
7,0,3,[2 1 3 5 4],1747.6999999999643,0.49982622171829694,0.5001737782817032,0.21732521608698274,SI,[2 4 5 3 1],-44.69999999999999,10,2568.2999999999593,0.0,False,3
7,0,4,[2 1 3 5 4],1747.6999999999643,0.49982622171829694,0.5001737782817032,0.505958079807877,MI,[2 4 5 3 1],-44.69999999999999,10,2568.2999999999593,0.0,False,3
8,0,0,[2 1 3 5 4],1747.6999999999643,0.49982622171829694,0.5001737782817032,0.8888039665059553,MI,[2 4 5 3 1],-44.69999999999999,10,2568.2999999999593,0.0,False,3
8,0,1,[2 1 3 5 4],1747.6999999999643,0.49982622171829694,0.5001737782817032,0.17295582437676238,SI,[4 5 3 1 2],-62.50000000000006,10,3419.799999999963,0.0,False,3
8,0,2,[2 1 3 5 4],1747.6999999999643,0.49982622171829694,0.5001737782817032,0.9026305249049389,MI,[4 5 3 1 2],-62.50000000000006,10,3419.799999999963,0.0,False,3
8,0,3,[2 1 3 5 4],1747.6999999999643,0.49982622171829694,0.5001737782817032,0.07916341619269307,SI,[4 5 3 1 2],-62.50000000000006,10,3419.799999999963,0.0,False,3
8,0,4,[2 1 3 5 4],1747.6999999999643,0.49982622171829694,0.5001737782817032,0.5458974285681121,MI,[2 4 5 3 1],-44.69999999999999,10,2568.2999999999593,0.0,False,3
9,0,0,[2 1 3 5 4],1747.6999999999643,0.49982622171829694,0.5001737782817032,0.02856474773679296,SI,[4 5 3 1 2],-62.50000000000006,10,3419.799999999963,0.0,False,3
9,0,1,[2 1 3 5 4],1747.6999999999643,0.49982622171829694,0.5001737782817032,0.9318093691461521,MI,[4 5 3 1 2],-62.50000000000006,10,3419.799999999963,0.0,False,3
9,0,2,[2 1 3 5 4],1747.6999999999643,0.49982622171829694,0.5001737782817032,0.36838529039141343,SI,[4 5 3 1 2],-62.50000000000006,10,3419.799999999963,0.0,False,3
9,0,3,[2 1 3 5 4],1747.6999999999643,0.49982622171829694,0.5001737782817032,0.6638294509334757,MI,[4 5 3 1 2],-62.50000000000006,10,3419.799999999963,0.0,False,3
9,0,4,[2 1 3 5 4],1747.6999999999643,0.49982622171829694,0.5001737782817032,0.633216173588456,MI,[4 5 3 1 2],-62.50000000000006,10,3419.799999999963,0.0,False,3
10,0,0,[2 1 3 5 4],1747.6999999999643,0.49982622171829694,0.5001737782817032,0.6188422582066778,MI,[4 5 3 1 2],-62.50000000000006,10,3419.799999999963,0.0,False,3
10,0,1,[2 1 3 5 4],1747.6999999999643,0.49982622171829694,0.5001737782817032,0.2574859578369151,SI,[4 5 3 1 2],-62.50000000000006,10,3419.799999999963,0.0,False,3
10,0,2,[2 1 3 5 4],1747.6999999999643,0.49982622171829694,0.5001737782817032,0.9507227637444067,MI,[4 5 3 1 2],-62.50000000000006,10,3419.799999999963,0.0,False,3
10,0,3,[2 1 3 5 4],1747.6999999999643,0.49982622171829694,0.5001737782817032,0.35315454054561835,SI,[4 5 3 1 2],-62.50000000000006,10,3419.799999999963,0.0,False,3
10,0,4,[2 1 3 5 4],1747.6999999999643,0.49982622171829694,0.5001737782817032,0.7489017110955029,MI,[4 5 3 1 2],-62.50000000000006,10,3419.799999999963,0.0,False,3
11,0,0,[2 1 3 5 4],1747.6999999999643,0.49982622171829694,0.5001737782817032,0.13190428487315842,SI,[4 5 3 1 2],-62.50000000000006,10,3419.799999999963,0.0,False,3
11,0,1,[2 1 3 5 4],1747.6999999999643,0.49982622171829694,0.5001737782817032,0.3461987215543878,SI,[4 5 3 1 2],-62.50000000000006,10,3419.799999999963,0.0,False,3
11,0,2,[2 1 3 5 4],1747.6999999999643,0.49982622171829694,0.5001737782817032,0.18560090982702693,SI,[2 4 5 3 1],-44.69999999999999,10,2568.2999999999593,0.0,False,3
11,0,3,[2 1 3 5 4],1747.6999999999643,0.49982622171829694,0.5001737782817032,0.48694619353142554,SI,[4 5 3 1 2],-62.50000000000006,10,3419.799999999963,0.0,False,3
11,0,4,[2 1 3 5 4],1747.6999999999643,0.49982622171829694,0.5001737782817032,0.2559212853537435,SI,[2 1 4 5 3],-0.30000000000001137,10,1755.1999999999643,0.0,False,3
12,0,0,[2 1 3 5 4],1747.6999999999643,0.49982622171829694,0.5001737782817032,0.7694486212934297,MI,[4 5 3 1 2],-62.50000000000006,10,3419.799999999963,0.0,False,3
12,0,1,[2 1 3 5 4],1747.6999999999643,0.49982622171829694,0.5001737782817032,0.50798131796951,MI,[2 4 5 3 1],-44.69999999999999,10,2568.2999999999593,0.0,False,3
12,0,2,[2 1 3 5 4],1747.6999999999643,0.49982622171829694,0.5001737782817032,0.7092246840524218,MI,[2 4 5 3 1],-44.69999999999999,10,2568.2999999999593,0.0,False,3
12,0,3,[2 1 3 5 4],1747.6999999999643,0.49982622171829694,0.5001737782817032,0.6018259185571243,MI,[2 4 5 3 1],-44.69999999999999,10,2568.2999999999593,0.0,False,3
12,0,4,[2 1 3 5 4],1747.6999999999643,0.49982622171829694,0.5001737782817032,0.2109034558358659,SI,[4 5 3 1 2],-62.50000000000006,10,3419.799999999963,0.0,False,3
13,0,0,[2 1 3 5 4],1747.6999999999643,0.49982622171829694,0.5001737782817032,0.20166671770518863,SI,[2 4 5 3 1],-44.69999999999999,10,2568.2999999999593,0.0,False,3
13,0,1,[2 1 3 5 4],1747.6999999999643,0.49982622171829694,0.5001737782817032,0.9038044987423837,MI,[2 4 5 3 1],-44.69999999999999,10,2568.2999999999593,0.0,False,3
13,0,2,[2 1 3 5 4],1747.6999999999643,0.49982622171829694,0.5001737782817032,0.8513959714165048,MI,[4 5 3 1 2],-62.50000000000006,10,3419.799999999963,0.0,False,3
13,0,3,[2 1 3 5 4],1747.6999999999643,0.49982622171829694,0.5001737782817032,0.16360779456855667,SI,[4 5 3 1 2],-62.50000000000006,10,3419.799999999963,0.0,False,3
13,0,4,[2 1 3 5 4],1747.6999999999643,0.49982622171829694,0.5001737782817032,0.5423572042283108,MI,[4 5 3 1 2],-62.50000000000006,10,3419.799999999963,0.0,False,3
14,0,0,[2 1 3 5 4],1747.6999999999643,0.49982622171829694,0.5001737782817032,0.5481014296477521,MI,[4 5 3 1 2],-62.50000000000006,10,3419.799999999963,0.0,False,3
14,0,1,[2 1 3 5 4],1747.6999999999643,0.49982622171829694,0.5001737782817032,0.6885992583679814,MI,[2 4 5 3 1],-44.69999999999999,10,2568.2999999999593,0.0,False,3
14,0,2,[2 1 3 5 4],1747.6999999999643,0.49982622171829694,0.5001737782817032,0.3036766839860464,SI,[4 5 3 1 2],-62.50000000000006,10,3419.799999999963,0.0,False,3
14,0,3,[2 1 3 5 4],1747.6999999999643,0.49982622171829694,0.5001737782817032,0.22870411005590952,SI,[2 4 5 3 1],-44.69999999999999,10,2568.2999999999593,0.0,False,3
14,0,4,[2 1 3 5 4],1747.6999999999643,0.49982622171829694,0.5001737782817032,0.8283669922934147,MI,[2 4 5 3 1],-44.69999999999999,10,2568.2999999999593,0.0,False,3
15,0,0,[2 1 3 5 4],1747.6999999999643,0.49982622171829694,0.5001737782817032,0.4628979523740957,SI,[4 5 3 1 2],-62.50000000000006,10,3419.799999999963,0.0,False,3
15,0,1,[2 1 3 5 4],1747.6999999999643,0.49982622171829694,0.5001737782817032,0.5816460870067046,MI,[4 5 3 1 2],-62.50000000000006,10,3419.799999999963,0.0,False,3
15,0,2,[2 1 3 5 4],1747.6999999999643,0.49982622171829694,0.5001737782817032,0.7175911709852768,MI,[2 4 5 3 1],-44.69999999999999,10,2568.2999999999593,0.0,False,3
15,0,3,[2 1 3 5 4],1747.6999999999643,0.49982622171829694,0.5001737782817032,0.3155130580935749,SI,[4 5 3 1 2],-62.50000000000006,10,3419.799999999963,0.0,False,3
15,0,4,[2 1 3 5 4],1747.6999999999643,0.49982622171829694,0.5001737782817032,0.9104487941605794,MI,[4 5 3 1 2],-62.50000000000006,10,3419.799999999963,0.0,False,3
16,0,0,[2 1 3 5 4],1747.6999999999643,0.49982622171829694,0.5001737782817032,0.9668357316291301,MI,[2 1 4 5 3],-0.30000000000001137,10,1755.1999999999643,0.0,False,3
16,0,1,[2 1 3 5 4],1747.6999999999643,0.49982622171829694,0.5001737782817032,0.6638368043147126,MI,[4 5 3 1 2],-62.50000000000006,10,3419.799999999963,0.0,False,3
16,0,2,[2 1 3 5 4],1747.6999999999643,0.49982622171829694,0.5001737782817032,0.40509067889862405,SI,[4 5 3 1 2],-62.50000000000006,10,3419.799999999963,0.0,False,3
16,0,3,[2 1 3 5 4],1747.6999999999643,0.49982622171829694,0.5001737782817032,0.5726959558708083,MI,[4 5 3 1 2],-62.50000000000006,10,3419.799999999963,0.0,False,3
16,0,4,[2 1 3 5 4],1747.6999999999643,0.49982622171829694,0.5001737782817032,0.16776334555938754,SI,[4 5 3 1 2],-62.50000000000006,10,3419.799999999963,0.0,False,3
17,0,0,[2 1 3 5 4],1747.6999999999643,0.49982622171829694,0.5001737782817032,0.8824612028830328,MI,[4 5 3 1 2],-62.50000000000006,10,3419.799999999963,0.0,False,3
17,0,1,[2 1 3 5 4],1747.6999999999643,0.49982622171829694,0.5001737782817032,0.71993088348889,MI,[4 5 3 1 2],-62.50000000000006,10,3419.799999999963,0.0,False,3
17,0,2,[2 1 3 5 4],1747.6999999999643,0.49982622171829694,0.5001737782817032,0.06772163490312766,SI,[4 5 3 1 2],-62.50000000000006,10,3419.799999999963,0.0,False,3
17,0,3,[2 1 3 5 4],1747.6999999999643,0.49982622171829694,0.5001737782817032,0.7508549830719812,MI,[4 5 3 1 2],-62.50000000000006,10,3419.799999999963,0.0,False,3
17,0,4,[2 1 3 5 4],1747.6999999999643,0.49982622171829694,0.5001737782817032,0.7017127335352732,MI,[4 5 3 1 2],-62.50000000000006,10,3419.799999999963,0.0,False,3
18,0,0,[2 1 3 5 4],1747.6999999999643,0.49982622171829694,0.5001737782817032,0.4839075541958424,SI,[2 4 5 3 1],-44.69999999999999,10,2568.2999999999593,0.0,False,3
18,0,1,[2 1 3 5 4],1747.6999999999643,0.49982622171829694,0.5001737782817032,0.31491820976218876,SI,[4 5 3 1 2],-62.50000000000006,10,3419.799999999963,0.0,False,3
18,0,2,[2 1 3 5 4],1747.6999999999643,0.49982622171829694,0.5001737782817032,0.1267609973921613,SI,[4 5 3 1 2],-62.50000000000006,10,3419.799999999963,0.0,False,3
18,0,3,[2 1 3 5 4],1747.6999999999643,0.49982622171829694,0.5001737782817032,0.14198828875785752,SI,[4 5 3 1 2],-62.50000000000006,10,3419.799999999963,0.0,False,3
18,0,4,[2 1 3 5 4],1747.6999999999643,0.49982622171829694,0.5001737782817032,0.9978095249972246,MI,[4 5 3 1 2],-62.50000000000006,10,3419.799999999963,0.0,False,3
19,0,0,[2 1 3 5 4],1747.6999999999643,0.49982622171829694,0.5001737782817032,0.8931642890101592,MI,[2 4 5 3 1],-44.69999999999999,10,2568.2999999999593,0.0,False,3
19,0,1,[2 1 3 5 4],1747.6999999999643,0.49982622171829694,0.5001737782817032,0.5467246623019053,MI,[4 5 3 1 2],-62.50000000000006,10,3419.799999999963,0.0,False,3
19,0,2,[2 1 3 5 4],1747.6999999999643,0.49982622171829694,0.5001737782817032,0.3116038792848821,SI,[4 5 3 1 2],-62.50000000000006,10,3419.799999999963,0.0,False,3
19,0,3,[2 1 3 5 4],1747.6999999999643,0.49982622171829694,0.5001737782817032,0.20846975400197865,SI,[2 4 5 3 1],-44.69999999999999,10,2568.2999999999593,0.0,False,3
19,0,4,[2 1 3 5 4],1747.6999999999643,0.49982622171829694,0.5001737782817032,0.6383801539063559,MI,[4 5 3 1 2],-62.50000000000006,10,3419.799999999963,0.0,False,3
20,0,0,[2 1 3 5 4],1747.6999999999643,0.49982622171829694,0.5001737782817032,0.9337707155819251,MI,[4 5 3 1 2],-62.50000000000006,10,3419.799999999963,0.0,False,3
20,0,1,[2 1 3 5 4],1747.6999999999643,0.49982622171829694,0.5001737782817032,0.5599907350890679,MI,[4 5 3 1 2],-62.50000000000006,10,3419.799999999963,0.0,False,3
20,0,2,[2 1 3 5 4],1747.6999999999643,0.49982622171829694,0.5001737782817032,0.7385189572025666,MI,[4 5 3 1 2],-62.50000000000006,10,3419.799999999963,0.0,False,3
20,0,3,[2 1 3 5 4],1747.6999999999643,0.49982622171829694,0.5001737782817032,0.39897688875845183,SI,[4 5 3 1 2],-62.50000000000006,10,3419.799999999963,0.0,False,3
20,0,4,[2 1 3 5 4],1747.6999999999643,0.49982622171829694,0.5001737782817032,0.8072825890547353,MI,[2 4 5 3 1],-44.69999999999999,10,2568.2999999999593,0.0,False,3
21,0,0,[2 1 3 5 4],1747.6999999999643,0.49982622171829694,0.5001737782817032,0.5966021928505086,MI,[2 4 5 3 1],-44.69999999999999,10,2568.2999999999593,0.0,False,3
21,0,1,[2 1 3 5 4],1747.6999999999643,0.49982622171829694,0.5001737782817032,0.7626847799148165,MI,[4 5 3 1 2],-62.50000000000006,10,3419.799999999963,0.0,False,3
21,0,2,[2 1 3 5 4],1747.6999999999643,0.49982622171829694,0.5001737782817032,0.5720531027946959,MI,[2 4 5 3 1],-44.69999999999999,10,2568.2999999999593,0.0,False,3
21,0,3,[2 1 3 5 4],1747.6999999999643,0.49982622171829694,0.5001737782817032,0.5030310537252518,MI,[2 1 4 5 3],-0.30000000000001137,10,1755.1999999999643,0.0,False,3
21,0,4,[2 1 3 5 4],1747.6999999999643,0.49982622171829694,0.5001737782817032,0.7563385847083811,MI,[2 1 4 5 3],-0.30000000000001137,10,1755.1999999999643,0.0,False,3
22,0,0,[2 1 3 5 4],1747.6999999999643,0.49982622171829694,0.5001737782817032,0.879891173491786,MI,[2 1 4 5 3],-0.30000000000001137,10,1755.1999999999643,0.0,False,3
22,0,1,[2 1 3 5 4],1747.6999999999643,0.49982622171829694,0.5001737782817032,0.9927059870759939,MI,[4 5 3 1 2],-62.50000000000006,10,3419.799999999963,0.0,False,3
22,0,2,[2 1 3 5 4],1747.6999999999643,0.49982622171829694,0.5001737782817032,0.21808520253271568,SI,[4 5 3 1 2],-62.50000000000006,10,3419.799999999963,0.0,False,3
22,0,3,[2 1 3 5 4],1747.6999999999643,0.49982622171829694,0.5001737782817032,0.8980175316865231,MI,[4 5 3 1 2],-62.50000000000006,10,3419.799999999963,0.0,False,3
22,0,4,[2 1 3 5 4],1747.6999999999643,0.49982622171829694,0.5001737782817032,0.9373770322585117,MI,[4 5 3 1 2],-62.50000000000006,10,3419.799999999963,0.0,False,3
23,0,0,[2 1 3 5 4],1747.6999999999643,0.49982622171829694,0.5001737782817032,0.02431908433803931,SI,[4 5 3 1 2],-62.50000000000006,10,3419.799999999963,0.0,False,3
23,0,1,[2 1 3 5 4],1747.6999999999643,0.49982622171829694,0.5001737782817032,0.4906442789677026,SI,[4 5 3 1 2],-62.50000000000006,10,3419.799999999963,0.0,False,3
23,0,2,[2 1 3 5 4],1747.6999999999643,0.49982622171829694,0.5001737782817032,0.9147667722359355,MI,[4 5 3 1 2],-62.50000000000006,10,3419.799999999963,0.0,False,3
23,0,3,[2 1 3 5 4],1747.6999999999643,0.49982622171829694,0.5001737782817032,0.2971719493929006,SI,[4 5 3 1 2],-62.50000000000006,10,3419.799999999963,0.0,False,3
23,0,4,[2 1 3 5 4],1747.6999999999643,0.49982622171829694,0.5001737782817032,0.6913869334439523,MI,[4 5 3 1 2],-62.50000000000006,10,3419.799999999963,0.0,False,3
24,0,0,[2 1 3 5 4],1747.6999999999643,0.49982622171829694,0.5001737782817032,0.3167673141826891,SI,[4 5 3 1 2],-62.50000000000006,10,3419.799999999963,0.0,False,3
24,0,1,[2 1 3 5 4],1747.6999999999643,0.49982622171829694,0.5001737782817032,0.7472491908613463,MI,[4 5 3 1 2],-62.50000000000006,10,3419.799999999963,0.0,False,3
24,0,2,[2 1 3 5 4],1747.6999999999643,0.49982622171829694,0.5001737782817032,0.9401729891730177,MI,[4 5 3 1 2],-62.50000000000006,10,3419.799999999963,0.0,False,3
24,0,3,[2 1 3 5 4],1747.6999999999643,0.49982622171829694,0.5001737782817032,0.480119342472191,SI,[4 5 3 1 2],-62.50000000000006,10,3419.799999999963,0.0,False,3
24,0,4,[2 1 3 5 4],1747.6999999999643,0.49982622171829694,0.5001737782817032,0.9454627164550015,MI,[4 5 3 1 2],-62.50000000000006,10,3419.799999999963,0.0,False,3
25,0,0,[2 1 3 5 4],1747.6999999999643,0.49982622171829694,0.5001737782817032,0.13571773711069945,SI,[4 5 3 1 2],-62.50000000000006,10,3419.799999999963,0.0,False,3
25,0,1,[2 1 3 5 4],1747.6999999999643,0.49982622171829694,0.5001737782817032,0.42887616127785455,SI,[2 4 5 3 1],-44.69999999999999,10,2568.2999999999593,0.0,False,3
25,0,2,[2 1 3 5 4],1747.6999999999643,0.49982622171829694,0.5001737782817032,0.8887929549033071,MI,[4 5 3 1 2],-62.50000000000006,10,3419.799999999963,0.0,False,3
25,0,3,[2 1 3 5 4],1747.6999999999643,0.49982622171829694,0.5001737782817032,0.7699465293103273,MI,[4 5 3 1 2],-62.50000000000006,10,3419.799999999963,0.0,False,3
25,0,4,[2 1 3 5 4],1747.6999999999643,0.49982622171829694,0.5001737782817032,0.584338300561338,MI,[2 4 5 3 1],-44.69999999999999,10,2568.2999999999593,0.0,False,3
26,0,0,[2 1 3 5 4],1747.6999999999643,0.49982622171829694,0.5001737782817032,0.5562216683048236,MI,[2 4 5 3 1],-44.69999999999999,10,2568.2999999999593,0.0,False,3
26,0,1,[2 1 3 5 4],1747.6999999999643,0.49982622171829694,0.5001737782817032,0.15263486154420136,SI,[4 5 3 1 2],-62.50000000000006,10,3419.799999999963,0.0,False,3
26,0,2,[2 1 3 5 4],1747.6999999999643,0.49982622171829694,0.5001737782817032,0.22466977235409735,SI,[4 5 3 1 2],-62.50000000000006,10,3419.799999999963,0.0,False,3
26,0,3,[2 1 3 5 4],1747.6999999999643,0.49982622171829694,0.5001737782817032,0.557952456369462,MI,[4 5 3 1 2],-62.50000000000006,10,3419.799999999963,0.0,False,3
26,0,4,[2 1 3 5 4],1747.6999999999643,0.49982622171829694,0.5001737782817032,0.15862248365487608,SI,[4 5 3 1 2],-62.50000000000006,10,3419.799999999963,0.0,False,3
27,0,0,[2 1 3 5 4],1747.6999999999643,0.49982622171829694,0.5001737782817032,0.3761798709090076,SI,[4 5 3 1 2],-62.50000000000006,10,3419.799999999963,0.0,False,3
27,0,1,[2 1 3 5 4],1747.6999999999643,0.49982622171829694,0.5001737782817032,0.9741324564627651,MI,[2 4 5 3 1],-44.69999999999999,10,2568.2999999999593,0.0,False,3
27,0,2,[2 1 3 5 4],1747.6999999999643,0.49982622171829694,0.5001737782817032,0.7940592668904944,MI,[4 5 3 1 2],-62.50000000000006,10,3419.799999999963,0.0,False,3
27,0,3,[2 1 3 5 4],1747.6999999999643,0.49982622171829694,0.5001737782817032,0.5534892525696026,MI,[2 4 5 3 1],-44.69999999999999,10,2568.2999999999593,0.0,False,3
27,0,4,[2 1 3 5 4],1747.6999999999643,0.49982622171829694,0.5001737782817032,0.21747543432248706,SI,[2 4 5 3 1],-44.69999999999999,10,2568.2999999999593,0.0,False,3
28,0,0,[2 1 3 5 4],1747.6999999999643,0.49982622171829694,0.5001737782817032,0.9863504783458733,MI,[2 4 5 3 1],-44.69999999999999,10,2568.2999999999593,0.0,False,3
28,0,1,[2 1 3 5 4],1747.6999999999643,0.49982622171829694,0.5001737782817032,0.8453612386951027,MI,[4 5 3 1 2],-62.50000000000006,10,3419.799999999963,0.0,False,3
28,0,2,[2 1 3 5 4],1747.6999999999643,0.49982622171829694,0.5001737782817032,0.7183017748445978,MI,[4 5 3 1 2],-62.50000000000006,10,3419.799999999963,0.0,False,3
28,0,3,[2 1 3 5 4],1747.6999999999643,0.49982622171829694,0.5001737782817032,0.4570647934927613,SI,[4 5 3 1 2],-62.50000000000006,10,3419.799999999963,0.0,False,3
28,0,4,[2 1 3 5 4],1747.6999999999643,0.49982622171829694,0.5001737782817032,0.7975099541097271,MI,[2 4 5 3 1],-44.69999999999999,10,2568.2999999999593,0.0,False,3
29,0,0,[2 1 3 5 4],1747.6999999999643,0.49982622171829694,0.5001737782817032,0.8417634713586749,MI,[4 5 3 1 2],-62.50000000000006,10,3419.799999999963,0.0,False,3
29,0,1,[2 1 3 5 4],1747.6999999999643,0.49982622171829694,0.5001737782817032,0.04065879302649644,SI,[4 5 3 1 2],-62.50000000000006,10,3419.799999999963,0.0,False,3
29,0,2,[2 1 3 5 4],1747.6999999999643,0.49982622171829694,0.5001737782817032,0.1259390921607485,SI,[4 5 3 1 2],-62.50000000000006,10,3419.799999999963,0.0,False,3
29,0,3,[2 1 3 5 4],1747.6999999999643,0.49982622171829694,0.5001737782817032,0.5681134992056873,MI,[4 5 3 1 2],-62.50000000000006,10,3419.799999999963,0.0,False,3
29,0,4,[2 1 3 5 4],1747.6999999999643,0.49982622171829694,0.5001737782817032,0.02216954061089338,SI,[4 5 3 1 2],-62.50000000000006,10,3419.799999999963,0.0,False,3
30,0,0,[2 1 3 5 4],1747.6999999999643,0.49982622171829694,0.5001737782817032,0.41703908838331116,SI,[4 5 3 1 2],-62.50000000000006,10,3419.799999999963,0.0,False,3
30,0,1,[2 1 3 5 4],1747.6999999999643,0.49982622171829694,0.5001737782817032,0.6161355693069939,MI,[2 4 5 3 1],-44.69999999999999,10,2568.2999999999593,0.0,False,3
30,0,2,[2 1 3 5 4],1747.6999999999643,0.49982622171829694,0.5001737782817032,0.8605385703697052,MI,[2 4 5 3 1],-44.69999999999999,10,2568.2999999999593,0.0,False,3
30,0,3,[2 1 3 5 4],1747.6999999999643,0.49982622171829694,0.5001737782817032,0.9037020754843276,MI,[4 5 3 1 2],-62.50000000000006,10,3419.799999999963,0.0,False,3
30,0,4,[2 1 3 5 4],1747.6999999999643,0.49982622171829694,0.5001737782817032,0.5581817419868672,MI,[2 4 5 3 1],-44.69999999999999,10,2568.2999999999593,0.0,False,3
31,0,0,[2 1 3 5 4],1747.6999999999643,0.49982622171829694,0.5001737782817032,0.8193648098153535,MI,[4 5 3 1 2],-62.50000000000006,10,3419.799999999963,0.0,False,3
31,0,1,[2 1 3 5 4],1747.6999999999643,0.49982622171829694,0.5001737782817032,0.10573562776075673,SI,[4 5 3 1 2],-62.50000000000006,10,3419.799999999963,0.0,False,3
31,0,2,[2 1 3 5 4],1747.6999999999643,0.49982622171829694,0.5001737782817032,0.8921640021858178,MI,[2 1 4 5 3],-0.30000000000001137,10,1755.1999999999643,0.0,False,3
31,0,3,[2 1 3 5 4],1747.6999999999643,0.49982622171829694,0.5001737782817032,0.866308182419653,MI,[4 5 3 1 2],-62.50000000000006,10,3419.799999999963,0.0,False,3
31,0,4,[2 1 3 5 4],1747.6999999999643,0.49982622171829694,0.5001737782817032,0.5290097232612548,MI,[4 5 3 1 2],-62.50000000000006,10,3419.799999999963,0.0,False,3
32,0,0,[2 1 3 5 4],1747.6999999999643,0.49982622171829694,0.5001737782817032,0.6755599882266403,MI,[4 5 3 1 2],-62.50000000000006,10,3419.799999999963,0.0,False,3
32,0,1,[2 1 3 5 4],1747.6999999999643,0.49982622171829694,0.5001737782817032,0.1095283940303633,SI,[2 4 5 3 1],-44.69999999999999,10,2568.2999999999593,0.0,False,3
32,0,2,[2 1 3 5 4],1747.6999999999643,0.49982622171829694,0.5001737782817032,0.8815456503495198,MI,[2 4 5 3 1],-44.69999999999999,10,2568.2999999999593,0.0,False,3
32,0,3,[2 1 3 5 4],1747.6999999999643,0.49982622171829694,0.5001737782817032,0.6362489395355753,MI,[2 1 4 5 3],-0.30000000000001137,10,1755.1999999999643,0.0,False,3
32,0,4,[2 1 3 5 4],1747.6999999999643,0.49982622171829694,0.5001737782817032,0.7455128442726409,MI,[2 4 5 3 1],-44.69999999999999,10,2568.2999999999593,0.0,False,3
33,0,0,[2 1 3 5 4],1747.6999999999643,0.49982622171829694,0.5001737782817032,0.05773003055036352,SI,[4 5 3 1 2],-62.50000000000006,10,3419.799999999963,0.0,False,3
33,0,1,[2 1 3 5 4],1747.6999999999643,0.49982622171829694,0.5001737782817032,0.5271816991379221,MI,[4 5 3 1 2],-62.50000000000006,10,3419.799999999963,0.0,False,3
33,0,2,[2 1 3 5 4],1747.6999999999643,0.49982622171829694,0.5001737782817032,0.960777216334481,MI,[4 5 3 1 2],-62.50000000000006,10,3419.799999999963,0.0,False,3
33,0,3,[2 1 3 5 4],1747.6999999999643,0.49982622171829694,0.5001737782817032,0.5929272863421131,MI,[2 4 5 3 1],-44.69999999999999,10,2568.2999999999593,0.0,False,3
33,0,4,[2 1 3 5 4],1747.6999999999643,0.49982622171829694,0.5001737782817032,0.3510316851204359,SI,[4 5 3 1 2],-62.50000000000006,10,3419.799999999963,0.0,False,3
34,0,0,[2 1 3 5 4],1747.6999999999643,0.49982622171829694,0.5001737782817032,0.8875104664693707,MI,[2 4 5 3 1],-44.69999999999999,10,2568.2999999999593,0.0,False,3
34,0,1,[2 1 3 5 4],1747.6999999999643,0.49982622171829694,0.5001737782817032,0.6934038664774264,MI,[4 5 3 1 2],-62.50000000000006,10,3419.799999999963,0.0,False,3
34,0,2,[2 1 3 5 4],1747.6999999999643,0.49982622171829694,0.5001737782817032,0.7193886283648917,MI,[4 5 3 1 2],-62.50000000000006,10,3419.799999999963,0.0,False,3
34,0,3,[2 1 3 5 4],1747.6999999999643,0.49982622171829694,0.5001737782817032,0.39597433655441905,SI,[2 4 5 3 1],-44.69999999999999,10,2568.2999999999593,0.0,False,3
34,0,4,[2 1 3 5 4],1747.6999999999643,0.49982622171829694,0.5001737782817032,0.8325454067229707,MI,[4 5 3 1 2],-62.50000000000006,10,3419.799999999963,0.0,False,3
35,0,0,[2 1 3 5 4],1747.6999999999643,0.49982622171829694,0.5001737782817032,0.969852719619073,MI,[4 5 3 1 2],-62.50000000000006,10,3419.799999999963,0.0,False,3
35,0,1,[2 1 3 5 4],1747.6999999999643,0.49982622171829694,0.5001737782817032,0.8909398909380246,MI,[4 5 3 1 2],-62.50000000000006,10,3419.799999999963,0.0,False,3
35,0,2,[2 1 3 5 4],1747.6999999999643,0.49982622171829694,0.5001737782817032,0.645026036647686,MI,[2 4 5 3 1],-44.69999999999999,10,2568.2999999999593,0.0,False,3
35,0,3,[2 1 3 5 4],1747.6999999999643,0.49982622171829694,0.5001737782817032,0.5468469645016507,MI,[2 4 5 3 1],-44.69999999999999,10,2568.2999999999593,0.0,False,3
35,0,4,[2 1 3 5 4],1747.6999999999643,0.49982622171829694,0.5001737782817032,0.34700636194514844,SI,[4 5 3 1 2],-62.50000000000006,10,3419.799999999963,0.0,False,3
36,0,0,[2 1 3 5 4],1747.6999999999643,0.49982622171829694,0.5001737782817032,0.5913218665813064,MI,[2 4 5 3 1],-44.69999999999999,10,2568.2999999999593,0.0,False,3
36,0,1,[2 1 3 5 4],1747.6999999999643,0.49982622171829694,0.5001737782817032,0.7491470706488221,MI,[2 4 5 3 1],-44.69999999999999,10,2568.2999999999593,0.0,False,3
36,0,2,[2 1 3 5 4],1747.6999999999643,0.49982622171829694,0.5001737782817032,0.1892392423792536,SI,[4 5 3 1 2],-62.50000000000006,10,3419.799999999963,0.0,False,3
36,0,3,[2 1 3 5 4],1747.6999999999643,0.49982622171829694,0.5001737782817032,0.9335135420951216,MI,[2 4 5 3 1],-44.69999999999999,10,2568.2999999999593,0.0,False,3
36,0,4,[2 1 3 5 4],1747.6999999999643,0.49982622171829694,0.5001737782817032,0.6948517269635295,MI,[2 1 4 5 3],-0.30000000000001137,10,1755.1999999999643,0.0,False,3
37,0,0,[2 1 3 5 4],1747.6999999999643,0.49982622171829694,0.5001737782817032,0.5188593863111765,MI,[2 4 5 3 1],-44.69999999999999,10,2568.2999999999593,0.0,False,3
37,0,1,[2 1 3 5 4],1747.6999999999643,0.49982622171829694,0.5001737782817032,0.4743281682139784,SI,[4 5 3 1 2],-62.50000000000006,10,3419.799999999963,0.0,False,3
37,0,2,[2 1 3 5 4],1747.6999999999643,0.49982622171829694,0.5001737782817032,0.7684603991479282,MI,[2 4 5 3 1],-44.69999999999999,10,2568.2999999999593,0.0,False,3
37,0,3,[2 1 3 5 4],1747.6999999999643,0.49982622171829694,0.5001737782817032,0.8747118469427935,MI,[2 4 5 3 1],-44.69999999999999,10,2568.2999999999593,0.0,False,3
37,0,4,[2 1 3 5 4],1747.6999999999643,0.49982622171829694,0.5001737782817032,0.6862616744578177,MI,[4 5 3 1 2],-62.50000000000006,10,3419.799999999963,0.0,False,3
38,0,0,[2 1 3 5 4],1747.6999999999643,0.49982622171829694,0.5001737782817032,0.8821396439633756,MI,[4 5 3 1 2],-62.50000000000006,10,3419.799999999963,0.0,False,3
38,0,1,[2 1 3 5 4],1747.6999999999643,0.49982622171829694,0.5001737782817032,0.9469072596470631,MI,[4 5 3 1 2],-62.50000000000006,10,3419.799999999963,0.0,False,3
38,0,2,[2 1 3 5 4],1747.6999999999643,0.49982622171829694,0.5001737782817032,0.882248758984055,MI,[4 5 3 1 2],-62.50000000000006,10,3419.799999999963,0.0,False,3
38,0,3,[2 1 3 5 4],1747.6999999999643,0.49982622171829694,0.5001737782817032,0.8640526541393545,MI,[2 1 4 5 3],-0.30000000000001137,10,1755.1999999999643,0.0,False,3
38,0,4,[2 1 3 5 4],1747.6999999999643,0.49982622171829694,0.5001737782817032,0.21641504668868883,SI,[2 4 5 3 1],-44.69999999999999,10,2568.2999999999593,0.0,False,3
39,0,0,[2 1 3 5 4],1747.6999999999643,0.49982622171829694,0.5001737782817032,0.1022310637454138,SI,[4 5 3 1 2],-62.50000000000006,10,3419.799999999963,0.0,False,3
39,0,1,[2 1 3 5 4],1747.6999999999643,0.49982622171829694,0.5001737782817032,0.6482094889469466,MI,[4 5 3 1 2],-62.50000000000006,10,3419.799999999963,0.0,False,3
39,0,2,[2 1 3 5 4],1747.6999999999643,0.49982622171829694,0.5001737782817032,0.25282932179064044,SI,[4 5 3 1 2],-62.50000000000006,10,3419.799999999963,0.0,False,3
39,0,3,[2 1 3 5 4],1747.6999999999643,0.49982622171829694,0.5001737782817032,0.2940504858460413,SI,[4 5 3 1 2],-62.50000000000006,10,3419.799999999963,0.0,False,3
39,0,4,[2 1 3 5 4],1747.6999999999643,0.49982622171829694,0.5001737782817032,0.012727448306443345,SI,[4 5 3 1 2],-62.50000000000006,10,3419.799999999963,0.0,False,3
40,0,0,[2 1 3 5 4],1747.6999999999643,0.49982622171829694,0.5001737782817032,0.8092650260857341,MI,[4 5 3 1 2],-62.50000000000006,10,3419.799999999963,0.0,False,3
40,0,1,[2 1 3 5 4],1747.6999999999643,0.49982622171829694,0.5001737782817032,0.06065130337189473,SI,[4 5 3 1 2],-62.50000000000006,10,3419.799999999963,0.0,False,3
40,0,2,[2 1 3 5 4],1747.6999999999643,0.49982622171829694,0.5001737782817032,0.2990325550441081,SI,[4 5 3 1 2],-62.50000000000006,10,3419.799999999963,0.0,False,3
40,0,3,[2 1 3 5 4],1747.6999999999643,0.49982622171829694,0.5001737782817032,0.4034153336254751,SI,[4 5 3 1 2],-62.50000000000006,10,3419.799999999963,0.0,False,3
40,0,4,[2 1 3 5 4],1747.6999999999643,0.49982622171829694,0.5001737782817032,0.38420671475294255,SI,[2 4 5 3 1],-44.69999999999999,10,2568.2999999999593,0.0,False,3
41,0,0,[2 1 3 5 4],1747.6999999999643,0.49982622171829694,0.5001737782817032,0.1233210414351168,SI,[4 5 3 1 2],-62.50000000000006,10,3419.799999999963,0.0,False,3
41,0,1,[2 1 3 5 4],1747.6999999999643,0.49982622171829694,0.5001737782817032,0.8453158208607069,MI,[2 1 4 5 3],-0.30000000000001137,10,1755.1999999999643,0.0,False,3
41,0,2,[2 1 3 5 4],1747.6999999999643,0.49982622171829694,0.5001737782817032,0.6203817666110697,MI,[4 5 3 1 2],-62.50000000000006,10,3419.799999999963,0.0,False,3
41,0,3,[2 1 3 5 4],1747.6999999999643,0.49982622171829694,0.5001737782817032,0.6334027011375897,MI,[4 5 3 1 2],-62.50000000000006,10,3419.799999999963,0.0,False,3
41,0,4,[2 1 3 5 4],1747.6999999999643,0.49982622171829694,0.5001737782817032,0.6707052333188434,MI,[4 5 3 1 2],-62.50000000000006,10,3419.799999999963,0.0,False,3
42,0,0,[2 1 3 5 4],1747.6999999999643,0.49982622171829694,0.5001737782817032,0.24202578205944625,SI,[4 5 3 1 2],-62.50000000000006,10,3419.799999999963,0.0,False,3
42,0,1,[2 1 3 5 4],1747.6999999999643,0.49982622171829694,0.5001737782817032,0.836221753371036,MI,[2 4 5 3 1],-44.69999999999999,10,2568.2999999999593,0.0,False,3
42,0,2,[2 1 3 5 4],1747.6999999999643,0.49982622171829694,0.5001737782817032,0.5265403969460263,MI,[4 5 3 1 2],-62.50000000000006,10,3419.799999999963,0.0,False,3
42,0,3,[2 1 3 5 4],1747.6999999999643,0.49982622171829694,0.5001737782817032,0.24825268825160074,SI,[4 5 3 1 2],-62.50000000000006,10,3419.799999999963,0.0,False,3
42,0,4,[2 1 3 5 4],1747.6999999999643,0.49982622171829694,0.5001737782817032,0.6611420822923665,MI,[2 4 5 3 1],-44.69999999999999,10,2568.2999999999593,0.0,False,3
43,0,0,[2 1 3 5 4],1747.6999999999643,0.49982622171829694,0.5001737782817032,0.83347711690524,MI,[4 5 3 1 2],-62.50000000000006,10,3419.799999999963,0.0,False,3
43,0,1,[2 1 3 5 4],1747.6999999999643,0.49982622171829694,0.5001737782817032,0.9923142113900139,MI,[4 5 3 1 2],-62.50000000000006,10,3419.799999999963,0.0,False,3
43,0,2,[2 1 3 5 4],1747.6999999999643,0.49982622171829694,0.5001737782817032,0.284882761334716,SI,[4 5 3 1 2],-62.50000000000006,10,3419.799999999963,0.0,False,3
43,0,3,[2 1 3 5 4],1747.6999999999643,0.49982622171829694,0.5001737782817032,0.2989536997741137,SI,[2 4 5 3 1],-44.69999999999999,10,2568.2999999999593,0.0,False,3
43,0,4,[2 1 3 5 4],1747.6999999999643,0.49982622171829694,0.5001737782817032,0.8786626811830593,MI,[4 5 3 1 2],-62.50000000000006,10,3419.799999999963,0.0,False,3
44,0,0,[2 1 3 5 4],1747.6999999999643,0.49982622171829694,0.5001737782817032,0.829837700614685,MI,[2 1 4 5 3],-0.30000000000001137,10,1755.1999999999643,0.0,False,3
44,0,1,[2 1 3 5 4],1747.6999999999643,0.49982622171829694,0.5001737782817032,0.8033918276318488,MI,[4 5 3 1 2],-62.50000000000006,10,3419.799999999963,0.0,False,3
44,0,2,[2 1 3 5 4],1747.6999999999643,0.49982622171829694,0.5001737782817032,0.8117711143787443,MI,[2 1 4 5 3],-0.30000000000001137,10,1755.1999999999643,0.0,False,3
44,0,3,[2 1 3 5 4],1747.6999999999643,0.49982622171829694,0.5001737782817032,0.9676952103207908,MI,[2 4 5 3 1],-44.69999999999999,10,2568.2999999999593,0.0,False,3
44,0,4,[2 1 3 5 4],1747.6999999999643,0.49982622171829694,0.5001737782817032,0.7233242585941515,MI,[2 4 5 3 1],-44.69999999999999,10,2568.2999999999593,0.0,False,3
45,0,0,[2 1 3 5 4],1747.6999999999643,0.49982622171829694,0.5001737782817032,0.858610327205886,MI,[4 5 3 1 2],-62.50000000000006,10,3419.799999999963,0.0,False,3
45,0,1,[2 1 3 5 4],1747.6999999999643,0.49982622171829694,0.5001737782817032,0.9563328696235235,MI,[4 5 3 1 2],-62.50000000000006,10,3419.799999999963,0.0,False,3
45,0,2,[2 1 3 5 4],1747.6999999999643,0.49982622171829694,0.5001737782817032,0.11792761733870827,SI,[4 5 3 1 2],-62.50000000000006,10,3419.799999999963,0.0,False,3
45,0,3,[2 1 3 5 4],1747.6999999999643,0.49982622171829694,0.5001737782817032,0.304445625885448,SI,[4 5 3 1 2],-62.50000000000006,10,3419.799999999963,0.0,False,3
45,0,4,[2 1 3 5 4],1747.6999999999643,0.49982622171829694,0.5001737782817032,0.19535414392353123,SI,[4 5 3 1 2],-62.50000000000006,10,3419.799999999963,0.0,False,3
46,0,0,[2 1 3 5 4],1747.6999999999643,0.49982622171829694,0.5001737782817032,0.1345236272407112,SI,[2 1 4 5 3],-0.30000000000001137,10,1755.1999999999643,0.0,False,3
46,0,1,[2 1 3 5 4],1747.6999999999643,0.49982622171829694,0.5001737782817032,0.45340232949949955,SI,[2 4 5 3 1],-44.69999999999999,10,2568.2999999999593,0.0,False,3
46,0,2,[2 1 3 5 4],1747.6999999999643,0.49982622171829694,0.5001737782817032,0.3122746684752412,SI,[4 5 3 1 2],-62.50000000000006,10,3419.799999999963,0.0,False,3
46,0,3,[2 1 3 5 4],1747.6999999999643,0.49982622171829694,0.5001737782817032,0.1348919592520198,SI,[4 5 3 1 2],-62.50000000000006,10,3419.799999999963,0.0,False,3
46,0,4,[2 1 3 5 4],1747.6999999999643,0.49982622171829694,0.5001737782817032,0.885386130850769,MI,[4 5 3 1 2],-62.50000000000006,10,3419.799999999963,0.0,False,3
47,0,0,[2 1 3 5 4],1747.6999999999643,0.49982622171829694,0.5001737782817032,0.907188896464392,MI,[4 5 3 1 2],-62.50000000000006,10,3419.799999999963,0.0,False,3
47,0,1,[2 1 3 5 4],1747.6999999999643,0.49982622171829694,0.5001737782817032,0.7363374264180367,MI,[2 4 5 3 1],-44.69999999999999,10,2568.2999999999593,0.0,False,3
47,0,2,[2 1 3 5 4],1747.6999999999643,0.49982622171829694,0.5001737782817032,0.42787244933330315,SI,[4 5 3 1 2],-62.50000000000006,10,3419.799999999963,0.0,False,3
47,0,3,[2 1 3 5 4],1747.6999999999643,0.49982622171829694,0.5001737782817032,0.5653992466659875,MI,[4 5 3 1 2],-62.50000000000006,10,3419.799999999963,0.0,False,3
47,0,4,[2 1 3 5 4],1747.6999999999643,0.49982622171829694,0.5001737782817032,0.49908333082397793,SI,[4 5 3 1 2],-62.50000000000006,10,3419.799999999963,0.0,False,3
48,0,0,[2 1 3 5 4],1747.6999999999643,0.49982622171829694,0.5001737782817032,0.26839037785569664,SI,[2 4 5 3 1],-44.69999999999999,10,2568.2999999999593,0.0,False,3
48,0,1,[2 1 3 5 4],1747.6999999999643,0.49982622171829694,0.5001737782817032,0.47905017292671526,SI,[4 5 3 1 2],-62.50000000000006,10,3419.799999999963,0.0,False,3
48,0,2,[2 1 3 5 4],1747.6999999999643,0.49982622171829694,0.5001737782817032,0.17763907536957357,SI,[4 5 3 1 2],-62.50000000000006,10,3419.799999999963,0.0,False,3
48,0,3,[2 1 3 5 4],1747.6999999999643,0.49982622171829694,0.5001737782817032,0.7004304831270238,MI,[2 4 5 3 1],-44.69999999999999,10,2568.2999999999593,0.0,False,3
48,0,4,[2 1 3 5 4],1747.6999999999643,0.49982622171829694,0.5001737782817032,0.37647374635383757,SI,[4 5 3 1 2],-62.50000000000006,10,3419.799999999963,0.0,False,3
49,0,0,[2 1 3 5 4],1747.6999999999643,0.49982622171829694,0.5001737782817032,0.22482163524975907,SI,[2 4 5 3 1],-44.69999999999999,10,2568.2999999999593,0.0,False,3
49,0,1,[2 1 3 5 4],1747.6999999999643,0.49982622171829694,0.5001737782817032,0.37764971194165875,SI,[4 5 3 1 2],-62.50000000000006,10,3419.799999999963,0.0,False,3
49,0,2,[2 1 3 5 4],1747.6999999999643,0.49982622171829694,0.5001737782817032,0.7157770580194025,MI,[4 5 3 1 2],-62.50000000000006,10,3419.799999999963,0.0,False,3
49,0,3,[2 1 3 5 4],1747.6999999999643,0.49982622171829694,0.5001737782817032,0.6143708874079433,MI,[2 4 5 3 1],-44.69999999999999,10,2568.2999999999593,0.0,False,3
49,0,4,[2 1 3 5 4],1747.6999999999643,0.49982622171829694,0.5001737782817032,0.5671025582917413,MI,[2 4 5 3 1],-44.69999999999999,10,2568.2999999999593,0.0,False,3
50,0,0,[2 1 3 5 4],1747.6999999999643,0.49982622171829694,0.5001737782817032,0.41127756235578394,SI,[2 4 5 3 1],-44.69999999999999,10,2568.2999999999593,0.0,False,3
50,0,1,[2 1 3 5 4],1747.6999999999643,0.49982622171829694,0.5001737782817032,0.8408384554586429,MI,[2 1 4 5 3],-0.30000000000001137,10,1755.1999999999643,0.0,False,3
50,0,2,[2 1 3 5 4],1747.6999999999643,0.49982622171829694,0.5001737782817032,0.040675845811373734,SI,[4 5 3 1 2],-62.50000000000006,10,3419.799999999963,0.0,False,3
50,0,3,[2 1 3 5 4],1747.6999999999643,0.49982622171829694,0.5001737782817032,0.9795786273849407,MI,[2 4 5 3 1],-44.69999999999999,10,2568.2999999999593,0.0,False,3
50,0,4,[2 1 3 5 4],1747.6999999999643,0.49982622171829694,0.5001737782817032,0.4369356461118997,SI,[4 5 3 1 2],-62.50000000000006,10,3419.799999999963,0.0,False,3
51,0,0,[2 1 3 5 4],1747.6999999999643,0.49982622171829694,0.5001737782817032,0.8484819351329218,MI,[2 4 5 3 1],-44.69999999999999,10,2568.2999999999593,0.0,False,3
51,0,1,[2 1 3 5 4],1747.6999999999643,0.49982622171829694,0.5001737782817032,0.8177250140099724,MI,[4 5 3 1 2],-62.50000000000006,10,3419.799999999963,0.0,False,3
51,0,2,[2 1 3 5 4],1747.6999999999643,0.49982622171829694,0.5001737782817032,0.18057298422261026,SI,[4 5 3 1 2],-62.50000000000006,10,3419.799999999963,0.0,False,3
51,0,3,[2 1 3 5 4],1747.6999999999643,0.49982622171829694,0.5001737782817032,0.83950930852216,MI,[2 1 4 5 3],-0.30000000000001137,10,1755.1999999999643,0.0,False,3
51,0,4,[2 1 3 5 4],1747.6999999999643,0.49982622171829694,0.5001737782817032,0.22161409770675655,SI,[2 4 5 3 1],-44.69999999999999,10,2568.2999999999593,0.0,False,3
52,0,0,[2 1 3 5 4],1747.6999999999643,0.49982622171829694,0.5001737782817032,0.513194719850976,MI,[4 5 3 1 2],-62.50000000000006,10,3419.799999999963,0.0,False,3
52,0,1,[2 1 3 5 4],1747.6999999999643,0.49982622171829694,0.5001737782817032,0.04682512600779265,SI,[2 1 4 5 3],-0.30000000000001137,10,1755.1999999999643,0.0,False,3
52,0,2,[2 1 3 5 4],1747.6999999999643,0.49982622171829694,0.5001737782817032,0.6500329668954531,MI,[4 5 3 1 2],-62.50000000000006,10,3419.799999999963,0.0,False,3
52,0,3,[2 1 3 5 4],1747.6999999999643,0.49982622171829694,0.5001737782817032,0.6182512403321662,MI,[4 5 3 1 2],-62.50000000000006,10,3419.799999999963,0.0,False,3
52,0,4,[2 1 3 5 4],1747.6999999999643,0.49982622171829694,0.5001737782817032,0.0016754291633694907,SI,[4 5 3 1 2],-62.50000000000006,10,3419.799999999963,0.0,False,3
53,0,0,[2 1 3 5 4],1747.6999999999643,0.49982622171829694,0.5001737782817032,0.9946966203741544,MI,[4 5 3 1 2],-62.50000000000006,10,3419.799999999963,0.0,False,3
53,0,1,[2 1 3 5 4],1747.6999999999643,0.49982622171829694,0.5001737782817032,0.3293057000560655,SI,[4 5 3 1 2],-62.50000000000006,10,3419.799999999963,0.0,False,3
53,0,2,[2 1 3 5 4],1747.6999999999643,0.49982622171829694,0.5001737782817032,0.7799084564220171,MI,[4 5 3 1 2],-62.50000000000006,10,3419.799999999963,0.0,False,3
53,0,3,[2 1 3 5 4],1747.6999999999643,0.49982622171829694,0.5001737782817032,0.2433934937903054,SI,[4 5 3 1 2],-62.50000000000006,10,3419.799999999963,0.0,False,3
53,0,4,[2 1 3 5 4],1747.6999999999643,0.49982622171829694,0.5001737782817032,0.041859137950120084,SI,[4 5 3 1 2],-62.50000000000006,10,3419.799999999963,0.0,False,3
54,0,0,[2 1 3 5 4],1747.6999999999643,0.49982622171829694,0.5001737782817032,0.1470179075965935,SI,[4 5 3 1 2],-62.50000000000006,10,3419.799999999963,0.0,False,3
54,0,1,[2 1 3 5 4],1747.6999999999643,0.49982622171829694,0.5001737782817032,0.11240595946019727,SI,[2 4 5 3 1],-44.69999999999999,10,2568.2999999999593,0.0,False,3
54,0,2,[2 1 3 5 4],1747.6999999999643,0.49982622171829694,0.5001737782817032,0.8182903095221,MI,[4 5 3 1 2],-62.50000000000006,10,3419.799999999963,0.0,False,3
54,0,3,[2 1 3 5 4],1747.6999999999643,0.49982622171829694,0.5001737782817032,0.970739839787215,MI,[2 4 5 3 1],-44.69999999999999,10,2568.2999999999593,0.0,False,3
54,0,4,[2 1 3 5 4],1747.6999999999643,0.49982622171829694,0.5001737782817032,0.2569967625373659,SI,[2 4 5 3 1],-44.69999999999999,10,2568.2999999999593,0.0,False,3
55,0,0,[2 1 3 5 4],1747.6999999999643,0.49982622171829694,0.5001737782817032,0.5040992385788543,MI,[4 5 3 1 2],-62.50000000000006,10,3419.799999999963,0.0,False,3
55,0,1,[2 1 3 5 4],1747.6999999999643,0.49982622171829694,0.5001737782817032,0.8042533771463042,MI,[2 4 5 3 1],-44.69999999999999,10,2568.2999999999593,0.0,False,3
55,0,2,[2 1 3 5 4],1747.6999999999643,0.49982622171829694,0.5001737782817032,0.9917139498210105,MI,[4 5 3 1 2],-62.50000000000006,10,3419.799999999963,0.0,False,3
55,0,3,[2 1 3 5 4],1747.6999999999643,0.49982622171829694,0.5001737782817032,0.676401640341568,MI,[2 1 4 5 3],-0.30000000000001137,10,1755.1999999999643,0.0,False,3
55,0,4,[2 1 3 5 4],1747.6999999999643,0.49982622171829694,0.5001737782817032,0.5320665200962653,MI,[4 5 3 1 2],-62.50000000000006,10,3419.799999999963,0.0,False,3
0,8,0,[1 3 4 2 5],3566.5000000000255,0.5,0.5,0.4884418674873259,SI,[3 1 4 2 5],-112.69999999999999,10,2572.000000000011,0.2788448058320503,True,4
0,8,1,[3 1 4 2 5],2572.000000000011,0.5,0.5,0.14477040001671793,SI,[4 1 3 2 5],47.09999999999991,10,4091.6000000000167,0.0,False,4
0,8,2,[3 1 4 2 5],2572.000000000011,0.5,0.5,0.19338723007314407,SI,[3 4 1 2 5],48.60000000000002,10,3351.000000000022,0.0,False,4
0,8,3,[3 1 4 2 5],2572.000000000011,0.5,0.5,0.9909349633913122,MI,[4 1 3 2 5],47.09999999999991,10,4091.6000000000167,0.0,False,4
0,8,4,[3 1 4 2 5],2572.000000000011,0.5,0.5,0.33646366890373725,SI,[5 2 4 1 3],115.9,10,4486.500000000022,0.0,False,4
1,0,0,[3 1 4 2 5],2572.000000000011,0.513564014784708,0.48643598521529197,0.20601485334477943,SI,[3 4 1 2 5],48.60000000000002,10,3351.000000000022,0.0,False,4
1,0,1,[3 1 4 2 5],2572.000000000011,0.513564014784708,0.48643598521529197,0.6204709559424111,MI,[4 1 3 2 5],47.09999999999991,10,4091.6000000000167,0.0,False,4
1,0,2,[3 1 4 2 5],2572.000000000011,0.513564014784708,0.48643598521529197,0.16022064618764553,SI,[3 1 4 5 2],65.59999999999997,10,2767.400000000016,0.0,False,4
1,0,3,[3 1 4 2 5],2572.000000000011,0.513564014784708,0.48643598521529197,0.2532345413329239,SI,[4 1 3 2 5],47.09999999999991,10,4091.6000000000167,0.0,False,4
1,0,4,[3 1 4 2 5],2572.000000000011,0.513564014784708,0.48643598521529197,0.2779470818658154,SI,[3 4 1 2 5],48.60000000000002,10,3351.000000000022,0.0,False,4
2,0,0,[3 1 4 2 5],2572.000000000011,0.513564014784708,0.48643598521529197,0.3568866258632296,SI,[4 1 3 2 5],47.09999999999991,10,4091.6000000000167,0.0,False,4
2,0,1,[3 1 4 2 5],2572.000000000011,0.513564014784708,0.48643598521529197,0.8225482854547801,MI,[4 1 3 2 5],47.09999999999991,10,4091.6000000000167,0.0,False,4
2,0,2,[3 1 4 2 5],2572.000000000011,0.513564014784708,0.48643598521529197,0.24184777500199806,SI,[4 1 3 2 5],47.09999999999991,10,4091.6000000000167,0.0,False,4
2,0,3,[3 1 4 2 5],2572.000000000011,0.513564014784708,0.48643598521529197,0.29238374007904266,SI,[3 4 1 2 5],48.60000000000002,10,3351.000000000022,0.0,False,4
2,0,4,[3 1 4 2 5],2572.000000000011,0.513564014784708,0.48643598521529197,0.8616716485809175,MI,[4 1 3 2 5],47.09999999999991,10,4091.6000000000167,0.0,False,4
3,0,0,[3 1 4 2 5],2572.000000000011,0.513564014784708,0.48643598521529197,0.04296917927858368,SI,[4 1 3 2 5],47.09999999999991,10,4091.6000000000167,0.0,False,4
3,0,1,[3 1 4 2 5],2572.000000000011,0.513564014784708,0.48643598521529197,0.15952741263924852,SI,[4 1 3 2 5],47.09999999999991,10,4091.6000000000167,0.0,False,4
3,0,2,[3 1 4 2 5],2572.000000000011,0.513564014784708,0.48643598521529197,0.5061224391350985,SI,[1 3 4 2 5],112.69999999999999,10,3566.5000000000255,0.0,False,4
3,0,3,[3 1 4 2 5],2572.000000000011,0.513564014784708,0.48643598521529197,0.02901242987585595,SI,[3 4 1 2 5],48.60000000000002,10,3351.000000000022,0.0,False,4
3,0,4,[3 1 4 2 5],2572.000000000011,0.513564014784708,0.48643598521529197,0.8104488580392044,MI,[4 1 3 2 5],47.09999999999991,10,4091.6000000000167,0.0,False,4
4,0,0,[3 1 4 2 5],2572.000000000011,0.513564014784708,0.48643598521529197,0.17704274408474174,SI,[4 1 3 2 5],47.09999999999991,10,4091.6000000000167,0.0,False,4
4,0,1,[3 1 4 2 5],2572.000000000011,0.513564014784708,0.48643598521529197,0.23648621570364847,SI,[4 1 3 2 5],47.09999999999991,10,4091.6000000000167,0.0,False,4
4,0,2,[3 1 4 2 5],2572.000000000011,0.513564014784708,0.48643598521529197,0.17971185567180503,SI,[3 4 1 2 5],48.60000000000002,10,3351.000000000022,0.0,False,4
4,0,3,[3 1 4 2 5],2572.000000000011,0.513564014784708,0.48643598521529197,0.119112374601956,SI,[3 1 4 5 2],65.59999999999997,10,2767.400000000016,0.0,False,4
4,0,4,[3 1 4 2 5],2572.000000000011,0.513564014784708,0.48643598521529197,0.4802663757033757,SI,[4 1 3 2 5],47.09999999999991,10,4091.6000000000167,0.0,False,4
5,0,0,[3 1 4 2 5],2572.000000000011,0.513564014784708,0.48643598521529197,0.49247538418788916,SI,[5 2 4 1 3],115.9,10,4486.500000000022,0.0,False,4
5,0,1,[3 1 4 2 5],2572.000000000011,0.513564014784708,0.48643598521529197,0.4464149269972584,SI,[4 1 3 2 5],47.09999999999991,10,4091.6000000000167,0.0,False,4
5,0,2,[3 1 4 2 5],2572.000000000011,0.513564014784708,0.48643598521529197,0.4775899606754195,SI,[4 1 3 2 5],47.09999999999991,10,4091.6000000000167,0.0,False,4
5,0,3,[3 1 4 2 5],2572.000000000011,0.513564014784708,0.48643598521529197,0.33891530934481673,SI,[3 4 1 2 5],48.60000000000002,10,3351.000000000022,0.0,False,4
5,0,4,[3 1 4 2 5],2572.000000000011,0.513564014784708,0.48643598521529197,0.659955595495829,MI,[4 1 3 2 5],47.09999999999991,10,4091.6000000000167,0.0,False,4
6,0,0,[3 1 4 2 5],2572.000000000011,0.513564014784708,0.48643598521529197,0.002921772985515547,SI,[4 1 3 2 5],47.09999999999991,10,4091.6000000000167,0.0,False,4
6,0,1,[3 1 4 2 5],2572.000000000011,0.513564014784708,0.48643598521529197,0.12999047958527254,SI,[4 1 3 2 5],47.09999999999991,10,4091.6000000000167,0.0,False,4
6,0,2,[3 1 4 2 5],2572.000000000011,0.513564014784708,0.48643598521529197,0.3412713742522374,SI,[4 1 3 2 5],47.09999999999991,10,4091.6000000000167,0.0,False,4
6,0,3,[3 1 4 2 5],2572.000000000011,0.513564014784708,0.48643598521529197,0.7517101543514978,MI,[4 1 3 2 5],47.09999999999991,10,4091.6000000000167,0.0,False,4
6,0,4,[3 1 4 2 5],2572.000000000011,0.513564014784708,0.48643598521529197,0.09174097804199122,SI,[3 1 4 5 2],65.59999999999997,10,2767.400000000016,0.0,False,4
7,0,0,[3 1 4 2 5],2572.000000000011,0.513564014784708,0.48643598521529197,0.8260182835483464,MI,[4 1 3 2 5],47.09999999999991,10,4091.6000000000167,0.0,False,4
7,0,1,[3 1 4 2 5],2572.000000000011,0.513564014784708,0.48643598521529197,0.7537657857945096,MI,[4 1 3 2 5],47.09999999999991,10,4091.6000000000167,0.0,False,4
7,0,2,[3 1 4 2 5],2572.000000000011,0.513564014784708,0.48643598521529197,0.6319258702289545,MI,[4 1 3 2 5],47.09999999999991,10,4091.6000000000167,0.0,False,4
7,0,3,[3 1 4 2 5],2572.000000000011,0.513564014784708,0.48643598521529197,0.28935007045939587,SI,[4 1 3 2 5],47.09999999999991,10,4091.6000000000167,0.0,False,4
7,0,4,[3 1 4 2 5],2572.000000000011,0.513564014784708,0.48643598521529197,0.2809890548871208,SI,[3 1 4 5 2],65.59999999999997,10,2767.400000000016,0.0,False,4
8,0,0,[3 1 4 2 5],2572.000000000011,0.513564014784708,0.48643598521529197,0.29630545545400944,SI,[4 1 3 2 5],47.09999999999991,10,4091.6000000000167,0.0,False,4
8,0,1,[3 1 4 2 5],2572.000000000011,0.513564014784708,0.48643598521529197,0.8397234827555151,MI,[4 1 3 2 5],47.09999999999991,10,4091.6000000000167,0.0,False,4
8,0,2,[3 1 4 2 5],2572.000000000011,0.513564014784708,0.48643598521529197,0.019516152711992252,SI,[3 4 1 2 5],48.60000000000002,10,3351.000000000022,0.0,False,4
8,0,3,[3 1 4 2 5],2572.000000000011,0.513564014784708,0.48643598521529197,0.9612850419636108,MI,[4 1 3 2 5],47.09999999999991,10,4091.6000000000167,0.0,False,4
8,0,4,[3 1 4 2 5],2572.000000000011,0.513564014784708,0.48643598521529197,0.17502519569265085,SI,[3 4 1 2 5],48.60000000000002,10,3351.000000000022,0.0,False,4
9,0,0,[3 1 4 2 5],2572.000000000011,0.513564014784708,0.48643598521529197,0.3660241364111849,SI,[4 1 3 2 5],47.09999999999991,10,4091.6000000000167,0.0,False,4
9,0,1,[3 1 4 2 5],2572.000000000011,0.513564014784708,0.48643598521529197,0.24726570821067362,SI,[3 4 1 2 5],48.60000000000002,10,3351.000000000022,0.0,False,4
9,0,2,[3 1 4 2 5],2572.000000000011,0.513564014784708,0.48643598521529197,0.510330580147034,SI,[4 1 3 2 5],47.09999999999991,10,4091.6000000000167,0.0,False,4
9,0,3,[3 1 4 2 5],2572.000000000011,0.513564014784708,0.48643598521529197,0.34456149650411205,SI,[4 1 3 2 5],47.09999999999991,10,4091.6000000000167,0.0,False,4
9,0,4,[3 1 4 2 5],2572.000000000011,0.513564014784708,0.48643598521529197,0.22343864524339907,SI,[1 3 4 2 5],112.69999999999999,10,3566.5000000000255,0.0,False,4
10,0,0,[3 1 4 2 5],2572.000000000011,0.513564014784708,0.48643598521529197,0.6819653066623719,MI,[4 1 3 2 5],47.09999999999991,10,4091.6000000000167,0.0,False,4
10,0,1,[3 1 4 2 5],2572.000000000011,0.513564014784708,0.48643598521529197,0.36282981321113517,SI,[3 1 4 5 2],65.59999999999997,10,2767.400000000016,0.0,False,4
10,0,2,[3 1 4 2 5],2572.000000000011,0.513564014784708,0.48643598521529197,0.6763454368182168,MI,[4 1 3 2 5],47.09999999999991,10,4091.6000000000167,0.0,False,4
10,0,3,[3 1 4 2 5],2572.000000000011,0.513564014784708,0.48643598521529197,0.8723483252903919,MI,[4 1 3 2 5],47.09999999999991,10,4091.6000000000167,0.0,False,4
10,0,4,[3 1 4 2 5],2572.000000000011,0.513564014784708,0.48643598521529197,0.8083356625268144,MI,[4 1 3 2 5],47.09999999999991,10,4091.6000000000167,0.0,False,4
11,0,0,[3 1 4 2 5],2572.000000000011,0.513564014784708,0.48643598521529197,0.6297434814035708,MI,[4 1 3 2 5],47.09999999999991,10,4091.6000000000167,0.0,False,4
11,0,1,[3 1 4 2 5],2572.000000000011,0.513564014784708,0.48643598521529197,0.7201644994629668,MI,[4 1 3 2 5],47.09999999999991,10,4091.6000000000167,0.0,False,4
11,0,2,[3 1 4 2 5],2572.000000000011,0.513564014784708,0.48643598521529197,0.8803920196569883,MI,[4 1 3 2 5],47.09999999999991,10,4091.6000000000167,0.0,False,4
11,0,3,[3 1 4 2 5],2572.000000000011,0.513564014784708,0.48643598521529197,0.4620541173888345,SI,[4 1 3 2 5],47.09999999999991,10,4091.6000000000167,0.0,False,4
11,0,4,[3 1 4 2 5],2572.000000000011,0.513564014784708,0.48643598521529197,0.3135879147676317,SI,[4 1 3 2 5],47.09999999999991,10,4091.6000000000167,0.0,False,4
12,0,0,[3 1 4 2 5],2572.000000000011,0.513564014784708,0.48643598521529197,0.20767196713453584,SI,[4 1 3 2 5],47.09999999999991,10,4091.6000000000167,0.0,False,4
12,0,1,[3 1 4 2 5],2572.000000000011,0.513564014784708,0.48643598521529197,0.6242570425588976,MI,[4 1 3 2 5],47.09999999999991,10,4091.6000000000167,0.0,False,4
12,0,2,[3 1 4 2 5],2572.000000000011,0.513564014784708,0.48643598521529197,0.31229783540567724,SI,[3 4 1 2 5],48.60000000000002,10,3351.000000000022,0.0,False,4
12,0,3,[3 1 4 2 5],2572.000000000011,0.513564014784708,0.48643598521529197,0.222161241072252,SI,[4 1 3 2 5],47.09999999999991,10,4091.6000000000167,0.0,False,4
12,0,4,[3 1 4 2 5],2572.000000000011,0.513564014784708,0.48643598521529197,0.25342884187258286,SI,[3 4 1 2 5],48.60000000000002,10,3351.000000000022,0.0,False,4
13,0,0,[3 1 4 2 5],2572.000000000011,0.513564014784708,0.48643598521529197,0.11447033353010128,SI,[4 1 3 2 5],47.09999999999991,10,4091.6000000000167,0.0,False,4
13,0,1,[3 1 4 2 5],2572.000000000011,0.513564014784708,0.48643598521529197,0.988587574208934,MI,[4 1 3 2 5],47.09999999999991,10,4091.6000000000167,0.0,False,4
13,0,2,[3 1 4 2 5],2572.000000000011,0.513564014784708,0.48643598521529197,0.4794142342665435,SI,[4 1 3 2 5],47.09999999999991,10,4091.6000000000167,0.0,False,4
13,0,3,[3 1 4 2 5],2572.000000000011,0.513564014784708,0.48643598521529197,0.36475513974144913,SI,[4 1 3 2 5],47.09999999999991,10,4091.6000000000167,0.0,False,4
13,0,4,[3 1 4 2 5],2572.000000000011,0.513564014784708,0.48643598521529197,0.5905346077532174,MI,[4 1 3 2 5],47.09999999999991,10,4091.6000000000167,0.0,False,4
14,0,0,[3 1 4 2 5],2572.000000000011,0.513564014784708,0.48643598521529197,0.1513840221834446,SI,[3 4 1 2 5],48.60000000000002,10,3351.000000000022,0.0,False,4
14,0,1,[3 1 4 2 5],2572.000000000011,0.513564014784708,0.48643598521529197,0.2502535407411288,SI,[3 4 1 2 5],48.60000000000002,10,3351.000000000022,0.0,False,4
14,0,2,[3 1 4 2 5],2572.000000000011,0.513564014784708,0.48643598521529197,0.2512084541330032,SI,[4 1 3 2 5],47.09999999999991,10,4091.6000000000167,0.0,False,4
14,0,3,[3 1 4 2 5],2572.000000000011,0.513564014784708,0.48643598521529197,0.34293729642852877,SI,[3 4 1 2 5],48.60000000000002,10,3351.000000000022,0.0,False,4
14,0,4,[3 1 4 2 5],2572.000000000011,0.513564014784708,0.48643598521529197,0.4153155416868034,SI,[4 1 3 2 5],47.09999999999991,10,4091.6000000000167,0.0,False,4
15,0,0,[3 1 4 2 5],2572.000000000011,0.513564014784708,0.48643598521529197,0.8148123902785902,MI,[4 1 3 2 5],47.09999999999991,10,4091.6000000000167,0.0,False,4
15,0,1,[3 1 4 2 5],2572.000000000011,0.513564014784708,0.48643598521529197,0.8666852500789309,MI,[4 1 3 2 5],47.09999999999991,10,4091.6000000000167,0.0,False,4
15,0,2,[3 1 4 2 5],2572.000000000011,0.513564014784708,0.48643598521529197,0.3037787855842896,SI,[4 1 3 2 5],47.09999999999991,10,4091.6000000000167,0.0,False,4
15,0,3,[3 1 4 2 5],2572.000000000011,0.513564014784708,0.48643598521529197,0.7924174590428914,MI,[4 1 3 2 5],47.09999999999991,10,4091.6000000000167,0.0,False,4
15,0,4,[3 1 4 2 5],2572.000000000011,0.513564014784708,0.48643598521529197,0.08693895721329126,SI,[4 1 3 2 5],47.09999999999991,10,4091.6000000000167,0.0,False,4
16,0,0,[3 1 4 2 5],2572.000000000011,0.513564014784708,0.48643598521529197,0.6265042686873497,MI,[4 1 3 2 5],47.09999999999991,10,4091.6000000000167,0.0,False,4
16,0,1,[3 1 4 2 5],2572.000000000011,0.513564014784708,0.48643598521529197,0.19622220390444145,SI,[4 1 3 2 5],47.09999999999991,10,4091.6000000000167,0.0,False,4
16,0,2,[3 1 4 2 5],2572.000000000011,0.513564014784708,0.48643598521529197,0.27915104981951333,SI,[3 1 4 5 2],65.59999999999997,10,2767.400000000016,0.0,False,4
16,0,3,[3 1 4 2 5],2572.000000000011,0.513564014784708,0.48643598521529197,0.41777835777006267,SI,[3 4 1 2 5],48.60000000000002,10,3351.000000000022,0.0,False,4
16,0,4,[3 1 4 2 5],2572.000000000011,0.513564014784708,0.48643598521529197,0.7854821100426227,MI,[4 1 3 2 5],47.09999999999991,10,4091.6000000000167,0.0,False,4
17,0,0,[3 1 4 2 5],2572.000000000011,0.513564014784708,0.48643598521529197,0.8551245417684099,MI,[4 1 3 2 5],47.09999999999991,10,4091.6000000000167,0.0,False,4
17,0,1,[3 1 4 2 5],2572.000000000011,0.513564014784708,0.48643598521529197,0.20420735225718223,SI,[1 3 4 2 5],112.69999999999999,10,3566.5000000000255,0.0,False,4
17,0,2,[3 1 4 2 5],2572.000000000011,0.513564014784708,0.48643598521529197,0.15164630432297954,SI,[3 1 4 5 2],65.59999999999997,10,2767.400000000016,0.0,False,4
17,0,3,[3 1 4 2 5],2572.000000000011,0.513564014784708,0.48643598521529197,0.5026234646408708,SI,[3 1 4 5 2],65.59999999999997,10,2767.400000000016,0.0,False,4
17,0,4,[3 1 4 2 5],2572.000000000011,0.513564014784708,0.48643598521529197,0.6197946332465687,MI,[4 1 3 2 5],47.09999999999991,10,4091.6000000000167,0.0,False,4
18,0,0,[3 1 4 2 5],2572.000000000011,0.513564014784708,0.48643598521529197,0.7357749760351091,MI,[4 1 3 2 5],47.09999999999991,10,4091.6000000000167,0.0,False,4
18,0,1,[3 1 4 2 5],2572.000000000011,0.513564014784708,0.48643598521529197,0.618167857798743,MI,[4 1 3 2 5],47.09999999999991,10,4091.6000000000167,0.0,False,4
18,0,2,[3 1 4 2 5],2572.000000000011,0.513564014784708,0.48643598521529197,0.17194242269285642,SI,[3 1 4 5 2],65.59999999999997,10,2767.400000000016,0.0,False,4
18,0,3,[3 1 4 2 5],2572.000000000011,0.513564014784708,0.48643598521529197,0.43316738504382446,SI,[3 4 1 2 5],48.60000000000002,10,3351.000000000022,0.0,False,4
18,0,4,[3 1 4 2 5],2572.000000000011,0.513564014784708,0.48643598521529197,0.9975150796451763,MI,[4 1 3 2 5],47.09999999999991,10,4091.6000000000167,0.0,False,4
19,0,0,[3 1 4 2 5],2572.000000000011,0.513564014784708,0.48643598521529197,0.650962045266188,MI,[4 1 3 2 5],47.09999999999991,10,4091.6000000000167,0.0,False,4
19,0,1,[3 1 4 2 5],2572.000000000011,0.513564014784708,0.48643598521529197,0.3037508345570875,SI,[4 1 3 2 5],47.09999999999991,10,4091.6000000000167,0.0,False,4
19,0,2,[3 1 4 2 5],2572.000000000011,0.513564014784708,0.48643598521529197,0.17499046860307843,SI,[4 1 3 2 5],47.09999999999991,10,4091.6000000000167,0.0,False,4
19,0,3,[3 1 4 2 5],2572.000000000011,0.513564014784708,0.48643598521529197,0.3416700129274931,SI,[1 3 4 2 5],112.69999999999999,10,3566.5000000000255,0.0,False,4
19,0,4,[3 1 4 2 5],2572.000000000011,0.513564014784708,0.48643598521529197,0.2328232814967346,SI,[4 1 3 2 5],47.09999999999991,10,4091.6000000000167,0.0,False,4
20,0,0,[3 1 4 2 5],2572.000000000011,0.513564014784708,0.48643598521529197,0.5978457228482567,MI,[4 1 3 2 5],47.09999999999991,10,4091.6000000000167,0.0,False,4
20,0,1,[3 1 4 2 5],2572.000000000011,0.513564014784708,0.48643598521529197,0.032722134392756064,SI,[4 1 3 2 5],47.09999999999991,10,4091.6000000000167,0.0,False,4
20,0,2,[3 1 4 2 5],2572.000000000011,0.513564014784708,0.48643598521529197,0.8376606914370429,MI,[4 1 3 2 5],47.09999999999991,10,4091.6000000000167,0.0,False,4
20,0,3,[3 1 4 2 5],2572.000000000011,0.513564014784708,0.48643598521529197,0.7536093587231418,MI,[4 1 3 2 5],47.09999999999991,10,4091.6000000000167,0.0,False,4
20,0,4,[3 1 4 2 5],2572.000000000011,0.513564014784708,0.48643598521529197,0.36036677075540047,SI,[5 2 4 1 3],115.9,10,4486.500000000022,0.0,False,4
21,0,0,[3 1 4 2 5],2572.000000000011,0.513564014784708,0.48643598521529197,0.08349380926279082,SI,[3 4 1 2 5],48.60000000000002,10,3351.000000000022,0.0,False,4
21,0,1,[3 1 4 2 5],2572.000000000011,0.513564014784708,0.48643598521529197,0.4418743083998954,SI,[4 1 3 2 5],47.09999999999991,10,4091.6000000000167,0.0,False,4
21,0,2,[3 1 4 2 5],2572.000000000011,0.513564014784708,0.48643598521529197,0.7123410078833781,MI,[4 1 3 2 5],47.09999999999991,10,4091.6000000000167,0.0,False,4
21,0,3,[3 1 4 2 5],2572.000000000011,0.513564014784708,0.48643598521529197,0.5321662007472351,MI,[4 1 3 2 5],47.09999999999991,10,4091.6000000000167,0.0,False,4
21,0,4,[3 1 4 2 5],2572.000000000011,0.513564014784708,0.48643598521529197,0.39882277939316035,SI,[3 4 1 2 5],48.60000000000002,10,3351.000000000022,0.0,False,4
22,0,0,[3 1 4 2 5],2572.000000000011,0.513564014784708,0.48643598521529197,0.7343344393747364,MI,[4 1 3 2 5],47.09999999999991,10,4091.6000000000167,0.0,False,4
22,0,1,[3 1 4 2 5],2572.000000000011,0.513564014784708,0.48643598521529197,0.5415613709427847,MI,[4 1 3 2 5],47.09999999999991,10,4091.6000000000167,0.0,False,4
22,0,2,[3 1 4 2 5],2572.000000000011,0.513564014784708,0.48643598521529197,0.7011855824250447,MI,[4 1 3 2 5],47.09999999999991,10,4091.6000000000167,0.0,False,4
22,0,3,[3 1 4 2 5],2572.000000000011,0.513564014784708,0.48643598521529197,0.3611343337917672,SI,[4 1 3 2 5],47.09999999999991,10,4091.6000000000167,0.0,False,4
22,0,4,[3 1 4 2 5],2572.000000000011,0.513564014784708,0.48643598521529197,0.9077984583756891,MI,[4 1 3 2 5],47.09999999999991,10,4091.6000000000167,0.0,False,4
23,0,0,[3 1 4 2 5],2572.000000000011,0.513564014784708,0.48643598521529197,0.03430736907928145,SI,[4 1 3 2 5],47.09999999999991,10,4091.6000000000167,0.0,False,4
23,0,1,[3 1 4 2 5],2572.000000000011,0.513564014784708,0.48643598521529197,0.010811918301593226,SI,[3 4 1 2 5],48.60000000000002,10,3351.000000000022,0.0,False,4
23,0,2,[3 1 4 2 5],2572.000000000011,0.513564014784708,0.48643598521529197,0.10151520616627063,SI,[4 1 3 2 5],47.09999999999991,10,4091.6000000000167,0.0,False,4
23,0,3,[3 1 4 2 5],2572.000000000011,0.513564014784708,0.48643598521529197,0.6013392127684509,MI,[4 1 3 2 5],47.09999999999991,10,4091.6000000000167,0.0,False,4
23,0,4,[3 1 4 2 5],2572.000000000011,0.513564014784708,0.48643598521529197,0.5951331143575443,MI,[4 1 3 2 5],47.09999999999991,10,4091.6000000000167,0.0,False,4
24,0,0,[3 1 4 2 5],2572.000000000011,0.513564014784708,0.48643598521529197,0.7526259454961713,MI,[4 1 3 2 5],47.09999999999991,10,4091.6000000000167,0.0,False,4
24,0,1,[3 1 4 2 5],2572.000000000011,0.513564014784708,0.48643598521529197,0.06289463768008619,SI,[4 1 3 2 5],47.09999999999991,10,4091.6000000000167,0.0,False,4
24,0,2,[3 1 4 2 5],2572.000000000011,0.513564014784708,0.48643598521529197,0.5812697377289809,MI,[4 1 3 2 5],47.09999999999991,10,4091.6000000000167,0.0,False,4
24,0,3,[3 1 4 2 5],2572.000000000011,0.513564014784708,0.48643598521529197,0.012508213139847513,SI,[4 1 3 2 5],47.09999999999991,10,4091.6000000000167,0.0,False,4
24,0,4,[3 1 4 2 5],2572.000000000011,0.513564014784708,0.48643598521529197,0.7110717003154342,MI,[4 1 3 2 5],47.09999999999991,10,4091.6000000000167,0.0,False,4
25,0,0,[3 1 4 2 5],2572.000000000011,0.513564014784708,0.48643598521529197,0.5939866581290171,MI,[4 1 3 2 5],47.09999999999991,10,4091.6000000000167,0.0,False,4
25,0,1,[3 1 4 2 5],2572.000000000011,0.513564014784708,0.48643598521529197,0.9765785281688213,MI,[4 1 3 2 5],47.09999999999991,10,4091.6000000000167,0.0,False,4
25,0,2,[3 1 4 2 5],2572.000000000011,0.513564014784708,0.48643598521529197,0.571829616867576,MI,[4 1 3 2 5],47.09999999999991,10,4091.6000000000167,0.0,False,4
25,0,3,[3 1 4 2 5],2572.000000000011,0.513564014784708,0.48643598521529197,0.702198292620491,MI,[4 1 3 2 5],47.09999999999991,10,4091.6000000000167,0.0,False,4
25,0,4,[3 1 4 2 5],2572.000000000011,0.513564014784708,0.48643598521529197,0.6745538228461593,MI,[4 1 3 2 5],47.09999999999991,10,4091.6000000000167,0.0,False,4
26,0,0,[3 1 4 2 5],2572.000000000011,0.513564014784708,0.48643598521529197,0.41153521483623035,SI,[1 3 4 2 5],112.69999999999999,10,3566.5000000000255,0.0,False,4
26,0,1,[3 1 4 2 5],2572.000000000011,0.513564014784708,0.48643598521529197,0.6978307862062252,MI,[4 1 3 2 5],47.09999999999991,10,4091.6000000000167,0.0,False,4
26,0,2,[3 1 4 2 5],2572.000000000011,0.513564014784708,0.48643598521529197,0.3788078752292696,SI,[4 1 3 2 5],47.09999999999991,10,4091.6000000000167,0.0,False,4
26,0,3,[3 1 4 2 5],2572.000000000011,0.513564014784708,0.48643598521529197,0.6705255183612229,MI,[4 1 3 2 5],47.09999999999991,10,4091.6000000000167,0.0,False,4
26,0,4,[3 1 4 2 5],2572.000000000011,0.513564014784708,0.48643598521529197,0.538342685910937,MI,[4 1 3 2 5],47.09999999999991,10,4091.6000000000167,0.0,False,4
27,0,0,[3 1 4 2 5],2572.000000000011,0.513564014784708,0.48643598521529197,0.6648195998397495,MI,[5 2 4 1 3],115.9,10,4486.500000000022,0.0,False,4
27,0,1,[3 1 4 2 5],2572.000000000011,0.513564014784708,0.48643598521529197,0.5270935412042068,MI,[4 1 3 2 5],47.09999999999991,10,4091.6000000000167,0.0,False,4
27,0,2,[3 1 4 2 5],2572.000000000011,0.513564014784708,0.48643598521529197,0.013260846058270936,SI,[3 4 1 2 5],48.60000000000002,10,3351.000000000022,0.0,False,4
27,0,3,[3 1 4 2 5],2572.000000000011,0.513564014784708,0.48643598521529197,0.18302840541400278,SI,[4 1 3 2 5],47.09999999999991,10,4091.6000000000167,0.0,False,4
27,0,4,[3 1 4 2 5],2572.000000000011,0.513564014784708,0.48643598521529197,0.25864984772452226,SI,[4 1 3 2 5],47.09999999999991,10,4091.6000000000167,0.0,False,4
28,0,0,[3 1 4 2 5],2572.000000000011,0.513564014784708,0.48643598521529197,0.963989936808922,MI,[4 1 3 2 5],47.09999999999991,10,4091.6000000000167,0.0,False,4
28,0,1,[3 1 4 2 5],2572.000000000011,0.513564014784708,0.48643598521529197,0.009149486909721172,SI,[4 1 3 2 5],47.09999999999991,10,4091.6000000000167,0.0,False,4
28,0,2,[3 1 4 2 5],2572.000000000011,0.513564014784708,0.48643598521529197,0.7723837431304528,MI,[4 1 3 2 5],47.09999999999991,10,4091.6000000000167,0.0,False,4
28,0,3,[3 1 4 2 5],2572.000000000011,0.513564014784708,0.48643598521529197,0.5170894456733676,MI,[4 1 3 2 5],47.09999999999991,10,4091.6000000000167,0.0,False,4
28,0,4,[3 1 4 2 5],2572.000000000011,0.513564014784708,0.48643598521529197,0.06280446869739176,SI,[4 1 3 2 5],47.09999999999991,10,4091.6000000000167,0.0,False,4
29,0,0,[3 1 4 2 5],2572.000000000011,0.513564014784708,0.48643598521529197,0.2066416098711984,SI,[3 4 1 2 5],48.60000000000002,10,3351.000000000022,0.0,False,4
29,0,1,[3 1 4 2 5],2572.000000000011,0.513564014784708,0.48643598521529197,0.2350301825330522,SI,[3 4 1 2 5],48.60000000000002,10,3351.000000000022,0.0,False,4
29,0,2,[3 1 4 2 5],2572.000000000011,0.513564014784708,0.48643598521529197,0.14580435337910902,SI,[4 1 3 2 5],47.09999999999991,10,4091.6000000000167,0.0,False,4
29,0,3,[3 1 4 2 5],2572.000000000011,0.513564014784708,0.48643598521529197,0.03605938429411826,SI,[3 4 1 2 5],48.60000000000002,10,3351.000000000022,0.0,False,4
29,0,4,[3 1 4 2 5],2572.000000000011,0.513564014784708,0.48643598521529197,0.797800193222151,MI,[4 1 3 2 5],47.09999999999991,10,4091.6000000000167,0.0,False,4
30,0,0,[3 1 4 2 5],2572.000000000011,0.513564014784708,0.48643598521529197,0.7683467704993294,MI,[4 1 3 2 5],47.09999999999991,10,4091.6000000000167,0.0,False,4
30,0,1,[3 1 4 2 5],2572.000000000011,0.513564014784708,0.48643598521529197,0.6007421667705198,MI,[4 1 3 2 5],47.09999999999991,10,4091.6000000000167,0.0,False,4
30,0,2,[3 1 4 2 5],2572.000000000011,0.513564014784708,0.48643598521529197,0.7378893234161022,MI,[4 1 3 2 5],47.09999999999991,10,4091.6000000000167,0.0,False,4
30,0,3,[3 1 4 2 5],2572.000000000011,0.513564014784708,0.48643598521529197,0.41552063482706914,SI,[3 4 1 2 5],48.60000000000002,10,3351.000000000022,0.0,False,4
30,0,4,[3 1 4 2 5],2572.000000000011,0.513564014784708,0.48643598521529197,0.8941486679712761,MI,[4 1 3 2 5],47.09999999999991,10,4091.6000000000167,0.0,False,4
31,0,0,[3 1 4 2 5],2572.000000000011,0.513564014784708,0.48643598521529197,0.3137670382072695,SI,[3 4 1 2 5],48.60000000000002,10,3351.000000000022,0.0,False,4
31,0,1,[3 1 4 2 5],2572.000000000011,0.513564014784708,0.48643598521529197,0.21999143251268316,SI,[3 4 1 2 5],48.60000000000002,10,3351.000000000022,0.0,False,4
31,0,2,[3 1 4 2 5],2572.000000000011,0.513564014784708,0.48643598521529197,0.7031726687942632,MI,[4 1 3 2 5],47.09999999999991,10,4091.6000000000167,0.0,False,4
31,0,3,[3 1 4 2 5],2572.000000000011,0.513564014784708,0.48643598521529197,0.13447461765311441,SI,[4 1 3 2 5],47.09999999999991,10,4091.6000000000167,0.0,False,4
31,0,4,[3 1 4 2 5],2572.000000000011,0.513564014784708,0.48643598521529197,0.38476801096134094,SI,[3 4 1 2 5],48.60000000000002,10,3351.000000000022,0.0,False,4
32,0,0,[3 1 4 2 5],2572.000000000011,0.513564014784708,0.48643598521529197,0.06229179158818632,SI,[3 4 1 2 5],48.60000000000002,10,3351.000000000022,0.0,False,4
32,0,1,[3 1 4 2 5],2572.000000000011,0.513564014784708,0.48643598521529197,0.049909119266918656,SI,[3 1 4 5 2],65.59999999999997,10,2767.400000000016,0.0,False,4
32,0,2,[3 1 4 2 5],2572.000000000011,0.513564014784708,0.48643598521529197,0.6938736470245336,MI,[4 1 3 2 5],47.09999999999991,10,4091.6000000000167,0.0,False,4
32,0,3,[3 1 4 2 5],2572.000000000011,0.513564014784708,0.48643598521529197,0.5555089886436703,MI,[4 1 3 2 5],47.09999999999991,10,4091.6000000000167,0.0,False,4
32,0,4,[3 1 4 2 5],2572.000000000011,0.513564014784708,0.48643598521529197,0.15476138044659582,SI,[5 2 4 1 3],115.9,10,4486.500000000022,0.0,False,4
33,0,0,[3 1 4 2 5],2572.000000000011,0.513564014784708,0.48643598521529197,0.9834302122712478,MI,[4 1 3 2 5],47.09999999999991,10,4091.6000000000167,0.0,False,4
33,0,1,[3 1 4 2 5],2572.000000000011,0.513564014784708,0.48643598521529197,0.47267379373820606,SI,[4 1 3 2 5],47.09999999999991,10,4091.6000000000167,0.0,False,4
33,0,2,[3 1 4 2 5],2572.000000000011,0.513564014784708,0.48643598521529197,0.21761330355763686,SI,[4 1 3 2 5],47.09999999999991,10,4091.6000000000167,0.0,False,4
33,0,3,[3 1 4 2 5],2572.000000000011,0.513564014784708,0.48643598521529197,0.3417090219379778,SI,[3 4 1 2 5],48.60000000000002,10,3351.000000000022,0.0,False,4
33,0,4,[3 1 4 2 5],2572.000000000011,0.513564014784708,0.48643598521529197,0.6721624535774439,MI,[5 2 4 1 3],115.9,10,4486.500000000022,0.0,False,4
34,0,0,[3 1 4 2 5],2572.000000000011,0.513564014784708,0.48643598521529197,0.9389844111799557,MI,[4 1 3 2 5],47.09999999999991,10,4091.6000000000167,0.0,False,4
34,0,1,[3 1 4 2 5],2572.000000000011,0.513564014784708,0.48643598521529197,0.3436339582627598,SI,[4 1 3 2 5],47.09999999999991,10,4091.6000000000167,0.0,False,4
34,0,2,[3 1 4 2 5],2572.000000000011,0.513564014784708,0.48643598521529197,0.48167540915941787,SI,[4 1 3 2 5],47.09999999999991,10,4091.6000000000167,0.0,False,4
34,0,3,[3 1 4 2 5],2572.000000000011,0.513564014784708,0.48643598521529197,0.48266287056349655,SI,[3 1 4 5 2],65.59999999999997,10,2767.400000000016,0.0,False,4
34,0,4,[3 1 4 2 5],2572.000000000011,0.513564014784708,0.48643598521529197,0.7090884130759356,MI,[4 1 3 2 5],47.09999999999991,10,4091.6000000000167,0.0,False,4
35,0,0,[3 1 4 2 5],2572.000000000011,0.513564014784708,0.48643598521529197,0.8462345937231216,MI,[4 1 3 2 5],47.09999999999991,10,4091.6000000000167,0.0,False,4
35,0,1,[3 1 4 2 5],2572.000000000011,0.513564014784708,0.48643598521529197,0.7983096203997767,MI,[4 1 3 2 5],47.09999999999991,10,4091.6000000000167,0.0,False,4
35,0,2,[3 1 4 2 5],2572.000000000011,0.513564014784708,0.48643598521529197,0.7891625936926228,MI,[4 1 3 2 5],47.09999999999991,10,4091.6000000000167,0.0,False,4
35,0,3,[3 1 4 2 5],2572.000000000011,0.513564014784708,0.48643598521529197,0.4072885274561421,SI,[3 1 4 5 2],65.59999999999997,10,2767.400000000016,0.0,False,4
35,0,4,[3 1 4 2 5],2572.000000000011,0.513564014784708,0.48643598521529197,0.4772268826181494,SI,[4 1 3 2 5],47.09999999999991,10,4091.6000000000167,0.0,False,4
36,0,0,[3 1 4 2 5],2572.000000000011,0.513564014784708,0.48643598521529197,0.44838363854978525,SI,[4 1 3 2 5],47.09999999999991,10,4091.6000000000167,0.0,False,4
36,0,1,[3 1 4 2 5],2572.000000000011,0.513564014784708,0.48643598521529197,0.8416409287532928,MI,[4 1 3 2 5],47.09999999999991,10,4091.6000000000167,0.0,False,4
36,0,2,[3 1 4 2 5],2572.000000000011,0.513564014784708,0.48643598521529197,0.025857376172184865,SI,[4 1 3 2 5],47.09999999999991,10,4091.6000000000167,0.0,False,4
36,0,3,[3 1 4 2 5],2572.000000000011,0.513564014784708,0.48643598521529197,0.1158667048524985,SI,[3 4 1 2 5],48.60000000000002,10,3351.000000000022,0.0,False,4
36,0,4,[3 1 4 2 5],2572.000000000011,0.513564014784708,0.48643598521529197,0.8101267634780915,MI,[4 1 3 2 5],47.09999999999991,10,4091.6000000000167,0.0,False,4
37,0,0,[3 1 4 2 5],2572.000000000011,0.513564014784708,0.48643598521529197,0.9309181994149811,MI,[4 1 3 2 5],47.09999999999991,10,4091.6000000000167,0.0,False,4
37,0,1,[3 1 4 2 5],2572.000000000011,0.513564014784708,0.48643598521529197,0.46335611359834983,SI,[3 1 4 5 2],65.59999999999997,10,2767.400000000016,0.0,False,4
37,0,2,[3 1 4 2 5],2572.000000000011,0.513564014784708,0.48643598521529197,0.9965727367153961,MI,[4 1 3 2 5],47.09999999999991,10,4091.6000000000167,0.0,False,4
37,0,3,[3 1 4 2 5],2572.000000000011,0.513564014784708,0.48643598521529197,0.3878874161824153,SI,[3 4 1 2 5],48.60000000000002,10,3351.000000000022,0.0,False,4
37,0,4,[3 1 4 2 5],2572.000000000011,0.513564014784708,0.48643598521529197,0.27127636408911815,SI,[3 1 4 5 2],65.59999999999997,10,2767.400000000016,0.0,False,4
38,0,0,[3 1 4 2 5],2572.000000000011,0.513564014784708,0.48643598521529197,0.2877739601027268,SI,[4 1 3 2 5],47.09999999999991,10,4091.6000000000167,0.0,False,4
38,0,1,[3 1 4 2 5],2572.000000000011,0.513564014784708,0.48643598521529197,0.16156211364407902,SI,[3 4 1 2 5],48.60000000000002,10,3351.000000000022,0.0,False,4
38,0,2,[3 1 4 2 5],2572.000000000011,0.513564014784708,0.48643598521529197,0.47507357508275894,SI,[4 1 3 2 5],47.09999999999991,10,4091.6000000000167,0.0,False,4
38,0,3,[3 1 4 2 5],2572.000000000011,0.513564014784708,0.48643598521529197,0.9881947714481769,MI,[4 1 3 2 5],47.09999999999991,10,4091.6000000000167,0.0,False,4
38,0,4,[3 1 4 2 5],2572.000000000011,0.513564014784708,0.48643598521529197,0.400202773905153,SI,[4 1 3 2 5],47.09999999999991,10,4091.6000000000167,0.0,False,4
39,0,0,[3 1 4 2 5],2572.000000000011,0.513564014784708,0.48643598521529197,0.4151176156466848,SI,[3 4 1 2 5],48.60000000000002,10,3351.000000000022,0.0,False,4
39,0,1,[3 1 4 2 5],2572.000000000011,0.513564014784708,0.48643598521529197,0.7922636523543398,MI,[4 1 3 2 5],47.09999999999991,10,4091.6000000000167,0.0,False,4
39,0,2,[3 1 4 2 5],2572.000000000011,0.513564014784708,0.48643598521529197,0.018157163359942663,SI,[3 4 1 2 5],48.60000000000002,10,3351.000000000022,0.0,False,4
39,0,3,[3 1 4 2 5],2572.000000000011,0.513564014784708,0.48643598521529197,0.4688102752560718,SI,[4 1 3 2 5],47.09999999999991,10,4091.6000000000167,0.0,False,4
39,0,4,[3 1 4 2 5],2572.000000000011,0.513564014784708,0.48643598521529197,0.030728948438319192,SI,[4 1 3 2 5],47.09999999999991,10,4091.6000000000167,0.0,False,4
40,0,0,[3 1 4 2 5],2572.000000000011,0.513564014784708,0.48643598521529197,0.21265932733369053,SI,[4 1 3 2 5],47.09999999999991,10,4091.6000000000167,0.0,False,4
40,0,1,[3 1 4 2 5],2572.000000000011,0.513564014784708,0.48643598521529197,0.49959932688289155,SI,[4 1 3 2 5],47.09999999999991,10,4091.6000000000167,0.0,False,4
40,0,2,[3 1 4 2 5],2572.000000000011,0.513564014784708,0.48643598521529197,0.07683231025228221,SI,[3 1 4 5 2],65.59999999999997,10,2767.400000000016,0.0,False,4
40,0,3,[3 1 4 2 5],2572.000000000011,0.513564014784708,0.48643598521529197,0.9277906641775537,MI,[4 1 3 2 5],47.09999999999991,10,4091.6000000000167,0.0,False,4
40,0,4,[3 1 4 2 5],2572.000000000011,0.513564014784708,0.48643598521529197,0.7177131792212309,MI,[4 1 3 2 5],47.09999999999991,10,4091.6000000000167,0.0,False,4
41,0,0,[3 1 4 2 5],2572.000000000011,0.513564014784708,0.48643598521529197,0.8167616693813166,MI,[4 1 3 2 5],47.09999999999991,10,4091.6000000000167,0.0,False,4
41,0,1,[3 1 4 2 5],2572.000000000011,0.513564014784708,0.48643598521529197,0.24087640120269982,SI,[3 1 4 5 2],65.59999999999997,10,2767.400000000016,0.0,False,4
41,0,2,[3 1 4 2 5],2572.000000000011,0.513564014784708,0.48643598521529197,0.5012591096710588,SI,[3 1 4 5 2],65.59999999999997,10,2767.400000000016,0.0,False,4
41,0,3,[3 1 4 2 5],2572.000000000011,0.513564014784708,0.48643598521529197,0.6286426760126866,MI,[4 1 3 2 5],47.09999999999991,10,4091.6000000000167,0.0,False,4
41,0,4,[3 1 4 2 5],2572.000000000011,0.513564014784708,0.48643598521529197,0.07895424903018178,SI,[1 3 4 2 5],112.69999999999999,10,3566.5000000000255,0.0,False,4
42,0,0,[3 1 4 2 5],2572.000000000011,0.513564014784708,0.48643598521529197,0.009345089236569737,SI,[4 1 3 2 5],47.09999999999991,10,4091.6000000000167,0.0,False,4
42,0,1,[3 1 4 2 5],2572.000000000011,0.513564014784708,0.48643598521529197,0.24571479161812593,SI,[4 1 3 2 5],47.09999999999991,10,4091.6000000000167,0.0,False,4
42,0,2,[3 1 4 2 5],2572.000000000011,0.513564014784708,0.48643598521529197,0.8713636293705995,MI,[4 1 3 2 5],47.09999999999991,10,4091.6000000000167,0.0,False,4
42,0,3,[3 1 4 2 5],2572.000000000011,0.513564014784708,0.48643598521529197,0.36025456753473273,SI,[3 4 1 2 5],48.60000000000002,10,3351.000000000022,0.0,False,4
42,0,4,[3 1 4 2 5],2572.000000000011,0.513564014784708,0.48643598521529197,0.10224743307923578,SI,[4 1 3 2 5],47.09999999999991,10,4091.6000000000167,0.0,False,4
43,0,0,[3 1 4 2 5],2572.000000000011,0.513564014784708,0.48643598521529197,0.4367994036171974,SI,[3 1 4 5 2],65.59999999999997,10,2767.400000000016,0.0,False,4
43,0,1,[3 1 4 2 5],2572.000000000011,0.513564014784708,0.48643598521529197,0.7343450227873723,MI,[4 1 3 2 5],47.09999999999991,10,4091.6000000000167,0.0,False,4
43,0,2,[3 1 4 2 5],2572.000000000011,0.513564014784708,0.48643598521529197,0.23712285526139765,SI,[3 4 1 2 5],48.60000000000002,10,3351.000000000022,0.0,False,4
43,0,3,[3 1 4 2 5],2572.000000000011,0.513564014784708,0.48643598521529197,0.01625002347040838,SI,[3 4 1 2 5],48.60000000000002,10,3351.000000000022,0.0,False,4
43,0,4,[3 1 4 2 5],2572.000000000011,0.513564014784708,0.48643598521529197,0.12122367262576483,SI,[3 1 4 5 2],65.59999999999997,10,2767.400000000016,0.0,False,4
44,0,0,[3 1 4 2 5],2572.000000000011,0.513564014784708,0.48643598521529197,0.666168206087468,MI,[4 1 3 2 5],47.09999999999991,10,4091.6000000000167,0.0,False,4
44,0,1,[3 1 4 2 5],2572.000000000011,0.513564014784708,0.48643598521529197,0.7648078736251009,MI,[4 1 3 2 5],47.09999999999991,10,4091.6000000000167,0.0,False,4
44,0,2,[3 1 4 2 5],2572.000000000011,0.513564014784708,0.48643598521529197,0.8895504899764789,MI,[2 4 1 3 5],173.70000000000005,10,4474.800000000007,0.0,False,4
44,0,3,[3 1 4 2 5],2572.000000000011,0.513564014784708,0.48643598521529197,0.5052279288695753,SI,[4 1 3 2 5],47.09999999999991,10,4091.6000000000167,0.0,False,4
44,0,4,[3 1 4 2 5],2572.000000000011,0.513564014784708,0.48643598521529197,0.3129145330051578,SI,[3 1 4 5 2],65.59999999999997,10,2767.400000000016,0.0,False,4
45,0,0,[3 1 4 2 5],2572.000000000011,0.513564014784708,0.48643598521529197,0.2994886971218693,SI,[3 4 1 2 5],48.60000000000002,10,3351.000000000022,0.0,False,4
45,0,1,[3 1 4 2 5],2572.000000000011,0.513564014784708,0.48643598521529197,0.5947951651278467,MI,[4 1 3 2 5],47.09999999999991,10,4091.6000000000167,0.0,False,4
45,0,2,[3 1 4 2 5],2572.000000000011,0.513564014784708,0.48643598521529197,0.08691287554861349,SI,[4 1 3 2 5],47.09999999999991,10,4091.6000000000167,0.0,False,4
45,0,3,[3 1 4 2 5],2572.000000000011,0.513564014784708,0.48643598521529197,0.8624639793060358,MI,[4 1 3 2 5],47.09999999999991,10,4091.6000000000167,0.0,False,4
45,0,4,[3 1 4 2 5],2572.000000000011,0.513564014784708,0.48643598521529197,0.2536213597684276,SI,[4 1 3 2 5],47.09999999999991,10,4091.6000000000167,0.0,False,4
46,0,0,[3 1 4 2 5],2572.000000000011,0.513564014784708,0.48643598521529197,0.12945504166435096,SI,[3 4 1 2 5],48.60000000000002,10,3351.000000000022,0.0,False,4
46,0,1,[3 1 4 2 5],2572.000000000011,0.513564014784708,0.48643598521529197,0.3761106280110543,SI,[4 1 3 2 5],47.09999999999991,10,4091.6000000000167,0.0,False,4
46,0,2,[3 1 4 2 5],2572.000000000011,0.513564014784708,0.48643598521529197,0.9082761911473713,MI,[4 1 3 2 5],47.09999999999991,10,4091.6000000000167,0.0,False,4
46,0,3,[3 1 4 2 5],2572.000000000011,0.513564014784708,0.48643598521529197,0.12646682361034034,SI,[4 1 3 2 5],47.09999999999991,10,4091.6000000000167,0.0,False,4
46,0,4,[3 1 4 2 5],2572.000000000011,0.513564014784708,0.48643598521529197,0.7384354552952763,MI,[4 1 3 2 5],47.09999999999991,10,4091.6000000000167,0.0,False,4
47,0,0,[3 1 4 2 5],2572.000000000011,0.513564014784708,0.48643598521529197,0.3920505500408725,SI,[3 1 4 5 2],65.59999999999997,10,2767.400000000016,0.0,False,4
47,0,1,[3 1 4 2 5],2572.000000000011,0.513564014784708,0.48643598521529197,0.21836574023069866,SI,[5 2 4 1 3],115.9,10,4486.500000000022,0.0,False,4
47,0,2,[3 1 4 2 5],2572.000000000011,0.513564014784708,0.48643598521529197,0.9359044100668739,MI,[4 1 3 2 5],47.09999999999991,10,4091.6000000000167,0.0,False,4
47,0,3,[3 1 4 2 5],2572.000000000011,0.513564014784708,0.48643598521529197,0.7374458617012989,MI,[4 1 3 2 5],47.09999999999991,10,4091.6000000000167,0.0,False,4
47,0,4,[3 1 4 2 5],2572.000000000011,0.513564014784708,0.48643598521529197,0.20398877349710054,SI,[4 1 3 2 5],47.09999999999991,10,4091.6000000000167,0.0,False,4
48,0,0,[3 1 4 2 5],2572.000000000011,0.513564014784708,0.48643598521529197,0.8733926796426624,MI,[4 1 3 2 5],47.09999999999991,10,4091.6000000000167,0.0,False,4
48,0,1,[3 1 4 2 5],2572.000000000011,0.513564014784708,0.48643598521529197,0.31485676586131583,SI,[1 3 4 2 5],112.69999999999999,10,3566.5000000000255,0.0,False,4
48,0,2,[3 1 4 2 5],2572.000000000011,0.513564014784708,0.48643598521529197,0.037337669089301584,SI,[3 4 1 2 5],48.60000000000002,10,3351.000000000022,0.0,False,4
48,0,3,[3 1 4 2 5],2572.000000000011,0.513564014784708,0.48643598521529197,0.3391510697158283,SI,[4 1 3 2 5],47.09999999999991,10,4091.6000000000167,0.0,False,4
48,0,4,[3 1 4 2 5],2572.000000000011,0.513564014784708,0.48643598521529197,0.22195025129135837,SI,[4 1 3 2 5],47.09999999999991,10,4091.6000000000167,0.0,False,4
49,0,0,[3 1 4 2 5],2572.000000000011,0.513564014784708,0.48643598521529197,0.053644324561488266,SI,[5 2 4 1 3],115.9,10,4486.500000000022,0.0,False,4
49,0,1,[3 1 4 2 5],2572.000000000011,0.513564014784708,0.48643598521529197,0.39781726221311564,SI,[3 1 4 5 2],65.59999999999997,10,2767.400000000016,0.0,False,4
49,0,2,[3 1 4 2 5],2572.000000000011,0.513564014784708,0.48643598521529197,0.43063587555698135,SI,[1 3 4 2 5],112.69999999999999,10,3566.5000000000255,0.0,False,4
49,0,3,[3 1 4 2 5],2572.000000000011,0.513564014784708,0.48643598521529197,0.3255015591854531,SI,[1 3 4 2 5],112.69999999999999,10,3566.5000000000255,0.0,False,4
49,0,4,[3 1 4 2 5],2572.000000000011,0.513564014784708,0.48643598521529197,0.17916219924090926,SI,[4 1 3 2 5],47.09999999999991,10,4091.6000000000167,0.0,False,4
50,0,0,[3 1 4 2 5],2572.000000000011,0.513564014784708,0.48643598521529197,0.10501026337004016,SI,[4 1 3 2 5],47.09999999999991,10,4091.6000000000167,0.0,False,4
50,0,1,[3 1 4 2 5],2572.000000000011,0.513564014784708,0.48643598521529197,0.13976024194224734,SI,[3 1 4 5 2],65.59999999999997,10,2767.400000000016,0.0,False,4
50,0,2,[3 1 4 2 5],2572.000000000011,0.513564014784708,0.48643598521529197,0.6119924346086676,MI,[4 1 3 2 5],47.09999999999991,10,4091.6000000000167,0.0,False,4
50,0,3,[3 1 4 2 5],2572.000000000011,0.513564014784708,0.48643598521529197,0.33237923196854324,SI,[4 1 3 2 5],47.09999999999991,10,4091.6000000000167,0.0,False,4
50,0,4,[3 1 4 2 5],2572.000000000011,0.513564014784708,0.48643598521529197,0.7111683379554952,MI,[4 1 3 2 5],47.09999999999991,10,4091.6000000000167,0.0,False,4
0,18,0,[1 3 5 4 2],1922.199999999968,0.5,0.5,0.14157871178218573,SI,[1 3 2 4 5],-65.90000000000003,10,1365.1999999999716,0.2897721360940618,True,5
0,18,1,[1 3 2 4 5],1365.1999999999716,0.5,0.5,0.07910889284188682,SI,[2 3 1 4 5],-13.899999999999977,10,1394.0000000000218,0.0,False,5
0,18,2,[1 3 2 4 5],1365.1999999999716,0.5,0.5,0.6400385234488529,MI,[2 3 1 4 5],-13.899999999999977,10,1394.0000000000218,0.0,False,5
0,18,3,[1 3 2 4 5],1365.1999999999716,0.5,0.5,0.4231853739678272,SI,[3 1 2 4 5],-26.80000000000001,10,1423.5,0.0,False,5
0,18,4,[1 3 2 4 5],1365.1999999999716,0.5,0.5,0.12608741762458897,SI,[3 1 2 4 5],-26.80000000000001,10,1423.5,0.0,False,5
1,0,0,[1 3 2 4 5],1365.1999999999716,0.5140805905253047,0.48591940947469525,0.13679341004673484,SI,[1 2 3 4 5],-12.899999999999977,10,1371.8999999999287,0.0,False,5
1,0,1,[1 3 2 4 5],1365.1999999999716,0.5140805905253047,0.48591940947469525,0.39088709503492136,SI,[3 1 2 4 5],-26.80000000000001,10,1423.5,0.0,False,5
1,0,2,[1 3 2 4 5],1365.1999999999716,0.5140805905253047,0.48591940947469525,0.434055021620809,SI,[3 1 2 4 5],-26.80000000000001,10,1423.5,0.0,False,5
1,0,3,[1 3 2 4 5],1365.1999999999716,0.5140805905253047,0.48591940947469525,0.05040123393523521,SI,[1 3 2 5 4],5.800000000000068,10,1507.5999999999804,0.0,False,5
1,0,4,[1 3 2 4 5],1365.1999999999716,0.5140805905253047,0.48591940947469525,0.5844418518549283,MI,[2 3 1 4 5],-13.899999999999977,10,1394.0000000000218,0.0,False,5
2,0,0,[1 3 2 4 5],1365.1999999999716,0.5140805905253047,0.48591940947469525,0.008941875361128004,SI,[1 3 2 5 4],5.800000000000068,10,1507.5999999999804,0.0,False,5
2,0,1,[1 3 2 4 5],1365.1999999999716,0.5140805905253047,0.48591940947469525,0.46261061815028715,SI,[3 1 2 4 5],-26.80000000000001,10,1423.5,0.0,False,5
2,0,2,[1 3 2 4 5],1365.1999999999716,0.5140805905253047,0.48591940947469525,0.4728196811011284,SI,[3 1 2 4 5],-26.80000000000001,10,1423.5,0.0,False,5
2,0,3,[1 3 2 4 5],1365.1999999999716,0.5140805905253047,0.48591940947469525,0.1288045592985766,SI,[3 1 2 4 5],-26.80000000000001,10,1423.5,0.0,False,5
2,0,4,[1 3 2 4 5],1365.1999999999716,0.5140805905253047,0.48591940947469525,0.36342609588833297,SI,[3 1 2 4 5],-26.80000000000001,10,1423.5,0.0,False,5
3,0,0,[1 3 2 4 5],1365.1999999999716,0.5140805905253047,0.48591940947469525,0.10245543754900677,SI,[3 1 2 4 5],-26.80000000000001,10,1423.5,0.0,False,5
3,0,1,[1 3 2 4 5],1365.1999999999716,0.5140805905253047,0.48591940947469525,0.46830179841439423,SI,[1 3 2 5 4],5.800000000000068,10,1507.5999999999804,0.0,False,5
3,0,2,[1 3 2 4 5],1365.1999999999716,0.5140805905253047,0.48591940947469525,0.4172500381616564,SI,[3 1 2 4 5],-26.80000000000001,10,1423.5,0.0,False,5
3,0,3,[1 3 2 4 5],1365.1999999999716,0.5140805905253047,0.48591940947469525,0.9798796638242268,MI,[2 3 1 4 5],-13.899999999999977,10,1394.0000000000218,0.0,False,5
3,0,4,[1 3 2 4 5],1365.1999999999716,0.5140805905253047,0.48591940947469525,0.06656497195840372,SI,[1 2 3 4 5],-12.899999999999977,10,1371.8999999999287,0.0,False,5
4,0,0,[1 3 2 4 5],1365.1999999999716,0.5140805905253047,0.48591940947469525,0.23574177979855848,SI,[3 1 2 4 5],-26.80000000000001,10,1423.5,0.0,False,5
4,0,1,[1 3 2 4 5],1365.1999999999716,0.5140805905253047,0.48591940947469525,0.42569273054737744,SI,[2 3 1 4 5],-13.899999999999977,10,1394.0000000000218,0.0,False,5
4,0,2,[1 3 2 4 5],1365.1999999999716,0.5140805905253047,0.48591940947469525,0.6763105920884922,MI,[2 3 1 4 5],-13.899999999999977,10,1394.0000000000218,0.0,False,5
4,0,3,[1 3 2 4 5],1365.1999999999716,0.5140805905253047,0.48591940947469525,0.09272024503561216,SI,[3 1 2 4 5],-26.80000000000001,10,1423.5,0.0,False,5
4,0,4,[1 3 2 4 5],1365.1999999999716,0.5140805905253047,0.48591940947469525,0.49975789978546237,SI,[2 3 1 4 5],-13.899999999999977,10,1394.0000000000218,0.0,False,5
5,0,0,[1 3 2 4 5],1365.1999999999716,0.5140805905253047,0.48591940947469525,0.34462201840306694,SI,[3 1 2 4 5],-26.80000000000001,10,1423.5,0.0,False,5
5,0,1,[1 3 2 4 5],1365.1999999999716,0.5140805905253047,0.48591940947469525,0.15909733799466208,SI,[5 4 2 3 1],14.100000000000023,10,2617.699999999946,0.0,False,5
5,0,2,[1 3 2 4 5],1365.1999999999716,0.5140805905253047,0.48591940947469525,0.01304395885972609,SI,[3 1 2 4 5],-26.80000000000001,10,1423.5,0.0,False,5
5,0,3,[1 3 2 4 5],1365.1999999999716,0.5140805905253047,0.48591940947469525,0.8083090483756838,MI,[2 3 1 4 5],-13.899999999999977,10,1394.0000000000218,0.0,False,5
5,0,4,[1 3 2 4 5],1365.1999999999716,0.5140805905253047,0.48591940947469525,0.23597055193965633,SI,[2 3 1 4 5],-13.899999999999977,10,1394.0000000000218,0.0,False,5
6,0,0,[1 3 2 4 5],1365.1999999999716,0.5140805905253047,0.48591940947469525,0.15257090457327482,SI,[3 1 2 4 5],-26.80000000000001,10,1423.5,0.0,False,5
6,0,1,[1 3 2 4 5],1365.1999999999716,0.5140805905253047,0.48591940947469525,0.21475007746439279,SI,[1 3 2 5 4],5.800000000000068,10,1507.5999999999804,0.0,False,5
6,0,2,[1 3 2 4 5],1365.1999999999716,0.5140805905253047,0.48591940947469525,0.48264961720313526,SI,[3 1 2 4 5],-26.80000000000001,10,1423.5,0.0,False,5
6,0,3,[1 3 2 4 5],1365.1999999999716,0.5140805905253047,0.48591940947469525,0.7016284344729934,MI,[2 3 1 4 5],-13.899999999999977,10,1394.0000000000218,0.0,False,5
6,0,4,[1 3 2 4 5],1365.1999999999716,0.5140805905253047,0.48591940947469525,0.3036151450986674,SI,[3 1 2 4 5],-26.80000000000001,10,1423.5,0.0,False,5
7,0,0,[1 3 2 4 5],1365.1999999999716,0.5140805905253047,0.48591940947469525,0.030050816434973204,SI,[3 1 2 4 5],-26.80000000000001,10,1423.5,0.0,False,5
7,0,1,[1 3 2 4 5],1365.1999999999716,0.5140805905253047,0.48591940947469525,0.07269398154898044,SI,[3 1 2 4 5],-26.80000000000001,10,1423.5,0.0,False,5
7,0,2,[1 3 2 4 5],1365.1999999999716,0.5140805905253047,0.48591940947469525,0.2503077182653981,SI,[3 1 2 4 5],-26.80000000000001,10,1423.5,0.0,False,5
7,0,3,[1 3 2 4 5],1365.1999999999716,0.5140805905253047,0.48591940947469525,0.017222751433058514,SI,[3 1 2 4 5],-26.80000000000001,10,1423.5,0.0,False,5
7,0,4,[1 3 2 4 5],1365.1999999999716,0.5140805905253047,0.48591940947469525,0.2681389361780465,SI,[3 1 2 4 5],-26.80000000000001,10,1423.5,0.0,False,5
8,0,0,[1 3 2 4 5],1365.1999999999716,0.5140805905253047,0.48591940947469525,0.27947488534614706,SI,[3 1 2 4 5],-26.80000000000001,10,1423.5,0.0,False,5
8,0,1,[1 3 2 4 5],1365.1999999999716,0.5140805905253047,0.48591940947469525,0.3525844026674506,SI,[3 1 2 4 5],-26.80000000000001,10,1423.5,0.0,False,5
8,0,2,[1 3 2 4 5],1365.1999999999716,0.5140805905253047,0.48591940947469525,0.17512117191413967,SI,[3 1 2 4 5],-26.80000000000001,10,1423.5,0.0,False,5
8,0,3,[1 3 2 4 5],1365.1999999999716,0.5140805905253047,0.48591940947469525,0.3335468566607809,SI,[3 1 2 4 5],-26.80000000000001,10,1423.5,0.0,False,5
8,0,4,[1 3 2 4 5],1365.1999999999716,0.5140805905253047,0.48591940947469525,0.49616310899663574,SI,[3 1 2 4 5],-26.80000000000001,10,1423.5,0.0,False,5
9,0,0,[1 3 2 4 5],1365.1999999999716,0.5140805905253047,0.48591940947469525,0.8545269251169358,MI,[2 3 1 4 5],-13.899999999999977,10,1394.0000000000218,0.0,False,5
9,0,1,[1 3 2 4 5],1365.1999999999716,0.5140805905253047,0.48591940947469525,0.4171983410803304,SI,[3 1 2 4 5],-26.80000000000001,10,1423.5,0.0,False,5
9,0,2,[1 3 2 4 5],1365.1999999999716,0.5140805905253047,0.48591940947469525,0.4963748550490352,SI,[2 3 1 4 5],-13.899999999999977,10,1394.0000000000218,0.0,False,5
9,0,3,[1 3 2 4 5],1365.1999999999716,0.5140805905253047,0.48591940947469525,0.9475937959830036,MI,[2 3 1 4 5],-13.899999999999977,10,1394.0000000000218,0.0,False,5
9,0,4,[1 3 2 4 5],1365.1999999999716,0.5140805905253047,0.48591940947469525,0.2311697278700483,SI,[3 1 2 4 5],-26.80000000000001,10,1423.5,0.0,False,5
10,0,0,[1 3 2 4 5],1365.1999999999716,0.5140805905253047,0.48591940947469525,0.26650805224079877,SI,[3 1 2 4 5],-26.80000000000001,10,1423.5,0.0,False,5
10,0,1,[1 3 2 4 5],1365.1999999999716,0.5140805905253047,0.48591940947469525,0.2310864111019243,SI,[2 3 1 4 5],-13.899999999999977,10,1394.0000000000218,0.0,False,5
10,0,2,[1 3 2 4 5],1365.1999999999716,0.5140805905253047,0.48591940947469525,0.4475444329543127,SI,[2 3 1 4 5],-13.899999999999977,10,1394.0000000000218,0.0,False,5
10,0,3,[1 3 2 4 5],1365.1999999999716,0.5140805905253047,0.48591940947469525,0.4487273775554099,SI,[3 1 2 4 5],-26.80000000000001,10,1423.5,0.0,False,5
10,0,4,[1 3 2 4 5],1365.1999999999716,0.5140805905253047,0.48591940947469525,0.3215686238259403,SI,[2 3 1 4 5],-13.899999999999977,10,1394.0000000000218,0.0,False,5
11,0,0,[1 3 2 4 5],1365.1999999999716,0.5140805905253047,0.48591940947469525,0.09648176158357202,SI,[1 2 3 4 5],-12.899999999999977,10,1371.8999999999287,0.0,False,5
11,0,1,[1 3 2 4 5],1365.1999999999716,0.5140805905253047,0.48591940947469525,0.23983569949368178,SI,[1 2 3 4 5],-12.899999999999977,10,1371.8999999999287,0.0,False,5
11,0,2,[1 3 2 4 5],1365.1999999999716,0.5140805905253047,0.48591940947469525,0.205929846533924,SI,[1 3 2 5 4],5.800000000000068,10,1507.5999999999804,0.0,False,5
11,0,3,[1 3 2 4 5],1365.1999999999716,0.5140805905253047,0.48591940947469525,0.18158606010556289,SI,[2 3 1 4 5],-13.899999999999977,10,1394.0000000000218,0.0,False,5
11,0,4,[1 3 2 4 5],1365.1999999999716,0.5140805905253047,0.48591940947469525,0.1332965450710164,SI,[1 3 2 5 4],5.800000000000068,10,1507.5999999999804,0.0,False,5
12,0,0,[1 3 2 4 5],1365.1999999999716,0.5140805905253047,0.48591940947469525,0.3468406827461069,SI,[3 1 2 4 5],-26.80000000000001,10,1423.5,0.0,False,5
12,0,1,[1 3 2 4 5],1365.1999999999716,0.5140805905253047,0.48591940947469525,0.1553399360969313,SI,[2 3 1 4 5],-13.899999999999977,10,1394.0000000000218,0.0,False,5
12,0,2,[1 3 2 4 5],1365.1999999999716,0.5140805905253047,0.48591940947469525,0.3971890681587751,SI,[3 1 2 4 5],-26.80000000000001,10,1423.5,0.0,False,5
12,0,3,[1 3 2 4 5],1365.1999999999716,0.5140805905253047,0.48591940947469525,0.06301084985907768,SI,[3 1 2 4 5],-26.80000000000001,10,1423.5,0.0,False,5
12,0,4,[1 3 2 4 5],1365.1999999999716,0.5140805905253047,0.48591940947469525,0.8967377347755151,MI,[2 3 1 4 5],-13.899999999999977,10,1394.0000000000218,0.0,False,5
13,0,0,[1 3 2 4 5],1365.1999999999716,0.5140805905253047,0.48591940947469525,0.3239887160365409,SI,[3 1 2 4 5],-26.80000000000001,10,1423.5,0.0,False,5
13,0,1,[1 3 2 4 5],1365.1999999999716,0.5140805905253047,0.48591940947469525,0.19030606873868394,SI,[3 1 2 4 5],-26.80000000000001,10,1423.5,0.0,False,5
13,0,2,[1 3 2 4 5],1365.1999999999716,0.5140805905253047,0.48591940947469525,0.35812727046440007,SI,[3 1 2 4 5],-26.80000000000001,10,1423.5,0.0,False,5
13,0,3,[1 3 2 4 5],1365.1999999999716,0.5140805905253047,0.48591940947469525,0.26800287984874194,SI,[3 1 2 4 5],-26.80000000000001,10,1423.5,0.0,False,5
13,0,4,[1 3 2 4 5],1365.1999999999716,0.5140805905253047,0.48591940947469525,0.2143619762060125,SI,[3 1 2 4 5],-26.80000000000001,10,1423.5,0.0,False,5
14,0,0,[1 3 2 4 5],1365.1999999999716,0.5140805905253047,0.48591940947469525,0.4927115312908239,SI,[1 2 3 4 5],-12.899999999999977,10,1371.8999999999287,0.0,False,5
14,0,1,[1 3 2 4 5],1365.1999999999716,0.5140805905253047,0.48591940947469525,0.3982237919542516,SI,[3 1 2 4 5],-26.80000000000001,10,1423.5,0.0,False,5
14,0,2,[1 3 2 4 5],1365.1999999999716,0.5140805905253047,0.48591940947469525,0.5914303006171838,MI,[2 3 1 4 5],-13.899999999999977,10,1394.0000000000218,0.0,False,5
14,0,3,[1 3 2 4 5],1365.1999999999716,0.5140805905253047,0.48591940947469525,0.052821251249226764,SI,[2 3 1 4 5],-13.899999999999977,10,1394.0000000000218,0.0,False,5
14,0,4,[1 3 2 4 5],1365.1999999999716,0.5140805905253047,0.48591940947469525,0.15353288695401568,SI,[5 4 2 3 1],14.100000000000023,10,2617.699999999946,0.0,False,5
15,0,0,[1 3 2 4 5],1365.1999999999716,0.5140805905253047,0.48591940947469525,0.6397075104975825,MI,[2 3 1 4 5],-13.899999999999977,10,1394.0000000000218,0.0,False,5
15,0,1,[1 3 2 4 5],1365.1999999999716,0.5140805905253047,0.48591940947469525,0.5581435609714157,MI,[5 4 2 3 1],14.100000000000023,10,2617.699999999946,0.0,False,5
15,0,2,[1 3 2 4 5],1365.1999999999716,0.5140805905253047,0.48591940947469525,0.035055816951469754,SI,[1 2 3 4 5],-12.899999999999977,10,1371.8999999999287,0.0,False,5
15,0,3,[1 3 2 4 5],1365.1999999999716,0.5140805905253047,0.48591940947469525,0.9492488969925131,MI,[2 3 1 4 5],-13.899999999999977,10,1394.0000000000218,0.0,False,5
15,0,4,[1 3 2 4 5],1365.1999999999716,0.5140805905253047,0.48591940947469525,0.6839846599551151,MI,[2 3 1 4 5],-13.899999999999977,10,1394.0000000000218,0.0,False,5
16,0,0,[1 3 2 4 5],1365.1999999999716,0.5140805905253047,0.48591940947469525,0.18075163424580576,SI,[1 2 3 4 5],-12.899999999999977,10,1371.8999999999287,0.0,False,5
16,0,1,[1 3 2 4 5],1365.1999999999716,0.5140805905253047,0.48591940947469525,0.2317177145413848,SI,[1 2 3 4 5],-12.899999999999977,10,1371.8999999999287,0.0,False,5
16,0,2,[1 3 2 4 5],1365.1999999999716,0.5140805905253047,0.48591940947469525,0.4753680344402973,SI,[1 2 3 4 5],-12.899999999999977,10,1371.8999999999287,0.0,False,5
16,0,3,[1 3 2 4 5],1365.1999999999716,0.5140805905253047,0.48591940947469525,0.12466159405638366,SI,[3 1 2 4 5],-26.80000000000001,10,1423.5,0.0,False,5
16,0,4,[1 3 2 4 5],1365.1999999999716,0.5140805905253047,0.48591940947469525,0.48206851071679113,SI,[3 1 2 4 5],-26.80000000000001,10,1423.5,0.0,False,5
17,0,0,[1 3 2 4 5],1365.1999999999716,0.5140805905253047,0.48591940947469525,0.05838090813604557,SI,[3 1 2 4 5],-26.80000000000001,10,1423.5,0.0,False,5
17,0,1,[1 3 2 4 5],1365.1999999999716,0.5140805905253047,0.48591940947469525,0.3617702179625051,SI,[3 1 2 4 5],-26.80000000000001,10,1423.5,0.0,False,5
17,0,2,[1 3 2 4 5],1365.1999999999716,0.5140805905253047,0.48591940947469525,0.040847325409843926,SI,[3 1 2 4 5],-26.80000000000001,10,1423.5,0.0,False,5
17,0,3,[1 3 2 4 5],1365.1999999999716,0.5140805905253047,0.48591940947469525,0.09789418038792708,SI,[2 3 1 4 5],-13.899999999999977,10,1394.0000000000218,0.0,False,5
17,0,4,[1 3 2 4 5],1365.1999999999716,0.5140805905253047,0.48591940947469525,0.31531668608576646,SI,[3 1 2 4 5],-26.80000000000001,10,1423.5,0.0,False,5
18,0,0,[1 3 2 4 5],1365.1999999999716,0.5140805905253047,0.48591940947469525,0.87118140964011,MI,[1 3 5 4 2],65.90000000000003,10,1922.199999999968,0.0,False,5
18,0,1,[1 3 2 4 5],1365.1999999999716,0.5140805905253047,0.48591940947469525,0.09246153757608078,SI,[3 1 2 4 5],-26.80000000000001,10,1423.5,0.0,False,5
18,0,2,[1 3 2 4 5],1365.1999999999716,0.5140805905253047,0.48591940947469525,0.9724450519431856,MI,[2 3 1 4 5],-13.899999999999977,10,1394.0000000000218,0.0,False,5
18,0,3,[1 3 2 4 5],1365.1999999999716,0.5140805905253047,0.48591940947469525,0.7847957410043371,MI,[2 3 1 4 5],-13.899999999999977,10,1394.0000000000218,0.0,False,5
18,0,4,[1 3 2 4 5],1365.1999999999716,0.5140805905253047,0.48591940947469525,0.023420673679714232,SI,[3 1 2 4 5],-26.80000000000001,10,1423.5,0.0,False,5
19,0,0,[1 3 2 4 5],1365.1999999999716,0.5140805905253047,0.48591940947469525,0.34967871546861484,SI,[3 1 2 4 5],-26.80000000000001,10,1423.5,0.0,False,5
19,0,1,[1 3 2 4 5],1365.1999999999716,0.5140805905253047,0.48591940947469525,0.4222216443096197,SI,[3 1 2 4 5],-26.80000000000001,10,1423.5,0.0,False,5
19,0,2,[1 3 2 4 5],1365.1999999999716,0.5140805905253047,0.48591940947469525,0.33989502297484864,SI,[1 3 2 5 4],5.800000000000068,10,1507.5999999999804,0.0,False,5
19,0,3,[1 3 2 4 5],1365.1999999999716,0.5140805905253047,0.48591940947469525,0.2539052787057182,SI,[2 3 1 4 5],-13.899999999999977,10,1394.0000000000218,0.0,False,5
19,0,4,[1 3 2 4 5],1365.1999999999716,0.5140805905253047,0.48591940947469525,0.02817276677454239,SI,[5 4 2 3 1],14.100000000000023,10,2617.699999999946,0.0,False,5
20,0,0,[1 3 2 4 5],1365.1999999999716,0.5140805905253047,0.48591940947469525,0.051606090220805534,SI,[3 1 2 4 5],-26.80000000000001,10,1423.5,0.0,False,5
20,0,1,[1 3 2 4 5],1365.1999999999716,0.5140805905253047,0.48591940947469525,0.9280887344447714,MI,[2 3 1 4 5],-13.899999999999977,10,1394.0000000000218,0.0,False,5
20,0,2,[1 3 2 4 5],1365.1999999999716,0.5140805905253047,0.48591940947469525,0.3157637143091786,SI,[3 1 2 4 5],-26.80000000000001,10,1423.5,0.0,False,5
20,0,3,[1 3 2 4 5],1365.1999999999716,0.5140805905253047,0.48591940947469525,0.5081740537153244,SI,[1 2 3 4 5],-12.899999999999977,10,1371.8999999999287,0.0,False,5
20,0,4,[1 3 2 4 5],1365.1999999999716,0.5140805905253047,0.48591940947469525,0.3748992079549959,SI,[3 1 2 4 5],-26.80000000000001,10,1423.5,0.0,False,5
21,0,0,[2 1 3 4 5],1342.799999999981,0.5140805905253047,0.48591940947469525,0.8485892902815284,MI,[5 4 3 1 2],9.099999999999994,10,2656.499999999949,0.0,False,5
21,0,1,[2 1 3 4 5],1342.799999999981,0.5140805905253047,0.48591940947469525,0.5146531759494064,MI,[5 4 3 1 2],9.099999999999994,10,2656.499999999949,0.0,False,5
21,0,2,[2 1 3 4 5],1342.799999999981,0.5140805905253047,0.48591940947469525,0.7751961251152304,MI,[5 4 3 1 2],9.099999999999994,10,2656.499999999949,0.0,False,5
21,0,3,[2 1 3 4 5],1342.799999999981,0.5140805905253047,0.48591940947469525,0.8316937538645129,MI,[5 4 3 1 2],9.099999999999994,10,2656.499999999949,0.0,False,5
21,0,4,[2 1 3 4 5],1342.799999999981,0.5140805905253047,0.48591940947469525,0.4614521638176804,SI,[5 4 3 1 2],9.099999999999994,10,2656.499999999949,0.0,False,5
22,0,0,[2 1 3 4 5],1342.799999999981,0.5140805905253047,0.48591940947469525,0.3732888713841802,SI,[5 4 3 1 2],9.099999999999994,10,2656.499999999949,0.0,False,5
22,0,1,[2 1 3 4 5],1342.799999999981,0.5140805905253047,0.48591940947469525,0.30187437343482404,SI,[5 4 3 1 2],9.099999999999994,10,2656.499999999949,0.0,False,5
22,0,2,[2 1 3 4 5],1342.799999999981,0.5140805905253047,0.48591940947469525,0.407052731787505,SI,[2 1 3 5 4],13.300000000000011,10,1465.299999999992,0.0,False,5
22,0,3,[2 1 3 4 5],1342.799999999981,0.5140805905253047,0.48591940947469525,0.7084350606385253,MI,[5 4 3 1 2],9.099999999999994,10,2656.499999999949,0.0,False,5
22,0,4,[2 1 3 4 5],1342.799999999981,0.5140805905253047,0.48591940947469525,0.22813643364270775,SI,[5 4 3 1 2],9.099999999999994,10,2656.499999999949,0.0,False,5
23,0,0,[2 1 3 4 5],1342.799999999981,0.5140805905253047,0.48591940947469525,0.3873507506775292,SI,[5 4 3 1 2],9.099999999999994,10,2656.499999999949,0.0,False,5
23,0,1,[2 1 3 4 5],1342.799999999981,0.5140805905253047,0.48591940947469525,0.4180861759409722,SI,[5 4 3 1 2],9.099999999999994,10,2656.499999999949,0.0,False,5
23,0,2,[2 1 3 4 5],1342.799999999981,0.5140805905253047,0.48591940947469525,0.5046497668956815,SI,[3 1 2 4 5],11.5,10,1423.5,0.0,False,5
23,0,3,[2 1 3 4 5],1342.799999999981,0.5140805905253047,0.48591940947469525,0.42059174337627536,SI,[3 1 2 4 5],11.5,10,1423.5,0.0,False,5
23,0,4,[2 1 3 4 5],1342.799999999981,0.5140805905253047,0.48591940947469525,0.6733624529076914,MI,[3 1 2 4 5],11.5,10,1423.5,0.0,False,5
24,0,0,[2 1 3 4 5],1342.799999999981,0.5140805905253047,0.48591940947469525,0.05472932943747488,SI,[2 3 1 4 5],27.599999999999994,10,1394.0000000000218,0.0,False,5
24,0,1,[2 1 3 4 5],1342.799999999981,0.5140805905253047,0.48591940947469525,0.6341355811321957,MI,[5 4 3 1 2],9.099999999999994,10,2656.499999999949,0.0,False,5
24,0,2,[2 1 3 4 5],1342.799999999981,0.5140805905253047,0.48591940947469525,0.0031191664044217804,SI,[3 1 2 4 5],11.5,10,1423.5,0.0,False,5
24,0,3,[2 1 3 4 5],1342.799999999981,0.5140805905253047,0.48591940947469525,0.16076524718218232,SI,[5 4 3 1 2],9.099999999999994,10,2656.499999999949,0.0,False,5
24,0,4,[2 1 3 4 5],1342.799999999981,0.5140805905253047,0.48591940947469525,0.6068537274819245,MI,[5 4 3 1 2],9.099999999999994,10,2656.499999999949,0.0,False,5
25,0,0,[2 1 3 4 5],1342.799999999981,0.5140805905253047,0.48591940947469525,0.7522679126141462,MI,[3 1 2 4 5],11.5,10,1423.5,0.0,False,5
25,0,1,[2 1 3 4 5],1342.799999999981,0.5140805905253047,0.48591940947469525,0.38829659132615013,SI,[5 4 3 1 2],9.099999999999994,10,2656.499999999949,0.0,False,5
25,0,2,[2 1 3 4 5],1342.799999999981,0.5140805905253047,0.48591940947469525,0.5518196212872561,MI,[5 4 3 1 2],9.099999999999994,10,2656.499999999949,0.0,False,5
25,0,3,[2 1 3 4 5],1342.799999999981,0.5140805905253047,0.48591940947469525,0.4832835590153256,SI,[5 4 3 1 2],9.099999999999994,10,2656.499999999949,0.0,False,5
25,0,4,[2 1 3 4 5],1342.799999999981,0.5140805905253047,0.48591940947469525,0.6794361197592659,MI,[5 4 3 1 2],9.099999999999994,10,2656.499999999949,0.0,False,5
26,0,0,[2 1 3 4 5],1342.799999999981,0.5140805905253047,0.48591940947469525,0.8786722247529845,MI,[5 4 3 1 2],9.099999999999994,10,2656.499999999949,0.0,False,5
26,0,1,[2 1 3 4 5],1342.799999999981,0.5140805905253047,0.48591940947469525,0.3420251852373041,SI,[5 4 3 1 2],9.099999999999994,10,2656.499999999949,0.0,False,5
26,0,2,[2 1 3 4 5],1342.799999999981,0.5140805905253047,0.48591940947469525,0.925429536155215,MI,[5 4 3 1 2],9.099999999999994,10,2656.499999999949,0.0,False,5
26,0,3,[2 1 3 4 5],1342.799999999981,0.5140805905253047,0.48591940947469525,0.8688994200480694,MI,[5 4 3 1 2],9.099999999999994,10,2656.499999999949,0.0,False,5
26,0,4,[2 1 3 4 5],1342.799999999981,0.5140805905253047,0.48591940947469525,0.3993275967403389,SI,[2 1 3 5 4],13.300000000000011,10,1465.299999999992,0.0,False,5
27,0,0,[2 1 3 4 5],1342.799999999981,0.5140805905253047,0.48591940947469525,0.4538518641144923,SI,[5 4 3 1 2],9.099999999999994,10,2656.499999999949,0.0,False,5
27,0,1,[2 1 3 4 5],1342.799999999981,0.5140805905253047,0.48591940947469525,0.7618990462198106,MI,[5 4 3 1 2],9.099999999999994,10,2656.499999999949,0.0,False,5
27,0,2,[2 1 3 4 5],1342.799999999981,0.5140805905253047,0.48591940947469525,0.9199845325082165,MI,[3 1 2 4 5],11.5,10,1423.5,0.0,False,5
27,0,3,[2 1 3 4 5],1342.799999999981,0.5140805905253047,0.48591940947469525,0.9803700325373075,MI,[5 4 3 1 2],9.099999999999994,10,2656.499999999949,0.0,False,5
27,0,4,[2 1 3 4 5],1342.799999999981,0.5140805905253047,0.48591940947469525,0.7462172323039955,MI,[5 4 3 1 2],9.099999999999994,10,2656.499999999949,0.0,False,5
28,0,0,[2 1 3 4 5],1342.799999999981,0.5140805905253047,0.48591940947469525,0.6929694573833779,MI,[5 4 3 1 2],9.099999999999994,10,2656.499999999949,0.0,False,5
28,0,1,[2 1 3 4 5],1342.799999999981,0.5140805905253047,0.48591940947469525,0.1801007446424292,SI,[5 4 3 1 2],9.099999999999994,10,2656.499999999949,0.0,False,5
28,0,2,[2 1 3 4 5],1342.799999999981,0.5140805905253047,0.48591940947469525,0.9196142413527715,MI,[5 4 3 1 2],9.099999999999994,10,2656.499999999949,0.0,False,5
28,0,3,[2 1 3 4 5],1342.799999999981,0.5140805905253047,0.48591940947469525,0.5030466557432549,SI,[5 4 3 1 2],9.099999999999994,10,2656.499999999949,0.0,False,5
28,0,4,[2 1 3 4 5],1342.799999999981,0.5140805905253047,0.48591940947469525,0.9735357689797882,MI,[5 4 3 1 2],9.099999999999994,10,2656.499999999949,0.0,False,5
29,0,0,[2 1 3 4 5],1342.799999999981,0.5140805905253047,0.48591940947469525,0.7657842014177039,MI,[5 4 3 1 2],9.099999999999994,10,2656.499999999949,0.0,False,5
29,0,1,[2 1 3 4 5],1342.799999999981,0.5140805905253047,0.48591940947469525,0.10034720170837264,SI,[5 4 3 1 2],9.099999999999994,10,2656.499999999949,0.0,False,5
29,0,2,[2 1 3 4 5],1342.799999999981,0.5140805905253047,0.48591940947469525,0.24819965077328532,SI,[5 4 3 1 2],9.099999999999994,10,2656.499999999949,0.0,False,5
29,0,3,[2 1 3 4 5],1342.799999999981,0.5140805905253047,0.48591940947469525,0.749942925613836,MI,[3 1 2 4 5],11.5,10,1423.5,0.0,False,5
29,0,4,[2 1 3 4 5],1342.799999999981,0.5140805905253047,0.48591940947469525,0.1591444557349827,SI,[2 1 3 5 4],13.300000000000011,10,1465.299999999992,0.0,False,5
30,0,0,[2 1 3 4 5],1342.799999999981,0.5140805905253047,0.48591940947469525,0.48429594350711125,SI,[3 1 2 4 5],11.5,10,1423.5,0.0,False,5
30,0,1,[2 1 3 4 5],1342.799999999981,0.5140805905253047,0.48591940947469525,0.4318848195951306,SI,[5 4 3 1 2],9.099999999999994,10,2656.499999999949,0.0,False,5
30,0,2,[2 1 3 4 5],1342.799999999981,0.5140805905253047,0.48591940947469525,0.34686915530668594,SI,[5 4 3 1 2],9.099999999999994,10,2656.499999999949,0.0,False,5
30,0,3,[2 1 3 4 5],1342.799999999981,0.5140805905253047,0.48591940947469525,0.46943360314988836,SI,[3 1 2 4 5],11.5,10,1423.5,0.0,False,5
30,0,4,[2 1 3 4 5],1342.799999999981,0.5140805905253047,0.48591940947469525,0.6799452968149112,MI,[5 4 3 1 2],9.099999999999994,10,2656.499999999949,0.0,False,5
31,0,0,[2 1 3 4 5],1342.799999999981,0.5140805905253047,0.48591940947469525,0.3621184353543456,SI,[5 4 3 1 2],9.099999999999994,10,2656.499999999949,0.0,False,5
31,0,1,[2 1 3 4 5],1342.799999999981,0.5140805905253047,0.48591940947469525,0.17561584986890078,SI,[5 4 3 1 2],9.099999999999994,10,2656.499999999949,0.0,False,5
31,0,2,[2 1 3 4 5],1342.799999999981,0.5140805905253047,0.48591940947469525,0.5808398493855133,MI,[3 1 2 4 5],11.5,10,1423.5,0.0,False,5
31,0,3,[2 1 3 4 5],1342.799999999981,0.5140805905253047,0.48591940947469525,0.08918582261802688,SI,[5 4 3 1 2],9.099999999999994,10,2656.499999999949,0.0,False,5
31,0,4,[2 1 3 4 5],1342.799999999981,0.5140805905253047,0.48591940947469525,0.06806041219612424,SI,[5 4 3 1 2],9.099999999999994,10,2656.499999999949,0.0,False,5
32,0,0,[2 1 3 4 5],1342.799999999981,0.5140805905253047,0.48591940947469525,0.603024287855391,MI,[5 4 3 1 2],9.099999999999994,10,2656.499999999949,0.0,False,5
32,0,1,[2 1 3 4 5],1342.799999999981,0.5140805905253047,0.48591940947469525,0.1375195743950468,SI,[5 4 3 1 2],9.099999999999994,10,2656.499999999949,0.0,False,5
32,0,2,[2 1 3 4 5],1342.799999999981,0.5140805905253047,0.48591940947469525,0.03895535450576648,SI,[3 1 2 4 5],11.5,10,1423.5,0.0,False,5
32,0,3,[2 1 3 4 5],1342.799999999981,0.5140805905253047,0.48591940947469525,0.6556654452543236,MI,[5 4 3 1 2],9.099999999999994,10,2656.499999999949,0.0,False,5
32,0,4,[2 1 3 4 5],1342.799999999981,0.5140805905253047,0.48591940947469525,0.028795083512105357,SI,[2 3 1 4 5],27.599999999999994,10,1394.0000000000218,0.0,False,5
33,0,0,[2 1 3 4 5],1342.799999999981,0.5140805905253047,0.48591940947469525,0.3415036122624766,SI,[3 1 2 4 5],11.5,10,1423.5,0.0,False,5
33,0,1,[2 1 3 4 5],1342.799999999981,0.5140805905253047,0.48591940947469525,0.0532087529910531,SI,[3 1 2 4 5],11.5,10,1423.5,0.0,False,5
33,0,2,[2 1 3 4 5],1342.799999999981,0.5140805905253047,0.48591940947469525,0.22437075284028984,SI,[5 4 3 1 2],9.099999999999994,10,2656.499999999949,0.0,False,5
33,0,3,[2 1 3 4 5],1342.799999999981,0.5140805905253047,0.48591940947469525,0.8529566357013234,MI,[5 4 3 1 2],9.099999999999994,10,2656.499999999949,0.0,False,5
33,0,4,[2 1 3 4 5],1342.799999999981,0.5140805905253047,0.48591940947469525,0.2524489120459116,SI,[3 1 2 4 5],11.5,10,1423.5,0.0,False,5
34,0,0,[2 1 3 4 5],1342.799999999981,0.5140805905253047,0.48591940947469525,0.07471302616792797,SI,[5 4 3 1 2],9.099999999999994,10,2656.499999999949,0.0,False,5
34,0,1,[2 1 3 4 5],1342.799999999981,0.5140805905253047,0.48591940947469525,0.973375659895477,MI,[5 4 3 1 2],9.099999999999994,10,2656.499999999949,0.0,False,5
34,0,2,[2 1 3 4 5],1342.799999999981,0.5140805905253047,0.48591940947469525,0.9180858776618918,MI,[5 4 3 1 2],9.099999999999994,10,2656.499999999949,0.0,False,5
34,0,3,[2 1 3 4 5],1342.799999999981,0.5140805905253047,0.48591940947469525,0.2468860101905448,SI,[2 1 3 5 4],13.300000000000011,10,1465.299999999992,0.0,False,5
34,0,4,[2 1 3 4 5],1342.799999999981,0.5140805905253047,0.48591940947469525,0.7577663524841098,MI,[3 1 2 4 5],11.5,10,1423.5,0.0,False,5
35,0,0,[2 1 3 4 5],1342.799999999981,0.5140805905253047,0.48591940947469525,0.06267669319611757,SI,[5 4 3 1 2],9.099999999999994,10,2656.499999999949,0.0,False,5
35,0,1,[2 1 3 4 5],1342.799999999981,0.5140805905253047,0.48591940947469525,0.8408438305746055,MI,[5 4 3 1 2],9.099999999999994,10,2656.499999999949,0.0,False,5
35,0,2,[2 1 3 4 5],1342.799999999981,0.5140805905253047,0.48591940947469525,0.12168650970186534,SI,[1 2 3 4 5],32.0,10,1371.8999999999287,0.0,False,5
35,0,3,[2 1 3 4 5],1342.799999999981,0.5140805905253047,0.48591940947469525,0.15970357327423768,SI,[5 4 3 1 2],9.099999999999994,10,2656.499999999949,0.0,False,5
35,0,4,[2 1 3 4 5],1342.799999999981,0.5140805905253047,0.48591940947469525,0.021378648369231312,SI,[2 3 1 4 5],27.599999999999994,10,1394.0000000000218,0.0,False,5
36,0,0,[2 1 3 4 5],1342.799999999981,0.5140805905253047,0.48591940947469525,0.30483597093392245,SI,[5 4 3 1 2],9.099999999999994,10,2656.499999999949,0.0,False,5
36,0,1,[2 1 3 4 5],1342.799999999981,0.5140805905253047,0.48591940947469525,0.31938034905112944,SI,[5 4 3 1 2],9.099999999999994,10,2656.499999999949,0.0,False,5
36,0,2,[2 1 3 4 5],1342.799999999981,0.5140805905253047,0.48591940947469525,0.09833764959675262,SI,[5 4 3 1 2],9.099999999999994,10,2656.499999999949,0.0,False,5
36,0,3,[2 1 3 4 5],1342.799999999981,0.5140805905253047,0.48591940947469525,0.2825327731242162,SI,[3 1 2 4 5],11.5,10,1423.5,0.0,False,5
36,0,4,[2 1 3 4 5],1342.799999999981,0.5140805905253047,0.48591940947469525,0.8160101756000071,MI,[5 4 3 1 2],9.099999999999994,10,2656.499999999949,0.0,False,5
37,0,0,[2 1 3 4 5],1342.799999999981,0.5140805905253047,0.48591940947469525,0.777903180777688,MI,[3 1 2 4 5],11.5,10,1423.5,0.0,False,5
37,0,1,[2 1 3 4 5],1342.799999999981,0.5140805905253047,0.48591940947469525,0.014048702156413406,SI,[5 4 3 1 2],9.099999999999994,10,2656.499999999949,0.0,False,5
37,0,2,[2 1 3 4 5],1342.799999999981,0.5140805905253047,0.48591940947469525,0.14011152368863788,SI,[5 4 3 1 2],9.099999999999994,10,2656.499999999949,0.0,False,5
37,0,3,[2 1 3 4 5],1342.799999999981,0.5140805905253047,0.48591940947469525,0.997244354919903,MI,[5 4 3 1 2],9.099999999999994,10,2656.499999999949,0.0,False,5
37,0,4,[2 1 3 4 5],1342.799999999981,0.5140805905253047,0.48591940947469525,0.7543330998738795,MI,[5 4 3 1 2],9.099999999999994,10,2656.499999999949,0.0,False,5
38,0,0,[2 1 3 4 5],1342.799999999981,0.5140805905253047,0.48591940947469525,0.21427696521048523,SI,[3 1 2 4 5],11.5,10,1423.5,0.0,False,5
38,0,1,[2 1 3 4 5],1342.799999999981,0.5140805905253047,0.48591940947469525,0.8638772763943364,MI,[5 4 3 1 2],9.099999999999994,10,2656.499999999949,0.0,False,5
38,0,2,[2 1 3 4 5],1342.799999999981,0.5140805905253047,0.48591940947469525,0.31339212602331135,SI,[5 4 3 1 2],9.099999999999994,10,2656.499999999949,0.0,False,5
38,0,3,[2 1 3 4 5],1342.799999999981,0.5140805905253047,0.48591940947469525,0.4312466608816765,SI,[5 4 3 1 2],9.099999999999994,10,2656.499999999949,0.0,False,5
38,0,4,[2 1 3 4 5],1342.799999999981,0.5140805905253047,0.48591940947469525,0.681397893961972,MI,[5 4 3 1 2],9.099999999999994,10,2656.499999999949,0.0,False,5
39,0,0,[2 1 3 4 5],1342.799999999981,0.5140805905253047,0.48591940947469525,0.7373230916720689,MI,[5 4 3 1 2],9.099999999999994,10,2656.499999999949,0.0,False,5
39,0,1,[2 1 3 4 5],1342.799999999981,0.5140805905253047,0.48591940947469525,0.7295138988456582,MI,[5 4 3 1 2],9.099999999999994,10,2656.499999999949,0.0,False,5
39,0,2,[2 1 3 4 5],1342.799999999981,0.5140805905253047,0.48591940947469525,0.6797531121506301,MI,[3 1 2 4 5],11.5,10,1423.5,0.0,False,5
39,0,3,[2 1 3 4 5],1342.799999999981,0.5140805905253047,0.48591940947469525,0.19072164195059815,SI,[5 4 3 1 2],9.099999999999994,10,2656.499999999949,0.0,False,5
39,0,4,[2 1 3 4 5],1342.799999999981,0.5140805905253047,0.48591940947469525,0.4394552987768706,SI,[3 1 2 4 5],11.5,10,1423.5,0.0,False,5
40,0,0,[2 1 3 4 5],1342.799999999981,0.5140805905253047,0.48591940947469525,0.7195104352136464,MI,[5 4 3 1 2],9.099999999999994,10,2656.499999999949,0.0,False,5
40,0,1,[2 1 3 4 5],1342.799999999981,0.5140805905253047,0.48591940947469525,0.19327251370712273,SI,[5 4 3 1 2],9.099999999999994,10,2656.499999999949,0.0,False,5
40,0,2,[2 1 3 4 5],1342.799999999981,0.5140805905253047,0.48591940947469525,0.819798702506946,MI,[5 4 3 1 2],9.099999999999994,10,2656.499999999949,0.0,False,5
40,0,3,[2 1 3 4 5],1342.799999999981,0.5140805905253047,0.48591940947469525,0.4529030602167161,SI,[3 1 2 4 5],11.5,10,1423.5,0.0,False,5
40,0,4,[2 1 3 4 5],1342.799999999981,0.5140805905253047,0.48591940947469525,0.31356938066933815,SI,[5 4 3 1 2],9.099999999999994,10,2656.499999999949,0.0,False,5
41,0,0,[2 1 3 4 5],1342.799999999981,0.5140805905253047,0.48591940947469525,0.5185938607894812,MI,[5 4 3 1 2],9.099999999999994,10,2656.499999999949,0.0,False,5
41,0,1,[2 1 3 4 5],1342.799999999981,0.5140805905253047,0.48591940947469525,0.8739208527239986,MI,[5 4 3 1 2],9.099999999999994,10,2656.499999999949,0.0,False,5
41,0,2,[2 1 3 4 5],1342.799999999981,0.5140805905253047,0.48591940947469525,0.1924624185750189,SI,[5 4 3 1 2],9.099999999999994,10,2656.499999999949,0.0,False,5
41,0,3,[2 1 3 4 5],1342.799999999981,0.5140805905253047,0.48591940947469525,0.10662220579025117,SI,[3 1 2 4 5],11.5,10,1423.5,0.0,False,5
41,0,4,[2 1 3 4 5],1342.799999999981,0.5140805905253047,0.48591940947469525,0.29979148276432166,SI,[5 4 3 1 2],9.099999999999994,10,2656.499999999949,0.0,False,5
42,0,0,[2 1 3 4 5],1342.799999999981,0.5140805905253047,0.48591940947469525,0.2639146443361522,SI,[5 4 3 1 2],9.099999999999994,10,2656.499999999949,0.0,False,5
42,0,1,[2 1 3 4 5],1342.799999999981,0.5140805905253047,0.48591940947469525,0.39148767906902904,SI,[5 4 3 1 2],9.099999999999994,10,2656.499999999949,0.0,False,5
42,0,2,[2 1 3 4 5],1342.799999999981,0.5140805905253047,0.48591940947469525,0.37070824076223585,SI,[1 2 3 4 5],32.0,10,1371.8999999999287,0.0,False,5
42,0,3,[2 1 3 4 5],1342.799999999981,0.5140805905253047,0.48591940947469525,0.4191128697713967,SI,[5 4 3 1 2],9.099999999999994,10,2656.499999999949,0.0,False,5
42,0,4,[2 1 3 4 5],1342.799999999981,0.5140805905253047,0.48591940947469525,0.5276321865910832,MI,[5 4 3 1 2],9.099999999999994,10,2656.499999999949,0.0,False,5
43,0,0,[2 1 3 4 5],1342.799999999981,0.5140805905253047,0.48591940947469525,0.7993583735449827,MI,[3 1 2 4 5],11.5,10,1423.5,0.0,False,5
43,0,1,[2 1 3 4 5],1342.799999999981,0.5140805905253047,0.48591940947469525,0.42052774958555006,SI,[5 4 3 1 2],9.099999999999994,10,2656.499999999949,0.0,False,5
43,0,2,[2 1 3 4 5],1342.799999999981,0.5140805905253047,0.48591940947469525,0.6657746541007996,MI,[3 1 2 4 5],11.5,10,1423.5,0.0,False,5
43,0,3,[2 1 3 4 5],1342.799999999981,0.5140805905253047,0.48591940947469525,0.16944850338619166,SI,[5 4 3 1 2],9.099999999999994,10,2656.499999999949,0.0,False,5
43,0,4,[2 1 3 4 5],1342.799999999981,0.5140805905253047,0.48591940947469525,0.8095514157414951,MI,[5 4 3 1 2],9.099999999999994,10,2656.499999999949,0.0,False,5
44,0,0,[2 1 3 4 5],1342.799999999981,0.5140805905253047,0.48591940947469525,0.39583437403918775,SI,[2 1 3 5 4],13.300000000000011,10,1465.299999999992,0.0,False,5
44,0,1,[2 1 3 4 5],1342.799999999981,0.5140805905253047,0.48591940947469525,0.48538479233223797,SI,[5 4 3 1 2],9.099999999999994,10,2656.499999999949,0.0,False,5
44,0,2,[2 1 3 4 5],1342.799999999981,0.5140805905253047,0.48591940947469525,0.5519072143237806,MI,[3 1 2 4 5],11.5,10,1423.5,0.0,False,5
44,0,3,[2 1 3 4 5],1342.799999999981,0.5140805905253047,0.48591940947469525,0.3632867863425473,SI,[2 3 1 4 5],27.599999999999994,10,1394.0000000000218,0.0,False,5
44,0,4,[2 1 3 4 5],1342.799999999981,0.5140805905253047,0.48591940947469525,0.17138740018578824,SI,[5 4 3 1 2],9.099999999999994,10,2656.499999999949,0.0,False,5
45,0,0,[2 1 3 4 5],1342.799999999981,0.5140805905253047,0.48591940947469525,0.9982513316946753,MI,[5 4 3 1 2],9.099999999999994,10,2656.499999999949,0.0,False,5
45,0,1,[2 1 3 4 5],1342.799999999981,0.5140805905253047,0.48591940947469525,0.9786476957124968,MI,[5 4 3 1 2],9.099999999999994,10,2656.499999999949,0.0,False,5
45,0,2,[2 1 3 4 5],1342.799999999981,0.5140805905253047,0.48591940947469525,0.6506507351395704,MI,[5 4 3 1 2],9.099999999999994,10,2656.499999999949,0.0,False,5
45,0,3,[2 1 3 4 5],1342.799999999981,0.5140805905253047,0.48591940947469525,0.6175017709858791,MI,[5 4 3 1 2],9.099999999999994,10,2656.499999999949,0.0,False,5
45,0,4,[2 1 3 4 5],1342.799999999981,0.5140805905253047,0.48591940947469525,0.11493074450731122,SI,[5 4 3 1 2],9.099999999999994,10,2656.499999999949,0.0,False,5
46,0,0,[2 1 3 4 5],1342.799999999981,0.5140805905253047,0.48591940947469525,0.6243793520496703,MI,[5 4 3 1 2],9.099999999999994,10,2656.499999999949,0.0,False,5
46,0,1,[2 1 3 4 5],1342.799999999981,0.5140805905253047,0.48591940947469525,0.1895954102162305,SI,[2 1 3 5 4],13.300000000000011,10,1465.299999999992,0.0,False,5
46,0,2,[2 1 3 4 5],1342.799999999981,0.5140805905253047,0.48591940947469525,0.36695363904151423,SI,[5 4 3 1 2],9.099999999999994,10,2656.499999999949,0.0,False,5
46,0,3,[2 1 3 4 5],1342.799999999981,0.5140805905253047,0.48591940947469525,0.5374252575828175,MI,[5 4 3 1 2],9.099999999999994,10,2656.499999999949,0.0,False,5
46,0,4,[2 1 3 4 5],1342.799999999981,0.5140805905253047,0.48591940947469525,0.923207485334501,MI,[5 4 3 1 2],9.099999999999994,10,2656.499999999949,0.0,False,5
47,0,0,[2 1 3 4 5],1342.799999999981,0.5140805905253047,0.48591940947469525,0.5408874888530891,MI,[5 4 3 1 2],9.099999999999994,10,2656.499999999949,0.0,False,5
47,0,1,[2 1 3 4 5],1342.799999999981,0.5140805905253047,0.48591940947469525,0.15297110497607946,SI,[5 4 3 1 2],9.099999999999994,10,2656.499999999949,0.0,False,5
47,0,2,[2 1 3 4 5],1342.799999999981,0.5140805905253047,0.48591940947469525,0.42464022008560287,SI,[5 4 3 1 2],9.099999999999994,10,2656.499999999949,0.0,False,5
47,0,3,[2 1 3 4 5],1342.799999999981,0.5140805905253047,0.48591940947469525,0.7139063108282623,MI,[3 1 2 4 5],11.5,10,1423.5,0.0,False,5
47,0,4,[2 1 3 4 5],1342.799999999981,0.5140805905253047,0.48591940947469525,0.26205167576641897,SI,[5 4 3 1 2],9.099999999999994,10,2656.499999999949,0.0,False,5
48,0,0,[2 1 3 4 5],1342.799999999981,0.5140805905253047,0.48591940947469525,0.9657508744260201,MI,[5 4 3 1 2],9.099999999999994,10,2656.499999999949,0.0,False,5
48,0,1,[2 1 3 4 5],1342.799999999981,0.5140805905253047,0.48591940947469525,0.6999517943679948,MI,[5 4 3 1 2],9.099999999999994,10,2656.499999999949,0.0,False,5
48,0,2,[2 1 3 4 5],1342.799999999981,0.5140805905253047,0.48591940947469525,0.002610374818727612,SI,[5 4 3 1 2],9.099999999999994,10,2656.499999999949,0.0,False,5
48,0,3,[2 1 3 4 5],1342.799999999981,0.5140805905253047,0.48591940947469525,0.8733293538220881,MI,[3 1 2 4 5],11.5,10,1423.5,0.0,False,5
48,0,4,[2 1 3 4 5],1342.799999999981,0.5140805905253047,0.48591940947469525,0.11365557493883571,SI,[1 2 3 4 5],32.0,10,1371.8999999999287,0.0,False,5
49,0,0,[2 1 3 4 5],1342.799999999981,0.5140805905253047,0.48591940947469525,0.8776345764703477,MI,[3 1 2 4 5],11.5,10,1423.5,0.0,False,5
49,0,1,[2 1 3 4 5],1342.799999999981,0.5140805905253047,0.48591940947469525,0.8742818747321462,MI,[3 1 2 4 5],11.5,10,1423.5,0.0,False,5
49,0,2,[2 1 3 4 5],1342.799999999981,0.5140805905253047,0.48591940947469525,0.12529415325427318,SI,[3 1 2 4 5],11.5,10,1423.5,0.0,False,5
49,0,3,[2 1 3 4 5],1342.799999999981,0.5140805905253047,0.48591940947469525,0.5754921219337572,MI,[3 1 2 4 5],11.5,10,1423.5,0.0,False,5
49,0,4,[2 1 3 4 5],1342.799999999981,0.5140805905253047,0.48591940947469525,0.845769215931607,MI,[5 4 3 1 2],9.099999999999994,10,2656.499999999949,0.0,False,5
50,0,0,[2 1 3 4 5],1342.799999999981,0.5140805905253047,0.48591940947469525,0.4642992426931706,SI,[5 4 3 1 2],9.099999999999994,10,2656.499999999949,0.0,False,5
50,0,1,[2 1 3 4 5],1342.799999999981,0.5140805905253047,0.48591940947469525,0.7253573871172759,MI,[5 4 3 1 2],9.099999999999994,10,2656.499999999949,0.0,False,5
50,0,2,[2 1 3 4 5],1342.799999999981,0.5140805905253047,0.48591940947469525,0.7022335785871617,MI,[5 4 3 1 2],9.099999999999994,10,2656.499999999949,0.0,False,5
50,0,3,[2 1 3 4 5],1342.799999999981,0.5140805905253047,0.48591940947469525,0.15433319271105395,SI,[3 1 2 4 5],11.5,10,1423.5,0.0,False,5
50,0,4,[2 1 3 4 5],1342.799999999981,0.5140805905253047,0.48591940947469525,0.2827384749804941,SI,[2 3 1 4 5],27.599999999999994,10,1394.0000000000218,0.0,False,5
51,0,0,[2 1 3 4 5],1342.799999999981,0.5140805905253047,0.48591940947469525,0.052820428834005284,SI,[5 4 3 1 2],9.099999999999994,10,2656.499999999949,0.0,False,5
51,0,1,[2 1 3 4 5],1342.799999999981,0.5140805905253047,0.48591940947469525,0.7106564318365862,MI,[3 1 2 4 5],11.5,10,1423.5,0.0,False,5
51,0,2,[2 1 3 4 5],1342.799999999981,0.5140805905253047,0.48591940947469525,0.5655041761873597,MI,[5 4 3 1 2],9.099999999999994,10,2656.499999999949,0.0,False,5
51,0,3,[2 1 3 4 5],1342.799999999981,0.5140805905253047,0.48591940947469525,0.2881667530710621,SI,[3 1 2 4 5],11.5,10,1423.5,0.0,False,5
51,0,4,[2 1 3 4 5],1342.799999999981,0.5140805905253047,0.48591940947469525,0.06281138894097482,SI,[5 4 3 1 2],9.099999999999994,10,2656.499999999949,0.0,False,5
52,0,0,[2 1 3 4 5],1342.799999999981,0.5140805905253047,0.48591940947469525,0.4033377967310069,SI,[5 4 3 1 2],9.099999999999994,10,2656.499999999949,0.0,False,5
52,0,1,[2 1 3 4 5],1342.799999999981,0.5140805905253047,0.48591940947469525,0.29904623485427284,SI,[5 4 3 1 2],9.099999999999994,10,2656.499999999949,0.0,False,5
52,0,2,[2 1 3 4 5],1342.799999999981,0.5140805905253047,0.48591940947469525,0.1527627392464176,SI,[5 4 3 1 2],9.099999999999994,10,2656.499999999949,0.0,False,5
52,0,3,[2 1 3 4 5],1342.799999999981,0.5140805905253047,0.48591940947469525,0.459195959624347,SI,[5 4 3 1 2],9.099999999999994,10,2656.499999999949,0.0,False,5
52,0,4,[2 1 3 4 5],1342.799999999981,0.5140805905253047,0.48591940947469525,0.06428835803049082,SI,[2 1 3 5 4],13.300000000000011,10,1465.299999999992,0.0,False,5
53,0,0,[2 1 3 4 5],1342.799999999981,0.5140805905253047,0.48591940947469525,0.5080752181742353,SI,[5 4 3 1 2],9.099999999999994,10,2656.499999999949,0.0,False,5
53,0,1,[2 1 3 4 5],1342.799999999981,0.5140805905253047,0.48591940947469525,0.2929415803750619,SI,[5 4 3 1 2],9.099999999999994,10,2656.499999999949,0.0,False,5
53,0,2,[2 1 3 4 5],1342.799999999981,0.5140805905253047,0.48591940947469525,0.20536561631735428,SI,[3 1 2 4 5],11.5,10,1423.5,0.0,False,5
53,0,3,[2 1 3 4 5],1342.799999999981,0.5140805905253047,0.48591940947469525,0.06857685479826214,SI,[3 1 2 4 5],11.5,10,1423.5,0.0,False,5
53,0,4,[2 1 3 4 5],1342.799999999981,0.5140805905253047,0.48591940947469525,0.65740910011056,MI,[3 1 2 4 5],11.5,10,1423.5,0.0,False,5
54,0,0,[2 1 3 4 5],1342.799999999981,0.5140805905253047,0.48591940947469525,0.2722755992553887,SI,[2 3 1 4 5],27.599999999999994,10,1394.0000000000218,0.0,False,5
54,0,1,[2 1 3 4 5],1342.799999999981,0.5140805905253047,0.48591940947469525,0.8708118624710772,MI,[3 1 2 4 5],11.5,10,1423.5,0.0,False,5
54,0,2,[2 1 3 4 5],1342.799999999981,0.5140805905253047,0.48591940947469525,0.665246022066629,MI,[3 1 2 4 5],11.5,10,1423.5,0.0,False,5
54,0,3,[2 1 3 4 5],1342.799999999981,0.5140805905253047,0.48591940947469525,0.9209706334442516,MI,[5 4 3 1 2],9.099999999999994,10,2656.499999999949,0.0,False,5
54,0,4,[2 1 3 4 5],1342.799999999981,0.5140805905253047,0.48591940947469525,0.9828040425554938,MI,[3 1 2 4 5],11.5,10,1423.5,0.0,False,5
55,0,0,[2 1 3 4 5],1342.799999999981,0.5140805905253047,0.48591940947469525,0.987711665147335,MI,[5 4 3 1 2],9.099999999999994,10,2656.499999999949,0.0,False,5
55,0,1,[2 1 3 4 5],1342.799999999981,0.5140805905253047,0.48591940947469525,0.36734928044872683,SI,[5 4 3 1 2],9.099999999999994,10,2656.499999999949,0.0,False,5
55,0,2,[2 1 3 4 5],1342.799999999981,0.5140805905253047,0.48591940947469525,0.19191901812250767,SI,[5 4 3 1 2],9.099999999999994,10,2656.499999999949,0.0,False,5
55,0,3,[2 1 3 4 5],1342.799999999981,0.5140805905253047,0.48591940947469525,0.20979497216304954,SI,[5 4 3 1 2],9.099999999999994,10,2656.499999999949,0.0,False,5
55,0,4,[2 1 3 4 5],1342.799999999981,0.5140805905253047,0.48591940947469525,0.8549560421956618,MI,[5 4 3 1 2],9.099999999999994,10,2656.499999999949,0.0,False,5
56,0,0,[2 1 3 4 5],1342.799999999981,0.5140805905253047,0.48591940947469525,0.8704160378670177,MI,[5 4 3 1 2],9.099999999999994,10,2656.499999999949,0.0,False,5
56,0,1,[2 1 3 4 5],1342.799999999981,0.5140805905253047,0.48591940947469525,0.6297519804053033,MI,[5 4 3 1 2],9.099999999999994,10,2656.499999999949,0.0,False,5
56,0,2,[2 1 3 4 5],1342.799999999981,0.5140805905253047,0.48591940947469525,0.351036833134166,SI,[3 1 2 4 5],11.5,10,1423.5,0.0,False,5
56,0,3,[2 1 3 4 5],1342.799999999981,0.5140805905253047,0.48591940947469525,0.9026077760078156,MI,[5 4 3 1 2],9.099999999999994,10,2656.499999999949,0.0,False,5
56,0,4,[2 1 3 4 5],1342.799999999981,0.5140805905253047,0.48591940947469525,0.975459854596789,MI,[5 4 3 1 2],9.099999999999994,10,2656.499999999949,0.0,False,5
57,0,0,[2 1 3 4 5],1342.799999999981,0.5140805905253047,0.48591940947469525,0.8334663127880447,MI,[5 4 3 1 2],9.099999999999994,10,2656.499999999949,0.0,False,5
57,0,1,[2 1 3 4 5],1342.799999999981,0.5140805905253047,0.48591940947469525,0.113315149667366,SI,[2 1 3 5 4],13.300000000000011,10,1465.299999999992,0.0,False,5
57,0,2,[2 1 3 4 5],1342.799999999981,0.5140805905253047,0.48591940947469525,0.3019099261909334,SI,[5 4 3 1 2],9.099999999999994,10,2656.499999999949,0.0,False,5
57,0,3,[2 1 3 4 5],1342.799999999981,0.5140805905253047,0.48591940947469525,0.9059196186851152,MI,[3 1 2 4 5],11.5,10,1423.5,0.0,False,5
57,0,4,[2 1 3 4 5],1342.799999999981,0.5140805905253047,0.48591940947469525,0.9304380970347939,MI,[5 4 3 1 2],9.099999999999994,10,2656.499999999949,0.0,False,5
58,0,0,[2 1 3 4 5],1342.799999999981,0.5140805905253047,0.48591940947469525,0.16266808157400403,SI,[5 4 3 1 2],9.099999999999994,10,2656.499999999949,0.0,False,5
58,0,1,[2 1 3 4 5],1342.799999999981,0.5140805905253047,0.48591940947469525,0.8540891879732062,MI,[5 4 3 1 2],9.099999999999994,10,2656.499999999949,0.0,False,5
58,0,2,[2 1 3 4 5],1342.799999999981,0.5140805905253047,0.48591940947469525,0.5118856211448461,SI,[5 4 3 1 2],9.099999999999994,10,2656.499999999949,0.0,False,5
58,0,3,[2 1 3 4 5],1342.799999999981,0.5140805905253047,0.48591940947469525,0.5342068134412328,MI,[5 4 3 1 2],9.099999999999994,10,2656.499999999949,0.0,False,5
58,0,4,[2 1 3 4 5],1342.799999999981,0.5140805905253047,0.48591940947469525,0.12700061211137714,SI,[3 1 2 4 5],11.5,10,1423.5,0.0,False,5
59,0,0,[2 1 3 4 5],1342.799999999981,0.5140805905253047,0.48591940947469525,0.6584850572406115,MI,[5 4 3 1 2],9.099999999999994,10,2656.499999999949,0.0,False,5
59,0,1,[2 1 3 4 5],1342.799999999981,0.5140805905253047,0.48591940947469525,0.8765734044603907,MI,[5 4 3 1 2],9.099999999999994,10,2656.499999999949,0.0,False,5
59,0,2,[2 1 3 4 5],1342.799999999981,0.5140805905253047,0.48591940947469525,0.228946894117118,SI,[5 4 3 1 2],9.099999999999994,10,2656.499999999949,0.0,False,5
59,0,3,[2 1 3 4 5],1342.799999999981,0.5140805905253047,0.48591940947469525,0.2403141203160083,SI,[5 4 3 1 2],9.099999999999994,10,2656.499999999949,0.0,False,5
59,0,4,[2 1 3 4 5],1342.799999999981,0.5140805905253047,0.48591940947469525,0.1317097296439076,SI,[5 4 3 1 2],9.099999999999994,10,2656.499999999949,0.0,False,5
60,0,0,[2 1 3 4 5],1342.799999999981,0.5140805905253047,0.48591940947469525,0.5614785394527503,MI,[5 4 3 1 2],9.099999999999994,10,2656.499999999949,0.0,False,5
60,0,1,[2 1 3 4 5],1342.799999999981,0.5140805905253047,0.48591940947469525,0.8065498853976978,MI,[5 4 3 1 2],9.099999999999994,10,2656.499999999949,0.0,False,5
60,0,2,[2 1 3 4 5],1342.799999999981,0.5140805905253047,0.48591940947469525,0.3504911106067172,SI,[3 1 2 4 5],11.5,10,1423.5,0.0,False,5
60,0,3,[2 1 3 4 5],1342.799999999981,0.5140805905253047,0.48591940947469525,0.260732868570563,SI,[5 4 3 1 2],9.099999999999994,10,2656.499999999949,0.0,False,5
60,0,4,[2 1 3 4 5],1342.799999999981,0.5140805905253047,0.48591940947469525,0.7224000830440422,MI,[5 4 3 1 2],9.099999999999994,10,2656.499999999949,0.0,False,5
61,0,0,[2 1 3 4 5],1342.799999999981,0.5140805905253047,0.48591940947469525,0.9685019286982768,MI,[3 1 2 4 5],11.5,10,1423.5,0.0,False,5
61,0,1,[2 1 3 4 5],1342.799999999981,0.5140805905253047,0.48591940947469525,0.035303923942145876,SI,[3 1 2 4 5],11.5,10,1423.5,0.0,False,5
61,0,2,[2 1 3 4 5],1342.799999999981,0.5140805905253047,0.48591940947469525,0.3809875391460097,SI,[3 1 2 4 5],11.5,10,1423.5,0.0,False,5
61,0,3,[2 1 3 4 5],1342.799999999981,0.5140805905253047,0.48591940947469525,0.9632553724093275,MI,[5 4 3 1 2],9.099999999999994,10,2656.499999999949,0.0,False,5
61,0,4,[2 1 3 4 5],1342.799999999981,0.5140805905253047,0.48591940947469525,0.24334661067963315,SI,[5 4 3 1 2],9.099999999999994,10,2656.499999999949,0.0,False,5
62,0,0,[2 1 3 4 5],1342.799999999981,0.5140805905253047,0.48591940947469525,0.2881967582177275,SI,[5 4 3 1 2],9.099999999999994,10,2656.499999999949,0.0,False,5
62,0,1,[2 1 3 4 5],1342.799999999981,0.5140805905253047,0.48591940947469525,0.5403616482390233,MI,[5 4 3 1 2],9.099999999999994,10,2656.499999999949,0.0,False,5
62,0,2,[2 1 3 4 5],1342.799999999981,0.5140805905253047,0.48591940947469525,0.8253718721808503,MI,[3 1 2 4 5],11.5,10,1423.5,0.0,False,5
62,0,3,[2 1 3 4 5],1342.799999999981,0.5140805905253047,0.48591940947469525,0.9733207891701424,MI,[5 4 3 1 2],9.099999999999994,10,2656.499999999949,0.0,False,5
62,0,4,[2 1 3 4 5],1342.799999999981,0.5140805905253047,0.48591940947469525,0.5359661222883055,MI,[5 4 3 1 2],9.099999999999994,10,2656.499999999949,0.0,False,5
63,0,0,[2 1 3 4 5],1342.799999999981,0.5140805905253047,0.48591940947469525,0.3444952760380664,SI,[5 4 3 1 2],9.099999999999994,10,2656.499999999949,0.0,False,5
63,0,1,[2 1 3 4 5],1342.799999999981,0.5140805905253047,0.48591940947469525,0.12311362075348942,SI,[5 4 3 1 2],9.099999999999994,10,2656.499999999949,0.0,False,5
63,0,2,[2 1 3 4 5],1342.799999999981,0.5140805905253047,0.48591940947469525,0.5979158683462326,MI,[3 1 2 4 5],11.5,10,1423.5,0.0,False,5
63,0,3,[2 1 3 4 5],1342.799999999981,0.5140805905253047,0.48591940947469525,0.043965442518911546,SI,[3 1 2 4 5],11.5,10,1423.5,0.0,False,5
63,0,4,[2 1 3 4 5],1342.799999999981,0.5140805905253047,0.48591940947469525,0.4746716452257832,SI,[5 4 3 1 2],9.099999999999994,10,2656.499999999949,0.0,False,5
64,0,0,[2 1 3 4 5],1342.799999999981,0.5140805905253047,0.48591940947469525,0.692262544509757,MI,[3 1 2 4 5],11.5,10,1423.5,0.0,False,5
64,0,1,[2 1 3 4 5],1342.799999999981,0.5140805905253047,0.48591940947469525,0.6822173040454481,MI,[5 4 3 1 2],9.099999999999994,10,2656.499999999949,0.0,False,5
64,0,2,[2 1 3 4 5],1342.799999999981,0.5140805905253047,0.48591940947469525,0.8357113792533385,MI,[5 4 3 1 2],9.099999999999994,10,2656.499999999949,0.0,False,5
64,0,3,[2 1 3 4 5],1342.799999999981,0.5140805905253047,0.48591940947469525,0.24711314933816642,SI,[5 4 3 1 2],9.099999999999994,10,2656.499999999949,0.0,False,5
64,0,4,[2 1 3 4 5],1342.799999999981,0.5140805905253047,0.48591940947469525,0.04103768552790865,SI,[5 4 3 1 2],9.099999999999994,10,2656.499999999949,0.0,False,5
65,0,0,[2 1 3 4 5],1342.799999999981,0.5140805905253047,0.48591940947469525,0.5193939995772737,MI,[5 4 3 1 2],9.099999999999994,10,2656.499999999949,0.0,False,5
65,0,1,[2 1 3 4 5],1342.799999999981,0.5140805905253047,0.48591940947469525,0.1832910919548143,SI,[5 4 3 1 2],9.099999999999994,10,2656.499999999949,0.0,False,5
65,0,2,[2 1 3 4 5],1342.799999999981,0.5140805905253047,0.48591940947469525,0.5851539229184982,MI,[5 4 3 1 2],9.099999999999994,10,2656.499999999949,0.0,False,5
65,0,3,[2 1 3 4 5],1342.799999999981,0.5140805905253047,0.48591940947469525,0.16872329479025505,SI,[2 1 3 5 4],13.300000000000011,10,1465.299999999992,0.0,False,5
65,0,4,[2 1 3 4 5],1342.799999999981,0.5140805905253047,0.48591940947469525,0.7754800420042457,MI,[5 4 3 1 2],9.099999999999994,10,2656.499999999949,0.0,False,5
66,0,0,[2 1 3 4 5],1342.799999999981,0.5140805905253047,0.48591940947469525,0.9142897831587011,MI,[5 4 3 1 2],9.099999999999994,10,2656.499999999949,0.0,False,5
66,0,1,[2 1 3 4 5],1342.799999999981,0.5140805905253047,0.48591940947469525,0.20704716011544122,SI,[2 1 3 5 4],13.300000000000011,10,1465.299999999992,0.0,False,5
66,0,2,[2 1 3 4 5],1342.799999999981,0.5140805905253047,0.48591940947469525,0.7428301208274449,MI,[5 4 3 1 2],9.099999999999994,10,2656.499999999949,0.0,False,5
66,0,3,[2 1 3 4 5],1342.799999999981,0.5140805905253047,0.48591940947469525,0.8304852664750967,MI,[5 4 3 1 2],9.099999999999994,10,2656.499999999949,0.0,False,5
66,0,4,[2 1 3 4 5],1342.799999999981,0.5140805905253047,0.48591940947469525,0.28740607795220163,SI,[2 3 1 4 5],27.599999999999994,10,1394.0000000000218,0.0,False,5
67,0,0,[2 1 3 4 5],1342.799999999981,0.5140805905253047,0.48591940947469525,0.9095263433052264,MI,[3 1 2 4 5],11.5,10,1423.5,0.0,False,5
67,0,1,[2 1 3 4 5],1342.799999999981,0.5140805905253047,0.48591940947469525,0.26748789022299924,SI,[2 1 3 5 4],13.300000000000011,10,1465.299999999992,0.0,False,5
67,0,2,[2 1 3 4 5],1342.799999999981,0.5140805905253047,0.48591940947469525,0.2250112013131278,SI,[5 4 3 1 2],9.099999999999994,10,2656.499999999949,0.0,False,5
67,0,3,[2 1 3 4 5],1342.799999999981,0.5140805905253047,0.48591940947469525,0.5624156760111796,MI,[5 4 3 1 2],9.099999999999994,10,2656.499999999949,0.0,False,5
67,0,4,[2 1 3 4 5],1342.799999999981,0.5140805905253047,0.48591940947469525,0.8132100664273881,MI,[3 1 2 4 5],11.5,10,1423.5,0.0,False,5
68,0,0,[2 1 3 4 5],1342.799999999981,0.5140805905253047,0.48591940947469525,0.15915210973631655,SI,[5 4 3 1 2],9.099999999999994,10,2656.499999999949,0.0,False,5
68,0,1,[2 1 3 4 5],1342.799999999981,0.5140805905253047,0.48591940947469525,0.932824510622382,MI,[3 1 2 4 5],11.5,10,1423.5,0.0,False,5
68,0,2,[2 1 3 4 5],1342.799999999981,0.5140805905253047,0.48591940947469525,0.9757433228896746,MI,[3 1 2 4 5],11.5,10,1423.5,0.0,False,5
68,0,3,[2 1 3 4 5],1342.799999999981,0.5140805905253047,0.48591940947469525,0.01948112557709647,SI,[5 4 3 1 2],9.099999999999994,10,2656.499999999949,0.0,False,5
68,0,4,[2 1 3 4 5],1342.799999999981,0.5140805905253047,0.48591940947469525,0.3488218617214789,SI,[5 4 3 1 2],9.099999999999994,10,2656.499999999949,0.0,False,5
69,0,0,[2 1 3 4 5],1342.799999999981,0.5140805905253047,0.48591940947469525,0.43869857319734085,SI,[1 2 3 4 5],32.0,10,1371.8999999999287,0.0,False,5
69,0,1,[2 1 3 4 5],1342.799999999981,0.5140805905253047,0.48591940947469525,0.8726275525600186,MI,[3 1 2 4 5],11.5,10,1423.5,0.0,False,5
69,0,2,[2 1 3 4 5],1342.799999999981,0.5140805905253047,0.48591940947469525,0.2356613369173195,SI,[5 4 3 1 2],9.099999999999994,10,2656.499999999949,0.0,False,5
69,0,3,[2 1 3 4 5],1342.799999999981,0.5140805905253047,0.48591940947469525,0.26125092667100125,SI,[5 4 3 1 2],9.099999999999994,10,2656.499999999949,0.0,False,5
69,0,4,[2 1 3 4 5],1342.799999999981,0.5140805905253047,0.48591940947469525,0.8133224263142147,MI,[3 1 2 4 5],11.5,10,1423.5,0.0,False,5
70,0,0,[2 1 3 4 5],1342.799999999981,0.5140805905253047,0.48591940947469525,0.042865227861107025,SI,[5 4 3 1 2],9.099999999999994,10,2656.499999999949,0.0,False,5
70,0,1,[2 1 3 4 5],1342.799999999981,0.5140805905253047,0.48591940947469525,0.07433323463843333,SI,[5 4 3 1 2],9.099999999999994,10,2656.499999999949,0.0,False,5
70,0,2,[2 1 3 4 5],1342.799999999981,0.5140805905253047,0.48591940947469525,0.9641338514180462,MI,[5 4 3 1 2],9.099999999999994,10,2656.499999999949,0.0,False,5
70,0,3,[2 1 3 4 5],1342.799999999981,0.5140805905253047,0.48591940947469525,0.11209920506037085,SI,[5 4 3 1 2],9.099999999999994,10,2656.499999999949,0.0,False,5
70,0,4,[2 1 3 4 5],1342.799999999981,0.5140805905253047,0.48591940947469525,0.47784349082463695,SI,[3 1 2 4 5],11.5,10,1423.5,0.0,False,5
0,0,0,[1 2],861.5000000000073,0.5,0.5,0.089793446146749,SI,[2 1],49.49999999999994,10,1278.6000000000095,0.0,False,6
0,0,1,[1 2],861.5000000000073,0.5,0.5,0.24118423040953085,SI,[2 1],49.49999999999994,10,1278.6000000000095,0.0,False,6
0,0,2,[1 2],861.5000000000073,0.5,0.5,0.4615407912560835,SI,[2 1],49.49999999999994,10,1278.6000000000095,0.0,False,6
0,0,3,[1 2],861.5000000000073,0.5,0.5,0.055014590541626274,SI,[2 1],49.49999999999994,10,1278.6000000000095,0.0,False,6
0,0,4,[1 2],861.5000000000073,0.5,0.5,0.3462934542857362,SI,[2 1],49.49999999999994,10,1278.6000000000095,0.0,False,6
1,0,0,[1 2],861.5000000000073,0.5,0.5,0.27224399270616817,SI,[2 1],49.49999999999994,10,1278.6000000000095,0.0,False,6
1,0,1,[1 2],861.5000000000073,0.5,0.5,0.026992403744548588,SI,[2 1],49.49999999999994,10,1278.6000000000095,0.0,False,6
1,0,2,[1 2],861.5000000000073,0.5,0.5,0.22641605470386184,SI,[2 1],49.49999999999994,10,1278.6000000000095,0.0,False,6
1,0,3,[1 2],861.5000000000073,0.5,0.5,0.2170801876075099,SI,[2 1],49.49999999999994,10,1278.6000000000095,0.0,False,6
1,0,4,[1 2],861.5000000000073,0.5,0.5,0.4352259247259864,SI,[2 1],49.49999999999994,10,1278.6000000000095,0.0,False,6
2,0,0,[1 2],861.5000000000073,0.5,0.5,0.297403957434773,SI,[2 1],49.49999999999994,10,1278.6000000000095,0.0,False,6
2,0,1,[1 2],861.5000000000073,0.5,0.5,0.07237875267518412,SI,[2 1],49.49999999999994,10,1278.6000000000095,0.0,False,6
2,0,2,[1 2],861.5000000000073,0.5,0.5,0.3266749418399978,SI,[2 1],49.49999999999994,10,1278.6000000000095,0.0,False,6
2,0,3,[1 2],861.5000000000073,0.5,0.5,0.15731097839284824,SI,[2 1],49.49999999999994,10,1278.6000000000095,0.0,False,6
2,0,4,[1 2],861.5000000000073,0.5,0.5,0.026749097857635684,SI,[2 1],49.49999999999994,10,1278.6000000000095,0.0,False,6
3,0,0,[1 2],861.5000000000073,0.5,0.5,0.19257347222161014,SI,[2 1],49.49999999999994,10,1278.6000000000095,0.0,False,6
3,0,1,[1 2],861.5000000000073,0.5,0.5,0.06864826475197028,SI,[2 1],49.49999999999994,10,1278.6000000000095,0.0,False,6
3,0,2,[1 2],861.5000000000073,0.5,0.5,0.15269120864671326,SI,[2 1],49.49999999999994,10,1278.6000000000095,0.0,False,6
3,0,3,[1 2],861.5000000000073,0.5,0.5,0.3181343337259084,SI,[2 1],49.49999999999994,10,1278.6000000000095,0.0,False,6
3,0,4,[1 2],861.5000000000073,0.5,0.5,0.2755210313904142,SI,[2 1],49.49999999999994,10,1278.6000000000095,0.0,False,6
4,0,0,[1 2],861.5000000000073,0.5,0.5,0.2602592668238908,SI,[2 1],49.49999999999994,10,1278.6000000000095,0.0,False,6
4,0,1,[1 2],861.5000000000073,0.5,0.5,0.4513557269755587,SI,[2 1],49.49999999999994,10,1278.6000000000095,0.0,False,6
4,0,2,[1 2],861.5000000000073,0.5,0.5,0.08856640600470933,SI,[2 1],49.49999999999994,10,1278.6000000000095,0.0,False,6
4,0,3,[1 2],861.5000000000073,0.5,0.5,0.484606075701549,SI,[2 1],49.49999999999994,10,1278.6000000000095,0.0,False,6
4,0,4,[1 2],861.5000000000073,0.5,0.5,0.45449967658770773,SI,[2 1],49.49999999999994,10,1278.6000000000095,0.0,False,6
5,0,0,[1 2],861.5000000000073,0.5,0.5,0.16958524004944486,SI,[2 1],49.49999999999994,10,1278.6000000000095,0.0,False,6
5,0,1,[1 2],861.5000000000073,0.5,0.5,0.28757844320770054,SI,[2 1],49.49999999999994,10,1278.6000000000095,0.0,False,6
5,0,2,[1 2],861.5000000000073,0.5,0.5,0.4060883847649268,SI,[2 1],49.49999999999994,10,1278.6000000000095,0.0,False,6
5,0,3,[1 2],861.5000000000073,0.5,0.5,0.3138410360694692,SI,[2 1],49.49999999999994,10,1278.6000000000095,0.0,False,6
5,0,4,[1 2],861.5000000000073,0.5,0.5,0.4178562720050216,SI,[2 1],49.49999999999994,10,1278.6000000000095,0.0,False,6
6,0,0,[1 2],861.5000000000073,0.5,0.5,0.11589576896548559,SI,[2 1],49.49999999999994,10,1278.6000000000095,0.0,False,6
6,0,1,[1 2],861.5000000000073,0.5,0.5,0.057353248164065174,SI,[2 1],49.49999999999994,10,1278.6000000000095,0.0,False,6
6,0,2,[1 2],861.5000000000073,0.5,0.5,0.11663172851757442,SI,[2 1],49.49999999999994,10,1278.6000000000095,0.0,False,6
6,0,3,[1 2],861.5000000000073,0.5,0.5,0.4077535885827167,SI,[2 1],49.49999999999994,10,1278.6000000000095,0.0,False,6
6,0,4,[1 2],861.5000000000073,0.5,0.5,0.053304208852065105,SI,[2 1],49.49999999999994,10,1278.6000000000095,0.0,False,6
7,0,0,[1 2],861.5000000000073,0.5,0.5,0.1155794279744371,SI,[2 1],49.49999999999994,10,1278.6000000000095,0.0,False,6
7,0,1,[1 2],861.5000000000073,0.5,0.5,0.3141909788699042,SI,[2 1],49.49999999999994,10,1278.6000000000095,0.0,False,6
7,0,2,[1 2],861.5000000000073,0.5,0.5,0.07631052362446311,SI,[2 1],49.49999999999994,10,1278.6000000000095,0.0,False,6
7,0,3,[1 2],861.5000000000073,0.5,0.5,0.1752489184803926,SI,[2 1],49.49999999999994,10,1278.6000000000095,0.0,False,6
7,0,4,[1 2],861.5000000000073,0.5,0.5,0.17903032839510735,SI,[2 1],49.49999999999994,10,1278.6000000000095,0.0,False,6
8,0,0,[1 2],861.5000000000073,0.5,0.5,0.33213243077962484,SI,[2 1],49.49999999999994,10,1278.6000000000095,0.0,False,6
8,0,1,[1 2],861.5000000000073,0.5,0.5,0.21077126046939731,SI,[2 1],49.49999999999994,10,1278.6000000000095,0.0,False,6
8,0,2,[1 2],861.5000000000073,0.5,0.5,0.4557475126295677,SI,[2 1],49.49999999999994,10,1278.6000000000095,0.0,False,6
8,0,3,[1 2],861.5000000000073,0.5,0.5,0.20301189040650536,SI,[2 1],49.49999999999994,10,1278.6000000000095,0.0,False,6
8,0,4,[1 2],861.5000000000073,0.5,0.5,0.0611183944800775,SI,[2 1],49.49999999999994,10,1278.6000000000095,0.0,False,6
9,0,0,[1 2],861.5000000000073,0.5,0.5,0.2547384475481427,SI,[2 1],49.49999999999994,10,1278.6000000000095,0.0,False,6
9,0,1,[1 2],861.5000000000073,0.5,0.5,0.2671926830612358,SI,[2 1],49.49999999999994,10,1278.6000000000095,0.0,False,6
9,0,2,[1 2],861.5000000000073,0.5,0.5,0.17496430718734968,SI,[2 1],49.49999999999994,10,1278.6000000000095,0.0,False,6
9,0,3,[1 2],861.5000000000073,0.5,0.5,0.4735706760753312,SI,[2 1],49.49999999999994,10,1278.6000000000095,0.0,False,6
9,0,4,[1 2],861.5000000000073,0.5,0.5,0.1743857549381509,SI,[2 1],49.49999999999994,10,1278.6000000000095,0.0,False,6
10,0,0,[1 2],861.5000000000073,0.5,0.5,0.4084385546263992,SI,[2 1],49.49999999999994,10,1278.6000000000095,0.0,False,6
10,0,1,[1 2],861.5000000000073,0.5,0.5,0.09104285541160173,SI,[2 1],49.49999999999994,10,1278.6000000000095,0.0,False,6
10,0,2,[1 2],861.5000000000073,0.5,0.5,0.2724316247081413,SI,[2 1],49.49999999999994,10,1278.6000000000095,0.0,False,6
10,0,3,[1 2],861.5000000000073,0.5,0.5,0.06142695726534175,SI,[2 1],49.49999999999994,10,1278.6000000000095,0.0,False,6
10,0,4,[1 2],861.5000000000073,0.5,0.5,0.32517683429326794,SI,[2 1],49.49999999999994,10,1278.6000000000095,0.0,False,6
11,0,0,[1 2],861.5000000000073,0.5,0.5,0.26610375784353724,SI,[2 1],49.49999999999994,10,1278.6000000000095,0.0,False,6
11,0,1,[1 2],861.5000000000073,0.5,0.5,0.2627383191355174,SI,[2 1],49.49999999999994,10,1278.6000000000095,0.0,False,6
11,0,2,[1 2],861.5000000000073,0.5,0.5,0.13419229144883094,SI,[2 1],49.49999999999994,10,1278.6000000000095,0.0,False,6
11,0,3,[1 2],861.5000000000073,0.5,0.5,0.17138199006275934,SI,[2 1],49.49999999999994,10,1278.6000000000095,0.0,False,6
11,0,4,[1 2],861.5000000000073,0.5,0.5,0.3622369446309991,SI,[2 1],49.49999999999994,10,1278.6000000000095,0.0,False,6
12,0,0,[1 2],861.5000000000073,0.5,0.5,0.19390134720049512,SI,[2 1],49.49999999999994,10,1278.6000000000095,0.0,False,6
12,0,1,[1 2],861.5000000000073,0.5,0.5,0.12994580720620963,SI,[2 1],49.49999999999994,10,1278.6000000000095,0.0,False,6
12,0,2,[1 2],861.5000000000073,0.5,0.5,0.20402982862145858,SI,[2 1],49.49999999999994,10,1278.6000000000095,0.0,False,6
12,0,3,[1 2],861.5000000000073,0.5,0.5,0.4791187459209957,SI,[2 1],49.49999999999994,10,1278.6000000000095,0.0,False,6
12,0,4,[1 2],861.5000000000073,0.5,0.5,0.14561678756945173,SI,[2 1],49.49999999999994,10,1278.6000000000095,0.0,False,6
13,0,0,[1 2],861.5000000000073,0.5,0.5,0.23488669732086798,SI,[2 1],49.49999999999994,10,1278.6000000000095,0.0,False,6
13,0,1,[1 2],861.5000000000073,0.5,0.5,0.29991022306912285,SI,[2 1],49.49999999999994,10,1278.6000000000095,0.0,False,6
13,0,2,[1 2],861.5000000000073,0.5,0.5,0.126577709335161,SI,[2 1],49.49999999999994,10,1278.6000000000095,0.0,False,6
13,0,3,[1 2],861.5000000000073,0.5,0.5,0.3889451265482522,SI,[2 1],49.49999999999994,10,1278.6000000000095,0.0,False,6
13,0,4,[1 2],861.5000000000073,0.5,0.5,0.28192596534567294,SI,[2 1],49.49999999999994,10,1278.6000000000095,0.0,False,6
14,0,0,[1 2],861.5000000000073,0.5,0.5,0.2050993306579172,SI,[2 1],49.49999999999994,10,1278.6000000000095,0.0,False,6
14,0,1,[1 2],861.5000000000073,0.5,0.5,0.4621332310516425,SI,[2 1],49.49999999999994,10,1278.6000000000095,0.0,False,6
14,0,2,[1 2],861.5000000000073,0.5,0.5,0.10595280829762355,SI,[2 1],49.49999999999994,10,1278.6000000000095,0.0,False,6
14,0,3,[1 2],861.5000000000073,0.5,0.5,0.06944527533816014,SI,[2 1],49.49999999999994,10,1278.6000000000095,0.0,False,6
14,0,4,[1 2],861.5000000000073,0.5,0.5,0.4174490248183669,SI,[2 1],49.49999999999994,10,1278.6000000000095,0.0,False,6
15,0,0,[1 2],861.5000000000073,0.5,0.5,0.2469490041795127,SI,[2 1],49.49999999999994,10,1278.6000000000095,0.0,False,6
15,0,1,[1 2],861.5000000000073,0.5,0.5,0.4485688967494752,SI,[2 1],49.49999999999994,10,1278.6000000000095,0.0,False,6
15,0,2,[1 2],861.5000000000073,0.5,0.5,0.3215682638867817,SI,[2 1],49.49999999999994,10,1278.6000000000095,0.0,False,6
15,0,3,[1 2],861.5000000000073,0.5,0.5,0.00834417646518748,SI,[2 1],49.49999999999994,10,1278.6000000000095,0.0,False,6
15,0,4,[1 2],861.5000000000073,0.5,0.5,0.4675854301796798,SI,[2 1],49.49999999999994,10,1278.6000000000095,0.0,False,6
16,0,0,[1 2],861.5000000000073,0.5,0.5,0.399858077552808,SI,[2 1],49.49999999999994,10,1278.6000000000095,0.0,False,6
16,0,1,[1 2],861.5000000000073,0.5,0.5,0.10209312563988604,SI,[2 1],49.49999999999994,10,1278.6000000000095,0.0,False,6
16,0,2,[1 2],861.5000000000073,0.5,0.5,0.1603814232544286,SI,[2 1],49.49999999999994,10,1278.6000000000095,0.0,False,6
16,0,3,[1 2],861.5000000000073,0.5,0.5,0.3874408327532609,SI,[2 1],49.49999999999994,10,1278.6000000000095,0.0,False,6
16,0,4,[1 2],861.5000000000073,0.5,0.5,0.42813967661197205,SI,[2 1],49.49999999999994,10,1278.6000000000095,0.0,False,6
17,0,0,[1 2],861.5000000000073,0.5,0.5,0.05318961031304392,SI,[2 1],49.49999999999994,10,1278.6000000000095,0.0,False,6
17,0,1,[1 2],861.5000000000073,0.5,0.5,0.4271525869475674,SI,[2 1],49.49999999999994,10,1278.6000000000095,0.0,False,6
17,0,2,[1 2],861.5000000000073,0.5,0.5,0.15156899356649,SI,[2 1],49.49999999999994,10,1278.6000000000095,0.0,False,6
17,0,3,[1 2],861.5000000000073,0.5,0.5,0.03970680925516401,SI,[2 1],49.49999999999994,10,1278.6000000000095,0.0,False,6
17,0,4,[1 2],861.5000000000073,0.5,0.5,0.14213664578179597,SI,[2 1],49.49999999999994,10,1278.6000000000095,0.0,False,6
18,0,0,[1 2],861.5000000000073,0.5,0.5,0.09681856322188831,SI,[2 1],49.49999999999994,10,1278.6000000000095,0.0,False,6
18,0,1,[1 2],861.5000000000073,0.5,0.5,0.4166696545162233,SI,[2 1],49.49999999999994,10,1278.6000000000095,0.0,False,6
18,0,2,[1 2],861.5000000000073,0.5,0.5,0.2768688305106668,SI,[2 1],49.49999999999994,10,1278.6000000000095,0.0,False,6
18,0,3,[1 2],861.5000000000073,0.5,0.5,0.03660565679946981,SI,[2 1],49.49999999999994,10,1278.6000000000095,0.0,False,6
18,0,4,[1 2],861.5000000000073,0.5,0.5,0.3369866649093147,SI,[2 1],49.49999999999994,10,1278.6000000000095,0.0,False,6
19,0,0,[1 2],861.5000000000073,0.5,0.5,0.11084132279758707,SI,[2 1],49.49999999999994,10,1278.6000000000095,0.0,False,6
19,0,1,[1 2],861.5000000000073,0.5,0.5,0.23455679736820567,SI,[2 1],49.49999999999994,10,1278.6000000000095,0.0,False,6
19,0,2,[1 2],861.5000000000073,0.5,0.5,0.18733119259746478,SI,[2 1],49.49999999999994,10,1278.6000000000095,0.0,False,6
19,0,3,[1 2],861.5000000000073,0.5,0.5,0.04424792539810385,SI,[2 1],49.49999999999994,10,1278.6000000000095,0.0,False,6
19,0,4,[1 2],861.5000000000073,0.5,0.5,0.35570565483671235,SI,[2 1],49.49999999999994,10,1278.6000000000095,0.0,False,6
20,0,0,[1 2],861.5000000000073,0.5,0.5,0.22259270787893026,SI,[2 1],49.49999999999994,10,1278.6000000000095,0.0,False,6
20,0,1,[1 2],861.5000000000073,0.5,0.5,0.453396589967867,SI,[2 1],49.49999999999994,10,1278.6000000000095,0.0,False,6
20,0,2,[1 2],861.5000000000073,0.5,0.5,0.4341652487986801,SI,[2 1],49.49999999999994,10,1278.6000000000095,0.0,False,6
20,0,3,[1 2],861.5000000000073,0.5,0.5,0.19261636571881857,SI,[2 1],49.49999999999994,10,1278.6000000000095,0.0,False,6
20,0,4,[1 2],861.5000000000073,0.5,0.5,0.10388031697071098,SI,[2 1],49.49999999999994,10,1278.6000000000095,0.0,False,6
21,0,0,[1 2],861.5000000000073,0.5,0.5,0.26737971498980306,SI,[2 1],49.49999999999994,10,1278.6000000000095,0.0,False,6
21,0,1,[1 2],861.5000000000073,0.5,0.5,0.44155473873451,SI,[2 1],49.49999999999994,10,1278.6000000000095,0.0,False,6
21,0,2,[1 2],861.5000000000073,0.5,0.5,0.011015072207940735,SI,[2 1],49.49999999999994,10,1278.6000000000095,0.0,False,6
21,0,3,[1 2],861.5000000000073,0.5,0.5,0.3904576952665745,SI,[2 1],49.49999999999994,10,1278.6000000000095,0.0,False,6
21,0,4,[1 2],861.5000000000073,0.5,0.5,0.17966134837136993,SI,[2 1],49.49999999999994,10,1278.6000000000095,0.0,False,6
22,0,0,[1 2],861.5000000000073,0.5,0.5,0.29799434612831754,SI,[2 1],49.49999999999994,10,1278.6000000000095,0.0,False,6
22,0,1,[1 2],861.5000000000073,0.5,0.5,0.40220310128477244,SI,[2 1],49.49999999999994,10,1278.6000000000095,0.0,False,6
22,0,2,[1 2],861.5000000000073,0.5,0.5,0.14242210387370247,SI,[2 1],49.49999999999994,10,1278.6000000000095,0.0,False,6
22,0,3,[1 2],861.5000000000073,0.5,0.5,0.3111586849208581,SI,[2 1],49.49999999999994,10,1278.6000000000095,0.0,False,6
22,0,4,[1 2],861.5000000000073,0.5,0.5,0.23840640048444062,SI,[2 1],49.49999999999994,10,1278.6000000000095,0.0,False,6
23,0,0,[1 2],861.5000000000073,0.5,0.5,0.4047801411192994,SI,[2 1],49.49999999999994,10,1278.6000000000095,0.0,False,6
23,0,1,[1 2],861.5000000000073,0.5,0.5,0.09809247712960367,SI,[2 1],49.49999999999994,10,1278.6000000000095,0.0,False,6
23,0,2,[1 2],861.5000000000073,0.5,0.5,0.37914165607077877,SI,[2 1],49.49999999999994,10,1278.6000000000095,0.0,False,6
23,0,3,[1 2],861.5000000000073,0.5,0.5,0.22507922206074915,SI,[2 1],49.49999999999994,10,1278.6000000000095,0.0,False,6
23,0,4,[1 2],861.5000000000073,0.5,0.5,0.07539579121696016,SI,[2 1],49.49999999999994,10,1278.6000000000095,0.0,False,6
24,0,0,[1 2],861.5000000000073,0.5,0.5,0.4711692713490062,SI,[2 1],49.49999999999994,10,1278.6000000000095,0.0,False,6
24,0,1,[1 2],861.5000000000073,0.5,0.5,0.34499754106564495,SI,[2 1],49.49999999999994,10,1278.6000000000095,0.0,False,6
24,0,2,[1 2],861.5000000000073,0.5,0.5,0.044648888976423384,SI,[2 1],49.49999999999994,10,1278.6000000000095,0.0,False,6
24,0,3,[1 2],861.5000000000073,0.5,0.5,0.3602776622792808,SI,[2 1],49.49999999999994,10,1278.6000000000095,0.0,False,6
24,0,4,[1 2],861.5000000000073,0.5,0.5,0.3137412776750933,SI,[2 1],49.49999999999994,10,1278.6000000000095,0.0,False,6
25,0,0,[1 2],861.5000000000073,0.5,0.5,0.46292005834547434,SI,[2 1],49.49999999999994,10,1278.6000000000095,0.0,False,6
25,0,1,[1 2],861.5000000000073,0.5,0.5,0.49585872107048146,SI,[2 1],49.49999999999994,10,1278.6000000000095,0.0,False,6
25,0,2,[1 2],861.5000000000073,0.5,0.5,0.31667463568868626,SI,[2 1],49.49999999999994,10,1278.6000000000095,0.0,False,6
25,0,3,[1 2],861.5000000000073,0.5,0.5,0.43555182295308636,SI,[2 1],49.49999999999994,10,1278.6000000000095,0.0,False,6
25,0,4,[1 2],861.5000000000073,0.5,0.5,0.19777991037343945,SI,[2 1],49.49999999999994,10,1278.6000000000095,0.0,False,6
26,0,0,[1 2],861.5000000000073,0.5,0.5,0.23561009677004874,SI,[2 1],49.49999999999994,10,1278.6000000000095,0.0,False,6
26,0,1,[1 2],861.5000000000073,0.5,0.5,0.06905247705878947,SI,[2 1],49.49999999999994,10,1278.6000000000095,0.0,False,6
26,0,2,[1 2],861.5000000000073,0.5,0.5,0.22789167475209104,SI,[2 1],49.49999999999994,10,1278.6000000000095,0.0,False,6
26,0,3,[1 2],861.5000000000073,0.5,0.5,0.33690298240497796,SI,[2 1],49.49999999999994,10,1278.6000000000095,0.0,False,6
26,0,4,[1 2],861.5000000000073,0.5,0.5,0.1564717072560925,SI,[2 1],49.49999999999994,10,1278.6000000000095,0.0,False,6
27,0,0,[1 2],861.5000000000073,0.5,0.5,0.0567684946663114,SI,[2 1],49.49999999999994,10,1278.6000000000095,0.0,False,6
27,0,1,[1 2],861.5000000000073,0.5,0.5,0.4504512853354862,SI,[2 1],49.49999999999994,10,1278.6000000000095,0.0,False,6
27,0,2,[1 2],861.5000000000073,0.5,0.5,0.15535707363091977,SI,[2 1],49.49999999999994,10,1278.6000000000095,0.0,False,6
27,0,3,[1 2],861.5000000000073,0.5,0.5,0.3563573131127802,SI,[2 1],49.49999999999994,10,1278.6000000000095,0.0,False,6
27,0,4,[1 2],861.5000000000073,0.5,0.5,0.4122775889577891,SI,[2 1],49.49999999999994,10,1278.6000000000095,0.0,False,6
28,0,0,[1 2],861.5000000000073,0.5,0.5,0.43693974325680607,SI,[2 1],49.49999999999994,10,1278.6000000000095,0.0,False,6
28,0,1,[1 2],861.5000000000073,0.5,0.5,0.40575368304934956,SI,[2 1],49.49999999999994,10,1278.6000000000095,0.0,False,6
28,0,2,[1 2],861.5000000000073,0.5,0.5,0.05492164031994229,SI,[2 1],49.49999999999994,10,1278.6000000000095,0.0,False,6
28,0,3,[1 2],861.5000000000073,0.5,0.5,0.27583220699281186,SI,[2 1],49.49999999999994,10,1278.6000000000095,0.0,False,6
28,0,4,[1 2],861.5000000000073,0.5,0.5,0.4235799635567914,SI,[2 1],49.49999999999994,10,1278.6000000000095,0.0,False,6
29,0,0,[1 2],861.5000000000073,0.5,0.5,0.010032368113687906,SI,[2 1],49.49999999999994,10,1278.6000000000095,0.0,False,6
29,0,1,[1 2],861.5000000000073,0.5,0.5,0.2440546497360112,SI,[2 1],49.49999999999994,10,1278.6000000000095,0.0,False,6
29,0,2,[1 2],861.5000000000073,0.5,0.5,0.12053842493486266,SI,[2 1],49.49999999999994,10,1278.6000000000095,0.0,False,6
29,0,3,[1 2],861.5000000000073,0.5,0.5,0.31276112060313244,SI,[2 1],49.49999999999994,10,1278.6000000000095,0.0,False,6
29,0,4,[1 2],861.5000000000073,0.5,0.5,0.13070819671768819,SI,[2 1],49.49999999999994,10,1278.6000000000095,0.0,False,6
30,0,0,[1 2],861.5000000000073,0.5,0.5,0.41043381433953907,SI,[2 1],49.49999999999994,10,1278.6000000000095,0.0,False,6
30,0,1,[1 2],861.5000000000073,0.5,0.5,0.3817560516669102,SI,[2 1],49.49999999999994,10,1278.6000000000095,0.0,False,6
30,0,2,[1 2],861.5000000000073,0.5,0.5,0.06581533665485606,SI,[2 1],49.49999999999994,10,1278.6000000000095,0.0,False,6
30,0,3,[1 2],861.5000000000073,0.5,0.5,0.19028435250041975,SI,[2 1],49.49999999999994,10,1278.6000000000095,0.0,False,6
30,0,4,[1 2],861.5000000000073,0.5,0.5,0.3344722428407877,SI,[2 1],49.49999999999994,10,1278.6000000000095,0.0,False,6
31,0,0,[1 2],861.5000000000073,0.5,0.5,0.3155122809667884,SI,[2 1],49.49999999999994,10,1278.6000000000095,0.0,False,6
31,0,1,[1 2],861.5000000000073,0.5,0.5,0.12990395779875263,SI,[2 1],49.49999999999994,10,1278.6000000000095,0.0,False,6
31,0,2,[1 2],861.5000000000073,0.5,0.5,0.3462852422537711,SI,[2 1],49.49999999999994,10,1278.6000000000095,0.0,False,6
31,0,3,[1 2],861.5000000000073,0.5,0.5,0.1949042099228967,SI,[2 1],49.49999999999994,10,1278.6000000000095,0.0,False,6
31,0,4,[1 2],861.5000000000073,0.5,0.5,0.1685041533459305,SI,[2 1],49.49999999999994,10,1278.6000000000095,0.0,False,6
32,0,0,[1 2],861.5000000000073,0.5,0.5,0.06887766661986161,SI,[2 1],49.49999999999994,10,1278.6000000000095,0.0,False,6
32,0,1,[1 2],861.5000000000073,0.5,0.5,0.42988959081417666,SI,[2 1],49.49999999999994,10,1278.6000000000095,0.0,False,6
32,0,2,[1 2],861.5000000000073,0.5,0.5,0.13024664649729945,SI,[2 1],49.49999999999994,10,1278.6000000000095,0.0,False,6
32,0,3,[1 2],861.5000000000073,0.5,0.5,0.256208800716759,SI,[2 1],49.49999999999994,10,1278.6000000000095,0.0,False,6
32,0,4,[1 2],861.5000000000073,0.5,0.5,0.2765810098367565,SI,[2 1],49.49999999999994,10,1278.6000000000095,0.0,False,6
33,0,0,[1 2],861.5000000000073,0.5,0.5,0.3980095036327449,SI,[2 1],49.49999999999994,10,1278.6000000000095,0.0,False,6
33,0,1,[1 2],861.5000000000073,0.5,0.5,0.2597780519004951,SI,[2 1],49.49999999999994,10,1278.6000000000095,0.0,False,6
33,0,2,[1 2],861.5000000000073,0.5,0.5,0.4138868595882863,SI,[2 1],49.49999999999994,10,1278.6000000000095,0.0,False,6
33,0,3,[1 2],861.5000000000073,0.5,0.5,0.10250107748964188,SI,[2 1],49.49999999999994,10,1278.6000000000095,0.0,False,6
33,0,4,[1 2],861.5000000000073,0.5,0.5,0.44833064125011324,SI,[2 1],49.49999999999994,10,1278.6000000000095,0.0,False,6
34,0,0,[1 2],861.5000000000073,0.5,0.5,0.3707249901669445,SI,[2 1],49.49999999999994,10,1278.6000000000095,0.0,False,6
34,0,1,[1 2],861.5000000000073,0.5,0.5,0.22224863934862593,SI,[2 1],49.49999999999994,10,1278.6000000000095,0.0,False,6
34,0,2,[1 2],861.5000000000073,0.5,0.5,0.4846726780024656,SI,[2 1],49.49999999999994,10,1278.6000000000095,0.0,False,6
34,0,3,[1 2],861.5000000000073,0.5,0.5,0.19164950535822456,SI,[2 1],49.49999999999994,10,1278.6000000000095,0.0,False,6
34,0,4,[1 2],861.5000000000073,0.5,0.5,0.2992219120339529,SI,[2 1],49.49999999999994,10,1278.6000000000095,0.0,False,6
35,0,0,[1 2],861.5000000000073,0.5,0.5,0.35361217664734734,SI,[2 1],49.49999999999994,10,1278.6000000000095,0.0,False,6
35,0,1,[1 2],861.5000000000073,0.5,0.5,0.4643141137289666,SI,[2 1],49.49999999999994,10,1278.6000000000095,0.0,False,6
35,0,2,[1 2],861.5000000000073,0.5,0.5,0.0516088497237388,SI,[2 1],49.49999999999994,10,1278.6000000000095,0.0,False,6
35,0,3,[1 2],861.5000000000073,0.5,0.5,0.09182673377138928,SI,[2 1],49.49999999999994,10,1278.6000000000095,0.0,False,6
35,0,4,[1 2],861.5000000000073,0.5,0.5,0.3047451711845516,SI,[2 1],49.49999999999994,10,1278.6000000000095,0.0,False,6
36,0,0,[1 2],861.5000000000073,0.5,0.5,0.03252012332998144,SI,[2 1],49.49999999999994,10,1278.6000000000095,0.0,False,6
36,0,1,[1 2],861.5000000000073,0.5,0.5,0.3673319576536199,SI,[2 1],49.49999999999994,10,1278.6000000000095,0.0,False,6
36,0,2,[1 2],861.5000000000073,0.5,0.5,0.3338517199759943,SI,[2 1],49.49999999999994,10,1278.6000000000095,0.0,False,6
36,0,3,[1 2],861.5000000000073,0.5,0.5,0.2026367111971875,SI,[2 1],49.49999999999994,10,1278.6000000000095,0.0,False,6
36,0,4,[1 2],861.5000000000073,0.5,0.5,0.39061082579262296,SI,[2 1],49.49999999999994,10,1278.6000000000095,0.0,False,6
37,0,0,[1 2],861.5000000000073,0.5,0.5,0.029246872071671093,SI,[2 1],49.49999999999994,10,1278.6000000000095,0.0,False,6
37,0,1,[1 2],861.5000000000073,0.5,0.5,0.07052221634375488,SI,[2 1],49.49999999999994,10,1278.6000000000095,0.0,False,6
37,0,2,[1 2],861.5000000000073,0.5,0.5,0.2520401620836523,SI,[2 1],49.49999999999994,10,1278.6000000000095,0.0,False,6
37,0,3,[1 2],861.5000000000073,0.5,0.5,0.07174014983572419,SI,[2 1],49.49999999999994,10,1278.6000000000095,0.0,False,6
37,0,4,[1 2],861.5000000000073,0.5,0.5,0.02604478450835357,SI,[2 1],49.49999999999994,10,1278.6000000000095,0.0,False,6
38,0,0,[1 2],861.5000000000073,0.5,0.5,0.4325377012066475,SI,[2 1],49.49999999999994,10,1278.6000000000095,0.0,False,6
38,0,1,[1 2],861.5000000000073,0.5,0.5,0.4454851704437076,SI,[2 1],49.49999999999994,10,1278.6000000000095,0.0,False,6
38,0,2,[1 2],861.5000000000073,0.5,0.5,0.4156440570964315,SI,[2 1],49.49999999999994,10,1278.6000000000095,0.0,False,6
38,0,3,[1 2],861.5000000000073,0.5,0.5,0.08449370084411001,SI,[2 1],49.49999999999994,10,1278.6000000000095,0.0,False,6
38,0,4,[1 2],861.5000000000073,0.5,0.5,0.28014036609192194,SI,[2 1],49.49999999999994,10,1278.6000000000095,0.0,False,6
39,0,0,[1 2],861.5000000000073,0.5,0.5,0.0903687321808827,SI,[2 1],49.49999999999994,10,1278.6000000000095,0.0,False,6
39,0,1,[1 2],861.5000000000073,0.5,0.5,0.023646515857218775,SI,[2 1],49.49999999999994,10,1278.6000000000095,0.0,False,6
39,0,2,[1 2],861.5000000000073,0.5,0.5,0.44066637828222366,SI,[2 1],49.49999999999994,10,1278.6000000000095,0.0,False,6
39,0,3,[1 2],861.5000000000073,0.5,0.5,0.22238409067067688,SI,[2 1],49.49999999999994,10,1278.6000000000095,0.0,False,6
39,0,4,[1 2],861.5000000000073,0.5,0.5,0.3955264623300957,SI,[2 1],49.49999999999994,10,1278.6000000000095,0.0,False,6
40,0,0,[1 2],861.5000000000073,0.5,0.5,0.46793463521998435,SI,[2 1],49.49999999999994,10,1278.6000000000095,0.0,False,6
40,0,1,[1 2],861.5000000000073,0.5,0.5,0.03965179267335028,SI,[2 1],49.49999999999994,10,1278.6000000000095,0.0,False,6
40,0,2,[1 2],861.5000000000073,0.5,0.5,0.05482336749396732,SI,[2 1],49.49999999999994,10,1278.6000000000095,0.0,False,6
40,0,3,[1 2],861.5000000000073,0.5,0.5,0.0041320572312233406,SI,[2 1],49.49999999999994,10,1278.6000000000095,0.0,False,6
40,0,4,[1 2],861.5000000000073,0.5,0.5,0.08533646914628079,SI,[2 1],49.49999999999994,10,1278.6000000000095,0.0,False,6
41,0,0,[1 2],861.5000000000073,0.5,0.5,0.38649513091463783,SI,[2 1],49.49999999999994,10,1278.6000000000095,0.0,False,6
41,0,1,[1 2],861.5000000000073,0.5,0.5,0.36836304083265414,SI,[2 1],49.49999999999994,10,1278.6000000000095,0.0,False,6
41,0,2,[1 2],861.5000000000073,0.5,0.5,0.28875011240473425,SI,[2 1],49.49999999999994,10,1278.6000000000095,0.0,False,6
41,0,3,[1 2],861.5000000000073,0.5,0.5,0.08404711151741961,SI,[2 1],49.49999999999994,10,1278.6000000000095,0.0,False,6
41,0,4,[1 2],861.5000000000073,0.5,0.5,0.3149163416070928,SI,[2 1],49.49999999999994,10,1278.6000000000095,0.0,False,6
42,0,0,[1 2],861.5000000000073,0.5,0.5,0.35259465449459426,SI,[2 1],49.49999999999994,10,1278.6000000000095,0.0,False,6
42,0,1,[1 2],861.5000000000073,0.5,0.5,0.07412138671386426,SI,[2 1],49.49999999999994,10,1278.6000000000095,0.0,False,6
42,0,2,[1 2],861.5000000000073,0.5,0.5,0.3442149731270119,SI,[2 1],49.49999999999994,10,1278.6000000000095,0.0,False,6
42,0,3,[1 2],861.5000000000073,0.5,0.5,0.2993237935990425,SI,[2 1],49.49999999999994,10,1278.6000000000095,0.0,False,6
42,0,4,[1 2],861.5000000000073,0.5,0.5,0.3350391585794522,SI,[2 1],49.49999999999994,10,1278.6000000000095,0.0,False,6
43,0,0,[1 2],861.5000000000073,0.5,0.5,0.30983083496146135,SI,[2 1],49.49999999999994,10,1278.6000000000095,0.0,False,6
43,0,1,[1 2],861.5000000000073,0.5,0.5,0.4711668064501494,SI,[2 1],49.49999999999994,10,1278.6000000000095,0.0,False,6
43,0,2,[1 2],861.5000000000073,0.5,0.5,0.09223639152798158,SI,[2 1],49.49999999999994,10,1278.6000000000095,0.0,False,6
43,0,3,[1 2],861.5000000000073,0.5,0.5,0.35859685661568796,SI,[2 1],49.49999999999994,10,1278.6000000000095,0.0,False,6
43,0,4,[1 2],861.5000000000073,0.5,0.5,0.16706911961607795,SI,[2 1],49.49999999999994,10,1278.6000000000095,0.0,False,6
44,0,0,[1 2],861.5000000000073,0.5,0.5,0.45097854589588415,SI,[2 1],49.49999999999994,10,1278.6000000000095,0.0,False,6
44,0,1,[1 2],861.5000000000073,0.5,0.5,0.49939920983703134,SI,[2 1],49.49999999999994,10,1278.6000000000095,0.0,False,6
44,0,2,[1 2],861.5000000000073,0.5,0.5,0.1564342036390428,SI,[2 1],49.49999999999994,10,1278.6000000000095,0.0,False,6
44,0,3,[1 2],861.5000000000073,0.5,0.5,0.20294999385093848,SI,[2 1],49.49999999999994,10,1278.6000000000095,0.0,False,6
44,0,4,[1 2],861.5000000000073,0.5,0.5,0.4519604069169896,SI,[2 1],49.49999999999994,10,1278.6000000000095,0.0,False,6
45,0,0,[1 2],861.5000000000073,0.5,0.5,0.13602099093939712,SI,[2 1],49.49999999999994,10,1278.6000000000095,0.0,False,6
45,0,1,[1 2],861.5000000000073,0.5,0.5,0.44644728010971335,SI,[2 1],49.49999999999994,10,1278.6000000000095,0.0,False,6
45,0,2,[1 2],861.5000000000073,0.5,0.5,0.4142759156176533,SI,[2 1],49.49999999999994,10,1278.6000000000095,0.0,False,6
45,0,3,[1 2],861.5000000000073,0.5,0.5,0.16192169571484483,SI,[2 1],49.49999999999994,10,1278.6000000000095,0.0,False,6
45,0,4,[1 2],861.5000000000073,0.5,0.5,0.14389038787949981,SI,[2 1],49.49999999999994,10,1278.6000000000095,0.0,False,6
46,0,0,[1 2],861.5000000000073,0.5,0.5,0.3056337064697935,SI,[2 1],49.49999999999994,10,1278.6000000000095,0.0,False,6
46,0,1,[1 2],861.5000000000073,0.5,0.5,0.1280939586865414,SI,[2 1],49.49999999999994,10,1278.6000000000095,0.0,False,6
46,0,2,[1 2],861.5000000000073,0.5,0.5,0.12896821173364204,SI,[2 1],49.49999999999994,10,1278.6000000000095,0.0,False,6
46,0,3,[1 2],861.5000000000073,0.5,0.5,0.09513995840973943,SI,[2 1],49.49999999999994,10,1278.6000000000095,0.0,False,6
46,0,4,[1 2],861.5000000000073,0.5,0.5,0.4706486982483986,SI,[2 1],49.49999999999994,10,1278.6000000000095,0.0,False,6
47,0,0,[1 2],861.5000000000073,0.5,0.5,0.3466982626459665,SI,[2 1],49.49999999999994,10,1278.6000000000095,0.0,False,6
47,0,1,[1 2],861.5000000000073,0.5,0.5,0.1383074658792618,SI,[2 1],49.49999999999994,10,1278.6000000000095,0.0,False,6
47,0,2,[1 2],861.5000000000073,0.5,0.5,0.4184706928792977,SI,[2 1],49.49999999999994,10,1278.6000000000095,0.0,False,6
47,0,3,[1 2],861.5000000000073,0.5,0.5,0.3785325946093072,SI,[2 1],49.49999999999994,10,1278.6000000000095,0.0,False,6
47,0,4,[1 2],861.5000000000073,0.5,0.5,0.08638061417003562,SI,[2 1],49.49999999999994,10,1278.6000000000095,0.0,False,6
48,0,0,[1 2],861.5000000000073,0.5,0.5,0.28288761474572655,SI,[2 1],49.49999999999994,10,1278.6000000000095,0.0,False,6
48,0,1,[1 2],861.5000000000073,0.5,0.5,0.2961942095784629,SI,[2 1],49.49999999999994,10,1278.6000000000095,0.0,False,6
48,0,2,[1 2],861.5000000000073,0.5,0.5,0.40032528452991956,SI,[2 1],49.49999999999994,10,1278.6000000000095,0.0,False,6
48,0,3,[1 2],861.5000000000073,0.5,0.5,0.36851468631588025,SI,[2 1],49.49999999999994,10,1278.6000000000095,0.0,False,6
48,0,4,[1 2],861.5000000000073,0.5,0.5,0.39608852928522287,SI,[2 1],49.49999999999994,10,1278.6000000000095,0.0,False,6
49,0,0,[1 2],861.5000000000073,0.5,0.5,0.084102332574162,SI,[2 1],49.49999999999994,10,1278.6000000000095,0.0,False,6
49,0,1,[1 2],861.5000000000073,0.5,0.5,0.16607160215580674,SI,[2 1],49.49999999999994,10,1278.6000000000095,0.0,False,6
49,0,2,[1 2],861.5000000000073,0.5,0.5,0.1826293023879101,SI,[2 1],49.49999999999994,10,1278.6000000000095,0.0,False,6
49,0,3,[1 2],861.5000000000073,0.5,0.5,0.1175309855148926,SI,[2 1],49.49999999999994,10,1278.6000000000095,0.0,False,6
49,0,4,[1 2],861.5000000000073,0.5,0.5,0.12453728934484831,SI,[2 1],49.49999999999994,10,1278.6000000000095,0.0,False,6
50,0,0,[1 2],861.5000000000073,0.5,0.5,0.2851446976649781,SI,[2 1],49.49999999999994,10,1278.6000000000095,0.0,False,6
50,0,1,[1 2],861.5000000000073,0.5,0.5,0.3452160057895137,SI,[2 1],49.49999999999994,10,1278.6000000000095,0.0,False,6
50,0,2,[1 2],861.5000000000073,0.5,0.5,0.47619975038989315,SI,[2 1],49.49999999999994,10,1278.6000000000095,0.0,False,6
50,0,3,[1 2],861.5000000000073,0.5,0.5,0.16707727241057901,SI,[2 1],49.49999999999994,10,1278.6000000000095,0.0,False,6
50,0,4,[1 2],861.5000000000073,0.5,0.5,0.08281844851235243,SI,[2 1],49.49999999999994,10,1278.6000000000095,0.0,False,6
0,1,0,[3 2 1],952.5,0.5,0.5,0.13854048638571848,SI,[3 1 2],52.5,10,996.6999999999971,0.0,False,7
0,1,1,[3 2 1],952.5,0.5,0.5,0.3286237205413123,SI,[3 1 2],52.5,10,996.6999999999971,0.0,False,7
0,1,2,[3 2 1],952.5,0.5,0.5,0.29884912367621974,SI,[3 1 2],52.5,10,996.6999999999971,0.0,False,7
0,1,3,[3 2 1],952.5,0.5,0.5,0.43653562798109613,SI,[3 1 2],52.5,10,996.6999999999971,0.0,False,7
0,1,4,[3 2 1],952.5,0.5,0.5,0.1900424095408274,SI,[3 1 2],52.5,10,996.6999999999971,0.0,False,7
1,0,0,[3 2 1],952.5,0.5,0.5,0.7682863116032346,MI,[1 2 3],89.0,10,979.5999999999985,0.0,False,7
1,0,1,[3 2 1],952.5,0.5,0.5,0.3718274456713554,SI,[3 1 2],52.5,10,996.6999999999971,0.0,False,7
1,0,2,[3 2 1],952.5,0.5,0.5,0.25206972625924395,SI,[3 1 2],52.5,10,996.6999999999971,0.0,False,7
1,0,3,[3 2 1],952.5,0.5,0.5,0.9821585164360652,MI,[1 2 3],89.0,10,979.5999999999985,0.0,False,7
1,0,4,[3 2 1],952.5,0.5,0.5,0.25060462460849264,SI,[3 1 2],52.5,10,996.6999999999971,0.0,False,7
2,0,0,[3 2 1],952.5,0.5,0.5,0.2321363480947366,SI,[3 1 2],52.5,10,996.6999999999971,0.0,False,7
2,0,1,[3 2 1],952.5,0.5,0.5,0.37499606782439543,SI,[3 1 2],52.5,10,996.6999999999971,0.0,False,7
2,0,2,[3 2 1],952.5,0.5,0.5,0.1739336050652196,SI,[3 1 2],52.5,10,996.6999999999971,0.0,False,7
2,0,3,[3 2 1],952.5,0.5,0.5,0.35406989730360894,SI,[3 1 2],52.5,10,996.6999999999971,0.0,False,7
2,0,4,[3 2 1],952.5,0.5,0.5,0.3887198123794986,SI,[3 1 2],52.5,10,996.6999999999971,0.0,False,7
3,0,0,[3 2 1],952.5,0.5,0.5,0.4963966683214863,SI,[3 1 2],52.5,10,996.6999999999971,0.0,False,7
3,0,1,[3 2 1],952.5,0.5,0.5,0.3504203322924635,SI,[3 1 2],52.5,10,996.6999999999971,0.0,False,7
3,0,2,[3 2 1],952.5,0.5,0.5,0.09382620142188947,SI,[3 1 2],52.5,10,996.6999999999971,0.0,False,7
3,0,3,[3 2 1],952.5,0.5,0.5,0.3921295807809303,SI,[3 1 2],52.5,10,996.6999999999971,0.0,False,7
3,0,4,[3 2 1],952.5,0.5,0.5,0.4927022469042156,SI,[3 1 2],52.5,10,996.6999999999971,0.0,False,7
4,0,0,[3 2 1],952.5,0.5,0.5,0.02238214660149984,SI,[3 1 2],52.5,10,996.6999999999971,0.0,False,7
4,0,1,[3 2 1],952.5,0.5,0.5,0.06458069265655142,SI,[3 1 2],52.5,10,996.6999999999971,0.0,False,7
4,0,2,[3 2 1],952.5,0.5,0.5,0.9682234509256292,MI,[1 2 3],89.0,10,979.5999999999985,0.0,False,7
4,0,3,[3 2 1],952.5,0.5,0.5,0.46242808633384525,SI,[3 1 2],52.5,10,996.6999999999971,0.0,False,7
4,0,4,[3 2 1],952.5,0.5,0.5,0.2539317844122392,SI,[3 1 2],52.5,10,996.6999999999971,0.0,False,7
5,0,0,[3 2 1],952.5,0.5,0.5,0.17988445466502934,SI,[3 1 2],52.5,10,996.6999999999971,0.0,False,7
5,0,1,[3 2 1],952.5,0.5,0.5,0.46511724987708436,SI,[3 1 2],52.5,10,996.6999999999971,0.0,False,7
5,0,2,[3 2 1],952.5,0.5,0.5,0.23845565869100804,SI,[3 1 2],52.5,10,996.6999999999971,0.0,False,7
5,0,3,[3 2 1],952.5,0.5,0.5,0.47337042138017527,SI,[1 2 3],89.0,10,979.5999999999985,0.0,False,7
5,0,4,[3 2 1],952.5,0.5,0.5,0.46512044812900477,SI,[3 1 2],52.5,10,996.6999999999971,0.0,False,7
6,0,0,[3 2 1],952.5,0.5,0.5,0.485579673774334,SI,[3 1 2],52.5,10,996.6999999999971,0.0,False,7
6,0,1,[3 2 1],952.5,0.5,0.5,0.20783495229252447,SI,[3 1 2],52.5,10,996.6999999999971,0.0,False,7
6,0,2,[3 2 1],952.5,0.5,0.5,0.5051377282647531,MI,[1 2 3],89.0,10,979.5999999999985,0.0,False,7
6,0,3,[3 2 1],952.5,0.5,0.5,0.35072330915446426,SI,[3 1 2],52.5,10,996.6999999999971,0.0,False,7
6,0,4,[3 2 1],952.5,0.5,0.5,0.42245268109796763,SI,[3 1 2],52.5,10,996.6999999999971,0.0,False,7
7,0,0,[3 2 1],952.5,0.5,0.5,0.4394808107089322,SI,[3 1 2],52.5,10,996.6999999999971,0.0,False,7
7,0,1,[3 2 1],952.5,0.5,0.5,0.3681559994418152,SI,[3 1 2],52.5,10,996.6999999999971,0.0,False,7
7,0,2,[3 2 1],952.5,0.5,0.5,0.4207939862970488,SI,[3 1 2],52.5,10,996.6999999999971,0.0,False,7
7,0,3,[3 2 1],952.5,0.5,0.5,0.1301336059604914,SI,[3 1 2],52.5,10,996.6999999999971,0.0,False,7
7,0,4,[3 2 1],952.5,0.5,0.5,0.31966971919269005,SI,[3 1 2],52.5,10,996.6999999999971,0.0,False,7
8,0,0,[3 2 1],952.5,0.5,0.5,0.3976892234925413,SI,[3 1 2],52.5,10,996.6999999999971,0.0,False,7
8,0,1,[3 2 1],952.5,0.5,0.5,0.1455812973680667,SI,[3 1 2],52.5,10,996.6999999999971,0.0,False,7
8,0,2,[3 2 1],952.5,0.5,0.5,0.059563215428355076,SI,[3 1 2],52.5,10,996.6999999999971,0.0,False,7
8,0,3,[3 2 1],952.5,0.5,0.5,0.20311612276444646,SI,[3 1 2],52.5,10,996.6999999999971,0.0,False,7
8,0,4,[3 2 1],952.5,0.5,0.5,0.21924399118213134,SI,[3 1 2],52.5,10,996.6999999999971,0.0,False,7
9,0,0,[3 2 1],952.5,0.5,0.5,0.018167105549922402,SI,[3 1 2],52.5,10,996.6999999999971,0.0,False,7
9,0,1,[3 2 1],952.5,0.5,0.5,0.4885426393985699,SI,[1 2 3],89.0,10,979.5999999999985,0.0,False,7
9,0,2,[3 2 1],952.5,0.5,0.5,0.7149760745235857,MI,[1 2 3],89.0,10,979.5999999999985,0.0,False,7
9,0,3,[3 2 1],952.5,0.5,0.5,0.3849997215911932,SI,[3 1 2],52.5,10,996.6999999999971,0.0,False,7
9,0,4,[3 2 1],952.5,0.5,0.5,0.1146191611606453,SI,[3 1 2],52.5,10,996.6999999999971,0.0,False,7
10,0,0,[3 2 1],952.5,0.5,0.5,0.37504964105591976,SI,[3 1 2],52.5,10,996.6999999999971,0.0,False,7
10,0,1,[3 2 1],952.5,0.5,0.5,0.45428319727350364,SI,[3 1 2],52.5,10,996.6999999999971,0.0,False,7
10,0,2,[3 2 1],952.5,0.5,0.5,0.3127169924947484,SI,[3 1 2],52.5,10,996.6999999999971,0.0,False,7
10,0,3,[3 2 1],952.5,0.5,0.5,0.4435657259330156,SI,[3 1 2],52.5,10,996.6999999999971,0.0,False,7
10,0,4,[3 2 1],952.5,0.5,0.5,0.8820868887655976,MI,[1 2 3],89.0,10,979.5999999999985,0.0,False,7
11,0,0,[3 2 1],952.5,0.5,0.5,0.9517298544620157,MI,[1 2 3],89.0,10,979.5999999999985,0.0,False,7
11,0,1,[3 2 1],952.5,0.5,0.5,0.11522633433789564,SI,[3 1 2],52.5,10,996.6999999999971,0.0,False,7
11,0,2,[3 2 1],952.5,0.5,0.5,0.03713232049111914,SI,[3 1 2],52.5,10,996.6999999999971,0.0,False,7
11,0,3,[3 2 1],952.5,0.5,0.5,0.5103195034346365,MI,[1 2 3],89.0,10,979.5999999999985,0.0,False,7
11,0,4,[3 2 1],952.5,0.5,0.5,0.030451017880544606,SI,[3 1 2],52.5,10,996.6999999999971,0.0,False,7
12,0,0,[3 2 1],952.5,0.5,0.5,0.44795038064862347,SI,[3 1 2],52.5,10,996.6999999999971,0.0,False,7
12,0,1,[3 2 1],952.5,0.5,0.5,0.5904126941302821,MI,[1 2 3],89.0,10,979.5999999999985,0.0,False,7
12,0,2,[3 2 1],952.5,0.5,0.5,0.178302430643285,SI,[3 1 2],52.5,10,996.6999999999971,0.0,False,7
12,0,3,[3 2 1],952.5,0.5,0.5,0.028989388565525687,SI,[1 2 3],89.0,10,979.5999999999985,0.0,False,7
12,0,4,[3 2 1],952.5,0.5,0.5,0.029491841145267483,SI,[3 1 2],52.5,10,996.6999999999971,0.0,False,7
13,0,0,[3 2 1],952.5,0.5,0.5,0.3906358703731657,SI,[3 1 2],52.5,10,996.6999999999971,0.0,False,7
13,0,1,[3 2 1],952.5,0.5,0.5,0.34744933085873364,SI,[3 1 2],52.5,10,996.6999999999971,0.0,False,7
13,0,2,[3 2 1],952.5,0.5,0.5,0.07108493755085044,SI,[3 1 2],52.5,10,996.6999999999971,0.0,False,7
13,0,3,[3 2 1],952.5,0.5,0.5,0.41428847258323387,SI,[3 1 2],52.5,10,996.6999999999971,0.0,False,7
13,0,4,[3 2 1],952.5,0.5,0.5,0.1854931104072418,SI,[3 1 2],52.5,10,996.6999999999971,0.0,False,7
14,0,0,[3 2 1],952.5,0.5,0.5,0.12174345741332626,SI,[3 1 2],52.5,10,996.6999999999971,0.0,False,7
14,0,1,[3 2 1],952.5,0.5,0.5,0.04669711469818438,SI,[3 1 2],52.5,10,996.6999999999971,0.0,False,7
14,0,2,[3 2 1],952.5,0.5,0.5,0.3986522945149189,SI,[3 1 2],52.5,10,996.6999999999971,0.0,False,7
14,0,3,[3 2 1],952.5,0.5,0.5,0.11303844818091957,SI,[3 1 2],52.5,10,996.6999999999971,0.0,False,7
14,0,4,[3 2 1],952.5,0.5,0.5,0.23971184549597024,SI,[3 1 2],52.5,10,996.6999999999971,0.0,False,7
15,0,0,[3 2 1],952.5,0.5,0.5,0.15910733963042767,SI,[3 1 2],52.5,10,996.6999999999971,0.0,False,7
15,0,1,[3 2 1],952.5,0.5,0.5,0.4992424745508586,SI,[1 2 3],89.0,10,979.5999999999985,0.0,False,7
15,0,2,[3 2 1],952.5,0.5,0.5,0.14495344218662776,SI,[3 1 2],52.5,10,996.6999999999971,0.0,False,7
15,0,3,[3 2 1],952.5,0.5,0.5,0.13215662406509443,SI,[3 1 2],52.5,10,996.6999999999971,0.0,False,7
15,0,4,[3 2 1],952.5,0.5,0.5,0.4932325587019013,SI,[3 1 2],52.5,10,996.6999999999971,0.0,False,7
16,0,0,[3 2 1],952.5,0.5,0.5,0.7981639209311838,MI,[1 2 3],89.0,10,979.5999999999985,0.0,False,7
16,0,1,[3 2 1],952.5,0.5,0.5,0.12800152514787422,SI,[3 1 2],52.5,10,996.6999999999971,0.0,False,7
16,0,2,[3 2 1],952.5,0.5,0.5,0.38009607374621834,SI,[3 1 2],52.5,10,996.6999999999971,0.0,False,7
16,0,3,[3 2 1],952.5,0.5,0.5,0.4814970529054322,SI,[3 1 2],52.5,10,996.6999999999971,0.0,False,7
16,0,4,[3 2 1],952.5,0.5,0.5,0.7001102108369474,MI,[1 2 3],89.0,10,979.5999999999985,0.0,False,7
17,0,0,[3 2 1],952.5,0.5,0.5,0.18580830430001039,SI,[3 1 2],52.5,10,996.6999999999971,0.0,False,7
17,0,1,[3 2 1],952.5,0.5,0.5,0.7695510500311625,MI,[1 2 3],89.0,10,979.5999999999985,0.0,False,7
17,0,2,[3 2 1],952.5,0.5,0.5,0.2394818405616549,SI,[3 1 2],52.5,10,996.6999999999971,0.0,False,7
17,0,3,[3 2 1],952.5,0.5,0.5,0.256388009110892,SI,[3 1 2],52.5,10,996.6999999999971,0.0,False,7
17,0,4,[3 2 1],952.5,0.5,0.5,0.11368337313925103,SI,[3 1 2],52.5,10,996.6999999999971,0.0,False,7
18,0,0,[3 2 1],952.5,0.5,0.5,0.07836349787711283,SI,[3 1 2],52.5,10,996.6999999999971,0.0,False,7
18,0,1,[3 2 1],952.5,0.5,0.5,0.28860433218840853,SI,[3 1 2],52.5,10,996.6999999999971,0.0,False,7
18,0,2,[3 2 1],952.5,0.5,0.5,0.06617300937476533,SI,[3 1 2],52.5,10,996.6999999999971,0.0,False,7
18,0,3,[3 2 1],952.5,0.5,0.5,0.33128781712564825,SI,[3 1 2],52.5,10,996.6999999999971,0.0,False,7
18,0,4,[3 2 1],952.5,0.5,0.5,0.3554909855912409,SI,[3 1 2],52.5,10,996.6999999999971,0.0,False,7
19,0,0,[3 2 1],952.5,0.5,0.5,0.016156556381787146,SI,[1 2 3],89.0,10,979.5999999999985,0.0,False,7
19,0,1,[3 2 1],952.5,0.5,0.5,0.9375052497663113,MI,[1 2 3],89.0,10,979.5999999999985,0.0,False,7
19,0,2,[3 2 1],952.5,0.5,0.5,0.16335161064192227,SI,[3 1 2],52.5,10,996.6999999999971,0.0,False,7
19,0,3,[3 2 1],952.5,0.5,0.5,0.4444512711533545,SI,[1 2 3],89.0,10,979.5999999999985,0.0,False,7
19,0,4,[3 2 1],952.5,0.5,0.5,0.16352842107793097,SI,[3 1 2],52.5,10,996.6999999999971,0.0,False,7
20,0,0,[3 2 1],952.5,0.5,0.5,0.12374781242471711,SI,[3 1 2],52.5,10,996.6999999999971,0.0,False,7
20,0,1,[3 2 1],952.5,0.5,0.5,0.014795428844127989,SI,[3 1 2],52.5,10,996.6999999999971,0.0,False,7
20,0,2,[3 2 1],952.5,0.5,0.5,0.28530330554612293,SI,[3 1 2],52.5,10,996.6999999999971,0.0,False,7
20,0,3,[3 2 1],952.5,0.5,0.5,0.3930452840052814,SI,[3 1 2],52.5,10,996.6999999999971,0.0,False,7
20,0,4,[3 2 1],952.5,0.5,0.5,0.054767272131795885,SI,[3 1 2],52.5,10,996.6999999999971,0.0,False,7
21,0,0,[3 2 1],952.5,0.5,0.5,0.5743274540439478,MI,[1 2 3],89.0,10,979.5999999999985,0.0,False,7
21,0,1,[3 2 1],952.5,0.5,0.5,0.08036101036067367,SI,[3 1 2],52.5,10,996.6999999999971,0.0,False,7
21,0,2,[3 2 1],952.5,0.5,0.5,0.3427805594160406,SI,[3 1 2],52.5,10,996.6999999999971,0.0,False,7
21,0,3,[3 2 1],952.5,0.5,0.5,0.07734974172438314,SI,[3 1 2],52.5,10,996.6999999999971,0.0,False,7
21,0,4,[3 2 1],952.5,0.5,0.5,0.3821217252430009,SI,[3 1 2],52.5,10,996.6999999999971,0.0,False,7
22,0,0,[3 2 1],952.5,0.5,0.5,0.23621438503833714,SI,[3 1 2],52.5,10,996.6999999999971,0.0,False,7
22,0,1,[3 2 1],952.5,0.5,0.5,0.29553793783755233,SI,[3 1 2],52.5,10,996.6999999999971,0.0,False,7
22,0,2,[3 2 1],952.5,0.5,0.5,0.06954069233276217,SI,[3 1 2],52.5,10,996.6999999999971,0.0,False,7
22,0,3,[3 2 1],952.5,0.5,0.5,0.3764112759376592,SI,[3 1 2],52.5,10,996.6999999999971,0.0,False,7
22,0,4,[3 2 1],952.5,0.5,0.5,0.583785489678617,MI,[1 2 3],89.0,10,979.5999999999985,0.0,False,7
23,0,0,[3 2 1],952.5,0.5,0.5,0.345417488814448,SI,[3 1 2],52.5,10,996.6999999999971,0.0,False,7
23,0,1,[3 2 1],952.5,0.5,0.5,0.27698445157747476,SI,[3 1 2],52.5,10,996.6999999999971,0.0,False,7
23,0,2,[3 2 1],952.5,0.5,0.5,0.012494488254490843,SI,[3 1 2],52.5,10,996.6999999999971,0.0,False,7
23,0,3,[3 2 1],952.5,0.5,0.5,0.21523519978528005,SI,[3 1 2],52.5,10,996.6999999999971,0.0,False,7
23,0,4,[3 2 1],952.5,0.5,0.5,0.3802622439790846,SI,[3 1 2],52.5,10,996.6999999999971,0.0,False,7
24,0,0,[3 2 1],952.5,0.5,0.5,0.7646012133029986,MI,[1 2 3],89.0,10,979.5999999999985,0.0,False,7
24,0,1,[3 2 1],952.5,0.5,0.5,0.11840410035352311,SI,[3 1 2],52.5,10,996.6999999999971,0.0,False,7
24,0,2,[3 2 1],952.5,0.5,0.5,0.16503607624891803,SI,[3 1 2],52.5,10,996.6999999999971,0.0,False,7
24,0,3,[3 2 1],952.5,0.5,0.5,0.38356894622431725,SI,[3 1 2],52.5,10,996.6999999999971,0.0,False,7
24,0,4,[3 2 1],952.5,0.5,0.5,0.12033086034426721,SI,[3 1 2],52.5,10,996.6999999999971,0.0,False,7
25,0,0,[3 2 1],952.5,0.5,0.5,0.49977549706568747,SI,[3 1 2],52.5,10,996.6999999999971,0.0,False,7
25,0,1,[3 2 1],952.5,0.5,0.5,0.04802262619051478,SI,[3 1 2],52.5,10,996.6999999999971,0.0,False,7
25,0,2,[3 2 1],952.5,0.5,0.5,0.48265435270758583,SI,[3 1 2],52.5,10,996.6999999999971,0.0,False,7
25,0,3,[3 2 1],952.5,0.5,0.5,0.9623794297795673,MI,[1 2 3],89.0,10,979.5999999999985,0.0,False,7
25,0,4,[3 2 1],952.5,0.5,0.5,0.28003123671727526,SI,[3 1 2],52.5,10,996.6999999999971,0.0,False,7
26,0,0,[3 2 1],952.5,0.5,0.5,0.42842505441693435,SI,[3 1 2],52.5,10,996.6999999999971,0.0,False,7
26,0,1,[3 2 1],952.5,0.5,0.5,0.4742501028010597,SI,[3 1 2],52.5,10,996.6999999999971,0.0,False,7
26,0,2,[3 2 1],952.5,0.5,0.5,0.7990055606663187,MI,[1 2 3],89.0,10,979.5999999999985,0.0,False,7
26,0,3,[3 2 1],952.5,0.5,0.5,0.05408663120044521,SI,[3 1 2],52.5,10,996.6999999999971,0.0,False,7
26,0,4,[3 2 1],952.5,0.5,0.5,0.744871404648877,MI,[1 2 3],89.0,10,979.5999999999985,0.0,False,7
27,0,0,[3 2 1],952.5,0.5,0.5,0.013945473914652062,SI,[3 1 2],52.5,10,996.6999999999971,0.0,False,7
27,0,1,[3 2 1],952.5,0.5,0.5,0.20825735616363916,SI,[3 1 2],52.5,10,996.6999999999971,0.0,False,7
27,0,2,[3 2 1],952.5,0.5,0.5,0.010182349095333443,SI,[3 1 2],52.5,10,996.6999999999971,0.0,False,7
27,0,3,[3 2 1],952.5,0.5,0.5,0.1810944966309448,SI,[3 1 2],52.5,10,996.6999999999971,0.0,False,7
27,0,4,[3 2 1],952.5,0.5,0.5,0.08975197827301118,SI,[3 1 2],52.5,10,996.6999999999971,0.0,False,7
28,0,0,[3 2 1],952.5,0.5,0.5,0.32614186560935543,SI,[3 1 2],52.5,10,996.6999999999971,0.0,False,7
28,0,1,[3 2 1],952.5,0.5,0.5,0.009480052664770922,SI,[3 1 2],52.5,10,996.6999999999971,0.0,False,7
28,0,2,[3 2 1],952.5,0.5,0.5,0.26083607258317576,SI,[3 1 2],52.5,10,996.6999999999971,0.0,False,7
28,0,3,[3 2 1],952.5,0.5,0.5,0.9141650275944985,MI,[1 2 3],89.0,10,979.5999999999985,0.0,False,7
28,0,4,[3 2 1],952.5,0.5,0.5,0.49708104428708744,SI,[3 1 2],52.5,10,996.6999999999971,0.0,False,7
29,0,0,[3 2 1],952.5,0.5,0.5,0.2003503867297366,SI,[3 1 2],52.5,10,996.6999999999971,0.0,False,7
29,0,1,[3 2 1],952.5,0.5,0.5,0.5075644177630478,MI,[1 2 3],89.0,10,979.5999999999985,0.0,False,7
29,0,2,[3 2 1],952.5,0.5,0.5,0.4899888075894454,SI,[3 1 2],52.5,10,996.6999999999971,0.0,False,7
29,0,3,[3 2 1],952.5,0.5,0.5,0.05346808624123611,SI,[3 1 2],52.5,10,996.6999999999971,0.0,False,7
29,0,4,[3 2 1],952.5,0.5,0.5,0.43377317901115864,SI,[3 1 2],52.5,10,996.6999999999971,0.0,False,7
30,0,0,[3 2 1],952.5,0.5,0.5,0.40552627387067275,SI,[3 1 2],52.5,10,996.6999999999971,0.0,False,7
30,0,1,[3 2 1],952.5,0.5,0.5,0.23662296477388123,SI,[3 1 2],52.5,10,996.6999999999971,0.0,False,7
30,0,2,[3 2 1],952.5,0.5,0.5,0.3189419637189792,SI,[3 1 2],52.5,10,996.6999999999971,0.0,False,7
30,0,3,[3 2 1],952.5,0.5,0.5,0.1647800636269291,SI,[3 1 2],52.5,10,996.6999999999971,0.0,False,7
30,0,4,[3 2 1],952.5,0.5,0.5,0.02491570969555279,SI,[3 1 2],52.5,10,996.6999999999971,0.0,False,7
31,0,0,[3 2 1],952.5,0.5,0.5,0.2180144436310647,SI,[3 1 2],52.5,10,996.6999999999971,0.0,False,7
31,0,1,[3 2 1],952.5,0.5,0.5,0.3405615864176932,SI,[3 1 2],52.5,10,996.6999999999971,0.0,False,7
31,0,2,[3 2 1],952.5,0.5,0.5,0.2704279234351432,SI,[3 1 2],52.5,10,996.6999999999971,0.0,False,7
31,0,3,[3 2 1],952.5,0.5,0.5,0.28847468744436877,SI,[3 1 2],52.5,10,996.6999999999971,0.0,False,7
31,0,4,[3 2 1],952.5,0.5,0.5,0.9755219745612435,MI,[1 2 3],89.0,10,979.5999999999985,0.0,False,7
32,0,0,[3 2 1],952.5,0.5,0.5,0.3737716347364528,SI,[3 1 2],52.5,10,996.6999999999971,0.0,False,7
32,0,1,[3 2 1],952.5,0.5,0.5,0.5978227927040396,MI,[1 2 3],89.0,10,979.5999999999985,0.0,False,7
32,0,2,[3 2 1],952.5,0.5,0.5,0.2142918190548505,SI,[3 1 2],52.5,10,996.6999999999971,0.0,False,7
32,0,3,[3 2 1],952.5,0.5,0.5,0.5448989867711124,MI,[1 2 3],89.0,10,979.5999999999985,0.0,False,7
32,0,4,[3 2 1],952.5,0.5,0.5,0.3854637497577187,SI,[3 1 2],52.5,10,996.6999999999971,0.0,False,7
33,0,0,[3 2 1],952.5,0.5,0.5,0.057829941115675965,SI,[3 1 2],52.5,10,996.6999999999971,0.0,False,7
33,0,1,[3 2 1],952.5,0.5,0.5,0.2588123714640864,SI,[3 1 2],52.5,10,996.6999999999971,0.0,False,7
33,0,2,[3 2 1],952.5,0.5,0.5,0.16689943322976586,SI,[3 1 2],52.5,10,996.6999999999971,0.0,False,7
33,0,3,[3 2 1],952.5,0.5,0.5,0.24779016799410203,SI,[3 1 2],52.5,10,996.6999999999971,0.0,False,7
33,0,4,[3 2 1],952.5,0.5,0.5,0.19352316942273529,SI,[3 1 2],52.5,10,996.6999999999971,0.0,False,7
34,0,0,[3 2 1],952.5,0.5,0.5,0.4273486010632275,SI,[3 1 2],52.5,10,996.6999999999971,0.0,False,7
34,0,1,[3 2 1],952.5,0.5,0.5,0.19030543199398986,SI,[3 1 2],52.5,10,996.6999999999971,0.0,False,7
34,0,2,[3 2 1],952.5,0.5,0.5,0.036212487283708295,SI,[3 1 2],52.5,10,996.6999999999971,0.0,False,7
34,0,3,[3 2 1],952.5,0.5,0.5,0.0053428272457755055,SI,[3 1 2],52.5,10,996.6999999999971,0.0,False,7
34,0,4,[3 2 1],952.5,0.5,0.5,0.1261752178073986,SI,[3 1 2],52.5,10,996.6999999999971,0.0,False,7
35,0,0,[3 2 1],952.5,0.5,0.5,0.035883787051192995,SI,[3 1 2],52.5,10,996.6999999999971,0.0,False,7
35,0,1,[3 2 1],952.5,0.5,0.5,0.5639052241902934,MI,[1 2 3],89.0,10,979.5999999999985,0.0,False,7
35,0,2,[3 2 1],952.5,0.5,0.5,0.4998763149878225,SI,[3 1 2],52.5,10,996.6999999999971,0.0,False,7
35,0,3,[3 2 1],952.5,0.5,0.5,0.17789657925246116,SI,[3 1 2],52.5,10,996.6999999999971,0.0,False,7
35,0,4,[3 2 1],952.5,0.5,0.5,0.31953212704314105,SI,[3 1 2],52.5,10,996.6999999999971,0.0,False,7
36,0,0,[3 2 1],952.5,0.5,0.5,0.5415019490868227,MI,[1 2 3],89.0,10,979.5999999999985,0.0,False,7
36,0,1,[3 2 1],952.5,0.5,0.5,0.08506892526648213,SI,[3 1 2],52.5,10,996.6999999999971,0.0,False,7
36,0,2,[3 2 1],952.5,0.5,0.5,0.3262865994797748,SI,[3 1 2],52.5,10,996.6999999999971,0.0,False,7
36,0,3,[3 2 1],952.5,0.5,0.5,0.43418119212470907,SI,[3 1 2],52.5,10,996.6999999999971,0.0,False,7
36,0,4,[3 2 1],952.5,0.5,0.5,0.08871821419222425,SI,[3 1 2],52.5,10,996.6999999999971,0.0,False,7
37,0,0,[3 2 1],952.5,0.5,0.5,0.010695637525877877,SI,[3 1 2],52.5,10,996.6999999999971,0.0,False,7
37,0,1,[3 2 1],952.5,0.5,0.5,0.29312504770293113,SI,[3 1 2],52.5,10,996.6999999999971,0.0,False,7
37,0,2,[3 2 1],952.5,0.5,0.5,0.2482916099047635,SI,[3 1 2],52.5,10,996.6999999999971,0.0,False,7
37,0,3,[3 2 1],952.5,0.5,0.5,0.3851426474665909,SI,[3 1 2],52.5,10,996.6999999999971,0.0,False,7
37,0,4,[3 2 1],952.5,0.5,0.5,0.5981401038277249,MI,[1 2 3],89.0,10,979.5999999999985,0.0,False,7
38,0,0,[3 2 1],952.5,0.5,0.5,0.06970499766471949,SI,[3 1 2],52.5,10,996.6999999999971,0.0,False,7
38,0,1,[3 2 1],952.5,0.5,0.5,0.127842951529612,SI,[3 1 2],52.5,10,996.6999999999971,0.0,False,7
38,0,2,[3 2 1],952.5,0.5,0.5,0.4259869129116888,SI,[3 1 2],52.5,10,996.6999999999971,0.0,False,7
38,0,3,[3 2 1],952.5,0.5,0.5,0.1907084461796601,SI,[3 1 2],52.5,10,996.6999999999971,0.0,False,7
38,0,4,[3 2 1],952.5,0.5,0.5,0.45066578033478255,SI,[3 1 2],52.5,10,996.6999999999971,0.0,False,7
39,0,0,[3 2 1],952.5,0.5,0.5,0.38628818805554155,SI,[1 2 3],89.0,10,979.5999999999985,0.0,False,7
39,0,1,[3 2 1],952.5,0.5,0.5,0.4995948489669242,SI,[3 1 2],52.5,10,996.6999999999971,0.0,False,7
39,0,2,[3 2 1],952.5,0.5,0.5,0.32916032949838514,SI,[3 1 2],52.5,10,996.6999999999971,0.0,False,7
39,0,3,[3 2 1],952.5,0.5,0.5,0.11107431492363073,SI,[3 1 2],52.5,10,996.6999999999971,0.0,False,7
39,0,4,[3 2 1],952.5,0.5,0.5,0.2286782855753181,SI,[3 1 2],52.5,10,996.6999999999971,0.0,False,7
40,0,0,[3 2 1],952.5,0.5,0.5,0.29624886044763243,SI,[3 1 2],52.5,10,996.6999999999971,0.0,False,7
40,0,1,[3 2 1],952.5,0.5,0.5,0.31512490995366116,SI,[3 1 2],52.5,10,996.6999999999971,0.0,False,7
40,0,2,[3 2 1],952.5,0.5,0.5,0.34362655955588595,SI,[3 1 2],52.5,10,996.6999999999971,0.0,False,7
40,0,3,[3 2 1],952.5,0.5,0.5,0.3757526310649776,SI,[3 1 2],52.5,10,996.6999999999971,0.0,False,7
40,0,4,[3 2 1],952.5,0.5,0.5,0.39228393208075096,SI,[3 1 2],52.5,10,996.6999999999971,0.0,False,7
41,0,0,[3 2 1],952.5,0.5,0.5,0.8269106616610642,MI,[1 2 3],89.0,10,979.5999999999985,0.0,False,7
41,0,1,[3 2 1],952.5,0.5,0.5,0.4495632177345471,SI,[3 1 2],52.5,10,996.6999999999971,0.0,False,7
41,0,2,[3 2 1],952.5,0.5,0.5,0.08712057394334172,SI,[3 1 2],52.5,10,996.6999999999971,0.0,False,7
41,0,3,[3 2 1],952.5,0.5,0.5,0.1654145905708001,SI,[3 1 2],52.5,10,996.6999999999971,0.0,False,7
41,0,4,[3 2 1],952.5,0.5,0.5,0.3514588896747669,SI,[3 1 2],52.5,10,996.6999999999971,0.0,False,7
42,0,0,[3 2 1],952.5,0.5,0.5,0.17055187795682114,SI,[3 1 2],52.5,10,996.6999999999971,0.0,False,7
42,0,1,[3 2 1],952.5,0.5,0.5,0.07316105116865901,SI,[3 1 2],52.5,10,996.6999999999971,0.0,False,7
42,0,2,[3 2 1],952.5,0.5,0.5,0.8780451685962254,MI,[1 2 3],89.0,10,979.5999999999985,0.0,False,7
42,0,3,[3 2 1],952.5,0.5,0.5,0.15269838230856458,SI,[3 1 2],52.5,10,996.6999999999971,0.0,False,7
42,0,4,[3 2 1],952.5,0.5,0.5,0.15860870492671197,SI,[3 1 2],52.5,10,996.6999999999971,0.0,False,7
43,0,0,[3 2 1],952.5,0.5,0.5,0.30225657811066564,SI,[3 1 2],52.5,10,996.6999999999971,0.0,False,7
43,0,1,[3 2 1],952.5,0.5,0.5,0.12324245413295953,SI,[3 1 2],52.5,10,996.6999999999971,0.0,False,7
43,0,2,[3 2 1],952.5,0.5,0.5,0.7191300753178302,MI,[1 2 3],89.0,10,979.5999999999985,0.0,False,7
43,0,3,[3 2 1],952.5,0.5,0.5,0.15948413458496946,SI,[3 1 2],52.5,10,996.6999999999971,0.0,False,7
43,0,4,[3 2 1],952.5,0.5,0.5,0.17192653078814046,SI,[3 1 2],52.5,10,996.6999999999971,0.0,False,7
44,0,0,[3 2 1],952.5,0.5,0.5,0.4858248687486141,SI,[3 1 2],52.5,10,996.6999999999971,0.0,False,7
44,0,1,[3 2 1],952.5,0.5,0.5,0.2835187993602054,SI,[3 1 2],52.5,10,996.6999999999971,0.0,False,7
44,0,2,[3 2 1],952.5,0.5,0.5,0.8123161311588636,MI,[1 2 3],89.0,10,979.5999999999985,0.0,False,7
44,0,3,[3 2 1],952.5,0.5,0.5,0.1836890408791707,SI,[3 1 2],52.5,10,996.6999999999971,0.0,False,7
44,0,4,[3 2 1],952.5,0.5,0.5,0.06657532789492637,SI,[3 1 2],52.5,10,996.6999999999971,0.0,False,7
45,0,0,[3 2 1],952.5,0.5,0.5,0.036377379693269485,SI,[3 1 2],52.5,10,996.6999999999971,0.0,False,7
45,0,1,[3 2 1],952.5,0.5,0.5,0.25615646458117414,SI,[3 1 2],52.5,10,996.6999999999971,0.0,False,7
45,0,2,[3 2 1],952.5,0.5,0.5,0.17258992518057337,SI,[3 1 2],52.5,10,996.6999999999971,0.0,False,7
45,0,3,[3 2 1],952.5,0.5,0.5,0.22044903965598484,SI,[3 1 2],52.5,10,996.6999999999971,0.0,False,7
45,0,4,[3 2 1],952.5,0.5,0.5,0.3651663659844334,SI,[3 1 2],52.5,10,996.6999999999971,0.0,False,7
46,0,0,[3 2 1],952.5,0.5,0.5,0.3224658005008133,SI,[3 1 2],52.5,10,996.6999999999971,0.0,False,7
46,0,1,[3 2 1],952.5,0.5,0.5,0.08648254431246793,SI,[3 1 2],52.5,10,996.6999999999971,0.0,False,7
46,0,2,[3 2 1],952.5,0.5,0.5,0.5885056697412594,MI,[1 2 3],89.0,10,979.5999999999985,0.0,False,7
46,0,3,[3 2 1],952.5,0.5,0.5,0.47255369031168604,SI,[3 1 2],52.5,10,996.6999999999971,0.0,False,7
46,0,4,[3 2 1],952.5,0.5,0.5,0.14285976628404706,SI,[1 2 3],89.0,10,979.5999999999985,0.0,False,7
47,0,0,[3 2 1],952.5,0.5,0.5,0.40257277426551064,SI,[3 1 2],52.5,10,996.6999999999971,0.0,False,7
47,0,1,[3 2 1],952.5,0.5,0.5,0.17858936446758455,SI,[3 1 2],52.5,10,996.6999999999971,0.0,False,7
47,0,2,[3 2 1],952.5,0.5,0.5,0.255081045296188,SI,[3 1 2],52.5,10,996.6999999999971,0.0,False,7
47,0,3,[3 2 1],952.5,0.5,0.5,0.08804555210883946,SI,[3 1 2],52.5,10,996.6999999999971,0.0,False,7
47,0,4,[3 2 1],952.5,0.5,0.5,0.167855143362592,SI,[3 1 2],52.5,10,996.6999999999971,0.0,False,7
48,0,0,[3 2 1],952.5,0.5,0.5,0.3344493359854448,SI,[3 1 2],52.5,10,996.6999999999971,0.0,False,7
48,0,1,[3 2 1],952.5,0.5,0.5,0.15656560141167497,SI,[3 1 2],52.5,10,996.6999999999971,0.0,False,7
48,0,2,[3 2 1],952.5,0.5,0.5,0.3792354347446658,SI,[3 1 2],52.5,10,996.6999999999971,0.0,False,7
48,0,3,[3 2 1],952.5,0.5,0.5,0.13663477469426144,SI,[3 1 2],52.5,10,996.6999999999971,0.0,False,7
48,0,4,[3 2 1],952.5,0.5,0.5,0.458044909874606,SI,[3 1 2],52.5,10,996.6999999999971,0.0,False,7
49,0,0,[3 2 1],952.5,0.5,0.5,0.19181040666288762,SI,[3 1 2],52.5,10,996.6999999999971,0.0,False,7
49,0,1,[3 2 1],952.5,0.5,0.5,0.48692197193676157,SI,[3 1 2],52.5,10,996.6999999999971,0.0,False,7
49,0,2,[3 2 1],952.5,0.5,0.5,0.046188589122770574,SI,[3 1 2],52.5,10,996.6999999999971,0.0,False,7
49,0,3,[3 2 1],952.5,0.5,0.5,0.2932793266795488,SI,[3 1 2],52.5,10,996.6999999999971,0.0,False,7
49,0,4,[3 2 1],952.5,0.5,0.5,0.1645069629956184,SI,[3 1 2],52.5,10,996.6999999999971,0.0,False,7
50,0,0,[3 2 1],952.5,0.5,0.5,0.35185009353060936,SI,[3 1 2],52.5,10,996.6999999999971,0.0,False,7
50,0,1,[3 2 1],952.5,0.5,0.5,0.36770212057404406,SI,[3 1 2],52.5,10,996.6999999999971,0.0,False,7
50,0,2,[3 2 1],952.5,0.5,0.5,0.28094843926677837,SI,[3 1 2],52.5,10,996.6999999999971,0.0,False,7
50,0,3,[3 2 1],952.5,0.5,0.5,0.1736058489844874,SI,[3 1 2],52.5,10,996.6999999999971,0.0,False,7
50,0,4,[3 2 1],952.5,0.5,0.5,0.03994096390740298,SI,[3 1 2],52.5,10,996.6999999999971,0.0,False,7
0,2,0,[1 2],796.3000000000029,0.5,0.5,0.3832585282637727,SI,[2 1],116.90000000000003,10,884.4000000000015,0.0,False,8
0,2,1,[1 2],796.3000000000029,0.5,0.5,0.2976753739324678,SI,[2 1],116.90000000000003,10,884.4000000000015,0.0,False,8
0,2,2,[1 2],796.3000000000029,0.5,0.5,0.12015725133477939,SI,[2 1],116.90000000000003,10,884.4000000000015,0.0,False,8
0,2,3,[1 2],796.3000000000029,0.5,0.5,0.4521919003841882,SI,[2 1],116.90000000000003,10,884.4000000000015,0.0,False,8
0,2,4,[1 2],796.3000000000029,0.5,0.5,0.4271304547696101,SI,[2 1],116.90000000000003,10,884.4000000000015,0.0,False,8
1,0,0,[1 2],796.3000000000029,0.5,0.5,0.19738818661290347,SI,[2 1],116.90000000000003,10,884.4000000000015,0.0,False,8
1,0,1,[1 2],796.3000000000029,0.5,0.5,0.2600090568526774,SI,[2 1],116.90000000000003,10,884.4000000000015,0.0,False,8
1,0,2,[1 2],796.3000000000029,0.5,0.5,0.44065306438038865,SI,[2 1],116.90000000000003,10,884.4000000000015,0.0,False,8
1,0,3,[1 2],796.3000000000029,0.5,0.5,0.10054781468602625,SI,[2 1],116.90000000000003,10,884.4000000000015,0.0,False,8
1,0,4,[1 2],796.3000000000029,0.5,0.5,0.21550012707047805,SI,[2 1],116.90000000000003,10,884.4000000000015,0.0,False,8
2,0,0,[1 2],796.3000000000029,0.5,0.5,0.23319731292980395,SI,[2 1],116.90000000000003,10,884.4000000000015,0.0,False,8
2,0,1,[1 2],796.3000000000029,0.5,0.5,0.2344021180223863,SI,[2 1],116.90000000000003,10,884.4000000000015,0.0,False,8
2,0,2,[1 2],796.3000000000029,0.5,0.5,0.2604384745775876,SI,[2 1],116.90000000000003,10,884.4000000000015,0.0,False,8
2,0,3,[1 2],796.3000000000029,0.5,0.5,0.4410422650193224,SI,[2 1],116.90000000000003,10,884.4000000000015,0.0,False,8
2,0,4,[1 2],796.3000000000029,0.5,0.5,0.03361300005400336,SI,[2 1],116.90000000000003,10,884.4000000000015,0.0,False,8
3,0,0,[1 2],796.3000000000029,0.5,0.5,0.3856861491868653,SI,[2 1],116.90000000000003,10,884.4000000000015,0.0,False,8
3,0,1,[1 2],796.3000000000029,0.5,0.5,0.271293106385191,SI,[2 1],116.90000000000003,10,884.4000000000015,0.0,False,8
3,0,2,[1 2],796.3000000000029,0.5,0.5,0.48967729876364285,SI,[2 1],116.90000000000003,10,884.4000000000015,0.0,False,8
3,0,3,[1 2],796.3000000000029,0.5,0.5,0.3226431214422518,SI,[2 1],116.90000000000003,10,884.4000000000015,0.0,False,8
3,0,4,[1 2],796.3000000000029,0.5,0.5,0.09246975692427506,SI,[2 1],116.90000000000003,10,884.4000000000015,0.0,False,8
4,0,0,[1 2],796.3000000000029,0.5,0.5,0.17989053684610468,SI,[2 1],116.90000000000003,10,884.4000000000015,0.0,False,8
4,0,1,[1 2],796.3000000000029,0.5,0.5,0.20844054261809897,SI,[2 1],116.90000000000003,10,884.4000000000015,0.0,False,8
4,0,2,[1 2],796.3000000000029,0.5,0.5,0.08478851439742308,SI,[2 1],116.90000000000003,10,884.4000000000015,0.0,False,8
4,0,3,[1 2],796.3000000000029,0.5,0.5,0.35676534553219275,SI,[2 1],116.90000000000003,10,884.4000000000015,0.0,False,8
4,0,4,[1 2],796.3000000000029,0.5,0.5,0.13285750060059676,SI,[2 1],116.90000000000003,10,884.4000000000015,0.0,False,8
5,0,0,[1 2],796.3000000000029,0.5,0.5,0.22205092722047448,SI,[2 1],116.90000000000003,10,884.4000000000015,0.0,False,8
5,0,1,[1 2],796.3000000000029,0.5,0.5,0.18053550554295794,SI,[2 1],116.90000000000003,10,884.4000000000015,0.0,False,8
5,0,2,[1 2],796.3000000000029,0.5,0.5,0.3363654490846403,SI,[2 1],116.90000000000003,10,884.4000000000015,0.0,False,8
5,0,3,[1 2],796.3000000000029,0.5,0.5,0.22371249884328126,SI,[2 1],116.90000000000003,10,884.4000000000015,0.0,False,8
5,0,4,[1 2],796.3000000000029,0.5,0.5,0.05486493087087141,SI,[2 1],116.90000000000003,10,884.4000000000015,0.0,False,8
6,0,0,[1 2],796.3000000000029,0.5,0.5,0.00011218844418714458,SI,[2 1],116.90000000000003,10,884.4000000000015,0.0,False,8
6,0,1,[1 2],796.3000000000029,0.5,0.5,0.00860476228579976,SI,[2 1],116.90000000000003,10,884.4000000000015,0.0,False,8
6,0,2,[1 2],796.3000000000029,0.5,0.5,0.21902485732411803,SI,[2 1],116.90000000000003,10,884.4000000000015,0.0,False,8
6,0,3,[1 2],796.3000000000029,0.5,0.5,0.4979345812726176,SI,[2 1],116.90000000000003,10,884.4000000000015,0.0,False,8
6,0,4,[1 2],796.3000000000029,0.5,0.5,0.3403585619387619,SI,[2 1],116.90000000000003,10,884.4000000000015,0.0,False,8
7,0,0,[1 2],796.3000000000029,0.5,0.5,0.4598599724402326,SI,[2 1],116.90000000000003,10,884.4000000000015,0.0,False,8
7,0,1,[1 2],796.3000000000029,0.5,0.5,0.3324060078985701,SI,[2 1],116.90000000000003,10,884.4000000000015,0.0,False,8
7,0,2,[1 2],796.3000000000029,0.5,0.5,0.09485054138082194,SI,[2 1],116.90000000000003,10,884.4000000000015,0.0,False,8
7,0,3,[1 2],796.3000000000029,0.5,0.5,0.10187477653142252,SI,[2 1],116.90000000000003,10,884.4000000000015,0.0,False,8
7,0,4,[1 2],796.3000000000029,0.5,0.5,0.46636941680027555,SI,[2 1],116.90000000000003,10,884.4000000000015,0.0,False,8
8,0,0,[1 2],796.3000000000029,0.5,0.5,0.22390856404284776,SI,[2 1],116.90000000000003,10,884.4000000000015,0.0,False,8
8,0,1,[1 2],796.3000000000029,0.5,0.5,0.23665748441182832,SI,[2 1],116.90000000000003,10,884.4000000000015,0.0,False,8
8,0,2,[1 2],796.3000000000029,0.5,0.5,0.03894269749427737,SI,[2 1],116.90000000000003,10,884.4000000000015,0.0,False,8
8,0,3,[1 2],796.3000000000029,0.5,0.5,0.2336378864719666,SI,[2 1],116.90000000000003,10,884.4000000000015,0.0,False,8
8,0,4,[1 2],796.3000000000029,0.5,0.5,0.00994877622609558,SI,[2 1],116.90000000000003,10,884.4000000000015,0.0,False,8
9,0,0,[1 2],796.3000000000029,0.5,0.5,0.006654507434693091,SI,[2 1],116.90000000000003,10,884.4000000000015,0.0,False,8
9,0,1,[1 2],796.3000000000029,0.5,0.5,0.3943413842115975,SI,[2 1],116.90000000000003,10,884.4000000000015,0.0,False,8
9,0,2,[1 2],796.3000000000029,0.5,0.5,0.4219029873522069,SI,[2 1],116.90000000000003,10,884.4000000000015,0.0,False,8
9,0,3,[1 2],796.3000000000029,0.5,0.5,0.19988424002365768,SI,[2 1],116.90000000000003,10,884.4000000000015,0.0,False,8
9,0,4,[1 2],796.3000000000029,0.5,0.5,0.014167429339397408,SI,[2 1],116.90000000000003,10,884.4000000000015,0.0,False,8
10,0,0,[1 2],796.3000000000029,0.5,0.5,0.28560601353571535,SI,[2 1],116.90000000000003,10,884.4000000000015,0.0,False,8
10,0,1,[1 2],796.3000000000029,0.5,0.5,0.3628106058458088,SI,[2 1],116.90000000000003,10,884.4000000000015,0.0,False,8
10,0,2,[1 2],796.3000000000029,0.5,0.5,0.2697874748577772,SI,[2 1],116.90000000000003,10,884.4000000000015,0.0,False,8
10,0,3,[1 2],796.3000000000029,0.5,0.5,0.4495147103730741,SI,[2 1],116.90000000000003,10,884.4000000000015,0.0,False,8
10,0,4,[1 2],796.3000000000029,0.5,0.5,0.4105688368651679,SI,[2 1],116.90000000000003,10,884.4000000000015,0.0,False,8
11,0,0,[1 2],796.3000000000029,0.5,0.5,0.3462352557926097,SI,[2 1],116.90000000000003,10,884.4000000000015,0.0,False,8
11,0,1,[1 2],796.3000000000029,0.5,0.5,0.34618901976223415,SI,[2 1],116.90000000000003,10,884.4000000000015,0.0,False,8
11,0,2,[1 2],796.3000000000029,0.5,0.5,0.31408650020180784,SI,[2 1],116.90000000000003,10,884.4000000000015,0.0,False,8
11,0,3,[1 2],796.3000000000029,0.5,0.5,0.17045826154276034,SI,[2 1],116.90000000000003,10,884.4000000000015,0.0,False,8
11,0,4,[1 2],796.3000000000029,0.5,0.5,0.15434013688990766,SI,[2 1],116.90000000000003,10,884.4000000000015,0.0,False,8
12,0,0,[1 2],796.3000000000029,0.5,0.5,0.19966455135649752,SI,[2 1],116.90000000000003,10,884.4000000000015,0.0,False,8
12,0,1,[1 2],796.3000000000029,0.5,0.5,0.28987992436969157,SI,[2 1],116.90000000000003,10,884.4000000000015,0.0,False,8
12,0,2,[1 2],796.3000000000029,0.5,0.5,0.06578377240430877,SI,[2 1],116.90000000000003,10,884.4000000000015,0.0,False,8
12,0,3,[1 2],796.3000000000029,0.5,0.5,0.05294018929215294,SI,[2 1],116.90000000000003,10,884.4000000000015,0.0,False,8
12,0,4,[1 2],796.3000000000029,0.5,0.5,0.23212675906407854,SI,[2 1],116.90000000000003,10,884.4000000000015,0.0,False,8
13,0,0,[1 2],796.3000000000029,0.5,0.5,0.1574053099603614,SI,[2 1],116.90000000000003,10,884.4000000000015,0.0,False,8
13,0,1,[1 2],796.3000000000029,0.5,0.5,0.3784899999395275,SI,[2 1],116.90000000000003,10,884.4000000000015,0.0,False,8
13,0,2,[1 2],796.3000000000029,0.5,0.5,0.09087533440296991,SI,[2 1],116.90000000000003,10,884.4000000000015,0.0,False,8
13,0,3,[1 2],796.3000000000029,0.5,0.5,0.012480036439972086,SI,[2 1],116.90000000000003,10,884.4000000000015,0.0,False,8
13,0,4,[1 2],796.3000000000029,0.5,0.5,0.19736284682036398,SI,[2 1],116.90000000000003,10,884.4000000000015,0.0,False,8
14,0,0,[1 2],796.3000000000029,0.5,0.5,0.06386706427193056,SI,[2 1],116.90000000000003,10,884.4000000000015,0.0,False,8
14,0,1,[1 2],796.3000000000029,0.5,0.5,0.36694035162119487,SI,[2 1],116.90000000000003,10,884.4000000000015,0.0,False,8
14,0,2,[1 2],796.3000000000029,0.5,0.5,0.20946875420482414,SI,[2 1],116.90000000000003,10,884.4000000000015,0.0,False,8
14,0,3,[1 2],796.3000000000029,0.5,0.5,0.06125940080288916,SI,[2 1],116.90000000000003,10,884.4000000000015,0.0,False,8
14,0,4,[1 2],796.3000000000029,0.5,0.5,0.29012408780861676,SI,[2 1],116.90000000000003,10,884.4000000000015,0.0,False,8
15,0,0,[1 2],796.3000000000029,0.5,0.5,0.27425133070510643,SI,[2 1],116.90000000000003,10,884.4000000000015,0.0,False,8
15,0,1,[1 2],796.3000000000029,0.5,0.5,0.2608005534610045,SI,[2 1],116.90000000000003,10,884.4000000000015,0.0,False,8
15,0,2,[1 2],796.3000000000029,0.5,0.5,0.3676793238664968,SI,[2 1],116.90000000000003,10,884.4000000000015,0.0,False,8
15,0,3,[1 2],796.3000000000029,0.5,0.5,0.49373862779537336,SI,[2 1],116.90000000000003,10,884.4000000000015,0.0,False,8
15,0,4,[1 2],796.3000000000029,0.5,0.5,0.12100624068853783,SI,[2 1],116.90000000000003,10,884.4000000000015,0.0,False,8
16,0,0,[1 2],796.3000000000029,0.5,0.5,0.22870041783886974,SI,[2 1],116.90000000000003,10,884.4000000000015,0.0,False,8
16,0,1,[1 2],796.3000000000029,0.5,0.5,0.3757125082556404,SI,[2 1],116.90000000000003,10,884.4000000000015,0.0,False,8
16,0,2,[1 2],796.3000000000029,0.5,0.5,0.3097626819660355,SI,[2 1],116.90000000000003,10,884.4000000000015,0.0,False,8
16,0,3,[1 2],796.3000000000029,0.5,0.5,0.32871038318310075,SI,[2 1],116.90000000000003,10,884.4000000000015,0.0,False,8
16,0,4,[1 2],796.3000000000029,0.5,0.5,0.47601699432060585,SI,[2 1],116.90000000000003,10,884.4000000000015,0.0,False,8
17,0,0,[1 2],796.3000000000029,0.5,0.5,0.15340741924725043,SI,[2 1],116.90000000000003,10,884.4000000000015,0.0,False,8
17,0,1,[1 2],796.3000000000029,0.5,0.5,0.08674844162222484,SI,[2 1],116.90000000000003,10,884.4000000000015,0.0,False,8
17,0,2,[1 2],796.3000000000029,0.5,0.5,0.46493017869008624,SI,[2 1],116.90000000000003,10,884.4000000000015,0.0,False,8
17,0,3,[1 2],796.3000000000029,0.5,0.5,0.2531377064283179,SI,[2 1],116.90000000000003,10,884.4000000000015,0.0,False,8
17,0,4,[1 2],796.3000000000029,0.5,0.5,0.19385234141331142,SI,[2 1],116.90000000000003,10,884.4000000000015,0.0,False,8
18,0,0,[1 2],796.3000000000029,0.5,0.5,0.20873499334680945,SI,[2 1],116.90000000000003,10,884.4000000000015,0.0,False,8
18,0,1,[1 2],796.3000000000029,0.5,0.5,0.07498369206629851,SI,[2 1],116.90000000000003,10,884.4000000000015,0.0,False,8
18,0,2,[1 2],796.3000000000029,0.5,0.5,0.29798343970602903,SI,[2 1],116.90000000000003,10,884.4000000000015,0.0,False,8
18,0,3,[1 2],796.3000000000029,0.5,0.5,0.1008094141006265,SI,[2 1],116.90000000000003,10,884.4000000000015,0.0,False,8
18,0,4,[1 2],796.3000000000029,0.5,0.5,0.010353356705489203,SI,[2 1],116.90000000000003,10,884.4000000000015,0.0,False,8
19,0,0,[1 2],796.3000000000029,0.5,0.5,0.3686455175021035,SI,[2 1],116.90000000000003,10,884.4000000000015,0.0,False,8
19,0,1,[1 2],796.3000000000029,0.5,0.5,0.268295290722939,SI,[2 1],116.90000000000003,10,884.4000000000015,0.0,False,8
19,0,2,[1 2],796.3000000000029,0.5,0.5,0.11024682239635697,SI,[2 1],116.90000000000003,10,884.4000000000015,0.0,False,8
19,0,3,[1 2],796.3000000000029,0.5,0.5,0.0008711419929281483,SI,[2 1],116.90000000000003,10,884.4000000000015,0.0,False,8
19,0,4,[1 2],796.3000000000029,0.5,0.5,0.24310480551600067,SI,[2 1],116.90000000000003,10,884.4000000000015,0.0,False,8
20,0,0,[1 2],796.3000000000029,0.5,0.5,0.3944461048368646,SI,[2 1],116.90000000000003,10,884.4000000000015,0.0,False,8
20,0,1,[1 2],796.3000000000029,0.5,0.5,0.33247738843693786,SI,[2 1],116.90000000000003,10,884.4000000000015,0.0,False,8
20,0,2,[1 2],796.3000000000029,0.5,0.5,0.15057777882176326,SI,[2 1],116.90000000000003,10,884.4000000000015,0.0,False,8
20,0,3,[1 2],796.3000000000029,0.5,0.5,0.004179515275466783,SI,[2 1],116.90000000000003,10,884.4000000000015,0.0,False,8
20,0,4,[1 2],796.3000000000029,0.5,0.5,0.1850993928001471,SI,[2 1],116.90000000000003,10,884.4000000000015,0.0,False,8
21,0,0,[1 2],796.3000000000029,0.5,0.5,0.18917577664746577,SI,[2 1],116.90000000000003,10,884.4000000000015,0.0,False,8
21,0,1,[1 2],796.3000000000029,0.5,0.5,0.3662604625110647,SI,[2 1],116.90000000000003,10,884.4000000000015,0.0,False,8
21,0,2,[1 2],796.3000000000029,0.5,0.5,0.2435730003042058,SI,[2 1],116.90000000000003,10,884.4000000000015,0.0,False,8
21,0,3,[1 2],796.3000000000029,0.5,0.5,0.3925723000390142,SI,[2 1],116.90000000000003,10,884.4000000000015,0.0,False,8
21,0,4,[1 2],796.3000000000029,0.5,0.5,0.3062167609961929,SI,[2 1],116.90000000000003,10,884.4000000000015,0.0,False,8
22,0,0,[1 2],796.3000000000029,0.5,0.5,0.16953215431659974,SI,[2 1],116.90000000000003,10,884.4000000000015,0.0,False,8
22,0,1,[1 2],796.3000000000029,0.5,0.5,0.4514990302172852,SI,[2 1],116.90000000000003,10,884.4000000000015,0.0,False,8
22,0,2,[1 2],796.3000000000029,0.5,0.5,0.2936596363651506,SI,[2 1],116.90000000000003,10,884.4000000000015,0.0,False,8
22,0,3,[1 2],796.3000000000029,0.5,0.5,0.3695347561912997,SI,[2 1],116.90000000000003,10,884.4000000000015,0.0,False,8
22,0,4,[1 2],796.3000000000029,0.5,0.5,0.20091563533113588,SI,[2 1],116.90000000000003,10,884.4000000000015,0.0,False,8
23,0,0,[1 2],796.3000000000029,0.5,0.5,0.461660110316918,SI,[2 1],116.90000000000003,10,884.4000000000015,0.0,False,8
23,0,1,[1 2],796.3000000000029,0.5,0.5,0.3085377087300022,SI,[2 1],116.90000000000003,10,884.4000000000015,0.0,False,8
23,0,2,[1 2],796.3000000000029,0.5,0.5,0.43512492156010474,SI,[2 1],116.90000000000003,10,884.4000000000015,0.0,False,8
23,0,3,[1 2],796.3000000000029,0.5,0.5,0.4399025079161566,SI,[2 1],116.90000000000003,10,884.4000000000015,0.0,False,8
23,0,4,[1 2],796.3000000000029,0.5,0.5,0.4971873626781248,SI,[2 1],116.90000000000003,10,884.4000000000015,0.0,False,8
24,0,0,[1 2],796.3000000000029,0.5,0.5,0.04374445616775857,SI,[2 1],116.90000000000003,10,884.4000000000015,0.0,False,8
24,0,1,[1 2],796.3000000000029,0.5,0.5,0.16526160004201895,SI,[2 1],116.90000000000003,10,884.4000000000015,0.0,False,8
24,0,2,[1 2],796.3000000000029,0.5,0.5,0.1468304922994914,SI,[2 1],116.90000000000003,10,884.4000000000015,0.0,False,8
24,0,3,[1 2],796.3000000000029,0.5,0.5,0.275733816565942,SI,[2 1],116.90000000000003,10,884.4000000000015,0.0,False,8
24,0,4,[1 2],796.3000000000029,0.5,0.5,0.042120011278455105,SI,[2 1],116.90000000000003,10,884.4000000000015,0.0,False,8
25,0,0,[1 2],796.3000000000029,0.5,0.5,0.2928818878142172,SI,[2 1],116.90000000000003,10,884.4000000000015,0.0,False,8
25,0,1,[1 2],796.3000000000029,0.5,0.5,0.14832387049274076,SI,[2 1],116.90000000000003,10,884.4000000000015,0.0,False,8
25,0,2,[1 2],796.3000000000029,0.5,0.5,0.08345003581266774,SI,[2 1],116.90000000000003,10,884.4000000000015,0.0,False,8
25,0,3,[1 2],796.3000000000029,0.5,0.5,0.1801159615383351,SI,[2 1],116.90000000000003,10,884.4000000000015,0.0,False,8
25,0,4,[1 2],796.3000000000029,0.5,0.5,0.22177456472489143,SI,[2 1],116.90000000000003,10,884.4000000000015,0.0,False,8
26,0,0,[1 2],796.3000000000029,0.5,0.5,0.00806142540009902,SI,[2 1],116.90000000000003,10,884.4000000000015,0.0,False,8
26,0,1,[1 2],796.3000000000029,0.5,0.5,0.09172613047662781,SI,[2 1],116.90000000000003,10,884.4000000000015,0.0,False,8
26,0,2,[1 2],796.3000000000029,0.5,0.5,0.20599493455103823,SI,[2 1],116.90000000000003,10,884.4000000000015,0.0,False,8
26,0,3,[1 2],796.3000000000029,0.5,0.5,0.24124831429790905,SI,[2 1],116.90000000000003,10,884.4000000000015,0.0,False,8
26,0,4,[1 2],796.3000000000029,0.5,0.5,0.2316577222969648,SI,[2 1],116.90000000000003,10,884.4000000000015,0.0,False,8
27,0,0,[1 2],796.3000000000029,0.5,0.5,0.3985162707700963,SI,[2 1],116.90000000000003,10,884.4000000000015,0.0,False,8
27,0,1,[1 2],796.3000000000029,0.5,0.5,0.019023771515565224,SI,[2 1],116.90000000000003,10,884.4000000000015,0.0,False,8
27,0,2,[1 2],796.3000000000029,0.5,0.5,0.46260897587317273,SI,[2 1],116.90000000000003,10,884.4000000000015,0.0,False,8
27,0,3,[1 2],796.3000000000029,0.5,0.5,0.3156686475539915,SI,[2 1],116.90000000000003,10,884.4000000000015,0.0,False,8
27,0,4,[1 2],796.3000000000029,0.5,0.5,0.04548731823239405,SI,[2 1],116.90000000000003,10,884.4000000000015,0.0,False,8
28,0,0,[1 2],796.3000000000029,0.5,0.5,0.22188243469908098,SI,[2 1],116.90000000000003,10,884.4000000000015,0.0,False,8
28,0,1,[1 2],796.3000000000029,0.5,0.5,0.41222453509375956,SI,[2 1],116.90000000000003,10,884.4000000000015,0.0,False,8
28,0,2,[1 2],796.3000000000029,0.5,0.5,0.46390522055579375,SI,[2 1],116.90000000000003,10,884.4000000000015,0.0,False,8
28,0,3,[1 2],796.3000000000029,0.5,0.5,0.48370355906770046,SI,[2 1],116.90000000000003,10,884.4000000000015,0.0,False,8
28,0,4,[1 2],796.3000000000029,0.5,0.5,0.09790811818337175,SI,[2 1],116.90000000000003,10,884.4000000000015,0.0,False,8
29,0,0,[1 2],796.3000000000029,0.5,0.5,0.43631858450902805,SI,[2 1],116.90000000000003,10,884.4000000000015,0.0,False,8
29,0,1,[1 2],796.3000000000029,0.5,0.5,0.37832104073332007,SI,[2 1],116.90000000000003,10,884.4000000000015,0.0,False,8
29,0,2,[1 2],796.3000000000029,0.5,0.5,0.16071976109833197,SI,[2 1],116.90000000000003,10,884.4000000000015,0.0,False,8
29,0,3,[1 2],796.3000000000029,0.5,0.5,0.07592842831439306,SI,[2 1],116.90000000000003,10,884.4000000000015,0.0,False,8
29,0,4,[1 2],796.3000000000029,0.5,0.5,0.008871607420891214,SI,[2 1],116.90000000000003,10,884.4000000000015,0.0,False,8
30,0,0,[1 2],796.3000000000029,0.5,0.5,0.027028061512842316,SI,[2 1],116.90000000000003,10,884.4000000000015,0.0,False,8
30,0,1,[1 2],796.3000000000029,0.5,0.5,0.48043489624301094,SI,[2 1],116.90000000000003,10,884.4000000000015,0.0,False,8
30,0,2,[1 2],796.3000000000029,0.5,0.5,0.29209897750992486,SI,[2 1],116.90000000000003,10,884.4000000000015,0.0,False,8
30,0,3,[1 2],796.3000000000029,0.5,0.5,0.15593455690375446,SI,[2 1],116.90000000000003,10,884.4000000000015,0.0,False,8
30,0,4,[1 2],796.3000000000029,0.5,0.5,0.30417616101826295,SI,[2 1],116.90000000000003,10,884.4000000000015,0.0,False,8
31,0,0,[1 2],796.3000000000029,0.5,0.5,0.31530396777598835,SI,[2 1],116.90000000000003,10,884.4000000000015,0.0,False,8
31,0,1,[1 2],796.3000000000029,0.5,0.5,0.47860986024223406,SI,[2 1],116.90000000000003,10,884.4000000000015,0.0,False,8
31,0,2,[1 2],796.3000000000029,0.5,0.5,0.15963562983201307,SI,[2 1],116.90000000000003,10,884.4000000000015,0.0,False,8
31,0,3,[1 2],796.3000000000029,0.5,0.5,0.2156373373734426,SI,[2 1],116.90000000000003,10,884.4000000000015,0.0,False,8
31,0,4,[1 2],796.3000000000029,0.5,0.5,0.24140934985462204,SI,[2 1],116.90000000000003,10,884.4000000000015,0.0,False,8
32,0,0,[1 2],796.3000000000029,0.5,0.5,0.021027379790278466,SI,[2 1],116.90000000000003,10,884.4000000000015,0.0,False,8
32,0,1,[1 2],796.3000000000029,0.5,0.5,0.47455575336747546,SI,[2 1],116.90000000000003,10,884.4000000000015,0.0,False,8
32,0,2,[1 2],796.3000000000029,0.5,0.5,0.16642834130353978,SI,[2 1],116.90000000000003,10,884.4000000000015,0.0,False,8
32,0,3,[1 2],796.3000000000029,0.5,0.5,0.38759902016789716,SI,[2 1],116.90000000000003,10,884.4000000000015,0.0,False,8
32,0,4,[1 2],796.3000000000029,0.5,0.5,0.06266948260729155,SI,[2 1],116.90000000000003,10,884.4000000000015,0.0,False,8
33,0,0,[1 2],796.3000000000029,0.5,0.5,0.46280030979995357,SI,[2 1],116.90000000000003,10,884.4000000000015,0.0,False,8
33,0,1,[1 2],796.3000000000029,0.5,0.5,0.34260432703122,SI,[2 1],116.90000000000003,10,884.4000000000015,0.0,False,8
33,0,2,[1 2],796.3000000000029,0.5,0.5,0.45300949255981304,SI,[2 1],116.90000000000003,10,884.4000000000015,0.0,False,8
33,0,3,[1 2],796.3000000000029,0.5,0.5,0.2950725128661913,SI,[2 1],116.90000000000003,10,884.4000000000015,0.0,False,8
33,0,4,[1 2],796.3000000000029,0.5,0.5,0.1601947923000151,SI,[2 1],116.90000000000003,10,884.4000000000015,0.0,False,8
34,0,0,[1 2],796.3000000000029,0.5,0.5,0.1728786981528293,SI,[2 1],116.90000000000003,10,884.4000000000015,0.0,False,8
34,0,1,[1 2],796.3000000000029,0.5,0.5,0.3615918007572436,SI,[2 1],116.90000000000003,10,884.4000000000015,0.0,False,8
34,0,2,[1 2],796.3000000000029,0.5,0.5,0.3477848251728187,SI,[2 1],116.90000000000003,10,884.4000000000015,0.0,False,8
34,0,3,[1 2],796.3000000000029,0.5,0.5,0.48931594046670035,SI,[2 1],116.90000000000003,10,884.4000000000015,0.0,False,8
34,0,4,[1 2],796.3000000000029,0.5,0.5,0.3145213841082063,SI,[2 1],116.90000000000003,10,884.4000000000015,0.0,False,8
35,0,0,[1 2],796.3000000000029,0.5,0.5,0.09073743598471828,SI,[2 1],116.90000000000003,10,884.4000000000015,0.0,False,8
35,0,1,[1 2],796.3000000000029,0.5,0.5,0.3694476165014495,SI,[2 1],116.90000000000003,10,884.4000000000015,0.0,False,8
35,0,2,[1 2],796.3000000000029,0.5,0.5,0.30274363921643266,SI,[2 1],116.90000000000003,10,884.4000000000015,0.0,False,8
35,0,3,[1 2],796.3000000000029,0.5,0.5,0.4468931925904115,SI,[2 1],116.90000000000003,10,884.4000000000015,0.0,False,8
35,0,4,[1 2],796.3000000000029,0.5,0.5,0.09685273589959997,SI,[2 1],116.90000000000003,10,884.4000000000015,0.0,False,8
36,0,0,[1 2],796.3000000000029,0.5,0.5,0.27401246401916257,SI,[2 1],116.90000000000003,10,884.4000000000015,0.0,False,8
36,0,1,[1 2],796.3000000000029,0.5,0.5,0.47821590830226424,SI,[2 1],116.90000000000003,10,884.4000000000015,0.0,False,8
36,0,2,[1 2],796.3000000000029,0.5,0.5,0.016923538545813854,SI,[2 1],116.90000000000003,10,884.4000000000015,0.0,False,8
36,0,3,[1 2],796.3000000000029,0.5,0.5,0.45265975020812654,SI,[2 1],116.90000000000003,10,884.4000000000015,0.0,False,8
36,0,4,[1 2],796.3000000000029,0.5,0.5,0.2890628301545455,SI,[2 1],116.90000000000003,10,884.4000000000015,0.0,False,8
37,0,0,[1 2],796.3000000000029,0.5,0.5,0.39634769009411397,SI,[2 1],116.90000000000003,10,884.4000000000015,0.0,False,8
37,0,1,[1 2],796.3000000000029,0.5,0.5,0.10974352437828727,SI,[2 1],116.90000000000003,10,884.4000000000015,0.0,False,8
37,0,2,[1 2],796.3000000000029,0.5,0.5,0.005235870427585332,SI,[2 1],116.90000000000003,10,884.4000000000015,0.0,False,8
37,0,3,[1 2],796.3000000000029,0.5,0.5,0.2304284084918945,SI,[2 1],116.90000000000003,10,884.4000000000015,0.0,False,8
37,0,4,[1 2],796.3000000000029,0.5,0.5,0.4640028129709711,SI,[2 1],116.90000000000003,10,884.4000000000015,0.0,False,8
38,0,0,[1 2],796.3000000000029,0.5,0.5,0.3534122065790142,SI,[2 1],116.90000000000003,10,884.4000000000015,0.0,False,8
38,0,1,[1 2],796.3000000000029,0.5,0.5,0.014769622719012276,SI,[2 1],116.90000000000003,10,884.4000000000015,0.0,False,8
38,0,2,[1 2],796.3000000000029,0.5,0.5,0.45728368123858676,SI,[2 1],116.90000000000003,10,884.4000000000015,0.0,False,8
38,0,3,[1 2],796.3000000000029,0.5,0.5,0.46006853873251863,SI,[2 1],116.90000000000003,10,884.4000000000015,0.0,False,8
38,0,4,[1 2],796.3000000000029,0.5,0.5,0.37561897034167724,SI,[2 1],116.90000000000003,10,884.4000000000015,0.0,False,8
39,0,0,[1 2],796.3000000000029,0.5,0.5,0.006367505766447623,SI,[2 1],116.90000000000003,10,884.4000000000015,0.0,False,8
39,0,1,[1 2],796.3000000000029,0.5,0.5,0.08632814302312286,SI,[2 1],116.90000000000003,10,884.4000000000015,0.0,False,8
39,0,2,[1 2],796.3000000000029,0.5,0.5,0.2968387267979362,SI,[2 1],116.90000000000003,10,884.4000000000015,0.0,False,8
39,0,3,[1 2],796.3000000000029,0.5,0.5,0.3845184026337738,SI,[2 1],116.90000000000003,10,884.4000000000015,0.0,False,8
39,0,4,[1 2],796.3000000000029,0.5,0.5,0.3672462579638497,SI,[2 1],116.90000000000003,10,884.4000000000015,0.0,False,8
40,0,0,[1 2],796.3000000000029,0.5,0.5,0.16252492915182615,SI,[2 1],116.90000000000003,10,884.4000000000015,0.0,False,8
40,0,1,[1 2],796.3000000000029,0.5,0.5,0.13408828016684082,SI,[2 1],116.90000000000003,10,884.4000000000015,0.0,False,8
40,0,2,[1 2],796.3000000000029,0.5,0.5,0.2631121619568988,SI,[2 1],116.90000000000003,10,884.4000000000015,0.0,False,8
40,0,3,[1 2],796.3000000000029,0.5,0.5,0.2724492343932461,SI,[2 1],116.90000000000003,10,884.4000000000015,0.0,False,8
40,0,4,[1 2],796.3000000000029,0.5,0.5,0.48965951341085223,SI,[2 1],116.90000000000003,10,884.4000000000015,0.0,False,8
41,0,0,[1 2],796.3000000000029,0.5,0.5,0.4677116753509072,SI,[2 1],116.90000000000003,10,884.4000000000015,0.0,False,8
41,0,1,[1 2],796.3000000000029,0.5,0.5,0.039776645435831814,SI,[2 1],116.90000000000003,10,884.4000000000015,0.0,False,8
41,0,2,[1 2],796.3000000000029,0.5,0.5,0.46963923044198086,SI,[2 1],116.90000000000003,10,884.4000000000015,0.0,False,8
41,0,3,[1 2],796.3000000000029,0.5,0.5,0.04020472611690262,SI,[2 1],116.90000000000003,10,884.4000000000015,0.0,False,8
41,0,4,[1 2],796.3000000000029,0.5,0.5,0.48371797452138776,SI,[2 1],116.90000000000003,10,884.4000000000015,0.0,False,8
42,0,0,[1 2],796.3000000000029,0.5,0.5,0.3503706390407675,SI,[2 1],116.90000000000003,10,884.4000000000015,0.0,False,8
42,0,1,[1 2],796.3000000000029,0.5,0.5,0.3809784688173985,SI,[2 1],116.90000000000003,10,884.4000000000015,0.0,False,8
42,0,2,[1 2],796.3000000000029,0.5,0.5,0.3579722247448015,SI,[2 1],116.90000000000003,10,884.4000000000015,0.0,False,8
42,0,3,[1 2],796.3000000000029,0.5,0.5,0.3329708014155255,SI,[2 1],116.90000000000003,10,884.4000000000015,0.0,False,8
42,0,4,[1 2],796.3000000000029,0.5,0.5,0.2406563399420294,SI,[2 1],116.90000000000003,10,884.4000000000015,0.0,False,8
43,0,0,[1 2],796.3000000000029,0.5,0.5,0.011078385348672781,SI,[2 1],116.90000000000003,10,884.4000000000015,0.0,False,8
43,0,1,[1 2],796.3000000000029,0.5,0.5,0.2870569967006482,SI,[2 1],116.90000000000003,10,884.4000000000015,0.0,False,8
43,0,2,[1 2],796.3000000000029,0.5,0.5,0.23824501620186078,SI,[2 1],116.90000000000003,10,884.4000000000015,0.0,False,8
43,0,3,[1 2],796.3000000000029,0.5,0.5,0.47646331189845803,SI,[2 1],116.90000000000003,10,884.4000000000015,0.0,False,8
43,0,4,[1 2],796.3000000000029,0.5,0.5,0.18273733925178814,SI,[2 1],116.90000000000003,10,884.4000000000015,0.0,False,8
44,0,0,[1 2],796.3000000000029,0.5,0.5,0.20438354490969035,SI,[2 1],116.90000000000003,10,884.4000000000015,0.0,False,8
44,0,1,[1 2],796.3000000000029,0.5,0.5,0.4716705830749317,SI,[2 1],116.90000000000003,10,884.4000000000015,0.0,False,8
44,0,2,[1 2],796.3000000000029,0.5,0.5,0.48807806850163793,SI,[2 1],116.90000000000003,10,884.4000000000015,0.0,False,8
44,0,3,[1 2],796.3000000000029,0.5,0.5,0.44138665665241983,SI,[2 1],116.90000000000003,10,884.4000000000015,0.0,False,8
44,0,4,[1 2],796.3000000000029,0.5,0.5,0.05934010703762305,SI,[2 1],116.90000000000003,10,884.4000000000015,0.0,False,8
45,0,0,[1 2],796.3000000000029,0.5,0.5,0.12294229400382006,SI,[2 1],116.90000000000003,10,884.4000000000015,0.0,False,8
45,0,1,[1 2],796.3000000000029,0.5,0.5,0.2502097107147072,SI,[2 1],116.90000000000003,10,884.4000000000015,0.0,False,8
45,0,2,[1 2],796.3000000000029,0.5,0.5,0.053627546108504065,SI,[2 1],116.90000000000003,10,884.4000000000015,0.0,False,8
45,0,3,[1 2],796.3000000000029,0.5,0.5,0.4704252662838775,SI,[2 1],116.90000000000003,10,884.4000000000015,0.0,False,8
45,0,4,[1 2],796.3000000000029,0.5,0.5,0.46839063219381494,SI,[2 1],116.90000000000003,10,884.4000000000015,0.0,False,8
46,0,0,[1 2],796.3000000000029,0.5,0.5,0.489257631803824,SI,[2 1],116.90000000000003,10,884.4000000000015,0.0,False,8
46,0,1,[1 2],796.3000000000029,0.5,0.5,0.475507829472528,SI,[2 1],116.90000000000003,10,884.4000000000015,0.0,False,8
46,0,2,[1 2],796.3000000000029,0.5,0.5,0.40792729291306407,SI,[2 1],116.90000000000003,10,884.4000000000015,0.0,False,8
46,0,3,[1 2],796.3000000000029,0.5,0.5,0.28180955954640385,SI,[2 1],116.90000000000003,10,884.4000000000015,0.0,False,8
46,0,4,[1 2],796.3000000000029,0.5,0.5,0.46371966058372227,SI,[2 1],116.90000000000003,10,884.4000000000015,0.0,False,8
47,0,0,[1 2],796.3000000000029,0.5,0.5,0.25338565260010093,SI,[2 1],116.90000000000003,10,884.4000000000015,0.0,False,8
47,0,1,[1 2],796.3000000000029,0.5,0.5,0.10413552239916735,SI,[2 1],116.90000000000003,10,884.4000000000015,0.0,False,8
47,0,2,[1 2],796.3000000000029,0.5,0.5,0.4480894345902078,SI,[2 1],116.90000000000003,10,884.4000000000015,0.0,False,8
47,0,3,[1 2],796.3000000000029,0.5,0.5,0.10083992447411982,SI,[2 1],116.90000000000003,10,884.4000000000015,0.0,False,8
47,0,4,[1 2],796.3000000000029,0.5,0.5,0.477780281383537,SI,[2 1],116.90000000000003,10,884.4000000000015,0.0,False,8
48,0,0,[1 2],796.3000000000029,0.5,0.5,0.051855314013522946,SI,[2 1],116.90000000000003,10,884.4000000000015,0.0,False,8
48,0,1,[1 2],796.3000000000029,0.5,0.5,0.11690129598565646,SI,[2 1],116.90000000000003,10,884.4000000000015,0.0,False,8
48,0,2,[1 2],796.3000000000029,0.5,0.5,0.2162569943829158,SI,[2 1],116.90000000000003,10,884.4000000000015,0.0,False,8
48,0,3,[1 2],796.3000000000029,0.5,0.5,0.14963487007569343,SI,[2 1],116.90000000000003,10,884.4000000000015,0.0,False,8
48,0,4,[1 2],796.3000000000029,0.5,0.5,0.0548473739463996,SI,[2 1],116.90000000000003,10,884.4000000000015,0.0,False,8
49,0,0,[1 2],796.3000000000029,0.5,0.5,0.013683178376670324,SI,[2 1],116.90000000000003,10,884.4000000000015,0.0,False,8
49,0,1,[1 2],796.3000000000029,0.5,0.5,0.4061818462422899,SI,[2 1],116.90000000000003,10,884.4000000000015,0.0,False,8
49,0,2,[1 2],796.3000000000029,0.5,0.5,0.006631011706089374,SI,[2 1],116.90000000000003,10,884.4000000000015,0.0,False,8
49,0,3,[1 2],796.3000000000029,0.5,0.5,0.33012642775837364,SI,[2 1],116.90000000000003,10,884.4000000000015,0.0,False,8
49,0,4,[1 2],796.3000000000029,0.5,0.5,0.2470556847833224,SI,[2 1],116.90000000000003,10,884.4000000000015,0.0,False,8
50,0,0,[1 2],796.3000000000029,0.5,0.5,0.40676960928252004,SI,[2 1],116.90000000000003,10,884.4000000000015,0.0,False,8
50,0,1,[1 2],796.3000000000029,0.5,0.5,0.20980906718629266,SI,[2 1],116.90000000000003,10,884.4000000000015,0.0,False,8
50,0,2,[1 2],796.3000000000029,0.5,0.5,0.20495315392930447,SI,[2 1],116.90000000000003,10,884.4000000000015,0.0,False,8
50,0,3,[1 2],796.3000000000029,0.5,0.5,0.2955902884848788,SI,[2 1],116.90000000000003,10,884.4000000000015,0.0,False,8
50,0,4,[1 2],796.3000000000029,0.5,0.5,0.2853535325648695,SI,[2 1],116.90000000000003,10,884.4000000000015,0.0,False,8
