generation,individual,cycle,s_before,f_ini,rho_SI_before,rho_MI_before,random,operator,best_neighbor,best_delta,num_neighbors,f_imp,eta,improved,epoch
0,6,0,[2 1 3],781.3999999999978,0.5,0.5,0.4418331744229961,SI,[2 3 1],17.30000000000001,10,795.1999999999971,0.0,False,0
0,6,1,[2 1 3],781.3999999999978,0.5,0.5,0.41118254597473414,SI,[2 3 1],17.30000000000001,10,795.1999999999971,0.0,False,0
0,6,2,[2 1 3],781.3999999999978,0.5,0.5,0.15115201964256386,SI,[2 3 1],17.30000000000001,10,795.1999999999971,0.0,False,0
0,6,3,[2 1 3],781.3999999999978,0.5,0.5,0.07961309015596418,SI,[2 3 1],17.30000000000001,10,795.1999999999971,0.0,False,0
0,6,4,[2 1 3],781.3999999999978,0.5,0.5,0.2622156611319503,SI,[2 3 1],17.30000000000001,10,795.1999999999971,0.0,False,0
1,0,0,[2 1 3],781.3999999999978,0.5,0.5,0.10461974452285316,SI,[2 3 1],17.30000000000001,10,795.1999999999971,0.0,False,0
1,0,1,[2 1 3],781.3999999999978,0.5,0.5,0.09010673472443853,SI,[2 3 1],17.30000000000001,10,795.1999999999971,0.0,False,0
1,0,2,[2 1 3],781.3999999999978,0.5,0.5,0.1748138948221194,SI,[2 3 1],17.30000000000001,10,795.1999999999971,0.0,False,0
1,0,3,[2 1 3],781.3999999999978,0.5,0.5,0.16578250597291844,SI,[2 3 1],17.30000000000001,10,795.1999999999971,0.0,False,0
1,0,4,[2 1 3],781.3999999999978,0.5,0.5,0.8961532323425018,MI,[3 1 2],60.7,10,795.399999999976,0.0,False,0
2,0,0,[2 1 3],781.3999999999978,0.5,0.5,0.28825313879221637,SI,[3 1 2],60.7,10,795.399999999976,0.0,False,0
2,0,1,[2 1 3],781.3999999999978,0.5,0.5,0.1467688142787268,SI,[2 3 1],17.30000000000001,10,795.1999999999971,0.0,False,0
2,0,2,[2 1 3],781.3999999999978,0.5,0.5,0.05662820283810621,SI,[2 3 1],17.30000000000001,10,795.1999999999971,0.0,False,0
2,0,3,[2 1 3],781.3999999999978,0.5,0.5,0.4820719697228585,SI,[2 3 1],17.30000000000001,10,795.1999999999971,0.0,False,0
2,0,4,[2 1 3],781.3999999999978,0.5,0.5,0.3738451243037514,SI,[2 3 1],17.30000000000001,10,795.1999999999971,0.0,False,0
3,0,0,[2 1 3],781.3999999999978,0.5,0.5,0.47668497071666194,SI,[2 3 1],17.30000000000001,10,795.1999999999971,0.0,False,0
3,0,1,[2 1 3],781.3999999999978,0.5,0.5,0.3678206969289417,SI,[2 3 1],17.30000000000001,10,795.1999999999971,0.0,False,0
3,0,2,[2 1 3],781.3999999999978,0.5,0.5,0.18931700678206653,SI,[2 3 1],17.30000000000001,10,795.1999999999971,0.0,False,0
3,0,3,[2 1 3],781.3999999999978,0.5,0.5,0.09194928490764764,SI,[2 3 1],17.30000000000001,10,795.1999999999971,0.0,False,0
3,0,4,[2 1 3],781.3999999999978,0.5,0.5,0.5035747397173306,MI,[3 1 2],60.7,10,795.399999999976,0.0,False,0
4,0,0,[2 1 3],781.3999999999978,0.5,0.5,0.14285376099015312,SI,[3 1 2],60.7,10,795.399999999976,0.0,False,0
4,0,1,[2 1 3],781.3999999999978,0.5,0.5,0.16681942353739254,SI,[2 3 1],17.30000000000001,10,795.1999999999971,0.0,False,0
4,0,2,[2 1 3],781.3999999999978,0.5,0.5,0.10213310731235548,SI,[2 3 1],17.30000000000001,10,795.1999999999971,0.0,False,0
4,0,3,[2 1 3],781.3999999999978,0.5,0.5,0.4808350774618174,SI,[2 3 1],17.30000000000001,10,795.1999999999971,0.0,False,0
4,0,4,[2 1 3],781.3999999999978,0.5,0.5,0.08343968544371805,SI,[2 3 1],17.30000000000001,10,795.1999999999971,0.0,False,0
5,0,0,[2 1 3],781.3999999999978,0.5,0.5,0.22636013801884003,SI,[2 3 1],17.30000000000001,10,795.1999999999971,0.0,False,0
5,0,1,[2 1 3],781.3999999999978,0.5,0.5,0.7053755295373548,MI,[3 1 2],60.7,10,795.399999999976,0.0,False,0
5,0,2,[2 1 3],781.3999999999978,0.5,0.5,0.3100221158052946,SI,[2 3 1],17.30000000000001,10,795.1999999999971,0.0,False,0
5,0,3,[2 1 3],781.3999999999978,0.5,0.5,0.48167113748966617,SI,[2 3 1],17.30000000000001,10,795.1999999999971,0.0,False,0
5,0,4,[2 1 3],781.3999999999978,0.5,0.5,0.03511130299513998,SI,[2 3 1],17.30000000000001,10,795.1999999999971,0.0,False,0
6,0,0,[2 1 3],781.3999999999978,0.5,0.5,0.4882657956734827,SI,[2 3 1],17.30000000000001,10,795.1999999999971,0.0,False,0
6,0,1,[2 1 3],781.3999999999978,0.5,0.5,0.04744236715872807,SI,[2 3 1],17.30000000000001,10,795.1999999999971,0.0,False,0
6,0,2,[2 1 3],781.3999999999978,0.5,0.5,0.012360842571165431,SI,[2 3 1],17.30000000000001,10,795.1999999999971,0.0,False,0
6,0,3,[2 1 3],781.3999999999978,0.5,0.5,0.22028493098698365,SI,[2 3 1],17.30000000000001,10,795.1999999999971,0.0,False,0
6,0,4,[2 1 3],781.3999999999978,0.5,0.5,0.39241111834607056,SI,[2 3 1],17.30000000000001,10,795.1999999999971,0.0,False,0
7,0,0,[2 1 3],781.3999999999978,0.5,0.5,0.0878369290597415,SI,[2 3 1],17.30000000000001,10,795.1999999999971,0.0,False,0
7,0,1,[2 1 3],781.3999999999978,0.5,0.5,0.2507770155656568,SI,[2 3 1],17.30000000000001,10,795.1999999999971,0.0,False,0
7,0,2,[2 1 3],781.3999999999978,0.5,0.5,0.42969690597633725,SI,[2 3 1],17.30000000000001,10,795.1999999999971,0.0,False,0
7,0,3,[2 1 3],781.3999999999978,0.5,0.5,0.12322318180711189,SI,[2 3 1],17.30000000000001,10,795.1999999999971,0.0,False,0
7,0,4,[2 1 3],781.3999999999978,0.5,0.5,0.3861489771447273,SI,[2 3 1],17.30000000000001,10,795.1999999999971,0.0,False,0
8,0,0,[2 1 3],781.3999999999978,0.5,0.5,0.4078024292661139,SI,[2 3 1],17.30000000000001,10,795.1999999999971,0.0,False,0
8,0,1,[2 1 3],781.3999999999978,0.5,0.5,0.30389191833694407,SI,[3 1 2],60.7,10,795.399999999976,0.0,False,0
8,0,2,[2 1 3],781.3999999999978,0.5,0.5,0.30328080175793926,SI,[2 3 1],17.30000000000001,10,795.1999999999971,0.0,False,0
8,0,3,[2 1 3],781.3999999999978,0.5,0.5,0.04495448659703871,SI,[2 3 1],17.30000000000001,10,795.1999999999971,0.0,False,0
8,0,4,[2 1 3],781.3999999999978,0.5,0.5,0.6384092286500843,MI,[3 1 2],60.7,10,795.399999999976,0.0,False,0
9,0,0,[2 1 3],781.3999999999978,0.5,0.5,0.11573887674353178,SI,[2 3 1],17.30000000000001,10,795.1999999999971,0.0,False,0
9,0,1,[2 1 3],781.3999999999978,0.5,0.5,0.44040500270511285,SI,[2 3 1],17.30000000000001,10,795.1999999999971,0.0,False,0
9,0,2,[2 1 3],781.3999999999978,0.5,0.5,0.040318989114628945,SI,[2 3 1],17.30000000000001,10,795.1999999999971,0.0,False,0
9,0,3,[2 1 3],781.3999999999978,0.5,0.5,0.8176159229732352,MI,[3 1 2],60.7,10,795.399999999976,0.0,False,0
9,0,4,[2 1 3],781.3999999999978,0.5,0.5,0.46406215038482046,SI,[2 3 1],17.30000000000001,10,795.1999999999971,0.0,False,0
10,0,0,[2 1 3],781.3999999999978,0.5,0.5,0.16120018724543494,SI,[2 3 1],17.30000000000001,10,795.1999999999971,0.0,False,0
10,0,1,[2 1 3],781.3999999999978,0.5,0.5,0.2678516945527597,SI,[2 3 1],17.30000000000001,10,795.1999999999971,0.0,False,0
10,0,2,[2 1 3],781.3999999999978,0.5,0.5,0.6130026811490878,MI,[3 1 2],60.7,10,795.399999999976,0.0,False,0
10,0,3,[2 1 3],781.3999999999978,0.5,0.5,0.3557146765666962,SI,[2 3 1],17.30000000000001,10,795.1999999999971,0.0,False,0
10,0,4,[2 1 3],781.3999999999978,0.5,0.5,0.3863801399925716,SI,[2 3 1],17.30000000000001,10,795.1999999999971,0.0,False,0
11,0,0,[2 1 3],781.3999999999978,0.5,0.5,0.3905862231789099,SI,[2 3 1],17.30000000000001,10,795.1999999999971,0.0,False,0
11,0,1,[2 1 3],781.3999999999978,0.5,0.5,0.24197405547397777,SI,[2 3 1],17.30000000000001,10,795.1999999999971,0.0,False,0
11,0,2,[2 1 3],781.3999999999978,0.5,0.5,0.8198238928463877,MI,[3 1 2],60.7,10,795.399999999976,0.0,False,0
11,0,3,[2 1 3],781.3999999999978,0.5,0.5,0.12616649234955135,SI,[2 3 1],17.30000000000001,10,795.1999999999971,0.0,False,0
11,0,4,[2 1 3],781.3999999999978,0.5,0.5,0.18295151540691879,SI,[2 3 1],17.30000000000001,10,795.1999999999971,0.0,False,0
12,0,0,[2 1 3],781.3999999999978,0.5,0.5,0.08281101068951435,SI,[2 3 1],17.30000000000001,10,795.1999999999971,0.0,False,0
12,0,1,[2 1 3],781.3999999999978,0.5,0.5,0.3738584026965758,SI,[2 3 1],17.30000000000001,10,795.1999999999971,0.0,False,0
12,0,2,[2 1 3],781.3999999999978,0.5,0.5,0.1900644618028483,SI,[2 3 1],17.30000000000001,10,795.1999999999971,0.0,False,0
12,0,3,[2 1 3],781.3999999999978,0.5,0.5,0.2797383547158617,SI,[2 3 1],17.30000000000001,10,795.1999999999971,0.0,False,0
12,0,4,[2 1 3],781.3999999999978,0.5,0.5,0.6708626291153531,MI,[3 1 2],60.7,10,795.399999999976,0.0,False,0
13,0,0,[2 1 3],781.3999999999978,0.5,0.5,0.42508364359082407,SI,[2 3 1],17.30000000000001,10,795.1999999999971,0.0,False,0
13,0,1,[2 1 3],781.3999999999978,0.5,0.5,0.4536731172546462,SI,[2 3 1],17.30000000000001,10,795.1999999999971,0.0,False,0
13,0,2,[2 1 3],781.3999999999978,0.5,0.5,0.3042674258735121,SI,[2 3 1],17.30000000000001,10,795.1999999999971,0.0,False,0
13,0,3,[2 1 3],781.3999999999978,0.5,0.5,0.58367287565519,MI,[3 1 2],60.7,10,795.399999999976,0.0,False,0
13,0,4,[2 1 3],781.3999999999978,0.5,0.5,0.8754167764950164,MI,[3 1 2],60.7,10,795.399999999976,0.0,False,0
14,0,0,[2 1 3],781.3999999999978,0.5,0.5,0.019823671387173225,SI,[2 3 1],17.30000000000001,10,795.1999999999971,0.0,False,0
14,0,1,[2 1 3],781.3999999999978,0.5,0.5,0.7936091049067513,MI,[3 1 2],60.7,10,795.399999999976,0.0,False,0
14,0,2,[2 1 3],781.3999999999978,0.5,0.5,0.1272207720538362,SI,[2 3 1],17.30000000000001,10,795.1999999999971,0.0,False,0
14,0,3,[2 1 3],781.3999999999978,0.5,0.5,0.051316610252672534,SI,[2 3 1],17.30000000000001,10,795.1999999999971,0.0,False,0
14,0,4,[2 1 3],781.3999999999978,0.5,0.5,0.1937768981624174,SI,[2 3 1],17.30000000000001,10,795.1999999999971,0.0,False,0
15,0,0,[2 1 3],781.3999999999978,0.5,0.5,0.2406691976095029,SI,[2 3 1],17.30000000000001,10,795.1999999999971,0.0,False,0
15,0,1,[2 1 3],781.3999999999978,0.5,0.5,0.49442243513535344,SI,[2 3 1],17.30000000000001,10,795.1999999999971,0.0,False,0
15,0,2,[2 1 3],781.3999999999978,0.5,0.5,0.08966618631809664,SI,[2 3 1],17.30000000000001,10,795.1999999999971,0.0,False,0
15,0,3,[2 1 3],781.3999999999978,0.5,0.5,0.09350880344921342,SI,[2 3 1],17.30000000000001,10,795.1999999999971,0.0,False,0
15,0,4,[2 1 3],781.3999999999978,0.5,0.5,0.4681106050264714,SI,[2 3 1],17.30000000000001,10,795.1999999999971,0.0,False,0
16,0,0,[2 1 3],781.3999999999978,0.5,0.5,0.616438629950499,MI,[3 1 2],60.7,10,795.399999999976,0.0,False,0
16,0,1,[2 1 3],781.3999999999978,0.5,0.5,0.806551731427299,MI,[3 1 2],60.7,10,795.399999999976,0.0,False,0
16,0,2,[2 1 3],781.3999999999978,0.5,0.5,0.1108941671517305,SI,[2 3 1],17.30000000000001,10,795.1999999999971,0.0,False,0
16,0,3,[2 1 3],781.3999999999978,0.5,0.5,0.4834987565749098,SI,[2 3 1],17.30000000000001,10,795.1999999999971,0.0,False,0
16,0,4,[2 1 3],781.3999999999978,0.5,0.5,0.37488767338574136,SI,[2 3 1],17.30000000000001,10,795.1999999999971,0.0,False,0
17,0,0,[2 1 3],781.3999999999978,0.5,0.5,0.5947846960482767,MI,[3 1 2],60.7,10,795.399999999976,0.0,False,0
17,0,1,[2 1 3],781.3999999999978,0.5,0.5,0.03796207881311908,SI,[2 3 1],17.30000000000001,10,795.1999999999971,0.0,False,0
17,0,2,[2 1 3],781.3999999999978,0.5,0.5,0.23669542165835766,SI,[2 3 1],17.30000000000001,10,795.1999999999971,0.0,False,0
17,0,3,[2 1 3],781.3999999999978,0.5,0.5,0.4581482829281114,SI,[2 3 1],17.30000000000001,10,795.1999999999971,0.0,False,0
17,0,4,[2 1 3],781.3999999999978,0.5,0.5,0.45876863559686953,SI,[3 1 2],60.7,10,795.399999999976,0.0,False,0
18,0,0,[2 1 3],781.3999999999978,0.5,0.5,0.7396077555280184,MI,[3 1 2],60.7,10,795.399999999976,0.0,False,0
18,0,1,[2 1 3],781.3999999999978,0.5,0.5,0.32058978584501696,SI,[3 1 2],60.7,10,795.399999999976,0.0,False,0
18,0,2,[2 1 3],781.3999999999978,0.5,0.5,0.09732051135476627,SI,[2 3 1],17.30000000000001,10,795.1999999999971,0.0,False,0
18,0,3,[2 1 3],781.3999999999978,0.5,0.5,0.368702464489868,SI,[2 3 1],17.30000000000001,10,795.1999999999971,0.0,False,0
18,0,4,[2 1 3],781.3999999999978,0.5,0.5,0.22077736539283155,SI,[2 3 1],17.30000000000001,10,795.1999999999971,0.0,False,0
19,0,0,[2 1 3],781.3999999999978,0.5,0.5,0.19608298103170663,SI,[2 3 1],17.30000000000001,10,795.1999999999971,0.0,False,0
19,0,1,[2 1 3],781.3999999999978,0.5,0.5,0.9606289652790903,MI,[3 1 2],60.7,10,795.399999999976,0.0,False,0
19,0,2,[2 1 3],781.3999999999978,0.5,0.5,0.2767329307276972,SI,[2 3 1],17.30000000000001,10,795.1999999999971,0.0,False,0
19,0,3,[2 1 3],781.3999999999978,0.5,0.5,0.16259375560751343,SI,[2 3 1],17.30000000000001,10,795.1999999999971,0.0,False,0
19,0,4,[2 1 3],781.3999999999978,0.5,0.5,0.4754476559486288,SI,[2 3 1],17.30000000000001,10,795.1999999999971,0.0,False,0
20,0,0,[2 1 3],781.3999999999978,0.5,0.5,0.3593073709314968,SI,[2 3 1],17.30000000000001,10,795.1999999999971,0.0,False,0
20,0,1,[2 1 3],781.3999999999978,0.5,0.5,0.27299922113324304,SI,[2 3 1],17.30000000000001,10,795.1999999999971,0.0,False,0
20,0,2,[2 1 3],781.3999999999978,0.5,0.5,0.9222001630431736,MI,[3 1 2],60.7,10,795.399999999976,0.0,False,0
20,0,3,[2 1 3],781.3999999999978,0.5,0.5,0.1808968890888405,SI,[2 3 1],17.30000000000001,10,795.1999999999971,0.0,False,0
20,0,4,[2 1 3],781.3999999999978,0.5,0.5,0.0770587560211834,SI,[2 3 1],17.30000000000001,10,795.1999999999971,0.0,False,0
21,0,0,[2 1 3],781.3999999999978,0.5,0.5,0.15089075272959063,SI,[2 3 1],17.30000000000001,10,795.1999999999971,0.0,False,0
21,0,1,[2 1 3],781.3999999999978,0.5,0.5,0.3479719418433289,SI,[2 3 1],17.30000000000001,10,795.1999999999971,0.0,False,0
21,0,2,[2 1 3],781.3999999999978,0.5,0.5,0.47604576897694084,SI,[2 3 1],17.30000000000001,10,795.1999999999971,0.0,False,0
21,0,3,[2 1 3],781.3999999999978,0.5,0.5,0.4174099947449509,SI,[2 3 1],17.30000000000001,10,795.1999999999971,0.0,False,0
21,0,4,[2 1 3],781.3999999999978,0.5,0.5,0.09909920337899869,SI,[2 3 1],17.30000000000001,10,795.1999999999971,0.0,False,0
22,0,0,[2 1 3],781.3999999999978,0.5,0.5,0.03485125471771411,SI,[2 3 1],17.30000000000001,10,795.1999999999971,0.0,False,0
22,0,1,[2 1 3],781.3999999999978,0.5,0.5,0.09104223576422654,SI,[2 3 1],17.30000000000001,10,795.1999999999971,0.0,False,0
22,0,2,[2 1 3],781.3999999999978,0.5,0.5,0.4883574225066497,SI,[2 3 1],17.30000000000001,10,795.1999999999971,0.0,False,0
22,0,3,[2 1 3],781.3999999999978,0.5,0.5,0.04901087720426989,SI,[2 3 1],17.30000000000001,10,795.1999999999971,0.0,False,0
22,0,4,[2 1 3],781.3999999999978,0.5,0.5,0.23225235369816843,SI,[2 3 1],17.30000000000001,10,795.1999999999971,0.0,False,0
23,0,0,[2 1 3],781.3999999999978,0.5,0.5,0.45630277476720604,SI,[2 3 1],17.30000000000001,10,795.1999999999971,0.0,False,0
23,0,1,[2 1 3],781.3999999999978,0.5,0.5,0.2188991726055941,SI,[2 3 1],17.30000000000001,10,795.1999999999971,0.0,False,0
23,0,2,[2 1 3],781.3999999999978,0.5,0.5,0.254900184406499,SI,[2 3 1],17.30000000000001,10,795.1999999999971,0.0,False,0
23,0,3,[2 1 3],781.3999999999978,0.5,0.5,0.3955582707810672,SI,[2 3 1],17.30000000000001,10,795.1999999999971,0.0,False,0
23,0,4,[2 1 3],781.3999999999978,0.5,0.5,0.4707303938376177,SI,[2 3 1],17.30000000000001,10,795.1999999999971,0.0,False,0
24,0,0,[2 1 3],781.3999999999978,0.5,0.5,0.3748047663612859,SI,[2 3 1],17.30000000000001,10,795.1999999999971,0.0,False,0
24,0,1,[2 1 3],781.3999999999978,0.5,0.5,0.009324451922843258,SI,[2 3 1],17.30000000000001,10,795.1999999999971,0.0,False,0
24,0,2,[2 1 3],781.3999999999978,0.5,0.5,0.33206467831076236,SI,[2 3 1],17.30000000000001,10,795.1999999999971,0.0,False,0
24,0,3,[2 1 3],781.3999999999978,0.5,0.5,0.809540461234365,MI,[3 1 2],60.7,10,795.399999999976,0.0,False,0
24,0,4,[2 1 3],781.3999999999978,0.5,0.5,0.33976861810728,SI,[2 3 1],17.30000000000001,10,795.1999999999971,0.0,False,0
25,0,0,[2 1 3],781.3999999999978,0.5,0.5,0.4531414284361718,SI,[2 3 1],17.30000000000001,10,795.1999999999971,0.0,False,0
25,0,1,[2 1 3],781.3999999999978,0.5,0.5,0.20221118694978502,SI,[2 3 1],17.30000000000001,10,795.1999999999971,0.0,False,0
25,0,2,[2 1 3],781.3999999999978,0.5,0.5,0.26809550391504255,SI,[2 3 1],17.30000000000001,10,795.1999999999971,0.0,False,0
25,0,3,[2 1 3],781.3999999999978,0.5,0.5,0.3212003390492866,SI,[2 3 1],17.30000000000001,10,795.1999999999971,0.0,False,0
25,0,4,[2 1 3],781.3999999999978,0.5,0.5,0.45999494932430307,SI,[2 3 1],17.30000000000001,10,795.1999999999971,0.0,False,0
26,0,0,[2 1 3],781.3999999999978,0.5,0.5,0.06194565345170511,SI,[2 3 1],17.30000000000001,10,795.1999999999971,0.0,False,0
26,0,1,[2 1 3],781.3999999999978,0.5,0.5,0.13535701818890933,SI,[3 1 2],60.7,10,795.399999999976,0.0,False,0
26,0,2,[2 1 3],781.3999999999978,0.5,0.5,0.13910531713672225,SI,[3 1 2],60.7,10,795.399999999976,0.0,False,0
26,0,3,[2 1 3],781.3999999999978,0.5,0.5,0.03390544189834521,SI,[2 3 1],17.30000000000001,10,795.1999999999971,0.0,False,0
26,0,4,[2 1 3],781.3999999999978,0.5,0.5,0.0638850600568247,SI,[2 3 1],17.30000000000001,10,795.1999999999971,0.0,False,0
27,0,0,[2 1 3],781.3999999999978,0.5,0.5,0.473320512925945,SI,[2 3 1],17.30000000000001,10,795.1999999999971,0.0,False,0
27,0,1,[2 1 3],781.3999999999978,0.5,0.5,0.46781795916946056,SI,[3 1 2],60.7,10,795.399999999976,0.0,False,0
27,0,2,[2 1 3],781.3999999999978,0.5,0.5,0.20770701312256734,SI,[2 3 1],17.30000000000001,10,795.1999999999971,0.0,False,0
27,0,3,[2 1 3],781.3999999999978,0.5,0.5,0.024632441032779617,SI,[2 3 1],17.30000000000001,10,795.1999999999971,0.0,False,0
27,0,4,[2 1 3],781.3999999999978,0.5,0.5,0.3978672916129442,SI,[2 3 1],17.30000000000001,10,795.1999999999971,0.0,False,0
28,0,0,[2 1 3],781.3999999999978,0.5,0.5,0.4305522577698524,SI,[2 3 1],17.30000000000001,10,795.1999999999971,0.0,False,0
28,0,1,[2 1 3],781.3999999999978,0.5,0.5,0.23943810819264832,SI,[2 3 1],17.30000000000001,10,795.1999999999971,0.0,False,0
28,0,2,[2 1 3],781.3999999999978,0.5,0.5,0.642367379835589,MI,[3 1 2],60.7,10,795.399999999976,0.0,False,0
28,0,3,[2 1 3],781.3999999999978,0.5,0.5,0.07176875702978092,SI,[2 3 1],17.30000000000001,10,795.1999999999971,0.0,False,0
28,0,4,[2 1 3],781.3999999999978,0.5,0.5,0.15377469143067146,SI,[2 3 1],17.30000000000001,10,795.1999999999971,0.0,False,0
29,0,0,[2 1 3],781.3999999999978,0.5,0.5,0.4132719379311265,SI,[2 3 1],17.30000000000001,10,795.1999999999971,0.0,False,0
29,0,1,[2 1 3],781.3999999999978,0.5,0.5,0.1139742718774921,SI,[2 3 1],17.30000000000001,10,795.1999999999971,0.0,False,0
29,0,2,[2 1 3],781.3999999999978,0.5,0.5,0.7344720250227589,MI,[3 1 2],60.7,10,795.399999999976,0.0,False,0
29,0,3,[2 1 3],781.3999999999978,0.5,0.5,0.004229775783360035,SI,[2 3 1],17.30000000000001,10,795.1999999999971,0.0,False,0
29,0,4,[2 1 3],781.3999999999978,0.5,0.5,0.2114442007478099,SI,[2 3 1],17.30000000000001,10,795.1999999999971,0.0,False,0
30,0,0,[2 1 3],781.3999999999978,0.5,0.5,0.323680740493815,SI,[2 3 1],17.30000000000001,10,795.1999999999971,0.0,False,0
30,0,1,[2 1 3],781.3999999999978,0.5,0.5,0.4704409731597321,SI,[2 3 1],17.30000000000001,10,795.1999999999971,0.0,False,0
30,0,2,[2 1 3],781.3999999999978,0.5,0.5,0.41606997825073644,SI,[2 3 1],17.30000000000001,10,795.1999999999971,0.0,False,0
30,0,3,[2 1 3],781.3999999999978,0.5,0.5,0.36114578159412325,SI,[2 3 1],17.30000000000001,10,795.1999999999971,0.0,False,0
30,0,4,[2 1 3],781.3999999999978,0.5,0.5,0.41078579175231933,SI,[2 3 1],17.30000000000001,10,795.1999999999971,0.0,False,0
31,0,0,[2 1 3],781.3999999999978,0.5,0.5,0.8648606215921985,MI,[3 1 2],60.7,10,795.399999999976,0.0,False,0
31,0,1,[2 1 3],781.3999999999978,0.5,0.5,0.028453561693116636,SI,[2 3 1],17.30000000000001,10,795.1999999999971,0.0,False,0
31,0,2,[2 1 3],781.3999999999978,0.5,0.5,0.3335220454375286,SI,[2 3 1],17.30000000000001,10,795.1999999999971,0.0,False,0
31,0,3,[2 1 3],781.3999999999978,0.5,0.5,0.4750622861715561,SI,[2 3 1],17.30000000000001,10,795.1999999999971,0.0,False,0
31,0,4,[2 1 3],781.3999999999978,0.5,0.5,0.3489325638136431,SI,[2 3 1],17.30000000000001,10,795.1999999999971,0.0,False,0
32,0,0,[2 1 3],781.3999999999978,0.5,0.5,0.05586784732877914,SI,[2 3 1],17.30000000000001,10,795.1999999999971,0.0,False,0
32,0,1,[2 1 3],781.3999999999978,0.5,0.5,0.3623904893748603,SI,[2 3 1],17.30000000000001,10,795.1999999999971,0.0,False,0
32,0,2,[2 1 3],781.3999999999978,0.5,0.5,0.45207248824165647,SI,[2 3 1],17.30000000000001,10,795.1999999999971,0.0,False,0
32,0,3,[2 1 3],781.3999999999978,0.5,0.5,0.11801414731966509,SI,[2 3 1],17.30000000000001,10,795.1999999999971,0.0,False,0
32,0,4,[2 1 3],781.3999999999978,0.5,0.5,0.03394636034924792,SI,[2 3 1],17.30000000000001,10,795.1999999999971,0.0,False,0
33,0,0,[2 1 3],781.3999999999978,0.5,0.5,0.5983913630554826,MI,[3 1 2],60.7,10,795.399999999976,0.0,False,0
33,0,1,[2 1 3],781.3999999999978,0.5,0.5,0.2624599620104199,SI,[2 3 1],17.30000000000001,10,795.1999999999971,0.0,False,0
33,0,2,[2 1 3],781.3999999999978,0.5,0.5,0.2969140848924552,SI,[2 3 1],17.30000000000001,10,795.1999999999971,0.0,False,0
33,0,3,[2 1 3],781.3999999999978,0.5,0.5,0.043994491989829854,SI,[2 3 1],17.30000000000001,10,795.1999999999971,0.0,False,0
33,0,4,[2 1 3],781.3999999999978,0.5,0.5,0.25779739544305624,SI,[2 3 1],17.30000000000001,10,795.1999999999971,0.0,False,0
34,0,0,[2 1 3],781.3999999999978,0.5,0.5,0.30873035622013834,SI,[2 3 1],17.30000000000001,10,795.1999999999971,0.0,False,0
34,0,1,[2 1 3],781.3999999999978,0.5,0.5,0.9280152877228407,MI,[3 1 2],60.7,10,795.399999999976,0.0,False,0
34,0,2,[2 1 3],781.3999999999978,0.5,0.5,0.3621353260915363,SI,[2 3 1],17.30000000000001,10,795.1999999999971,0.0,False,0
34,0,3,[2 1 3],781.3999999999978,0.5,0.5,0.003896805387378688,SI,[2 3 1],17.30000000000001,10,795.1999999999971,0.0,False,0
34,0,4,[2 1 3],781.3999999999978,0.5,0.5,0.07729169403452496,SI,[2 3 1],17.30000000000001,10,795.1999999999971,0.0,False,0
35,0,0,[2 1 3],781.3999999999978,0.5,0.5,0.2571197334609586,SI,[2 3 1],17.30000000000001,10,795.1999999999971,0.0,False,0
35,0,1,[2 1 3],781.3999999999978,0.5,0.5,0.17955865285979578,SI,[2 3 1],17.30000000000001,10,795.1999999999971,0.0,False,0
35,0,2,[2 1 3],781.3999999999978,0.5,0.5,0.41419700197640574,SI,[2 3 1],17.30000000000001,10,795.1999999999971,0.0,False,0
35,0,3,[2 1 3],781.3999999999978,0.5,0.5,0.33252229460891713,SI,[2 3 1],17.30000000000001,10,795.1999999999971,0.0,False,0
35,0,4,[2 1 3],781.3999999999978,0.5,0.5,0.12388343700629434,SI,[2 3 1],17.30000000000001,10,795.1999999999971,0.0,False,0
36,0,0,[2 1 3],781.3999999999978,0.5,0.5,0.2690471044510272,SI,[2 3 1],17.30000000000001,10,795.1999999999971,0.0,False,0
36,0,1,[2 1 3],781.3999999999978,0.5,0.5,0.36814454844840006,SI,[2 3 1],17.30000000000001,10,795.1999999999971,0.0,False,0
36,0,2,[2 1 3],781.3999999999978,0.5,0.5,0.47361658082382274,SI,[2 3 1],17.30000000000001,10,795.1999999999971,0.0,False,0
36,0,3,[2 1 3],781.3999999999978,0.5,0.5,0.16739380345732524,SI,[2 3 1],17.30000000000001,10,795.1999999999971,0.0,False,0
36,0,4,[2 1 3],781.3999999999978,0.5,0.5,0.3970210033643947,SI,[2 3 1],17.30000000000001,10,795.1999999999971,0.0,False,0
37,0,0,[2 1 3],781.3999999999978,0.5,0.5,0.21917054485015108,SI,[2 3 1],17.30000000000001,10,795.1999999999971,0.0,False,0
37,0,1,[2 1 3],781.3999999999978,0.5,0.5,0.17745757893103453,SI,[2 3 1],17.30000000000001,10,795.1999999999971,0.0,False,0
37,0,2,[2 1 3],781.3999999999978,0.5,0.5,0.3197754012683762,SI,[2 3 1],17.30000000000001,10,795.1999999999971,0.0,False,0
37,0,3,[2 1 3],781.3999999999978,0.5,0.5,0.271409531828393,SI,[2 3 1],17.30000000000001,10,795.1999999999971,0.0,False,0
37,0,4,[2 1 3],781.3999999999978,0.5,0.5,0.4187426265063011,SI,[2 3 1],17.30000000000001,10,795.1999999999971,0.0,False,0
38,0,0,[2 1 3],781.3999999999978,0.5,0.5,0.07132378087494406,SI,[2 3 1],17.30000000000001,10,795.1999999999971,0.0,False,0
38,0,1,[2 1 3],781.3999999999978,0.5,0.5,0.1440393543195716,SI,[2 3 1],17.30000000000001,10,795.1999999999971,0.0,False,0
38,0,2,[2 1 3],781.3999999999978,0.5,0.5,0.37540357960805215,SI,[2 3 1],17.30000000000001,10,795.1999999999971,0.0,False,0
38,0,3,[2 1 3],781.3999999999978,0.5,0.5,0.46619521831855715,SI,[2 3 1],17.30000000000001,10,795.1999999999971,0.0,False,0
38,0,4,[2 1 3],781.3999999999978,0.5,0.5,0.26550989168399797,SI,[2 3 1],17.30000000000001,10,795.1999999999971,0.0,False,0
39,0,0,[2 1 3],781.3999999999978,0.5,0.5,0.26131871586397215,SI,[2 3 1],17.30000000000001,10,795.1999999999971,0.0,False,0
39,0,1,[2 1 3],781.3999999999978,0.5,0.5,0.2629854871601782,SI,[2 3 1],17.30000000000001,10,795.1999999999971,0.0,False,0
39,0,2,[2 1 3],781.3999999999978,0.5,0.5,0.03133115143699772,SI,[2 3 1],17.30000000000001,10,795.1999999999971,0.0,False,0
39,0,3,[2 1 3],781.3999999999978,0.5,0.5,0.7223510816925044,MI,[3 1 2],60.7,10,795.399999999976,0.0,False,0
39,0,4,[2 1 3],781.3999999999978,0.5,0.5,0.26386414450746576,SI,[2 3 1],17.30000000000001,10,795.1999999999971,0.0,False,0
40,0,0,[2 1 3],781.3999999999978,0.5,0.5,0.6356211754779089,MI,[3 1 2],60.7,10,795.399999999976,0.0,False,0
40,0,1,[2 1 3],781.3999999999978,0.5,0.5,0.4997983710811815,SI,[2 3 1],17.30000000000001,10,795.1999999999971,0.0,False,0
40,0,2,[2 1 3],781.3999999999978,0.5,0.5,0.19690839014038508,SI,[2 3 1],17.30000000000001,10,795.1999999999971,0.0,False,0
40,0,3,[2 1 3],781.3999999999978,0.5,0.5,0.5356386689137133,MI,[3 1 2],60.7,10,795.399999999976,0.0,False,0
40,0,4,[2 1 3],781.3999999999978,0.5,0.5,0.6972807309801377,MI,[3 1 2],60.7,10,795.399999999976,0.0,False,0
41,0,0,[2 1 3],781.3999999999978,0.5,0.5,0.2706702174283281,SI,[2 3 1],17.30000000000001,10,795.1999999999971,0.0,False,0
41,0,1,[2 1 3],781.3999999999978,0.5,0.5,0.24079874739677942,SI,[2 3 1],17.30000000000001,10,795.1999999999971,0.0,False,0
41,0,2,[2 1 3],781.3999999999978,0.5,0.5,0.3677527192659539,SI,[2 3 1],17.30000000000001,10,795.1999999999971,0.0,False,0
41,0,3,[2 1 3],781.3999999999978,0.5,0.5,0.26621188712355204,SI,[2 3 1],17.30000000000001,10,795.1999999999971,0.0,False,0
41,0,4,[2 1 3],781.3999999999978,0.5,0.5,0.639353947474843,MI,[3 1 2],60.7,10,795.399999999976,0.0,False,0
42,0,0,[2 1 3],781.3999999999978,0.5,0.5,0.3411530924761842,SI,[2 3 1],17.30000000000001,10,795.1999999999971,0.0,False,0
42,0,1,[2 1 3],781.3999999999978,0.5,0.5,0.3147964830083876,SI,[2 3 1],17.30000000000001,10,795.1999999999971,0.0,False,0
42,0,2,[2 1 3],781.3999999999978,0.5,0.5,0.860987934984857,MI,[3 1 2],60.7,10,795.399999999976,0.0,False,0
42,0,3,[2 1 3],781.3999999999978,0.5,0.5,0.02914336879777968,SI,[2 3 1],17.30000000000001,10,795.1999999999971,0.0,False,0
42,0,4,[2 1 3],781.3999999999978,0.5,0.5,0.0689890696366412,SI,[2 3 1],17.30000000000001,10,795.1999999999971,0.0,False,0
43,0,0,[2 1 3],781.3999999999978,0.5,0.5,0.30154822541980486,SI,[2 3 1],17.30000000000001,10,795.1999999999971,0.0,False,0
43,0,1,[2 1 3],781.3999999999978,0.5,0.5,0.2433149418710523,SI,[2 3 1],17.30000000000001,10,795.1999999999971,0.0,False,0
43,0,2,[2 1 3],781.3999999999978,0.5,0.5,0.5502545816430937,MI,[3 1 2],60.7,10,795.399999999976,0.0,False,0
43,0,3,[2 1 3],781.3999999999978,0.5,0.5,0.48377197848691256,SI,[2 3 1],17.30000000000001,10,795.1999999999971,0.0,False,0
43,0,4,[2 1 3],781.3999999999978,0.5,0.5,0.31608412099735705,SI,[2 3 1],17.30000000000001,10,795.1999999999971,0.0,False,0
44,0,0,[2 1 3],781.3999999999978,0.5,0.5,0.444591111886264,SI,[2 3 1],17.30000000000001,10,795.1999999999971,0.0,False,0
44,0,1,[2 1 3],781.3999999999978,0.5,0.5,0.3663974088354879,SI,[2 3 1],17.30000000000001,10,795.1999999999971,0.0,False,0
44,0,2,[2 1 3],781.3999999999978,0.5,0.5,0.38520668579492745,SI,[2 3 1],17.30000000000001,10,795.1999999999971,0.0,False,0
44,0,3,[2 1 3],781.3999999999978,0.5,0.5,0.20260616609441762,SI,[2 3 1],17.30000000000001,10,795.1999999999971,0.0,False,0
44,0,4,[2 1 3],781.3999999999978,0.5,0.5,0.4591064156248704,SI,[2 3 1],17.30000000000001,10,795.1999999999971,0.0,False,0
45,0,0,[2 1 3],781.3999999999978,0.5,0.5,0.0017247555108825807,SI,[2 3 1],17.30000000000001,10,795.1999999999971,0.0,False,0
45,0,1,[2 1 3],781.3999999999978,0.5,0.5,0.02070882912045169,SI,[2 3 1],17.30000000000001,10,795.1999999999971,0.0,False,0
45,0,2,[2 1 3],781.3999999999978,0.5,0.5,0.1004603998091016,SI,[2 3 1],17.30000000000001,10,795.1999999999971,0.0,False,0
45,0,3,[2 1 3],781.3999999999978,0.5,0.5,0.23924681219174138,SI,[2 3 1],17.30000000000001,10,795.1999999999971,0.0,False,0
45,0,4,[2 1 3],781.3999999999978,0.5,0.5,0.03794608162333635,SI,[2 3 1],17.30000000000001,10,795.1999999999971,0.0,False,0
46,0,0,[2 1 3],781.3999999999978,0.5,0.5,0.8027717853980629,MI,[3 1 2],60.7,10,795.399999999976,0.0,False,0
46,0,1,[2 1 3],781.3999999999978,0.5,0.5,0.2437440781236745,SI,[2 3 1],17.30000000000001,10,795.1999999999971,0.0,False,0
46,0,2,[2 1 3],781.3999999999978,0.5,0.5,0.18731252771613505,SI,[2 3 1],17.30000000000001,10,795.1999999999971,0.0,False,0
46,0,3,[2 1 3],781.3999999999978,0.5,0.5,0.8680289998473957,MI,[3 1 2],60.7,10,795.399999999976,0.0,False,0
46,0,4,[2 1 3],781.3999999999978,0.5,0.5,0.1114504251648194,SI,[2 3 1],17.30000000000001,10,795.1999999999971,0.0,False,0
47,0,0,[2 1 3],781.3999999999978,0.5,0.5,0.4499649673865207,SI,[2 3 1],17.30000000000001,10,795.1999999999971,0.0,False,0
47,0,1,[2 1 3],781.3999999999978,0.5,0.5,0.15217376357490708,SI,[2 3 1],17.30000000000001,10,795.1999999999971,0.0,False,0
47,0,2,[2 1 3],781.3999999999978,0.5,0.5,0.5719560720498219,MI,[3 1 2],60.7,10,795.399999999976,0.0,False,0
47,0,3,[2 1 3],781.3999999999978,0.5,0.5,0.06576490115309863,SI,[2 3 1],17.30000000000001,10,795.1999999999971,0.0,False,0
47,0,4,[2 1 3],781.3999999999978,0.5,0.5,0.20819534494848646,SI,[2 3 1],17.30000000000001,10,795.1999999999971,0.0,False,0
48,0,0,[2 1 3],781.3999999999978,0.5,0.5,0.44067585615623794,SI,[2 3 1],17.30000000000001,10,795.1999999999971,0.0,False,0
48,0,1,[2 1 3],781.3999999999978,0.5,0.5,0.4416188596326397,SI,[3 1 2],60.7,10,795.399999999976,0.0,False,0
48,0,2,[2 1 3],781.3999999999978,0.5,0.5,0.29858150144469897,SI,[2 3 1],17.30000000000001,10,795.1999999999971,0.0,False,0
48,0,3,[2 1 3],781.3999999999978,0.5,0.5,0.13141636045255956,SI,[2 3 1],17.30000000000001,10,795.1999999999971,0.0,False,0
48,0,4,[2 1 3],781.3999999999978,0.5,0.5,0.025338417816954895,SI,[2 3 1],17.30000000000001,10,795.1999999999971,0.0,False,0
49,0,0,[2 1 3],781.3999999999978,0.5,0.5,0.1109059960093316,SI,[2 3 1],17.30000000000001,10,795.1999999999971,0.0,False,0
49,0,1,[2 1 3],781.3999999999978,0.5,0.5,0.15174396688077318,SI,[3 1 2],60.7,10,795.399999999976,0.0,False,0
49,0,2,[2 1 3],781.3999999999978,0.5,0.5,0.3505837561966201,SI,[2 3 1],17.30000000000001,10,795.1999999999971,0.0,False,0
49,0,3,[2 1 3],781.3999999999978,0.5,0.5,0.3920686874278694,SI,[2 3 1],17.30000000000001,10,795.1999999999971,0.0,False,0
49,0,4,[2 1 3],781.3999999999978,0.5,0.5,0.30072026718796063,SI,[2 3 1],17.30000000000001,10,795.1999999999971,0.0,False,0
50,0,0,[2 1 3],781.3999999999978,0.5,0.5,0.02903369316552984,SI,[2 3 1],17.30000000000001,10,795.1999999999971,0.0,False,0
50,0,1,[2 1 3],781.3999999999978,0.5,0.5,0.2402654222215279,SI,[2 3 1],17.30000000000001,10,795.1999999999971,0.0,False,0
50,0,2,[2 1 3],781.3999999999978,0.5,0.5,0.0478851742354619,SI,[2 3 1],17.30000000000001,10,795.1999999999971,0.0,False,0
50,0,3,[2 1 3],781.3999999999978,0.5,0.5,0.468943133525489,SI,[2 3 1],17.30000000000001,10,795.1999999999971,0.0,False,0
50,0,4,[2 1 3],781.3999999999978,0.5,0.5,0.43364376549274597,SI,[2 3 1],17.30000000000001,10,795.1999999999971,0.0,False,0
0,1,0,[1 2],576.7999999999993,0.5,0.5,0.2886601812697249,SI,[2 1],-26.80000000000001,10,636.8999999999905,0.0,False,1
0,1,1,[1 2],576.7999999999993,0.5,0.5,0.2544399753567922,SI,[2 1],-26.80000000000001,10,636.8999999999905,0.0,False,1
0,1,2,[1 2],576.7999999999993,0.5,0.5,0.14351695657474972,SI,[2 1],-26.80000000000001,10,636.8999999999905,0.0,False,1
0,1,3,[1 2],576.7999999999993,0.5,0.5,0.45843287113293074,SI,[2 1],-26.80000000000001,10,636.8999999999905,0.0,False,1
0,1,4,[1 2],576.7999999999993,0.5,0.5,0.32475015320759915,SI,[2 1],-26.80000000000001,10,636.8999999999905,0.0,False,1
1,0,0,[1 2],576.7999999999993,0.5,0.5,0.10703416608867156,SI,[2 1],-26.80000000000001,10,636.8999999999905,0.0,False,1
1,0,1,[1 2],576.7999999999993,0.5,0.5,0.3157258427896178,SI,[2 1],-26.80000000000001,10,636.8999999999905,0.0,False,1
1,0,2,[1 2],576.7999999999993,0.5,0.5,0.2653012224138138,SI,[2 1],-26.80000000000001,10,636.8999999999905,0.0,False,1
1,0,3,[1 2],576.7999999999993,0.5,0.5,0.4044412582675708,SI,[2 1],-26.80000000000001,10,636.8999999999905,0.0,False,1
1,0,4,[1 2],576.7999999999993,0.5,0.5,0.15428484959509403,SI,[2 1],-26.80000000000001,10,636.8999999999905,0.0,False,1
2,0,0,[1 2],576.7999999999993,0.5,0.5,0.318274448228391,SI,[2 1],-26.80000000000001,10,636.8999999999905,0.0,False,1
2,0,1,[1 2],576.7999999999993,0.5,0.5,0.42472159139057275,SI,[2 1],-26.80000000000001,10,636.8999999999905,0.0,False,1
2,0,2,[1 2],576.7999999999993,0.5,0.5,0.01811820503887185,SI,[2 1],-26.80000000000001,10,636.8999999999905,0.0,False,1
2,0,3,[1 2],576.7999999999993,0.5,0.5,0.09212550061423841,SI,[2 1],-26.80000000000001,10,636.8999999999905,0.0,False,1
2,0,4,[1 2],576.7999999999993,0.5,0.5,0.11078101792314476,SI,[2 1],-26.80000000000001,10,636.8999999999905,0.0,False,1
3,0,0,[1 2],576.7999999999993,0.5,0.5,0.24682250043829201,SI,[2 1],-26.80000000000001,10,636.8999999999905,0.0,False,1
3,0,1,[1 2],576.7999999999993,0.5,0.5,0.03327233634362481,SI,[2 1],-26.80000000000001,10,636.8999999999905,0.0,False,1
3,0,2,[1 2],576.7999999999993,0.5,0.5,0.2971144907319343,SI,[2 1],-26.80000000000001,10,636.8999999999905,0.0,False,1
3,0,3,[1 2],576.7999999999993,0.5,0.5,0.4063943664027043,SI,[2 1],-26.80000000000001,10,636.8999999999905,0.0,False,1
3,0,4,[1 2],576.7999999999993,0.5,0.5,0.05166476897256145,SI,[2 1],-26.80000000000001,10,636.8999999999905,0.0,False,1
4,0,0,[1 2],576.7999999999993,0.5,0.5,0.39971359239931914,SI,[2 1],-26.80000000000001,10,636.8999999999905,0.0,False,1
4,0,1,[1 2],576.7999999999993,0.5,0.5,0.02705235408231421,SI,[2 1],-26.80000000000001,10,636.8999999999905,0.0,False,1
4,0,2,[1 2],576.7999999999993,0.5,0.5,0.24431103650938646,SI,[2 1],-26.80000000000001,10,636.8999999999905,0.0,False,1
4,0,3,[1 2],576.7999999999993,0.5,0.5,0.22336473766222165,SI,[2 1],-26.80000000000001,10,636.8999999999905,0.0,False,1
4,0,4,[1 2],576.7999999999993,0.5,0.5,0.20703019579533655,SI,[2 1],-26.80000000000001,10,636.8999999999905,0.0,False,1
5,0,0,[1 2],576.7999999999993,0.5,0.5,0.1155412096167564,SI,[2 1],-26.80000000000001,10,636.8999999999905,0.0,False,1
5,0,1,[1 2],576.7999999999993,0.5,0.5,0.06755378497196995,SI,[2 1],-26.80000000000001,10,636.8999999999905,0.0,False,1
5,0,2,[1 2],576.7999999999993,0.5,0.5,0.4327011382124787,SI,[2 1],-26.80000000000001,10,636.8999999999905,0.0,False,1
5,0,3,[1 2],576.7999999999993,0.5,0.5,0.014722125254466034,SI,[2 1],-26.80000000000001,10,636.8999999999905,0.0,False,1
5,0,4,[1 2],576.7999999999993,0.5,0.5,0.20102493159599155,SI,[2 1],-26.80000000000001,10,636.8999999999905,0.0,False,1
6,0,0,[1 2],576.7999999999993,0.5,0.5,0.1316230966412144,SI,[2 1],-26.80000000000001,10,636.8999999999905,0.0,False,1
6,0,1,[1 2],576.7999999999993,0.5,0.5,0.22952689059339704,SI,[2 1],-26.80000000000001,10,636.8999999999905,0.0,False,1
6,0,2,[1 2],576.7999999999993,0.5,0.5,0.10266510278926877,SI,[2 1],-26.80000000000001,10,636.8999999999905,0.0,False,1
6,0,3,[1 2],576.7999999999993,0.5,0.5,0.10199847637657122,SI,[2 1],-26.80000000000001,10,636.8999999999905,0.0,False,1
6,0,4,[1 2],576.7999999999993,0.5,0.5,0.40150571613351926,SI,[2 1],-26.80000000000001,10,636.8999999999905,0.0,False,1
7,0,0,[1 2],576.7999999999993,0.5,0.5,0.2845819108055708,SI,[2 1],-26.80000000000001,10,636.8999999999905,0.0,False,1
7,0,1,[1 2],576.7999999999993,0.5,0.5,0.2260809578567522,SI,[2 1],-26.80000000000001,10,636.8999999999905,0.0,False,1
7,0,2,[1 2],576.7999999999993,0.5,0.5,0.27936539556801054,SI,[2 1],-26.80000000000001,10,636.8999999999905,0.0,False,1
7,0,3,[1 2],576.7999999999993,0.5,0.5,0.00912819314249469,SI,[2 1],-26.80000000000001,10,636.8999999999905,0.0,False,1
7,0,4,[1 2],576.7999999999993,0.5,0.5,0.24089229580479188,SI,[2 1],-26.80000000000001,10,636.8999999999905,0.0,False,1
8,0,0,[1 2],576.7999999999993,0.5,0.5,0.22763977277261305,SI,[2 1],-26.80000000000001,10,636.8999999999905,0.0,False,1
8,0,1,[1 2],576.7999999999993,0.5,0.5,0.20583804394764182,SI,[2 1],-26.80000000000001,10,636.8999999999905,0.0,False,1
8,0,2,[1 2],576.7999999999993,0.5,0.5,0.17123187579773558,SI,[2 1],-26.80000000000001,10,636.8999999999905,0.0,False,1
8,0,3,[1 2],576.7999999999993,0.5,0.5,0.046317307876517666,SI,[2 1],-26.80000000000001,10,636.8999999999905,0.0,False,1
8,0,4,[1 2],576.7999999999993,0.5,0.5,0.23217773769139394,SI,[2 1],-26.80000000000001,10,636.8999999999905,0.0,False,1
9,0,0,[1 2],576.7999999999993,0.5,0.5,0.30613774829207574,SI,[2 1],-26.80000000000001,10,636.8999999999905,0.0,False,1
9,0,1,[1 2],576.7999999999993,0.5,0.5,0.3611599904465319,SI,[2 1],-26.80000000000001,10,636.8999999999905,0.0,False,1
9,0,2,[1 2],576.7999999999993,0.5,0.5,0.2321983501260656,SI,[2 1],-26.80000000000001,10,636.8999999999905,0.0,False,1
9,0,3,[1 2],576.7999999999993,0.5,0.5,0.40336790408664625,SI,[2 1],-26.80000000000001,10,636.8999999999905,0.0,False,1
9,0,4,[1 2],576.7999999999993,0.5,0.5,0.3787554516971188,SI,[2 1],-26.80000000000001,10,636.8999999999905,0.0,False,1
10,0,0,[1 2],576.7999999999993,0.5,0.5,0.07663392634578858,SI,[2 1],-26.80000000000001,10,636.8999999999905,0.0,False,1
10,0,1,[1 2],576.7999999999993,0.5,0.5,0.187159948525905,SI,[2 1],-26.80000000000001,10,636.8999999999905,0.0,False,1
10,0,2,[1 2],576.7999999999993,0.5,0.5,0.1454177510899416,SI,[2 1],-26.80000000000001,10,636.8999999999905,0.0,False,1
10,0,3,[1 2],576.7999999999993,0.5,0.5,0.03070339532797106,SI,[2 1],-26.80000000000001,10,636.8999999999905,0.0,False,1
10,0,4,[1 2],576.7999999999993,0.5,0.5,0.29460248993347316,SI,[2 1],-26.80000000000001,10,636.8999999999905,0.0,False,1
11,0,0,[1 2],576.7999999999993,0.5,0.5,0.42506169457654963,SI,[2 1],-26.80000000000001,10,636.8999999999905,0.0,False,1
11,0,1,[1 2],576.7999999999993,0.5,0.5,0.14912053496303646,SI,[2 1],-26.80000000000001,10,636.8999999999905,0.0,False,1
11,0,2,[1 2],576.7999999999993,0.5,0.5,0.019532070301103155,SI,[2 1],-26.80000000000001,10,636.8999999999905,0.0,False,1
11,0,3,[1 2],576.7999999999993,0.5,0.5,0.4880579878436274,SI,[2 1],-26.80000000000001,10,636.8999999999905,0.0,False,1
11,0,4,[1 2],576.7999999999993,0.5,0.5,0.1304894771391979,SI,[2 1],-26.80000000000001,10,636.8999999999905,0.0,False,1
12,0,0,[1 2],576.7999999999993,0.5,0.5,0.33673224000995006,SI,[2 1],-26.80000000000001,10,636.8999999999905,0.0,False,1
12,0,1,[1 2],576.7999999999993,0.5,0.5,0.20899190695505565,SI,[2 1],-26.80000000000001,10,636.8999999999905,0.0,False,1
12,0,2,[1 2],576.7999999999993,0.5,0.5,0.0032932052155326685,SI,[2 1],-26.80000000000001,10,636.8999999999905,0.0,False,1
12,0,3,[1 2],576.7999999999993,0.5,0.5,0.15291902728463802,SI,[2 1],-26.80000000000001,10,636.8999999999905,0.0,False,1
12,0,4,[1 2],576.7999999999993,0.5,0.5,0.49007624713070164,SI,[2 1],-26.80000000000001,10,636.8999999999905,0.0,False,1
13,0,0,[1 2],576.7999999999993,0.5,0.5,0.4670308384932984,SI,[2 1],-26.80000000000001,10,636.8999999999905,0.0,False,1
13,0,1,[1 2],576.7999999999993,0.5,0.5,0.3971971781746225,SI,[2 1],-26.80000000000001,10,636.8999999999905,0.0,False,1
13,0,2,[1 2],576.7999999999993,0.5,0.5,0.36250650371126547,SI,[2 1],-26.80000000000001,10,636.8999999999905,0.0,False,1
13,0,3,[1 2],576.7999999999993,0.5,0.5,0.0342162770737916,SI,[2 1],-26.80000000000001,10,636.8999999999905,0.0,False,1
13,0,4,[1 2],576.7999999999993,0.5,0.5,0.3451376623135616,SI,[2 1],-26.80000000000001,10,636.8999999999905,0.0,False,1
14,0,0,[1 2],576.7999999999993,0.5,0.5,0.12582938016540313,SI,[2 1],-26.80000000000001,10,636.8999999999905,0.0,False,1
14,0,1,[1 2],576.7999999999993,0.5,0.5,0.11504654848254081,SI,[2 1],-26.80000000000001,10,636.8999999999905,0.0,False,1
14,0,2,[1 2],576.7999999999993,0.5,0.5,0.16838162073325857,SI,[2 1],-26.80000000000001,10,636.8999999999905,0.0,False,1
14,0,3,[1 2],576.7999999999993,0.5,0.5,0.021659583130765103,SI,[2 1],-26.80000000000001,10,636.8999999999905,0.0,False,1
14,0,4,[1 2],576.7999999999993,0.5,0.5,0.2106342254530118,SI,[2 1],-26.80000000000001,10,636.8999999999905,0.0,False,1
15,0,0,[1 2],576.7999999999993,0.5,0.5,0.18589359823272966,SI,[2 1],-26.80000000000001,10,636.8999999999905,0.0,False,1
15,0,1,[1 2],576.7999999999993,0.5,0.5,0.16802480056819358,SI,[2 1],-26.80000000000001,10,636.8999999999905,0.0,False,1
15,0,2,[1 2],576.7999999999993,0.5,0.5,0.28694023668831226,SI,[2 1],-26.80000000000001,10,636.8999999999905,0.0,False,1
15,0,3,[1 2],576.7999999999993,0.5,0.5,0.4686587060700421,SI,[2 1],-26.80000000000001,10,636.8999999999905,0.0,False,1
15,0,4,[1 2],576.7999999999993,0.5,0.5,0.47995738570097835,SI,[2 1],-26.80000000000001,10,636.8999999999905,0.0,False,1
16,0,0,[1 2],576.7999999999993,0.5,0.5,0.12267900843106716,SI,[2 1],-26.80000000000001,10,636.8999999999905,0.0,False,1
16,0,1,[1 2],576.7999999999993,0.5,0.5,0.23963512330469383,SI,[2 1],-26.80000000000001,10,636.8999999999905,0.0,False,1
16,0,2,[1 2],576.7999999999993,0.5,0.5,0.056954487535109344,SI,[2 1],-26.80000000000001,10,636.8999999999905,0.0,False,1
16,0,3,[1 2],576.7999999999993,0.5,0.5,0.40545204641898347,SI,[2 1],-26.80000000000001,10,636.8999999999905,0.0,False,1
16,0,4,[1 2],576.7999999999993,0.5,0.5,0.49363627759329387,SI,[2 1],-26.80000000000001,10,636.8999999999905,0.0,False,1
17,0,0,[1 2],576.7999999999993,0.5,0.5,0.17882814738926,SI,[2 1],-26.80000000000001,10,636.8999999999905,0.0,False,1
17,0,1,[1 2],576.7999999999993,0.5,0.5,0.3414856364428779,SI,[2 1],-26.80000000000001,10,636.8999999999905,0.0,False,1
17,0,2,[1 2],576.7999999999993,0.5,0.5,0.28710143696487,SI,[2 1],-26.80000000000001,10,636.8999999999905,0.0,False,1
17,0,3,[1 2],576.7999999999993,0.5,0.5,0.42130339227181723,SI,[2 1],-26.80000000000001,10,636.8999999999905,0.0,False,1
17,0,4,[1 2],576.7999999999993,0.5,0.5,0.10283672113097353,SI,[2 1],-26.80000000000001,10,636.8999999999905,0.0,False,1
18,0,0,[1 2],576.7999999999993,0.5,0.5,0.18945330626019508,SI,[2 1],-26.80000000000001,10,636.8999999999905,0.0,False,1
18,0,1,[1 2],576.7999999999993,0.5,0.5,0.32061534030330496,SI,[2 1],-26.80000000000001,10,636.8999999999905,0.0,False,1
18,0,2,[1 2],576.7999999999993,0.5,0.5,0.002809274590450883,SI,[2 1],-26.80000000000001,10,636.8999999999905,0.0,False,1
18,0,3,[1 2],576.7999999999993,0.5,0.5,0.22108654331783417,SI,[2 1],-26.80000000000001,10,636.8999999999905,0.0,False,1
18,0,4,[1 2],576.7999999999993,0.5,0.5,0.4493164252062277,SI,[2 1],-26.80000000000001,10,636.8999999999905,0.0,False,1
19,0,0,[1 2],576.7999999999993,0.5,0.5,0.33334715982775187,SI,[2 1],-26.80000000000001,10,636.8999999999905,0.0,False,1
19,0,1,[1 2],576.7999999999993,0.5,0.5,0.3808602026331397,SI,[2 1],-26.80000000000001,10,636.8999999999905,0.0,False,1
19,0,2,[1 2],576.7999999999993,0.5,0.5,0.22629971998484644,SI,[2 1],-26.80000000000001,10,636.8999999999905,0.0,False,1
19,0,3,[1 2],576.7999999999993,0.5,0.5,0.3295312871926158,SI,[2 1],-26.80000000000001,10,636.8999999999905,0.0,False,1
19,0,4,[1 2],576.7999999999993,0.5,0.5,0.2541775208648309,SI,[2 1],-26.80000000000001,10,636.8999999999905,0.0,False,1
20,0,0,[1 2],576.7999999999993,0.5,0.5,0.19763027342924278,SI,[2 1],-26.80000000000001,10,636.8999999999905,0.0,False,1
20,0,1,[1 2],576.7999999999993,0.5,0.5,0.11305874547454342,SI,[2 1],-26.80000000000001,10,636.8999999999905,0.0,False,1
20,0,2,[1 2],576.7999999999993,0.5,0.5,0.20190757817353966,SI,[2 1],-26.80000000000001,10,636.8999999999905,0.0,False,1
20,0,3,[1 2],576.7999999999993,0.5,0.5,0.14161008955724497,SI,[2 1],-26.80000000000001,10,636.8999999999905,0.0,False,1
20,0,4,[1 2],576.7999999999993,0.5,0.5,0.40113000292369994,SI,[2 1],-26.80000000000001,10,636.8999999999905,0.0,False,1
21,0,0,[1 2],576.7999999999993,0.5,0.5,0.37354522838474813,SI,[2 1],-26.80000000000001,10,636.8999999999905,0.0,False,1
21,0,1,[1 2],576.7999999999993,0.5,0.5,0.3973208389618118,SI,[2 1],-26.80000000000001,10,636.8999999999905,0.0,False,1
21,0,2,[1 2],576.7999999999993,0.5,0.5,0.2000944681765795,SI,[2 1],-26.80000000000001,10,636.8999999999905,0.0,False,1
21,0,3,[1 2],576.7999999999993,0.5,0.5,0.45120505324264226,SI,[2 1],-26.80000000000001,10,636.8999999999905,0.0,False,1
21,0,4,[1 2],576.7999999999993,0.5,0.5,0.237011702624926,SI,[2 1],-26.80000000000001,10,636.8999999999905,0.0,False,1
22,0,0,[1 2],576.7999999999993,0.5,0.5,0.0944231510175868,SI,[2 1],-26.80000000000001,10,636.8999999999905,0.0,False,1
22,0,1,[1 2],576.7999999999993,0.5,0.5,0.3082906963526758,SI,[2 1],-26.80000000000001,10,636.8999999999905,0.0,False,1
22,0,2,[1 2],576.7999999999993,0.5,0.5,0.07760711928641861,SI,[2 1],-26.80000000000001,10,636.8999999999905,0.0,False,1
22,0,3,[1 2],576.7999999999993,0.5,0.5,0.16302332813589704,SI,[2 1],-26.80000000000001,10,636.8999999999905,0.0,False,1
22,0,4,[1 2],576.7999999999993,0.5,0.5,0.05729145991675155,SI,[2 1],-26.80000000000001,10,636.8999999999905,0.0,False,1
23,0,0,[1 2],576.7999999999993,0.5,0.5,0.20895682546576544,SI,[2 1],-26.80000000000001,10,636.8999999999905,0.0,False,1
23,0,1,[1 2],576.7999999999993,0.5,0.5,0.3499565076869453,SI,[2 1],-26.80000000000001,10,636.8999999999905,0.0,False,1
23,0,2,[1 2],576.7999999999993,0.5,0.5,0.3521597530177306,SI,[2 1],-26.80000000000001,10,636.8999999999905,0.0,False,1
23,0,3,[1 2],576.7999999999993,0.5,0.5,0.08343868014481115,SI,[2 1],-26.80000000000001,10,636.8999999999905,0.0,False,1
23,0,4,[1 2],576.7999999999993,0.5,0.5,0.3642077864865959,SI,[2 1],-26.80000000000001,10,636.8999999999905,0.0,False,1
24,0,0,[1 2],576.7999999999993,0.5,0.5,0.3759656041808196,SI,[2 1],-26.80000000000001,10,636.8999999999905,0.0,False,1
24,0,1,[1 2],576.7999999999993,0.5,0.5,0.49882679648095085,SI,[2 1],-26.80000000000001,10,636.8999999999905,0.0,False,1
24,0,2,[1 2],576.7999999999993,0.5,0.5,0.39552669220219616,SI,[2 1],-26.80000000000001,10,636.8999999999905,0.0,False,1
24,0,3,[1 2],576.7999999999993,0.5,0.5,0.2359752664173167,SI,[2 1],-26.80000000000001,10,636.8999999999905,0.0,False,1
24,0,4,[1 2],576.7999999999993,0.5,0.5,0.3912535543131036,SI,[2 1],-26.80000000000001,10,636.8999999999905,0.0,False,1
25,0,0,[1 2],576.7999999999993,0.5,0.5,0.09308430676017854,SI,[2 1],-26.80000000000001,10,636.8999999999905,0.0,False,1
25,0,1,[1 2],576.7999999999993,0.5,0.5,0.2842458009146561,SI,[2 1],-26.80000000000001,10,636.8999999999905,0.0,False,1
25,0,2,[1 2],576.7999999999993,0.5,0.5,0.22223516583741676,SI,[2 1],-26.80000000000001,10,636.8999999999905,0.0,False,1
25,0,3,[1 2],576.7999999999993,0.5,0.5,0.1338133364794618,SI,[2 1],-26.80000000000001,10,636.8999999999905,0.0,False,1
25,0,4,[1 2],576.7999999999993,0.5,0.5,0.27930404514780227,SI,[2 1],-26.80000000000001,10,636.8999999999905,0.0,False,1
26,0,0,[1 2],576.7999999999993,0.5,0.5,0.31147905296381684,SI,[2 1],-26.80000000000001,10,636.8999999999905,0.0,False,1
26,0,1,[1 2],576.7999999999993,0.5,0.5,0.1393744463303419,SI,[2 1],-26.80000000000001,10,636.8999999999905,0.0,False,1
26,0,2,[1 2],576.7999999999993,0.5,0.5,0.22728886292457295,SI,[2 1],-26.80000000000001,10,636.8999999999905,0.0,False,1
26,0,3,[1 2],576.7999999999993,0.5,0.5,0.49220044031729593,SI,[2 1],-26.80000000000001,10,636.8999999999905,0.0,False,1
26,0,4,[1 2],576.7999999999993,0.5,0.5,0.3653228284344443,SI,[2 1],-26.80000000000001,10,636.8999999999905,0.0,False,1
27,0,0,[1 2],576.7999999999993,0.5,0.5,0.09642174216387789,SI,[2 1],-26.80000000000001,10,636.8999999999905,0.0,False,1
27,0,1,[1 2],576.7999999999993,0.5,0.5,0.4763864129519867,SI,[2 1],-26.80000000000001,10,636.8999999999905,0.0,False,1
27,0,2,[1 2],576.7999999999993,0.5,0.5,0.11153421246072426,SI,[2 1],-26.80000000000001,10,636.8999999999905,0.0,False,1
27,0,3,[1 2],576.7999999999993,0.5,0.5,0.32751714244887975,SI,[2 1],-26.80000000000001,10,636.8999999999905,0.0,False,1
27,0,4,[1 2],576.7999999999993,0.5,0.5,0.48097344928774033,SI,[2 1],-26.80000000000001,10,636.8999999999905,0.0,False,1
28,0,0,[1 2],576.7999999999993,0.5,0.5,0.14047046054769863,SI,[2 1],-26.80000000000001,10,636.8999999999905,0.0,False,1
28,0,1,[1 2],576.7999999999993,0.5,0.5,0.21303948692593044,SI,[2 1],-26.80000000000001,10,636.8999999999905,0.0,False,1
28,0,2,[1 2],576.7999999999993,0.5,0.5,0.4266676814341783,SI,[2 1],-26.80000000000001,10,636.8999999999905,0.0,False,1
28,0,3,[1 2],576.7999999999993,0.5,0.5,0.19400652562599097,SI,[2 1],-26.80000000000001,10,636.8999999999905,0.0,False,1
28,0,4,[1 2],576.7999999999993,0.5,0.5,0.13600173903887924,SI,[2 1],-26.80000000000001,10,636.8999999999905,0.0,False,1
29,0,0,[1 2],576.7999999999993,0.5,0.5,0.1743233614196772,SI,[2 1],-26.80000000000001,10,636.8999999999905,0.0,False,1
29,0,1,[1 2],576.7999999999993,0.5,0.5,0.0780068763988484,SI,[2 1],-26.80000000000001,10,636.8999999999905,0.0,False,1
29,0,2,[1 2],576.7999999999993,0.5,0.5,0.15146064068221965,SI,[2 1],-26.80000000000001,10,636.8999999999905,0.0,False,1
29,0,3,[1 2],576.7999999999993,0.5,0.5,0.36876152719819466,SI,[2 1],-26.80000000000001,10,636.8999999999905,0.0,False,1
29,0,4,[1 2],576.7999999999993,0.5,0.5,0.3478613645023759,SI,[2 1],-26.80000000000001,10,636.8999999999905,0.0,False,1
30,0,0,[1 2],576.7999999999993,0.5,0.5,0.4574472938517642,SI,[2 1],-26.80000000000001,10,636.8999999999905,0.0,False,1
30,0,1,[1 2],576.7999999999993,0.5,0.5,0.3439311468972738,SI,[2 1],-26.80000000000001,10,636.8999999999905,0.0,False,1
30,0,2,[1 2],576.7999999999993,0.5,0.5,0.07811095103116061,SI,[2 1],-26.80000000000001,10,636.8999999999905,0.0,False,1
30,0,3,[1 2],576.7999999999993,0.5,0.5,0.40003384318132174,SI,[2 1],-26.80000000000001,10,636.8999999999905,0.0,False,1
30,0,4,[1 2],576.7999999999993,0.5,0.5,0.012554583558851418,SI,[2 1],-26.80000000000001,10,636.8999999999905,0.0,False,1
31,0,0,[1 2],576.7999999999993,0.5,0.5,0.36847589531931335,SI,[2 1],-26.80000000000001,10,636.8999999999905,0.0,False,1
31,0,1,[1 2],576.7999999999993,0.5,0.5,0.4454212521727928,SI,[2 1],-26.80000000000001,10,636.8999999999905,0.0,False,1
31,0,2,[1 2],576.7999999999993,0.5,0.5,0.4515372949578651,SI,[2 1],-26.80000000000001,10,636.8999999999905,0.0,False,1
31,0,3,[1 2],576.7999999999993,0.5,0.5,0.47093169527482914,SI,[2 1],-26.80000000000001,10,636.8999999999905,0.0,False,1
31,0,4,[1 2],576.7999999999993,0.5,0.5,0.444641791436459,SI,[2 1],-26.80000000000001,10,636.8999999999905,0.0,False,1
32,0,0,[1 2],576.7999999999993,0.5,0.5,0.027692463202107387,SI,[2 1],-26.80000000000001,10,636.8999999999905,0.0,False,1
32,0,1,[1 2],576.7999999999993,0.5,0.5,0.3365769223308075,SI,[2 1],-26.80000000000001,10,636.8999999999905,0.0,False,1
32,0,2,[1 2],576.7999999999993,0.5,0.5,0.43935877831544956,SI,[2 1],-26.80000000000001,10,636.8999999999905,0.0,False,1
32,0,3,[1 2],576.7999999999993,0.5,0.5,0.15434074749928262,SI,[2 1],-26.80000000000001,10,636.8999999999905,0.0,False,1
32,0,4,[1 2],576.7999999999993,0.5,0.5,0.001375796713908306,SI,[2 1],-26.80000000000001,10,636.8999999999905,0.0,False,1
33,0,0,[1 2],576.7999999999993,0.5,0.5,0.15945743085434905,SI,[2 1],-26.80000000000001,10,636.8999999999905,0.0,False,1
33,0,1,[1 2],576.7999999999993,0.5,0.5,0.07422129195370863,SI,[2 1],-26.80000000000001,10,636.8999999999905,0.0,False,1
33,0,2,[1 2],576.7999999999993,0.5,0.5,0.43497010776185874,SI,[2 1],-26.80000000000001,10,636.8999999999905,0.0,False,1
33,0,3,[1 2],576.7999999999993,0.5,0.5,0.12791689439997234,SI,[2 1],-26.80000000000001,10,636.8999999999905,0.0,False,1
33,0,4,[1 2],576.7999999999993,0.5,0.5,0.20316912190930336,SI,[2 1],-26.80000000000001,10,636.8999999999905,0.0,False,1
34,0,0,[1 2],576.7999999999993,0.5,0.5,0.12937090985327449,SI,[2 1],-26.80000000000001,10,636.8999999999905,0.0,False,1
34,0,1,[1 2],576.7999999999993,0.5,0.5,0.052544134005922616,SI,[2 1],-26.80000000000001,10,636.8999999999905,0.0,False,1
34,0,2,[1 2],576.7999999999993,0.5,0.5,0.46618396902023873,SI,[2 1],-26.80000000000001,10,636.8999999999905,0.0,False,1
34,0,3,[1 2],576.7999999999993,0.5,0.5,0.06594072391134176,SI,[2 1],-26.80000000000001,10,636.8999999999905,0.0,False,1
34,0,4,[1 2],576.7999999999993,0.5,0.5,0.3489308510446443,SI,[2 1],-26.80000000000001,10,636.8999999999905,0.0,False,1
35,0,0,[1 2],576.7999999999993,0.5,0.5,0.14925715232408376,SI,[2 1],-26.80000000000001,10,636.8999999999905,0.0,False,1
35,0,1,[1 2],576.7999999999993,0.5,0.5,0.40026148420870034,SI,[2 1],-26.80000000000001,10,636.8999999999905,0.0,False,1
35,0,2,[1 2],576.7999999999993,0.5,0.5,0.024892694481034594,SI,[2 1],-26.80000000000001,10,636.8999999999905,0.0,False,1
35,0,3,[1 2],576.7999999999993,0.5,0.5,0.23299765550093055,SI,[2 1],-26.80000000000001,10,636.8999999999905,0.0,False,1
35,0,4,[1 2],576.7999999999993,0.5,0.5,0.4234946583213126,SI,[2 1],-26.80000000000001,10,636.8999999999905,0.0,False,1
36,0,0,[1 2],576.7999999999993,0.5,0.5,0.11759408444620689,SI,[2 1],-26.80000000000001,10,636.8999999999905,0.0,False,1
36,0,1,[1 2],576.7999999999993,0.5,0.5,0.4761347099997755,SI,[2 1],-26.80000000000001,10,636.8999999999905,0.0,False,1
36,0,2,[1 2],576.7999999999993,0.5,0.5,0.21682853316630135,SI,[2 1],-26.80000000000001,10,636.8999999999905,0.0,False,1
36,0,3,[1 2],576.7999999999993,0.5,0.5,0.4758884931377044,SI,[2 1],-26.80000000000001,10,636.8999999999905,0.0,False,1
36,0,4,[1 2],576.7999999999993,0.5,0.5,0.26275992513143287,SI,[2 1],-26.80000000000001,10,636.8999999999905,0.0,False,1
37,0,0,[1 2],576.7999999999993,0.5,0.5,0.432790271917755,SI,[2 1],-26.80000000000001,10,636.8999999999905,0.0,False,1
37,0,1,[1 2],576.7999999999993,0.5,0.5,0.47711202788982954,SI,[2 1],-26.80000000000001,10,636.8999999999905,0.0,False,1
37,0,2,[1 2],576.7999999999993,0.5,0.5,0.22083691521876903,SI,[2 1],-26.80000000000001,10,636.8999999999905,0.0,False,1
37,0,3,[1 2],576.7999999999993,0.5,0.5,0.2588535903374324,SI,[2 1],-26.80000000000001,10,636.8999999999905,0.0,False,1
37,0,4,[1 2],576.7999999999993,0.5,0.5,0.2668597806443509,SI,[2 1],-26.80000000000001,10,636.8999999999905,0.0,False,1
38,0,0,[1 2],576.7999999999993,0.5,0.5,0.1153486558724015,SI,[2 1],-26.80000000000001,10,636.8999999999905,0.0,False,1
38,0,1,[1 2],576.7999999999993,0.5,0.5,0.2980607848122525,SI,[2 1],-26.80000000000001,10,636.8999999999905,0.0,False,1
38,0,2,[1 2],576.7999999999993,0.5,0.5,0.19394376560771587,SI,[2 1],-26.80000000000001,10,636.8999999999905,0.0,False,1
38,0,3,[1 2],576.7999999999993,0.5,0.5,0.14575805358397587,SI,[2 1],-26.80000000000001,10,636.8999999999905,0.0,False,1
38,0,4,[1 2],576.7999999999993,0.5,0.5,0.4672346166062673,SI,[2 1],-26.80000000000001,10,636.8999999999905,0.0,False,1
39,0,0,[1 2],576.7999999999993,0.5,0.5,0.24728306394646415,SI,[2 1],-26.80000000000001,10,636.8999999999905,0.0,False,1
39,0,1,[1 2],576.7999999999993,0.5,0.5,0.08451006095159519,SI,[2 1],-26.80000000000001,10,636.8999999999905,0.0,False,1
39,0,2,[1 2],576.7999999999993,0.5,0.5,0.17557759099326398,SI,[2 1],-26.80000000000001,10,636.8999999999905,0.0,False,1
39,0,3,[1 2],576.7999999999993,0.5,0.5,0.19194069227940713,SI,[2 1],-26.80000000000001,10,636.8999999999905,0.0,False,1
39,0,4,[1 2],576.7999999999993,0.5,0.5,0.4377944018773766,SI,[2 1],-26.80000000000001,10,636.8999999999905,0.0,False,1
40,0,0,[1 2],576.7999999999993,0.5,0.5,0.46453761195882404,SI,[2 1],-26.80000000000001,10,636.8999999999905,0.0,False,1
40,0,1,[1 2],576.7999999999993,0.5,0.5,0.10981169586434436,SI,[2 1],-26.80000000000001,10,636.8999999999905,0.0,False,1
40,0,2,[1 2],576.7999999999993,0.5,0.5,0.41816831324180503,SI,[2 1],-26.80000000000001,10,636.8999999999905,0.0,False,1
40,0,3,[1 2],576.7999999999993,0.5,0.5,0.13528850611877108,SI,[2 1],-26.80000000000001,10,636.8999999999905,0.0,False,1
40,0,4,[1 2],576.7999999999993,0.5,0.5,0.40628627151407504,SI,[2 1],-26.80000000000001,10,636.8999999999905,0.0,False,1
41,0,0,[1 2],576.7999999999993,0.5,0.5,0.16086155132069102,SI,[2 1],-26.80000000000001,10,636.8999999999905,0.0,False,1
41,0,1,[1 2],576.7999999999993,0.5,0.5,0.3996609343638525,SI,[2 1],-26.80000000000001,10,636.8999999999905,0.0,False,1
41,0,2,[1 2],576.7999999999993,0.5,0.5,0.07202367855279257,SI,[2 1],-26.80000000000001,10,636.8999999999905,0.0,False,1
41,0,3,[1 2],576.7999999999993,0.5,0.5,0.4441655880051212,SI,[2 1],-26.80000000000001,10,636.8999999999905,0.0,False,1
41,0,4,[1 2],576.7999999999993,0.5,0.5,0.244850253348177,SI,[2 1],-26.80000000000001,10,636.8999999999905,0.0,False,1
42,0,0,[1 2],576.7999999999993,0.5,0.5,0.21565560592413713,SI,[2 1],-26.80000000000001,10,636.8999999999905,0.0,False,1
42,0,1,[1 2],576.7999999999993,0.5,0.5,0.17182649317179954,SI,[2 1],-26.80000000000001,10,636.8999999999905,0.0,False,1
42,0,2,[1 2],576.7999999999993,0.5,0.5,0.09900191818553061,SI,[2 1],-26.80000000000001,10,636.8999999999905,0.0,False,1
42,0,3,[1 2],576.7999999999993,0.5,0.5,0.2184998358279926,SI,[2 1],-26.80000000000001,10,636.8999999999905,0.0,False,1
42,0,4,[1 2],576.7999999999993,0.5,0.5,0.06958692723180948,SI,[2 1],-26.80000000000001,10,636.8999999999905,0.0,False,1
43,0,0,[1 2],576.7999999999993,0.5,0.5,0.27849452567891053,SI,[2 1],-26.80000000000001,10,636.8999999999905,0.0,False,1
43,0,1,[1 2],576.7999999999993,0.5,0.5,0.1882967718213282,SI,[2 1],-26.80000000000001,10,636.8999999999905,0.0,False,1
43,0,2,[1 2],576.7999999999993,0.5,0.5,0.4777564312434801,SI,[2 1],-26.80000000000001,10,636.8999999999905,0.0,False,1
43,0,3,[1 2],576.7999999999993,0.5,0.5,0.10420738153738818,SI,[2 1],-26.80000000000001,10,636.8999999999905,0.0,False,1
43,0,4,[1 2],576.7999999999993,0.5,0.5,0.4041735414689944,SI,[2 1],-26.80000000000001,10,636.8999999999905,0.0,False,1
44,0,0,[1 2],576.7999999999993,0.5,0.5,0.3665726394370773,SI,[2 1],-26.80000000000001,10,636.8999999999905,0.0,False,1
44,0,1,[1 2],576.7999999999993,0.5,0.5,0.035492403023591024,SI,[2 1],-26.80000000000001,10,636.8999999999905,0.0,False,1
44,0,2,[1 2],576.7999999999993,0.5,0.5,0.3241880319047743,SI,[2 1],-26.80000000000001,10,636.8999999999905,0.0,False,1
44,0,3,[1 2],576.7999999999993,0.5,0.5,0.008853804985697877,SI,[2 1],-26.80000000000001,10,636.8999999999905,0.0,False,1
44,0,4,[1 2],576.7999999999993,0.5,0.5,0.260879113339085,SI,[2 1],-26.80000000000001,10,636.8999999999905,0.0,False,1
45,0,0,[1 2],576.7999999999993,0.5,0.5,0.29801375511138173,SI,[2 1],-26.80000000000001,10,636.8999999999905,0.0,False,1
45,0,1,[1 2],576.7999999999993,0.5,0.5,0.11996656666035566,SI,[2 1],-26.80000000000001,10,636.8999999999905,0.0,False,1
45,0,2,[1 2],576.7999999999993,0.5,0.5,0.42011589240017533,SI,[2 1],-26.80000000000001,10,636.8999999999905,0.0,False,1
45,0,3,[1 2],576.7999999999993,0.5,0.5,0.4440438057092071,SI,[2 1],-26.80000000000001,10,636.8999999999905,0.0,False,1
45,0,4,[1 2],576.7999999999993,0.5,0.5,0.23107885160594854,SI,[2 1],-26.80000000000001,10,636.8999999999905,0.0,False,1
46,0,0,[1 2],576.7999999999993,0.5,0.5,0.33373112708607444,SI,[2 1],-26.80000000000001,10,636.8999999999905,0.0,False,1
46,0,1,[1 2],576.7999999999993,0.5,0.5,0.0036654706529177794,SI,[2 1],-26.80000000000001,10,636.8999999999905,0.0,False,1
46,0,2,[1 2],576.7999999999993,0.5,0.5,0.043308807397806626,SI,[2 1],-26.80000000000001,10,636.8999999999905,0.0,False,1
46,0,3,[1 2],576.7999999999993,0.5,0.5,0.26969956739005807,SI,[2 1],-26.80000000000001,10,636.8999999999905,0.0,False,1
46,0,4,[1 2],576.7999999999993,0.5,0.5,0.3457552230976729,SI,[2 1],-26.80000000000001,10,636.8999999999905,0.0,False,1
47,0,0,[1 2],576.7999999999993,0.5,0.5,0.027016359781800614,SI,[2 1],-26.80000000000001,10,636.8999999999905,0.0,False,1
47,0,1,[1 2],576.7999999999993,0.5,0.5,0.3181290663541333,SI,[2 1],-26.80000000000001,10,636.8999999999905,0.0,False,1
47,0,2,[1 2],576.7999999999993,0.5,0.5,0.4758802694017068,SI,[2 1],-26.80000000000001,10,636.8999999999905,0.0,False,1
47,0,3,[1 2],576.7999999999993,0.5,0.5,0.28911695843134644,SI,[2 1],-26.80000000000001,10,636.8999999999905,0.0,False,1
47,0,4,[1 2],576.7999999999993,0.5,0.5,0.293176438493168,SI,[2 1],-26.80000000000001,10,636.8999999999905,0.0,False,1
48,0,0,[1 2],576.7999999999993,0.5,0.5,0.09771068305844754,SI,[2 1],-26.80000000000001,10,636.8999999999905,0.0,False,1
48,0,1,[1 2],576.7999999999993,0.5,0.5,0.1198366271899236,SI,[2 1],-26.80000000000001,10,636.8999999999905,0.0,False,1
48,0,2,[1 2],576.7999999999993,0.5,0.5,0.14881091924027445,SI,[2 1],-26.80000000000001,10,636.8999999999905,0.0,False,1
48,0,3,[1 2],576.7999999999993,0.5,0.5,0.11641390272684426,SI,[2 1],-26.80000000000001,10,636.8999999999905,0.0,False,1
48,0,4,[1 2],576.7999999999993,0.5,0.5,0.4161338744537104,SI,[2 1],-26.80000000000001,10,636.8999999999905,0.0,False,1
49,0,0,[1 2],576.7999999999993,0.5,0.5,0.39945677820212855,SI,[2 1],-26.80000000000001,10,636.8999999999905,0.0,False,1
49,0,1,[1 2],576.7999999999993,0.5,0.5,0.2656044839338819,SI,[2 1],-26.80000000000001,10,636.8999999999905,0.0,False,1
49,0,2,[1 2],576.7999999999993,0.5,0.5,0.049436935459560294,SI,[2 1],-26.80000000000001,10,636.8999999999905,0.0,False,1
49,0,3,[1 2],576.7999999999993,0.5,0.5,0.11448045459546408,SI,[2 1],-26.80000000000001,10,636.8999999999905,0.0,False,1
49,0,4,[1 2],576.7999999999993,0.5,0.5,0.29086138638167414,SI,[2 1],-26.80000000000001,10,636.8999999999905,0.0,False,1
50,0,0,[1 2],576.7999999999993,0.5,0.5,0.14601552006798435,SI,[2 1],-26.80000000000001,10,636.8999999999905,0.0,False,1
50,0,1,[1 2],576.7999999999993,0.5,0.5,0.18031168535171138,SI,[2 1],-26.80000000000001,10,636.8999999999905,0.0,False,1
50,0,2,[1 2],576.7999999999993,0.5,0.5,0.3726803629193097,SI,[2 1],-26.80000000000001,10,636.8999999999905,0.0,False,1
50,0,3,[1 2],576.7999999999993,0.5,0.5,0.015495337215516436,SI,[2 1],-26.80000000000001,10,636.8999999999905,0.0,False,1
50,0,4,[1 2],576.7999999999993,0.5,0.5,0.23787599618420396,SI,[2 1],-26.80000000000001,10,636.8999999999905,0.0,False,1
0,1,0,[2 3 1 4 5],2766.000000000011,0.5,0.5,0.6351426497233853,MI,[5 4 1 3 2],-140.50000000000006,10,4543.400000000009,0.0,False,2
0,1,1,[2 3 1 4 5],2766.000000000011,0.5,0.5,0.45856878518570277,SI,[2 5 4 1 3],-104.00000000000006,10,4209.000000000036,0.0,False,2
0,1,2,[2 3 1 4 5],2766.000000000011,0.5,0.5,0.9706294658656206,MI,[2 5 4 1 3],-104.00000000000006,10,4209.000000000036,0.0,False,2
0,1,3,[2 3 1 4 5],2766.000000000011,0.5,0.5,0.8655485953658527,MI,[5 4 1 3 2],-140.50000000000006,10,4543.400000000009,0.0,False,2
0,1,4,[2 3 1 4 5],2766.000000000011,0.5,0.5,0.9729723839155162,MI,[5 4 1 3 2],-140.50000000000006,10,4543.400000000009,0.0,False,2
1,0,0,[2 3 1 4 5],2766.000000000011,0.5,0.5,0.25277000318519494,SI,[2 5 4 1 3],-104.00000000000006,10,4209.000000000036,0.0,False,2
1,0,1,[2 3 1 4 5],2766.000000000011,0.5,0.5,0.39031197789014394,SI,[5 4 1 3 2],-140.50000000000006,10,4543.400000000009,0.0,False,2
1,0,2,[2 3 1 4 5],2766.000000000011,0.5,0.5,0.03125332175307505,SI,[5 4 1 3 2],-140.50000000000006,10,4543.400000000009,0.0,False,2
1,0,3,[2 3 1 4 5],2766.000000000011,0.5,0.5,0.006061097463135545,SI,[2 5 4 1 3],-104.00000000000006,10,4209.000000000036,0.0,False,2
1,0,4,[2 3 1 4 5],2766.000000000011,0.5,0.5,0.2598381708544426,SI,[5 4 1 3 2],-140.50000000000006,10,4543.400000000009,0.0,False,2
2,0,0,[2 3 1 4 5],2766.000000000011,0.5,0.5,0.7025976586868389,MI,[5 4 1 3 2],-140.50000000000006,10,4543.400000000009,0.0,False,2
2,0,1,[2 3 1 4 5],2766.000000000011,0.5,0.5,0.7167027083878846,MI,[5 4 1 3 2],-140.50000000000006,10,4543.400000000009,0.0,False,2
2,0,2,[2 3 1 4 5],2766.000000000011,0.5,0.5,0.4825123506992439,SI,[5 4 1 3 2],-140.50000000000006,10,4543.400000000009,0.0,False,2
2,0,3,[2 3 1 4 5],2766.000000000011,0.5,0.5,0.3152599709416599,SI,[5 4 1 3 2],-140.50000000000006,10,4543.400000000009,0.0,False,2
2,0,4,[2 3 1 4 5],2766.000000000011,0.5,0.5,0.543710298556481,MI,[5 4 1 3 2],-140.50000000000006,10,4543.400000000009,0.0,False,2
3,0,0,[2 3 1 4 5],2766.000000000011,0.5,0.5,0.4700093769192798,SI,[2 5 4 1 3],-104.00000000000006,10,4209.000000000036,0.0,False,2
3,0,1,[2 3 1 4 5],2766.000000000011,0.5,0.5,0.0344575554767671,SI,[5 4 1 3 2],-140.50000000000006,10,4543.400000000009,0.0,False,2
3,0,2,[2 3 1 4 5],2766.000000000011,0.5,0.5,0.25289410619653185,SI,[2 5 4 1 3],-104.00000000000006,10,4209.000000000036,0.0,False,2
3,0,3,[2 3 1 4 5],2766.000000000011,0.5,0.5,0.08726148435594161,SI,[5 4 1 3 2],-140.50000000000006,10,4543.400000000009,0.0,False,2
3,0,4,[2 3 1 4 5],2766.000000000011,0.5,0.5,0.808048343192731,MI,[5 4 1 3 2],-140.50000000000006,10,4543.400000000009,0.0,False,2
4,0,0,[2 3 1 4 5],2766.000000000011,0.5,0.5,0.843737086331675,MI,[5 4 1 3 2],-140.50000000000006,10,4543.400000000009,0.0,False,2
4,0,1,[2 3 1 4 5],2766.000000000011,0.5,0.5,0.9879068202035111,MI,[2 5 4 1 3],-104.00000000000006,10,4209.000000000036,0.0,False,2
4,0,2,[2 3 1 4 5],2766.000000000011,0.5,0.5,0.09562537289737971,SI,[5 4 1 3 2],-140.50000000000006,10,4543.400000000009,0.0,False,2
4,0,3,[2 3 1 4 5],2766.000000000011,0.5,0.5,0.628495601235403,MI,[5 4 1 3 2],-140.50000000000006,10,4543.400000000009,0.0,False,2
4,0,4,[2 3 1 4 5],2766.000000000011,0.5,0.5,0.3260600620489902,SI,[2 5 4 1 3],-104.00000000000006,10,4209.000000000036,0.0,False,2
5,0,0,[2 3 1 4 5],2766.000000000011,0.5,0.5,0.5230711279124372,MI,[5 4 1 3 2],-140.50000000000006,10,4543.400000000009,0.0,False,2
5,0,1,[2 3 1 4 5],2766.000000000011,0.5,0.5,0.5794952386457051,MI,[5 4 1 3 2],-140.50000000000006,10,4543.400000000009,0.0,False,2
5,0,2,[2 3 1 4 5],2766.000000000011,0.5,0.5,0.16055112373216252,SI,[5 4 1 3 2],-140.50000000000006,10,4543.400000000009,0.0,False,2
5,0,3,[2 3 1 4 5],2766.000000000011,0.5,0.5,0.4089150241770212,SI,[5 4 1 3 2],-140.50000000000006,10,4543.400000000009,0.0,False,2
5,0,4,[2 3 1 4 5],2766.000000000011,0.5,0.5,0.14824714464205502,SI,[5 4 1 3 2],-140.50000000000006,10,4543.400000000009,0.0,False,2
6,0,0,[2 3 1 4 5],2766.000000000011,0.5,0.5,0.26892202285614275,SI,[5 4 1 3 2],-140.50000000000006,10,4543.400000000009,0.0,False,2
6,0,1,[2 3 1 4 5],2766.000000000011,0.5,0.5,0.03180401778023145,SI,[5 4 1 3 2],-140.50000000000006,10,4543.400000000009,0.0,False,2
6,0,2,[2 3 1 4 5],2766.000000000011,0.5,0.5,0.005760617987811911,SI,[5 4 1 3 2],-140.50000000000006,10,4543.400000000009,0.0,False,2
6,0,3,[2 3 1 4 5],2766.000000000011,0.5,0.5,0.7336945185182172,MI,[5 4 1 3 2],-140.50000000000006,10,4543.400000000009,0.0,False,2
6,0,4,[2 3 1 4 5],2766.000000000011,0.5,0.5,0.19125711984749283,SI,[5 4 1 3 2],-140.50000000000006,10,4543.400000000009,0.0,False,2
7,0,0,[2 3 1 4 5],2766.000000000011,0.5,0.5,0.8622481016215199,MI,[5 4 1 3 2],-140.50000000000006,10,4543.400000000009,0.0,False,2
7,0,1,[2 3 1 4 5],2766.000000000011,0.5,0.5,0.22456100613150365,SI,[2 5 4 1 3],-104.00000000000006,10,4209.000000000036,0.0,False,2
7,0,2,[2 3 1 4 5],2766.000000000011,0.5,0.5,0.7970071493646901,MI,[5 4 1 3 2],-140.50000000000006,10,4543.400000000009,0.0,False,2
7,0,3,[2 3 1 4 5],2766.000000000011,0.5,0.5,0.8150435142858838,MI,[5 4 1 3 2],-140.50000000000006,10,4543.400000000009,0.0,False,2
7,0,4,[2 3 1 4 5],2766.000000000011,0.5,0.5,0.33864626517269303,SI,[2 5 4 1 3],-104.00000000000006,10,4209.000000000036,0.0,False,2
8,0,0,[2 3 1 4 5],2766.000000000011,0.5,0.5,0.9385222060652554,MI,[5 4 1 3 2],-140.50000000000006,10,4543.400000000009,0.0,False,2
8,0,1,[2 3 1 4 5],2766.000000000011,0.5,0.5,0.5142745937761315,MI,[2 5 4 1 3],-104.00000000000006,10,4209.000000000036,0.0,False,2
8,0,2,[2 3 1 4 5],2766.000000000011,0.5,0.5,0.4372469245767684,SI,[5 4 1 3 2],-140.50000000000006,10,4543.400000000009,0.0,False,2
8,0,3,[2 3 1 4 5],2766.000000000011,0.5,0.5,0.4133777479429187,SI,[5 4 1 3 2],-140.50000000000006,10,4543.400000000009,0.0,False,2
8,0,4,[2 3 1 4 5],2766.000000000011,0.5,0.5,0.6072890169200872,MI,[5 4 1 3 2],-140.50000000000006,10,4543.400000000009,0.0,False,2
9,0,0,[2 3 1 4 5],2766.000000000011,0.5,0.5,0.35325641442708233,SI,[5 4 1 3 2],-140.50000000000006,10,4543.400000000009,0.0,False,2
9,0,1,[2 3 1 4 5],2766.000000000011,0.5,0.5,0.30299455034781575,SI,[2 5 4 1 3],-104.00000000000006,10,4209.000000000036,0.0,False,2
9,0,2,[2 3 1 4 5],2766.000000000011,0.5,0.5,0.032176277147725196,SI,[5 4 1 3 2],-140.50000000000006,10,4543.400000000009,0.0,False,2
9,0,3,[2 3 1 4 5],2766.000000000011,0.5,0.5,0.9686619613343767,MI,[2 5 4 1 3],-104.00000000000006,10,4209.000000000036,0.0,False,2
9,0,4,[2 3 1 4 5],2766.000000000011,0.5,0.5,0.54798817163436,MI,[5 4 1 3 2],-140.50000000000006,10,4543.400000000009,0.0,False,2
10,0,0,[2 3 1 4 5],2766.000000000011,0.5,0.5,0.2834414460294725,SI,[5 4 1 3 2],-140.50000000000006,10,4543.400000000009,0.0,False,2
10,0,1,[2 3 1 4 5],2766.000000000011,0.5,0.5,0.48821158480385185,SI,[5 4 1 3 2],-140.50000000000006,10,4543.400000000009,0.0,False,2
10,0,2,[2 3 1 4 5],2766.000000000011,0.5,0.5,0.28249812054716994,SI,[3 2 1 4 5],-40.200000000000045,10,2766.899999999958,0.0,False,2
10,0,3,[2 3 1 4 5],2766.000000000011,0.5,0.5,0.9337431923925833,MI,[2 5 4 1 3],-104.00000000000006,10,4209.000000000036,0.0,False,2
10,0,4,[2 3 1 4 5],2766.000000000011,0.5,0.5,0.5996860397381648,MI,[2 5 4 1 3],-104.00000000000006,10,4209.000000000036,0.0,False,2
11,0,0,[2 3 1 4 5],2766.000000000011,0.5,0.5,0.412479555710795,SI,[5 4 1 3 2],-140.50000000000006,10,4543.400000000009,0.0,False,2
11,0,1,[2 3 1 4 5],2766.000000000011,0.5,0.5,0.8686782529090782,MI,[5 4 1 3 2],-140.50000000000006,10,4543.400000000009,0.0,False,2
11,0,2,[2 3 1 4 5],2766.000000000011,0.5,0.5,0.2098421892427148,SI,[2 5 4 1 3],-104.00000000000006,10,4209.000000000036,0.0,False,2
11,0,3,[2 3 1 4 5],2766.000000000011,0.5,0.5,0.49612252631983234,SI,[5 4 1 3 2],-140.50000000000006,10,4543.400000000009,0.0,False,2
11,0,4,[2 3 1 4 5],2766.000000000011,0.5,0.5,0.9696897075929475,MI,[5 4 1 3 2],-140.50000000000006,10,4543.400000000009,0.0,False,2
12,0,0,[2 3 1 4 5],2766.000000000011,0.5,0.5,0.6305460855970835,MI,[5 4 1 3 2],-140.50000000000006,10,4543.400000000009,0.0,False,2
12,0,1,[2 3 1 4 5],2766.000000000011,0.5,0.5,0.6140422969040531,MI,[5 4 1 3 2],-140.50000000000006,10,4543.400000000009,0.0,False,2
12,0,2,[2 3 1 4 5],2766.000000000011,0.5,0.5,0.885999508370853,MI,[5 4 1 3 2],-140.50000000000006,10,4543.400000000009,0.0,False,2
12,0,3,[2 3 1 4 5],2766.000000000011,0.5,0.5,0.7794665740679176,MI,[2 5 4 1 3],-104.00000000000006,10,4209.000000000036,0.0,False,2
12,0,4,[2 3 1 4 5],2766.000000000011,0.5,0.5,0.2777851706030616,SI,[3 2 1 4 5],-40.200000000000045,10,2766.899999999958,0.0,False,2
13,0,0,[2 3 1 4 5],2766.000000000011,0.5,0.5,0.8576952830991634,MI,[5 4 1 3 2],-140.50000000000006,10,4543.400000000009,0.0,False,2
13,0,1,[2 3 1 4 5],2766.000000000011,0.5,0.5,0.8529728982425703,MI,[2 5 4 1 3],-104.00000000000006,10,4209.000000000036,0.0,False,2
13,0,2,[2 3 1 4 5],2766.000000000011,0.5,0.5,0.049737853898102924,SI,[2 5 4 1 3],-104.00000000000006,10,4209.000000000036,0.0,False,2
13,0,3,[2 3 1 4 5],2766.000000000011,0.5,0.5,0.09218692537018014,SI,[5 4 1 3 2],-140.50000000000006,10,4543.400000000009,0.0,False,2
13,0,4,[2 3 1 4 5],2766.000000000011,0.5,0.5,0.5516638049873448,MI,[5 4 1 3 2],-140.50000000000006,10,4543.400000000009,0.0,False,2
14,0,0,[2 3 1 4 5],2766.000000000011,0.5,0.5,0.7394637946320808,MI,[5 4 1 3 2],-140.50000000000006,10,4543.400000000009,0.0,False,2
14,0,1,[2 3 1 4 5],2766.000000000011,0.5,0.5,0.06494000362049202,SI,[5 4 1 3 2],-140.50000000000006,10,4543.400000000009,0.0,False,2
14,0,2,[2 3 1 4 5],2766.000000000011,0.5,0.5,0.9451210835933495,MI,[5 4 1 3 2],-140.50000000000006,10,4543.400000000009,0.0,False,2
14,0,3,[2 3 1 4 5],2766.000000000011,0.5,0.5,0.4925832638085492,SI,[2 3 5 4 1],35.299999999999955,10,3510.5000000000146,0.0,False,2
14,0,4,[2 3 1 4 5],2766.000000000011,0.5,0.5,0.6147640023226932,MI,[5 4 1 3 2],-140.50000000000006,10,4543.400000000009,0.0,False,2
15,0,0,[2 3 1 4 5],2766.000000000011,0.5,0.5,0.10447587369744937,SI,[2 5 4 1 3],-104.00000000000006,10,4209.000000000036,0.0,False,2
15,0,1,[2 3 1 4 5],2766.000000000011,0.5,0.5,0.3369531426183505,SI,[5 4 1 3 2],-140.50000000000006,10,4543.400000000009,0.0,False,2
15,0,2,[2 3 1 4 5],2766.000000000011,0.5,0.5,0.03552076755437439,SI,[3 2 1 4 5],-40.200000000000045,10,2766.899999999958,0.0,False,2
15,0,3,[2 3 1 4 5],2766.000000000011,0.5,0.5,0.09889810350272099,SI,[5 4 1 3 2],-140.50000000000006,10,4543.400000000009,0.0,False,2
15,0,4,[2 3 1 4 5],2766.000000000011,0.5,0.5,0.6551779440203289,MI,[5 4 1 3 2],-140.50000000000006,10,4543.400000000009,0.0,False,2
16,0,0,[2 3 1 4 5],2766.000000000011,0.5,0.5,0.10013130021276728,SI,[5 4 1 3 2],-140.50000000000006,10,4543.400000000009,0.0,False,2
16,0,1,[2 3 1 4 5],2766.000000000011,0.5,0.5,0.9425590575928896,MI,[5 4 1 3 2],-140.50000000000006,10,4543.400000000009,0.0,False,2
16,0,2,[2 3 1 4 5],2766.000000000011,0.5,0.5,0.39962799185548237,SI,[2 5 4 1 3],-104.00000000000006,10,4209.000000000036,0.0,False,2
16,0,3,[2 3 1 4 5],2766.000000000011,0.5,0.5,0.18124314216476567,SI,[5 4 1 3 2],-140.50000000000006,10,4543.400000000009,0.0,False,2
16,0,4,[2 3 1 4 5],2766.000000000011,0.5,0.5,0.08176126504932268,SI,[2 3 5 4 1],35.299999999999955,10,3510.5000000000146,0.0,False,2
17,0,0,[2 3 1 4 5],2766.000000000011,0.5,0.5,0.9964647309402357,MI,[5 4 1 3 2],-140.50000000000006,10,4543.400000000009,0.0,False,2
17,0,1,[2 3 1 4 5],2766.000000000011,0.5,0.5,0.3685043889509868,SI,[5 4 1 3 2],-140.50000000000006,10,4543.400000000009,0.0,False,2
17,0,2,[2 3 1 4 5],2766.000000000011,0.5,0.5,0.8952864520135312,MI,[5 4 1 3 2],-140.50000000000006,10,4543.400000000009,0.0,False,2
17,0,3,[2 3 1 4 5],2766.000000000011,0.5,0.5,0.6836005305133863,MI,[2 5 4 1 3],-104.00000000000006,10,4209.000000000036,0.0,False,2
17,0,4,[2 3 1 4 5],2766.000000000011,0.5,0.5,0.571825774666772,MI,[2 5 4 1 3],-104.00000000000006,10,4209.000000000036,0.0,False,2
18,0,0,[2 3 1 4 5],2766.000000000011,0.5,0.5,0.8961580244487749,MI,[5 4 1 3 2],-140.50000000000006,10,4543.400000000009,0.0,False,2
18,0,1,[2 3 1 4 5],2766.000000000011,0.5,0.5,0.06951020862576374,SI,[5 4 1 3 2],-140.50000000000006,10,4543.400000000009,0.0,False,2
18,0,2,[2 3 1 4 5],2766.000000000011,0.5,0.5,0.59727449089964,MI,[2 5 4 1 3],-104.00000000000006,10,4209.000000000036,0.0,False,2
18,0,3,[2 3 1 4 5],2766.000000000011,0.5,0.5,0.2347686641971788,SI,[5 4 1 3 2],-140.50000000000006,10,4543.400000000009,0.0,False,2
18,0,4,[2 3 1 4 5],2766.000000000011,0.5,0.5,0.41157106957249145,SI,[5 4 1 3 2],-140.50000000000006,10,4543.400000000009,0.0,False,2
19,0,0,[2 3 1 4 5],2766.000000000011,0.5,0.5,0.3551480300318792,SI,[5 4 1 3 2],-140.50000000000006,10,4543.400000000009,0.0,False,2
19,0,1,[2 3 1 4 5],2766.000000000011,0.5,0.5,0.7782513041275793,MI,[2 5 4 1 3],-104.00000000000006,10,4209.000000000036,0.0,False,2
19,0,2,[2 3 1 4 5],2766.000000000011,0.5,0.5,0.5052400063096515,MI,[5 4 1 3 2],-140.50000000000006,10,4543.400000000009,0.0,False,2
19,0,3,[2 3 1 4 5],2766.000000000011,0.5,0.5,0.14948626255292907,SI,[2 3 5 4 1],35.299999999999955,10,3510.5000000000146,0.0,False,2
19,0,4,[2 3 1 4 5],2766.000000000011,0.5,0.5,0.5034317664046984,MI,[5 4 1 3 2],-140.50000000000006,10,4543.400000000009,0.0,False,2
20,0,0,[2 3 1 4 5],2766.000000000011,0.5,0.5,0.42453620035245754,SI,[2 5 4 1 3],-104.00000000000006,10,4209.000000000036,0.0,False,2
20,0,1,[2 3 1 4 5],2766.000000000011,0.5,0.5,0.32644739875029327,SI,[3 2 1 4 5],-40.200000000000045,10,2766.899999999958,0.0,False,2
20,0,2,[2 3 1 4 5],2766.000000000011,0.5,0.5,0.16396450885316272,SI,[5 4 1 3 2],-140.50000000000006,10,4543.400000000009,0.0,False,2
20,0,3,[2 3 1 4 5],2766.000000000011,0.5,0.5,0.08478101760243428,SI,[5 4 1 3 2],-140.50000000000006,10,4543.400000000009,0.0,False,2
20,0,4,[2 3 1 4 5],2766.000000000011,0.5,0.5,0.3984480114630863,SI,[5 4 1 3 2],-140.50000000000006,10,4543.400000000009,0.0,False,2
21,0,0,[2 3 1 4 5],2766.000000000011,0.5,0.5,0.6337926228391939,MI,[5 4 1 3 2],-140.50000000000006,10,4543.400000000009,0.0,False,2
21,0,1,[2 3 1 4 5],2766.000000000011,0.5,0.5,0.07320875364606161,SI,[2 5 4 1 3],-104.00000000000006,10,4209.000000000036,0.0,False,2
21,0,2,[2 3 1 4 5],2766.000000000011,0.5,0.5,0.7709360195378291,MI,[5 4 1 3 2],-140.50000000000006,10,4543.400000000009,0.0,False,2
21,0,3,[2 3 1 4 5],2766.000000000011,0.5,0.5,0.5211738583396457,MI,[5 4 1 3 2],-140.50000000000006,10,4543.400000000009,0.0,False,2
21,0,4,[2 3 1 4 5],2766.000000000011,0.5,0.5,0.8936914644955226,MI,[5 4 1 3 2],-140.50000000000006,10,4543.400000000009,0.0,False,2
22,0,0,[2 3 1 4 5],2766.000000000011,0.5,0.5,0.4136005915579457,SI,[5 4 1 3 2],-140.50000000000006,10,4543.400000000009,0.0,False,2
22,0,1,[2 3 1 4 5],2766.000000000011,0.5,0.5,0.7435965952112862,MI,[2 5 4 1 3],-104.00000000000006,10,4209.000000000036,0.0,False,2
22,0,2,[2 3 1 4 5],2766.000000000011,0.5,0.5,0.1619028225889898,SI,[5 4 1 3 2],-140.50000000000006,10,4543.400000000009,0.0,False,2
22,0,3,[2 3 1 4 5],2766.000000000011,0.5,0.5,0.02894607865751475,SI,[5 4 1 3 2],-140.50000000000006,10,4543.400000000009,0.0,False,2
22,0,4,[2 3 1 4 5],2766.000000000011,0.5,0.5,0.2882729798382667,SI,[5 4 1 3 2],-140.50000000000006,10,4543.400000000009,0.0,False,2
23,0,0,[2 3 1 4 5],2766.000000000011,0.5,0.5,0.9066492545399542,MI,[2 5 4 1 3],-104.00000000000006,10,4209.000000000036,0.0,False,2
23,0,1,[2 3 1 4 5],2766.000000000011,0.5,0.5,0.13558753717664307,SI,[2 5 4 1 3],-104.00000000000006,10,4209.000000000036,0.0,False,2
23,0,2,[2 3 1 4 5],2766.000000000011,0.5,0.5,0.5587098410733428,MI,[2 5 4 1 3],-104.00000000000006,10,4209.000000000036,0.0,False,2
23,0,3,[2 3 1 4 5],2766.000000000011,0.5,0.5,0.8129452716388886,MI,[5 4 1 3 2],-140.50000000000006,10,4543.400000000009,0.0,False,2
23,0,4,[2 3 1 4 5],2766.000000000011,0.5,0.5,0.3507006127963912,SI,[2 5 4 1 3],-104.00000000000006,10,4209.000000000036,0.0,False,2
24,0,0,[2 3 1 4 5],2766.000000000011,0.5,0.5,0.3780109953409764,SI,[5 4 1 3 2],-140.50000000000006,10,4543.400000000009,0.0,False,2
24,0,1,[2 3 1 4 5],2766.000000000011,0.5,0.5,0.4173456995824256,SI,[5 4 1 3 2],-140.50000000000006,10,4543.400000000009,0.0,False,2
24,0,2,[2 3 1 4 5],2766.000000000011,0.5,0.5,0.7283457197076771,MI,[5 4 1 3 2],-140.50000000000006,10,4543.400000000009,0.0,False,2
24,0,3,[2 3 1 4 5],2766.000000000011,0.5,0.5,0.8160377543191917,MI,[5 4 1 3 2],-140.50000000000006,10,4543.400000000009,0.0,False,2
24,0,4,[2 3 1 4 5],2766.000000000011,0.5,0.5,0.6623311364304236,MI,[2 3 5 4 1],35.299999999999955,10,3510.5000000000146,0.0,False,2
25,0,0,[2 3 1 4 5],2766.000000000011,0.5,0.5,0.48223343460013546,SI,[5 4 1 3 2],-140.50000000000006,10,4543.400000000009,0.0,False,2
25,0,1,[2 3 1 4 5],2766.000000000011,0.5,0.5,0.5993591499308263,MI,[5 4 1 3 2],-140.50000000000006,10,4543.400000000009,0.0,False,2
25,0,2,[2 3 1 4 5],2766.000000000011,0.5,0.5,0.5789387346624494,MI,[5 4 1 3 2],-140.50000000000006,10,4543.400000000009,0.0,False,2
25,0,3,[2 3 1 4 5],2766.000000000011,0.5,0.5,0.7939747519774548,MI,[5 4 1 3 2],-140.50000000000006,10,4543.400000000009,0.0,False,2
25,0,4,[2 3 1 4 5],2766.000000000011,0.5,0.5,0.9038706405266502,MI,[2 5 4 1 3],-104.00000000000006,10,4209.000000000036,0.0,False,2
26,0,0,[2 3 1 4 5],2766.000000000011,0.5,0.5,0.7417622539384741,MI,[5 4 1 3 2],-140.50000000000006,10,4543.400000000009,0.0,False,2
26,0,1,[2 3 1 4 5],2766.000000000011,0.5,0.5,0.02185905436958413,SI,[5 4 1 3 2],-140.50000000000006,10,4543.400000000009,0.0,False,2
26,0,2,[2 3 1 4 5],2766.000000000011,0.5,0.5,0.5100085776156168,MI,[2 5 4 1 3],-104.00000000000006,10,4209.000000000036,0.0,False,2
26,0,3,[2 3 1 4 5],2766.000000000011,0.5,0.5,0.7019027677093026,MI,[5 4 1 3 2],-140.50000000000006,10,4543.400000000009,0.0,False,2
26,0,4,[2 3 1 4 5],2766.000000000011,0.5,0.5,0.08646036924996447,SI,[5 4 1 3 2],-140.50000000000006,10,4543.400000000009,0.0,False,2
27,0,0,[2 3 1 4 5],2766.000000000011,0.5,0.5,0.8733377905508616,MI,[2 5 4 1 3],-104.00000000000006,10,4209.000000000036,0.0,False,2
27,0,1,[2 3 1 4 5],2766.000000000011,0.5,0.5,0.4600651316913128,SI,[3 2 1 4 5],-40.200000000000045,10,2766.899999999958,0.0,False,2
27,0,2,[2 3 1 4 5],2766.000000000011,0.5,0.5,0.9703609878562988,MI,[2 5 4 1 3],-104.00000000000006,10,4209.000000000036,0.0,False,2
27,0,3,[2 3 1 4 5],2766.000000000011,0.5,0.5,0.05298135626653666,SI,[2 5 4 1 3],-104.00000000000006,10,4209.000000000036,0.0,False,2
27,0,4,[2 3 1 4 5],2766.000000000011,0.5,0.5,0.5618311525273886,MI,[5 4 1 3 2],-140.50000000000006,10,4543.400000000009,0.0,False,2
28,0,0,[2 3 1 4 5],2766.000000000011,0.5,0.5,0.48796122284931176,SI,[5 4 1 3 2],-140.50000000000006,10,4543.400000000009,0.0,False,2
28,0,1,[2 3 1 4 5],2766.000000000011,0.5,0.5,0.38901319027270853,SI,[5 4 1 3 2],-140.50000000000006,10,4543.400000000009,0.0,False,2
28,0,2,[2 3 1 4 5],2766.000000000011,0.5,0.5,0.824712120299092,MI,[2 5 4 1 3],-104.00000000000006,10,4209.000000000036,0.0,False,2
28,0,3,[2 3 1 4 5],2766.000000000011,0.5,0.5,0.0016217211154249123,SI,[2 5 4 1 3],-104.00000000000006,10,4209.000000000036,0.0,False,2
28,0,4,[2 3 1 4 5],2766.000000000011,0.5,0.5,0.6239598483918956,MI,[2 5 4 1 3],-104.00000000000006,10,4209.000000000036,0.0,False,2
29,0,0,[2 3 1 4 5],2766.000000000011,0.5,0.5,0.20551548582383006,SI,[5 4 1 3 2],-140.50000000000006,10,4543.400000000009,0.0,False,2
29,0,1,[2 3 1 4 5],2766.000000000011,0.5,0.5,0.07778583562319408,SI,[2 5 4 1 3],-104.00000000000006,10,4209.000000000036,0.0,False,2
29,0,2,[2 3 1 4 5],2766.000000000011,0.5,0.5,0.12904209078895557,SI,[5 4 1 3 2],-140.50000000000006,10,4543.400000000009,0.0,False,2
29,0,3,[2 3 1 4 5],2766.000000000011,0.5,0.5,0.7634401330380489,MI,[2 5 4 1 3],-104.00000000000006,10,4209.000000000036,0.0,False,2
29,0,4,[2 3 1 4 5],2766.000000000011,0.5,0.5,0.1897267482790952,SI,[5 4 1 3 2],-140.50000000000006,10,4543.400000000009,0.0,False,2
30,0,0,[2 3 1 4 5],2766.000000000011,0.5,0.5,0.7210417478501675,MI,[5 4 1 3 2],-140.50000000000006,10,4543.400000000009,0.0,False,2
30,0,1,[2 3 1 4 5],2766.000000000011,0.5,0.5,0.3594194722927848,SI,[5 4 1 3 2],-140.50000000000006,10,4543.400000000009,0.0,False,2
30,0,2,[2 3 1 4 5],2766.000000000011,0.5,0.5,0.7346538059911736,MI,[5 4 1 3 2],-140.50000000000006,10,4543.400000000009,0.0,False,2
30,0,3,[2 3 1 4 5],2766.000000000011,0.5,0.5,0.5711258222014749,MI,[2 3 5 4 1],35.299999999999955,10,3510.5000000000146,0.0,False,2
30,0,4,[2 3 1 4 5],2766.000000000011,0.5,0.5,0.5973765096550965,MI,[5 4 1 3 2],-140.50000000000006,10,4543.400000000009,0.0,False,2
31,0,0,[2 3 1 4 5],2766.000000000011,0.5,0.5,0.1391040223130332,SI,[2 5 4 1 3],-104.00000000000006,10,4209.000000000036,0.0,False,2
31,0,1,[2 3 1 4 5],2766.000000000011,0.5,0.5,0.9356602265944383,MI,[5 4 1 3 2],-140.50000000000006,10,4543.400000000009,0.0,False,2
31,0,2,[2 3 1 4 5],2766.000000000011,0.5,0.5,0.7404526187342798,MI,[2 5 4 1 3],-104.00000000000006,10,4209.000000000036,0.0,False,2
31,0,3,[2 3 1 4 5],2766.000000000011,0.5,0.5,0.0611204303194286,SI,[5 4 1 3 2],-140.50000000000006,10,4543.400000000009,0.0,False,2
31,0,4,[2 3 1 4 5],2766.000000000011,0.5,0.5,0.7136139739855216,MI,[5 4 1 3 2],-140.50000000000006,10,4543.400000000009,0.0,False,2
32,0,0,[2 3 1 4 5],2766.000000000011,0.5,0.5,0.8031309166522922,MI,[5 4 1 3 2],-140.50000000000006,10,4543.400000000009,0.0,False,2
32,0,1,[2 3 1 4 5],2766.000000000011,0.5,0.5,0.3573136680001161,SI,[5 4 1 3 2],-140.50000000000006,10,4543.400000000009,0.0,False,2
32,0,2,[2 3 1 4 5],2766.000000000011,0.5,0.5,0.7027436088045517,MI,[2 5 4 1 3],-104.00000000000006,10,4209.000000000036,0.0,False,2
32,0,3,[2 3 1 4 5],2766.000000000011,0.5,0.5,0.12814497248027557,SI,[5 4 1 3 2],-140.50000000000006,10,4543.400000000009,0.0,False,2
32,0,4,[2 3 1 4 5],2766.000000000011,0.5,0.5,0.5125426226171581,MI,[2 5 4 1 3],-104.00000000000006,10,4209.000000000036,0.0,False,2
33,0,0,[2 3 1 4 5],2766.000000000011,0.5,0.5,0.5378256836558323,MI,[5 4 1 3 2],-140.50000000000006,10,4543.400000000009,0.0,False,2
33,0,1,[2 3 1 4 5],2766.000000000011,0.5,0.5,0.10374429006115482,SI,[2 5 4 1 3],-104.00000000000006,10,4209.000000000036,0.0,False,2
33,0,2,[2 3 1 4 5],2766.000000000011,0.5,0.5,0.8528436879012357,MI,[5 4 1 3 2],-140.50000000000006,10,4543.400000000009,0.0,False,2
33,0,3,[2 3 1 4 5],2766.000000000011,0.5,0.5,0.1496299202521567,SI,[5 4 1 3 2],-140.50000000000006,10,4543.400000000009,0.0,False,2
33,0,4,[2 3 1 4 5],2766.000000000011,0.5,0.5,0.03132910559246216,SI,[2 3 5 4 1],35.299999999999955,10,3510.5000000000146,0.0,False,2
34,0,0,[2 3 1 4 5],2766.000000000011,0.5,0.5,0.8913160384950798,MI,[5 4 1 3 2],-140.50000000000006,10,4543.400000000009,0.0,False,2
34,0,1,[2 3 1 4 5],2766.000000000011,0.5,0.5,6.883102653554296e-05,SI,[5 4 1 3 2],-140.50000000000006,10,4543.400000000009,0.0,False,2
34,0,2,[2 3 1 4 5],2766.000000000011,0.5,0.5,0.0427623794500972,SI,[5 4 1 3 2],-140.50000000000006,10,4543.400000000009,0.0,False,2
34,0,3,[2 3 1 4 5],2766.000000000011,0.5,0.5,0.8956766203691704,MI,[5 4 1 3 2],-140.50000000000006,10,4543.400000000009,0.0,False,2
34,0,4,[2 3 1 4 5],2766.000000000011,0.5,0.5,0.9050121785277749,MI,[5 4 1 3 2],-140.50000000000006,10,4543.400000000009,0.0,False,2
35,0,0,[2 3 1 4 5],2766.000000000011,0.5,0.5,0.2182967218489974,SI,[5 4 1 3 2],-140.50000000000006,10,4543.400000000009,0.0,False,2
35,0,1,[2 3 1 4 5],2766.000000000011,0.5,0.5,0.9157342471004903,MI,[2 5 4 1 3],-104.00000000000006,10,4209.000000000036,0.0,False,2
35,0,2,[2 3 1 4 5],2766.000000000011,0.5,0.5,0.5776764949950534,MI,[5 4 1 3 2],-140.50000000000006,10,4543.400000000009,0.0,False,2
35,0,3,[2 3 1 4 5],2766.000000000011,0.5,0.5,0.7464831957047281,MI,[2 5 4 1 3],-104.00000000000006,10,4209.000000000036,0.0,False,2
35,0,4,[2 3 1 4 5],2766.000000000011,0.5,0.5,0.9697140252751905,MI,[5 4 1 3 2],-140.50000000000006,10,4543.400000000009,0.0,False,2
36,0,0,[2 3 1 4 5],2766.000000000011,0.5,0.5,0.2611319868265167,SI,[3 2 1 4 5],-40.200000000000045,10,2766.899999999958,0.0,False,2
36,0,1,[2 3 1 4 5],2766.000000000011,0.5,0.5,0.40933835963568654,SI,[5 4 1 3 2],-140.50000000000006,10,4543.400000000009,0.0,False,2
36,0,2,[2 3 1 4 5],2766.000000000011,0.5,0.5,0.7720244133432567,MI,[5 4 1 3 2],-140.50000000000006,10,4543.400000000009,0.0,False,2
36,0,3,[2 3 1 4 5],2766.000000000011,0.5,0.5,0.6247880538620765,MI,[5 4 1 3 2],-140.50000000000006,10,4543.400000000009,0.0,False,2
36,0,4,[2 3 1 4 5],2766.000000000011,0.5,0.5,0.35548708973926535,SI,[2 5 4 1 3],-104.00000000000006,10,4209.000000000036,0.0,False,2
37,0,0,[2 3 1 4 5],2766.000000000011,0.5,0.5,0.47947762696337515,SI,[5 4 1 3 2],-140.50000000000006,10,4543.400000000009,0.0,False,2
37,0,1,[2 3 1 4 5],2766.000000000011,0.5,0.5,0.7366482565931777,MI,[5 4 1 3 2],-140.50000000000006,10,4543.400000000009,0.0,False,2
37,0,2,[2 3 1 4 5],2766.000000000011,0.5,0.5,0.16141930220022271,SI,[2 5 4 1 3],-104.00000000000006,10,4209.000000000036,0.0,False,2
37,0,3,[2 3 1 4 5],2766.000000000011,0.5,0.5,0.7465073022292041,MI,[5 4 1 3 2],-140.50000000000006,10,4543.400000000009,0.0,False,2
37,0,4,[2 3 1 4 5],2766.000000000011,0.5,0.5,0.07031914967892694,SI,[2 5 4 1 3],-104.00000000000006,10,4209.000000000036,0.0,False,2
38,0,0,[2 3 1 4 5],2766.000000000011,0.5,0.5,0.8049507753631032,MI,[5 4 1 3 2],-140.50000000000006,10,4543.400000000009,0.0,False,2
38,0,1,[2 3 1 4 5],2766.000000000011,0.5,0.5,0.6528446895678002,MI,[5 4 1 3 2],-140.50000000000006,10,4543.400000000009,0.0,False,2
38,0,2,[2 3 1 4 5],2766.000000000011,0.5,0.5,0.8372579103320401,MI,[2 5 4 1 3],-104.00000000000006,10,4209.000000000036,0.0,False,2
38,0,3,[2 3 1 4 5],2766.000000000011,0.5,0.5,0.38465588618547664,SI,[2 5 4 1 3],-104.00000000000006,10,4209.000000000036,0.0,False,2
38,0,4,[2 3 1 4 5],2766.000000000011,0.5,0.5,0.7239292348524847,MI,[5 4 1 3 2],-140.50000000000006,10,4543.400000000009,0.0,False,2
39,0,0,[2 3 1 4 5],2766.000000000011,0.5,0.5,0.9873187708501753,MI,[5 4 1 3 2],-140.50000000000006,10,4543.400000000009,0.0,False,2
39,0,1,[2 3 1 4 5],2766.000000000011,0.5,0.5,0.19977242606812207,SI,[5 4 1 3 2],-140.50000000000006,10,4543.400000000009,0.0,False,2
39,0,2,[2 3 1 4 5],2766.000000000011,0.5,0.5,0.07782901735369396,SI,[5 4 1 3 2],-140.50000000000006,10,4543.400000000009,0.0,False,2
39,0,3,[2 3 1 4 5],2766.000000000011,0.5,0.5,0.01377046881779631,SI,[2 5 4 1 3],-104.00000000000006,10,4209.000000000036,0.0,False,2
39,0,4,[2 3 1 4 5],2766.000000000011,0.5,0.5,0.32783144556369703,SI,[5 4 1 3 2],-140.50000000000006,10,4543.400000000009,0.0,False,2
40,0,0,[2 3 1 4 5],2766.000000000011,0.5,0.5,0.25234653910949956,SI,[3 2 1 4 5],-40.200000000000045,10,2766.899999999958,0.0,False,2
40,0,1,[2 3 1 4 5],2766.000000000011,0.5,0.5,0.04125852461901247,SI,[2 5 4 1 3],-104.00000000000006,10,4209.000000000036,0.0,False,2
40,0,2,[2 3 1 4 5],2766.000000000011,0.5,0.5,0.020367807128678694,SI,[5 4 1 3 2],-140.50000000000006,10,4543.400000000009,0.0,False,2
40,0,3,[2 3 1 4 5],2766.000000000011,0.5,0.5,0.6577939459148846,MI,[5 4 1 3 2],-140.50000000000006,10,4543.400000000009,0.0,False,2
40,0,4,[2 3 1 4 5],2766.000000000011,0.5,0.5,0.6707735796696802,MI,[5 4 1 3 2],-140.50000000000006,10,4543.400000000009,0.0,False,2
41,0,0,[3 1 4 5 2],2761.5999999999804,0.5,0.5,0.5185160081290808,MI,[5 4 1 3 2],22.799999999999955,10,4543.400000000009,0.0,False,2
41,0,1,[3 1 4 5 2],2761.5999999999804,0.5,0.5,0.8165649964649935,MI,[5 4 1 3 2],22.799999999999955,10,4543.400000000009,0.0,False,2
41,0,2,[3 1 4 5 2],2761.5999999999804,0.5,0.5,0.2588279221416667,SI,[3 5 4 1 2],35.299999999999955,10,3735.199999999986,0.0,False,2
41,0,3,[3 1 4 5 2],2761.5999999999804,0.5,0.5,0.6628707505354716,MI,[3 5 4 1 2],35.299999999999955,10,3735.199999999986,0.0,False,2
41,0,4,[3 1 4 5 2],2761.5999999999804,0.5,0.5,0.1725865309077994,SI,[5 4 1 3 2],22.799999999999955,10,4543.400000000009,0.0,False,2
42,0,0,[3 1 4 5 2],2761.5999999999804,0.5,0.5,0.7602239411085853,MI,[5 4 1 3 2],22.799999999999955,10,4543.400000000009,0.0,False,2
42,0,1,[3 1 4 5 2],2761.5999999999804,0.5,0.5,0.1847995814188249,SI,[3 5 4 1 2],35.299999999999955,10,3735.199999999986,0.0,False,2
42,0,2,[3 1 4 5 2],2761.5999999999804,0.5,0.5,0.6208281580951359,MI,[5 4 1 3 2],22.799999999999955,10,4543.400000000009,0.0,False,2
42,0,3,[3 1 4 5 2],2761.5999999999804,0.5,0.5,0.43452639864410303,SI,[5 4 1 3 2],22.799999999999955,10,4543.400000000009,0.0,False,2
42,0,4,[3 1 4 5 2],2761.5999999999804,0.5,0.5,0.1815818029560411,SI,[5 4 1 3 2],22.799999999999955,10,4543.400000000009,0.0,False,2
43,0,0,[3 1 4 5 2],2761.5999999999804,0.5,0.5,0.6597929680608874,MI,[5 4 1 3 2],22.799999999999955,10,4543.400000000009,0.0,False,2
43,0,1,[3 1 4 5 2],2761.5999999999804,0.5,0.5,0.6163055518279448,MI,[5 4 1 3 2],22.799999999999955,10,4543.400000000009,0.0,False,2
43,0,2,[3 1 4 5 2],2761.5999999999804,0.5,0.5,0.5808164280180782,MI,[5 4 1 3 2],22.799999999999955,10,4543.400000000009,0.0,False,2
43,0,3,[3 1 4 5 2],2761.5999999999804,0.5,0.5,0.9664742261581452,MI,[5 4 1 3 2],22.799999999999955,10,4543.400000000009,0.0,False,2
43,0,4,[3 1 4 5 2],2761.5999999999804,0.5,0.5,0.7349604717257465,MI,[5 4 1 3 2],22.799999999999955,10,4543.400000000009,0.0,False,2
44,0,0,[3 1 4 5 2],2761.5999999999804,0.5,0.5,0.4165592798084695,SI,[5 4 1 3 2],22.799999999999955,10,4543.400000000009,0.0,False,2
44,0,1,[3 1 4 5 2],2761.5999999999804,0.5,0.5,0.24866527744326505,SI,[5 4 1 3 2],22.799999999999955,10,4543.400000000009,0.0,False,2
44,0,2,[3 1 4 5 2],2761.5999999999804,0.5,0.5,0.9570608950836346,MI,[5 4 1 3 2],22.799999999999955,10,4543.400000000009,0.0,False,2
44,0,3,[3 1 4 5 2],2761.5999999999804,0.5,0.5,0.219848137949323,SI,[5 4 1 3 2],22.799999999999955,10,4543.400000000009,0.0,False,2
44,0,4,[3 1 4 5 2],2761.5999999999804,0.5,0.5,0.4352252926026453,SI,[5 4 1 3 2],22.799999999999955,10,4543.400000000009,0.0,False,2
45,0,0,[3 1 4 5 2],2761.5999999999804,0.5,0.5,0.3149014218720265,SI,[3 5 4 1 2],35.299999999999955,10,3735.199999999986,0.0,False,2
45,0,1,[3 1 4 5 2],2761.5999999999804,0.5,0.5,0.9057272283358367,MI,[3 5 4 1 2],35.299999999999955,10,3735.199999999986,0.0,False,2
45,0,2,[3 1 4 5 2],2761.5999999999804,0.5,0.5,0.23094683064681232,SI,[5 4 1 3 2],22.799999999999955,10,4543.400000000009,0.0,False,2
45,0,3,[3 1 4 5 2],2761.5999999999804,0.5,0.5,0.8094220635983226,MI,[3 5 4 1 2],35.299999999999955,10,3735.199999999986,0.0,False,2
45,0,4,[3 1 4 5 2],2761.5999999999804,0.5,0.5,0.6830406742178361,MI,[3 5 4 1 2],35.299999999999955,10,3735.199999999986,0.0,False,2
46,0,0,[3 1 4 5 2],2761.5999999999804,0.5,0.5,0.559602687640827,MI,[5 4 1 3 2],22.799999999999955,10,4543.400000000009,0.0,False,2
46,0,1,[3 1 4 5 2],2761.5999999999804,0.5,0.5,0.010531835245300436,SI,[2 5 4 1 3],57.30000000000001,10,4209.000000000036,0.0,False,2
46,0,2,[3 1 4 5 2],2761.5999999999804,0.5,0.5,0.35662229325834904,SI,[5 4 1 3 2],22.799999999999955,10,4543.400000000009,0.0,False,2
46,0,3,[3 1 4 5 2],2761.5999999999804,0.5,0.5,0.5403446118420686,MI,[5 4 1 3 2],22.799999999999955,10,4543.400000000009,0.0,False,2
46,0,4,[3 1 4 5 2],2761.5999999999804,0.5,0.5,0.9482748354378161,MI,[5 4 1 3 2],22.799999999999955,10,4543.400000000009,0.0,False,2
47,0,0,[3 1 4 5 2],2761.5999999999804,0.5,0.5,0.17691904364937527,SI,[5 4 1 3 2],22.799999999999955,10,4543.400000000009,0.0,False,2
47,0,1,[3 1 4 5 2],2761.5999999999804,0.5,0.5,0.5377998417558697,MI,[3 5 4 1 2],35.299999999999955,10,3735.199999999986,0.0,False,2
47,0,2,[3 1 4 5 2],2761.5999999999804,0.5,0.5,0.9187225886078159,MI,[3 5 4 1 2],35.299999999999955,10,3735.199999999986,0.0,False,2
47,0,3,[3 1 4 5 2],2761.5999999999804,0.5,0.5,0.4176745234215873,SI,[5 4 1 3 2],22.799999999999955,10,4543.400000000009,0.0,False,2
47,0,4,[3 1 4 5 2],2761.5999999999804,0.5,0.5,0.3987839660031042,SI,[3 5 4 1 2],35.299999999999955,10,3735.199999999986,0.0,False,2
48,0,0,[3 1 4 5 2],2761.5999999999804,0.5,0.5,0.8907328878910232,MI,[3 5 4 1 2],35.299999999999955,10,3735.199999999986,0.0,False,2
48,0,1,[3 1 4 5 2],2761.5999999999804,0.5,0.5,0.4817939253224578,SI,[5 4 1 3 2],22.799999999999955,10,4543.400000000009,0.0,False,2
48,0,2,[3 1 4 5 2],2761.5999999999804,0.5,0.5,0.22523204178224798,SI,[5 4 1 3 2],22.799999999999955,10,4543.400000000009,0.0,False,2
48,0,3,[3 1 4 5 2],2761.5999999999804,0.5,0.5,0.5413522635158037,MI,[5 4 1 3 2],22.799999999999955,10,4543.400000000009,0.0,False,2
48,0,4,[3 1 4 5 2],2761.5999999999804,0.5,0.5,0.5621745794519086,MI,[5 4 1 3 2],22.799999999999955,10,4543.400000000009,0.0,False,2
49,0,0,[3 1 4 5 2],2761.5999999999804,0.5,0.5,0.662538490388975,MI,[5 4 1 3 2],22.799999999999955,10,4543.400000000009,0.0,False,2
49,0,1,[3 1 4 5 2],2761.5999999999804,0.5,0.5,0.18483547683821178,SI,[5 4 1 3 2],22.799999999999955,10,4543.400000000009,0.0,False,2
49,0,2,[3 1 4 5 2],2761.5999999999804,0.5,0.5,0.4891210456292542,SI,[5 4 1 3 2],22.799999999999955,10,4543.400000000009,0.0,False,2
49,0,3,[3 1 4 5 2],2761.5999999999804,0.5,0.5,0.9705820774576157,MI,[5 4 1 3 2],22.799999999999955,10,4543.400000000009,0.0,False,2
49,0,4,[3 1 4 5 2],2761.5999999999804,0.5,0.5,0.8818153936051354,MI,[5 4 1 3 2],22.799999999999955,10,4543.400000000009,0.0,False,2
50,0,0,[3 1 4 5 2],2761.5999999999804,0.5,0.5,0.8602632394328005,MI,[5 4 1 3 2],22.799999999999955,10,4543.400000000009,0.0,False,2
50,0,1,[3 1 4 5 2],2761.5999999999804,0.5,0.5,0.8807242181291399,MI,[5 4 1 3 2],22.799999999999955,10,4543.400000000009,0.0,False,2
50,0,2,[3 1 4 5 2],2761.5999999999804,0.5,0.5,0.6671409662869646,MI,[5 4 1 3 2],22.799999999999955,10,4543.400000000009,0.0,False,2
50,0,3,[3 1 4 5 2],2761.5999999999804,0.5,0.5,0.631806841296967,MI,[3 5 4 1 2],35.299999999999955,10,3735.199999999986,0.0,False,2
50,0,4,[3 1 4 5 2],2761.5999999999804,0.5,0.5,0.3247309955055726,SI,[5 4 1 3 2],22.799999999999955,10,4543.400000000009,0.0,False,2
51,0,0,[3 1 4 5 2],2761.5999999999804,0.5,0.5,0.8636992215424392,MI,[3 5 4 1 2],35.299999999999955,10,3735.199999999986,0.0,False,2
51,0,1,[3 1 4 5 2],2761.5999999999804,0.5,0.5,0.5271013181905151,MI,[5 4 1 3 2],22.799999999999955,10,4543.400000000009,0.0,False,2
51,0,2,[3 1 4 5 2],2761.5999999999804,0.5,0.5,0.8099764626597401,MI,[5 4 1 3 2],22.799999999999955,10,4543.400000000009,0.0,False,2
51,0,3,[3 1 4 5 2],2761.5999999999804,0.5,0.5,0.014494246979936065,SI,[5 4 1 3 2],22.799999999999955,10,4543.400000000009,0.0,False,2
51,0,4,[3 1 4 5 2],2761.5999999999804,0.5,0.5,0.6047340488798971,MI,[3 5 4 1 2],35.299999999999955,10,3735.199999999986,0.0,False,2
52,0,0,[3 1 4 5 2],2761.5999999999804,0.5,0.5,0.9810584661681452,MI,[3 5 4 1 2],35.299999999999955,10,3735.199999999986,0.0,False,2
52,0,1,[3 1 4 5 2],2761.5999999999804,0.5,0.5,0.20505346885508546,SI,[5 4 1 3 2],22.799999999999955,10,4543.400000000009,0.0,False,2
52,0,2,[3 1 4 5 2],2761.5999999999804,0.5,0.5,0.1583484328401623,SI,[3 5 4 1 2],35.299999999999955,10,3735.199999999986,0.0,False,2
52,0,3,[3 1 4 5 2],2761.5999999999804,0.5,0.5,0.42327775522514544,SI,[5 4 1 3 2],22.799999999999955,10,4543.400000000009,0.0,False,2
52,0,4,[3 1 4 5 2],2761.5999999999804,0.5,0.5,0.4875090006881926,SI,[5 4 1 3 2],22.799999999999955,10,4543.400000000009,0.0,False,2
53,0,0,[3 1 4 5 2],2761.5999999999804,0.5,0.5,0.3257550809777936,SI,[5 4 1 3 2],22.799999999999955,10,4543.400000000009,0.0,False,2
53,0,1,[3 1 4 5 2],2761.5999999999804,0.5,0.5,0.24816785090208826,SI,[5 4 1 3 2],22.799999999999955,10,4543.400000000009,0.0,False,2
53,0,2,[3 1 4 5 2],2761.5999999999804,0.5,0.5,0.38019746167381474,SI,[5 4 1 3 2],22.799999999999955,10,4543.400000000009,0.0,False,2
53,0,3,[3 1 4 5 2],2761.5999999999804,0.5,0.5,0.022816885071544668,SI,[3 5 4 1 2],35.299999999999955,10,3735.199999999986,0.0,False,2
53,0,4,[3 1 4 5 2],2761.5999999999804,0.5,0.5,0.1461458155611658,SI,[5 4 1 3 2],22.799999999999955,10,4543.400000000009,0.0,False,2
54,0,0,[3 1 4 5 2],2761.5999999999804,0.5,0.5,0.34804363535100225,SI,[5 4 1 3 2],22.799999999999955,10,4543.400000000009,0.0,False,2
54,0,1,[3 1 4 5 2],2761.5999999999804,0.5,0.5,0.42631894363190515,SI,[5 4 1 3 2],22.799999999999955,10,4543.400000000009,0.0,False,2
54,0,2,[3 1 4 5 2],2761.5999999999804,0.5,0.5,0.19827558743935936,SI,[5 4 1 3 2],22.799999999999955,10,4543.400000000009,0.0,False,2
54,0,3,[3 1 4 5 2],2761.5999999999804,0.5,0.5,0.676261928447466,MI,[5 4 1 3 2],22.799999999999955,10,4543.400000000009,0.0,False,2
54,0,4,[3 1 4 5 2],2761.5999999999804,0.5,0.5,0.9823573595212737,MI,[5 4 1 3 2],22.799999999999955,10,4543.400000000009,0.0,False,2
55,0,0,[3 1 4 5 2],2761.5999999999804,0.5,0.5,0.5464139366792748,MI,[2 5 4 1 3],57.30000000000001,10,4209.000000000036,0.0,False,2
55,0,1,[3 1 4 5 2],2761.5999999999804,0.5,0.5,0.6622619050209968,MI,[3 5 4 1 2],35.299999999999955,10,3735.199999999986,0.0,False,2
55,0,2,[3 1 4 5 2],2761.5999999999804,0.5,0.5,0.708391580809532,MI,[3 5 4 1 2],35.299999999999955,10,3735.199999999986,0.0,False,2
55,0,3,[3 1 4 5 2],2761.5999999999804,0.5,0.5,0.04502202546789946,SI,[2 5 4 1 3],57.30000000000001,10,4209.000000000036,0.0,False,2
55,0,4,[3 1 4 5 2],2761.5999999999804,0.5,0.5,0.47678085199588305,SI,[5 4 1 3 2],22.799999999999955,10,4543.400000000009,0.0,False,2
56,0,0,[3 1 4 5 2],2761.5999999999804,0.5,0.5,0.541528320484753,MI,[3 5 4 1 2],35.299999999999955,10,3735.199999999986,0.0,False,2
56,0,1,[3 1 4 5 2],2761.5999999999804,0.5,0.5,0.6099039188478917,MI,[3 5 4 1 2],35.299999999999955,10,3735.199999999986,0.0,False,2
56,0,2,[3 1 4 5 2],2761.5999999999804,0.5,0.5,0.6666016567404915,MI,[3 5 4 1 2],35.299999999999955,10,3735.199999999986,0.0,False,2
56,0,3,[3 1 4 5 2],2761.5999999999804,0.5,0.5,0.4935448727989352,SI,[5 4 1 3 2],22.799999999999955,10,4543.400000000009,0.0,False,2
56,0,4,[3 1 4 5 2],2761.5999999999804,0.5,0.5,0.9849456748172872,MI,[3 5 4 1 2],35.299999999999955,10,3735.199999999986,0.0,False,2
57,0,0,[3 1 4 5 2],2761.5999999999804,0.5,0.5,0.11723751774452351,SI,[3 5 4 1 2],35.299999999999955,10,3735.199999999986,0.0,False,2
57,0,1,[3 1 4 5 2],2761.5999999999804,0.5,0.5,0.8160398853055206,MI,[5 4 1 3 2],22.799999999999955,10,4543.400000000009,0.0,False,2
57,0,2,[3 1 4 5 2],2761.5999999999804,0.5,0.5,0.30337360598291174,SI,[5 4 1 3 2],22.799999999999955,10,4543.400000000009,0.0,False,2
57,0,3,[3 1 4 5 2],2761.5999999999804,0.5,0.5,0.8838086563733443,MI,[5 4 1 3 2],22.799999999999955,10,4543.400000000009,0.0,False,2
57,0,4,[3 1 4 5 2],2761.5999999999804,0.5,0.5,0.8040518461002413,MI,[5 4 1 3 2],22.799999999999955,10,4543.400000000009,0.0,False,2
58,0,0,[3 1 4 5 2],2761.5999999999804,0.5,0.5,0.5635557296256288,MI,[5 4 1 3 2],22.799999999999955,10,4543.400000000009,0.0,False,2
58,0,1,[3 1 4 5 2],2761.5999999999804,0.5,0.5,0.04864572592693017,SI,[5 4 1 3 2],22.799999999999955,10,4543.400000000009,0.0,False,2
58,0,2,[3 1 4 5 2],2761.5999999999804,0.5,0.5,0.6707968800890027,MI,[3 5 4 1 2],35.299999999999955,10,3735.199999999986,0.0,False,2
58,0,3,[3 1 4 5 2],2761.5999999999804,0.5,0.5,0.6150660907413215,MI,[5 4 1 3 2],22.799999999999955,10,4543.400000000009,0.0,False,2
58,0,4,[3 1 4 5 2],2761.5999999999804,0.5,0.5,0.027457055277193554,SI,[5 4 1 3 2],22.799999999999955,10,4543.400000000009,0.0,False,2
59,0,0,[3 1 4 5 2],2761.5999999999804,0.5,0.5,0.7285512428676832,MI,[3 5 4 1 2],35.299999999999955,10,3735.199999999986,0.0,False,2
59,0,1,[3 1 4 5 2],2761.5999999999804,0.5,0.5,0.8435102042524125,MI,[3 5 4 1 2],35.299999999999955,10,3735.199999999986,0.0,False,2
59,0,2,[3 1 4 5 2],2761.5999999999804,0.5,0.5,0.38669242883546495,SI,[5 4 1 3 2],22.799999999999955,10,4543.400000000009,0.0,False,2
59,0,3,[3 1 4 5 2],2761.5999999999804,0.5,0.5,0.4704237327179086,SI,[3 4 1 5 2],73.19999999999999,10,3454.6999999999825,0.0,False,2
59,0,4,[3 1 4 5 2],2761.5999999999804,0.5,0.5,0.6956277324216847,MI,[5 4 1 3 2],22.799999999999955,10,4543.400000000009,0.0,False,2
60,0,0,[3 1 4 5 2],2761.5999999999804,0.5,0.5,0.08399920543203854,SI,[3 4 1 5 2],73.19999999999999,10,3454.6999999999825,0.0,False,2
60,0,1,[3 1 4 5 2],2761.5999999999804,0.5,0.5,0.5190863228913368,MI,[5 4 1 3 2],22.799999999999955,10,4543.400000000009,0.0,False,2
60,0,2,[3 1 4 5 2],2761.5999999999804,0.5,0.5,0.07242610915966796,SI,[5 4 1 3 2],22.799999999999955,10,4543.400000000009,0.0,False,2
60,0,3,[3 1 4 5 2],2761.5999999999804,0.5,0.5,0.13120485179466201,SI,[2 5 4 1 3],57.30000000000001,10,4209.000000000036,0.0,False,2
60,0,4,[3 1 4 5 2],2761.5999999999804,0.5,0.5,0.4903376510942299,SI,[5 4 1 3 2],22.799999999999955,10,4543.400000000009,0.0,False,2
61,0,0,[3 1 4 5 2],2761.5999999999804,0.5,0.5,0.4906048273680309,SI,[5 4 1 3 2],22.799999999999955,10,4543.400000000009,0.0,False,2
61,0,1,[3 1 4 5 2],2761.5999999999804,0.5,0.5,0.7455072448151161,MI,[3 5 4 1 2],35.299999999999955,10,3735.199999999986,0.0,False,2
61,0,2,[3 1 4 5 2],2761.5999999999804,0.5,0.5,0.9592348849633721,MI,[5 4 1 3 2],22.799999999999955,10,4543.400000000009,0.0,False,2
61,0,3,[3 1 4 5 2],2761.5999999999804,0.5,0.5,0.6329803294788388,MI,[3 5 4 1 2],35.299999999999955,10,3735.199999999986,0.0,False,2
61,0,4,[3 1 4 5 2],2761.5999999999804,0.5,0.5,0.6015210460022109,MI,[5 4 1 3 2],22.799999999999955,10,4543.400000000009,0.0,False,2
62,0,0,[3 1 4 5 2],2761.5999999999804,0.5,0.5,0.27913156835574593,SI,[5 4 1 3 2],22.799999999999955,10,4543.400000000009,0.0,False,2
62,0,1,[3 1 4 5 2],2761.5999999999804,0.5,0.5,0.7262857104750438,MI,[5 4 1 3 2],22.799999999999955,10,4543.400000000009,0.0,False,2
62,0,2,[3 1 4 5 2],2761.5999999999804,0.5,0.5,0.6536642179801434,MI,[3 5 4 1 2],35.299999999999955,10,3735.199999999986,0.0,False,2
62,0,3,[3 1 4 5 2],2761.5999999999804,0.5,0.5,0.019024546564363143,SI,[5 4 1 3 2],22.799999999999955,10,4543.400000000009,0.0,False,2
62,0,4,[3 1 4 5 2],2761.5999999999804,0.5,0.5,0.08479566258447824,SI,[5 4 1 3 2],22.799999999999955,10,4543.400000000009,0.0,False,2
63,0,0,[3 1 4 5 2],2761.5999999999804,0.5,0.5,0.7302303342982039,MI,[5 4 1 3 2],22.799999999999955,10,4543.400000000009,0.0,False,2
63,0,1,[3 1 4 5 2],2761.5999999999804,0.5,0.5,0.17194910003137154,SI,[5 4 1 3 2],22.799999999999955,10,4543.400000000009,0.0,False,2
63,0,2,[3 1 4 5 2],2761.5999999999804,0.5,0.5,0.8913746939076164,MI,[3 5 4 1 2],35.299999999999955,10,3735.199999999986,0.0,False,2
63,0,3,[3 1 4 5 2],2761.5999999999804,0.5,0.5,0.44042530619653986,SI,[5 4 1 3 2],22.799999999999955,10,4543.400000000009,0.0,False,2
63,0,4,[3 1 4 5 2],2761.5999999999804,0.5,0.5,0.4939840350558413,SI,[3 5 4 1 2],35.299999999999955,10,3735.199999999986,0.0,False,2
64,0,0,[3 1 4 5 2],2761.5999999999804,0.5,0.5,0.10316663830566708,SI,[5 4 1 3 2],22.799999999999955,10,4543.400000000009,0.0,False,2
64,0,1,[3 1 4 5 2],2761.5999999999804,0.5,0.5,0.11363464580513516,SI,[3 5 4 1 2],35.299999999999955,10,3735.199999999986,0.0,False,2
64,0,2,[3 1 4 5 2],2761.5999999999804,0.5,0.5,0.9037095853746839,MI,[5 4 1 3 2],22.799999999999955,10,4543.400000000009,0.0,False,2
64,0,3,[3 1 4 5 2],2761.5999999999804,0.5,0.5,0.46214264704846064,SI,[5 4 1 3 2],22.799999999999955,10,4543.400000000009,0.0,False,2
64,0,4,[3 1 4 5 2],2761.5999999999804,0.5,0.5,0.1648023195255247,SI,[5 4 1 3 2],22.799999999999955,10,4543.400000000009,0.0,False,2
65,0,0,[3 1 4 5 2],2761.5999999999804,0.5,0.5,0.0836024607276491,SI,[5 4 1 3 2],22.799999999999955,10,4543.400000000009,0.0,False,2
65,0,1,[3 1 4 5 2],2761.5999999999804,0.5,0.5,0.594729568513571,MI,[5 4 1 3 2],22.799999999999955,10,4543.400000000009,0.0,False,2
65,0,2,[3 1 4 5 2],2761.5999999999804,0.5,0.5,0.7280906607185105,MI,[5 4 1 3 2],22.799999999999955,10,4543.400000000009,0.0,False,2
65,0,3,[3 1 4 5 2],2761.5999999999804,0.5,0.5,0.4422407517682544,SI,[5 4 1 3 2],22.799999999999955,10,4543.400000000009,0.0,False,2
65,0,4,[3 1 4 5 2],2761.5999999999804,0.5,0.5,0.9148528266753482,MI,[5 4 1 3 2],22.799999999999955,10,4543.400000000009,0.0,False,2
66,0,0,[3 1 4 5 2],2761.5999999999804,0.5,0.5,0.11358803858929967,SI,[5 4 1 3 2],22.799999999999955,10,4543.400000000009,0.0,False,2
66,0,1,[3 1 4 5 2],2761.5999999999804,0.5,0.5,0.7160507889257534,MI,[5 4 1 3 2],22.799999999999955,10,4543.400000000009,0.0,False,2
66,0,2,[3 1 4 5 2],2761.5999999999804,0.5,0.5,0.9647257379232024,MI,[5 4 1 3 2],22.799999999999955,10,4543.400000000009,0.0,False,2
66,0,3,[3 1 4 5 2],2761.5999999999804,0.5,0.5,0.5229058149275524,MI,[3 5 4 1 2],35.299999999999955,10,3735.199999999986,0.0,False,2
66,0,4,[3 1 4 5 2],2761.5999999999804,0.5,0.5,0.8624534432851885,MI,[5 4 1 3 2],22.799999999999955,10,4543.400000000009,0.0,False,2
67,0,0,[3 1 4 5 2],2761.5999999999804,0.5,0.5,0.9592395378141021,MI,[3 5 4 1 2],35.299999999999955,10,3735.199999999986,0.0,False,2
67,0,1,[3 1 4 5 2],2761.5999999999804,0.5,0.5,0.06321580599665355,SI,[3 4 1 5 2],73.19999999999999,10,3454.6999999999825,0.0,False,2
67,0,2,[3 1 4 5 2],2761.5999999999804,0.5,0.5,0.8643508796753134,MI,[5 4 1 3 2],22.799999999999955,10,4543.400000000009,0.0,False,2
67,0,3,[3 1 4 5 2],2761.5999999999804,0.5,0.5,0.21145269623778074,SI,[3 5 4 1 2],35.299999999999955,10,3735.199999999986,0.0,False,2
67,0,4,[3 1 4 5 2],2761.5999999999804,0.5,0.5,0.5017125913659541,MI,[5 4 1 3 2],22.799999999999955,10,4543.400000000009,0.0,False,2
68,0,0,[3 1 4 5 2],2761.5999999999804,0.5,0.5,0.32261623276320806,SI,[5 4 1 3 2],22.799999999999955,10,4543.400000000009,0.0,False,2
68,0,1,[3 1 4 5 2],2761.5999999999804,0.5,0.5,0.628550652474702,MI,[5 4 1 3 2],22.799999999999955,10,4543.400000000009,0.0,False,2
68,0,2,[3 1 4 5 2],2761.5999999999804,0.5,0.5,0.783862469437741,MI,[5 4 1 3 2],22.799999999999955,10,4543.400000000009,0.0,False,2
68,0,3,[3 1 4 5 2],2761.5999999999804,0.5,0.5,0.5169712526086933,MI,[5 4 1 3 2],22.799999999999955,10,4543.400000000009,0.0,False,2
68,0,4,[3 1 4 5 2],2761.5999999999804,0.5,0.5,0.0013898732229972177,SI,[5 4 1 3 2],22.799999999999955,10,4543.400000000009,0.0,False,2
69,0,0,[3 1 4 5 2],2761.5999999999804,0.5,0.5,0.3796198336350647,SI,[5 4 1 3 2],22.799999999999955,10,4543.400000000009,0.0,False,2
69,0,1,[3 1 4 5 2],2761.5999999999804,0.5,0.5,0.34765224253548976,SI,[5 4 1 3 2],22.799999999999955,10,4543.400000000009,0.0,False,2
69,0,2,[3 1 4 5 2],2761.5999999999804,0.5,0.5,0.3827606952552546,SI,[5 4 1 3 2],22.799999999999955,10,4543.400000000009,0.0,False,2
69,0,3,[3 1 4 5 2],2761.5999999999804,0.5,0.5,0.05107013382545467,SI,[5 4 1 3 2],22.799999999999955,10,4543.400000000009,0.0,False,2
69,0,4,[3 1 4 5 2],2761.5999999999804,0.5,0.5,0.8170408850006222,MI,[5 4 1 3 2],22.799999999999955,10,4543.400000000009,0.0,False,2
70,0,0,[3 1 4 5 2],2761.5999999999804,0.5,0.5,0.9817631159386805,MI,[5 4 1 3 2],22.799999999999955,10,4543.400000000009,0.0,False,2
70,0,1,[3 1 4 5 2],2761.5999999999804,0.5,0.5,0.7895594073634394,MI,[5 4 1 3 2],22.799999999999955,10,4543.400000000009,0.0,False,2
70,0,2,[3 1 4 5 2],2761.5999999999804,0.5,0.5,0.5098931375217509,MI,[4 1 3 5 2],175.39999999999998,10,4265.999999999996,0.0,False,2
70,0,3,[3 1 4 5 2],2761.5999999999804,0.5,0.5,0.7340413314303661,MI,[3 5 4 1 2],35.299999999999955,10,3735.199999999986,0.0,False,2
70,0,4,[3 1 4 5 2],2761.5999999999804,0.5,0.5,0.5293781865704379,MI,[5 4 1 3 2],22.799999999999955,10,4543.400000000009,0.0,False,2
71,0,0,[3 1 4 5 2],2761.5999999999804,0.5,0.5,0.6902196866442193,MI,[3 5 4 1 2],35.299999999999955,10,3735.199999999986,0.0,False,2
71,0,1,[3 1 4 5 2],2761.5999999999804,0.5,0.5,0.28854373095476893,SI,[5 4 1 3 2],22.799999999999955,10,4543.400000000009,0.0,False,2
71,0,2,[3 1 4 5 2],2761.5999999999804,0.5,0.5,0.9069544925384089,MI,[2 5 4 1 3],57.30000000000001,10,4209.000000000036,0.0,False,2
71,0,3,[3 1 4 5 2],2761.5999999999804,0.5,0.5,0.641675868689777,MI,[5 4 1 3 2],22.799999999999955,10,4543.400000000009,0.0,False,2
71,0,4,[3 1 4 5 2],2761.5999999999804,0.5,0.5,0.8473041989794967,MI,[5 4 1 3 2],22.799999999999955,10,4543.400000000009,0.0,False,2
72,0,0,[3 1 4 5 2],2761.5999999999804,0.5,0.5,0.6223365128139441,MI,[5 4 1 3 2],22.799999999999955,10,4543.400000000009,0.0,False,2
72,0,1,[3 1 4 5 2],2761.5999999999804,0.5,0.5,0.8668433666380857,MI,[3 5 4 1 2],35.299999999999955,10,3735.199999999986,0.0,False,2
72,0,2,[3 1 4 5 2],2761.5999999999804,0.5,0.5,0.6714185461706723,MI,[5 4 1 3 2],22.799999999999955,10,4543.400000000009,0.0,False,2
72,0,3,[3 1 4 5 2],2761.5999999999804,0.5,0.5,0.9337660021742703,MI,[2 5 4 1 3],57.30000000000001,10,4209.000000000036,0.0,False,2
72,0,4,[3 1 4 5 2],2761.5999999999804,0.5,0.5,0.03875989675297409,SI,[5 4 1 3 2],22.799999999999955,10,4543.400000000009,0.0,False,2
73,0,0,[3 1 4 5 2],2761.5999999999804,0.5,0.5,0.02420695987917565,SI,[5 4 1 3 2],22.799999999999955,10,4543.400000000009,0.0,False,2
73,0,1,[3 1 4 5 2],2761.5999999999804,0.5,0.5,0.6032085711067933,MI,[5 4 1 3 2],22.799999999999955,10,4543.400000000009,0.0,False,2
73,0,2,[3 1 4 5 2],2761.5999999999804,0.5,0.5,0.4586232912518794,SI,[5 4 1 3 2],22.799999999999955,10,4543.400000000009,0.0,False,2
73,0,3,[3 1 4 5 2],2761.5999999999804,0.5,0.5,0.4813019671501034,SI,[5 4 1 3 2],22.799999999999955,10,4543.400000000009,0.0,False,2
73,0,4,[3 1 4 5 2],2761.5999999999804,0.5,0.5,0.07998415868307585,SI,[5 4 1 3 2],22.799999999999955,10,4543.400000000009,0.0,False,2
74,0,0,[3 1 4 5 2],2761.5999999999804,0.5,0.5,0.2514914205347356,SI,[5 4 1 3 2],22.799999999999955,10,4543.400000000009,0.0,False,2
74,0,1,[3 1 4 5 2],2761.5999999999804,0.5,0.5,0.3552793538395628,SI,[5 4 1 3 2],22.799999999999955,10,4543.400000000009,0.0,False,2
74,0,2,[3 1 4 5 2],2761.5999999999804,0.5,0.5,0.22274696303493213,SI,[5 4 1 3 2],22.799999999999955,10,4543.400000000009,0.0,False,2
74,0,3,[3 1 4 5 2],2761.5999999999804,0.5,0.5,0.725389948782897,MI,[3 5 4 1 2],35.299999999999955,10,3735.199999999986,0.0,False,2
74,0,4,[3 1 4 5 2],2761.5999999999804,0.5,0.5,0.5131581915102107,MI,[5 4 1 3 2],22.799999999999955,10,4543.400000000009,0.0,False,2
75,0,0,[3 1 4 5 2],2761.5999999999804,0.5,0.5,0.91068446398169,MI,[5 4 1 3 2],22.799999999999955,10,4543.400000000009,0.0,False,2
75,0,1,[3 1 4 5 2],2761.5999999999804,0.5,0.5,0.8858919268248835,MI,[5 4 1 3 2],22.799999999999955,10,4543.400000000009,0.0,False,2
75,0,2,[3 1 4 5 2],2761.5999999999804,0.5,0.5,0.169973741659595,SI,[5 4 1 3 2],22.799999999999955,10,4543.400000000009,0.0,False,2
75,0,3,[3 1 4 5 2],2761.5999999999804,0.5,0.5,0.53177906146648,MI,[3 5 4 1 2],35.299999999999955,10,3735.199999999986,0.0,False,2
75,0,4,[3 1 4 5 2],2761.5999999999804,0.5,0.5,0.9678156660208103,MI,[3 5 4 1 2],35.299999999999955,10,3735.199999999986,0.0,False,2
76,0,0,[3 1 4 5 2],2761.5999999999804,0.5,0.5,0.3619132885697274,SI,[5 4 1 3 2],22.799999999999955,10,4543.400000000009,0.0,False,2
76,0,1,[3 1 4 5 2],2761.5999999999804,0.5,0.5,0.8349496385835762,MI,[5 4 1 3 2],22.799999999999955,10,4543.400000000009,0.0,False,2
76,0,2,[3 1 4 5 2],2761.5999999999804,0.5,0.5,0.6407626127702805,MI,[3 5 4 1 2],35.299999999999955,10,3735.199999999986,0.0,False,2
76,0,3,[3 1 4 5 2],2761.5999999999804,0.5,0.5,0.7730363932581725,MI,[3 5 4 1 2],35.299999999999955,10,3735.199999999986,0.0,False,2
76,0,4,[3 1 4 5 2],2761.5999999999804,0.5,0.5,0.5633466353589677,MI,[2 5 4 1 3],57.30000000000001,10,4209.000000000036,0.0,False,2
77,0,0,[3 1 4 5 2],2761.5999999999804,0.5,0.5,0.17550247018655563,SI,[2 5 4 1 3],57.30000000000001,10,4209.000000000036,0.0,False,2
77,0,1,[3 1 4 5 2],2761.5999999999804,0.5,0.5,0.9280087716277434,MI,[3 5 4 1 2],35.299999999999955,10,3735.199999999986,0.0,False,2
77,0,2,[3 1 4 5 2],2761.5999999999804,0.5,0.5,0.44110677384296726,SI,[3 5 4 1 2],35.299999999999955,10,3735.199999999986,0.0,False,2
77,0,3,[3 1 4 5 2],2761.5999999999804,0.5,0.5,0.7868860657989167,MI,[5 4 1 3 2],22.799999999999955,10,4543.400000000009,0.0,False,2
77,0,4,[3 1 4 5 2],2761.5999999999804,0.5,0.5,0.45164844259900727,SI,[5 4 1 3 2],22.799999999999955,10,4543.400000000009,0.0,False,2
78,0,0,[3 1 4 5 2],2761.5999999999804,0.5,0.5,0.35137032386672684,SI,[5 4 1 3 2],22.799999999999955,10,4543.400000000009,0.0,False,2
78,0,1,[3 1 4 5 2],2761.5999999999804,0.5,0.5,0.24095363656121516,SI,[3 5 4 1 2],35.299999999999955,10,3735.199999999986,0.0,False,2
78,0,2,[3 1 4 5 2],2761.5999999999804,0.5,0.5,0.6437617121837739,MI,[2 5 4 1 3],57.30000000000001,10,4209.000000000036,0.0,False,2
78,0,3,[3 1 4 5 2],2761.5999999999804,0.5,0.5,0.7171513454153956,MI,[5 4 1 3 2],22.799999999999955,10,4543.400000000009,0.0,False,2
78,0,4,[3 1 4 5 2],2761.5999999999804,0.5,0.5,0.9648174067102067,MI,[5 4 1 3 2],22.799999999999955,10,4543.400000000009,0.0,False,2
79,0,0,[3 1 4 5 2],2761.5999999999804,0.5,0.5,0.057159557253023574,SI,[3 5 4 1 2],35.299999999999955,10,3735.199999999986,0.0,False,2
79,0,1,[3 1 4 5 2],2761.5999999999804,0.5,0.5,0.05984555793079804,SI,[5 4 1 3 2],22.799999999999955,10,4543.400000000009,0.0,False,2
79,0,2,[3 1 4 5 2],2761.5999999999804,0.5,0.5,0.24901503581342743,SI,[5 4 1 3 2],22.799999999999955,10,4543.400000000009,0.0,False,2
79,0,3,[3 1 4 5 2],2761.5999999999804,0.5,0.5,0.45597337155761675,SI,[5 4 1 3 2],22.799999999999955,10,4543.400000000009,0.0,False,2
79,0,4,[3 1 4 5 2],2761.5999999999804,0.5,0.5,0.42327717241211926,SI,[5 4 1 3 2],22.799999999999955,10,4543.400000000009,0.0,False,2
80,0,0,[3 1 4 5 2],2761.5999999999804,0.5,0.5,0.7888132135137472,MI,[5 4 1 3 2],22.799999999999955,10,4543.400000000009,0.0,False,2
80,0,1,[3 1 4 5 2],2761.5999999999804,0.5,0.5,0.6888686944428506,MI,[3 5 4 1 2],35.299999999999955,10,3735.199999999986,0.0,False,2
80,0,2,[3 1 4 5 2],2761.5999999999804,0.5,0.5,0.14659345284988123,SI,[5 4 1 3 2],22.799999999999955,10,4543.400000000009,0.0,False,2
80,0,3,[3 1 4 5 2],2761.5999999999804,0.5,0.5,0.4918750081893364,SI,[3 1 5 4 2],101.39999999999998,10,2985.999999999982,0.0,False,2
80,0,4,[3 1 4 5 2],2761.5999999999804,0.5,0.5,0.5673792205487493,MI,[3 5 4 1 2],35.299999999999955,10,3735.199999999986,0.0,False,2
81,0,0,[3 1 4 5 2],2761.5999999999804,0.5,0.5,0.39696340160032817,SI,[3 5 4 1 2],35.299999999999955,10,3735.199999999986,0.0,False,2
81,0,1,[3 1 4 5 2],2761.5999999999804,0.5,0.5,0.5284714227979773,MI,[5 4 1 3 2],22.799999999999955,10,4543.400000000009,0.0,False,2
81,0,2,[3 1 4 5 2],2761.5999999999804,0.5,0.5,0.7363728232137978,MI,[5 4 1 3 2],22.799999999999955,10,4543.400000000009,0.0,False,2
81,0,3,[3 1 4 5 2],2761.5999999999804,0.5,0.5,0.9150726278860413,MI,[5 4 1 3 2],22.799999999999955,10,4543.400000000009,0.0,False,2
81,0,4,[3 1 4 5 2],2761.5999999999804,0.5,0.5,0.7966865019757869,MI,[5 4 1 3 2],22.799999999999955,10,4543.400000000009,0.0,False,2
82,0,0,[3 1 4 5 2],2761.5999999999804,0.5,0.5,0.3075171967869611,SI,[5 4 1 3 2],22.799999999999955,10,4543.400000000009,0.0,False,2
82,0,1,[3 1 4 5 2],2761.5999999999804,0.5,0.5,0.40139895310474516,SI,[5 4 1 3 2],22.799999999999955,10,4543.400000000009,0.0,False,2
82,0,2,[3 1 4 5 2],2761.5999999999804,0.5,0.5,0.06417708599038274,SI,[5 4 1 3 2],22.799999999999955,10,4543.400000000009,0.0,False,2
82,0,3,[3 1 4 5 2],2761.5999999999804,0.5,0.5,0.9271242743485043,MI,[5 4 1 3 2],22.799999999999955,10,4543.400000000009,0.0,False,2
82,0,4,[3 1 4 5 2],2761.5999999999804,0.5,0.5,0.9547631717206132,MI,[3 5 4 1 2],35.299999999999955,10,3735.199999999986,0.0,False,2
83,0,0,[3 1 4 5 2],2761.5999999999804,0.5,0.5,0.692439071937946,MI,[3 5 4 1 2],35.299999999999955,10,3735.199999999986,0.0,False,2
83,0,1,[3 1 4 5 2],2761.5999999999804,0.5,0.5,0.01931379247729159,SI,[5 4 1 3 2],22.799999999999955,10,4543.400000000009,0.0,False,2
83,0,2,[3 1 4 5 2],2761.5999999999804,0.5,0.5,0.3537898636289777,SI,[5 4 1 3 2],22.799999999999955,10,4543.400000000009,0.0,False,2
83,0,3,[3 1 4 5 2],2761.5999999999804,0.5,0.5,0.2935106879554018,SI,[5 4 1 3 2],22.799999999999955,10,4543.400000000009,0.0,False,2
83,0,4,[3 1 4 5 2],2761.5999999999804,0.5,0.5,0.4261215977992392,SI,[5 4 1 3 2],22.799999999999955,10,4543.400000000009,0.0,False,2
84,0,0,[3 1 4 5 2],2761.5999999999804,0.5,0.5,0.8534145626897142,MI,[5 4 1 3 2],22.799999999999955,10,4543.400000000009,0.0,False,2
84,0,1,[3 1 4 5 2],2761.5999999999804,0.5,0.5,0.9066496913751383,MI,[2 5 4 1 3],57.30000000000001,10,4209.000000000036,0.0,False,2
84,0,2,[3 1 4 5 2],2761.5999999999804,0.5,0.5,0.29288723141471285,SI,[5 4 1 3 2],22.799999999999955,10,4543.400000000009,0.0,False,2
84,0,3,[3 1 4 5 2],2761.5999999999804,0.5,0.5,0.7592032243624843,MI,[5 4 1 3 2],22.799999999999955,10,4543.400000000009,0.0,False,2
84,0,4,[3 1 4 5 2],2761.5999999999804,0.5,0.5,0.27821769193549106,SI,[5 4 1 3 2],22.799999999999955,10,4543.400000000009,0.0,False,2
85,0,0,[3 1 4 5 2],2761.5999999999804,0.5,0.5,0.6743071093110716,MI,[3 5 4 1 2],35.299999999999955,10,3735.199999999986,0.0,False,2
85,0,1,[3 1 4 5 2],2761.5999999999804,0.5,0.5,0.7678698185742495,MI,[5 4 1 3 2],22.799999999999955,10,4543.400000000009,0.0,False,2
85,0,2,[3 1 4 5 2],2761.5999999999804,0.5,0.5,0.5673861338173418,MI,[5 4 1 3 2],22.799999999999955,10,4543.400000000009,0.0,False,2
85,0,3,[3 1 4 5 2],2761.5999999999804,0.5,0.5,0.9988092694545914,MI,[5 4 1 3 2],22.799999999999955,10,4543.400000000009,0.0,False,2
85,0,4,[3 1 4 5 2],2761.5999999999804,0.5,0.5,0.7087913459778785,MI,[5 4 1 3 2],22.799999999999955,10,4543.400000000009,0.0,False,2
86,0,0,[3 1 4 5 2],2761.5999999999804,0.5,0.5,0.7708973907947362,MI,[5 4 1 3 2],22.799999999999955,10,4543.400000000009,0.0,False,2
86,0,1,[3 1 4 5 2],2761.5999999999804,0.5,0.5,0.8689588931217979,MI,[2 5 4 1 3],57.30000000000001,10,4209.000000000036,0.0,False,2
86,0,2,[3 1 4 5 2],2761.5999999999804,0.5,0.5,0.6378284029673938,MI,[5 4 1 3 2],22.799999999999955,10,4543.400000000009,0.0,False,2
86,0,3,[3 1 4 5 2],2761.5999999999804,0.5,0.5,0.08825231915445297,SI,[5 4 1 3 2],22.799999999999955,10,4543.400000000009,0.0,False,2
86,0,4,[3 1 4 5 2],2761.5999999999804,0.5,0.5,0.3278153870675192,SI,[3 5 4 1 2],35.299999999999955,10,3735.199999999986,0.0,False,2
87,0,0,[3 1 4 5 2],2761.5999999999804,0.5,0.5,0.9208002860902349,MI,[5 4 1 3 2],22.799999999999955,10,4543.400000000009,0.0,False,2
87,0,1,[3 1 4 5 2],2761.5999999999804,0.5,0.5,0.14610109488911405,SI,[5 4 1 3 2],22.799999999999955,10,4543.400000000009,0.0,False,2
87,0,2,[3 1 4 5 2],2761.5999999999804,0.5,0.5,0.524734850919979,MI,[3 5 4 1 2],35.299999999999955,10,3735.199999999986,0.0,False,2
87,0,3,[3 1 4 5 2],2761.5999999999804,0.5,0.5,0.5592789067084984,MI,[3 5 4 1 2],35.299999999999955,10,3735.199999999986,0.0,False,2
87,0,4,[3 1 4 5 2],2761.5999999999804,0.5,0.5,0.9407485433233651,MI,[5 4 1 3 2],22.799999999999955,10,4543.400000000009,0.0,False,2
88,0,0,[3 1 4 5 2],2761.5999999999804,0.5,0.5,0.49309218229521934,SI,[5 4 1 3 2],22.799999999999955,10,4543.400000000009,0.0,False,2
88,0,1,[3 1 4 5 2],2761.5999999999804,0.5,0.5,0.6679515724267093,MI,[5 4 1 3 2],22.799999999999955,10,4543.400000000009,0.0,False,2
88,0,2,[3 1 4 5 2],2761.5999999999804,0.5,0.5,0.8952131299407604,MI,[5 4 1 3 2],22.799999999999955,10,4543.400000000009,0.0,False,2
88,0,3,[3 1 4 5 2],2761.5999999999804,0.5,0.5,0.6168838140436712,MI,[5 4 1 3 2],22.799999999999955,10,4543.400000000009,0.0,False,2
88,0,4,[3 1 4 5 2],2761.5999999999804,0.5,0.5,0.4365186308164256,SI,[5 4 1 3 2],22.799999999999955,10,4543.400000000009,0.0,False,2
89,0,0,[3 1 4 5 2],2761.5999999999804,0.5,0.5,0.8473127077098089,MI,[5 4 1 3 2],22.799999999999955,10,4543.400000000009,0.0,False,2
89,0,1,[3 1 4 5 2],2761.5999999999804,0.5,0.5,0.11972779661646582,SI,[3 5 4 1 2],35.299999999999955,10,3735.199999999986,0.0,False,2
89,0,2,[3 1 4 5 2],2761.5999999999804,0.5,0.5,0.39043792587594517,SI,[5 4 1 3 2],22.799999999999955,10,4543.400000000009,0.0,False,2
89,0,3,[3 1 4 5 2],2761.5999999999804,0.5,0.5,0.8077356099659317,MI,[5 4 1 3 2],22.799999999999955,10,4543.400000000009,0.0,False,2
89,0,4,[3 1 4 5 2],2761.5999999999804,0.5,0.5,0.7675256169762418,MI,[3 5 4 1 2],35.299999999999955,10,3735.199999999986,0.0,False,2
90,0,0,[3 1 4 5 2],2761.5999999999804,0.5,0.5,0.5213263913558424,MI,[5 4 1 3 2],22.799999999999955,10,4543.400000000009,0.0,False,2
90,0,1,[3 1 4 5 2],2761.5999999999804,0.5,0.5,0.36046704406409613,SI,[5 4 1 3 2],22.799999999999955,10,4543.400000000009,0.0,False,2
90,0,2,[3 1 4 5 2],2761.5999999999804,0.5,0.5,0.34776635826911195,SI,[5 4 1 3 2],22.799999999999955,10,4543.400000000009,0.0,False,2
90,0,3,[3 1 4 5 2],2761.5999999999804,0.5,0.5,0.5530097669846967,MI,[5 4 1 3 2],22.799999999999955,10,4543.400000000009,0.0,False,2
90,0,4,[3 1 4 5 2],2761.5999999999804,0.5,0.5,0.6728533324754776,MI,[3 5 4 1 2],35.299999999999955,10,3735.199999999986,0.0,False,2
0,18,0,[2 1 3 5 4],1747.6999999999643,0.5,0.5,0.7074508782691098,MI,[2 1 4 5 3],-0.30000000000001137,10,1755.1999999999643,0.0,False,3
0,18,1,[2 1 3 5 4],1747.6999999999643,0.5,0.5,0.7147891748202728,MI,[4 5 3 1 2],-62.50000000000006,10,3419.799999999963,0.0,False,3
0,18,2,[2 1 3 5 4],1747.6999999999643,0.5,0.5,0.6735036936517317,MI,[2 4 5 3 1],-44.69999999999999,10,2568.2999999999593,0.0,False,3
0,18,3,[2 1 3 5 4],1747.6999999999643,0.5,0.5,0.9766314262937114,MI,[2 4 5 3 1],-44.69999999999999,10,2568.2999999999593,0.0,False,3
0,18,4,[2 1 3 5 4],1747.6999999999643,0.5,0.5,0.5913199609770536,MI,[4 5 3 1 2],-62.50000000000006,10,3419.799999999963,0.0,False,3
1,0,0,[2 1 3 5 4],1747.6999999999643,0.5,0.5,0.8964236250619533,MI,[4 5 3 1 2],-62.50000000000006,10,3419.799999999963,0.0,False,3
1,0,1,[2 1 3 5 4],1747.6999999999643,0.5,0.5,0.7653478325617599,MI,[2 4 5 3 1],-44.69999999999999,10,2568.2999999999593,0.0,False,3
1,0,2,[2 1 3 5 4],1747.6999999999643,0.5,0.5,0.5676234627998312,MI,[2 4 5 3 1],-44.69999999999999,10,2568.2999999999593,0.0,False,3
1,0,3,[2 1 3 5 4],1747.6999999999643,0.5,0.5,0.9500877553565368,MI,[2 4 5 3 1],-44.69999999999999,10,2568.2999999999593,0.0,False,3
1,0,4,[2 1 3 5 4],1747.6999999999643,0.5,0.5,0.5213356524183609,MI,[4 5 3 1 2],-62.50000000000006,10,3419.799999999963,0.0,False,3
2,0,0,[2 1 3 5 4],1747.6999999999643,0.5,0.5,0.32114956922554794,SI,[2 4 5 3 1],-44.69999999999999,10,2568.2999999999593,0.0,False,3
2,0,1,[2 1 3 5 4],1747.6999999999643,0.5,0.5,0.4940483373653958,SI,[4 5 3 1 2],-62.50000000000006,10,3419.799999999963,0.0,False,3
2,0,2,[2 1 3 5 4],1747.6999999999643,0.5,0.5,0.38101306093045395,SI,[4 5 3 1 2],-62.50000000000006,10,3419.799999999963,0.0,False,3
2,0,3,[2 1 3 5 4],1747.6999999999643,0.5,0.5,0.93880580213846,MI,[2 4 5 3 1],-44.69999999999999,10,2568.2999999999593,0.0,False,3
2,0,4,[2 1 3 5 4],1747.6999999999643,0.5,0.5,0.7388086180483936,MI,[2 4 5 3 1],-44.69999999999999,10,2568.2999999999593,0.0,False,3
3,0,0,[2 1 3 5 4],1747.6999999999643,0.5,0.5,0.8121592538232456,MI,[2 1 4 5 3],-0.30000000000001137,10,1755.1999999999643,0.0,False,3
3,0,1,[2 1 3 5 4],1747.6999999999643,0.5,0.5,0.08964907488959839,SI,[2 4 5 3 1],-44.69999999999999,10,2568.2999999999593,0.0,False,3
3,0,2,[2 1 3 5 4],1747.6999999999643,0.5,0.5,0.554790855485993,MI,[4 5 3 1 2],-62.50000000000006,10,3419.799999999963,0.0,False,3
3,0,3,[2 1 3 5 4],1747.6999999999643,0.5,0.5,0.2556857518608223,SI,[2 4 5 3 1],-44.69999999999999,10,2568.2999999999593,0.0,False,3
3,0,4,[2 1 3 5 4],1747.6999999999643,0.5,0.5,0.8932124206885318,MI,[4 5 3 1 2],-62.50000000000006,10,3419.799999999963,0.0,False,3
4,0,0,[2 1 3 5 4],1747.6999999999643,0.5,0.5,0.567053258068213,MI,[4 5 3 1 2],-62.50000000000006,10,3419.799999999963,0.0,False,3
4,0,1,[2 1 3 5 4],1747.6999999999643,0.5,0.5,0.3036092495645958,SI,[4 5 3 1 2],-62.50000000000006,10,3419.799999999963,0.0,False,3
4,0,2,[2 1 3 5 4],1747.6999999999643,0.5,0.5,0.49362041039463567,SI,[4 5 3 1 2],-62.50000000000006,10,3419.799999999963,0.0,False,3
4,0,3,[2 1 3 5 4],1747.6999999999643,0.5,0.5,0.5165380484787017,MI,[4 5 3 1 2],-62.50000000000006,10,3419.799999999963,0.0,False,3
4,0,4,[2 1 3 5 4],1747.6999999999643,0.5,0.5,0.5812654522370629,MI,[2 1 4 5 3],-0.30000000000001137,10,1755.1999999999643,0.0,False,3
5,0,0,[2 1 3 5 4],1747.6999999999643,0.5,0.5,0.3200819368839778,SI,[4 5 3 1 2],-62.50000000000006,10,3419.799999999963,0.0,False,3
5,0,1,[2 1 3 5 4],1747.6999999999643,0.5,0.5,0.38485600203405534,SI,[2 4 5 3 1],-44.69999999999999,10,2568.2999999999593,0.0,False,3
5,0,2,[2 1 3 5 4],1747.6999999999643,0.5,0.5,0.342409983076178,SI,[4 5 3 1 2],-62.50000000000006,10,3419.799999999963,0.0,False,3
5,0,3,[2 1 3 5 4],1747.6999999999643,0.5,0.5,0.6951515129763133,MI,[4 5 3 1 2],-62.50000000000006,10,3419.799999999963,0.0,False,3
5,0,4,[2 1 3 5 4],1747.6999999999643,0.5,0.5,0.28541613602712423,SI,[4 5 3 1 2],-62.50000000000006,10,3419.799999999963,0.0,False,3
6,0,0,[2 1 3 5 4],1747.6999999999643,0.5,0.5,0.9824809297315154,MI,[2 4 5 3 1],-44.69999999999999,10,2568.2999999999593,0.0,False,3
6,0,1,[2 1 3 5 4],1747.6999999999643,0.5,0.5,0.3103043846412299,SI,[2 1 4 5 3],-0.30000000000001137,10,1755.1999999999643,0.0,False,3
6,0,2,[2 1 3 5 4],1747.6999999999643,0.5,0.5,0.008769942739495606,SI,[2 4 5 3 1],-44.69999999999999,10,2568.2999999999593,0.0,False,3
6,0,3,[2 1 3 5 4],1747.6999999999643,0.5,0.5,0.766013966146112,MI,[2 4 5 3 1],-44.69999999999999,10,2568.2999999999593,0.0,False,3
6,0,4,[2 1 3 5 4],1747.6999999999643,0.5,0.5,0.801573726710995,MI,[2 1 4 5 3],-0.30000000000001137,10,1755.1999999999643,0.0,False,3
7,0,0,[2 1 3 5 4],1747.6999999999643,0.5,0.5,0.9567249924351799,MI,[4 5 3 1 2],-62.50000000000006,10,3419.799999999963,0.0,False,3
7,0,1,[2 1 3 5 4],1747.6999999999643,0.5,0.5,0.7622499344027608,MI,[4 5 3 1 2],-62.50000000000006,10,3419.799999999963,0.0,False,3
7,0,2,[2 1 3 5 4],1747.6999999999643,0.5,0.5,0.05139191297753587,SI,[4 5 3 1 2],-62.50000000000006,10,3419.799999999963,0.0,False,3
7,0,3,[2 1 3 5 4],1747.6999999999643,0.5,0.5,0.6082596303971725,MI,[2 4 5 3 1],-44.69999999999999,10,2568.2999999999593,0.0,False,3
7,0,4,[2 1 3 5 4],1747.6999999999643,0.5,0.5,0.958400295367138,MI,[2 4 5 3 1],-44.69999999999999,10,2568.2999999999593,0.0,False,3
8,0,0,[2 1 3 5 4],1747.6999999999643,0.5,0.5,0.4420956239096462,SI,[4 5 3 1 2],-62.50000000000006,10,3419.799999999963,0.0,False,3
8,0,1,[2 1 3 5 4],1747.6999999999643,0.5,0.5,0.5252765489147453,MI,[4 5 3 1 2],-62.50000000000006,10,3419.799999999963,0.0,False,3
8,0,2,[2 1 3 5 4],1747.6999999999643,0.5,0.5,0.9060062624124795,MI,[4 5 3 1 2],-62.50000000000006,10,3419.799999999963,0.0,False,3
8,0,3,[2 1 3 5 4],1747.6999999999643,0.5,0.5,0.8405261654165913,MI,[2 4 5 3 1],-44.69999999999999,10,2568.2999999999593,0.0,False,3
8,0,4,[2 1 3 5 4],1747.6999999999643,0.5,0.5,0.9424907024514674,MI,[2 4 5 3 1],-44.69999999999999,10,2568.2999999999593,0.0,False,3
9,0,0,[2 1 3 5 4],1747.6999999999643,0.5,0.5,0.9276892487554642,MI,[4 5 3 1 2],-62.50000000000006,10,3419.799999999963,0.0,False,3
9,0,1,[2 1 3 5 4],1747.6999999999643,0.5,0.5,0.748767454175221,MI,[4 5 3 1 2],-62.50000000000006,10,3419.799999999963,0.0,False,3
9,0,2,[2 1 3 5 4],1747.6999999999643,0.5,0.5,0.8323080672338,MI,[4 5 3 1 2],-62.50000000000006,10,3419.799999999963,0.0,False,3
9,0,3,[2 1 3 5 4],1747.6999999999643,0.5,0.5,0.26155769213635227,SI,[4 5 3 1 2],-62.50000000000006,10,3419.799999999963,0.0,False,3
9,0,4,[2 1 3 5 4],1747.6999999999643,0.5,0.5,0.17960424431627653,SI,[4 5 3 1 2],-62.50000000000006,10,3419.799999999963,0.0,False,3
10,0,0,[2 1 3 5 4],1747.6999999999643,0.5,0.5,0.4625342234641574,SI,[4 5 3 1 2],-62.50000000000006,10,3419.799999999963,0.0,False,3
10,0,1,[2 1 3 5 4],1747.6999999999643,0.5,0.5,0.06738562363340961,SI,[4 5 3 1 2],-62.50000000000006,10,3419.799999999963,0.0,False,3
10,0,2,[2 1 3 5 4],1747.6999999999643,0.5,0.5,0.5132836604049907,MI,[4 5 3 1 2],-62.50000000000006,10,3419.799999999963,0.0,False,3
10,0,3,[2 1 3 5 4],1747.6999999999643,0.5,0.5,0.5034415977350494,MI,[4 5 3 1 2],-62.50000000000006,10,3419.799999999963,0.0,False,3
10,0,4,[2 1 3 5 4],1747.6999999999643,0.5,0.5,0.745174455977238,MI,[4 5 3 1 2],-62.50000000000006,10,3419.799999999963,0.0,False,3
11,0,0,[2 1 3 5 4],1747.6999999999643,0.5,0.5,0.5921406799271165,MI,[4 5 3 1 2],-62.50000000000006,10,3419.799999999963,0.0,False,3
11,0,1,[2 1 3 5 4],1747.6999999999643,0.5,0.5,0.2989939822004143,SI,[2 4 5 3 1],-44.69999999999999,10,2568.2999999999593,0.0,False,3
11,0,2,[2 1 3 5 4],1747.6999999999643,0.5,0.5,0.90002311212523,MI,[4 5 3 1 2],-62.50000000000006,10,3419.799999999963,0.0,False,3
11,0,3,[2 1 3 5 4],1747.6999999999643,0.5,0.5,0.4610139975009594,SI,[4 5 3 1 2],-62.50000000000006,10,3419.799999999963,0.0,False,3
11,0,4,[2 1 3 5 4],1747.6999999999643,0.5,0.5,0.08994721889905144,SI,[4 5 3 1 2],-62.50000000000006,10,3419.799999999963,0.0,False,3
12,0,0,[2 1 3 5 4],1747.6999999999643,0.5,0.5,0.7944134391375678,MI,[4 5 3 1 2],-62.50000000000006,10,3419.799999999963,0.0,False,3
12,0,1,[2 1 3 5 4],1747.6999999999643,0.5,0.5,0.6844258032337037,MI,[4 5 3 1 2],-62.50000000000006,10,3419.799999999963,0.0,False,3
12,0,2,[2 1 3 5 4],1747.6999999999643,0.5,0.5,0.652499640138526,MI,[2 4 5 3 1],-44.69999999999999,10,2568.2999999999593,0.0,False,3
12,0,3,[2 1 3 5 4],1747.6999999999643,0.5,0.5,0.29372433788790464,SI,[4 5 3 1 2],-62.50000000000006,10,3419.799999999963,0.0,False,3
12,0,4,[2 1 3 5 4],1747.6999999999643,0.5,0.5,0.7744762238417819,MI,[2 4 5 3 1],-44.69999999999999,10,2568.2999999999593,0.0,False,3
13,0,0,[2 1 3 5 4],1747.6999999999643,0.5,0.5,0.6318360630010565,MI,[2 4 5 3 1],-44.69999999999999,10,2568.2999999999593,0.0,False,3
13,0,1,[2 1 3 5 4],1747.6999999999643,0.5,0.5,0.30854154328619654,SI,[4 5 3 1 2],-62.50000000000006,10,3419.799999999963,0.0,False,3
13,0,2,[2 1 3 5 4],1747.6999999999643,0.5,0.5,0.17812487966120116,SI,[4 5 3 1 2],-62.50000000000006,10,3419.799999999963,0.0,False,3
13,0,3,[2 1 3 5 4],1747.6999999999643,0.5,0.5,0.03290946491576885,SI,[4 5 3 1 2],-62.50000000000006,10,3419.799999999963,0.0,False,3
13,0,4,[2 1 3 5 4],1747.6999999999643,0.5,0.5,0.5535300544452701,MI,[4 5 3 1 2],-62.50000000000006,10,3419.799999999963,0.0,False,3
14,0,0,[2 1 3 5 4],1747.6999999999643,0.5,0.5,0.9444934407052936,MI,[4 5 3 1 2],-62.50000000000006,10,3419.799999999963,0.0,False,3
14,0,1,[2 1 3 5 4],1747.6999999999643,0.5,0.5,0.8807809845558586,MI,[2 4 5 3 1],-44.69999999999999,10,2568.2999999999593,0.0,False,3
14,0,2,[2 1 3 5 4],1747.6999999999643,0.5,0.5,0.4561416881730831,SI,[2 4 5 3 1],-44.69999999999999,10,2568.2999999999593,0.0,False,3
14,0,3,[2 1 3 5 4],1747.6999999999643,0.5,0.5,0.5997686780373328,MI,[4 5 3 1 2],-62.50000000000006,10,3419.799999999963,0.0,False,3
14,0,4,[2 1 3 5 4],1747.6999999999643,0.5,0.5,0.03629645275378446,SI,[4 5 3 1 2],-62.50000000000006,10,3419.799999999963,0.0,False,3
15,0,0,[2 1 3 5 4],1747.6999999999643,0.5,0.5,0.8876263278076917,MI,[2 4 5 3 1],-44.69999999999999,10,2568.2999999999593,0.0,False,3
15,0,1,[2 1 3 5 4],1747.6999999999643,0.5,0.5,0.13168160388393457,SI,[4 5 3 1 2],-62.50000000000006,10,3419.799999999963,0.0,False,3
15,0,2,[2 1 3 5 4],1747.6999999999643,0.5,0.5,0.964817031246355,MI,[2 4 5 3 1],-44.69999999999999,10,2568.2999999999593,0.0,False,3
15,0,3,[2 1 3 5 4],1747.6999999999643,0.5,0.5,0.8006370332545427,MI,[2 4 5 3 1],-44.69999999999999,10,2568.2999999999593,0.0,False,3
15,0,4,[2 1 3 5 4],1747.6999999999643,0.5,0.5,0.19433510410877763,SI,[4 5 3 1 2],-62.50000000000006,10,3419.799999999963,0.0,False,3
16,0,0,[2 1 3 5 4],1747.6999999999643,0.5,0.5,0.7574136604630537,MI,[4 5 3 1 2],-62.50000000000006,10,3419.799999999963,0.0,False,3
16,0,1,[2 1 3 5 4],1747.6999999999643,0.5,0.5,0.5025143057297004,MI,[4 5 3 1 2],-62.50000000000006,10,3419.799999999963,0.0,False,3
16,0,2,[2 1 3 5 4],1747.6999999999643,0.5,0.5,0.7888706271478086,MI,[4 5 3 1 2],-62.50000000000006,10,3419.799999999963,0.0,False,3
16,0,3,[2 1 3 5 4],1747.6999999999643,0.5,0.5,0.7125875824945253,MI,[2 4 5 3 1],-44.69999999999999,10,2568.2999999999593,0.0,False,3
16,0,4,[2 1 3 5 4],1747.6999999999643,0.5,0.5,0.706745407316908,MI,[4 5 3 1 2],-62.50000000000006,10,3419.799999999963,0.0,False,3
17,0,0,[2 1 3 5 4],1747.6999999999643,0.5,0.5,0.8380580411960243,MI,[4 5 3 1 2],-62.50000000000006,10,3419.799999999963,0.0,False,3
17,0,1,[2 1 3 5 4],1747.6999999999643,0.5,0.5,0.5036863496325511,MI,[2 4 5 3 1],-44.69999999999999,10,2568.2999999999593,0.0,False,3
17,0,2,[2 1 3 5 4],1747.6999999999643,0.5,0.5,0.2988749829613123,SI,[4 5 3 1 2],-62.50000000000006,10,3419.799999999963,0.0,False,3
17,0,3,[2 1 3 5 4],1747.6999999999643,0.5,0.5,0.3203580453485516,SI,[4 5 3 1 2],-62.50000000000006,10,3419.799999999963,0.0,False,3
17,0,4,[2 1 3 5 4],1747.6999999999643,0.5,0.5,0.3340859359064149,SI,[2 4 5 3 1],-44.69999999999999,10,2568.2999999999593,0.0,False,3
18,0,0,[2 1 3 5 4],1747.6999999999643,0.5,0.5,0.519015688851001,MI,[4 5 3 1 2],-62.50000000000006,10,3419.799999999963,0.0,False,3
18,0,1,[2 1 3 5 4],1747.6999999999643,0.5,0.5,0.8744610477980868,MI,[4 5 3 1 2],-62.50000000000006,10,3419.799999999963,0.0,False,3
18,0,2,[2 1 3 5 4],1747.6999999999643,0.5,0.5,0.08194778509140244,SI,[2 4 5 3 1],-44.69999999999999,10,2568.2999999999593,0.0,False,3
18,0,3,[2 1 3 5 4],1747.6999999999643,0.5,0.5,0.2791703165105145,SI,[4 5 3 1 2],-62.50000000000006,10,3419.799999999963,0.0,False,3
18,0,4,[2 1 3 5 4],1747.6999999999643,0.5,0.5,0.7389013667003315,MI,[2 4 5 3 1],-44.69999999999999,10,2568.2999999999593,0.0,False,3
19,0,0,[2 1 3 5 4],1747.6999999999643,0.5,0.5,0.612590549283889,MI,[4 5 3 1 2],-62.50000000000006,10,3419.799999999963,0.0,False,3
19,0,1,[2 1 3 5 4],1747.6999999999643,0.5,0.5,0.92633374461566,MI,[4 5 3 1 2],-62.50000000000006,10,3419.799999999963,0.0,False,3
19,0,2,[2 1 3 5 4],1747.6999999999643,0.5,0.5,0.6236134948531404,MI,[4 5 3 1 2],-62.50000000000006,10,3419.799999999963,0.0,False,3
19,0,3,[2 1 3 5 4],1747.6999999999643,0.5,0.5,0.31944385811930454,SI,[4 5 3 1 2],-62.50000000000006,10,3419.799999999963,0.0,False,3
19,0,4,[2 1 3 5 4],1747.6999999999643,0.5,0.5,0.18860590888191575,SI,[4 5 3 1 2],-62.50000000000006,10,3419.799999999963,0.0,False,3
20,0,0,[2 1 3 5 4],1747.6999999999643,0.5,0.5,0.7132995884841354,MI,[4 5 3 1 2],-62.50000000000006,10,3419.799999999963,0.0,False,3
20,0,1,[2 1 3 5 4],1747.6999999999643,0.5,0.5,0.22317462422617862,SI,[4 5 3 1 2],-62.50000000000006,10,3419.799999999963,0.0,False,3
20,0,2,[2 1 3 5 4],1747.6999999999643,0.5,0.5,0.8953395829645648,MI,[4 5 3 1 2],-62.50000000000006,10,3419.799999999963,0.0,False,3
20,0,3,[2 1 3 5 4],1747.6999999999643,0.5,0.5,0.2861614791574405,SI,[2 4 5 3 1],-44.69999999999999,10,2568.2999999999593,0.0,False,3
20,0,4,[2 1 3 5 4],1747.6999999999643,0.5,0.5,0.6660802821321714,MI,[4 5 3 1 2],-62.50000000000006,10,3419.799999999963,0.0,False,3
21,0,0,[2 1 3 5 4],1747.6999999999643,0.5,0.5,0.7198587786544391,MI,[2 4 5 3 1],-44.69999999999999,10,2568.2999999999593,0.0,False,3
21,0,1,[2 1 3 5 4],1747.6999999999643,0.5,0.5,0.037442404454033906,SI,[4 5 3 1 2],-62.50000000000006,10,3419.799999999963,0.0,False,3
21,0,2,[2 1 3 5 4],1747.6999999999643,0.5,0.5,0.513210217827765,MI,[2 1 4 5 3],-0.30000000000001137,10,1755.1999999999643,0.0,False,3
21,0,3,[2 1 3 5 4],1747.6999999999643,0.5,0.5,0.46575673283149754,SI,[4 5 3 1 2],-62.50000000000006,10,3419.799999999963,0.0,False,3
21,0,4,[2 1 3 5 4],1747.6999999999643,0.5,0.5,0.3485420401371795,SI,[4 5 3 1 2],-62.50000000000006,10,3419.799999999963,0.0,False,3
22,0,0,[2 1 3 5 4],1747.6999999999643,0.5,0.5,0.9602552793240156,MI,[4 5 3 1 2],-62.50000000000006,10,3419.799999999963,0.0,False,3
22,0,1,[2 1 3 5 4],1747.6999999999643,0.5,0.5,0.4369677349064498,SI,[4 5 3 1 2],-62.50000000000006,10,3419.799999999963,0.0,False,3
22,0,2,[2 1 3 5 4],1747.6999999999643,0.5,0.5,0.162125011517114,SI,[4 5 3 1 2],-62.50000000000006,10,3419.799999999963,0.0,False,3
22,0,3,[2 1 3 5 4],1747.6999999999643,0.5,0.5,0.872556337221327,MI,[4 5 3 1 2],-62.50000000000006,10,3419.799999999963,0.0,False,3
22,0,4,[2 1 3 5 4],1747.6999999999643,0.5,0.5,0.2859126650448256,SI,[4 5 3 1 2],-62.50000000000006,10,3419.799999999963,0.0,False,3
23,0,0,[2 1 3 5 4],1747.6999999999643,0.5,0.5,0.7233079123309264,MI,[4 5 3 1 2],-62.50000000000006,10,3419.799999999963,0.0,False,3
23,0,1,[2 1 3 5 4],1747.6999999999643,0.5,0.5,0.2931360272822263,SI,[2 4 5 3 1],-44.69999999999999,10,2568.2999999999593,0.0,False,3
23,0,2,[2 1 3 5 4],1747.6999999999643,0.5,0.5,0.454925059135597,SI,[4 5 3 1 2],-62.50000000000006,10,3419.799999999963,0.0,False,3
23,0,3,[2 1 3 5 4],1747.6999999999643,0.5,0.5,0.29371550303829863,SI,[4 5 3 1 2],-62.50000000000006,10,3419.799999999963,0.0,False,3
23,0,4,[2 1 3 5 4],1747.6999999999643,0.5,0.5,0.24860963401692093,SI,[4 5 3 1 2],-62.50000000000006,10,3419.799999999963,0.0,False,3
24,0,0,[2 1 3 5 4],1747.6999999999643,0.5,0.5,0.3632727718303834,SI,[4 5 3 1 2],-62.50000000000006,10,3419.799999999963,0.0,False,3
24,0,1,[2 1 3 5 4],1747.6999999999643,0.5,0.5,0.5371227273790988,MI,[2 4 5 3 1],-44.69999999999999,10,2568.2999999999593,0.0,False,3
24,0,2,[2 1 3 5 4],1747.6999999999643,0.5,0.5,0.7864826336133038,MI,[4 5 3 1 2],-62.50000000000006,10,3419.799999999963,0.0,False,3
24,0,3,[2 1 3 5 4],1747.6999999999643,0.5,0.5,0.15002990814986528,SI,[2 4 5 3 1],-44.69999999999999,10,2568.2999999999593,0.0,False,3
24,0,4,[2 1 3 5 4],1747.6999999999643,0.5,0.5,0.6271315883972292,MI,[4 5 3 1 2],-62.50000000000006,10,3419.799999999963,0.0,False,3
25,0,0,[2 1 3 5 4],1747.6999999999643,0.5,0.5,0.1701399238730854,SI,[4 5 3 1 2],-62.50000000000006,10,3419.799999999963,0.0,False,3
25,0,1,[2 1 3 5 4],1747.6999999999643,0.5,0.5,0.8026667085936748,MI,[2 1 4 5 3],-0.30000000000001137,10,1755.1999999999643,0.0,False,3
25,0,2,[2 1 3 5 4],1747.6999999999643,0.5,0.5,0.843328380085507,MI,[4 5 3 1 2],-62.50000000000006,10,3419.799999999963,0.0,False,3
25,0,3,[2 1 3 5 4],1747.6999999999643,0.5,0.5,0.6853543069673207,MI,[2 4 5 3 1],-44.69999999999999,10,2568.2999999999593,0.0,False,3
25,0,4,[2 1 3 5 4],1747.6999999999643,0.5,0.5,0.5461625162775531,MI,[4 5 3 1 2],-62.50000000000006,10,3419.799999999963,0.0,False,3
26,0,0,[2 1 3 5 4],1747.6999999999643,0.5,0.5,0.8162282108957272,MI,[4 5 3 1 2],-62.50000000000006,10,3419.799999999963,0.0,False,3
26,0,1,[2 1 3 5 4],1747.6999999999643,0.5,0.5,0.7779653452151215,MI,[2 4 5 3 1],-44.69999999999999,10,2568.2999999999593,0.0,False,3
26,0,2,[2 1 3 5 4],1747.6999999999643,0.5,0.5,0.6503070726107544,MI,[4 5 3 1 2],-62.50000000000006,10,3419.799999999963,0.0,False,3
26,0,3,[2 1 3 5 4],1747.6999999999643,0.5,0.5,0.2325009457958097,SI,[2 4 5 3 1],-44.69999999999999,10,2568.2999999999593,0.0,False,3
26,0,4,[2 1 3 5 4],1747.6999999999643,0.5,0.5,0.25977661895378834,SI,[4 5 3 1 2],-62.50000000000006,10,3419.799999999963,0.0,False,3
27,0,0,[2 1 3 5 4],1747.6999999999643,0.5,0.5,0.7323064676404551,MI,[2 4 5 3 1],-44.69999999999999,10,2568.2999999999593,0.0,False,3
27,0,1,[2 1 3 5 4],1747.6999999999643,0.5,0.5,0.5780107919891736,MI,[4 5 3 1 2],-62.50000000000006,10,3419.799999999963,0.0,False,3
27,0,2,[2 1 3 5 4],1747.6999999999643,0.5,0.5,0.16226832104737365,SI,[2 4 5 3 1],-44.69999999999999,10,2568.2999999999593,0.0,False,3
27,0,3,[2 1 3 5 4],1747.6999999999643,0.5,0.5,0.43632167944009537,SI,[2 4 5 3 1],-44.69999999999999,10,2568.2999999999593,0.0,False,3
27,0,4,[2 1 3 5 4],1747.6999999999643,0.5,0.5,0.46565598734313085,SI,[2 1 4 5 3],-0.30000000000001137,10,1755.1999999999643,0.0,False,3
28,0,0,[2 1 3 5 4],1747.6999999999643,0.5,0.5,0.3680614139964299,SI,[4 5 3 1 2],-62.50000000000006,10,3419.799999999963,0.0,False,3
28,0,1,[2 1 3 5 4],1747.6999999999643,0.5,0.5,0.618965110762303,MI,[2 4 5 3 1],-44.69999999999999,10,2568.2999999999593,0.0,False,3
28,0,2,[2 1 3 5 4],1747.6999999999643,0.5,0.5,0.7532623769572702,MI,[4 5 3 1 2],-62.50000000000006,10,3419.799999999963,0.0,False,3
28,0,3,[2 1 3 5 4],1747.6999999999643,0.5,0.5,0.8538509067917966,MI,[4 5 3 1 2],-62.50000000000006,10,3419.799999999963,0.0,False,3
28,0,4,[2 1 3 5 4],1747.6999999999643,0.5,0.5,0.8887287016682508,MI,[4 5 3 1 2],-62.50000000000006,10,3419.799999999963,0.0,False,3
29,0,0,[2 1 3 5 4],1747.6999999999643,0.5,0.5,0.10282476823995557,SI,[2 4 5 3 1],-44.69999999999999,10,2568.2999999999593,0.0,False,3
29,0,1,[2 1 3 5 4],1747.6999999999643,0.5,0.5,0.58067963749073,MI,[2 4 5 3 1],-44.69999999999999,10,2568.2999999999593,0.0,False,3
29,0,2,[2 1 3 5 4],1747.6999999999643,0.5,0.5,0.5337170754522651,MI,[4 5 3 1 2],-62.50000000000006,10,3419.799999999963,0.0,False,3
29,0,3,[2 1 3 5 4],1747.6999999999643,0.5,0.5,0.08495283560160083,SI,[4 5 3 1 2],-62.50000000000006,10,3419.799999999963,0.0,False,3
29,0,4,[2 1 3 5 4],1747.6999999999643,0.5,0.5,0.1439019481107059,SI,[2 4 5 3 1],-44.69999999999999,10,2568.2999999999593,0.0,False,3
30,0,0,[2 1 3 5 4],1747.6999999999643,0.5,0.5,0.04979760181902426,SI,[4 5 3 1 2],-62.50000000000006,10,3419.799999999963,0.0,False,3
30,0,1,[2 1 3 5 4],1747.6999999999643,0.5,0.5,0.6134979513400772,MI,[4 5 3 1 2],-62.50000000000006,10,3419.799999999963,0.0,False,3
30,0,2,[2 1 3 5 4],1747.6999999999643,0.5,0.5,0.4000019606250109,SI,[4 5 3 1 2],-62.50000000000006,10,3419.799999999963,0.0,False,3
30,0,3,[2 1 3 5 4],1747.6999999999643,0.5,0.5,0.6688379648917786,MI,[4 5 3 1 2],-62.50000000000006,10,3419.799999999963,0.0,False,3
30,0,4,[2 1 3 5 4],1747.6999999999643,0.5,0.5,0.7109474913743041,MI,[4 5 3 1 2],-62.50000000000006,10,3419.799999999963,0.0,False,3
31,0,0,[2 1 3 5 4],1747.6999999999643,0.5,0.5,0.06564069051309107,SI,[4 5 3 1 2],-62.50000000000006,10,3419.799999999963,0.0,False,3
31,0,1,[2 1 3 5 4],1747.6999999999643,0.5,0.5,0.8673367214869927,MI,[4 5 3 1 2],-62.50000000000006,10,3419.799999999963,0.0,False,3
31,0,2,[2 1 3 5 4],1747.6999999999643,0.5,0.5,0.15793402350894692,SI,[2 4 5 3 1],-44.69999999999999,10,2568.2999999999593,0.0,False,3
31,0,3,[2 1 3 5 4],1747.6999999999643,0.5,0.5,0.3780818421614264,SI,[4 5 3 1 2],-62.50000000000006,10,3419.799999999963,0.0,False,3
31,0,4,[2 1 3 5 4],1747.6999999999643,0.5,0.5,0.21408394602377223,SI,[4 5 3 1 2],-62.50000000000006,10,3419.799999999963,0.0,False,3
32,0,0,[2 1 3 5 4],1747.6999999999643,0.5,0.5,0.5395901274183799,MI,[4 5 3 1 2],-62.50000000000006,10,3419.799999999963,0.0,False,3
32,0,1,[2 1 3 5 4],1747.6999999999643,0.5,0.5,0.5624270975697095,MI,[4 5 3 1 2],-62.50000000000006,10,3419.799999999963,0.0,False,3
32,0,2,[2 1 3 5 4],1747.6999999999643,0.5,0.5,0.11604624184707724,SI,[4 5 3 1 2],-62.50000000000006,10,3419.799999999963,0.0,False,3
32,0,3,[2 1 3 5 4],1747.6999999999643,0.5,0.5,0.7111652240675618,MI,[2 4 5 3 1],-44.69999999999999,10,2568.2999999999593,0.0,False,3
32,0,4,[2 1 3 5 4],1747.6999999999643,0.5,0.5,0.08352957200563083,SI,[2 4 5 3 1],-44.69999999999999,10,2568.2999999999593,0.0,False,3
33,0,0,[2 1 3 5 4],1747.6999999999643,0.5,0.5,0.49666314312835047,SI,[4 5 3 1 2],-62.50000000000006,10,3419.799999999963,0.0,False,3
33,0,1,[2 1 3 5 4],1747.6999999999643,0.5,0.5,0.17511177061911487,SI,[4 5 3 1 2],-62.50000000000006,10,3419.799999999963,0.0,False,3
33,0,2,[2 1 3 5 4],1747.6999999999643,0.5,0.5,0.9322626538986121,MI,[4 5 3 1 2],-62.50000000000006,10,3419.799999999963,0.0,False,3
33,0,3,[2 1 3 5 4],1747.6999999999643,0.5,0.5,0.8067201211893116,MI,[2 4 5 3 1],-44.69999999999999,10,2568.2999999999593,0.0,False,3
33,0,4,[2 1 3 5 4],1747.6999999999643,0.5,0.5,0.2947213988392927,SI,[4 5 3 1 2],-62.50000000000006,10,3419.799999999963,0.0,False,3
34,0,0,[2 1 3 5 4],1747.6999999999643,0.5,0.5,0.4199441557174455,SI,[4 5 3 1 2],-62.50000000000006,10,3419.799999999963,0.0,False,3
34,0,1,[2 1 3 5 4],1747.6999999999643,0.5,0.5,0.8669444081954789,MI,[2 4 5 3 1],-44.69999999999999,10,2568.2999999999593,0.0,False,3
34,0,2,[2 1 3 5 4],1747.6999999999643,0.5,0.5,0.5737569610549349,MI,[2 4 5 3 1],-44.69999999999999,10,2568.2999999999593,0.0,False,3
34,0,3,[2 1 3 5 4],1747.6999999999643,0.5,0.5,0.7581008648001074,MI,[2 4 5 3 1],-44.69999999999999,10,2568.2999999999593,0.0,False,3
34,0,4,[2 1 3 5 4],1747.6999999999643,0.5,0.5,0.4449043364577209,SI,[4 5 3 1 2],-62.50000000000006,10,3419.799999999963,0.0,False,3
35,0,0,[2 1 3 5 4],1747.6999999999643,0.5,0.5,0.5797099098537569,MI,[4 5 3 1 2],-62.50000000000006,10,3419.799999999963,0.0,False,3
35,0,1,[2 1 3 5 4],1747.6999999999643,0.5,0.5,0.30749211163590506,SI,[4 5 3 1 2],-62.50000000000006,10,3419.799999999963,0.0,False,3
35,0,2,[2 1 3 5 4],1747.6999999999643,0.5,0.5,0.43372845185773556,SI,[4 5 3 1 2],-62.50000000000006,10,3419.799999999963,0.0,False,3
35,0,3,[2 1 3 5 4],1747.6999999999643,0.5,0.5,0.21537549784259147,SI,[4 5 3 1 2],-62.50000000000006,10,3419.799999999963,0.0,False,3
35,0,4,[2 1 3 5 4],1747.6999999999643,0.5,0.5,0.8920318883264627,MI,[2 4 5 3 1],-44.69999999999999,10,2568.2999999999593,0.0,False,3
36,0,0,[2 1 3 5 4],1747.6999999999643,0.5,0.5,0.4976926342305653,SI,[4 5 3 1 2],-62.50000000000006,10,3419.799999999963,0.0,False,3
36,0,1,[2 1 3 5 4],1747.6999999999643,0.5,0.5,0.31903064435840645,SI,[4 5 3 1 2],-62.50000000000006,10,3419.799999999963,0.0,False,3
36,0,2,[2 1 3 5 4],1747.6999999999643,0.5,0.5,0.9634322735520279,MI,[2 1 4 5 3],-0.30000000000001137,10,1755.1999999999643,0.0,False,3
36,0,3,[2 1 3 5 4],1747.6999999999643,0.5,0.5,0.08302430106985581,SI,[4 5 3 1 2],-62.50000000000006,10,3419.799999999963,0.0,False,3
36,0,4,[2 1 3 5 4],1747.6999999999643,0.5,0.5,0.5046812068948229,MI,[2 4 5 3 1],-44.69999999999999,10,2568.2999999999593,0.0,False,3
37,0,0,[2 1 3 5 4],1747.6999999999643,0.5,0.5,0.6546533511144267,MI,[4 5 3 1 2],-62.50000000000006,10,3419.799999999963,0.0,False,3
37,0,1,[2 1 3 5 4],1747.6999999999643,0.5,0.5,0.48449592224823657,SI,[4 5 3 1 2],-62.50000000000006,10,3419.799999999963,0.0,False,3
37,0,2,[2 1 3 5 4],1747.6999999999643,0.5,0.5,0.21327458822724776,SI,[4 5 3 1 2],-62.50000000000006,10,3419.799999999963,0.0,False,3
37,0,3,[2 1 3 5 4],1747.6999999999643,0.5,0.5,0.46414091667945134,SI,[4 5 3 1 2],-62.50000000000006,10,3419.799999999963,0.0,False,3
37,0,4,[2 1 3 5 4],1747.6999999999643,0.5,0.5,0.47111329312539185,SI,[4 5 3 1 2],-62.50000000000006,10,3419.799999999963,0.0,False,3
38,0,0,[2 1 3 5 4],1747.6999999999643,0.5,0.5,0.5781059070459387,MI,[4 5 3 1 2],-62.50000000000006,10,3419.799999999963,0.0,False,3
38,0,1,[2 1 3 5 4],1747.6999999999643,0.5,0.5,0.5180476274172375,MI,[2 1 4 5 3],-0.30000000000001137,10,1755.1999999999643,0.0,False,3
38,0,2,[2 1 3 5 4],1747.6999999999643,0.5,0.5,0.24809729675505054,SI,[4 5 3 1 2],-62.50000000000006,10,3419.799999999963,0.0,False,3
38,0,3,[2 1 3 5 4],1747.6999999999643,0.5,0.5,0.16710472288440847,SI,[4 5 3 1 2],-62.50000000000006,10,3419.799999999963,0.0,False,3
38,0,4,[2 1 3 5 4],1747.6999999999643,0.5,0.5,0.5585716277013271,MI,[2 4 5 3 1],-44.69999999999999,10,2568.2999999999593,0.0,False,3
39,0,0,[2 1 3 5 4],1747.6999999999643,0.5,0.5,0.14705264881725566,SI,[4 5 3 1 2],-62.50000000000006,10,3419.799999999963,0.0,False,3
39,0,1,[2 1 3 5 4],1747.6999999999643,0.5,0.5,0.44361985425963324,SI,[4 5 3 1 2],-62.50000000000006,10,3419.799999999963,0.0,False,3
39,0,2,[2 1 3 5 4],1747.6999999999643,0.5,0.5,0.5238091388139453,MI,[2 4 5 3 1],-44.69999999999999,10,2568.2999999999593,0.0,False,3
39,0,3,[2 1 3 5 4],1747.6999999999643,0.5,0.5,0.22924999047050942,SI,[4 5 3 1 2],-62.50000000000006,10,3419.799999999963,0.0,False,3
39,0,4,[2 1 3 5 4],1747.6999999999643,0.5,0.5,0.45183154592004693,SI,[4 5 3 1 2],-62.50000000000006,10,3419.799999999963,0.0,False,3
40,0,0,[2 1 3 5 4],1747.6999999999643,0.5,0.5,0.2917160329152362,SI,[4 5 3 1 2],-62.50000000000006,10,3419.799999999963,0.0,False,3
40,0,1,[2 1 3 5 4],1747.6999999999643,0.5,0.5,0.5058038452389211,MI,[4 5 3 1 2],-62.50000000000006,10,3419.799999999963,0.0,False,3
40,0,2,[2 1 3 5 4],1747.6999999999643,0.5,0.5,0.631312907403925,MI,[2 4 5 3 1],-44.69999999999999,10,2568.2999999999593,0.0,False,3
40,0,3,[2 1 3 5 4],1747.6999999999643,0.5,0.5,0.3311752078107538,SI,[4 5 3 1 2],-62.50000000000006,10,3419.799999999963,0.0,False,3
40,0,4,[2 1 3 5 4],1747.6999999999643,0.5,0.5,0.7732365947287136,MI,[2 4 5 3 1],-44.69999999999999,10,2568.2999999999593,0.0,False,3
41,0,0,[2 1 3 5 4],1747.6999999999643,0.5,0.5,0.9018281965053703,MI,[4 5 3 1 2],-62.50000000000006,10,3419.799999999963,0.0,False,3
41,0,1,[2 1 3 5 4],1747.6999999999643,0.5,0.5,0.12269126734429325,SI,[4 5 3 1 2],-62.50000000000006,10,3419.799999999963,0.0,False,3
41,0,2,[2 1 3 5 4],1747.6999999999643,0.5,0.5,0.9771588915308137,MI,[4 5 3 1 2],-62.50000000000006,10,3419.799999999963,0.0,False,3
41,0,3,[2 1 3 5 4],1747.6999999999643,0.5,0.5,0.9300384799072463,MI,[4 5 3 1 2],-62.50000000000006,10,3419.799999999963,0.0,False,3
41,0,4,[2 1 3 5 4],1747.6999999999643,0.5,0.5,0.47536062532773904,SI,[4 5 3 1 2],-62.50000000000006,10,3419.799999999963,0.0,False,3
42,0,0,[2 1 3 5 4],1747.6999999999643,0.5,0.5,0.151925611679944,SI,[4 5 3 1 2],-62.50000000000006,10,3419.799999999963,0.0,False,3
42,0,1,[2 1 3 5 4],1747.6999999999643,0.5,0.5,0.47644182061365836,SI,[2 4 5 3 1],-44.69999999999999,10,2568.2999999999593,0.0,False,3
42,0,2,[2 1 3 5 4],1747.6999999999643,0.5,0.5,0.38217957180202955,SI,[4 5 3 1 2],-62.50000000000006,10,3419.799999999963,0.0,False,3
42,0,3,[2 1 3 5 4],1747.6999999999643,0.5,0.5,0.5412355499816882,MI,[2 4 5 3 1],-44.69999999999999,10,2568.2999999999593,0.0,False,3
42,0,4,[2 1 3 5 4],1747.6999999999643,0.5,0.5,0.7830644703941426,MI,[4 5 3 1 2],-62.50000000000006,10,3419.799999999963,0.0,False,3
43,0,0,[2 1 3 5 4],1747.6999999999643,0.5,0.5,0.33239992118367867,SI,[2 4 5 3 1],-44.69999999999999,10,2568.2999999999593,0.0,False,3
43,0,1,[2 1 3 5 4],1747.6999999999643,0.5,0.5,0.06957091452655007,SI,[4 5 3 1 2],-62.50000000000006,10,3419.799999999963,0.0,False,3
43,0,2,[2 1 3 5 4],1747.6999999999643,0.5,0.5,0.09082486049873806,SI,[4 5 3 1 2],-62.50000000000006,10,3419.799999999963,0.0,False,3
43,0,3,[2 1 3 5 4],1747.6999999999643,0.5,0.5,0.130452160920838,SI,[2 4 5 3 1],-44.69999999999999,10,2568.2999999999593,0.0,False,3
43,0,4,[2 1 3 5 4],1747.6999999999643,0.5,0.5,0.4629902595898716,SI,[4 5 3 1 2],-62.50000000000006,10,3419.799999999963,0.0,False,3
44,0,0,[2 1 3 5 4],1747.6999999999643,0.5,0.5,0.5836649182797817,MI,[4 5 3 1 2],-62.50000000000006,10,3419.799999999963,0.0,False,3
44,0,1,[2 1 3 5 4],1747.6999999999643,0.5,0.5,0.4258872740881954,SI,[2 4 5 3 1],-44.69999999999999,10,2568.2999999999593,0.0,False,3
44,0,2,[2 1 3 5 4],1747.6999999999643,0.5,0.5,0.6093960936232166,MI,[2 4 5 3 1],-44.69999999999999,10,2568.2999999999593,0.0,False,3
44,0,3,[2 1 3 5 4],1747.6999999999643,0.5,0.5,0.14682667649752912,SI,[2 1 4 5 3],-0.30000000000001137,10,1755.1999999999643,0.0,False,3
44,0,4,[2 1 3 5 4],1747.6999999999643,0.5,0.5,0.8489698725231706,MI,[4 5 3 1 2],-62.50000000000006,10,3419.799999999963,0.0,False,3
45,0,0,[2 1 3 5 4],1747.6999999999643,0.5,0.5,0.26356120363603996,SI,[4 5 3 1 2],-62.50000000000006,10,3419.799999999963,0.0,False,3
45,0,1,[2 1 3 5 4],1747.6999999999643,0.5,0.5,0.2273957202663328,SI,[4 5 3 1 2],-62.50000000000006,10,3419.799999999963,0.0,False,3
45,0,2,[2 1 3 5 4],1747.6999999999643,0.5,0.5,0.715189300779672,MI,[2 4 5 3 1],-44.69999999999999,10,2568.2999999999593,0.0,False,3
45,0,3,[2 1 3 5 4],1747.6999999999643,0.5,0.5,0.6639772914405688,MI,[4 5 3 1 2],-62.50000000000006,10,3419.799999999963,0.0,False,3
45,0,4,[2 1 3 5 4],1747.6999999999643,0.5,0.5,0.730596966759314,MI,[2 4 5 3 1],-44.69999999999999,10,2568.2999999999593,0.0,False,3
46,0,0,[2 1 3 5 4],1747.6999999999643,0.5,0.5,0.8574632766814647,MI,[4 5 3 1 2],-62.50000000000006,10,3419.799999999963,0.0,False,3
46,0,1,[2 1 3 5 4],1747.6999999999643,0.5,0.5,0.685530770884478,MI,[4 5 3 1 2],-62.50000000000006,10,3419.799999999963,0.0,False,3
46,0,2,[2 1 3 5 4],1747.6999999999643,0.5,0.5,0.9887985079793098,MI,[4 5 3 1 2],-62.50000000000006,10,3419.799999999963,0.0,False,3
46,0,3,[2 1 3 5 4],1747.6999999999643,0.5,0.5,0.8996359632092934,MI,[2 4 5 3 1],-44.69999999999999,10,2568.2999999999593,0.0,False,3
46,0,4,[2 1 3 5 4],1747.6999999999643,0.5,0.5,0.14095992038661675,SI,[4 5 3 1 2],-62.50000000000006,10,3419.799999999963,0.0,False,3
47,0,0,[2 1 3 5 4],1747.6999999999643,0.5,0.5,0.5894083932654938,MI,[4 5 3 1 2],-62.50000000000006,10,3419.799999999963,0.0,False,3
47,0,1,[2 1 3 5 4],1747.6999999999643,0.5,0.5,0.40961628721366306,SI,[2 1 4 5 3],-0.30000000000001137,10,1755.1999999999643,0.0,False,3
47,0,2,[2 1 3 5 4],1747.6999999999643,0.5,0.5,0.837933856597451,MI,[2 4 5 3 1],-44.69999999999999,10,2568.2999999999593,0.0,False,3
47,0,3,[2 1 3 5 4],1747.6999999999643,0.5,0.5,0.16719242704419146,SI,[4 5 3 1 2],-62.50000000000006,10,3419.799999999963,0.0,False,3
47,0,4,[2 1 3 5 4],1747.6999999999643,0.5,0.5,0.647471128072485,MI,[4 5 3 1 2],-62.50000000000006,10,3419.799999999963,0.0,False,3
48,0,0,[2 1 3 5 4],1747.6999999999643,0.5,0.5,0.3415261032944744,SI,[4 5 3 1 2],-62.50000000000006,10,3419.799999999963,0.0,False,3
48,0,1,[2 1 3 5 4],1747.6999999999643,0.5,0.5,0.9275780173953366,MI,[4 5 3 1 2],-62.50000000000006,10,3419.799999999963,0.0,False,3
48,0,2,[2 1 3 5 4],1747.6999999999643,0.5,0.5,0.8528137537287451,MI,[2 4 5 3 1],-44.69999999999999,10,2568.2999999999593,0.0,False,3
48,0,3,[2 1 3 5 4],1747.6999999999643,0.5,0.5,0.4339882635239827,SI,[4 5 3 1 2],-62.50000000000006,10,3419.799999999963,0.0,False,3
48,0,4,[2 1 3 5 4],1747.6999999999643,0.5,0.5,0.9818433840119394,MI,[2 4 5 3 1],-44.69999999999999,10,2568.2999999999593,0.0,False,3
49,0,0,[2 1 3 5 4],1747.6999999999643,0.5,0.5,0.18442656164760696,SI,[4 5 3 1 2],-62.50000000000006,10,3419.799999999963,0.0,False,3
49,0,1,[2 1 3 5 4],1747.6999999999643,0.5,0.5,0.23994481004243373,SI,[4 5 3 1 2],-62.50000000000006,10,3419.799999999963,0.0,False,3
49,0,2,[2 1 3 5 4],1747.6999999999643,0.5,0.5,0.970047051292685,MI,[4 5 3 1 2],-62.50000000000006,10,3419.799999999963,0.0,False,3
49,0,3,[2 1 3 5 4],1747.6999999999643,0.5,0.5,0.6201171555390407,MI,[4 5 3 1 2],-62.50000000000006,10,3419.799999999963,0.0,False,3
49,0,4,[2 1 3 5 4],1747.6999999999643,0.5,0.5,0.8667722617386843,MI,[4 5 3 1 2],-62.50000000000006,10,3419.799999999963,0.0,False,3
50,0,0,[2 1 3 5 4],1747.6999999999643,0.5,0.5,0.8674253817220465,MI,[4 5 3 1 2],-62.50000000000006,10,3419.799999999963,0.0,False,3
50,0,1,[2 1 3 5 4],1747.6999999999643,0.5,0.5,0.39484371897742665,SI,[4 5 3 1 2],-62.50000000000006,10,3419.799999999963,0.0,False,3
50,0,2,[2 1 3 5 4],1747.6999999999643,0.5,0.5,0.03946767328207523,SI,[2 4 5 3 1],-44.69999999999999,10,2568.2999999999593,0.0,False,3
50,0,3,[2 1 3 5 4],1747.6999999999643,0.5,0.5,0.2514733904860872,SI,[2 4 5 3 1],-44.69999999999999,10,2568.2999999999593,0.0,False,3
50,0,4,[2 1 3 5 4],1747.6999999999643,0.5,0.5,0.9011222465992441,MI,[2 1 4 5 3],-0.30000000000001137,10,1755.1999999999643,0.0,False,3
0,13,0,[3 1 4 2 5],2572.000000000011,0.5,0.5,0.088833458133454,SI,[3 1 4 5 2],65.59999999999997,10,2767.400000000016,0.0,False,4
0,13,1,[3 1 4 2 5],2572.000000000011,0.5,0.5,0.569668040194238,MI,[4 1 3 2 5],47.09999999999991,10,4091.6000000000167,0.0,False,4
0,13,2,[3 1 4 2 5],2572.000000000011,0.5,0.5,0.1483706701591755,SI,[3 4 1 2 5],48.60000000000002,10,3351.000000000022,0.0,False,4
0,13,3,[3 1 4 2 5],2572.000000000011,0.5,0.5,0.3103929379696764,SI,[3 4 1 2 5],48.60000000000002,10,3351.000000000022,0.0,False,4
0,13,4,[3 1 4 2 5],2572.000000000011,0.5,0.5,0.12262916981217087,SI,[4 1 3 2 5],47.09999999999991,10,4091.6000000000167,0.0,False,4
1,0,0,[3 1 4 2 5],2572.000000000011,0.5,0.5,0.12959937205058591,SI,[3 1 4 5 2],65.59999999999997,10,2767.400000000016,0.0,False,4
1,0,1,[3 1 4 2 5],2572.000000000011,0.5,0.5,0.7649777307445336,MI,[4 1 3 2 5],47.09999999999991,10,4091.6000000000167,0.0,False,4
1,0,2,[3 1 4 2 5],2572.000000000011,0.5,0.5,0.21093599936337082,SI,[4 1 3 2 5],47.09999999999991,10,4091.6000000000167,0.0,False,4
1,0,3,[3 1 4 2 5],2572.000000000011,0.5,0.5,0.2705839144101668,SI,[4 1 3 2 5],47.09999999999991,10,4091.6000000000167,0.0,False,4
1,0,4,[3 1 4 2 5],2572.000000000011,0.5,0.5,0.3800631860718494,SI,[4 1 3 2 5],47.09999999999991,10,4091.6000000000167,0.0,False,4
2,0,0,[3 1 4 2 5],2572.000000000011,0.5,0.5,0.8387905476660014,MI,[4 1 3 2 5],47.09999999999991,10,4091.6000000000167,0.0,False,4
2,0,1,[3 1 4 2 5],2572.000000000011,0.5,0.5,0.23833194736037733,SI,[3 1 4 5 2],65.59999999999997,10,2767.400000000016,0.0,False,4
2,0,2,[3 1 4 2 5],2572.000000000011,0.5,0.5,0.3760465129616165,SI,[4 1 3 2 5],47.09999999999991,10,4091.6000000000167,0.0,False,4
2,0,3,[3 1 4 2 5],2572.000000000011,0.5,0.5,0.290028725996905,SI,[4 1 3 2 5],47.09999999999991,10,4091.6000000000167,0.0,False,4
2,0,4,[3 1 4 2 5],2572.000000000011,0.5,0.5,0.026152909339948183,SI,[3 4 1 2 5],48.60000000000002,10,3351.000000000022,0.0,False,4
3,0,0,[3 1 4 2 5],2572.000000000011,0.5,0.5,0.25567131696107226,SI,[3 1 4 5 2],65.59999999999997,10,2767.400000000016,0.0,False,4
3,0,1,[3 1 4 2 5],2572.000000000011,0.5,0.5,0.4361225245594924,SI,[3 1 4 5 2],65.59999999999997,10,2767.400000000016,0.0,False,4
3,0,2,[3 1 4 2 5],2572.000000000011,0.5,0.5,0.48284385883311853,SI,[3 1 4 5 2],65.59999999999997,10,2767.400000000016,0.0,False,4
3,0,3,[3 1 4 2 5],2572.000000000011,0.5,0.5,0.4393615826949937,SI,[4 1 3 2 5],47.09999999999991,10,4091.6000000000167,0.0,False,4
3,0,4,[3 1 4 2 5],2572.000000000011,0.5,0.5,0.20212167651613477,SI,[4 1 3 2 5],47.09999999999991,10,4091.6000000000167,0.0,False,4
4,0,0,[3 1 4 2 5],2572.000000000011,0.5,0.5,0.6540006155142913,MI,[4 1 3 2 5],47.09999999999991,10,4091.6000000000167,0.0,False,4
4,0,1,[3 1 4 2 5],2572.000000000011,0.5,0.5,0.8601433556955781,MI,[4 1 3 2 5],47.09999999999991,10,4091.6000000000167,0.0,False,4
4,0,2,[3 1 4 2 5],2572.000000000011,0.5,0.5,0.05151119260236392,SI,[3 1 4 5 2],65.59999999999997,10,2767.400000000016,0.0,False,4
4,0,3,[3 1 4 2 5],2572.000000000011,0.5,0.5,0.5576727321094944,MI,[4 1 3 2 5],47.09999999999991,10,4091.6000000000167,0.0,False,4
4,0,4,[3 1 4 2 5],2572.000000000011,0.5,0.5,0.772109245120797,MI,[4 1 3 2 5],47.09999999999991,10,4091.6000000000167,0.0,False,4
5,0,0,[3 1 4 2 5],2572.000000000011,0.5,0.5,0.32655351039400615,SI,[3 1 4 5 2],65.59999999999997,10,2767.400000000016,0.0,False,4
5,0,1,[3 1 4 2 5],2572.000000000011,0.5,0.5,0.01679036840945558,SI,[4 1 3 2 5],47.09999999999991,10,4091.6000000000167,0.0,False,4
5,0,2,[3 1 4 2 5],2572.000000000011,0.5,0.5,0.6563884731105311,MI,[4 1 3 2 5],47.09999999999991,10,4091.6000000000167,0.0,False,4
5,0,3,[3 1 4 2 5],2572.000000000011,0.5,0.5,0.6156266303020088,MI,[4 1 3 2 5],47.09999999999991,10,4091.6000000000167,0.0,False,4
5,0,4,[3 1 4 2 5],2572.000000000011,0.5,0.5,0.41196597832189596,SI,[4 1 3 2 5],47.09999999999991,10,4091.6000000000167,0.0,False,4
6,0,0,[3 1 4 2 5],2572.000000000011,0.5,0.5,0.0643850903409211,SI,[3 4 1 2 5],48.60000000000002,10,3351.000000000022,0.0,False,4
6,0,1,[3 1 4 2 5],2572.000000000011,0.5,0.5,0.911589985027857,MI,[4 1 3 2 5],47.09999999999991,10,4091.6000000000167,0.0,False,4
6,0,2,[3 1 4 2 5],2572.000000000011,0.5,0.5,0.6642555186734208,MI,[4 1 3 2 5],47.09999999999991,10,4091.6000000000167,0.0,False,4
6,0,3,[3 1 4 2 5],2572.000000000011,0.5,0.5,0.7684713022677258,MI,[4 1 3 2 5],47.09999999999991,10,4091.6000000000167,0.0,False,4
6,0,4,[3 1 4 2 5],2572.000000000011,0.5,0.5,0.33546282674128813,SI,[1 3 4 2 5],112.69999999999999,10,3566.5000000000255,0.0,False,4
7,0,0,[3 1 4 2 5],2572.000000000011,0.5,0.5,0.6405403528999388,MI,[4 1 3 2 5],47.09999999999991,10,4091.6000000000167,0.0,False,4
7,0,1,[3 1 4 2 5],2572.000000000011,0.5,0.5,0.09448446653032794,SI,[3 4 1 2 5],48.60000000000002,10,3351.000000000022,0.0,False,4
7,0,2,[3 1 4 2 5],2572.000000000011,0.5,0.5,0.3228036544335776,SI,[4 1 3 2 5],47.09999999999991,10,4091.6000000000167,0.0,False,4
7,0,3,[3 1 4 2 5],2572.000000000011,0.5,0.5,0.5639207387957232,MI,[4 1 3 2 5],47.09999999999991,10,4091.6000000000167,0.0,False,4
7,0,4,[3 1 4 2 5],2572.000000000011,0.5,0.5,0.43451456700747226,SI,[4 1 3 2 5],47.09999999999991,10,4091.6000000000167,0.0,False,4
8,0,0,[3 1 4 2 5],2572.000000000011,0.5,0.5,0.08164944269925078,SI,[4 1 3 2 5],47.09999999999991,10,4091.6000000000167,0.0,False,4
8,0,1,[3 1 4 2 5],2572.000000000011,0.5,0.5,0.3181961465950982,SI,[4 1 3 2 5],47.09999999999991,10,4091.6000000000167,0.0,False,4
8,0,2,[3 1 4 2 5],2572.000000000011,0.5,0.5,0.16996082430033865,SI,[4 1 3 2 5],47.09999999999991,10,4091.6000000000167,0.0,False,4
8,0,3,[3 1 4 2 5],2572.000000000011,0.5,0.5,0.5724824422215156,MI,[4 1 3 2 5],47.09999999999991,10,4091.6000000000167,0.0,False,4
8,0,4,[3 1 4 2 5],2572.000000000011,0.5,0.5,0.23120245772476844,SI,[3 4 1 2 5],48.60000000000002,10,3351.000000000022,0.0,False,4
9,0,0,[3 1 4 2 5],2572.000000000011,0.5,0.5,0.1700795258751372,SI,[3 1 4 5 2],65.59999999999997,10,2767.400000000016,0.0,False,4
9,0,1,[3 1 4 2 5],2572.000000000011,0.5,0.5,0.20235789359552925,SI,[3 1 4 5 2],65.59999999999997,10,2767.400000000016,0.0,False,4
9,0,2,[3 1 4 2 5],2572.000000000011,0.5,0.5,0.28315980117014883,SI,[3 1 4 5 2],65.59999999999997,10,2767.400000000016,0.0,False,4
9,0,3,[3 1 4 2 5],2572.000000000011,0.5,0.5,0.25087694647413317,SI,[3 1 4 5 2],65.59999999999997,10,2767.400000000016,0.0,False,4
9,0,4,[3 1 4 2 5],2572.000000000011,0.5,0.5,0.7528781305526066,MI,[4 1 3 2 5],47.09999999999991,10,4091.6000000000167,0.0,False,4
10,0,0,[3 1 4 2 5],2572.000000000011,0.5,0.5,0.3063643582581512,SI,[4 1 3 2 5],47.09999999999991,10,4091.6000000000167,0.0,False,4
10,0,1,[3 1 4 2 5],2572.000000000011,0.5,0.5,0.5029812482164244,MI,[4 1 3 2 5],47.09999999999991,10,4091.6000000000167,0.0,False,4
10,0,2,[3 1 4 2 5],2572.000000000011,0.5,0.5,0.1715954775622892,SI,[4 1 3 2 5],47.09999999999991,10,4091.6000000000167,0.0,False,4
10,0,3,[3 1 4 2 5],2572.000000000011,0.5,0.5,0.9502430574263482,MI,[4 1 3 2 5],47.09999999999991,10,4091.6000000000167,0.0,False,4
10,0,4,[3 1 4 2 5],2572.000000000011,0.5,0.5,0.3789261023057252,SI,[4 1 3 2 5],47.09999999999991,10,4091.6000000000167,0.0,False,4
11,0,0,[3 1 4 2 5],2572.000000000011,0.5,0.5,0.024087076827842946,SI,[3 1 4 5 2],65.59999999999997,10,2767.400000000016,0.0,False,4
11,0,1,[3 1 4 2 5],2572.000000000011,0.5,0.5,0.02821020545546904,SI,[4 1 3 2 5],47.09999999999991,10,4091.6000000000167,0.0,False,4
11,0,2,[3 1 4 2 5],2572.000000000011,0.5,0.5,0.3869778955045623,SI,[2 4 1 3 5],173.70000000000005,10,4474.800000000007,0.0,False,4
11,0,3,[3 1 4 2 5],2572.000000000011,0.5,0.5,0.5953595024803497,MI,[4 1 3 2 5],47.09999999999991,10,4091.6000000000167,0.0,False,4
11,0,4,[3 1 4 2 5],2572.000000000011,0.5,0.5,0.039072369184283695,SI,[4 1 3 2 5],47.09999999999991,10,4091.6000000000167,0.0,False,4
12,0,0,[3 1 4 2 5],2572.000000000011,0.5,0.5,0.7590286110455071,MI,[4 1 3 2 5],47.09999999999991,10,4091.6000000000167,0.0,False,4
12,0,1,[3 1 4 2 5],2572.000000000011,0.5,0.5,0.31706680394288733,SI,[4 1 3 2 5],47.09999999999991,10,4091.6000000000167,0.0,False,4
12,0,2,[3 1 4 2 5],2572.000000000011,0.5,0.5,0.15576690360189516,SI,[4 1 3 2 5],47.09999999999991,10,4091.6000000000167,0.0,False,4
12,0,3,[3 1 4 2 5],2572.000000000011,0.5,0.5,0.5530778126527012,MI,[4 1 3 2 5],47.09999999999991,10,4091.6000000000167,0.0,False,4
12,0,4,[3 1 4 2 5],2572.000000000011,0.5,0.5,0.2969467874002738,SI,[4 1 3 2 5],47.09999999999991,10,4091.6000000000167,0.0,False,4
13,0,0,[3 1 4 2 5],2572.000000000011,0.5,0.5,0.4905297098600888,SI,[4 1 3 2 5],47.09999999999991,10,4091.6000000000167,0.0,False,4
13,0,1,[3 1 4 2 5],2572.000000000011,0.5,0.5,0.03864039002447972,SI,[4 1 3 2 5],47.09999999999991,10,4091.6000000000167,0.0,False,4
13,0,2,[3 1 4 2 5],2572.000000000011,0.5,0.5,0.2817773983804137,SI,[4 1 3 2 5],47.09999999999991,10,4091.6000000000167,0.0,False,4
13,0,3,[3 1 4 2 5],2572.000000000011,0.5,0.5,0.12748702734500272,SI,[4 1 3 2 5],47.09999999999991,10,4091.6000000000167,0.0,False,4
13,0,4,[3 1 4 2 5],2572.000000000011,0.5,0.5,0.9245789541419855,MI,[4 1 3 2 5],47.09999999999991,10,4091.6000000000167,0.0,False,4
14,0,0,[3 1 4 2 5],2572.000000000011,0.5,0.5,0.3532741216526165,SI,[4 1 3 2 5],47.09999999999991,10,4091.6000000000167,0.0,False,4
14,0,1,[3 1 4 2 5],2572.000000000011,0.5,0.5,0.1811309745218972,SI,[4 1 3 2 5],47.09999999999991,10,4091.6000000000167,0.0,False,4
14,0,2,[3 1 4 2 5],2572.000000000011,0.5,0.5,0.178498026271371,SI,[4 1 3 2 5],47.09999999999991,10,4091.6000000000167,0.0,False,4
14,0,3,[3 1 4 2 5],2572.000000000011,0.5,0.5,0.7824113664788932,MI,[4 1 3 2 5],47.09999999999991,10,4091.6000000000167,0.0,False,4
14,0,4,[3 1 4 2 5],2572.000000000011,0.5,0.5,0.32896696219215293,SI,[3 4 1 2 5],48.60000000000002,10,3351.000000000022,0.0,False,4
15,0,0,[3 1 4 2 5],2572.000000000011,0.5,0.5,0.31462570143839985,SI,[3 4 1 2 5],48.60000000000002,10,3351.000000000022,0.0,False,4
15,0,1,[3 1 4 2 5],2572.000000000011,0.5,0.5,0.4749288743879869,SI,[4 1 3 2 5],47.09999999999991,10,4091.6000000000167,0.0,False,4
15,0,2,[3 1 4 2 5],2572.000000000011,0.5,0.5,0.24641015450384574,SI,[4 1 3 2 5],47.09999999999991,10,4091.6000000000167,0.0,False,4
15,0,3,[3 1 4 2 5],2572.000000000011,0.5,0.5,0.0005584592212869444,SI,[3 4 1 2 5],48.60000000000002,10,3351.000000000022,0.0,False,4
15,0,4,[3 1 4 2 5],2572.000000000011,0.5,0.5,0.9292015922749112,MI,[4 1 3 2 5],47.09999999999991,10,4091.6000000000167,0.0,False,4
16,0,0,[3 1 4 2 5],2572.000000000011,0.5,0.5,0.5284942622449204,MI,[4 1 3 2 5],47.09999999999991,10,4091.6000000000167,0.0,False,4
16,0,1,[3 1 4 2 5],2572.000000000011,0.5,0.5,0.9529060611213361,MI,[4 1 3 2 5],47.09999999999991,10,4091.6000000000167,0.0,False,4
16,0,2,[3 1 4 2 5],2572.000000000011,0.5,0.5,0.5834006731485752,MI,[4 1 3 2 5],47.09999999999991,10,4091.6000000000167,0.0,False,4
16,0,3,[3 1 4 2 5],2572.000000000011,0.5,0.5,0.07741025133465695,SI,[5 2 4 1 3],115.9,10,4486.500000000022,0.0,False,4
16,0,4,[3 1 4 2 5],2572.000000000011,0.5,0.5,0.944935443046703,MI,[4 1 3 2 5],47.09999999999991,10,4091.6000000000167,0.0,False,4
17,0,0,[3 1 4 2 5],2572.000000000011,0.5,0.5,0.4027479338907646,SI,[3 4 1 2 5],48.60000000000002,10,3351.000000000022,0.0,False,4
17,0,1,[3 1 4 2 5],2572.000000000011,0.5,0.5,0.11902517576476046,SI,[4 1 3 2 5],47.09999999999991,10,4091.6000000000167,0.0,False,4
17,0,2,[3 1 4 2 5],2572.000000000011,0.5,0.5,0.33323243204260267,SI,[3 1 4 5 2],65.59999999999997,10,2767.400000000016,0.0,False,4
17,0,3,[3 1 4 2 5],2572.000000000011,0.5,0.5,0.7618455576662064,MI,[4 1 3 2 5],47.09999999999991,10,4091.6000000000167,0.0,False,4
17,0,4,[3 1 4 2 5],2572.000000000011,0.5,0.5,0.0884104721223119,SI,[4 1 3 2 5],47.09999999999991,10,4091.6000000000167,0.0,False,4
18,0,0,[3 1 4 2 5],2572.000000000011,0.5,0.5,0.3388915047204383,SI,[4 1 3 2 5],47.09999999999991,10,4091.6000000000167,0.0,False,4
18,0,1,[3 1 4 2 5],2572.000000000011,0.5,0.5,0.8291221287704648,MI,[4 1 3 2 5],47.09999999999991,10,4091.6000000000167,0.0,False,4
18,0,2,[3 1 4 2 5],2572.000000000011,0.5,0.5,0.2947797728494259,SI,[3 1 4 5 2],65.59999999999997,10,2767.400000000016,0.0,False,4
18,0,3,[3 1 4 2 5],2572.000000000011,0.5,0.5,0.2472296529052056,SI,[3 1 4 5 2],65.59999999999997,10,2767.400000000016,0.0,False,4
18,0,4,[3 1 4 2 5],2572.000000000011,0.5,0.5,0.5983174936587329,MI,[4 1 3 2 5],47.09999999999991,10,4091.6000000000167,0.0,False,4
19,0,0,[3 1 4 2 5],2572.000000000011,0.5,0.5,0.9236261030678993,MI,[4 1 3 2 5],47.09999999999991,10,4091.6000000000167,0.0,False,4
19,0,1,[3 1 4 2 5],2572.000000000011,0.5,0.5,0.9910956387623655,MI,[4 1 3 2 5],47.09999999999991,10,4091.6000000000167,0.0,False,4
19,0,2,[3 1 4 2 5],2572.000000000011,0.5,0.5,0.05887003920594669,SI,[4 1 3 2 5],47.09999999999991,10,4091.6000000000167,0.0,False,4
19,0,3,[3 1 4 2 5],2572.000000000011,0.5,0.5,0.26851220458255043,SI,[3 4 1 2 5],48.60000000000002,10,3351.000000000022,0.0,False,4
19,0,4,[3 1 4 2 5],2572.000000000011,0.5,0.5,0.7472187210500674,MI,[4 1 3 2 5],47.09999999999991,10,4091.6000000000167,0.0,False,4
20,0,0,[3 1 4 2 5],2572.000000000011,0.5,0.5,0.22316497795111911,SI,[4 1 3 2 5],47.09999999999991,10,4091.6000000000167,0.0,False,4
20,0,1,[3 1 4 2 5],2572.000000000011,0.5,0.5,0.4396753083531981,SI,[4 1 3 2 5],47.09999999999991,10,4091.6000000000167,0.0,False,4
20,0,2,[3 1 4 2 5],2572.000000000011,0.5,0.5,0.7920540265915763,MI,[4 1 3 2 5],47.09999999999991,10,4091.6000000000167,0.0,False,4
20,0,3,[3 1 4 2 5],2572.000000000011,0.5,0.5,0.18993432221245254,SI,[3 1 4 5 2],65.59999999999997,10,2767.400000000016,0.0,False,4
20,0,4,[3 1 4 2 5],2572.000000000011,0.5,0.5,0.15603765587618834,SI,[4 1 3 2 5],47.09999999999991,10,4091.6000000000167,0.0,False,4
21,0,0,[3 1 4 2 5],2572.000000000011,0.5,0.5,0.1226168136449568,SI,[3 4 1 2 5],48.60000000000002,10,3351.000000000022,0.0,False,4
21,0,1,[3 1 4 2 5],2572.000000000011,0.5,0.5,0.22043914437181866,SI,[1 3 4 2 5],112.69999999999999,10,3566.5000000000255,0.0,False,4
21,0,2,[3 1 4 2 5],2572.000000000011,0.5,0.5,0.7334142772486474,MI,[4 1 3 2 5],47.09999999999991,10,4091.6000000000167,0.0,False,4
21,0,3,[3 1 4 2 5],2572.000000000011,0.5,0.5,0.07675261612178863,SI,[1 3 4 2 5],112.69999999999999,10,3566.5000000000255,0.0,False,4
21,0,4,[3 1 4 2 5],2572.000000000011,0.5,0.5,0.07290050210215981,SI,[3 4 1 2 5],48.60000000000002,10,3351.000000000022,0.0,False,4
22,0,0,[3 1 4 2 5],2572.000000000011,0.5,0.5,0.4118152472394525,SI,[3 4 1 2 5],48.60000000000002,10,3351.000000000022,0.0,False,4
22,0,1,[3 1 4 2 5],2572.000000000011,0.5,0.5,0.7621921362387383,MI,[4 1 3 2 5],47.09999999999991,10,4091.6000000000167,0.0,False,4
22,0,2,[3 1 4 2 5],2572.000000000011,0.5,0.5,0.7398927964137451,MI,[4 1 3 2 5],47.09999999999991,10,4091.6000000000167,0.0,False,4
22,0,3,[3 1 4 2 5],2572.000000000011,0.5,0.5,0.8794377502382035,MI,[4 1 3 2 5],47.09999999999991,10,4091.6000000000167,0.0,False,4
22,0,4,[3 1 4 2 5],2572.000000000011,0.5,0.5,0.09213522319503609,SI,[4 1 3 2 5],47.09999999999991,10,4091.6000000000167,0.0,False,4
23,0,0,[3 1 4 2 5],2572.000000000011,0.5,0.5,0.09407905166612418,SI,[4 1 3 2 5],47.09999999999991,10,4091.6000000000167,0.0,False,4
23,0,1,[3 1 4 2 5],2572.000000000011,0.5,0.5,0.11705072011751683,SI,[4 1 3 2 5],47.09999999999991,10,4091.6000000000167,0.0,False,4
23,0,2,[3 1 4 2 5],2572.000000000011,0.5,0.5,0.4957194118367215,SI,[4 1 3 2 5],47.09999999999991,10,4091.6000000000167,0.0,False,4
23,0,3,[3 1 4 2 5],2572.000000000011,0.5,0.5,0.1578191696245569,SI,[3 4 1 2 5],48.60000000000002,10,3351.000000000022,0.0,False,4
23,0,4,[3 1 4 2 5],2572.000000000011,0.5,0.5,0.29939111344573943,SI,[4 1 3 2 5],47.09999999999991,10,4091.6000000000167,0.0,False,4
24,0,0,[3 1 4 2 5],2572.000000000011,0.5,0.5,0.19345729146638113,SI,[4 1 3 2 5],47.09999999999991,10,4091.6000000000167,0.0,False,4
24,0,1,[3 1 4 2 5],2572.000000000011,0.5,0.5,0.6895619070353036,MI,[5 2 4 1 3],115.9,10,4486.500000000022,0.0,False,4
24,0,2,[3 1 4 2 5],2572.000000000011,0.5,0.5,0.049300502700834414,SI,[3 1 4 5 2],65.59999999999997,10,2767.400000000016,0.0,False,4
24,0,3,[3 1 4 2 5],2572.000000000011,0.5,0.5,0.4863689906761688,SI,[4 1 3 2 5],47.09999999999991,10,4091.6000000000167,0.0,False,4
24,0,4,[3 1 4 2 5],2572.000000000011,0.5,0.5,0.6781086813996067,MI,[4 1 3 2 5],47.09999999999991,10,4091.6000000000167,0.0,False,4
25,0,0,[3 1 4 2 5],2572.000000000011,0.5,0.5,0.8704101446352123,MI,[4 1 3 2 5],47.09999999999991,10,4091.6000000000167,0.0,False,4
25,0,1,[3 1 4 2 5],2572.000000000011,0.5,0.5,0.8828322097482635,MI,[4 1 3 2 5],47.09999999999991,10,4091.6000000000167,0.0,False,4
25,0,2,[3 1 4 2 5],2572.000000000011,0.5,0.5,0.07674833110303148,SI,[4 1 3 2 5],47.09999999999991,10,4091.6000000000167,0.0,False,4
25,0,3,[3 1 4 2 5],2572.000000000011,0.5,0.5,0.8756273139540709,MI,[4 1 3 2 5],47.09999999999991,10,4091.6000000000167,0.0,False,4
25,0,4,[3 1 4 2 5],2572.000000000011,0.5,0.5,0.05652438321507769,SI,[1 3 4 2 5],112.69999999999999,10,3566.5000000000255,0.0,False,4
26,0,0,[3 1 4 2 5],2572.000000000011,0.5,0.5,0.9715513468596432,MI,[5 2 4 1 3],115.9,10,4486.500000000022,0.0,False,4
26,0,1,[3 1 4 2 5],2572.000000000011,0.5,0.5,0.22557600180865467,SI,[4 1 3 2 5],47.09999999999991,10,4091.6000000000167,0.0,False,4
26,0,2,[3 1 4 2 5],2572.000000000011,0.5,0.5,0.24637607082334845,SI,[3 4 1 2 5],48.60000000000002,10,3351.000000000022,0.0,False,4
26,0,3,[3 1 4 2 5],2572.000000000011,0.5,0.5,0.8386141581998654,MI,[4 1 3 2 5],47.09999999999991,10,4091.6000000000167,0.0,False,4
26,0,4,[3 1 4 2 5],2572.000000000011,0.5,0.5,0.4615265296856469,SI,[3 4 1 2 5],48.60000000000002,10,3351.000000000022,0.0,False,4
27,0,0,[3 1 4 2 5],2572.000000000011,0.5,0.5,0.4822514466307194,SI,[4 1 3 2 5],47.09999999999991,10,4091.6000000000167,0.0,False,4
27,0,1,[3 1 4 2 5],2572.000000000011,0.5,0.5,0.3387758593644524,SI,[4 1 3 2 5],47.09999999999991,10,4091.6000000000167,0.0,False,4
27,0,2,[3 1 4 2 5],2572.000000000011,0.5,0.5,0.25895746926291674,SI,[4 1 3 2 5],47.09999999999991,10,4091.6000000000167,0.0,False,4
27,0,3,[3 1 4 2 5],2572.000000000011,0.5,0.5,0.8087275710874512,MI,[4 1 3 2 5],47.09999999999991,10,4091.6000000000167,0.0,False,4
27,0,4,[3 1 4 2 5],2572.000000000011,0.5,0.5,0.21759882369014683,SI,[4 1 3 2 5],47.09999999999991,10,4091.6000000000167,0.0,False,4
28,0,0,[3 1 4 2 5],2572.000000000011,0.5,0.5,0.9119323459465659,MI,[4 1 3 2 5],47.09999999999991,10,4091.6000000000167,0.0,False,4
28,0,1,[3 1 4 2 5],2572.000000000011,0.5,0.5,0.4179413299420056,SI,[3 4 1 2 5],48.60000000000002,10,3351.000000000022,0.0,False,4
28,0,2,[3 1 4 2 5],2572.000000000011,0.5,0.5,0.07876069565409494,SI,[5 2 4 1 3],115.9,10,4486.500000000022,0.0,False,4
28,0,3,[3 1 4 2 5],2572.000000000011,0.5,0.5,0.898607431731484,MI,[2 4 1 3 5],173.70000000000005,10,4474.800000000007,0.0,False,4
28,0,4,[3 1 4 2 5],2572.000000000011,0.5,0.5,0.18164397173577151,SI,[3 1 4 5 2],65.59999999999997,10,2767.400000000016,0.0,False,4
29,0,0,[3 1 4 2 5],2572.000000000011,0.5,0.5,0.21445352132607254,SI,[4 1 3 2 5],47.09999999999991,10,4091.6000000000167,0.0,False,4
29,0,1,[3 1 4 2 5],2572.000000000011,0.5,0.5,0.03902445531851839,SI,[3 4 1 2 5],48.60000000000002,10,3351.000000000022,0.0,False,4
29,0,2,[3 1 4 2 5],2572.000000000011,0.5,0.5,0.20320647356550814,SI,[4 1 3 2 5],47.09999999999991,10,4091.6000000000167,0.0,False,4
29,0,3,[3 1 4 2 5],2572.000000000011,0.5,0.5,0.06618008500951866,SI,[3 1 4 5 2],65.59999999999997,10,2767.400000000016,0.0,False,4
29,0,4,[3 1 4 2 5],2572.000000000011,0.5,0.5,0.24092072906486495,SI,[4 1 3 2 5],47.09999999999991,10,4091.6000000000167,0.0,False,4
30,0,0,[3 1 4 2 5],2572.000000000011,0.5,0.5,0.6060523621243349,MI,[4 1 3 2 5],47.09999999999991,10,4091.6000000000167,0.0,False,4
30,0,1,[3 1 4 2 5],2572.000000000011,0.5,0.5,0.1926958266089991,SI,[4 1 3 2 5],47.09999999999991,10,4091.6000000000167,0.0,False,4
30,0,2,[3 1 4 2 5],2572.000000000011,0.5,0.5,0.18314051192131953,SI,[1 3 4 2 5],112.69999999999999,10,3566.5000000000255,0.0,False,4
30,0,3,[3 1 4 2 5],2572.000000000011,0.5,0.5,0.6077485515214115,MI,[4 1 3 2 5],47.09999999999991,10,4091.6000000000167,0.0,False,4
30,0,4,[3 1 4 2 5],2572.000000000011,0.5,0.5,0.7201739653762099,MI,[4 1 3 2 5],47.09999999999991,10,4091.6000000000167,0.0,False,4
31,0,0,[3 1 4 2 5],2572.000000000011,0.5,0.5,0.9476561503190679,MI,[2 4 1 3 5],173.70000000000005,10,4474.800000000007,0.0,False,4
31,0,1,[3 1 4 2 5],2572.000000000011,0.5,0.5,0.030674707438829274,SI,[5 2 4 1 3],115.9,10,4486.500000000022,0.0,False,4
31,0,2,[3 1 4 2 5],2572.000000000011,0.5,0.5,0.3477158681621212,SI,[1 3 4 2 5],112.69999999999999,10,3566.5000000000255,0.0,False,4
31,0,3,[3 1 4 2 5],2572.000000000011,0.5,0.5,0.8902302774196066,MI,[4 1 3 2 5],47.09999999999991,10,4091.6000000000167,0.0,False,4
31,0,4,[3 1 4 2 5],2572.000000000011,0.5,0.5,0.8019886316940101,MI,[4 1 3 2 5],47.09999999999991,10,4091.6000000000167,0.0,False,4
32,0,0,[3 1 4 2 5],2572.000000000011,0.5,0.5,0.08476129998248094,SI,[4 1 3 2 5],47.09999999999991,10,4091.6000000000167,0.0,False,4
32,0,1,[3 1 4 2 5],2572.000000000011,0.5,0.5,0.019481875623221567,SI,[3 4 1 2 5],48.60000000000002,10,3351.000000000022,0.0,False,4
32,0,2,[3 1 4 2 5],2572.000000000011,0.5,0.5,0.07383133707765632,SI,[4 1 3 2 5],47.09999999999991,10,4091.6000000000167,0.0,False,4
32,0,3,[3 1 4 2 5],2572.000000000011,0.5,0.5,0.13807916951236043,SI,[4 1 3 2 5],47.09999999999991,10,4091.6000000000167,0.0,False,4
32,0,4,[3 1 4 2 5],2572.000000000011,0.5,0.5,0.6997199149048211,MI,[4 1 3 2 5],47.09999999999991,10,4091.6000000000167,0.0,False,4
33,0,0,[3 1 4 2 5],2572.000000000011,0.5,0.5,0.3878509607805082,SI,[3 4 1 2 5],48.60000000000002,10,3351.000000000022,0.0,False,4
33,0,1,[3 1 4 2 5],2572.000000000011,0.5,0.5,0.5692201170231374,MI,[4 1 3 2 5],47.09999999999991,10,4091.6000000000167,0.0,False,4
33,0,2,[3 1 4 2 5],2572.000000000011,0.5,0.5,0.40977961975938815,SI,[3 4 1 2 5],48.60000000000002,10,3351.000000000022,0.0,False,4
33,0,3,[3 1 4 2 5],2572.000000000011,0.5,0.5,0.2778853202257988,SI,[4 1 3 2 5],47.09999999999991,10,4091.6000000000167,0.0,False,4
33,0,4,[3 1 4 2 5],2572.000000000011,0.5,0.5,0.4126648903535154,SI,[4 1 3 2 5],47.09999999999991,10,4091.6000000000167,0.0,False,4
34,0,0,[3 1 4 2 5],2572.000000000011,0.5,0.5,0.7907789862186454,MI,[5 2 4 1 3],115.9,10,4486.500000000022,0.0,False,4
34,0,1,[3 1 4 2 5],2572.000000000011,0.5,0.5,0.7464480439902997,MI,[4 1 3 2 5],47.09999999999991,10,4091.6000000000167,0.0,False,4
34,0,2,[3 1 4 2 5],2572.000000000011,0.5,0.5,0.44364955711295295,SI,[3 1 4 5 2],65.59999999999997,10,2767.400000000016,0.0,False,4
34,0,3,[3 1 4 2 5],2572.000000000011,0.5,0.5,0.14278056622248325,SI,[1 3 4 2 5],112.69999999999999,10,3566.5000000000255,0.0,False,4
34,0,4,[3 1 4 2 5],2572.000000000011,0.5,0.5,0.008273744611245415,SI,[3 4 1 2 5],48.60000000000002,10,3351.000000000022,0.0,False,4
35,0,0,[3 1 4 2 5],2572.000000000011,0.5,0.5,0.20770417527343465,SI,[1 3 4 2 5],112.69999999999999,10,3566.5000000000255,0.0,False,4
35,0,1,[3 1 4 2 5],2572.000000000011,0.5,0.5,0.9486192639005911,MI,[4 1 3 2 5],47.09999999999991,10,4091.6000000000167,0.0,False,4
35,0,2,[3 1 4 2 5],2572.000000000011,0.5,0.5,0.4008326265108271,SI,[3 4 1 2 5],48.60000000000002,10,3351.000000000022,0.0,False,4
35,0,3,[3 1 4 2 5],2572.000000000011,0.5,0.5,0.7639700075169279,MI,[4 1 3 2 5],47.09999999999991,10,4091.6000000000167,0.0,False,4
35,0,4,[3 1 4 2 5],2572.000000000011,0.5,0.5,0.7605290562999851,MI,[4 1 3 2 5],47.09999999999991,10,4091.6000000000167,0.0,False,4
36,0,0,[3 1 4 2 5],2572.000000000011,0.5,0.5,0.19249833806597882,SI,[3 4 1 2 5],48.60000000000002,10,3351.000000000022,0.0,False,4
36,0,1,[3 1 4 2 5],2572.000000000011,0.5,0.5,0.6310307339558505,MI,[4 1 3 2 5],47.09999999999991,10,4091.6000000000167,0.0,False,4
36,0,2,[3 1 4 2 5],2572.000000000011,0.5,0.5,0.2731905620518955,SI,[4 1 3 2 5],47.09999999999991,10,4091.6000000000167,0.0,False,4
36,0,3,[3 1 4 2 5],2572.000000000011,0.5,0.5,0.8024104763416258,MI,[2 4 1 3 5],173.70000000000005,10,4474.800000000007,0.0,False,4
36,0,4,[3 1 4 2 5],2572.000000000011,0.5,0.5,0.1367294310172339,SI,[3 4 1 2 5],48.60000000000002,10,3351.000000000022,0.0,False,4
37,0,0,[3 1 4 2 5],2572.000000000011,0.5,0.5,0.395347630055354,SI,[3 4 1 2 5],48.60000000000002,10,3351.000000000022,0.0,False,4
37,0,1,[3 1 4 2 5],2572.000000000011,0.5,0.5,0.7187507458835837,MI,[4 1 3 2 5],47.09999999999991,10,4091.6000000000167,0.0,False,4
37,0,2,[3 1 4 2 5],2572.000000000011,0.5,0.5,0.8948089777642046,MI,[4 1 3 2 5],47.09999999999991,10,4091.6000000000167,0.0,False,4
37,0,3,[3 1 4 2 5],2572.000000000011,0.5,0.5,0.12458303469218657,SI,[1 3 4 2 5],112.69999999999999,10,3566.5000000000255,0.0,False,4
37,0,4,[3 1 4 2 5],2572.000000000011,0.5,0.5,0.11696940786932597,SI,[3 4 1 2 5],48.60000000000002,10,3351.000000000022,0.0,False,4
38,0,0,[3 1 4 2 5],2572.000000000011,0.5,0.5,0.8617004594392753,MI,[4 1 3 2 5],47.09999999999991,10,4091.6000000000167,0.0,False,4
38,0,1,[3 1 4 2 5],2572.000000000011,0.5,0.5,0.3359488650539443,SI,[4 1 3 2 5],47.09999999999991,10,4091.6000000000167,0.0,False,4
38,0,2,[3 1 4 2 5],2572.000000000011,0.5,0.5,0.04563985885765276,SI,[4 1 3 2 5],47.09999999999991,10,4091.6000000000167,0.0,False,4
38,0,3,[3 1 4 2 5],2572.000000000011,0.5,0.5,0.8331580753343333,MI,[4 1 3 2 5],47.09999999999991,10,4091.6000000000167,0.0,False,4
38,0,4,[3 1 4 2 5],2572.000000000011,0.5,0.5,0.9421033412598622,MI,[4 1 3 2 5],47.09999999999991,10,4091.6000000000167,0.0,False,4
39,0,0,[3 1 4 2 5],2572.000000000011,0.5,0.5,0.2613065034938502,SI,[4 1 3 2 5],47.09999999999991,10,4091.6000000000167,0.0,False,4
39,0,1,[3 1 4 2 5],2572.000000000011,0.5,0.5,0.5918729256315053,MI,[5 2 4 1 3],115.9,10,4486.500000000022,0.0,False,4
39,0,2,[3 1 4 2 5],2572.000000000011,0.5,0.5,0.8847232741256353,MI,[4 1 3 2 5],47.09999999999991,10,4091.6000000000167,0.0,False,4
39,0,3,[3 1 4 2 5],2572.000000000011,0.5,0.5,0.3556665186560568,SI,[4 1 3 2 5],47.09999999999991,10,4091.6000000000167,0.0,False,4
39,0,4,[3 1 4 2 5],2572.000000000011,0.5,0.5,0.3692362267739443,SI,[4 1 3 2 5],47.09999999999991,10,4091.6000000000167,0.0,False,4
40,0,0,[3 1 4 2 5],2572.000000000011,0.5,0.5,0.06328941863062187,SI,[3 4 1 2 5],48.60000000000002,10,3351.000000000022,0.0,False,4
40,0,1,[3 1 4 2 5],2572.000000000011,0.5,0.5,0.9221498487848835,MI,[4 1 3 2 5],47.09999999999991,10,4091.6000000000167,0.0,False,4
40,0,2,[3 1 4 2 5],2572.000000000011,0.5,0.5,0.5376842599863467,MI,[4 1 3 2 5],47.09999999999991,10,4091.6000000000167,0.0,False,4
40,0,3,[3 1 4 2 5],2572.000000000011,0.5,0.5,0.3691637012677884,SI,[4 1 3 2 5],47.09999999999991,10,4091.6000000000167,0.0,False,4
40,0,4,[3 1 4 2 5],2572.000000000011,0.5,0.5,0.5241728468505997,MI,[4 1 3 2 5],47.09999999999991,10,4091.6000000000167,0.0,False,4
41,0,0,[3 1 4 2 5],2572.000000000011,0.5,0.5,0.8710850489493476,MI,[4 1 3 2 5],47.09999999999991,10,4091.6000000000167,0.0,False,4
41,0,1,[3 1 4 2 5],2572.000000000011,0.5,0.5,0.27689570951583786,SI,[3 4 1 2 5],48.60000000000002,10,3351.000000000022,0.0,False,4
41,0,2,[3 1 4 2 5],2572.000000000011,0.5,0.5,0.9689228196181849,MI,[4 1 3 2 5],47.09999999999991,10,4091.6000000000167,0.0,False,4
41,0,3,[3 1 4 2 5],2572.000000000011,0.5,0.5,0.8059967348122196,MI,[4 1 3 2 5],47.09999999999991,10,4091.6000000000167,0.0,False,4
41,0,4,[3 1 4 2 5],2572.000000000011,0.5,0.5,0.6641873157882464,MI,[4 1 3 2 5],47.09999999999991,10,4091.6000000000167,0.0,False,4
42,0,0,[3 1 4 2 5],2572.000000000011,0.5,0.5,0.6309528171518629,MI,[4 1 3 2 5],47.09999999999991,10,4091.6000000000167,0.0,False,4
42,0,1,[3 1 4 2 5],2572.000000000011,0.5,0.5,0.340145021465443,SI,[4 1 3 2 5],47.09999999999991,10,4091.6000000000167,0.0,False,4
42,0,2,[3 1 4 2 5],2572.000000000011,0.5,0.5,0.9530399260244226,MI,[4 1 3 2 5],47.09999999999991,10,4091.6000000000167,0.0,False,4
42,0,3,[3 1 4 2 5],2572.000000000011,0.5,0.5,0.2493029172667538,SI,[4 1 3 2 5],47.09999999999991,10,4091.6000000000167,0.0,False,4
42,0,4,[3 1 4 2 5],2572.000000000011,0.5,0.5,0.08086301410307106,SI,[5 2 4 1 3],115.9,10,4486.500000000022,0.0,False,4
43,0,0,[3 1 4 2 5],2572.000000000011,0.5,0.5,0.46508148829123086,SI,[4 1 3 2 5],47.09999999999991,10,4091.6000000000167,0.0,False,4
43,0,1,[3 1 4 2 5],2572.000000000011,0.5,0.5,0.5379247152680651,MI,[4 1 3 2 5],47.09999999999991,10,4091.6000000000167,0.0,False,4
43,0,2,[3 1 4 2 5],2572.000000000011,0.5,0.5,0.8348693534690675,MI,[4 1 3 2 5],47.09999999999991,10,4091.6000000000167,0.0,False,4
43,0,3,[3 1 4 2 5],2572.000000000011,0.5,0.5,0.05990005670677878,SI,[4 1 3 2 5],47.09999999999991,10,4091.6000000000167,0.0,False,4
43,0,4,[3 1 4 2 5],2572.000000000011,0.5,0.5,0.3306046634552202,SI,[3 1 4 5 2],65.59999999999997,10,2767.400000000016,0.0,False,4
44,0,0,[3 1 4 2 5],2572.000000000011,0.5,0.5,0.17296002957682577,SI,[3 1 4 5 2],65.59999999999997,10,2767.400000000016,0.0,False,4
44,0,1,[3 1 4 2 5],2572.000000000011,0.5,0.5,0.45856875867885905,SI,[4 1 3 2 5],47.09999999999991,10,4091.6000000000167,0.0,False,4
44,0,2,[3 1 4 2 5],2572.000000000011,0.5,0.5,0.536846570824825,MI,[4 1 3 2 5],47.09999999999991,10,4091.6000000000167,0.0,False,4
44,0,3,[3 1 4 2 5],2572.000000000011,0.5,0.5,0.40211558754772847,SI,[4 1 3 2 5],47.09999999999991,10,4091.6000000000167,0.0,False,4
44,0,4,[3 1 4 2 5],2572.000000000011,0.5,0.5,0.05832065503379891,SI,[3 1 4 5 2],65.59999999999997,10,2767.400000000016,0.0,False,4
45,0,0,[3 1 4 2 5],2572.000000000011,0.5,0.5,0.5022022288781912,MI,[4 1 3 2 5],47.09999999999991,10,4091.6000000000167,0.0,False,4
45,0,1,[3 1 4 2 5],2572.000000000011,0.5,0.5,0.2666960993378934,SI,[4 1 3 2 5],47.09999999999991,10,4091.6000000000167,0.0,False,4
45,0,2,[3 1 4 2 5],2572.000000000011,0.5,0.5,0.1152013833316341,SI,[4 1 3 2 5],47.09999999999991,10,4091.6000000000167,0.0,False,4
45,0,3,[3 1 4 2 5],2572.000000000011,0.5,0.5,0.721085123146073,MI,[4 1 3 2 5],47.09999999999991,10,4091.6000000000167,0.0,False,4
45,0,4,[3 1 4 2 5],2572.000000000011,0.5,0.5,0.4526665712830801,SI,[3 1 4 5 2],65.59999999999997,10,2767.400000000016,0.0,False,4
46,0,0,[3 1 4 2 5],2572.000000000011,0.5,0.5,0.3043390935074646,SI,[4 1 3 2 5],47.09999999999991,10,4091.6000000000167,0.0,False,4
46,0,1,[3 1 4 2 5],2572.000000000011,0.5,0.5,0.3499535786575897,SI,[3 1 4 5 2],65.59999999999997,10,2767.400000000016,0.0,False,4
46,0,2,[3 1 4 2 5],2572.000000000011,0.5,0.5,0.3132611256429192,SI,[4 1 3 2 5],47.09999999999991,10,4091.6000000000167,0.0,False,4
46,0,3,[3 1 4 2 5],2572.000000000011,0.5,0.5,0.9953779095200407,MI,[4 1 3 2 5],47.09999999999991,10,4091.6000000000167,0.0,False,4
46,0,4,[3 1 4 2 5],2572.000000000011,0.5,0.5,0.016207815288013516,SI,[4 1 3 2 5],47.09999999999991,10,4091.6000000000167,0.0,False,4
47,0,0,[3 1 4 2 5],2572.000000000011,0.5,0.5,0.13654560790387882,SI,[4 1 3 2 5],47.09999999999991,10,4091.6000000000167,0.0,False,4
47,0,1,[3 1 4 2 5],2572.000000000011,0.5,0.5,0.2649423220618642,SI,[3 4 1 2 5],48.60000000000002,10,3351.000000000022,0.0,False,4
47,0,2,[3 1 4 2 5],2572.000000000011,0.5,0.5,0.7401382588701026,MI,[4 1 3 2 5],47.09999999999991,10,4091.6000000000167,0.0,False,4
47,0,3,[3 1 4 2 5],2572.000000000011,0.5,0.5,0.14976102644409328,SI,[3 4 1 2 5],48.60000000000002,10,3351.000000000022,0.0,False,4
47,0,4,[3 1 4 2 5],2572.000000000011,0.5,0.5,0.20221500660649905,SI,[4 1 3 2 5],47.09999999999991,10,4091.6000000000167,0.0,False,4
48,0,0,[3 1 4 2 5],2572.000000000011,0.5,0.5,0.32519725540390054,SI,[3 4 1 2 5],48.60000000000002,10,3351.000000000022,0.0,False,4
48,0,1,[3 1 4 2 5],2572.000000000011,0.5,0.5,0.0904452508988266,SI,[3 4 1 2 5],48.60000000000002,10,3351.000000000022,0.0,False,4
48,0,2,[3 1 4 2 5],2572.000000000011,0.5,0.5,0.6486216630218409,MI,[4 1 3 2 5],47.09999999999991,10,4091.6000000000167,0.0,False,4
48,0,3,[3 1 4 2 5],2572.000000000011,0.5,0.5,0.4117887324111298,SI,[4 1 3 2 5],47.09999999999991,10,4091.6000000000167,0.0,False,4
48,0,4,[3 1 4 2 5],2572.000000000011,0.5,0.5,0.4497556057796235,SI,[3 1 4 5 2],65.59999999999997,10,2767.400000000016,0.0,False,4
49,0,0,[3 1 4 2 5],2572.000000000011,0.5,0.5,0.5747708905725643,MI,[4 1 3 2 5],47.09999999999991,10,4091.6000000000167,0.0,False,4
49,0,1,[3 1 4 2 5],2572.000000000011,0.5,0.5,0.5425270065393664,MI,[4 1 3 2 5],47.09999999999991,10,4091.6000000000167,0.0,False,4
49,0,2,[3 1 4 2 5],2572.000000000011,0.5,0.5,0.07093630954629371,SI,[4 1 3 2 5],47.09999999999991,10,4091.6000000000167,0.0,False,4
49,0,3,[3 1 4 2 5],2572.000000000011,0.5,0.5,0.4739655844595867,SI,[3 4 1 2 5],48.60000000000002,10,3351.000000000022,0.0,False,4
49,0,4,[3 1 4 2 5],2572.000000000011,0.5,0.5,0.39059946941792556,SI,[4 1 3 2 5],47.09999999999991,10,4091.6000000000167,0.0,False,4
50,0,0,[3 1 4 2 5],2572.000000000011,0.5,0.5,0.781632048286963,MI,[4 1 3 2 5],47.09999999999991,10,4091.6000000000167,0.0,False,4
50,0,1,[3 1 4 2 5],2572.000000000011,0.5,0.5,0.31116028041173094,SI,[4 1 3 2 5],47.09999999999991,10,4091.6000000000167,0.0,False,4
50,0,2,[3 1 4 2 5],2572.000000000011,0.5,0.5,0.27094326423224513,SI,[4 1 3 2 5],47.09999999999991,10,4091.6000000000167,0.0,False,4
50,0,3,[3 1 4 2 5],2572.000000000011,0.5,0.5,0.2504375609147549,SI,[4 1 3 2 5],47.09999999999991,10,4091.6000000000167,0.0,False,4
50,0,4,[3 1 4 2 5],2572.000000000011,0.5,0.5,0.8749719632535805,MI,[4 1 3 2 5],47.09999999999991,10,4091.6000000000167,0.0,False,4
0,11,0,[2 1 4 3 5],2014.0000000000218,0.5,0.5,0.5563737562100983,MI,[4 1 2 3 5],-52.29999999999998,10,2273.7999999999956,0.0,False,5
0,11,1,[2 1 4 3 5],2014.0000000000218,0.5,0.5,0.06580467246624111,SI,[2 1 4 5 3],-130.2,10,1972.4999999999854,0.020605759682242267,True,5
0,11,2,[2 1 4 5 3],1972.4999999999854,0.5,0.5,0.9383333235493512,MI,[2 1 3 5 4],-83.0,10,1465.299999999992,0.2571356147021532,True,5
0,11,3,[2 1 3 5 4],1465.299999999992,0.5,0.5,0.7334221406541208,MI,[4 5 3 1 2],-4.199999999999989,10,2569.6999999999607,0.0,False,5
0,11,4,[2 1 3 5 4],1465.299999999992,0.5,0.5,0.12711573300714352,SI,[2 1 3 4 5],-13.300000000000011,10,1342.799999999981,0.08360062785778447,True,5
1,0,0,[2 1 3 4 5],1342.799999999981,0.49005588944337763,0.5099441105566225,0.22705758919360686,SI,[5 4 3 1 2],9.099999999999994,10,2656.499999999949,0.0,False,5
1,0,1,[2 1 3 4 5],1342.799999999981,0.49005588944337763,0.5099441105566225,0.8445756406275807,MI,[5 4 3 1 2],9.099999999999994,10,2656.499999999949,0.0,False,5
1,0,2,[2 1 3 4 5],1342.799999999981,0.49005588944337763,0.5099441105566225,0.23706662944096102,SI,[3 1 2 4 5],11.5,10,1423.5,0.0,False,5
1,0,3,[2 1 3 4 5],1342.799999999981,0.49005588944337763,0.5099441105566225,0.5798480106406141,MI,[3 1 2 4 5],11.5,10,1423.5,0.0,False,5
1,0,4,[2 1 3 4 5],1342.799999999981,0.49005588944337763,0.5099441105566225,0.06598875077551303,SI,[5 4 3 1 2],9.099999999999994,10,2656.499999999949,0.0,False,5
2,0,0,[2 1 3 4 5],1342.799999999981,0.49005588944337763,0.5099441105566225,0.3705731686476099,SI,[5 4 3 1 2],9.099999999999994,10,2656.499999999949,0.0,False,5
2,0,1,[2 1 3 4 5],1342.799999999981,0.49005588944337763,0.5099441105566225,0.0985212754166147,SI,[2 1 3 5 4],13.300000000000011,10,1465.299999999992,0.0,False,5
2,0,2,[2 1 3 4 5],1342.799999999981,0.49005588944337763,0.5099441105566225,0.7766626549148333,MI,[5 4 3 1 2],9.099999999999994,10,2656.499999999949,0.0,False,5
2,0,3,[2 1 3 4 5],1342.799999999981,0.49005588944337763,0.5099441105566225,0.7872497542417446,MI,[5 4 3 1 2],9.099999999999994,10,2656.499999999949,0.0,False,5
2,0,4,[2 1 3 4 5],1342.799999999981,0.49005588944337763,0.5099441105566225,0.5194865502763223,MI,[5 4 3 1 2],9.099999999999994,10,2656.499999999949,0.0,False,5
3,0,0,[2 1 3 4 5],1342.799999999981,0.49005588944337763,0.5099441105566225,0.6566293007729042,MI,[5 4 3 1 2],9.099999999999994,10,2656.499999999949,0.0,False,5
3,0,1,[2 1 3 4 5],1342.799999999981,0.49005588944337763,0.5099441105566225,0.2693791326172361,SI,[5 4 3 1 2],9.099999999999994,10,2656.499999999949,0.0,False,5
3,0,2,[2 1 3 4 5],1342.799999999981,0.49005588944337763,0.5099441105566225,0.43990841582830575,SI,[5 4 3 1 2],9.099999999999994,10,2656.499999999949,0.0,False,5
3,0,3,[2 1 3 4 5],1342.799999999981,0.49005588944337763,0.5099441105566225,0.261166200663861,SI,[2 1 3 5 4],13.300000000000011,10,1465.299999999992,0.0,False,5
3,0,4,[2 1 3 4 5],1342.799999999981,0.49005588944337763,0.5099441105566225,0.3853577139669291,SI,[2 1 3 5 4],13.300000000000011,10,1465.299999999992,0.0,False,5
4,0,0,[2 1 3 4 5],1342.799999999981,0.49005588944337763,0.5099441105566225,0.5682127722685625,MI,[3 1 2 4 5],11.5,10,1423.5,0.0,False,5
4,0,1,[2 1 3 4 5],1342.799999999981,0.49005588944337763,0.5099441105566225,0.1832575474416177,SI,[5 4 3 1 2],9.099999999999994,10,2656.499999999949,0.0,False,5
4,0,2,[2 1 3 4 5],1342.799999999981,0.49005588944337763,0.5099441105566225,0.39225266146659254,SI,[5 4 3 1 2],9.099999999999994,10,2656.499999999949,0.0,False,5
4,0,3,[2 1 3 4 5],1342.799999999981,0.49005588944337763,0.5099441105566225,0.46012205758700275,SI,[5 4 3 1 2],9.099999999999994,10,2656.499999999949,0.0,False,5
4,0,4,[2 1 3 4 5],1342.799999999981,0.49005588944337763,0.5099441105566225,0.13801643499869332,SI,[3 1 2 4 5],11.5,10,1423.5,0.0,False,5
5,0,0,[2 1 3 4 5],1342.799999999981,0.49005588944337763,0.5099441105566225,0.11262639376962136,SI,[5 4 3 1 2],9.099999999999994,10,2656.499999999949,0.0,False,5
5,0,1,[2 1 3 4 5],1342.799999999981,0.49005588944337763,0.5099441105566225,0.27843334341759707,SI,[5 4 3 1 2],9.099999999999994,10,2656.499999999949,0.0,False,5
5,0,2,[2 1 3 4 5],1342.799999999981,0.49005588944337763,0.5099441105566225,0.8251278345620001,MI,[5 4 3 1 2],9.099999999999994,10,2656.499999999949,0.0,False,5
5,0,3,[2 1 3 4 5],1342.799999999981,0.49005588944337763,0.5099441105566225,0.83919992489241,MI,[5 4 3 1 2],9.099999999999994,10,2656.499999999949,0.0,False,5
5,0,4,[2 1 3 4 5],1342.799999999981,0.49005588944337763,0.5099441105566225,0.765299244720823,MI,[5 4 3 1 2],9.099999999999994,10,2656.499999999949,0.0,False,5
6,0,0,[2 1 3 4 5],1342.799999999981,0.49005588944337763,0.5099441105566225,0.9544501167106687,MI,[5 4 3 1 2],9.099999999999994,10,2656.499999999949,0.0,False,5
6,0,1,[2 1 3 4 5],1342.799999999981,0.49005588944337763,0.5099441105566225,0.07082011646747954,SI,[5 4 3 1 2],9.099999999999994,10,2656.499999999949,0.0,False,5
6,0,2,[2 1 3 4 5],1342.799999999981,0.49005588944337763,0.5099441105566225,0.2167819282926633,SI,[5 4 3 1 2],9.099999999999994,10,2656.499999999949,0.0,False,5
6,0,3,[2 1 3 4 5],1342.799999999981,0.49005588944337763,0.5099441105566225,0.5898388608948296,MI,[3 1 2 4 5],11.5,10,1423.5,0.0,False,5
6,0,4,[2 1 3 4 5],1342.799999999981,0.49005588944337763,0.5099441105566225,0.7033186758071444,MI,[5 4 3 1 2],9.099999999999994,10,2656.499999999949,0.0,False,5
7,0,0,[2 1 3 4 5],1342.799999999981,0.49005588944337763,0.5099441105566225,0.7886453502033266,MI,[3 1 2 4 5],11.5,10,1423.5,0.0,False,5
7,0,1,[2 1 3 4 5],1342.799999999981,0.49005588944337763,0.5099441105566225,0.5062826612370593,MI,[3 1 2 4 5],11.5,10,1423.5,0.0,False,5
7,0,2,[2 1 3 4 5],1342.799999999981,0.49005588944337763,0.5099441105566225,0.5428005687555281,MI,[5 4 3 1 2],9.099999999999994,10,2656.499999999949,0.0,False,5
7,0,3,[2 1 3 4 5],1342.799999999981,0.49005588944337763,0.5099441105566225,0.570211962105383,MI,[5 4 3 1 2],9.099999999999994,10,2656.499999999949,0.0,False,5
7,0,4,[2 1 3 4 5],1342.799999999981,0.49005588944337763,0.5099441105566225,0.6028285911720632,MI,[3 1 2 4 5],11.5,10,1423.5,0.0,False,5
8,0,0,[2 1 3 4 5],1342.799999999981,0.49005588944337763,0.5099441105566225,0.11945643796164196,SI,[3 1 2 4 5],11.5,10,1423.5,0.0,False,5
8,0,1,[2 1 3 4 5],1342.799999999981,0.49005588944337763,0.5099441105566225,0.08241391934805786,SI,[5 4 3 1 2],9.099999999999994,10,2656.499999999949,0.0,False,5
8,0,2,[2 1 3 4 5],1342.799999999981,0.49005588944337763,0.5099441105566225,0.9467201478886358,MI,[5 4 3 1 2],9.099999999999994,10,2656.499999999949,0.0,False,5
8,0,3,[2 1 3 4 5],1342.799999999981,0.49005588944337763,0.5099441105566225,0.5456473146334385,MI,[5 4 3 1 2],9.099999999999994,10,2656.499999999949,0.0,False,5
8,0,4,[2 1 3 4 5],1342.799999999981,0.49005588944337763,0.5099441105566225,0.06572524913836719,SI,[5 4 3 1 2],9.099999999999994,10,2656.499999999949,0.0,False,5
9,0,0,[2 1 3 4 5],1342.799999999981,0.49005588944337763,0.5099441105566225,0.42975468033338804,SI,[5 4 3 1 2],9.099999999999994,10,2656.499999999949,0.0,False,5
9,0,1,[2 1 3 4 5],1342.799999999981,0.49005588944337763,0.5099441105566225,0.7188429505551892,MI,[3 1 2 4 5],11.5,10,1423.5,0.0,False,5
9,0,2,[2 1 3 4 5],1342.799999999981,0.49005588944337763,0.5099441105566225,0.15305675262042617,SI,[3 1 2 4 5],11.5,10,1423.5,0.0,False,5
9,0,3,[2 1 3 4 5],1342.799999999981,0.49005588944337763,0.5099441105566225,0.38341690572521503,SI,[5 4 3 1 2],9.099999999999994,10,2656.499999999949,0.0,False,5
9,0,4,[2 1 3 4 5],1342.799999999981,0.49005588944337763,0.5099441105566225,0.8287237850396785,MI,[5 4 3 1 2],9.099999999999994,10,2656.499999999949,0.0,False,5
10,0,0,[2 1 3 4 5],1342.799999999981,0.49005588944337763,0.5099441105566225,0.3825969310826933,SI,[2 1 3 5 4],13.300000000000011,10,1465.299999999992,0.0,False,5
10,0,1,[2 1 3 4 5],1342.799999999981,0.49005588944337763,0.5099441105566225,0.17570696285607101,SI,[5 4 3 1 2],9.099999999999994,10,2656.499999999949,0.0,False,5
10,0,2,[2 1 3 4 5],1342.799999999981,0.49005588944337763,0.5099441105566225,0.860296000678842,MI,[5 4 3 1 2],9.099999999999994,10,2656.499999999949,0.0,False,5
10,0,3,[2 1 3 4 5],1342.799999999981,0.49005588944337763,0.5099441105566225,0.04695417901568355,SI,[5 4 3 1 2],9.099999999999994,10,2656.499999999949,0.0,False,5
10,0,4,[2 1 3 4 5],1342.799999999981,0.49005588944337763,0.5099441105566225,0.4089691462275987,SI,[2 3 1 4 5],27.599999999999994,10,1394.0000000000218,0.0,False,5
11,0,0,[2 1 3 4 5],1342.799999999981,0.49005588944337763,0.5099441105566225,0.1823296248682511,SI,[5 4 3 1 2],9.099999999999994,10,2656.499999999949,0.0,False,5
11,0,1,[2 1 3 4 5],1342.799999999981,0.49005588944337763,0.5099441105566225,0.24068505467940082,SI,[5 4 3 1 2],9.099999999999994,10,2656.499999999949,0.0,False,5
11,0,2,[2 1 3 4 5],1342.799999999981,0.49005588944337763,0.5099441105566225,0.7384610666203705,MI,[5 4 3 1 2],9.099999999999994,10,2656.499999999949,0.0,False,5
11,0,3,[2 1 3 4 5],1342.799999999981,0.49005588944337763,0.5099441105566225,0.6673363251592264,MI,[5 4 3 1 2],9.099999999999994,10,2656.499999999949,0.0,False,5
11,0,4,[2 1 3 4 5],1342.799999999981,0.49005588944337763,0.5099441105566225,0.9347955654198256,MI,[5 4 3 1 2],9.099999999999994,10,2656.499999999949,0.0,False,5
12,0,0,[2 1 3 4 5],1342.799999999981,0.49005588944337763,0.5099441105566225,0.8620248215370218,MI,[5 4 3 1 2],9.099999999999994,10,2656.499999999949,0.0,False,5
12,0,1,[2 1 3 4 5],1342.799999999981,0.49005588944337763,0.5099441105566225,0.0750149391650674,SI,[5 4 3 1 2],9.099999999999994,10,2656.499999999949,0.0,False,5
12,0,2,[2 1 3 4 5],1342.799999999981,0.49005588944337763,0.5099441105566225,0.9308276084718379,MI,[5 4 3 1 2],9.099999999999994,10,2656.499999999949,0.0,False,5
12,0,3,[2 1 3 4 5],1342.799999999981,0.49005588944337763,0.5099441105566225,0.060137148533115914,SI,[3 1 2 4 5],11.5,10,1423.5,0.0,False,5
12,0,4,[2 1 3 4 5],1342.799999999981,0.49005588944337763,0.5099441105566225,0.1385005288665666,SI,[3 1 2 4 5],11.5,10,1423.5,0.0,False,5
13,0,0,[2 1 3 4 5],1342.799999999981,0.49005588944337763,0.5099441105566225,0.6402639384741111,MI,[5 4 3 1 2],9.099999999999994,10,2656.499999999949,0.0,False,5
13,0,1,[2 1 3 4 5],1342.799999999981,0.49005588944337763,0.5099441105566225,0.42601972296819135,SI,[5 4 3 1 2],9.099999999999994,10,2656.499999999949,0.0,False,5
13,0,2,[2 1 3 4 5],1342.799999999981,0.49005588944337763,0.5099441105566225,0.3483850194363358,SI,[2 3 1 4 5],27.599999999999994,10,1394.0000000000218,0.0,False,5
13,0,3,[2 1 3 4 5],1342.799999999981,0.49005588944337763,0.5099441105566225,0.7766269980873296,MI,[5 4 3 1 2],9.099999999999994,10,2656.499999999949,0.0,False,5
13,0,4,[2 1 3 4 5],1342.799999999981,0.49005588944337763,0.5099441105566225,0.6256534341034226,MI,[5 4 3 1 2],9.099999999999994,10,2656.499999999949,0.0,False,5
14,0,0,[2 1 3 4 5],1342.799999999981,0.49005588944337763,0.5099441105566225,0.6639712560867294,MI,[5 4 3 1 2],9.099999999999994,10,2656.499999999949,0.0,False,5
14,0,1,[2 1 3 4 5],1342.799999999981,0.49005588944337763,0.5099441105566225,0.28488537804936853,SI,[5 4 3 1 2],9.099999999999994,10,2656.499999999949,0.0,False,5
14,0,2,[2 1 3 4 5],1342.799999999981,0.49005588944337763,0.5099441105566225,0.8327234044635097,MI,[5 4 3 1 2],9.099999999999994,10,2656.499999999949,0.0,False,5
14,0,3,[2 1 3 4 5],1342.799999999981,0.49005588944337763,0.5099441105566225,0.6967441593976953,MI,[3 1 2 4 5],11.5,10,1423.5,0.0,False,5
14,0,4,[2 1 3 4 5],1342.799999999981,0.49005588944337763,0.5099441105566225,0.6048850053309868,MI,[5 4 3 1 2],9.099999999999994,10,2656.499999999949,0.0,False,5
15,0,0,[2 1 3 4 5],1342.799999999981,0.49005588944337763,0.5099441105566225,0.9517941265762201,MI,[5 4 3 1 2],9.099999999999994,10,2656.499999999949,0.0,False,5
15,0,1,[2 1 3 4 5],1342.799999999981,0.49005588944337763,0.5099441105566225,0.6654702353208471,MI,[3 1 2 4 5],11.5,10,1423.5,0.0,False,5
15,0,2,[2 1 3 4 5],1342.799999999981,0.49005588944337763,0.5099441105566225,0.025512834826457165,SI,[5 4 3 1 2],9.099999999999994,10,2656.499999999949,0.0,False,5
15,0,3,[2 1 3 4 5],1342.799999999981,0.49005588944337763,0.5099441105566225,0.4087202010509283,SI,[5 4 3 1 2],9.099999999999994,10,2656.499999999949,0.0,False,5
15,0,4,[2 1 3 4 5],1342.799999999981,0.49005588944337763,0.5099441105566225,0.7017297976956358,MI,[5 4 3 1 2],9.099999999999994,10,2656.499999999949,0.0,False,5
16,0,0,[2 1 3 4 5],1342.799999999981,0.49005588944337763,0.5099441105566225,0.47393916160471505,SI,[5 4 3 1 2],9.099999999999994,10,2656.499999999949,0.0,False,5
16,0,1,[2 1 3 4 5],1342.799999999981,0.49005588944337763,0.5099441105566225,0.9473980660938994,MI,[5 4 3 1 2],9.099999999999994,10,2656.499999999949,0.0,False,5
16,0,2,[2 1 3 4 5],1342.799999999981,0.49005588944337763,0.5099441105566225,0.2991787268189823,SI,[3 1 2 4 5],11.5,10,1423.5,0.0,False,5
16,0,3,[2 1 3 4 5],1342.799999999981,0.49005588944337763,0.5099441105566225,0.3941538469366834,SI,[5 4 3 1 2],9.099999999999994,10,2656.499999999949,0.0,False,5
16,0,4,[2 1 3 4 5],1342.799999999981,0.49005588944337763,0.5099441105566225,0.5486474963502308,MI,[5 4 3 1 2],9.099999999999994,10,2656.499999999949,0.0,False,5
17,0,0,[2 1 3 4 5],1342.799999999981,0.49005588944337763,0.5099441105566225,0.8144551950848933,MI,[5 4 3 1 2],9.099999999999994,10,2656.499999999949,0.0,False,5
17,0,1,[2 1 3 4 5],1342.799999999981,0.49005588944337763,0.5099441105566225,0.9739890904815265,MI,[5 4 3 1 2],9.099999999999994,10,2656.499999999949,0.0,False,5
17,0,2,[2 1 3 4 5],1342.799999999981,0.49005588944337763,0.5099441105566225,0.3028449423341497,SI,[2 1 3 5 4],13.300000000000011,10,1465.299999999992,0.0,False,5
17,0,3,[2 1 3 4 5],1342.799999999981,0.49005588944337763,0.5099441105566225,0.9008926545175073,MI,[3 1 2 4 5],11.5,10,1423.5,0.0,False,5
17,0,4,[2 1 3 4 5],1342.799999999981,0.49005588944337763,0.5099441105566225,0.29256007109382975,SI,[5 4 3 1 2],9.099999999999994,10,2656.499999999949,0.0,False,5
18,0,0,[2 1 3 4 5],1342.799999999981,0.49005588944337763,0.5099441105566225,0.004855364220696656,SI,[3 1 2 4 5],11.5,10,1423.5,0.0,False,5
18,0,1,[2 1 3 4 5],1342.799999999981,0.49005588944337763,0.5099441105566225,0.7837547976273443,MI,[5 4 3 1 2],9.099999999999994,10,2656.499999999949,0.0,False,5
18,0,2,[2 1 3 4 5],1342.799999999981,0.49005588944337763,0.5099441105566225,0.9319262496271868,MI,[3 1 2 4 5],11.5,10,1423.5,0.0,False,5
18,0,3,[2 1 3 4 5],1342.799999999981,0.49005588944337763,0.5099441105566225,0.5632041231745164,MI,[5 4 3 1 2],9.099999999999994,10,2656.499999999949,0.0,False,5
18,0,4,[2 1 3 4 5],1342.799999999981,0.49005588944337763,0.5099441105566225,0.15266765412339411,SI,[5 4 3 1 2],9.099999999999994,10,2656.499999999949,0.0,False,5
19,0,0,[2 1 3 4 5],1342.799999999981,0.49005588944337763,0.5099441105566225,0.05432552725486084,SI,[2 1 3 5 4],13.300000000000011,10,1465.299999999992,0.0,False,5
19,0,1,[2 1 3 4 5],1342.799999999981,0.49005588944337763,0.5099441105566225,0.1900751270219807,SI,[5 4 3 1 2],9.099999999999994,10,2656.499999999949,0.0,False,5
19,0,2,[2 1 3 4 5],1342.799999999981,0.49005588944337763,0.5099441105566225,0.09056258828704866,SI,[3 1 2 4 5],11.5,10,1423.5,0.0,False,5
19,0,3,[2 1 3 4 5],1342.799999999981,0.49005588944337763,0.5099441105566225,0.0846716111668564,SI,[3 1 2 4 5],11.5,10,1423.5,0.0,False,5
19,0,4,[2 1 3 4 5],1342.799999999981,0.49005588944337763,0.5099441105566225,0.5606170090535469,MI,[3 1 2 4 5],11.5,10,1423.5,0.0,False,5
20,0,0,[2 1 3 4 5],1342.799999999981,0.49005588944337763,0.5099441105566225,0.05684626203039511,SI,[5 4 3 1 2],9.099999999999994,10,2656.499999999949,0.0,False,5
20,0,1,[2 1 3 4 5],1342.799999999981,0.49005588944337763,0.5099441105566225,0.2232516092902379,SI,[3 1 2 4 5],11.5,10,1423.5,0.0,False,5
20,0,2,[2 1 3 4 5],1342.799999999981,0.49005588944337763,0.5099441105566225,0.42945223781063135,SI,[5 4 3 1 2],9.099999999999994,10,2656.499999999949,0.0,False,5
20,0,3,[2 1 3 4 5],1342.799999999981,0.49005588944337763,0.5099441105566225,0.24608238059989584,SI,[2 1 3 5 4],13.300000000000011,10,1465.299999999992,0.0,False,5
20,0,4,[2 1 3 4 5],1342.799999999981,0.49005588944337763,0.5099441105566225,0.14550450373593882,SI,[5 4 3 1 2],9.099999999999994,10,2656.499999999949,0.0,False,5
21,0,0,[2 1 3 4 5],1342.799999999981,0.49005588944337763,0.5099441105566225,0.8879441649269967,MI,[5 4 3 1 2],9.099999999999994,10,2656.499999999949,0.0,False,5
21,0,1,[2 1 3 4 5],1342.799999999981,0.49005588944337763,0.5099441105566225,0.6343084184068303,MI,[3 1 2 4 5],11.5,10,1423.5,0.0,False,5
21,0,2,[2 1 3 4 5],1342.799999999981,0.49005588944337763,0.5099441105566225,0.982784720482003,MI,[5 4 3 1 2],9.099999999999994,10,2656.499999999949,0.0,False,5
21,0,3,[2 1 3 4 5],1342.799999999981,0.49005588944337763,0.5099441105566225,0.7250625424045493,MI,[3 1 2 4 5],11.5,10,1423.5,0.0,False,5
21,0,4,[2 1 3 4 5],1342.799999999981,0.49005588944337763,0.5099441105566225,0.14022728447632948,SI,[3 1 2 4 5],11.5,10,1423.5,0.0,False,5
22,0,0,[2 1 3 4 5],1342.799999999981,0.49005588944337763,0.5099441105566225,0.22192578093872894,SI,[2 1 3 5 4],13.300000000000011,10,1465.299999999992,0.0,False,5
22,0,1,[2 1 3 4 5],1342.799999999981,0.49005588944337763,0.5099441105566225,0.7265621906356939,MI,[5 4 3 1 2],9.099999999999994,10,2656.499999999949,0.0,False,5
22,0,2,[2 1 3 4 5],1342.799999999981,0.49005588944337763,0.5099441105566225,0.4122623568122131,SI,[2 1 3 5 4],13.300000000000011,10,1465.299999999992,0.0,False,5
22,0,3,[2 1 3 4 5],1342.799999999981,0.49005588944337763,0.5099441105566225,0.7391051425680351,MI,[3 1 2 4 5],11.5,10,1423.5,0.0,False,5
22,0,4,[2 1 3 4 5],1342.799999999981,0.49005588944337763,0.5099441105566225,0.8611867629860412,MI,[5 4 3 1 2],9.099999999999994,10,2656.499999999949,0.0,False,5
23,0,0,[2 1 3 4 5],1342.799999999981,0.49005588944337763,0.5099441105566225,0.03237084982794214,SI,[5 4 3 1 2],9.099999999999994,10,2656.499999999949,0.0,False,5
23,0,1,[2 1 3 4 5],1342.799999999981,0.49005588944337763,0.5099441105566225,0.030428457865724234,SI,[2 3 1 4 5],27.599999999999994,10,1394.0000000000218,0.0,False,5
23,0,2,[2 1 3 4 5],1342.799999999981,0.49005588944337763,0.5099441105566225,0.23303924186452996,SI,[3 1 2 4 5],11.5,10,1423.5,0.0,False,5
23,0,3,[2 1 3 4 5],1342.799999999981,0.49005588944337763,0.5099441105566225,0.9287140281365445,MI,[2 1 5 4 3],96.29999999999998,10,2015.8999999999796,0.0,False,5
23,0,4,[2 1 3 4 5],1342.799999999981,0.49005588944337763,0.5099441105566225,0.4304610704154166,SI,[5 4 3 1 2],9.099999999999994,10,2656.499999999949,0.0,False,5
24,0,0,[2 1 3 4 5],1342.799999999981,0.49005588944337763,0.5099441105566225,0.17065947657417457,SI,[5 4 3 1 2],9.099999999999994,10,2656.499999999949,0.0,False,5
24,0,1,[2 1 3 4 5],1342.799999999981,0.49005588944337763,0.5099441105566225,0.38034825726247457,SI,[3 1 2 4 5],11.5,10,1423.5,0.0,False,5
24,0,2,[2 1 3 4 5],1342.799999999981,0.49005588944337763,0.5099441105566225,0.4392813224949451,SI,[5 4 3 1 2],9.099999999999994,10,2656.499999999949,0.0,False,5
24,0,3,[2 1 3 4 5],1342.799999999981,0.49005588944337763,0.5099441105566225,0.5354347082510239,MI,[5 4 3 1 2],9.099999999999994,10,2656.499999999949,0.0,False,5
24,0,4,[2 1 3 4 5],1342.799999999981,0.49005588944337763,0.5099441105566225,0.2441628728531271,SI,[5 4 3 1 2],9.099999999999994,10,2656.499999999949,0.0,False,5
25,0,0,[2 1 3 4 5],1342.799999999981,0.49005588944337763,0.5099441105566225,0.48725972574074394,SI,[3 1 2 4 5],11.5,10,1423.5,0.0,False,5
25,0,1,[2 1 3 4 5],1342.799999999981,0.49005588944337763,0.5099441105566225,0.35217271103296643,SI,[3 1 2 4 5],11.5,10,1423.5,0.0,False,5
25,0,2,[2 1 3 4 5],1342.799999999981,0.49005588944337763,0.5099441105566225,0.04602938676868307,SI,[3 1 2 4 5],11.5,10,1423.5,0.0,False,5
25,0,3,[2 1 3 4 5],1342.799999999981,0.49005588944337763,0.5099441105566225,0.47712323404292156,SI,[2 1 3 5 4],13.300000000000011,10,1465.299999999992,0.0,False,5
25,0,4,[2 1 3 4 5],1342.799999999981,0.49005588944337763,0.5099441105566225,0.006850518391361082,SI,[3 1 2 4 5],11.5,10,1423.5,0.0,False,5
26,0,0,[2 1 3 4 5],1342.799999999981,0.49005588944337763,0.5099441105566225,0.025980071899904256,SI,[2 1 3 5 4],13.300000000000011,10,1465.299999999992,0.0,False,5
26,0,1,[2 1 3 4 5],1342.799999999981,0.49005588944337763,0.5099441105566225,0.29347747361840504,SI,[3 1 2 4 5],11.5,10,1423.5,0.0,False,5
26,0,2,[2 1 3 4 5],1342.799999999981,0.49005588944337763,0.5099441105566225,0.7513675985775865,MI,[5 4 3 1 2],9.099999999999994,10,2656.499999999949,0.0,False,5
26,0,3,[2 1 3 4 5],1342.799999999981,0.49005588944337763,0.5099441105566225,0.10278020136802712,SI,[3 1 2 4 5],11.5,10,1423.5,0.0,False,5
26,0,4,[2 1 3 4 5],1342.799999999981,0.49005588944337763,0.5099441105566225,0.8289618613507573,MI,[5 4 3 1 2],9.099999999999994,10,2656.499999999949,0.0,False,5
27,0,0,[2 1 3 4 5],1342.799999999981,0.49005588944337763,0.5099441105566225,0.7287967275917453,MI,[5 4 3 1 2],9.099999999999994,10,2656.499999999949,0.0,False,5
27,0,1,[2 1 3 4 5],1342.799999999981,0.49005588944337763,0.5099441105566225,0.5296252835537726,MI,[5 4 3 1 2],9.099999999999994,10,2656.499999999949,0.0,False,5
27,0,2,[2 1 3 4 5],1342.799999999981,0.49005588944337763,0.5099441105566225,0.7790492370771469,MI,[5 4 3 1 2],9.099999999999994,10,2656.499999999949,0.0,False,5
27,0,3,[2 1 3 4 5],1342.799999999981,0.49005588944337763,0.5099441105566225,0.3827264467341944,SI,[5 4 3 1 2],9.099999999999994,10,2656.499999999949,0.0,False,5
27,0,4,[2 1 3 4 5],1342.799999999981,0.49005588944337763,0.5099441105566225,0.6684009471151352,MI,[5 4 3 1 2],9.099999999999994,10,2656.499999999949,0.0,False,5
28,0,0,[2 1 3 4 5],1342.799999999981,0.49005588944337763,0.5099441105566225,0.07330945379789844,SI,[5 4 3 1 2],9.099999999999994,10,2656.499999999949,0.0,False,5
28,0,1,[2 1 3 4 5],1342.799999999981,0.49005588944337763,0.5099441105566225,0.6595383838896354,MI,[5 4 3 1 2],9.099999999999994,10,2656.499999999949,0.0,False,5
28,0,2,[2 1 3 4 5],1342.799999999981,0.49005588944337763,0.5099441105566225,0.21090843487648625,SI,[3 1 2 4 5],11.5,10,1423.5,0.0,False,5
28,0,3,[2 1 3 4 5],1342.799999999981,0.49005588944337763,0.5099441105566225,0.5063459664685792,MI,[3 1 2 4 5],11.5,10,1423.5,0.0,False,5
28,0,4,[2 1 3 4 5],1342.799999999981,0.49005588944337763,0.5099441105566225,0.7058223856849989,MI,[5 4 3 1 2],9.099999999999994,10,2656.499999999949,0.0,False,5
29,0,0,[2 1 3 4 5],1342.799999999981,0.49005588944337763,0.5099441105566225,0.5043153820402884,MI,[5 4 3 1 2],9.099999999999994,10,2656.499999999949,0.0,False,5
29,0,1,[2 1 3 4 5],1342.799999999981,0.49005588944337763,0.5099441105566225,0.08664732632942185,SI,[3 1 2 4 5],11.5,10,1423.5,0.0,False,5
29,0,2,[2 1 3 4 5],1342.799999999981,0.49005588944337763,0.5099441105566225,0.013015208748898166,SI,[5 4 3 1 2],9.099999999999994,10,2656.499999999949,0.0,False,5
29,0,3,[2 1 3 4 5],1342.799999999981,0.49005588944337763,0.5099441105566225,0.00857883946130078,SI,[5 4 3 1 2],9.099999999999994,10,2656.499999999949,0.0,False,5
29,0,4,[2 1 3 4 5],1342.799999999981,0.49005588944337763,0.5099441105566225,0.7202994582501292,MI,[5 4 3 1 2],9.099999999999994,10,2656.499999999949,0.0,False,5
30,0,0,[2 1 3 4 5],1342.799999999981,0.49005588944337763,0.5099441105566225,0.7308736973337367,MI,[5 4 3 1 2],9.099999999999994,10,2656.499999999949,0.0,False,5
30,0,1,[2 1 3 4 5],1342.799999999981,0.49005588944337763,0.5099441105566225,0.6897619645308068,MI,[2 1 5 4 3],96.29999999999998,10,2015.8999999999796,0.0,False,5
30,0,2,[2 1 3 4 5],1342.799999999981,0.49005588944337763,0.5099441105566225,0.07740056527149775,SI,[5 4 3 1 2],9.099999999999994,10,2656.499999999949,0.0,False,5
30,0,3,[2 1 3 4 5],1342.799999999981,0.49005588944337763,0.5099441105566225,0.5454685876375753,MI,[3 1 2 4 5],11.5,10,1423.5,0.0,False,5
30,0,4,[2 1 3 4 5],1342.799999999981,0.49005588944337763,0.5099441105566225,0.008249946756212378,SI,[5 4 3 1 2],9.099999999999994,10,2656.499999999949,0.0,False,5
31,0,0,[2 1 3 4 5],1342.799999999981,0.49005588944337763,0.5099441105566225,0.669695873892989,MI,[3 1 2 4 5],11.5,10,1423.5,0.0,False,5
31,0,1,[2 1 3 4 5],1342.799999999981,0.49005588944337763,0.5099441105566225,0.9611677514724015,MI,[5 4 3 1 2],9.099999999999994,10,2656.499999999949,0.0,False,5
31,0,2,[2 1 3 4 5],1342.799999999981,0.49005588944337763,0.5099441105566225,0.7354249844858525,MI,[5 4 3 1 2],9.099999999999994,10,2656.499999999949,0.0,False,5
31,0,3,[2 1 3 4 5],1342.799999999981,0.49005588944337763,0.5099441105566225,0.07519394637365029,SI,[5 4 3 1 2],9.099999999999994,10,2656.499999999949,0.0,False,5
31,0,4,[2 1 3 4 5],1342.799999999981,0.49005588944337763,0.5099441105566225,0.5828303181301366,MI,[5 4 3 1 2],9.099999999999994,10,2656.499999999949,0.0,False,5
32,0,0,[2 1 3 4 5],1342.799999999981,0.49005588944337763,0.5099441105566225,0.14869677343104948,SI,[3 1 2 4 5],11.5,10,1423.5,0.0,False,5
32,0,1,[2 1 3 4 5],1342.799999999981,0.49005588944337763,0.5099441105566225,0.9401188633544835,MI,[3 1 2 4 5],11.5,10,1423.5,0.0,False,5
32,0,2,[2 1 3 4 5],1342.799999999981,0.49005588944337763,0.5099441105566225,0.9509841934687193,MI,[5 4 3 1 2],9.099999999999994,10,2656.499999999949,0.0,False,5
32,0,3,[2 1 3 4 5],1342.799999999981,0.49005588944337763,0.5099441105566225,0.6927837637022733,MI,[5 4 3 1 2],9.099999999999994,10,2656.499999999949,0.0,False,5
32,0,4,[2 1 3 4 5],1342.799999999981,0.49005588944337763,0.5099441105566225,0.8469955587640414,MI,[3 1 2 4 5],11.5,10,1423.5,0.0,False,5
33,0,0,[2 1 3 4 5],1342.799999999981,0.49005588944337763,0.5099441105566225,0.014259777563721321,SI,[5 4 3 1 2],9.099999999999994,10,2656.499999999949,0.0,False,5
33,0,1,[2 1 3 4 5],1342.799999999981,0.49005588944337763,0.5099441105566225,0.5063850195172788,MI,[5 4 3 1 2],9.099999999999994,10,2656.499999999949,0.0,False,5
33,0,2,[2 1 3 4 5],1342.799999999981,0.49005588944337763,0.5099441105566225,0.10250912628852138,SI,[5 4 3 1 2],9.099999999999994,10,2656.499999999949,0.0,False,5
33,0,3,[2 1 3 4 5],1342.799999999981,0.49005588944337763,0.5099441105566225,0.3995928087238976,SI,[5 4 3 1 2],9.099999999999994,10,2656.499999999949,0.0,False,5
33,0,4,[2 1 3 4 5],1342.799999999981,0.49005588944337763,0.5099441105566225,0.8065294852273045,MI,[5 4 3 1 2],9.099999999999994,10,2656.499999999949,0.0,False,5
34,0,0,[2 1 3 4 5],1342.799999999981,0.49005588944337763,0.5099441105566225,0.672514969396602,MI,[3 1 2 4 5],11.5,10,1423.5,0.0,False,5
34,0,1,[2 1 3 4 5],1342.799999999981,0.49005588944337763,0.5099441105566225,0.8316415293331659,MI,[3 1 2 4 5],11.5,10,1423.5,0.0,False,5
34,0,2,[2 1 3 4 5],1342.799999999981,0.49005588944337763,0.5099441105566225,0.3696043949830192,SI,[3 1 2 4 5],11.5,10,1423.5,0.0,False,5
34,0,3,[2 1 3 4 5],1342.799999999981,0.49005588944337763,0.5099441105566225,0.655096776250491,MI,[3 1 2 4 5],11.5,10,1423.5,0.0,False,5
34,0,4,[2 1 3 4 5],1342.799999999981,0.49005588944337763,0.5099441105566225,0.8478475100805,MI,[5 4 3 1 2],9.099999999999994,10,2656.499999999949,0.0,False,5
35,0,0,[2 1 3 4 5],1342.799999999981,0.49005588944337763,0.5099441105566225,0.8034482300870827,MI,[5 4 3 1 2],9.099999999999994,10,2656.499999999949,0.0,False,5
35,0,1,[2 1 3 4 5],1342.799999999981,0.49005588944337763,0.5099441105566225,0.9586028401047673,MI,[3 1 2 4 5],11.5,10,1423.5,0.0,False,5
35,0,2,[2 1 3 4 5],1342.799999999981,0.49005588944337763,0.5099441105566225,0.6797351031815129,MI,[5 4 3 1 2],9.099999999999994,10,2656.499999999949,0.0,False,5
35,0,3,[2 1 3 4 5],1342.799999999981,0.49005588944337763,0.5099441105566225,0.8112111874752269,MI,[3 1 2 4 5],11.5,10,1423.5,0.0,False,5
35,0,4,[2 1 3 4 5],1342.799999999981,0.49005588944337763,0.5099441105566225,0.37953993805857944,SI,[3 1 2 4 5],11.5,10,1423.5,0.0,False,5
36,0,0,[2 1 3 4 5],1342.799999999981,0.49005588944337763,0.5099441105566225,0.7273282708444647,MI,[3 1 2 4 5],11.5,10,1423.5,0.0,False,5
36,0,1,[2 1 3 4 5],1342.799999999981,0.49005588944337763,0.5099441105566225,0.7036271904181183,MI,[3 1 2 4 5],11.5,10,1423.5,0.0,False,5
36,0,2,[2 1 3 4 5],1342.799999999981,0.49005588944337763,0.5099441105566225,0.7075026115950027,MI,[5 4 3 1 2],9.099999999999994,10,2656.499999999949,0.0,False,5
36,0,3,[2 1 3 4 5],1342.799999999981,0.49005588944337763,0.5099441105566225,0.9962915643729937,MI,[5 4 3 1 2],9.099999999999994,10,2656.499999999949,0.0,False,5
36,0,4,[2 1 3 4 5],1342.799999999981,0.49005588944337763,0.5099441105566225,0.6613486461311421,MI,[5 4 3 1 2],9.099999999999994,10,2656.499999999949,0.0,False,5
37,0,0,[2 1 3 4 5],1342.799999999981,0.49005588944337763,0.5099441105566225,0.40794990899743044,SI,[5 4 3 1 2],9.099999999999994,10,2656.499999999949,0.0,False,5
37,0,1,[2 1 3 4 5],1342.799999999981,0.49005588944337763,0.5099441105566225,0.3192295397187177,SI,[5 4 3 1 2],9.099999999999994,10,2656.499999999949,0.0,False,5
37,0,2,[2 1 3 4 5],1342.799999999981,0.49005588944337763,0.5099441105566225,0.659791815775598,MI,[5 4 3 1 2],9.099999999999994,10,2656.499999999949,0.0,False,5
37,0,3,[2 1 3 4 5],1342.799999999981,0.49005588944337763,0.5099441105566225,0.6469347280536547,MI,[3 1 2 4 5],11.5,10,1423.5,0.0,False,5
37,0,4,[2 1 3 4 5],1342.799999999981,0.49005588944337763,0.5099441105566225,0.4476446075065701,SI,[5 4 3 1 2],9.099999999999994,10,2656.499999999949,0.0,False,5
38,0,0,[2 1 3 4 5],1342.799999999981,0.49005588944337763,0.5099441105566225,0.43323832876658486,SI,[3 1 2 4 5],11.5,10,1423.5,0.0,False,5
38,0,1,[2 1 3 4 5],1342.799999999981,0.49005588944337763,0.5099441105566225,0.5056120036726947,MI,[3 1 2 4 5],11.5,10,1423.5,0.0,False,5
38,0,2,[2 1 3 4 5],1342.799999999981,0.49005588944337763,0.5099441105566225,0.21862756600626343,SI,[3 1 2 4 5],11.5,10,1423.5,0.0,False,5
38,0,3,[2 1 3 4 5],1342.799999999981,0.49005588944337763,0.5099441105566225,0.08444822755466352,SI,[5 4 3 1 2],9.099999999999994,10,2656.499999999949,0.0,False,5
38,0,4,[2 1 3 4 5],1342.799999999981,0.49005588944337763,0.5099441105566225,0.0023906237213989767,SI,[5 4 3 1 2],9.099999999999994,10,2656.499999999949,0.0,False,5
39,0,0,[2 1 3 4 5],1342.799999999981,0.49005588944337763,0.5099441105566225,0.839365912986521,MI,[5 4 3 1 2],9.099999999999994,10,2656.499999999949,0.0,False,5
39,0,1,[2 1 3 4 5],1342.799999999981,0.49005588944337763,0.5099441105566225,0.29607965357207333,SI,[5 4 3 1 2],9.099999999999994,10,2656.499999999949,0.0,False,5
39,0,2,[2 1 3 4 5],1342.799999999981,0.49005588944337763,0.5099441105566225,0.24307880507466795,SI,[5 4 3 1 2],9.099999999999994,10,2656.499999999949,0.0,False,5
39,0,3,[2 1 3 4 5],1342.799999999981,0.49005588944337763,0.5099441105566225,0.20311462273068803,SI,[2 1 3 5 4],13.300000000000011,10,1465.299999999992,0.0,False,5
39,0,4,[2 1 3 4 5],1342.799999999981,0.49005588944337763,0.5099441105566225,0.16048985198478183,SI,[5 4 3 1 2],9.099999999999994,10,2656.499999999949,0.0,False,5
40,0,0,[2 1 3 4 5],1342.799999999981,0.49005588944337763,0.5099441105566225,0.6125908989178703,MI,[5 4 3 1 2],9.099999999999994,10,2656.499999999949,0.0,False,5
40,0,1,[2 1 3 4 5],1342.799999999981,0.49005588944337763,0.5099441105566225,0.375974366692133,SI,[2 1 5 4 3],96.29999999999998,10,2015.8999999999796,0.0,False,5
40,0,2,[2 1 3 4 5],1342.799999999981,0.49005588944337763,0.5099441105566225,0.2044698144990812,SI,[5 4 3 1 2],9.099999999999994,10,2656.499999999949,0.0,False,5
40,0,3,[2 1 3 4 5],1342.799999999981,0.49005588944337763,0.5099441105566225,0.9430214824101928,MI,[5 4 3 1 2],9.099999999999994,10,2656.499999999949,0.0,False,5
40,0,4,[2 1 3 4 5],1342.799999999981,0.49005588944337763,0.5099441105566225,0.45402475567245837,SI,[3 1 2 4 5],11.5,10,1423.5,0.0,False,5
41,0,0,[2 1 3 4 5],1342.799999999981,0.49005588944337763,0.5099441105566225,0.6892599112967203,MI,[3 1 2 4 5],11.5,10,1423.5,0.0,False,5
41,0,1,[2 1 3 4 5],1342.799999999981,0.49005588944337763,0.5099441105566225,0.6874748689092163,MI,[5 4 3 1 2],9.099999999999994,10,2656.499999999949,0.0,False,5
41,0,2,[2 1 3 4 5],1342.799999999981,0.49005588944337763,0.5099441105566225,0.3950372382546993,SI,[3 1 2 4 5],11.5,10,1423.5,0.0,False,5
41,0,3,[2 1 3 4 5],1342.799999999981,0.49005588944337763,0.5099441105566225,0.015992629231227795,SI,[5 4 3 1 2],9.099999999999994,10,2656.499999999949,0.0,False,5
41,0,4,[2 1 3 4 5],1342.799999999981,0.49005588944337763,0.5099441105566225,0.9755605891581008,MI,[3 1 2 4 5],11.5,10,1423.5,0.0,False,5
42,0,0,[2 1 3 4 5],1342.799999999981,0.49005588944337763,0.5099441105566225,0.1335072345083742,SI,[5 4 3 1 2],9.099999999999994,10,2656.499999999949,0.0,False,5
42,0,1,[2 1 3 4 5],1342.799999999981,0.49005588944337763,0.5099441105566225,0.9582803207367961,MI,[3 1 2 4 5],11.5,10,1423.5,0.0,False,5
42,0,2,[2 1 3 4 5],1342.799999999981,0.49005588944337763,0.5099441105566225,0.0786449897444238,SI,[5 4 3 1 2],9.099999999999994,10,2656.499999999949,0.0,False,5
42,0,3,[2 1 3 4 5],1342.799999999981,0.49005588944337763,0.5099441105566225,0.8879010556914324,MI,[5 4 3 1 2],9.099999999999994,10,2656.499999999949,0.0,False,5
42,0,4,[2 1 3 4 5],1342.799999999981,0.49005588944337763,0.5099441105566225,0.8737977914695918,MI,[5 4 3 1 2],9.099999999999994,10,2656.499999999949,0.0,False,5
43,0,0,[2 1 3 4 5],1342.799999999981,0.49005588944337763,0.5099441105566225,0.7458335297861228,MI,[5 4 3 1 2],9.099999999999994,10,2656.499999999949,0.0,False,5
43,0,1,[2 1 3 4 5],1342.799999999981,0.49005588944337763,0.5099441105566225,0.8952777113282024,MI,[5 4 3 1 2],9.099999999999994,10,2656.499999999949,0.0,False,5
43,0,2,[2 1 3 4 5],1342.799999999981,0.49005588944337763,0.5099441105566225,0.6488521814650307,MI,[3 1 2 4 5],11.5,10,1423.5,0.0,False,5
43,0,3,[2 1 3 4 5],1342.799999999981,0.49005588944337763,0.5099441105566225,0.28076693719227164,SI,[3 1 2 4 5],11.5,10,1423.5,0.0,False,5
43,0,4,[2 1 3 4 5],1342.799999999981,0.49005588944337763,0.5099441105566225,0.29953763343522277,SI,[5 4 3 1 2],9.099999999999994,10,2656.499999999949,0.0,False,5
44,0,0,[2 1 3 4 5],1342.799999999981,0.49005588944337763,0.5099441105566225,0.8358451167510161,MI,[5 4 3 1 2],9.099999999999994,10,2656.499999999949,0.0,False,5
44,0,1,[2 1 3 4 5],1342.799999999981,0.49005588944337763,0.5099441105566225,0.6497741003649244,MI,[3 1 2 4 5],11.5,10,1423.5,0.0,False,5
44,0,2,[2 1 3 4 5],1342.799999999981,0.49005588944337763,0.5099441105566225,0.7634400226144741,MI,[5 4 3 1 2],9.099999999999994,10,2656.499999999949,0.0,False,5
44,0,3,[2 1 3 4 5],1342.799999999981,0.49005588944337763,0.5099441105566225,0.8349264970653851,MI,[5 4 3 1 2],9.099999999999994,10,2656.499999999949,0.0,False,5
44,0,4,[2 1 3 4 5],1342.799999999981,0.49005588944337763,0.5099441105566225,0.061317311440468036,SI,[5 4 3 1 2],9.099999999999994,10,2656.499999999949,0.0,False,5
45,0,0,[2 1 3 4 5],1342.799999999981,0.49005588944337763,0.5099441105566225,0.2874027456620367,SI,[3 1 2 4 5],11.5,10,1423.5,0.0,False,5
45,0,1,[2 1 3 4 5],1342.799999999981,0.49005588944337763,0.5099441105566225,0.6624733300986275,MI,[3 1 2 4 5],11.5,10,1423.5,0.0,False,5
45,0,2,[2 1 3 4 5],1342.799999999981,0.49005588944337763,0.5099441105566225,0.35720081809196835,SI,[5 4 3 1 2],9.099999999999994,10,2656.499999999949,0.0,False,5
45,0,3,[2 1 3 4 5],1342.799999999981,0.49005588944337763,0.5099441105566225,0.8461107168078069,MI,[5 4 3 1 2],9.099999999999994,10,2656.499999999949,0.0,False,5
45,0,4,[2 1 3 4 5],1342.799999999981,0.49005588944337763,0.5099441105566225,0.3872615307979421,SI,[2 3 1 4 5],27.599999999999994,10,1394.0000000000218,0.0,False,5
46,0,0,[2 1 3 4 5],1342.799999999981,0.49005588944337763,0.5099441105566225,0.46133260683258637,SI,[2 1 3 5 4],13.300000000000011,10,1465.299999999992,0.0,False,5
46,0,1,[2 1 3 4 5],1342.799999999981,0.49005588944337763,0.5099441105566225,0.018637541806230562,SI,[5 4 3 1 2],9.099999999999994,10,2656.499999999949,0.0,False,5
46,0,2,[2 1 3 4 5],1342.799999999981,0.49005588944337763,0.5099441105566225,0.21417861800941684,SI,[5 4 3 1 2],9.099999999999994,10,2656.499999999949,0.0,False,5
46,0,3,[2 1 3 4 5],1342.799999999981,0.49005588944337763,0.5099441105566225,0.6951409998602659,MI,[5 4 3 1 2],9.099999999999994,10,2656.499999999949,0.0,False,5
46,0,4,[2 1 3 4 5],1342.799999999981,0.49005588944337763,0.5099441105566225,0.9478010195867399,MI,[5 4 3 1 2],9.099999999999994,10,2656.499999999949,0.0,False,5
47,0,0,[2 1 3 4 5],1342.799999999981,0.49005588944337763,0.5099441105566225,0.030290600399820122,SI,[5 4 3 1 2],9.099999999999994,10,2656.499999999949,0.0,False,5
47,0,1,[2 1 3 4 5],1342.799999999981,0.49005588944337763,0.5099441105566225,0.8648894181253122,MI,[5 4 3 1 2],9.099999999999994,10,2656.499999999949,0.0,False,5
47,0,2,[2 1 3 4 5],1342.799999999981,0.49005588944337763,0.5099441105566225,0.9225383568099765,MI,[3 1 2 4 5],11.5,10,1423.5,0.0,False,5
47,0,3,[2 1 3 4 5],1342.799999999981,0.49005588944337763,0.5099441105566225,0.8035476932329315,MI,[3 1 2 4 5],11.5,10,1423.5,0.0,False,5
47,0,4,[2 1 3 4 5],1342.799999999981,0.49005588944337763,0.5099441105566225,0.9907182346006321,MI,[3 1 2 4 5],11.5,10,1423.5,0.0,False,5
48,0,0,[2 1 3 4 5],1342.799999999981,0.49005588944337763,0.5099441105566225,0.13193951264105963,SI,[3 1 2 4 5],11.5,10,1423.5,0.0,False,5
48,0,1,[2 1 3 4 5],1342.799999999981,0.49005588944337763,0.5099441105566225,0.0923328418673035,SI,[3 1 2 4 5],11.5,10,1423.5,0.0,False,5
48,0,2,[2 1 3 4 5],1342.799999999981,0.49005588944337763,0.5099441105566225,0.6607145847746719,MI,[3 1 2 4 5],11.5,10,1423.5,0.0,False,5
48,0,3,[2 1 3 4 5],1342.799999999981,0.49005588944337763,0.5099441105566225,0.020487378811090196,SI,[2 1 3 5 4],13.300000000000011,10,1465.299999999992,0.0,False,5
48,0,4,[2 1 3 4 5],1342.799999999981,0.49005588944337763,0.5099441105566225,0.5954380939427671,MI,[5 4 3 1 2],9.099999999999994,10,2656.499999999949,0.0,False,5
49,0,0,[2 1 3 4 5],1342.799999999981,0.49005588944337763,0.5099441105566225,0.5065874027411781,MI,[5 4 3 1 2],9.099999999999994,10,2656.499999999949,0.0,False,5
49,0,1,[2 1 3 4 5],1342.799999999981,0.49005588944337763,0.5099441105566225,0.002926501075653065,SI,[5 4 3 1 2],9.099999999999994,10,2656.499999999949,0.0,False,5
49,0,2,[2 1 3 4 5],1342.799999999981,0.49005588944337763,0.5099441105566225,0.3528268671035091,SI,[2 3 1 4 5],27.599999999999994,10,1394.0000000000218,0.0,False,5
49,0,3,[2 1 3 4 5],1342.799999999981,0.49005588944337763,0.5099441105566225,0.84334337634845,MI,[5 4 3 1 2],9.099999999999994,10,2656.499999999949,0.0,False,5
49,0,4,[2 1 3 4 5],1342.799999999981,0.49005588944337763,0.5099441105566225,0.6857608308672555,MI,[3 1 2 4 5],11.5,10,1423.5,0.0,False,5
50,0,0,[2 1 3 4 5],1342.799999999981,0.49005588944337763,0.5099441105566225,0.8306826775434212,MI,[2 1 5 4 3],96.29999999999998,10,2015.8999999999796,0.0,False,5
50,0,1,[2 1 3 4 5],1342.799999999981,0.49005588944337763,0.5099441105566225,0.3701543483260754,SI,[5 4 3 1 2],9.099999999999994,10,2656.499999999949,0.0,False,5
50,0,2,[2 1 3 4 5],1342.799999999981,0.49005588944337763,0.5099441105566225,0.15578727741031395,SI,[3 1 2 4 5],11.5,10,1423.5,0.0,False,5
50,0,3,[2 1 3 4 5],1342.799999999981,0.49005588944337763,0.5099441105566225,0.17375766334726672,SI,[5 4 3 1 2],9.099999999999994,10,2656.499999999949,0.0,False,5
50,0,4,[2 1 3 4 5],1342.799999999981,0.49005588944337763,0.5099441105566225,0.011558492209504667,SI,[5 4 3 1 2],9.099999999999994,10,2656.499999999949,0.0,False,5
0,0,0,[1 2],861.5000000000073,0.5,0.5,0.17638664371572954,SI,[2 1],49.49999999999994,10,1278.6000000000095,0.0,False,6
0,0,1,[1 2],861.5000000000073,0.5,0.5,0.3128015718040611,SI,[2 1],49.49999999999994,10,1278.6000000000095,0.0,False,6
0,0,2,[1 2],861.5000000000073,0.5,0.5,0.3855774533211487,SI,[2 1],49.49999999999994,10,1278.6000000000095,0.0,False,6
0,0,3,[1 2],861.5000000000073,0.5,0.5,0.04521036760720942,SI,[2 1],49.49999999999994,10,1278.6000000000095,0.0,False,6
0,0,4,[1 2],861.5000000000073,0.5,0.5,0.07624915529438636,SI,[2 1],49.49999999999994,10,1278.6000000000095,0.0,False,6
1,0,0,[1 2],861.5000000000073,0.5,0.5,0.48440622257396637,SI,[2 1],49.49999999999994,10,1278.6000000000095,0.0,False,6
1,0,1,[1 2],861.5000000000073,0.5,0.5,0.1669748500864796,SI,[2 1],49.49999999999994,10,1278.6000000000095,0.0,False,6
1,0,2,[1 2],861.5000000000073,0.5,0.5,0.2719369122643617,SI,[2 1],49.49999999999994,10,1278.6000000000095,0.0,False,6
1,0,3,[1 2],861.5000000000073,0.5,0.5,0.12824486780748767,SI,[2 1],49.49999999999994,10,1278.6000000000095,0.0,False,6
1,0,4,[1 2],861.5000000000073,0.5,0.5,0.2784122224506601,SI,[2 1],49.49999999999994,10,1278.6000000000095,0.0,False,6
2,0,0,[1 2],861.5000000000073,0.5,0.5,0.1319011041881104,SI,[2 1],49.49999999999994,10,1278.6000000000095,0.0,False,6
2,0,1,[1 2],861.5000000000073,0.5,0.5,0.4020187129349636,SI,[2 1],49.49999999999994,10,1278.6000000000095,0.0,False,6
2,0,2,[1 2],861.5000000000073,0.5,0.5,0.09816115306056195,SI,[2 1],49.49999999999994,10,1278.6000000000095,0.0,False,6
2,0,3,[1 2],861.5000000000073,0.5,0.5,0.36553573300409703,SI,[2 1],49.49999999999994,10,1278.6000000000095,0.0,False,6
2,0,4,[1 2],861.5000000000073,0.5,0.5,0.19834971244092936,SI,[2 1],49.49999999999994,10,1278.6000000000095,0.0,False,6
3,0,0,[1 2],861.5000000000073,0.5,0.5,0.3510053564190242,SI,[2 1],49.49999999999994,10,1278.6000000000095,0.0,False,6
3,0,1,[1 2],861.5000000000073,0.5,0.5,0.1765304754512077,SI,[2 1],49.49999999999994,10,1278.6000000000095,0.0,False,6
3,0,2,[1 2],861.5000000000073,0.5,0.5,0.23015978550844296,SI,[2 1],49.49999999999994,10,1278.6000000000095,0.0,False,6
3,0,3,[1 2],861.5000000000073,0.5,0.5,0.2629069636799961,SI,[2 1],49.49999999999994,10,1278.6000000000095,0.0,False,6
3,0,4,[1 2],861.5000000000073,0.5,0.5,0.033867683681233496,SI,[2 1],49.49999999999994,10,1278.6000000000095,0.0,False,6
4,0,0,[1 2],861.5000000000073,0.5,0.5,0.421689155819973,SI,[2 1],49.49999999999994,10,1278.6000000000095,0.0,False,6
4,0,1,[1 2],861.5000000000073,0.5,0.5,0.201470802970817,SI,[2 1],49.49999999999994,10,1278.6000000000095,0.0,False,6
4,0,2,[1 2],861.5000000000073,0.5,0.5,0.15114222104926556,SI,[2 1],49.49999999999994,10,1278.6000000000095,0.0,False,6
4,0,3,[1 2],861.5000000000073,0.5,0.5,0.22032922794837473,SI,[2 1],49.49999999999994,10,1278.6000000000095,0.0,False,6
4,0,4,[1 2],861.5000000000073,0.5,0.5,0.008241049929475386,SI,[2 1],49.49999999999994,10,1278.6000000000095,0.0,False,6
5,0,0,[1 2],861.5000000000073,0.5,0.5,0.28801903812774887,SI,[2 1],49.49999999999994,10,1278.6000000000095,0.0,False,6
5,0,1,[1 2],861.5000000000073,0.5,0.5,0.15813354128550827,SI,[2 1],49.49999999999994,10,1278.6000000000095,0.0,False,6
5,0,2,[1 2],861.5000000000073,0.5,0.5,0.19956029829129207,SI,[2 1],49.49999999999994,10,1278.6000000000095,0.0,False,6
5,0,3,[1 2],861.5000000000073,0.5,0.5,0.4626441446873736,SI,[2 1],49.49999999999994,10,1278.6000000000095,0.0,False,6
5,0,4,[1 2],861.5000000000073,0.5,0.5,0.4847281645782774,SI,[2 1],49.49999999999994,10,1278.6000000000095,0.0,False,6
6,0,0,[1 2],861.5000000000073,0.5,0.5,0.4651169714482849,SI,[2 1],49.49999999999994,10,1278.6000000000095,0.0,False,6
6,0,1,[1 2],861.5000000000073,0.5,0.5,0.15510196075535898,SI,[2 1],49.49999999999994,10,1278.6000000000095,0.0,False,6
6,0,2,[1 2],861.5000000000073,0.5,0.5,0.37156963923734243,SI,[2 1],49.49999999999994,10,1278.6000000000095,0.0,False,6
6,0,3,[1 2],861.5000000000073,0.5,0.5,0.21173564589592897,SI,[2 1],49.49999999999994,10,1278.6000000000095,0.0,False,6
6,0,4,[1 2],861.5000000000073,0.5,0.5,0.10676917850206691,SI,[2 1],49.49999999999994,10,1278.6000000000095,0.0,False,6
7,0,0,[1 2],861.5000000000073,0.5,0.5,0.36675749283937353,SI,[2 1],49.49999999999994,10,1278.6000000000095,0.0,False,6
7,0,1,[1 2],861.5000000000073,0.5,0.5,0.33469818614776614,SI,[2 1],49.49999999999994,10,1278.6000000000095,0.0,False,6
7,0,2,[1 2],861.5000000000073,0.5,0.5,0.26372423943732215,SI,[2 1],49.49999999999994,10,1278.6000000000095,0.0,False,6
7,0,3,[1 2],861.5000000000073,0.5,0.5,0.005764516441617684,SI,[2 1],49.49999999999994,10,1278.6000000000095,0.0,False,6
7,0,4,[1 2],861.5000000000073,0.5,0.5,0.4356932042643139,SI,[2 1],49.49999999999994,10,1278.6000000000095,0.0,False,6
8,0,0,[1 2],861.5000000000073,0.5,0.5,0.022957246752528304,SI,[2 1],49.49999999999994,10,1278.6000000000095,0.0,False,6
8,0,1,[1 2],861.5000000000073,0.5,0.5,0.07071738257620908,SI,[2 1],49.49999999999994,10,1278.6000000000095,0.0,False,6
8,0,2,[1 2],861.5000000000073,0.5,0.5,0.32714923964131803,SI,[2 1],49.49999999999994,10,1278.6000000000095,0.0,False,6
8,0,3,[1 2],861.5000000000073,0.5,0.5,0.05407107133440736,SI,[2 1],49.49999999999994,10,1278.6000000000095,0.0,False,6
8,0,4,[1 2],861.5000000000073,0.5,0.5,0.48400166182190374,SI,[2 1],49.49999999999994,10,1278.6000000000095,0.0,False,6
9,0,0,[1 2],861.5000000000073,0.5,0.5,0.24071801093741807,SI,[2 1],49.49999999999994,10,1278.6000000000095,0.0,False,6
9,0,1,[1 2],861.5000000000073,0.5,0.5,0.15335029437079806,SI,[2 1],49.49999999999994,10,1278.6000000000095,0.0,False,6
9,0,2,[1 2],861.5000000000073,0.5,0.5,0.4144983958026607,SI,[2 1],49.49999999999994,10,1278.6000000000095,0.0,False,6
9,0,3,[1 2],861.5000000000073,0.5,0.5,0.01496330751179109,SI,[2 1],49.49999999999994,10,1278.6000000000095,0.0,False,6
9,0,4,[1 2],861.5000000000073,0.5,0.5,0.27841091068108736,SI,[2 1],49.49999999999994,10,1278.6000000000095,0.0,False,6
10,0,0,[1 2],861.5000000000073,0.5,0.5,0.36757786429646444,SI,[2 1],49.49999999999994,10,1278.6000000000095,0.0,False,6
10,0,1,[1 2],861.5000000000073,0.5,0.5,0.2887146555377197,SI,[2 1],49.49999999999994,10,1278.6000000000095,0.0,False,6
10,0,2,[1 2],861.5000000000073,0.5,0.5,0.01834155920574343,SI,[2 1],49.49999999999994,10,1278.6000000000095,0.0,False,6
10,0,3,[1 2],861.5000000000073,0.5,0.5,0.2916738130352088,SI,[2 1],49.49999999999994,10,1278.6000000000095,0.0,False,6
10,0,4,[1 2],861.5000000000073,0.5,0.5,0.2644415769641927,SI,[2 1],49.49999999999994,10,1278.6000000000095,0.0,False,6
11,0,0,[1 2],861.5000000000073,0.5,0.5,0.3155544710646033,SI,[2 1],49.49999999999994,10,1278.6000000000095,0.0,False,6
11,0,1,[1 2],861.5000000000073,0.5,0.5,0.437999050772677,SI,[2 1],49.49999999999994,10,1278.6000000000095,0.0,False,6
11,0,2,[1 2],861.5000000000073,0.5,0.5,0.36311105834464485,SI,[2 1],49.49999999999994,10,1278.6000000000095,0.0,False,6
11,0,3,[1 2],861.5000000000073,0.5,0.5,0.1644717324836965,SI,[2 1],49.49999999999994,10,1278.6000000000095,0.0,False,6
11,0,4,[1 2],861.5000000000073,0.5,0.5,0.021409746587065737,SI,[2 1],49.49999999999994,10,1278.6000000000095,0.0,False,6
12,0,0,[1 2],861.5000000000073,0.5,0.5,0.10355705548551009,SI,[2 1],49.49999999999994,10,1278.6000000000095,0.0,False,6
12,0,1,[1 2],861.5000000000073,0.5,0.5,0.3163786081077784,SI,[2 1],49.49999999999994,10,1278.6000000000095,0.0,False,6
12,0,2,[1 2],861.5000000000073,0.5,0.5,0.2625603338419362,SI,[2 1],49.49999999999994,10,1278.6000000000095,0.0,False,6
12,0,3,[1 2],861.5000000000073,0.5,0.5,0.4802005578764106,SI,[2 1],49.49999999999994,10,1278.6000000000095,0.0,False,6
12,0,4,[1 2],861.5000000000073,0.5,0.5,0.21066482857368363,SI,[2 1],49.49999999999994,10,1278.6000000000095,0.0,False,6
13,0,0,[1 2],861.5000000000073,0.5,0.5,0.3562057079910864,SI,[2 1],49.49999999999994,10,1278.6000000000095,0.0,False,6
13,0,1,[1 2],861.5000000000073,0.5,0.5,0.017936946201466353,SI,[2 1],49.49999999999994,10,1278.6000000000095,0.0,False,6
13,0,2,[1 2],861.5000000000073,0.5,0.5,0.06407632026940879,SI,[2 1],49.49999999999994,10,1278.6000000000095,0.0,False,6
13,0,3,[1 2],861.5000000000073,0.5,0.5,0.1954274596250064,SI,[2 1],49.49999999999994,10,1278.6000000000095,0.0,False,6
13,0,4,[1 2],861.5000000000073,0.5,0.5,0.4703032504412791,SI,[2 1],49.49999999999994,10,1278.6000000000095,0.0,False,6
14,0,0,[1 2],861.5000000000073,0.5,0.5,0.4187377109030901,SI,[2 1],49.49999999999994,10,1278.6000000000095,0.0,False,6
14,0,1,[1 2],861.5000000000073,0.5,0.5,0.2900548847185388,SI,[2 1],49.49999999999994,10,1278.6000000000095,0.0,False,6
14,0,2,[1 2],861.5000000000073,0.5,0.5,0.16627311855103533,SI,[2 1],49.49999999999994,10,1278.6000000000095,0.0,False,6
14,0,3,[1 2],861.5000000000073,0.5,0.5,0.3708610273197708,SI,[2 1],49.49999999999994,10,1278.6000000000095,0.0,False,6
14,0,4,[1 2],861.5000000000073,0.5,0.5,0.37706125487116704,SI,[2 1],49.49999999999994,10,1278.6000000000095,0.0,False,6
15,0,0,[1 2],861.5000000000073,0.5,0.5,0.08940361911185779,SI,[2 1],49.49999999999994,10,1278.6000000000095,0.0,False,6
15,0,1,[1 2],861.5000000000073,0.5,0.5,0.16851037153404846,SI,[2 1],49.49999999999994,10,1278.6000000000095,0.0,False,6
15,0,2,[1 2],861.5000000000073,0.5,0.5,0.4457956357133622,SI,[2 1],49.49999999999994,10,1278.6000000000095,0.0,False,6
15,0,3,[1 2],861.5000000000073,0.5,0.5,0.18115467866144008,SI,[2 1],49.49999999999994,10,1278.6000000000095,0.0,False,6
15,0,4,[1 2],861.5000000000073,0.5,0.5,0.025705649940701458,SI,[2 1],49.49999999999994,10,1278.6000000000095,0.0,False,6
16,0,0,[1 2],861.5000000000073,0.5,0.5,0.41485404617634203,SI,[2 1],49.49999999999994,10,1278.6000000000095,0.0,False,6
16,0,1,[1 2],861.5000000000073,0.5,0.5,0.4489090679951597,SI,[2 1],49.49999999999994,10,1278.6000000000095,0.0,False,6
16,0,2,[1 2],861.5000000000073,0.5,0.5,0.3899339312309632,SI,[2 1],49.49999999999994,10,1278.6000000000095,0.0,False,6
16,0,3,[1 2],861.5000000000073,0.5,0.5,0.3094788486053466,SI,[2 1],49.49999999999994,10,1278.6000000000095,0.0,False,6
16,0,4,[1 2],861.5000000000073,0.5,0.5,0.37981950732275016,SI,[2 1],49.49999999999994,10,1278.6000000000095,0.0,False,6
17,0,0,[1 2],861.5000000000073,0.5,0.5,0.3078729272938324,SI,[2 1],49.49999999999994,10,1278.6000000000095,0.0,False,6
17,0,1,[1 2],861.5000000000073,0.5,0.5,0.051718316142711274,SI,[2 1],49.49999999999994,10,1278.6000000000095,0.0,False,6
17,0,2,[1 2],861.5000000000073,0.5,0.5,0.3476606578099497,SI,[2 1],49.49999999999994,10,1278.6000000000095,0.0,False,6
17,0,3,[1 2],861.5000000000073,0.5,0.5,0.425180445763393,SI,[2 1],49.49999999999994,10,1278.6000000000095,0.0,False,6
17,0,4,[1 2],861.5000000000073,0.5,0.5,0.09978662858856702,SI,[2 1],49.49999999999994,10,1278.6000000000095,0.0,False,6
18,0,0,[1 2],861.5000000000073,0.5,0.5,0.28126465126451505,SI,[2 1],49.49999999999994,10,1278.6000000000095,0.0,False,6
18,0,1,[1 2],861.5000000000073,0.5,0.5,0.20987342081021199,SI,[2 1],49.49999999999994,10,1278.6000000000095,0.0,False,6
18,0,2,[1 2],861.5000000000073,0.5,0.5,0.3668029899502834,SI,[2 1],49.49999999999994,10,1278.6000000000095,0.0,False,6
18,0,3,[1 2],861.5000000000073,0.5,0.5,0.2402072836210114,SI,[2 1],49.49999999999994,10,1278.6000000000095,0.0,False,6
18,0,4,[1 2],861.5000000000073,0.5,0.5,0.21095030747415822,SI,[2 1],49.49999999999994,10,1278.6000000000095,0.0,False,6
19,0,0,[1 2],861.5000000000073,0.5,0.5,0.2819481866317475,SI,[2 1],49.49999999999994,10,1278.6000000000095,0.0,False,6
19,0,1,[1 2],861.5000000000073,0.5,0.5,0.17665023052870743,SI,[2 1],49.49999999999994,10,1278.6000000000095,0.0,False,6
19,0,2,[1 2],861.5000000000073,0.5,0.5,0.3803119654088778,SI,[2 1],49.49999999999994,10,1278.6000000000095,0.0,False,6
19,0,3,[1 2],861.5000000000073,0.5,0.5,0.4479529908192701,SI,[2 1],49.49999999999994,10,1278.6000000000095,0.0,False,6
19,0,4,[1 2],861.5000000000073,0.5,0.5,0.09886601578694698,SI,[2 1],49.49999999999994,10,1278.6000000000095,0.0,False,6
20,0,0,[1 2],861.5000000000073,0.5,0.5,0.37737059196622713,SI,[2 1],49.49999999999994,10,1278.6000000000095,0.0,False,6
20,0,1,[1 2],861.5000000000073,0.5,0.5,0.13368416191314214,SI,[2 1],49.49999999999994,10,1278.6000000000095,0.0,False,6
20,0,2,[1 2],861.5000000000073,0.5,0.5,0.08991152842974848,SI,[2 1],49.49999999999994,10,1278.6000000000095,0.0,False,6
20,0,3,[1 2],861.5000000000073,0.5,0.5,0.24149390931551162,SI,[2 1],49.49999999999994,10,1278.6000000000095,0.0,False,6
20,0,4,[1 2],861.5000000000073,0.5,0.5,0.09509729800808486,SI,[2 1],49.49999999999994,10,1278.6000000000095,0.0,False,6
21,0,0,[1 2],861.5000000000073,0.5,0.5,0.2809934135767653,SI,[2 1],49.49999999999994,10,1278.6000000000095,0.0,False,6
21,0,1,[1 2],861.5000000000073,0.5,0.5,0.49923498882497197,SI,[2 1],49.49999999999994,10,1278.6000000000095,0.0,False,6
21,0,2,[1 2],861.5000000000073,0.5,0.5,0.33005987321132824,SI,[2 1],49.49999999999994,10,1278.6000000000095,0.0,False,6
21,0,3,[1 2],861.5000000000073,0.5,0.5,0.33045702404498667,SI,[2 1],49.49999999999994,10,1278.6000000000095,0.0,False,6
21,0,4,[1 2],861.5000000000073,0.5,0.5,0.2505286255353897,SI,[2 1],49.49999999999994,10,1278.6000000000095,0.0,False,6
22,0,0,[1 2],861.5000000000073,0.5,0.5,0.49439958921671834,SI,[2 1],49.49999999999994,10,1278.6000000000095,0.0,False,6
22,0,1,[1 2],861.5000000000073,0.5,0.5,0.2187615702590483,SI,[2 1],49.49999999999994,10,1278.6000000000095,0.0,False,6
22,0,2,[1 2],861.5000000000073,0.5,0.5,0.16620773366271135,SI,[2 1],49.49999999999994,10,1278.6000000000095,0.0,False,6
22,0,3,[1 2],861.5000000000073,0.5,0.5,0.2968262322577132,SI,[2 1],49.49999999999994,10,1278.6000000000095,0.0,False,6
22,0,4,[1 2],861.5000000000073,0.5,0.5,0.2838707160587708,SI,[2 1],49.49999999999994,10,1278.6000000000095,0.0,False,6
23,0,0,[1 2],861.5000000000073,0.5,0.5,0.059475963120701136,SI,[2 1],49.49999999999994,10,1278.6000000000095,0.0,False,6
23,0,1,[1 2],861.5000000000073,0.5,0.5,0.12829426105279573,SI,[2 1],49.49999999999994,10,1278.6000000000095,0.0,False,6
23,0,2,[1 2],861.5000000000073,0.5,0.5,0.13125268723997618,SI,[2 1],49.49999999999994,10,1278.6000000000095,0.0,False,6
23,0,3,[1 2],861.5000000000073,0.5,0.5,0.0899067433467785,SI,[2 1],49.49999999999994,10,1278.6000000000095,0.0,False,6
23,0,4,[1 2],861.5000000000073,0.5,0.5,0.35342367693122745,SI,[2 1],49.49999999999994,10,1278.6000000000095,0.0,False,6
24,0,0,[1 2],861.5000000000073,0.5,0.5,0.33970428404137654,SI,[2 1],49.49999999999994,10,1278.6000000000095,0.0,False,6
24,0,1,[1 2],861.5000000000073,0.5,0.5,0.27526186188040425,SI,[2 1],49.49999999999994,10,1278.6000000000095,0.0,False,6
24,0,2,[1 2],861.5000000000073,0.5,0.5,0.02057742004767471,SI,[2 1],49.49999999999994,10,1278.6000000000095,0.0,False,6
24,0,3,[1 2],861.5000000000073,0.5,0.5,0.3029545519313077,SI,[2 1],49.49999999999994,10,1278.6000000000095,0.0,False,6
24,0,4,[1 2],861.5000000000073,0.5,0.5,0.32879627542633527,SI,[2 1],49.49999999999994,10,1278.6000000000095,0.0,False,6
25,0,0,[1 2],861.5000000000073,0.5,0.5,0.09387082010702819,SI,[2 1],49.49999999999994,10,1278.6000000000095,0.0,False,6
25,0,1,[1 2],861.5000000000073,0.5,0.5,0.2526691956232364,SI,[2 1],49.49999999999994,10,1278.6000000000095,0.0,False,6
25,0,2,[1 2],861.5000000000073,0.5,0.5,0.14852709409500553,SI,[2 1],49.49999999999994,10,1278.6000000000095,0.0,False,6
25,0,3,[1 2],861.5000000000073,0.5,0.5,0.44480647501547466,SI,[2 1],49.49999999999994,10,1278.6000000000095,0.0,False,6
25,0,4,[1 2],861.5000000000073,0.5,0.5,0.20920202204129357,SI,[2 1],49.49999999999994,10,1278.6000000000095,0.0,False,6
26,0,0,[1 2],861.5000000000073,0.5,0.5,0.26694926901204574,SI,[2 1],49.49999999999994,10,1278.6000000000095,0.0,False,6
26,0,1,[1 2],861.5000000000073,0.5,0.5,0.27748767410046105,SI,[2 1],49.49999999999994,10,1278.6000000000095,0.0,False,6
26,0,2,[1 2],861.5000000000073,0.5,0.5,0.39207884475150534,SI,[2 1],49.49999999999994,10,1278.6000000000095,0.0,False,6
26,0,3,[1 2],861.5000000000073,0.5,0.5,0.16578628375612348,SI,[2 1],49.49999999999994,10,1278.6000000000095,0.0,False,6
26,0,4,[1 2],861.5000000000073,0.5,0.5,0.024990137363001708,SI,[2 1],49.49999999999994,10,1278.6000000000095,0.0,False,6
27,0,0,[1 2],861.5000000000073,0.5,0.5,0.3532177744055309,SI,[2 1],49.49999999999994,10,1278.6000000000095,0.0,False,6
27,0,1,[1 2],861.5000000000073,0.5,0.5,0.47499172459940997,SI,[2 1],49.49999999999994,10,1278.6000000000095,0.0,False,6
27,0,2,[1 2],861.5000000000073,0.5,0.5,0.34238081657607977,SI,[2 1],49.49999999999994,10,1278.6000000000095,0.0,False,6
27,0,3,[1 2],861.5000000000073,0.5,0.5,0.23740121705769845,SI,[2 1],49.49999999999994,10,1278.6000000000095,0.0,False,6
27,0,4,[1 2],861.5000000000073,0.5,0.5,0.18240985090694117,SI,[2 1],49.49999999999994,10,1278.6000000000095,0.0,False,6
28,0,0,[1 2],861.5000000000073,0.5,0.5,0.4037923851756321,SI,[2 1],49.49999999999994,10,1278.6000000000095,0.0,False,6
28,0,1,[1 2],861.5000000000073,0.5,0.5,0.2493937120975791,SI,[2 1],49.49999999999994,10,1278.6000000000095,0.0,False,6
28,0,2,[1 2],861.5000000000073,0.5,0.5,0.011080574200776794,SI,[2 1],49.49999999999994,10,1278.6000000000095,0.0,False,6
28,0,3,[1 2],861.5000000000073,0.5,0.5,0.478775434614628,SI,[2 1],49.49999999999994,10,1278.6000000000095,0.0,False,6
28,0,4,[1 2],861.5000000000073,0.5,0.5,0.046675613352831546,SI,[2 1],49.49999999999994,10,1278.6000000000095,0.0,False,6
29,0,0,[1 2],861.5000000000073,0.5,0.5,0.2371245064246359,SI,[2 1],49.49999999999994,10,1278.6000000000095,0.0,False,6
29,0,1,[1 2],861.5000000000073,0.5,0.5,0.0005440286466589228,SI,[2 1],49.49999999999994,10,1278.6000000000095,0.0,False,6
29,0,2,[1 2],861.5000000000073,0.5,0.5,0.20041747756458328,SI,[2 1],49.49999999999994,10,1278.6000000000095,0.0,False,6
29,0,3,[1 2],861.5000000000073,0.5,0.5,0.35159038277364907,SI,[2 1],49.49999999999994,10,1278.6000000000095,0.0,False,6
29,0,4,[1 2],861.5000000000073,0.5,0.5,0.12019384701692193,SI,[2 1],49.49999999999994,10,1278.6000000000095,0.0,False,6
30,0,0,[1 2],861.5000000000073,0.5,0.5,0.1745705572739057,SI,[2 1],49.49999999999994,10,1278.6000000000095,0.0,False,6
30,0,1,[1 2],861.5000000000073,0.5,0.5,0.10717862421118063,SI,[2 1],49.49999999999994,10,1278.6000000000095,0.0,False,6
30,0,2,[1 2],861.5000000000073,0.5,0.5,0.4314066812505505,SI,[2 1],49.49999999999994,10,1278.6000000000095,0.0,False,6
30,0,3,[1 2],861.5000000000073,0.5,0.5,0.2522970778275724,SI,[2 1],49.49999999999994,10,1278.6000000000095,0.0,False,6
30,0,4,[1 2],861.5000000000073,0.5,0.5,0.22846806528667896,SI,[2 1],49.49999999999994,10,1278.6000000000095,0.0,False,6
31,0,0,[1 2],861.5000000000073,0.5,0.5,0.04183871617645685,SI,[2 1],49.49999999999994,10,1278.6000000000095,0.0,False,6
31,0,1,[1 2],861.5000000000073,0.5,0.5,0.3162230411881227,SI,[2 1],49.49999999999994,10,1278.6000000000095,0.0,False,6
31,0,2,[1 2],861.5000000000073,0.5,0.5,0.45874414666725083,SI,[2 1],49.49999999999994,10,1278.6000000000095,0.0,False,6
31,0,3,[1 2],861.5000000000073,0.5,0.5,0.3966927845030713,SI,[2 1],49.49999999999994,10,1278.6000000000095,0.0,False,6
31,0,4,[1 2],861.5000000000073,0.5,0.5,0.44466594443636465,SI,[2 1],49.49999999999994,10,1278.6000000000095,0.0,False,6
32,0,0,[1 2],861.5000000000073,0.5,0.5,0.14432957794342793,SI,[2 1],49.49999999999994,10,1278.6000000000095,0.0,False,6
32,0,1,[1 2],861.5000000000073,0.5,0.5,0.374669829819652,SI,[2 1],49.49999999999994,10,1278.6000000000095,0.0,False,6
32,0,2,[1 2],861.5000000000073,0.5,0.5,0.4275122687894485,SI,[2 1],49.49999999999994,10,1278.6000000000095,0.0,False,6
32,0,3,[1 2],861.5000000000073,0.5,0.5,0.32798988716609767,SI,[2 1],49.49999999999994,10,1278.6000000000095,0.0,False,6
32,0,4,[1 2],861.5000000000073,0.5,0.5,0.23900450513847882,SI,[2 1],49.49999999999994,10,1278.6000000000095,0.0,False,6
33,0,0,[1 2],861.5000000000073,0.5,0.5,0.14097803417229926,SI,[2 1],49.49999999999994,10,1278.6000000000095,0.0,False,6
33,0,1,[1 2],861.5000000000073,0.5,0.5,0.22610745066515991,SI,[2 1],49.49999999999994,10,1278.6000000000095,0.0,False,6
33,0,2,[1 2],861.5000000000073,0.5,0.5,0.377492721270026,SI,[2 1],49.49999999999994,10,1278.6000000000095,0.0,False,6
33,0,3,[1 2],861.5000000000073,0.5,0.5,0.20607788471287958,SI,[2 1],49.49999999999994,10,1278.6000000000095,0.0,False,6
33,0,4,[1 2],861.5000000000073,0.5,0.5,0.25841208854509723,SI,[2 1],49.49999999999994,10,1278.6000000000095,0.0,False,6
34,0,0,[1 2],861.5000000000073,0.5,0.5,0.24038265512628665,SI,[2 1],49.49999999999994,10,1278.6000000000095,0.0,False,6
34,0,1,[1 2],861.5000000000073,0.5,0.5,0.18607501159219297,SI,[2 1],49.49999999999994,10,1278.6000000000095,0.0,False,6
34,0,2,[1 2],861.5000000000073,0.5,0.5,0.08899789217377696,SI,[2 1],49.49999999999994,10,1278.6000000000095,0.0,False,6
34,0,3,[1 2],861.5000000000073,0.5,0.5,0.408713952862618,SI,[2 1],49.49999999999994,10,1278.6000000000095,0.0,False,6
34,0,4,[1 2],861.5000000000073,0.5,0.5,0.347465245817954,SI,[2 1],49.49999999999994,10,1278.6000000000095,0.0,False,6
35,0,0,[1 2],861.5000000000073,0.5,0.5,0.1711862319743086,SI,[2 1],49.49999999999994,10,1278.6000000000095,0.0,False,6
35,0,1,[1 2],861.5000000000073,0.5,0.5,0.40523505359066536,SI,[2 1],49.49999999999994,10,1278.6000000000095,0.0,False,6
35,0,2,[1 2],861.5000000000073,0.5,0.5,0.3646099344053517,SI,[2 1],49.49999999999994,10,1278.6000000000095,0.0,False,6
35,0,3,[1 2],861.5000000000073,0.5,0.5,0.24111634263518267,SI,[2 1],49.49999999999994,10,1278.6000000000095,0.0,False,6
35,0,4,[1 2],861.5000000000073,0.5,0.5,0.44169712560267693,SI,[2 1],49.49999999999994,10,1278.6000000000095,0.0,False,6
36,0,0,[1 2],861.5000000000073,0.5,0.5,0.025407831769112876,SI,[2 1],49.49999999999994,10,1278.6000000000095,0.0,False,6
36,0,1,[1 2],861.5000000000073,0.5,0.5,0.19384451883540488,SI,[2 1],49.49999999999994,10,1278.6000000000095,0.0,False,6
36,0,2,[1 2],861.5000000000073,0.5,0.5,0.34568510404040265,SI,[2 1],49.49999999999994,10,1278.6000000000095,0.0,False,6
36,0,3,[1 2],861.5000000000073,0.5,0.5,0.40034412791927987,SI,[2 1],49.49999999999994,10,1278.6000000000095,0.0,False,6
36,0,4,[1 2],861.5000000000073,0.5,0.5,0.37616519470126963,SI,[2 1],49.49999999999994,10,1278.6000000000095,0.0,False,6
37,0,0,[1 2],861.5000000000073,0.5,0.5,0.3869758728288829,SI,[2 1],49.49999999999994,10,1278.6000000000095,0.0,False,6
37,0,1,[1 2],861.5000000000073,0.5,0.5,0.163138966491296,SI,[2 1],49.49999999999994,10,1278.6000000000095,0.0,False,6
37,0,2,[1 2],861.5000000000073,0.5,0.5,0.17921900440168537,SI,[2 1],49.49999999999994,10,1278.6000000000095,0.0,False,6
37,0,3,[1 2],861.5000000000073,0.5,0.5,0.4104472502503631,SI,[2 1],49.49999999999994,10,1278.6000000000095,0.0,False,6
37,0,4,[1 2],861.5000000000073,0.5,0.5,0.24014434530520756,SI,[2 1],49.49999999999994,10,1278.6000000000095,0.0,False,6
38,0,0,[1 2],861.5000000000073,0.5,0.5,0.4386197495594115,SI,[2 1],49.49999999999994,10,1278.6000000000095,0.0,False,6
38,0,1,[1 2],861.5000000000073,0.5,0.5,0.3570708594644255,SI,[2 1],49.49999999999994,10,1278.6000000000095,0.0,False,6
38,0,2,[1 2],861.5000000000073,0.5,0.5,0.0067026483967772554,SI,[2 1],49.49999999999994,10,1278.6000000000095,0.0,False,6
38,0,3,[1 2],861.5000000000073,0.5,0.5,0.09978708509164869,SI,[2 1],49.49999999999994,10,1278.6000000000095,0.0,False,6
38,0,4,[1 2],861.5000000000073,0.5,0.5,0.46619477820402655,SI,[2 1],49.49999999999994,10,1278.6000000000095,0.0,False,6
39,0,0,[1 2],861.5000000000073,0.5,0.5,0.40776326979803057,SI,[2 1],49.49999999999994,10,1278.6000000000095,0.0,False,6
39,0,1,[1 2],861.5000000000073,0.5,0.5,0.10773150240172047,SI,[2 1],49.49999999999994,10,1278.6000000000095,0.0,False,6
39,0,2,[1 2],861.5000000000073,0.5,0.5,0.2797889762752386,SI,[2 1],49.49999999999994,10,1278.6000000000095,0.0,False,6
39,0,3,[1 2],861.5000000000073,0.5,0.5,0.2794454178353243,SI,[2 1],49.49999999999994,10,1278.6000000000095,0.0,False,6
39,0,4,[1 2],861.5000000000073,0.5,0.5,0.06967730317080612,SI,[2 1],49.49999999999994,10,1278.6000000000095,0.0,False,6
40,0,0,[1 2],861.5000000000073,0.5,0.5,0.379676010566396,SI,[2 1],49.49999999999994,10,1278.6000000000095,0.0,False,6
40,0,1,[1 2],861.5000000000073,0.5,0.5,0.47584533480883107,SI,[2 1],49.49999999999994,10,1278.6000000000095,0.0,False,6
40,0,2,[1 2],861.5000000000073,0.5,0.5,0.4115732722056,SI,[2 1],49.49999999999994,10,1278.6000000000095,0.0,False,6
40,0,3,[1 2],861.5000000000073,0.5,0.5,0.29865585015744833,SI,[2 1],49.49999999999994,10,1278.6000000000095,0.0,False,6
40,0,4,[1 2],861.5000000000073,0.5,0.5,0.0811892962163353,SI,[2 1],49.49999999999994,10,1278.6000000000095,0.0,False,6
41,0,0,[1 2],861.5000000000073,0.5,0.5,0.1877807610115202,SI,[2 1],49.49999999999994,10,1278.6000000000095,0.0,False,6
41,0,1,[1 2],861.5000000000073,0.5,0.5,0.2901669315977864,SI,[2 1],49.49999999999994,10,1278.6000000000095,0.0,False,6
41,0,2,[1 2],861.5000000000073,0.5,0.5,0.09110170285850361,SI,[2 1],49.49999999999994,10,1278.6000000000095,0.0,False,6
41,0,3,[1 2],861.5000000000073,0.5,0.5,0.28525890830367817,SI,[2 1],49.49999999999994,10,1278.6000000000095,0.0,False,6
41,0,4,[1 2],861.5000000000073,0.5,0.5,0.21638416769412683,SI,[2 1],49.49999999999994,10,1278.6000000000095,0.0,False,6
42,0,0,[1 2],861.5000000000073,0.5,0.5,0.1359641151422234,SI,[2 1],49.49999999999994,10,1278.6000000000095,0.0,False,6
42,0,1,[1 2],861.5000000000073,0.5,0.5,0.48833418037567966,SI,[2 1],49.49999999999994,10,1278.6000000000095,0.0,False,6
42,0,2,[1 2],861.5000000000073,0.5,0.5,0.15779999204360684,SI,[2 1],49.49999999999994,10,1278.6000000000095,0.0,False,6
42,0,3,[1 2],861.5000000000073,0.5,0.5,0.1123908599407395,SI,[2 1],49.49999999999994,10,1278.6000000000095,0.0,False,6
42,0,4,[1 2],861.5000000000073,0.5,0.5,0.46687651638463523,SI,[2 1],49.49999999999994,10,1278.6000000000095,0.0,False,6
43,0,0,[1 2],861.5000000000073,0.5,0.5,0.4525516418070046,SI,[2 1],49.49999999999994,10,1278.6000000000095,0.0,False,6
43,0,1,[1 2],861.5000000000073,0.5,0.5,0.4412196168411969,SI,[2 1],49.49999999999994,10,1278.6000000000095,0.0,False,6
43,0,2,[1 2],861.5000000000073,0.5,0.5,0.28767151202118624,SI,[2 1],49.49999999999994,10,1278.6000000000095,0.0,False,6
43,0,3,[1 2],861.5000000000073,0.5,0.5,0.4306836202475507,SI,[2 1],49.49999999999994,10,1278.6000000000095,0.0,False,6
43,0,4,[1 2],861.5000000000073,0.5,0.5,0.18303398976845975,SI,[2 1],49.49999999999994,10,1278.6000000000095,0.0,False,6
44,0,0,[1 2],861.5000000000073,0.5,0.5,0.4547801390673515,SI,[2 1],49.49999999999994,10,1278.6000000000095,0.0,False,6
44,0,1,[1 2],861.5000000000073,0.5,0.5,0.2558667317887625,SI,[2 1],49.49999999999994,10,1278.6000000000095,0.0,False,6
44,0,2,[1 2],861.5000000000073,0.5,0.5,0.3660345101065191,SI,[2 1],49.49999999999994,10,1278.6000000000095,0.0,False,6
44,0,3,[1 2],861.5000000000073,0.5,0.5,0.24884055063641441,SI,[2 1],49.49999999999994,10,1278.6000000000095,0.0,False,6
44,0,4,[1 2],861.5000000000073,0.5,0.5,0.4788398461394725,SI,[2 1],49.49999999999994,10,1278.6000000000095,0.0,False,6
45,0,0,[1 2],861.5000000000073,0.5,0.5,0.04076856867574563,SI,[2 1],49.49999999999994,10,1278.6000000000095,0.0,False,6
45,0,1,[1 2],861.5000000000073,0.5,0.5,0.3697696642933762,SI,[2 1],49.49999999999994,10,1278.6000000000095,0.0,False,6
45,0,2,[1 2],861.5000000000073,0.5,0.5,0.2617458681422016,SI,[2 1],49.49999999999994,10,1278.6000000000095,0.0,False,6
45,0,3,[1 2],861.5000000000073,0.5,0.5,0.12262096741985418,SI,[2 1],49.49999999999994,10,1278.6000000000095,0.0,False,6
45,0,4,[1 2],861.5000000000073,0.5,0.5,0.35527129218808573,SI,[2 1],49.49999999999994,10,1278.6000000000095,0.0,False,6
46,0,0,[1 2],861.5000000000073,0.5,0.5,0.03340595124097556,SI,[2 1],49.49999999999994,10,1278.6000000000095,0.0,False,6
46,0,1,[1 2],861.5000000000073,0.5,0.5,0.3582882996547714,SI,[2 1],49.49999999999994,10,1278.6000000000095,0.0,False,6
46,0,2,[1 2],861.5000000000073,0.5,0.5,0.2642613978582612,SI,[2 1],49.49999999999994,10,1278.6000000000095,0.0,False,6
46,0,3,[1 2],861.5000000000073,0.5,0.5,0.23638237778642135,SI,[2 1],49.49999999999994,10,1278.6000000000095,0.0,False,6
46,0,4,[1 2],861.5000000000073,0.5,0.5,0.0236820822349183,SI,[2 1],49.49999999999994,10,1278.6000000000095,0.0,False,6
47,0,0,[1 2],861.5000000000073,0.5,0.5,0.1873606888879018,SI,[2 1],49.49999999999994,10,1278.6000000000095,0.0,False,6
47,0,1,[1 2],861.5000000000073,0.5,0.5,0.21295421893658573,SI,[2 1],49.49999999999994,10,1278.6000000000095,0.0,False,6
47,0,2,[1 2],861.5000000000073,0.5,0.5,0.0976146141771399,SI,[2 1],49.49999999999994,10,1278.6000000000095,0.0,False,6
47,0,3,[1 2],861.5000000000073,0.5,0.5,0.4037944234400064,SI,[2 1],49.49999999999994,10,1278.6000000000095,0.0,False,6
47,0,4,[1 2],861.5000000000073,0.5,0.5,0.3336511946499907,SI,[2 1],49.49999999999994,10,1278.6000000000095,0.0,False,6
48,0,0,[1 2],861.5000000000073,0.5,0.5,0.2951117404841217,SI,[2 1],49.49999999999994,10,1278.6000000000095,0.0,False,6
48,0,1,[1 2],861.5000000000073,0.5,0.5,0.4953630033653097,SI,[2 1],49.49999999999994,10,1278.6000000000095,0.0,False,6
48,0,2,[1 2],861.5000000000073,0.5,0.5,0.16256834580516333,SI,[2 1],49.49999999999994,10,1278.6000000000095,0.0,False,6
48,0,3,[1 2],861.5000000000073,0.5,0.5,0.49019851214679944,SI,[2 1],49.49999999999994,10,1278.6000000000095,0.0,False,6
48,0,4,[1 2],861.5000000000073,0.5,0.5,0.26831509633199524,SI,[2 1],49.49999999999994,10,1278.6000000000095,0.0,False,6
49,0,0,[1 2],861.5000000000073,0.5,0.5,0.08558586886754926,SI,[2 1],49.49999999999994,10,1278.6000000000095,0.0,False,6
49,0,1,[1 2],861.5000000000073,0.5,0.5,0.43782915730367467,SI,[2 1],49.49999999999994,10,1278.6000000000095,0.0,False,6
49,0,2,[1 2],861.5000000000073,0.5,0.5,0.3922937601996488,SI,[2 1],49.49999999999994,10,1278.6000000000095,0.0,False,6
49,0,3,[1 2],861.5000000000073,0.5,0.5,0.36357942536554433,SI,[2 1],49.49999999999994,10,1278.6000000000095,0.0,False,6
49,0,4,[1 2],861.5000000000073,0.5,0.5,0.10002254064257932,SI,[2 1],49.49999999999994,10,1278.6000000000095,0.0,False,6
50,0,0,[1 2],861.5000000000073,0.5,0.5,0.49656123509626926,SI,[2 1],49.49999999999994,10,1278.6000000000095,0.0,False,6
50,0,1,[1 2],861.5000000000073,0.5,0.5,0.4360006779737129,SI,[2 1],49.49999999999994,10,1278.6000000000095,0.0,False,6
50,0,2,[1 2],861.5000000000073,0.5,0.5,0.4919143595428198,SI,[2 1],49.49999999999994,10,1278.6000000000095,0.0,False,6
50,0,3,[1 2],861.5000000000073,0.5,0.5,0.33518225935083634,SI,[2 1],49.49999999999994,10,1278.6000000000095,0.0,False,6
50,0,4,[1 2],861.5000000000073,0.5,0.5,0.24682673679948586,SI,[2 1],49.49999999999994,10,1278.6000000000095,0.0,False,6
0,2,0,[3 2 1],952.5,0.5,0.5,0.6155127555486121,MI,[1 2 3],89.0,10,979.5999999999985,0.0,False,7
0,2,1,[3 2 1],952.5,0.5,0.5,0.6158494440819764,MI,[1 2 3],89.0,10,979.5999999999985,0.0,False,7
0,2,2,[3 2 1],952.5,0.5,0.5,0.10114935815246662,SI,[3 1 2],52.5,10,996.6999999999971,0.0,False,7
0,2,3,[3 2 1],952.5,0.5,0.5,0.4010365603999002,SI,[3 1 2],52.5,10,996.6999999999971,0.0,False,7
0,2,4,[3 2 1],952.5,0.5,0.5,0.25759376093495445,SI,[3 1 2],52.5,10,996.6999999999971,0.0,False,7
1,0,0,[3 2 1],952.5,0.5,0.5,0.4180999467096348,SI,[3 1 2],52.5,10,996.6999999999971,0.0,False,7
1,0,1,[3 2 1],952.5,0.5,0.5,0.7242730584762512,MI,[1 2 3],89.0,10,979.5999999999985,0.0,False,7
1,0,2,[3 2 1],952.5,0.5,0.5,0.7419605734870117,MI,[1 2 3],89.0,10,979.5999999999985,0.0,False,7
1,0,3,[3 2 1],952.5,0.5,0.5,0.293860099887161,SI,[3 1 2],52.5,10,996.6999999999971,0.0,False,7
1,0,4,[3 2 1],952.5,0.5,0.5,0.4376056310633766,SI,[3 1 2],52.5,10,996.6999999999971,0.0,False,7
2,0,0,[3 2 1],952.5,0.5,0.5,0.39001645537111496,SI,[3 1 2],52.5,10,996.6999999999971,0.0,False,7
2,0,1,[3 2 1],952.5,0.5,0.5,0.35532729131009133,SI,[3 1 2],52.5,10,996.6999999999971,0.0,False,7
2,0,2,[3 2 1],952.5,0.5,0.5,0.4336824568718721,SI,[3 1 2],52.5,10,996.6999999999971,0.0,False,7
2,0,3,[3 2 1],952.5,0.5,0.5,0.4828353423643128,SI,[3 1 2],52.5,10,996.6999999999971,0.0,False,7
2,0,4,[3 2 1],952.5,0.5,0.5,0.0626375793860261,SI,[3 1 2],52.5,10,996.6999999999971,0.0,False,7
3,0,0,[3 2 1],952.5,0.5,0.5,0.4429582290556071,SI,[3 1 2],52.5,10,996.6999999999971,0.0,False,7
3,0,1,[3 2 1],952.5,0.5,0.5,0.24586239327620663,SI,[3 1 2],52.5,10,996.6999999999971,0.0,False,7
3,0,2,[3 2 1],952.5,0.5,0.5,0.09324548492878859,SI,[3 1 2],52.5,10,996.6999999999971,0.0,False,7
3,0,3,[3 2 1],952.5,0.5,0.5,0.30325856323791744,SI,[1 2 3],89.0,10,979.5999999999985,0.0,False,7
3,0,4,[3 2 1],952.5,0.5,0.5,0.0718453893744807,SI,[3 1 2],52.5,10,996.6999999999971,0.0,False,7
4,0,0,[3 2 1],952.5,0.5,0.5,0.3198768021926375,SI,[3 1 2],52.5,10,996.6999999999971,0.0,False,7
4,0,1,[3 2 1],952.5,0.5,0.5,0.3902853416638181,SI,[3 1 2],52.5,10,996.6999999999971,0.0,False,7
4,0,2,[3 2 1],952.5,0.5,0.5,0.08833910404422729,SI,[3 1 2],52.5,10,996.6999999999971,0.0,False,7
4,0,3,[3 2 1],952.5,0.5,0.5,0.0063816684575905835,SI,[3 1 2],52.5,10,996.6999999999971,0.0,False,7
4,0,4,[3 2 1],952.5,0.5,0.5,0.03901731887263293,SI,[3 1 2],52.5,10,996.6999999999971,0.0,False,7
5,0,0,[3 2 1],952.5,0.5,0.5,0.44342769164900664,SI,[3 1 2],52.5,10,996.6999999999971,0.0,False,7
5,0,1,[3 2 1],952.5,0.5,0.5,0.34797913443993145,SI,[3 1 2],52.5,10,996.6999999999971,0.0,False,7
5,0,2,[3 2 1],952.5,0.5,0.5,0.25600942177024977,SI,[3 1 2],52.5,10,996.6999999999971,0.0,False,7
5,0,3,[3 2 1],952.5,0.5,0.5,0.2918087087338862,SI,[3 1 2],52.5,10,996.6999999999971,0.0,False,7
5,0,4,[3 2 1],952.5,0.5,0.5,0.15117539263418356,SI,[3 1 2],52.5,10,996.6999999999971,0.0,False,7
6,0,0,[3 2 1],952.5,0.5,0.5,0.005014127525729828,SI,[3 1 2],52.5,10,996.6999999999971,0.0,False,7
6,0,1,[3 2 1],952.5,0.5,0.5,0.152721888601542,SI,[3 1 2],52.5,10,996.6999999999971,0.0,False,7
6,0,2,[3 2 1],952.5,0.5,0.5,0.3911700815767297,SI,[3 1 2],52.5,10,996.6999999999971,0.0,False,7
6,0,3,[3 2 1],952.5,0.5,0.5,0.1502536965450948,SI,[3 1 2],52.5,10,996.6999999999971,0.0,False,7
6,0,4,[3 2 1],952.5,0.5,0.5,0.9888097991098346,MI,[1 2 3],89.0,10,979.5999999999985,0.0,False,7
7,0,0,[3 2 1],952.5,0.5,0.5,0.3039848975838043,SI,[3 1 2],52.5,10,996.6999999999971,0.0,False,7
7,0,1,[3 2 1],952.5,0.5,0.5,0.4667476734813668,SI,[3 1 2],52.5,10,996.6999999999971,0.0,False,7
7,0,2,[3 2 1],952.5,0.5,0.5,0.257895360791203,SI,[3 1 2],52.5,10,996.6999999999971,0.0,False,7
7,0,3,[3 2 1],952.5,0.5,0.5,0.1311579534454812,SI,[3 1 2],52.5,10,996.6999999999971,0.0,False,7
7,0,4,[3 2 1],952.5,0.5,0.5,0.13283383965953133,SI,[3 1 2],52.5,10,996.6999999999971,0.0,False,7
8,0,0,[3 2 1],952.5,0.5,0.5,0.2885613320581699,SI,[3 1 2],52.5,10,996.6999999999971,0.0,False,7
8,0,1,[3 2 1],952.5,0.5,0.5,0.23488299805063506,SI,[3 1 2],52.5,10,996.6999999999971,0.0,False,7
8,0,2,[3 2 1],952.5,0.5,0.5,0.1563749649453896,SI,[3 1 2],52.5,10,996.6999999999971,0.0,False,7
8,0,3,[3 2 1],952.5,0.5,0.5,0.40956117006866655,SI,[3 1 2],52.5,10,996.6999999999971,0.0,False,7
8,0,4,[3 2 1],952.5,0.5,0.5,0.39053032805578725,SI,[3 1 2],52.5,10,996.6999999999971,0.0,False,7
9,0,0,[3 2 1],952.5,0.5,0.5,0.045345550572995386,SI,[3 1 2],52.5,10,996.6999999999971,0.0,False,7
9,0,1,[3 2 1],952.5,0.5,0.5,0.06748360050804336,SI,[3 1 2],52.5,10,996.6999999999971,0.0,False,7
9,0,2,[3 2 1],952.5,0.5,0.5,0.4180438846142901,SI,[3 1 2],52.5,10,996.6999999999971,0.0,False,7
9,0,3,[3 2 1],952.5,0.5,0.5,0.32092668170570804,SI,[3 1 2],52.5,10,996.6999999999971,0.0,False,7
9,0,4,[3 2 1],952.5,0.5,0.5,0.014639348325282353,SI,[3 1 2],52.5,10,996.6999999999971,0.0,False,7
10,0,0,[3 2 1],952.5,0.5,0.5,0.6518856278256965,MI,[1 2 3],89.0,10,979.5999999999985,0.0,False,7
10,0,1,[3 2 1],952.5,0.5,0.5,0.9933107416825159,MI,[1 2 3],89.0,10,979.5999999999985,0.0,False,7
10,0,2,[3 2 1],952.5,0.5,0.5,0.06851094654514955,SI,[3 1 2],52.5,10,996.6999999999971,0.0,False,7
10,0,3,[3 2 1],952.5,0.5,0.5,0.3322845682141461,SI,[3 1 2],52.5,10,996.6999999999971,0.0,False,7
10,0,4,[3 2 1],952.5,0.5,0.5,0.5873066934453144,MI,[1 2 3],89.0,10,979.5999999999985,0.0,False,7
11,0,0,[3 2 1],952.5,0.5,0.5,0.19870365038322457,SI,[3 1 2],52.5,10,996.6999999999971,0.0,False,7
11,0,1,[3 2 1],952.5,0.5,0.5,0.27524479015347947,SI,[3 1 2],52.5,10,996.6999999999971,0.0,False,7
11,0,2,[3 2 1],952.5,0.5,0.5,0.1867238094720346,SI,[3 1 2],52.5,10,996.6999999999971,0.0,False,7
11,0,3,[3 2 1],952.5,0.5,0.5,0.08596850553226598,SI,[3 1 2],52.5,10,996.6999999999971,0.0,False,7
11,0,4,[3 2 1],952.5,0.5,0.5,0.16532245864943174,SI,[3 1 2],52.5,10,996.6999999999971,0.0,False,7
12,0,0,[3 2 1],952.5,0.5,0.5,0.20561978029190497,SI,[3 1 2],52.5,10,996.6999999999971,0.0,False,7
12,0,1,[3 2 1],952.5,0.5,0.5,0.4908865156957295,SI,[3 1 2],52.5,10,996.6999999999971,0.0,False,7
12,0,2,[3 2 1],952.5,0.5,0.5,0.6022660968536017,MI,[1 2 3],89.0,10,979.5999999999985,0.0,False,7
12,0,3,[3 2 1],952.5,0.5,0.5,0.3268807514124824,SI,[3 1 2],52.5,10,996.6999999999971,0.0,False,7
12,0,4,[3 2 1],952.5,0.5,0.5,0.0848254777882923,SI,[3 1 2],52.5,10,996.6999999999971,0.0,False,7
13,0,0,[3 2 1],952.5,0.5,0.5,0.4742470522721064,SI,[3 1 2],52.5,10,996.6999999999971,0.0,False,7
13,0,1,[3 2 1],952.5,0.5,0.5,0.3609549120881441,SI,[3 1 2],52.5,10,996.6999999999971,0.0,False,7
13,0,2,[3 2 1],952.5,0.5,0.5,0.4345178062347175,SI,[3 1 2],52.5,10,996.6999999999971,0.0,False,7
13,0,3,[3 2 1],952.5,0.5,0.5,0.497120222996001,SI,[3 1 2],52.5,10,996.6999999999971,0.0,False,7
13,0,4,[3 2 1],952.5,0.5,0.5,0.25718585675677486,SI,[3 1 2],52.5,10,996.6999999999971,0.0,False,7
14,0,0,[3 2 1],952.5,0.5,0.5,0.42171318723568685,SI,[3 1 2],52.5,10,996.6999999999971,0.0,False,7
14,0,1,[3 2 1],952.5,0.5,0.5,0.8504867047877002,MI,[1 2 3],89.0,10,979.5999999999985,0.0,False,7
14,0,2,[3 2 1],952.5,0.5,0.5,0.4757893590422895,SI,[3 1 2],52.5,10,996.6999999999971,0.0,False,7
14,0,3,[3 2 1],952.5,0.5,0.5,0.08356089371113662,SI,[3 1 2],52.5,10,996.6999999999971,0.0,False,7
14,0,4,[3 2 1],952.5,0.5,0.5,0.857574698475106,MI,[1 2 3],89.0,10,979.5999999999985,0.0,False,7
15,0,0,[3 2 1],952.5,0.5,0.5,0.49582798907500225,SI,[3 1 2],52.5,10,996.6999999999971,0.0,False,7
15,0,1,[3 2 1],952.5,0.5,0.5,0.35053740182231263,SI,[3 1 2],52.5,10,996.6999999999971,0.0,False,7
15,0,2,[3 2 1],952.5,0.5,0.5,0.4623600000747524,SI,[3 1 2],52.5,10,996.6999999999971,0.0,False,7
15,0,3,[3 2 1],952.5,0.5,0.5,0.2568540821419375,SI,[3 1 2],52.5,10,996.6999999999971,0.0,False,7
15,0,4,[3 2 1],952.5,0.5,0.5,0.6624764209505124,MI,[1 2 3],89.0,10,979.5999999999985,0.0,False,7
16,0,0,[3 2 1],952.5,0.5,0.5,0.20671369407734097,SI,[3 1 2],52.5,10,996.6999999999971,0.0,False,7
16,0,1,[3 2 1],952.5,0.5,0.5,0.04598810451602697,SI,[3 1 2],52.5,10,996.6999999999971,0.0,False,7
16,0,2,[3 2 1],952.5,0.5,0.5,0.34277868141587764,SI,[3 1 2],52.5,10,996.6999999999971,0.0,False,7
16,0,3,[3 2 1],952.5,0.5,0.5,0.32729424378900984,SI,[3 1 2],52.5,10,996.6999999999971,0.0,False,7
16,0,4,[3 2 1],952.5,0.5,0.5,0.3471989693029016,SI,[3 1 2],52.5,10,996.6999999999971,0.0,False,7
17,0,0,[3 2 1],952.5,0.5,0.5,0.19945798540526327,SI,[3 1 2],52.5,10,996.6999999999971,0.0,False,7
17,0,1,[3 2 1],952.5,0.5,0.5,0.17792019136975146,SI,[3 1 2],52.5,10,996.6999999999971,0.0,False,7
17,0,2,[3 2 1],952.5,0.5,0.5,0.01537098938969117,SI,[3 1 2],52.5,10,996.6999999999971,0.0,False,7
17,0,3,[3 2 1],952.5,0.5,0.5,0.045612984692019465,SI,[3 1 2],52.5,10,996.6999999999971,0.0,False,7
17,0,4,[3 2 1],952.5,0.5,0.5,0.2646981039723003,SI,[3 1 2],52.5,10,996.6999999999971,0.0,False,7
18,0,0,[3 2 1],952.5,0.5,0.5,0.49236947618098215,SI,[3 1 2],52.5,10,996.6999999999971,0.0,False,7
18,0,1,[3 2 1],952.5,0.5,0.5,0.18295342424406957,SI,[3 1 2],52.5,10,996.6999999999971,0.0,False,7
18,0,2,[3 2 1],952.5,0.5,0.5,0.06430483663185271,SI,[3 1 2],52.5,10,996.6999999999971,0.0,False,7
18,0,3,[3 2 1],952.5,0.5,0.5,0.12473133258454927,SI,[3 1 2],52.5,10,996.6999999999971,0.0,False,7
18,0,4,[3 2 1],952.5,0.5,0.5,0.7297492336331924,MI,[1 2 3],89.0,10,979.5999999999985,0.0,False,7
19,0,0,[3 2 1],952.5,0.5,0.5,0.1440170066541855,SI,[3 1 2],52.5,10,996.6999999999971,0.0,False,7
19,0,1,[3 2 1],952.5,0.5,0.5,0.46228966818234873,SI,[3 1 2],52.5,10,996.6999999999971,0.0,False,7
19,0,2,[3 2 1],952.5,0.5,0.5,0.13329375653331688,SI,[3 1 2],52.5,10,996.6999999999971,0.0,False,7
19,0,3,[3 2 1],952.5,0.5,0.5,0.024285823728657396,SI,[3 1 2],52.5,10,996.6999999999971,0.0,False,7
19,0,4,[3 2 1],952.5,0.5,0.5,0.17778673879180018,SI,[3 1 2],52.5,10,996.6999999999971,0.0,False,7
20,0,0,[3 2 1],952.5,0.5,0.5,0.19483794706459345,SI,[3 1 2],52.5,10,996.6999999999971,0.0,False,7
20,0,1,[3 2 1],952.5,0.5,0.5,0.12317695517319893,SI,[3 1 2],52.5,10,996.6999999999971,0.0,False,7
20,0,2,[3 2 1],952.5,0.5,0.5,0.3297153437640077,SI,[3 1 2],52.5,10,996.6999999999971,0.0,False,7
20,0,3,[3 2 1],952.5,0.5,0.5,0.5399581342346368,MI,[1 2 3],89.0,10,979.5999999999985,0.0,False,7
20,0,4,[3 2 1],952.5,0.5,0.5,0.40741564342552694,SI,[3 1 2],52.5,10,996.6999999999971,0.0,False,7
21,0,0,[3 2 1],952.5,0.5,0.5,0.21092097939173338,SI,[3 1 2],52.5,10,996.6999999999971,0.0,False,7
21,0,1,[3 2 1],952.5,0.5,0.5,0.9333271764475843,MI,[1 2 3],89.0,10,979.5999999999985,0.0,False,7
21,0,2,[3 2 1],952.5,0.5,0.5,0.12280099676041556,SI,[3 1 2],52.5,10,996.6999999999971,0.0,False,7
21,0,3,[3 2 1],952.5,0.5,0.5,0.3482525521912172,SI,[3 1 2],52.5,10,996.6999999999971,0.0,False,7
21,0,4,[3 2 1],952.5,0.5,0.5,0.8859057490523943,MI,[1 2 3],89.0,10,979.5999999999985,0.0,False,7
22,0,0,[3 2 1],952.5,0.5,0.5,0.3245902672443416,SI,[3 1 2],52.5,10,996.6999999999971,0.0,False,7
22,0,1,[3 2 1],952.5,0.5,0.5,0.9828771133190481,MI,[1 2 3],89.0,10,979.5999999999985,0.0,False,7
22,0,2,[3 2 1],952.5,0.5,0.5,0.1816455781816273,SI,[3 1 2],52.5,10,996.6999999999971,0.0,False,7
22,0,3,[3 2 1],952.5,0.5,0.5,0.06480789414032051,SI,[3 1 2],52.5,10,996.6999999999971,0.0,False,7
22,0,4,[3 2 1],952.5,0.5,0.5,0.8291114308437688,MI,[1 2 3],89.0,10,979.5999999999985,0.0,False,7
23,0,0,[3 2 1],952.5,0.5,0.5,0.6680937686266221,MI,[1 2 3],89.0,10,979.5999999999985,0.0,False,7
23,0,1,[3 2 1],952.5,0.5,0.5,0.1141865120945863,SI,[3 1 2],52.5,10,996.6999999999971,0.0,False,7
23,0,2,[3 2 1],952.5,0.5,0.5,0.0038186369186355984,SI,[3 1 2],52.5,10,996.6999999999971,0.0,False,7
23,0,3,[3 2 1],952.5,0.5,0.5,0.10672429212314538,SI,[3 1 2],52.5,10,996.6999999999971,0.0,False,7
23,0,4,[3 2 1],952.5,0.5,0.5,0.11280947099522232,SI,[3 1 2],52.5,10,996.6999999999971,0.0,False,7
24,0,0,[3 2 1],952.5,0.5,0.5,0.8241641696824296,MI,[1 2 3],89.0,10,979.5999999999985,0.0,False,7
24,0,1,[3 2 1],952.5,0.5,0.5,0.10894545113566168,SI,[3 1 2],52.5,10,996.6999999999971,0.0,False,7
24,0,2,[3 2 1],952.5,0.5,0.5,0.37498671643750514,SI,[3 1 2],52.5,10,996.6999999999971,0.0,False,7
24,0,3,[3 2 1],952.5,0.5,0.5,0.5237030424722244,MI,[1 2 3],89.0,10,979.5999999999985,0.0,False,7
24,0,4,[3 2 1],952.5,0.5,0.5,0.44687399149855433,SI,[3 1 2],52.5,10,996.6999999999971,0.0,False,7
25,0,0,[3 2 1],952.5,0.5,0.5,0.4906628150075111,SI,[3 1 2],52.5,10,996.6999999999971,0.0,False,7
25,0,1,[3 2 1],952.5,0.5,0.5,0.1398368031188798,SI,[3 1 2],52.5,10,996.6999999999971,0.0,False,7
25,0,2,[3 2 1],952.5,0.5,0.5,0.033606599665205295,SI,[3 1 2],52.5,10,996.6999999999971,0.0,False,7
25,0,3,[3 2 1],952.5,0.5,0.5,0.042961285365907154,SI,[3 1 2],52.5,10,996.6999999999971,0.0,False,7
25,0,4,[3 2 1],952.5,0.5,0.5,0.688785841632281,MI,[1 2 3],89.0,10,979.5999999999985,0.0,False,7
26,0,0,[3 2 1],952.5,0.5,0.5,0.49654559104330864,SI,[1 2 3],89.0,10,979.5999999999985,0.0,False,7
26,0,1,[3 2 1],952.5,0.5,0.5,0.72215625760264,MI,[1 2 3],89.0,10,979.5999999999985,0.0,False,7
26,0,2,[3 2 1],952.5,0.5,0.5,0.43369049196894505,SI,[3 1 2],52.5,10,996.6999999999971,0.0,False,7
26,0,3,[3 2 1],952.5,0.5,0.5,0.3636180817823321,SI,[3 1 2],52.5,10,996.6999999999971,0.0,False,7
26,0,4,[3 2 1],952.5,0.5,0.5,0.0981524095069729,SI,[3 1 2],52.5,10,996.6999999999971,0.0,False,7
27,0,0,[3 2 1],952.5,0.5,0.5,0.47988913360475116,SI,[3 1 2],52.5,10,996.6999999999971,0.0,False,7
27,0,1,[3 2 1],952.5,0.5,0.5,0.45643263349776153,SI,[3 1 2],52.5,10,996.6999999999971,0.0,False,7
27,0,2,[3 2 1],952.5,0.5,0.5,0.010512674230022556,SI,[3 1 2],52.5,10,996.6999999999971,0.0,False,7
27,0,3,[3 2 1],952.5,0.5,0.5,0.10769407117017482,SI,[3 1 2],52.5,10,996.6999999999971,0.0,False,7
27,0,4,[3 2 1],952.5,0.5,0.5,0.1310844005811278,SI,[3 1 2],52.5,10,996.6999999999971,0.0,False,7
28,0,0,[3 2 1],952.5,0.5,0.5,0.827127625048277,MI,[1 2 3],89.0,10,979.5999999999985,0.0,False,7
28,0,1,[3 2 1],952.5,0.5,0.5,0.4968299369141591,SI,[3 1 2],52.5,10,996.6999999999971,0.0,False,7
28,0,2,[3 2 1],952.5,0.5,0.5,0.33484772180256805,SI,[3 1 2],52.5,10,996.6999999999971,0.0,False,7
28,0,3,[3 2 1],952.5,0.5,0.5,0.5334732647473059,MI,[1 2 3],89.0,10,979.5999999999985,0.0,False,7
28,0,4,[3 2 1],952.5,0.5,0.5,0.14977347854107725,SI,[3 1 2],52.5,10,996.6999999999971,0.0,False,7
29,0,0,[3 2 1],952.5,0.5,0.5,0.27480401285613354,SI,[3 1 2],52.5,10,996.6999999999971,0.0,False,7
29,0,1,[3 2 1],952.5,0.5,0.5,0.18822393438743157,SI,[3 1 2],52.5,10,996.6999999999971,0.0,False,7
29,0,2,[3 2 1],952.5,0.5,0.5,0.09438416885893952,SI,[3 1 2],52.5,10,996.6999999999971,0.0,False,7
29,0,3,[3 2 1],952.5,0.5,0.5,0.2642339997225228,SI,[3 1 2],52.5,10,996.6999999999971,0.0,False,7
29,0,4,[3 2 1],952.5,0.5,0.5,0.15168813099345602,SI,[3 1 2],52.5,10,996.6999999999971,0.0,False,7
30,0,0,[3 2 1],952.5,0.5,0.5,0.14339511195554755,SI,[3 1 2],52.5,10,996.6999999999971,0.0,False,7
30,0,1,[3 2 1],952.5,0.5,0.5,0.9522616662005207,MI,[1 2 3],89.0,10,979.5999999999985,0.0,False,7
30,0,2,[3 2 1],952.5,0.5,0.5,0.08818165449606896,SI,[3 1 2],52.5,10,996.6999999999971,0.0,False,7
30,0,3,[3 2 1],952.5,0.5,0.5,0.44860319005072713,SI,[3 1 2],52.5,10,996.6999999999971,0.0,False,7
30,0,4,[3 2 1],952.5,0.5,0.5,0.44151306854400485,SI,[3 1 2],52.5,10,996.6999999999971,0.0,False,7
31,0,0,[3 2 1],952.5,0.5,0.5,0.15708593542423566,SI,[3 1 2],52.5,10,996.6999999999971,0.0,False,7
31,0,1,[3 2 1],952.5,0.5,0.5,0.4952119303594662,SI,[3 1 2],52.5,10,996.6999999999971,0.0,False,7
31,0,2,[3 2 1],952.5,0.5,0.5,0.13649056283057126,SI,[3 1 2],52.5,10,996.6999999999971,0.0,False,7
31,0,3,[3 2 1],952.5,0.5,0.5,0.24039744805612673,SI,[3 1 2],52.5,10,996.6999999999971,0.0,False,7
31,0,4,[3 2 1],952.5,0.5,0.5,0.3621314406958973,SI,[3 1 2],52.5,10,996.6999999999971,0.0,False,7
32,0,0,[3 2 1],952.5,0.5,0.5,0.147225786502435,SI,[3 1 2],52.5,10,996.6999999999971,0.0,False,7
32,0,1,[3 2 1],952.5,0.5,0.5,0.20147126804654203,SI,[3 1 2],52.5,10,996.6999999999971,0.0,False,7
32,0,2,[3 2 1],952.5,0.5,0.5,0.44000022198831934,SI,[3 1 2],52.5,10,996.6999999999971,0.0,False,7
32,0,3,[3 2 1],952.5,0.5,0.5,0.1185852639471986,SI,[3 1 2],52.5,10,996.6999999999971,0.0,False,7
32,0,4,[3 2 1],952.5,0.5,0.5,0.35841918419699015,SI,[3 1 2],52.5,10,996.6999999999971,0.0,False,7
33,0,0,[3 2 1],952.5,0.5,0.5,0.25607308577495236,SI,[3 1 2],52.5,10,996.6999999999971,0.0,False,7
33,0,1,[3 2 1],952.5,0.5,0.5,0.3904435921735717,SI,[3 1 2],52.5,10,996.6999999999971,0.0,False,7
33,0,2,[3 2 1],952.5,0.5,0.5,0.18277114947490347,SI,[3 1 2],52.5,10,996.6999999999971,0.0,False,7
33,0,3,[3 2 1],952.5,0.5,0.5,0.8287537715477462,MI,[1 2 3],89.0,10,979.5999999999985,0.0,False,7
33,0,4,[3 2 1],952.5,0.5,0.5,0.2050663619541978,SI,[3 1 2],52.5,10,996.6999999999971,0.0,False,7
34,0,0,[3 2 1],952.5,0.5,0.5,0.2013924629979975,SI,[3 1 2],52.5,10,996.6999999999971,0.0,False,7
34,0,1,[3 2 1],952.5,0.5,0.5,0.46907018984322635,SI,[3 1 2],52.5,10,996.6999999999971,0.0,False,7
34,0,2,[3 2 1],952.5,0.5,0.5,0.45602616461641876,SI,[3 1 2],52.5,10,996.6999999999971,0.0,False,7
34,0,3,[3 2 1],952.5,0.5,0.5,0.08061802026244169,SI,[3 1 2],52.5,10,996.6999999999971,0.0,False,7
34,0,4,[3 2 1],952.5,0.5,0.5,0.7840582463037004,MI,[1 2 3],89.0,10,979.5999999999985,0.0,False,7
35,0,0,[3 2 1],952.5,0.5,0.5,0.09796253679151767,SI,[3 1 2],52.5,10,996.6999999999971,0.0,False,7
35,0,1,[3 2 1],952.5,0.5,0.5,0.017740876755160784,SI,[3 1 2],52.5,10,996.6999999999971,0.0,False,7
35,0,2,[3 2 1],952.5,0.5,0.5,0.25278526347014785,SI,[3 1 2],52.5,10,996.6999999999971,0.0,False,7
35,0,3,[3 2 1],952.5,0.5,0.5,0.07656006311604502,SI,[3 1 2],52.5,10,996.6999999999971,0.0,False,7
35,0,4,[3 2 1],952.5,0.5,0.5,0.3675682801485167,SI,[3 1 2],52.5,10,996.6999999999971,0.0,False,7
36,0,0,[3 2 1],952.5,0.5,0.5,0.76497275620226,MI,[1 2 3],89.0,10,979.5999999999985,0.0,False,7
36,0,1,[3 2 1],952.5,0.5,0.5,0.3018766985964433,SI,[3 1 2],52.5,10,996.6999999999971,0.0,False,7
36,0,2,[3 2 1],952.5,0.5,0.5,0.10735356108293548,SI,[3 1 2],52.5,10,996.6999999999971,0.0,False,7
36,0,3,[3 2 1],952.5,0.5,0.5,0.010307355441530053,SI,[3 1 2],52.5,10,996.6999999999971,0.0,False,7
36,0,4,[3 2 1],952.5,0.5,0.5,0.4436814927645685,SI,[3 1 2],52.5,10,996.6999999999971,0.0,False,7
37,0,0,[3 2 1],952.5,0.5,0.5,0.4658362878402281,SI,[3 1 2],52.5,10,996.6999999999971,0.0,False,7
37,0,1,[3 2 1],952.5,0.5,0.5,0.5934089362049996,MI,[1 2 3],89.0,10,979.5999999999985,0.0,False,7
37,0,2,[3 2 1],952.5,0.5,0.5,0.5199420353517981,MI,[1 2 3],89.0,10,979.5999999999985,0.0,False,7
37,0,3,[3 2 1],952.5,0.5,0.5,0.3277950431633816,SI,[3 1 2],52.5,10,996.6999999999971,0.0,False,7
37,0,4,[3 2 1],952.5,0.5,0.5,0.35505395703265785,SI,[3 1 2],52.5,10,996.6999999999971,0.0,False,7
38,0,0,[3 2 1],952.5,0.5,0.5,0.032044547596981054,SI,[3 1 2],52.5,10,996.6999999999971,0.0,False,7
38,0,1,[3 2 1],952.5,0.5,0.5,0.3353202122013912,SI,[3 1 2],52.5,10,996.6999999999971,0.0,False,7
38,0,2,[3 2 1],952.5,0.5,0.5,0.46603301004015196,SI,[3 1 2],52.5,10,996.6999999999971,0.0,False,7
38,0,3,[3 2 1],952.5,0.5,0.5,0.940696274000297,MI,[1 2 3],89.0,10,979.5999999999985,0.0,False,7
38,0,4,[3 2 1],952.5,0.5,0.5,0.07697211659378944,SI,[3 1 2],52.5,10,996.6999999999971,0.0,False,7
39,0,0,[3 2 1],952.5,0.5,0.5,0.18314724606575472,SI,[3 1 2],52.5,10,996.6999999999971,0.0,False,7
39,0,1,[3 2 1],952.5,0.5,0.5,0.2908415767578252,SI,[3 1 2],52.5,10,996.6999999999971,0.0,False,7
39,0,2,[3 2 1],952.5,0.5,0.5,0.4860915488380513,SI,[3 1 2],52.5,10,996.6999999999971,0.0,False,7
39,0,3,[3 2 1],952.5,0.5,0.5,0.8669051706032966,MI,[1 2 3],89.0,10,979.5999999999985,0.0,False,7
39,0,4,[3 2 1],952.5,0.5,0.5,0.13184589152619275,SI,[3 1 2],52.5,10,996.6999999999971,0.0,False,7
40,0,0,[3 2 1],952.5,0.5,0.5,0.0657573423815091,SI,[3 1 2],52.5,10,996.6999999999971,0.0,False,7
40,0,1,[3 2 1],952.5,0.5,0.5,0.009615166472457193,SI,[3 1 2],52.5,10,996.6999999999971,0.0,False,7
40,0,2,[3 2 1],952.5,0.5,0.5,0.1631606245509687,SI,[3 1 2],52.5,10,996.6999999999971,0.0,False,7
40,0,3,[3 2 1],952.5,0.5,0.5,0.5741291778119405,MI,[1 2 3],89.0,10,979.5999999999985,0.0,False,7
40,0,4,[3 2 1],952.5,0.5,0.5,0.28520352332220267,SI,[3 1 2],52.5,10,996.6999999999971,0.0,False,7
41,0,0,[3 2 1],952.5,0.5,0.5,0.3982104097878365,SI,[3 1 2],52.5,10,996.6999999999971,0.0,False,7
41,0,1,[3 2 1],952.5,0.5,0.5,0.4797937164244124,SI,[3 1 2],52.5,10,996.6999999999971,0.0,False,7
41,0,2,[3 2 1],952.5,0.5,0.5,0.21295230053513148,SI,[3 1 2],52.5,10,996.6999999999971,0.0,False,7
41,0,3,[3 2 1],952.5,0.5,0.5,0.37765630966229435,SI,[3 1 2],52.5,10,996.6999999999971,0.0,False,7
41,0,4,[3 2 1],952.5,0.5,0.5,0.42496566820646164,SI,[3 1 2],52.5,10,996.6999999999971,0.0,False,7
42,0,0,[3 2 1],952.5,0.5,0.5,0.29936986319918557,SI,[3 1 2],52.5,10,996.6999999999971,0.0,False,7
42,0,1,[3 2 1],952.5,0.5,0.5,0.25359971153063554,SI,[3 1 2],52.5,10,996.6999999999971,0.0,False,7
42,0,2,[3 2 1],952.5,0.5,0.5,0.6361340897299091,MI,[1 2 3],89.0,10,979.5999999999985,0.0,False,7
42,0,3,[3 2 1],952.5,0.5,0.5,0.42707736182262546,SI,[3 1 2],52.5,10,996.6999999999971,0.0,False,7
42,0,4,[3 2 1],952.5,0.5,0.5,0.0751411284779474,SI,[3 1 2],52.5,10,996.6999999999971,0.0,False,7
43,0,0,[3 2 1],952.5,0.5,0.5,0.47717805156390025,SI,[3 1 2],52.5,10,996.6999999999971,0.0,False,7
43,0,1,[3 2 1],952.5,0.5,0.5,0.49269986709129476,SI,[3 1 2],52.5,10,996.6999999999971,0.0,False,7
43,0,2,[3 2 1],952.5,0.5,0.5,0.43706959685588387,SI,[3 1 2],52.5,10,996.6999999999971,0.0,False,7
43,0,3,[3 2 1],952.5,0.5,0.5,0.21365854140994178,SI,[3 1 2],52.5,10,996.6999999999971,0.0,False,7
43,0,4,[3 2 1],952.5,0.5,0.5,0.14166958130547236,SI,[3 1 2],52.5,10,996.6999999999971,0.0,False,7
44,0,0,[3 2 1],952.5,0.5,0.5,0.04224382273060001,SI,[3 1 2],52.5,10,996.6999999999971,0.0,False,7
44,0,1,[3 2 1],952.5,0.5,0.5,0.1483945885890291,SI,[3 1 2],52.5,10,996.6999999999971,0.0,False,7
44,0,2,[3 2 1],952.5,0.5,0.5,0.49428721454052493,SI,[3 1 2],52.5,10,996.6999999999971,0.0,False,7
44,0,3,[3 2 1],952.5,0.5,0.5,0.8556750691850786,MI,[1 2 3],89.0,10,979.5999999999985,0.0,False,7
44,0,4,[3 2 1],952.5,0.5,0.5,0.23864606775762331,SI,[3 1 2],52.5,10,996.6999999999971,0.0,False,7
45,0,0,[3 2 1],952.5,0.5,0.5,0.3024047397837901,SI,[3 1 2],52.5,10,996.6999999999971,0.0,False,7
45,0,1,[3 2 1],952.5,0.5,0.5,0.3648170492320787,SI,[3 1 2],52.5,10,996.6999999999971,0.0,False,7
45,0,2,[3 2 1],952.5,0.5,0.5,0.42650833746727745,SI,[3 1 2],52.5,10,996.6999999999971,0.0,False,7
45,0,3,[3 2 1],952.5,0.5,0.5,0.023982615930132067,SI,[3 1 2],52.5,10,996.6999999999971,0.0,False,7
45,0,4,[3 2 1],952.5,0.5,0.5,0.19084622502644355,SI,[3 1 2],52.5,10,996.6999999999971,0.0,False,7
46,0,0,[3 2 1],952.5,0.5,0.5,0.12332090728708456,SI,[3 1 2],52.5,10,996.6999999999971,0.0,False,7
46,0,1,[3 2 1],952.5,0.5,0.5,0.3538246030221326,SI,[3 1 2],52.5,10,996.6999999999971,0.0,False,7
46,0,2,[3 2 1],952.5,0.5,0.5,0.19141368094375277,SI,[3 1 2],52.5,10,996.6999999999971,0.0,False,7
46,0,3,[3 2 1],952.5,0.5,0.5,0.25811301332893777,SI,[3 1 2],52.5,10,996.6999999999971,0.0,False,7
46,0,4,[3 2 1],952.5,0.5,0.5,0.47204522055365505,SI,[3 1 2],52.5,10,996.6999999999971,0.0,False,7
47,0,0,[3 2 1],952.5,0.5,0.5,0.3706163868569188,SI,[3 1 2],52.5,10,996.6999999999971,0.0,False,7
47,0,1,[3 2 1],952.5,0.5,0.5,0.01858534628104136,SI,[3 1 2],52.5,10,996.6999999999971,0.0,False,7
47,0,2,[3 2 1],952.5,0.5,0.5,0.0002592336098146131,SI,[3 1 2],52.5,10,996.6999999999971,0.0,False,7
47,0,3,[3 2 1],952.5,0.5,0.5,0.3292094229068042,SI,[3 1 2],52.5,10,996.6999999999971,0.0,False,7
47,0,4,[3 2 1],952.5,0.5,0.5,0.15164023943813487,SI,[3 1 2],52.5,10,996.6999999999971,0.0,False,7
48,0,0,[3 2 1],952.5,0.5,0.5,0.4253252393956485,SI,[3 1 2],52.5,10,996.6999999999971,0.0,False,7
48,0,1,[3 2 1],952.5,0.5,0.5,0.46989714962493545,SI,[3 1 2],52.5,10,996.6999999999971,0.0,False,7
48,0,2,[3 2 1],952.5,0.5,0.5,0.15368226732895607,SI,[3 1 2],52.5,10,996.6999999999971,0.0,False,7
48,0,3,[3 2 1],952.5,0.5,0.5,0.9913868166202771,MI,[1 2 3],89.0,10,979.5999999999985,0.0,False,7
48,0,4,[3 2 1],952.5,0.5,0.5,0.9946553604120325,MI,[1 2 3],89.0,10,979.5999999999985,0.0,False,7
49,0,0,[3 2 1],952.5,0.5,0.5,0.0706387140421807,SI,[3 1 2],52.5,10,996.6999999999971,0.0,False,7
49,0,1,[3 2 1],952.5,0.5,0.5,0.8891631530395422,MI,[1 2 3],89.0,10,979.5999999999985,0.0,False,7
49,0,2,[3 2 1],952.5,0.5,0.5,0.15013822931634513,SI,[3 1 2],52.5,10,996.6999999999971,0.0,False,7
49,0,3,[3 2 1],952.5,0.5,0.5,0.27711696836761035,SI,[3 1 2],52.5,10,996.6999999999971,0.0,False,7
49,0,4,[3 2 1],952.5,0.5,0.5,0.14311057282296524,SI,[3 1 2],52.5,10,996.6999999999971,0.0,False,7
50,0,0,[3 2 1],952.5,0.5,0.5,0.17605195857929756,SI,[3 1 2],52.5,10,996.6999999999971,0.0,False,7
50,0,1,[3 2 1],952.5,0.5,0.5,0.20452639482416857,SI,[3 1 2],52.5,10,996.6999999999971,0.0,False,7
50,0,2,[3 2 1],952.5,0.5,0.5,0.22306390378161423,SI,[3 1 2],52.5,10,996.6999999999971,0.0,False,7
50,0,3,[3 2 1],952.5,0.5,0.5,0.47126040945007197,SI,[3 1 2],52.5,10,996.6999999999971,0.0,False,7
50,0,4,[3 2 1],952.5,0.5,0.5,0.3662872521812982,SI,[3 1 2],52.5,10,996.6999999999971,0.0,False,7
0,1,0,[1 2],796.3000000000029,0.5,0.5,0.07554376105873728,SI,[2 1],116.90000000000003,10,884.4000000000015,0.0,False,8
0,1,1,[1 2],796.3000000000029,0.5,0.5,0.13011784716316188,SI,[2 1],116.90000000000003,10,884.4000000000015,0.0,False,8
0,1,2,[1 2],796.3000000000029,0.5,0.5,0.06709861199006029,SI,[2 1],116.90000000000003,10,884.4000000000015,0.0,False,8
0,1,3,[1 2],796.3000000000029,0.5,0.5,0.3767773281417136,SI,[2 1],116.90000000000003,10,884.4000000000015,0.0,False,8
0,1,4,[1 2],796.3000000000029,0.5,0.5,0.08492803658636283,SI,[2 1],116.90000000000003,10,884.4000000000015,0.0,False,8
1,0,0,[1 2],796.3000000000029,0.5,0.5,0.14589970517915085,SI,[2 1],116.90000000000003,10,884.4000000000015,0.0,False,8
1,0,1,[1 2],796.3000000000029,0.5,0.5,0.14762544470475314,SI,[2 1],116.90000000000003,10,884.4000000000015,0.0,False,8
1,0,2,[1 2],796.3000000000029,0.5,0.5,0.4336331921381965,SI,[2 1],116.90000000000003,10,884.4000000000015,0.0,False,8
1,0,3,[1 2],796.3000000000029,0.5,0.5,0.12898323496722142,SI,[2 1],116.90000000000003,10,884.4000000000015,0.0,False,8
1,0,4,[1 2],796.3000000000029,0.5,0.5,0.05777422001128174,SI,[2 1],116.90000000000003,10,884.4000000000015,0.0,False,8
2,0,0,[1 2],796.3000000000029,0.5,0.5,0.2806352242666257,SI,[2 1],116.90000000000003,10,884.4000000000015,0.0,False,8
2,0,1,[1 2],796.3000000000029,0.5,0.5,0.2133342081836973,SI,[2 1],116.90000000000003,10,884.4000000000015,0.0,False,8
2,0,2,[1 2],796.3000000000029,0.5,0.5,0.377236891205868,SI,[2 1],116.90000000000003,10,884.4000000000015,0.0,False,8
2,0,3,[1 2],796.3000000000029,0.5,0.5,0.03857570936134869,SI,[2 1],116.90000000000003,10,884.4000000000015,0.0,False,8
2,0,4,[1 2],796.3000000000029,0.5,0.5,0.4079673708638136,SI,[2 1],116.90000000000003,10,884.4000000000015,0.0,False,8
3,0,0,[1 2],796.3000000000029,0.5,0.5,0.03530826145059818,SI,[2 1],116.90000000000003,10,884.4000000000015,0.0,False,8
3,0,1,[1 2],796.3000000000029,0.5,0.5,0.42102851942832686,SI,[2 1],116.90000000000003,10,884.4000000000015,0.0,False,8
3,0,2,[1 2],796.3000000000029,0.5,0.5,0.1417799340203716,SI,[2 1],116.90000000000003,10,884.4000000000015,0.0,False,8
3,0,3,[1 2],796.3000000000029,0.5,0.5,0.32922464121793693,SI,[2 1],116.90000000000003,10,884.4000000000015,0.0,False,8
3,0,4,[1 2],796.3000000000029,0.5,0.5,0.1403480154020642,SI,[2 1],116.90000000000003,10,884.4000000000015,0.0,False,8
4,0,0,[1 2],796.3000000000029,0.5,0.5,0.2935037113575002,SI,[2 1],116.90000000000003,10,884.4000000000015,0.0,False,8
4,0,1,[1 2],796.3000000000029,0.5,0.5,0.48036568126026447,SI,[2 1],116.90000000000003,10,884.4000000000015,0.0,False,8
4,0,2,[1 2],796.3000000000029,0.5,0.5,0.2967859299607405,SI,[2 1],116.90000000000003,10,884.4000000000015,0.0,False,8
4,0,3,[1 2],796.3000000000029,0.5,0.5,0.21246099299218735,SI,[2 1],116.90000000000003,10,884.4000000000015,0.0,False,8
4,0,4,[1 2],796.3000000000029,0.5,0.5,0.22616863085287486,SI,[2 1],116.90000000000003,10,884.4000000000015,0.0,False,8
5,0,0,[1 2],796.3000000000029,0.5,0.5,0.1525634846554481,SI,[2 1],116.90000000000003,10,884.4000000000015,0.0,False,8
5,0,1,[1 2],796.3000000000029,0.5,0.5,0.1945338470316823,SI,[2 1],116.90000000000003,10,884.4000000000015,0.0,False,8
5,0,2,[1 2],796.3000000000029,0.5,0.5,0.489075069602261,SI,[2 1],116.90000000000003,10,884.4000000000015,0.0,False,8
5,0,3,[1 2],796.3000000000029,0.5,0.5,0.002074664794772252,SI,[2 1],116.90000000000003,10,884.4000000000015,0.0,False,8
5,0,4,[1 2],796.3000000000029,0.5,0.5,0.2304243268445877,SI,[2 1],116.90000000000003,10,884.4000000000015,0.0,False,8
6,0,0,[1 2],796.3000000000029,0.5,0.5,0.09511750000084529,SI,[2 1],116.90000000000003,10,884.4000000000015,0.0,False,8
6,0,1,[1 2],796.3000000000029,0.5,0.5,0.14905131139975125,SI,[2 1],116.90000000000003,10,884.4000000000015,0.0,False,8
6,0,2,[1 2],796.3000000000029,0.5,0.5,0.4370426846723814,SI,[2 1],116.90000000000003,10,884.4000000000015,0.0,False,8
6,0,3,[1 2],796.3000000000029,0.5,0.5,0.399395421798166,SI,[2 1],116.90000000000003,10,884.4000000000015,0.0,False,8
6,0,4,[1 2],796.3000000000029,0.5,0.5,0.4482895311882683,SI,[2 1],116.90000000000003,10,884.4000000000015,0.0,False,8
7,0,0,[1 2],796.3000000000029,0.5,0.5,0.4334703544886742,SI,[2 1],116.90000000000003,10,884.4000000000015,0.0,False,8
7,0,1,[1 2],796.3000000000029,0.5,0.5,0.06325630726406872,SI,[2 1],116.90000000000003,10,884.4000000000015,0.0,False,8
7,0,2,[1 2],796.3000000000029,0.5,0.5,0.17358756383943086,SI,[2 1],116.90000000000003,10,884.4000000000015,0.0,False,8
7,0,3,[1 2],796.3000000000029,0.5,0.5,0.4390698177842962,SI,[2 1],116.90000000000003,10,884.4000000000015,0.0,False,8
7,0,4,[1 2],796.3000000000029,0.5,0.5,0.3840261089761955,SI,[2 1],116.90000000000003,10,884.4000000000015,0.0,False,8
8,0,0,[1 2],796.3000000000029,0.5,0.5,0.2650161835429131,SI,[2 1],116.90000000000003,10,884.4000000000015,0.0,False,8
8,0,1,[1 2],796.3000000000029,0.5,0.5,0.05613287703850134,SI,[2 1],116.90000000000003,10,884.4000000000015,0.0,False,8
8,0,2,[1 2],796.3000000000029,0.5,0.5,0.4635320705233932,SI,[2 1],116.90000000000003,10,884.4000000000015,0.0,False,8
8,0,3,[1 2],796.3000000000029,0.5,0.5,0.06804166424984326,SI,[2 1],116.90000000000003,10,884.4000000000015,0.0,False,8
8,0,4,[1 2],796.3000000000029,0.5,0.5,0.07038515331765782,SI,[2 1],116.90000000000003,10,884.4000000000015,0.0,False,8
9,0,0,[1 2],796.3000000000029,0.5,0.5,4.8159708160522285e-05,SI,[2 1],116.90000000000003,10,884.4000000000015,0.0,False,8
9,0,1,[1 2],796.3000000000029,0.5,0.5,0.4046727574797605,SI,[2 1],116.90000000000003,10,884.4000000000015,0.0,False,8
9,0,2,[1 2],796.3000000000029,0.5,0.5,0.4647480914909007,SI,[2 1],116.90000000000003,10,884.4000000000015,0.0,False,8
9,0,3,[1 2],796.3000000000029,0.5,0.5,0.23647478467517025,SI,[2 1],116.90000000000003,10,884.4000000000015,0.0,False,8
9,0,4,[1 2],796.3000000000029,0.5,0.5,0.0311233192492284,SI,[2 1],116.90000000000003,10,884.4000000000015,0.0,False,8
10,0,0,[1 2],796.3000000000029,0.5,0.5,0.282949334313053,SI,[2 1],116.90000000000003,10,884.4000000000015,0.0,False,8
10,0,1,[1 2],796.3000000000029,0.5,0.5,0.2621378316789055,SI,[2 1],116.90000000000003,10,884.4000000000015,0.0,False,8
10,0,2,[1 2],796.3000000000029,0.5,0.5,0.292768206617659,SI,[2 1],116.90000000000003,10,884.4000000000015,0.0,False,8
10,0,3,[1 2],796.3000000000029,0.5,0.5,0.30941254831032494,SI,[2 1],116.90000000000003,10,884.4000000000015,0.0,False,8
10,0,4,[1 2],796.3000000000029,0.5,0.5,0.47093950042856336,SI,[2 1],116.90000000000003,10,884.4000000000015,0.0,False,8
11,0,0,[1 2],796.3000000000029,0.5,0.5,0.11411182840659351,SI,[2 1],116.90000000000003,10,884.4000000000015,0.0,False,8
11,0,1,[1 2],796.3000000000029,0.5,0.5,0.19115341056871593,SI,[2 1],116.90000000000003,10,884.4000000000015,0.0,False,8
11,0,2,[1 2],796.3000000000029,0.5,0.5,0.48044912318912725,SI,[2 1],116.90000000000003,10,884.4000000000015,0.0,False,8
11,0,3,[1 2],796.3000000000029,0.5,0.5,0.245743462700731,SI,[2 1],116.90000000000003,10,884.4000000000015,0.0,False,8
11,0,4,[1 2],796.3000000000029,0.5,0.5,0.3896342854539574,SI,[2 1],116.90000000000003,10,884.4000000000015,0.0,False,8
12,0,0,[1 2],796.3000000000029,0.5,0.5,0.1643531033634168,SI,[2 1],116.90000000000003,10,884.4000000000015,0.0,False,8
12,0,1,[1 2],796.3000000000029,0.5,0.5,0.3468152603171666,SI,[2 1],116.90000000000003,10,884.4000000000015,0.0,False,8
12,0,2,[1 2],796.3000000000029,0.5,0.5,0.42301074200526534,SI,[2 1],116.90000000000003,10,884.4000000000015,0.0,False,8
12,0,3,[1 2],796.3000000000029,0.5,0.5,0.25788681926249324,SI,[2 1],116.90000000000003,10,884.4000000000015,0.0,False,8
12,0,4,[1 2],796.3000000000029,0.5,0.5,0.13150777426666604,SI,[2 1],116.90000000000003,10,884.4000000000015,0.0,False,8
13,0,0,[1 2],796.3000000000029,0.5,0.5,0.30257707546501633,SI,[2 1],116.90000000000003,10,884.4000000000015,0.0,False,8
13,0,1,[1 2],796.3000000000029,0.5,0.5,0.38858777859181426,SI,[2 1],116.90000000000003,10,884.4000000000015,0.0,False,8
13,0,2,[1 2],796.3000000000029,0.5,0.5,0.060335781376402164,SI,[2 1],116.90000000000003,10,884.4000000000015,0.0,False,8
13,0,3,[1 2],796.3000000000029,0.5,0.5,0.020239183062207955,SI,[2 1],116.90000000000003,10,884.4000000000015,0.0,False,8
13,0,4,[1 2],796.3000000000029,0.5,0.5,0.4982009611142033,SI,[2 1],116.90000000000003,10,884.4000000000015,0.0,False,8
14,0,0,[1 2],796.3000000000029,0.5,0.5,0.1376257836736432,SI,[2 1],116.90000000000003,10,884.4000000000015,0.0,False,8
14,0,1,[1 2],796.3000000000029,0.5,0.5,0.04946848324450781,SI,[2 1],116.90000000000003,10,884.4000000000015,0.0,False,8
14,0,2,[1 2],796.3000000000029,0.5,0.5,0.21958143348512615,SI,[2 1],116.90000000000003,10,884.4000000000015,0.0,False,8
14,0,3,[1 2],796.3000000000029,0.5,0.5,0.32731933440937144,SI,[2 1],116.90000000000003,10,884.4000000000015,0.0,False,8
14,0,4,[1 2],796.3000000000029,0.5,0.5,0.46550480846172504,SI,[2 1],116.90000000000003,10,884.4000000000015,0.0,False,8
15,0,0,[1 2],796.3000000000029,0.5,0.5,0.36564887475404106,SI,[2 1],116.90000000000003,10,884.4000000000015,0.0,False,8
15,0,1,[1 2],796.3000000000029,0.5,0.5,0.17320202942563223,SI,[2 1],116.90000000000003,10,884.4000000000015,0.0,False,8
15,0,2,[1 2],796.3000000000029,0.5,0.5,0.3298377328537063,SI,[2 1],116.90000000000003,10,884.4000000000015,0.0,False,8
15,0,3,[1 2],796.3000000000029,0.5,0.5,0.15984599154720347,SI,[2 1],116.90000000000003,10,884.4000000000015,0.0,False,8
15,0,4,[1 2],796.3000000000029,0.5,0.5,0.28660793107472415,SI,[2 1],116.90000000000003,10,884.4000000000015,0.0,False,8
16,0,0,[1 2],796.3000000000029,0.5,0.5,0.4527689432249401,SI,[2 1],116.90000000000003,10,884.4000000000015,0.0,False,8
16,0,1,[1 2],796.3000000000029,0.5,0.5,0.10238356481107913,SI,[2 1],116.90000000000003,10,884.4000000000015,0.0,False,8
16,0,2,[1 2],796.3000000000029,0.5,0.5,0.2291420782731225,SI,[2 1],116.90000000000003,10,884.4000000000015,0.0,False,8
16,0,3,[1 2],796.3000000000029,0.5,0.5,0.43987338212338845,SI,[2 1],116.90000000000003,10,884.4000000000015,0.0,False,8
16,0,4,[1 2],796.3000000000029,0.5,0.5,0.20790733197079458,SI,[2 1],116.90000000000003,10,884.4000000000015,0.0,False,8
17,0,0,[1 2],796.3000000000029,0.5,0.5,0.3849193334129529,SI,[2 1],116.90000000000003,10,884.4000000000015,0.0,False,8
17,0,1,[1 2],796.3000000000029,0.5,0.5,0.10600632267134058,SI,[2 1],116.90000000000003,10,884.4000000000015,0.0,False,8
17,0,2,[1 2],796.3000000000029,0.5,0.5,0.23025311472983134,SI,[2 1],116.90000000000003,10,884.4000000000015,0.0,False,8
17,0,3,[1 2],796.3000000000029,0.5,0.5,0.49386855509804073,SI,[2 1],116.90000000000003,10,884.4000000000015,0.0,False,8
17,0,4,[1 2],796.3000000000029,0.5,0.5,0.26560575344070003,SI,[2 1],116.90000000000003,10,884.4000000000015,0.0,False,8
18,0,0,[1 2],796.3000000000029,0.5,0.5,0.19064115057061526,SI,[2 1],116.90000000000003,10,884.4000000000015,0.0,False,8
18,0,1,[1 2],796.3000000000029,0.5,0.5,0.4730832682645959,SI,[2 1],116.90000000000003,10,884.4000000000015,0.0,False,8
18,0,2,[1 2],796.3000000000029,0.5,0.5,0.12505177824706992,SI,[2 1],116.90000000000003,10,884.4000000000015,0.0,False,8
18,0,3,[1 2],796.3000000000029,0.5,0.5,0.7349412020771665,MI,[1 2],inf,10,796.3000000000029,0.0,False,8
18,0,4,[1 2],796.3000000000029,0.5,0.5,0.4560391228234073,SI,[2 1],116.90000000000003,10,884.4000000000015,0.0,False,8
19,0,0,[1 2],796.3000000000029,0.5,0.5,0.2844068018233218,SI,[2 1],116.90000000000003,10,884.4000000000015,0.0,False,8
19,0,1,[1 2],796.3000000000029,0.5,0.5,0.05561882806607166,SI,[2 1],116.90000000000003,10,884.4000000000015,0.0,False,8
19,0,2,[1 2],796.3000000000029,0.5,0.5,0.1494953180438392,SI,[2 1],116.90000000000003,10,884.4000000000015,0.0,False,8
19,0,3,[1 2],796.3000000000029,0.5,0.5,0.10008159711920128,SI,[2 1],116.90000000000003,10,884.4000000000015,0.0,False,8
19,0,4,[1 2],796.3000000000029,0.5,0.5,0.0406431917503528,SI,[2 1],116.90000000000003,10,884.4000000000015,0.0,False,8
20,0,0,[1 2],796.3000000000029,0.5,0.5,0.4447377903728452,SI,[2 1],116.90000000000003,10,884.4000000000015,0.0,False,8
20,0,1,[1 2],796.3000000000029,0.5,0.5,0.010588279780272658,SI,[2 1],116.90000000000003,10,884.4000000000015,0.0,False,8
20,0,2,[1 2],796.3000000000029,0.5,0.5,0.06740751179098847,SI,[2 1],116.90000000000003,10,884.4000000000015,0.0,False,8
20,0,3,[1 2],796.3000000000029,0.5,0.5,0.4813874478718304,SI,[2 1],116.90000000000003,10,884.4000000000015,0.0,False,8
20,0,4,[1 2],796.3000000000029,0.5,0.5,0.12636696544868342,SI,[2 1],116.90000000000003,10,884.4000000000015,0.0,False,8
21,0,0,[1 2],796.3000000000029,0.5,0.5,0.06625804517337663,SI,[2 1],116.90000000000003,10,884.4000000000015,0.0,False,8
21,0,1,[1 2],796.3000000000029,0.5,0.5,0.4730730427722505,SI,[2 1],116.90000000000003,10,884.4000000000015,0.0,False,8
21,0,2,[1 2],796.3000000000029,0.5,0.5,0.3433153904594298,SI,[2 1],116.90000000000003,10,884.4000000000015,0.0,False,8
21,0,3,[1 2],796.3000000000029,0.5,0.5,0.197527400668691,SI,[2 1],116.90000000000003,10,884.4000000000015,0.0,False,8
21,0,4,[1 2],796.3000000000029,0.5,0.5,0.2806699915920441,SI,[2 1],116.90000000000003,10,884.4000000000015,0.0,False,8
22,0,0,[1 2],796.3000000000029,0.5,0.5,0.3201013275332787,SI,[2 1],116.90000000000003,10,884.4000000000015,0.0,False,8
22,0,1,[1 2],796.3000000000029,0.5,0.5,0.376780192703826,SI,[2 1],116.90000000000003,10,884.4000000000015,0.0,False,8
22,0,2,[1 2],796.3000000000029,0.5,0.5,0.2856672794312689,SI,[2 1],116.90000000000003,10,884.4000000000015,0.0,False,8
22,0,3,[1 2],796.3000000000029,0.5,0.5,0.10843057050128402,SI,[2 1],116.90000000000003,10,884.4000000000015,0.0,False,8
22,0,4,[1 2],796.3000000000029,0.5,0.5,0.15154289852447733,SI,[2 1],116.90000000000003,10,884.4000000000015,0.0,False,8
23,0,0,[1 2],796.3000000000029,0.5,0.5,0.23716489896556991,SI,[2 1],116.90000000000003,10,884.4000000000015,0.0,False,8
23,0,1,[1 2],796.3000000000029,0.5,0.5,0.14633742340335099,SI,[2 1],116.90000000000003,10,884.4000000000015,0.0,False,8
23,0,2,[1 2],796.3000000000029,0.5,0.5,0.16102890078897347,SI,[2 1],116.90000000000003,10,884.4000000000015,0.0,False,8
23,0,3,[1 2],796.3000000000029,0.5,0.5,0.3237335109341851,SI,[2 1],116.90000000000003,10,884.4000000000015,0.0,False,8
23,0,4,[1 2],796.3000000000029,0.5,0.5,0.13234304881487313,SI,[2 1],116.90000000000003,10,884.4000000000015,0.0,False,8
24,0,0,[1 2],796.3000000000029,0.5,0.5,0.009057886566624096,SI,[2 1],116.90000000000003,10,884.4000000000015,0.0,False,8
24,0,1,[1 2],796.3000000000029,0.5,0.5,0.37323252455596345,SI,[2 1],116.90000000000003,10,884.4000000000015,0.0,False,8
24,0,2,[1 2],796.3000000000029,0.5,0.5,0.2633971544515462,SI,[2 1],116.90000000000003,10,884.4000000000015,0.0,False,8
24,0,3,[1 2],796.3000000000029,0.5,0.5,0.25789770447621396,SI,[2 1],116.90000000000003,10,884.4000000000015,0.0,False,8
24,0,4,[1 2],796.3000000000029,0.5,0.5,0.4699282097374695,SI,[2 1],116.90000000000003,10,884.4000000000015,0.0,False,8
25,0,0,[1 2],796.3000000000029,0.5,0.5,0.04153605457190224,SI,[2 1],116.90000000000003,10,884.4000000000015,0.0,False,8
25,0,1,[1 2],796.3000000000029,0.5,0.5,0.041457844147535505,SI,[2 1],116.90000000000003,10,884.4000000000015,0.0,False,8
25,0,2,[1 2],796.3000000000029,0.5,0.5,0.48127111197286443,SI,[2 1],116.90000000000003,10,884.4000000000015,0.0,False,8
25,0,3,[1 2],796.3000000000029,0.5,0.5,0.010866191863018071,SI,[2 1],116.90000000000003,10,884.4000000000015,0.0,False,8
25,0,4,[1 2],796.3000000000029,0.5,0.5,0.3128959575051994,SI,[2 1],116.90000000000003,10,884.4000000000015,0.0,False,8
26,0,0,[1 2],796.3000000000029,0.5,0.5,0.18212658868107323,SI,[2 1],116.90000000000003,10,884.4000000000015,0.0,False,8
26,0,1,[1 2],796.3000000000029,0.5,0.5,0.23427390927715963,SI,[2 1],116.90000000000003,10,884.4000000000015,0.0,False,8
26,0,2,[1 2],796.3000000000029,0.5,0.5,0.1535119593271681,SI,[2 1],116.90000000000003,10,884.4000000000015,0.0,False,8
26,0,3,[1 2],796.3000000000029,0.5,0.5,0.016114496024121516,SI,[2 1],116.90000000000003,10,884.4000000000015,0.0,False,8
26,0,4,[1 2],796.3000000000029,0.5,0.5,0.35137358947282393,SI,[2 1],116.90000000000003,10,884.4000000000015,0.0,False,8
27,0,0,[1 2],796.3000000000029,0.5,0.5,0.024799121806019953,SI,[2 1],116.90000000000003,10,884.4000000000015,0.0,False,8
27,0,1,[1 2],796.3000000000029,0.5,0.5,0.39029373294594627,SI,[2 1],116.90000000000003,10,884.4000000000015,0.0,False,8
27,0,2,[1 2],796.3000000000029,0.5,0.5,0.2044126552896227,SI,[2 1],116.90000000000003,10,884.4000000000015,0.0,False,8
27,0,3,[1 2],796.3000000000029,0.5,0.5,0.268348614953579,SI,[2 1],116.90000000000003,10,884.4000000000015,0.0,False,8
27,0,4,[1 2],796.3000000000029,0.5,0.5,0.43639172580977836,SI,[2 1],116.90000000000003,10,884.4000000000015,0.0,False,8
28,0,0,[1 2],796.3000000000029,0.5,0.5,0.2718940360396942,SI,[2 1],116.90000000000003,10,884.4000000000015,0.0,False,8
28,0,1,[1 2],796.3000000000029,0.5,0.5,0.23418636237280377,SI,[2 1],116.90000000000003,10,884.4000000000015,0.0,False,8
28,0,2,[1 2],796.3000000000029,0.5,0.5,0.0721069500047189,SI,[2 1],116.90000000000003,10,884.4000000000015,0.0,False,8
28,0,3,[1 2],796.3000000000029,0.5,0.5,0.028706819842730602,SI,[2 1],116.90000000000003,10,884.4000000000015,0.0,False,8
28,0,4,[1 2],796.3000000000029,0.5,0.5,0.021954680118370873,SI,[2 1],116.90000000000003,10,884.4000000000015,0.0,False,8
29,0,0,[1 2],796.3000000000029,0.5,0.5,0.38292678332243246,SI,[2 1],116.90000000000003,10,884.4000000000015,0.0,False,8
29,0,1,[1 2],796.3000000000029,0.5,0.5,0.03549881103021568,SI,[2 1],116.90000000000003,10,884.4000000000015,0.0,False,8
29,0,2,[1 2],796.3000000000029,0.5,0.5,0.3528413637427076,SI,[2 1],116.90000000000003,10,884.4000000000015,0.0,False,8
29,0,3,[1 2],796.3000000000029,0.5,0.5,0.04865753391446048,SI,[2 1],116.90000000000003,10,884.4000000000015,0.0,False,8
29,0,4,[1 2],796.3000000000029,0.5,0.5,0.036030267703726526,SI,[2 1],116.90000000000003,10,884.4000000000015,0.0,False,8
30,0,0,[1 2],796.3000000000029,0.5,0.5,0.2945765395085844,SI,[2 1],116.90000000000003,10,884.4000000000015,0.0,False,8
30,0,1,[1 2],796.3000000000029,0.5,0.5,0.4367509368837573,SI,[2 1],116.90000000000003,10,884.4000000000015,0.0,False,8
30,0,2,[1 2],796.3000000000029,0.5,0.5,0.1889284342026768,SI,[2 1],116.90000000000003,10,884.4000000000015,0.0,False,8
30,0,3,[1 2],796.3000000000029,0.5,0.5,0.4145064887112261,SI,[2 1],116.90000000000003,10,884.4000000000015,0.0,False,8
30,0,4,[1 2],796.3000000000029,0.5,0.5,0.18916683681746393,SI,[2 1],116.90000000000003,10,884.4000000000015,0.0,False,8
31,0,0,[1 2],796.3000000000029,0.5,0.5,0.19698591625664852,SI,[2 1],116.90000000000003,10,884.4000000000015,0.0,False,8
31,0,1,[1 2],796.3000000000029,0.5,0.5,0.13244097469494343,SI,[2 1],116.90000000000003,10,884.4000000000015,0.0,False,8
31,0,2,[1 2],796.3000000000029,0.5,0.5,0.09837380827397035,SI,[2 1],116.90000000000003,10,884.4000000000015,0.0,False,8
31,0,3,[1 2],796.3000000000029,0.5,0.5,0.026568209527405906,SI,[2 1],116.90000000000003,10,884.4000000000015,0.0,False,8
31,0,4,[1 2],796.3000000000029,0.5,0.5,0.25927774583332386,SI,[2 1],116.90000000000003,10,884.4000000000015,0.0,False,8
32,0,0,[1 2],796.3000000000029,0.5,0.5,0.006410093168877418,SI,[2 1],116.90000000000003,10,884.4000000000015,0.0,False,8
32,0,1,[1 2],796.3000000000029,0.5,0.5,0.22152244577045432,SI,[2 1],116.90000000000003,10,884.4000000000015,0.0,False,8
32,0,2,[1 2],796.3000000000029,0.5,0.5,0.0927739890941478,SI,[2 1],116.90000000000003,10,884.4000000000015,0.0,False,8
32,0,3,[1 2],796.3000000000029,0.5,0.5,0.08410932412420691,SI,[2 1],116.90000000000003,10,884.4000000000015,0.0,False,8
32,0,4,[1 2],796.3000000000029,0.5,0.5,0.02465944306800738,SI,[2 1],116.90000000000003,10,884.4000000000015,0.0,False,8
33,0,0,[1 2],796.3000000000029,0.5,0.5,0.022799991918194262,SI,[2 1],116.90000000000003,10,884.4000000000015,0.0,False,8
33,0,1,[1 2],796.3000000000029,0.5,0.5,0.3558340239771647,SI,[2 1],116.90000000000003,10,884.4000000000015,0.0,False,8
33,0,2,[1 2],796.3000000000029,0.5,0.5,0.049240181193993204,SI,[2 1],116.90000000000003,10,884.4000000000015,0.0,False,8
33,0,3,[1 2],796.3000000000029,0.5,0.5,0.4697218226323192,SI,[2 1],116.90000000000003,10,884.4000000000015,0.0,False,8
33,0,4,[1 2],796.3000000000029,0.5,0.5,0.39999784995389287,SI,[2 1],116.90000000000003,10,884.4000000000015,0.0,False,8
34,0,0,[1 2],796.3000000000029,0.5,0.5,0.2691599174351259,SI,[2 1],116.90000000000003,10,884.4000000000015,0.0,False,8
34,0,1,[1 2],796.3000000000029,0.5,0.5,0.19637092208217455,SI,[2 1],116.90000000000003,10,884.4000000000015,0.0,False,8
34,0,2,[1 2],796.3000000000029,0.5,0.5,0.16234049630058112,SI,[2 1],116.90000000000003,10,884.4000000000015,0.0,False,8
34,0,3,[1 2],796.3000000000029,0.5,0.5,0.17112840989118439,SI,[2 1],116.90000000000003,10,884.4000000000015,0.0,False,8
34,0,4,[1 2],796.3000000000029,0.5,0.5,0.3974820330103457,SI,[2 1],116.90000000000003,10,884.4000000000015,0.0,False,8
35,0,0,[1 2],796.3000000000029,0.5,0.5,0.43257645460668703,SI,[2 1],116.90000000000003,10,884.4000000000015,0.0,False,8
35,0,1,[1 2],796.3000000000029,0.5,0.5,0.2935408981705169,SI,[2 1],116.90000000000003,10,884.4000000000015,0.0,False,8
35,0,2,[1 2],796.3000000000029,0.5,0.5,0.0251787645296655,SI,[2 1],116.90000000000003,10,884.4000000000015,0.0,False,8
35,0,3,[1 2],796.3000000000029,0.5,0.5,0.0964637517257193,SI,[2 1],116.90000000000003,10,884.4000000000015,0.0,False,8
35,0,4,[1 2],796.3000000000029,0.5,0.5,0.19782176713618527,SI,[2 1],116.90000000000003,10,884.4000000000015,0.0,False,8
36,0,0,[1 2],796.3000000000029,0.5,0.5,0.034939947523761505,SI,[2 1],116.90000000000003,10,884.4000000000015,0.0,False,8
36,0,1,[1 2],796.3000000000029,0.5,0.5,0.2691766407259272,SI,[2 1],116.90000000000003,10,884.4000000000015,0.0,False,8
36,0,2,[1 2],796.3000000000029,0.5,0.5,0.18035509665851224,SI,[2 1],116.90000000000003,10,884.4000000000015,0.0,False,8
36,0,3,[1 2],796.3000000000029,0.5,0.5,0.0048349510360120584,SI,[2 1],116.90000000000003,10,884.4000000000015,0.0,False,8
36,0,4,[1 2],796.3000000000029,0.5,0.5,0.2145125585432176,SI,[2 1],116.90000000000003,10,884.4000000000015,0.0,False,8
37,0,0,[1 2],796.3000000000029,0.5,0.5,0.37056247042067225,SI,[2 1],116.90000000000003,10,884.4000000000015,0.0,False,8
37,0,1,[1 2],796.3000000000029,0.5,0.5,0.2435492181990938,SI,[2 1],116.90000000000003,10,884.4000000000015,0.0,False,8
37,0,2,[1 2],796.3000000000029,0.5,0.5,0.017557267317120706,SI,[2 1],116.90000000000003,10,884.4000000000015,0.0,False,8
37,0,3,[1 2],796.3000000000029,0.5,0.5,0.22417622891101463,SI,[2 1],116.90000000000003,10,884.4000000000015,0.0,False,8
37,0,4,[1 2],796.3000000000029,0.5,0.5,0.0005002526525718087,SI,[2 1],116.90000000000003,10,884.4000000000015,0.0,False,8
38,0,0,[1 2],796.3000000000029,0.5,0.5,0.3265102100178985,SI,[2 1],116.90000000000003,10,884.4000000000015,0.0,False,8
38,0,1,[1 2],796.3000000000029,0.5,0.5,0.41181818311220975,SI,[2 1],116.90000000000003,10,884.4000000000015,0.0,False,8
38,0,2,[1 2],796.3000000000029,0.5,0.5,0.29887629539754246,SI,[2 1],116.90000000000003,10,884.4000000000015,0.0,False,8
38,0,3,[1 2],796.3000000000029,0.5,0.5,0.3290021271602328,SI,[2 1],116.90000000000003,10,884.4000000000015,0.0,False,8
38,0,4,[1 2],796.3000000000029,0.5,0.5,0.22866636921430183,SI,[2 1],116.90000000000003,10,884.4000000000015,0.0,False,8
39,0,0,[1 2],796.3000000000029,0.5,0.5,0.04810326238105511,SI,[2 1],116.90000000000003,10,884.4000000000015,0.0,False,8
39,0,1,[1 2],796.3000000000029,0.5,0.5,0.1308216631061514,SI,[2 1],116.90000000000003,10,884.4000000000015,0.0,False,8
39,0,2,[1 2],796.3000000000029,0.5,0.5,0.3765696824194593,SI,[2 1],116.90000000000003,10,884.4000000000015,0.0,False,8
39,0,3,[1 2],796.3000000000029,0.5,0.5,0.07795131562420532,SI,[2 1],116.90000000000003,10,884.4000000000015,0.0,False,8
39,0,4,[1 2],796.3000000000029,0.5,0.5,0.008618296314946261,SI,[2 1],116.90000000000003,10,884.4000000000015,0.0,False,8
40,0,0,[1 2],796.3000000000029,0.5,0.5,0.18290240205488173,SI,[2 1],116.90000000000003,10,884.4000000000015,0.0,False,8
40,0,1,[1 2],796.3000000000029,0.5,0.5,0.4208002290416434,SI,[2 1],116.90000000000003,10,884.4000000000015,0.0,False,8
40,0,2,[1 2],796.3000000000029,0.5,0.5,0.22945759470583582,SI,[2 1],116.90000000000003,10,884.4000000000015,0.0,False,8
40,0,3,[1 2],796.3000000000029,0.5,0.5,0.3665535343313612,SI,[2 1],116.90000000000003,10,884.4000000000015,0.0,False,8
40,0,4,[1 2],796.3000000000029,0.5,0.5,0.1779274077933105,SI,[2 1],116.90000000000003,10,884.4000000000015,0.0,False,8
41,0,0,[1 2],796.3000000000029,0.5,0.5,0.011771154114402549,SI,[2 1],116.90000000000003,10,884.4000000000015,0.0,False,8
41,0,1,[1 2],796.3000000000029,0.5,0.5,0.2511909561803344,SI,[2 1],116.90000000000003,10,884.4000000000015,0.0,False,8
41,0,2,[1 2],796.3000000000029,0.5,0.5,0.44964800483530765,SI,[2 1],116.90000000000003,10,884.4000000000015,0.0,False,8
41,0,3,[1 2],796.3000000000029,0.5,0.5,0.17452705225977394,SI,[2 1],116.90000000000003,10,884.4000000000015,0.0,False,8
41,0,4,[1 2],796.3000000000029,0.5,0.5,0.0969893313114325,SI,[2 1],116.90000000000003,10,884.4000000000015,0.0,False,8
42,0,0,[1 2],796.3000000000029,0.5,0.5,0.4279421219140177,SI,[2 1],116.90000000000003,10,884.4000000000015,0.0,False,8
42,0,1,[1 2],796.3000000000029,0.5,0.5,0.22836217309218498,SI,[2 1],116.90000000000003,10,884.4000000000015,0.0,False,8
42,0,2,[1 2],796.3000000000029,0.5,0.5,0.12465366364232011,SI,[2 1],116.90000000000003,10,884.4000000000015,0.0,False,8
42,0,3,[1 2],796.3000000000029,0.5,0.5,0.3559202004349096,SI,[2 1],116.90000000000003,10,884.4000000000015,0.0,False,8
42,0,4,[1 2],796.3000000000029,0.5,0.5,0.2628952544618489,SI,[2 1],116.90000000000003,10,884.4000000000015,0.0,False,8
43,0,0,[1 2],796.3000000000029,0.5,0.5,0.4294721606139035,SI,[2 1],116.90000000000003,10,884.4000000000015,0.0,False,8
43,0,1,[1 2],796.3000000000029,0.5,0.5,0.4567342855438682,SI,[2 1],116.90000000000003,10,884.4000000000015,0.0,False,8
43,0,2,[1 2],796.3000000000029,0.5,0.5,0.4296538550667235,SI,[2 1],116.90000000000003,10,884.4000000000015,0.0,False,8
43,0,3,[1 2],796.3000000000029,0.5,0.5,0.4156256679407838,SI,[2 1],116.90000000000003,10,884.4000000000015,0.0,False,8
43,0,4,[1 2],796.3000000000029,0.5,0.5,0.33070953410411763,SI,[2 1],116.90000000000003,10,884.4000000000015,0.0,False,8
44,0,0,[1 2],796.3000000000029,0.5,0.5,0.42958844654530637,SI,[2 1],116.90000000000003,10,884.4000000000015,0.0,False,8
44,0,1,[1 2],796.3000000000029,0.5,0.5,0.24872269150464932,SI,[2 1],116.90000000000003,10,884.4000000000015,0.0,False,8
44,0,2,[1 2],796.3000000000029,0.5,0.5,0.20072293972808297,SI,[2 1],116.90000000000003,10,884.4000000000015,0.0,False,8
44,0,3,[1 2],796.3000000000029,0.5,0.5,0.044214255682972325,SI,[2 1],116.90000000000003,10,884.4000000000015,0.0,False,8
44,0,4,[1 2],796.3000000000029,0.5,0.5,0.28676181285954305,SI,[2 1],116.90000000000003,10,884.4000000000015,0.0,False,8
45,0,0,[1 2],796.3000000000029,0.5,0.5,0.37339364135521735,SI,[2 1],116.90000000000003,10,884.4000000000015,0.0,False,8
45,0,1,[1 2],796.3000000000029,0.5,0.5,0.22475977827207305,SI,[2 1],116.90000000000003,10,884.4000000000015,0.0,False,8
45,0,2,[1 2],796.3000000000029,0.5,0.5,0.06078813298499042,SI,[2 1],116.90000000000003,10,884.4000000000015,0.0,False,8
45,0,3,[1 2],796.3000000000029,0.5,0.5,0.26300075247869004,SI,[2 1],116.90000000000003,10,884.4000000000015,0.0,False,8
45,0,4,[1 2],796.3000000000029,0.5,0.5,0.06287425779351086,SI,[2 1],116.90000000000003,10,884.4000000000015,0.0,False,8
46,0,0,[1 2],796.3000000000029,0.5,0.5,0.39019524571627684,SI,[2 1],116.90000000000003,10,884.4000000000015,0.0,False,8
46,0,1,[1 2],796.3000000000029,0.5,0.5,0.14075041789801612,SI,[2 1],116.90000000000003,10,884.4000000000015,0.0,False,8
46,0,2,[1 2],796.3000000000029,0.5,0.5,0.3132994890349522,SI,[2 1],116.90000000000003,10,884.4000000000015,0.0,False,8
46,0,3,[1 2],796.3000000000029,0.5,0.5,0.2347971082316036,SI,[2 1],116.90000000000003,10,884.4000000000015,0.0,False,8
46,0,4,[1 2],796.3000000000029,0.5,0.5,0.2506731434805608,SI,[2 1],116.90000000000003,10,884.4000000000015,0.0,False,8
47,0,0,[1 2],796.3000000000029,0.5,0.5,0.01529516478389692,SI,[2 1],116.90000000000003,10,884.4000000000015,0.0,False,8
47,0,1,[1 2],796.3000000000029,0.5,0.5,0.09199484624423404,SI,[2 1],116.90000000000003,10,884.4000000000015,0.0,False,8
47,0,2,[1 2],796.3000000000029,0.5,0.5,0.3809215949267778,SI,[2 1],116.90000000000003,10,884.4000000000015,0.0,False,8
47,0,3,[1 2],796.3000000000029,0.5,0.5,0.1554366832843379,SI,[2 1],116.90000000000003,10,884.4000000000015,0.0,False,8
47,0,4,[1 2],796.3000000000029,0.5,0.5,0.38615128067449667,SI,[2 1],116.90000000000003,10,884.4000000000015,0.0,False,8
48,0,0,[1 2],796.3000000000029,0.5,0.5,0.30976525613764183,SI,[2 1],116.90000000000003,10,884.4000000000015,0.0,False,8
48,0,1,[1 2],796.3000000000029,0.5,0.5,0.49685230721314066,SI,[2 1],116.90000000000003,10,884.4000000000015,0.0,False,8
48,0,2,[1 2],796.3000000000029,0.5,0.5,0.03767356444537051,SI,[2 1],116.90000000000003,10,884.4000000000015,0.0,False,8
48,0,3,[1 2],796.3000000000029,0.5,0.5,0.05390750273993694,SI,[2 1],116.90000000000003,10,884.4000000000015,0.0,False,8
48,0,4,[1 2],796.3000000000029,0.5,0.5,0.15646767659687333,SI,[2 1],116.90000000000003,10,884.4000000000015,0.0,False,8
49,0,0,[1 2],796.3000000000029,0.5,0.5,0.27210403974171016,SI,[2 1],116.90000000000003,10,884.4000000000015,0.0,False,8
49,0,1,[1 2],796.3000000000029,0.5,0.5,0.14995346206508908,SI,[2 1],116.90000000000003,10,884.4000000000015,0.0,False,8
49,0,2,[1 2],796.3000000000029,0.5,0.5,0.4029731393819107,SI,[2 1],116.90000000000003,10,884.4000000000015,0.0,False,8
49,0,3,[1 2],796.3000000000029,0.5,0.5,0.07225987354935115,SI,[2 1],116.90000000000003,10,884.4000000000015,0.0,False,8
49,0,4,[1 2],796.3000000000029,0.5,0.5,0.2088624597931571,SI,[2 1],116.90000000000003,10,884.4000000000015,0.0,False,8
50,0,0,[1 2],796.3000000000029,0.5,0.5,0.24792164186426213,SI,[2 1],116.90000000000003,10,884.4000000000015,0.0,False,8
50,0,1,[1 2],796.3000000000029,0.5,0.5,0.04598937940966985,SI,[2 1],116.90000000000003,10,884.4000000000015,0.0,False,8
50,0,2,[1 2],796.3000000000029,0.5,0.5,0.1319889802181946,SI,[2 1],116.90000000000003,10,884.4000000000015,0.0,False,8
50,0,3,[1 2],796.3000000000029,0.5,0.5,0.32393058980804157,SI,[2 1],116.90000000000003,10,884.4000000000015,0.0,False,8
50,0,4,[1 2],796.3000000000029,0.5,0.5,0.3993663801140773,SI,[2 1],116.90000000000003,10,884.4000000000015,0.0,False,8
