generation,individual,cycle,s_before,f_ini,rho_SI_before,rho_MI_before,random,operator,best_neighbor,best_delta,num_neighbors,f_imp,eta,improved,epoch
0,8,0,[2 1 3],781.3999999999978,0.5,0.5,0.411787878969053,SI,[2 3 1],17.30000000000001,10,795.1999999999971,0.0,False,0
0,8,1,[2 1 3],781.3999999999978,0.5,0.5,0.8346256718973729,MI,[3 1 2],60.7,10,795.399999999976,0.0,False,0
0,8,2,[2 1 3],781.3999999999978,0.5,0.5,0.49305959354474593,SI,[2 3 1],17.30000000000001,10,795.1999999999971,0.0,False,0
0,8,3,[2 1 3],781.3999999999978,0.5,0.5,0.361261020211621,SI,[2 3 1],17.30000000000001,10,795.1999999999971,0.0,False,0
0,8,4,[2 1 3],781.3999999999978,0.5,0.5,0.3553103624164283,SI,[3 1 2],60.7,10,795.399999999976,0.0,False,0
1,0,0,[2 1 3],781.3999999999978,0.5,0.5,0.012555980159115854,SI,[2 3 1],17.30000000000001,10,795.1999999999971,0.0,False,0
1,0,1,[2 1 3],781.3999999999978,0.5,0.5,0.21565028090279115,SI,[2 3 1],17.30000000000001,10,795.1999999999971,0.0,False,0
1,0,2,[2 1 3],781.3999999999978,0.5,0.5,0.4621525128552284,SI,[3 1 2],60.7,10,795.399999999976,0.0,False,0
1,0,3,[2 1 3],781.3999999999978,0.5,0.5,0.16540611484625978,SI,[2 3 1],17.30000000000001,10,795.1999999999971,0.0,False,0
1,0,4,[2 1 3],781.3999999999978,0.5,0.5,0.012712665062582507,SI,[2 3 1],17.30000000000001,10,795.1999999999971,0.0,False,0
2,0,0,[2 1 3],781.3999999999978,0.5,0.5,0.32268099683674645,SI,[2 3 1],17.30000000000001,10,795.1999999999971,0.0,False,0
2,0,1,[2 1 3],781.3999999999978,0.5,0.5,0.18511430600649503,SI,[2 3 1],17.30000000000001,10,795.1999999999971,0.0,False,0
2,0,2,[2 1 3],781.3999999999978,0.5,0.5,0.23821091639114256,SI,[2 3 1],17.30000000000001,10,795.1999999999971,0.0,False,0
2,0,3,[2 1 3],781.3999999999978,0.5,0.5,0.008912676633852978,SI,[2 3 1],17.30000000000001,10,795.1999999999971,0.0,False,0
2,0,4,[2 1 3],781.3999999999978,0.5,0.5,0.2220491397999227,SI,[2 3 1],17.30000000000001,10,795.1999999999971,0.0,False,0
3,0,0,[2 1 3],781.3999999999978,0.5,0.5,0.9211335812283704,MI,[3 1 2],60.7,10,795.399999999976,0.0,False,0
3,0,1,[2 1 3],781.3999999999978,0.5,0.5,0.4585231823191894,SI,[2 3 1],17.30000000000001,10,795.1999999999971,0.0,False,0
3,0,2,[2 1 3],781.3999999999978,0.5,0.5,0.01833264291300729,SI,[2 3 1],17.30000000000001,10,795.1999999999971,0.0,False,0
3,0,3,[2 1 3],781.3999999999978,0.5,0.5,0.10621128233535548,SI,[2 3 1],17.30000000000001,10,795.1999999999971,0.0,False,0
3,0,4,[2 1 3],781.3999999999978,0.5,0.5,0.6960053958431593,MI,[3 1 2],60.7,10,795.399999999976,0.0,False,0
4,0,0,[2 1 3],781.3999999999978,0.5,0.5,0.4067028703340123,SI,[3 1 2],60.7,10,795.399999999976,0.0,False,0
4,0,1,[2 1 3],781.3999999999978,0.5,0.5,0.10766387594368387,SI,[2 3 1],17.30000000000001,10,795.1999999999971,0.0,False,0
4,0,2,[2 1 3],781.3999999999978,0.5,0.5,0.20933243431218862,SI,[2 3 1],17.30000000000001,10,795.1999999999971,0.0,False,0
4,0,3,[2 1 3],781.3999999999978,0.5,0.5,0.46385778390029564,SI,[2 3 1],17.30000000000001,10,795.1999999999971,0.0,False,0
4,0,4,[2 1 3],781.3999999999978,0.5,0.5,0.45810094977690585,SI,[2 3 1],17.30000000000001,10,795.1999999999971,0.0,False,0
5,0,0,[2 1 3],781.3999999999978,0.5,0.5,0.18874506687718595,SI,[2 3 1],17.30000000000001,10,795.1999999999971,0.0,False,0
5,0,1,[2 1 3],781.3999999999978,0.5,0.5,0.19996500074940649,SI,[2 3 1],17.30000000000001,10,795.1999999999971,0.0,False,0
5,0,2,[2 1 3],781.3999999999978,0.5,0.5,0.600379832883059,MI,[3 1 2],60.7,10,795.399999999976,0.0,False,0
5,0,3,[2 1 3],781.3999999999978,0.5,0.5,0.7229151935562137,MI,[3 1 2],60.7,10,795.399999999976,0.0,False,0
5,0,4,[2 1 3],781.3999999999978,0.5,0.5,0.2755838908054532,SI,[2 3 1],17.30000000000001,10,795.1999999999971,0.0,False,0
6,0,0,[2 1 3],781.3999999999978,0.5,0.5,0.008939102371245067,SI,[2 3 1],17.30000000000001,10,795.1999999999971,0.0,False,0
6,0,1,[2 1 3],781.3999999999978,0.5,0.5,0.4398308142085725,SI,[2 3 1],17.30000000000001,10,795.1999999999971,0.0,False,0
6,0,2,[2 1 3],781.3999999999978,0.5,0.5,0.014003556274473028,SI,[2 3 1],17.30000000000001,10,795.1999999999971,0.0,False,0
6,0,3,[2 1 3],781.3999999999978,0.5,0.5,0.0967740216875026,SI,[2 3 1],17.30000000000001,10,795.1999999999971,0.0,False,0
6,0,4,[2 1 3],781.3999999999978,0.5,0.5,0.2282057333504841,SI,[2 3 1],17.30000000000001,10,795.1999999999971,0.0,False,0
7,0,0,[2 1 3],781.3999999999978,0.5,0.5,0.060331482221095856,SI,[2 3 1],17.30000000000001,10,795.1999999999971,0.0,False,0
7,0,1,[2 1 3],781.3999999999978,0.5,0.5,0.10140652674190997,SI,[2 3 1],17.30000000000001,10,795.1999999999971,0.0,False,0
7,0,2,[2 1 3],781.3999999999978,0.5,0.5,0.5457548314755368,MI,[3 1 2],60.7,10,795.399999999976,0.0,False,0
7,0,3,[2 1 3],781.3999999999978,0.5,0.5,0.002296829078111795,SI,[2 3 1],17.30000000000001,10,795.1999999999971,0.0,False,0
7,0,4,[2 1 3],781.3999999999978,0.5,0.5,0.4754964376131705,SI,[2 3 1],17.30000000000001,10,795.1999999999971,0.0,False,0
8,0,0,[2 1 3],781.3999999999978,0.5,0.5,0.4466350458236905,SI,[2 3 1],17.30000000000001,10,795.1999999999971,0.0,False,0
8,0,1,[2 1 3],781.3999999999978,0.5,0.5,0.07602387944210687,SI,[2 3 1],17.30000000000001,10,795.1999999999971,0.0,False,0
8,0,2,[2 1 3],781.3999999999978,0.5,0.5,0.430471782744975,SI,[2 3 1],17.30000000000001,10,795.1999999999971,0.0,False,0
8,0,3,[2 1 3],781.3999999999978,0.5,0.5,0.6174610120171561,MI,[3 1 2],60.7,10,795.399999999976,0.0,False,0
8,0,4,[2 1 3],781.3999999999978,0.5,0.5,0.0816239827150681,SI,[3 1 2],60.7,10,795.399999999976,0.0,False,0
9,0,0,[2 1 3],781.3999999999978,0.5,0.5,0.8448725182357391,MI,[3 1 2],60.7,10,795.399999999976,0.0,False,0
9,0,1,[2 1 3],781.3999999999978,0.5,0.5,0.1925560209550684,SI,[2 3 1],17.30000000000001,10,795.1999999999971,0.0,False,0
9,0,2,[2 1 3],781.3999999999978,0.5,0.5,0.44034708683123824,SI,[2 3 1],17.30000000000001,10,795.1999999999971,0.0,False,0
9,0,3,[2 1 3],781.3999999999978,0.5,0.5,0.24444799937161088,SI,[2 3 1],17.30000000000001,10,795.1999999999971,0.0,False,0
9,0,4,[2 1 3],781.3999999999978,0.5,0.5,0.2955940995271299,SI,[2 3 1],17.30000000000001,10,795.1999999999971,0.0,False,0
10,0,0,[2 1 3],781.3999999999978,0.5,0.5,0.47465416901838453,SI,[2 3 1],17.30000000000001,10,795.1999999999971,0.0,False,0
10,0,1,[2 1 3],781.3999999999978,0.5,0.5,0.48719390907342375,SI,[2 3 1],17.30000000000001,10,795.1999999999971,0.0,False,0
10,0,2,[2 1 3],781.3999999999978,0.5,0.5,0.18846839966641848,SI,[2 3 1],17.30000000000001,10,795.1999999999971,0.0,False,0
10,0,3,[2 1 3],781.3999999999978,0.5,0.5,0.1293844571195123,SI,[3 1 2],60.7,10,795.399999999976,0.0,False,0
10,0,4,[2 1 3],781.3999999999978,0.5,0.5,0.6894056692013185,MI,[3 1 2],60.7,10,795.399999999976,0.0,False,0
11,0,0,[2 1 3],781.3999999999978,0.5,0.5,0.07161027944180454,SI,[2 3 1],17.30000000000001,10,795.1999999999971,0.0,False,0
11,0,1,[2 1 3],781.3999999999978,0.5,0.5,0.5893149937539377,MI,[3 1 2],60.7,10,795.399999999976,0.0,False,0
11,0,2,[2 1 3],781.3999999999978,0.5,0.5,0.4410066204088712,SI,[2 3 1],17.30000000000001,10,795.1999999999971,0.0,False,0
11,0,3,[2 1 3],781.3999999999978,0.5,0.5,0.28967274983744973,SI,[2 3 1],17.30000000000001,10,795.1999999999971,0.0,False,0
11,0,4,[2 1 3],781.3999999999978,0.5,0.5,0.4923612121778643,SI,[2 3 1],17.30000000000001,10,795.1999999999971,0.0,False,0
12,0,0,[2 1 3],781.3999999999978,0.5,0.5,0.09539262929052461,SI,[2 3 1],17.30000000000001,10,795.1999999999971,0.0,False,0
12,0,1,[2 1 3],781.3999999999978,0.5,0.5,0.18864742813405644,SI,[2 3 1],17.30000000000001,10,795.1999999999971,0.0,False,0
12,0,2,[2 1 3],781.3999999999978,0.5,0.5,0.08567137305052686,SI,[3 1 2],60.7,10,795.399999999976,0.0,False,0
12,0,3,[2 1 3],781.3999999999978,0.5,0.5,0.2835445136036545,SI,[2 3 1],17.30000000000001,10,795.1999999999971,0.0,False,0
12,0,4,[2 1 3],781.3999999999978,0.5,0.5,0.06275514859805953,SI,[2 3 1],17.30000000000001,10,795.1999999999971,0.0,False,0
13,0,0,[2 1 3],781.3999999999978,0.5,0.5,0.075623385274874,SI,[2 3 1],17.30000000000001,10,795.1999999999971,0.0,False,0
13,0,1,[2 1 3],781.3999999999978,0.5,0.5,0.08353420706174108,SI,[2 3 1],17.30000000000001,10,795.1999999999971,0.0,False,0
13,0,2,[2 1 3],781.3999999999978,0.5,0.5,0.25460075566057694,SI,[2 3 1],17.30000000000001,10,795.1999999999971,0.0,False,0
13,0,3,[2 1 3],781.3999999999978,0.5,0.5,0.18373941187600173,SI,[2 3 1],17.30000000000001,10,795.1999999999971,0.0,False,0
13,0,4,[2 1 3],781.3999999999978,0.5,0.5,0.7176513701581623,MI,[3 1 2],60.7,10,795.399999999976,0.0,False,0
14,0,0,[2 1 3],781.3999999999978,0.5,0.5,0.09040971569479861,SI,[2 3 1],17.30000000000001,10,795.1999999999971,0.0,False,0
14,0,1,[2 1 3],781.3999999999978,0.5,0.5,0.20708142182657685,SI,[2 3 1],17.30000000000001,10,795.1999999999971,0.0,False,0
14,0,2,[2 1 3],781.3999999999978,0.5,0.5,0.2502108371495446,SI,[2 3 1],17.30000000000001,10,795.1999999999971,0.0,False,0
14,0,3,[2 1 3],781.3999999999978,0.5,0.5,0.24014510204081818,SI,[2 3 1],17.30000000000001,10,795.1999999999971,0.0,False,0
14,0,4,[2 1 3],781.3999999999978,0.5,0.5,0.4798480964810551,SI,[2 3 1],17.30000000000001,10,795.1999999999971,0.0,False,0
15,0,0,[2 1 3],781.3999999999978,0.5,0.5,0.030723970771252218,SI,[2 3 1],17.30000000000001,10,795.1999999999971,0.0,False,0
15,0,1,[2 1 3],781.3999999999978,0.5,0.5,0.2959350518874113,SI,[2 3 1],17.30000000000001,10,795.1999999999971,0.0,False,0
15,0,2,[2 1 3],781.3999999999978,0.5,0.5,0.39564827226754884,SI,[2 3 1],17.30000000000001,10,795.1999999999971,0.0,False,0
15,0,3,[2 1 3],781.3999999999978,0.5,0.5,0.3750983827995281,SI,[2 3 1],17.30000000000001,10,795.1999999999971,0.0,False,0
15,0,4,[2 1 3],781.3999999999978,0.5,0.5,0.3771425925851466,SI,[2 3 1],17.30000000000001,10,795.1999999999971,0.0,False,0
16,0,0,[2 1 3],781.3999999999978,0.5,0.5,0.49338342577868843,SI,[3 1 2],60.7,10,795.399999999976,0.0,False,0
16,0,1,[2 1 3],781.3999999999978,0.5,0.5,0.48176946013509725,SI,[2 3 1],17.30000000000001,10,795.1999999999971,0.0,False,0
16,0,2,[2 1 3],781.3999999999978,0.5,0.5,0.42880069291408873,SI,[2 3 1],17.30000000000001,10,795.1999999999971,0.0,False,0
16,0,3,[2 1 3],781.3999999999978,0.5,0.5,0.13238149356273743,SI,[2 3 1],17.30000000000001,10,795.1999999999971,0.0,False,0
16,0,4,[2 1 3],781.3999999999978,0.5,0.5,0.31929773707461884,SI,[2 3 1],17.30000000000001,10,795.1999999999971,0.0,False,0
17,0,0,[2 1 3],781.3999999999978,0.5,0.5,0.2724008501293822,SI,[2 3 1],17.30000000000001,10,795.1999999999971,0.0,False,0
17,0,1,[2 1 3],781.3999999999978,0.5,0.5,0.11001287627224243,SI,[2 3 1],17.30000000000001,10,795.1999999999971,0.0,False,0
17,0,2,[2 1 3],781.3999999999978,0.5,0.5,0.9225516505203767,MI,[3 1 2],60.7,10,795.399999999976,0.0,False,0
17,0,3,[2 1 3],781.3999999999978,0.5,0.5,0.14756883769994755,SI,[2 3 1],17.30000000000001,10,795.1999999999971,0.0,False,0
17,0,4,[2 1 3],781.3999999999978,0.5,0.5,0.19008705047994057,SI,[2 3 1],17.30000000000001,10,795.1999999999971,0.0,False,0
18,0,0,[2 1 3],781.3999999999978,0.5,0.5,0.2824106332764751,SI,[2 3 1],17.30000000000001,10,795.1999999999971,0.0,False,0
18,0,1,[2 1 3],781.3999999999978,0.5,0.5,0.2935669571532038,SI,[2 3 1],17.30000000000001,10,795.1999999999971,0.0,False,0
18,0,2,[2 1 3],781.3999999999978,0.5,0.5,0.2035603776619016,SI,[2 3 1],17.30000000000001,10,795.1999999999971,0.0,False,0
18,0,3,[2 1 3],781.3999999999978,0.5,0.5,0.47882340118547173,SI,[2 3 1],17.30000000000001,10,795.1999999999971,0.0,False,0
18,0,4,[2 1 3],781.3999999999978,0.5,0.5,0.2744741128035708,SI,[2 3 1],17.30000000000001,10,795.1999999999971,0.0,False,0
19,0,0,[2 1 3],781.3999999999978,0.5,0.5,0.47680346484020397,SI,[2 3 1],17.30000000000001,10,795.1999999999971,0.0,False,0
19,0,1,[2 1 3],781.3999999999978,0.5,0.5,0.5791615518035224,MI,[3 1 2],60.7,10,795.399999999976,0.0,False,0
19,0,2,[2 1 3],781.3999999999978,0.5,0.5,0.41833267753500747,SI,[2 3 1],17.30000000000001,10,795.1999999999971,0.0,False,0
19,0,3,[2 1 3],781.3999999999978,0.5,0.5,0.03198418437577388,SI,[2 3 1],17.30000000000001,10,795.1999999999971,0.0,False,0
19,0,4,[2 1 3],781.3999999999978,0.5,0.5,0.44137923095350085,SI,[2 3 1],17.30000000000001,10,795.1999999999971,0.0,False,0
20,0,0,[2 1 3],781.3999999999978,0.5,0.5,0.13339403014523998,SI,[2 3 1],17.30000000000001,10,795.1999999999971,0.0,False,0
20,0,1,[2 1 3],781.3999999999978,0.5,0.5,0.09758261797608447,SI,[2 3 1],17.30000000000001,10,795.1999999999971,0.0,False,0
20,0,2,[2 1 3],781.3999999999978,0.5,0.5,0.059528607140071355,SI,[3 1 2],60.7,10,795.399999999976,0.0,False,0
20,0,3,[2 1 3],781.3999999999978,0.5,0.5,0.3367210897450549,SI,[2 3 1],17.30000000000001,10,795.1999999999971,0.0,False,0
20,0,4,[2 1 3],781.3999999999978,0.5,0.5,0.1808111995712416,SI,[2 3 1],17.30000000000001,10,795.1999999999971,0.0,False,0
21,0,0,[2 1 3],781.3999999999978,0.5,0.5,0.3487267695476459,SI,[2 3 1],17.30000000000001,10,795.1999999999971,0.0,False,0
21,0,1,[2 1 3],781.3999999999978,0.5,0.5,0.7796376980151244,MI,[3 1 2],60.7,10,795.399999999976,0.0,False,0
21,0,2,[2 1 3],781.3999999999978,0.5,0.5,0.4330199859612206,SI,[2 3 1],17.30000000000001,10,795.1999999999971,0.0,False,0
21,0,3,[2 1 3],781.3999999999978,0.5,0.5,0.12774331390359328,SI,[2 3 1],17.30000000000001,10,795.1999999999971,0.0,False,0
21,0,4,[2 1 3],781.3999999999978,0.5,0.5,0.008931736576852423,SI,[2 3 1],17.30000000000001,10,795.1999999999971,0.0,False,0
22,0,0,[2 1 3],781.3999999999978,0.5,0.5,0.021839531341903196,SI,[2 3 1],17.30000000000001,10,795.1999999999971,0.0,False,0
22,0,1,[2 1 3],781.3999999999978,0.5,0.5,0.4187086750571659,SI,[2 3 1],17.30000000000001,10,795.1999999999971,0.0,False,0
22,0,2,[2 1 3],781.3999999999978,0.5,0.5,0.35131832035819255,SI,[2 3 1],17.30000000000001,10,795.1999999999971,0.0,False,0
22,0,3,[2 1 3],781.3999999999978,0.5,0.5,0.3427936484099118,SI,[2 3 1],17.30000000000001,10,795.1999999999971,0.0,False,0
22,0,4,[2 1 3],781.3999999999978,0.5,0.5,0.426481131696289,SI,[2 3 1],17.30000000000001,10,795.1999999999971,0.0,False,0
23,0,0,[2 1 3],781.3999999999978,0.5,0.5,0.48533745396838057,SI,[2 3 1],17.30000000000001,10,795.1999999999971,0.0,False,0
23,0,1,[2 1 3],781.3999999999978,0.5,0.5,0.10315471974905666,SI,[2 3 1],17.30000000000001,10,795.1999999999971,0.0,False,0
23,0,2,[2 1 3],781.3999999999978,0.5,0.5,0.17627612798343162,SI,[2 3 1],17.30000000000001,10,795.1999999999971,0.0,False,0
23,0,3,[2 1 3],781.3999999999978,0.5,0.5,0.6323145936269998,MI,[3 1 2],60.7,10,795.399999999976,0.0,False,0
23,0,4,[2 1 3],781.3999999999978,0.5,0.5,0.6960809920757874,MI,[3 1 2],60.7,10,795.399999999976,0.0,False,0
24,0,0,[2 1 3],781.3999999999978,0.5,0.5,0.44942361496295014,SI,[2 3 1],17.30000000000001,10,795.1999999999971,0.0,False,0
24,0,1,[2 1 3],781.3999999999978,0.5,0.5,0.006083161774998458,SI,[2 3 1],17.30000000000001,10,795.1999999999971,0.0,False,0
24,0,2,[2 1 3],781.3999999999978,0.5,0.5,0.1649558077473734,SI,[2 3 1],17.30000000000001,10,795.1999999999971,0.0,False,0
24,0,3,[2 1 3],781.3999999999978,0.5,0.5,0.4552957104595865,SI,[2 3 1],17.30000000000001,10,795.1999999999971,0.0,False,0
24,0,4,[2 1 3],781.3999999999978,0.5,0.5,0.9957141636093743,MI,[3 1 2],60.7,10,795.399999999976,0.0,False,0
25,0,0,[2 1 3],781.3999999999978,0.5,0.5,0.11122103322229626,SI,[2 3 1],17.30000000000001,10,795.1999999999971,0.0,False,0
25,0,1,[2 1 3],781.3999999999978,0.5,0.5,0.09851593173785,SI,[2 3 1],17.30000000000001,10,795.1999999999971,0.0,False,0
25,0,2,[2 1 3],781.3999999999978,0.5,0.5,0.05203774055532051,SI,[2 3 1],17.30000000000001,10,795.1999999999971,0.0,False,0
25,0,3,[2 1 3],781.3999999999978,0.5,0.5,0.9068904925393708,MI,[3 1 2],60.7,10,795.399999999976,0.0,False,0
25,0,4,[2 1 3],781.3999999999978,0.5,0.5,0.27209301429327437,SI,[2 3 1],17.30000000000001,10,795.1999999999971,0.0,False,0
26,0,0,[2 1 3],781.3999999999978,0.5,0.5,0.2587217075066073,SI,[2 3 1],17.30000000000001,10,795.1999999999971,0.0,False,0
26,0,1,[2 1 3],781.3999999999978,0.5,0.5,0.1682908741234762,SI,[2 3 1],17.30000000000001,10,795.1999999999971,0.0,False,0
26,0,2,[2 1 3],781.3999999999978,0.5,0.5,0.9209130038047522,MI,[3 1 2],60.7,10,795.399999999976,0.0,False,0
26,0,3,[2 1 3],781.3999999999978,0.5,0.5,0.4213264176064184,SI,[2 3 1],17.30000000000001,10,795.1999999999971,0.0,False,0
26,0,4,[2 1 3],781.3999999999978,0.5,0.5,0.3357151077556031,SI,[2 3 1],17.30000000000001,10,795.1999999999971,0.0,False,0
27,0,0,[2 1 3],781.3999999999978,0.5,0.5,0.12221237823698328,SI,[2 3 1],17.30000000000001,10,795.1999999999971,0.0,False,0
27,0,1,[2 1 3],781.3999999999978,0.5,0.5,0.4954974347471134,SI,[2 3 1],17.30000000000001,10,795.1999999999971,0.0,False,0
27,0,2,[2 1 3],781.3999999999978,0.5,0.5,0.4640673127384435,SI,[2 3 1],17.30000000000001,10,795.1999999999971,0.0,False,0
27,0,3,[2 1 3],781.3999999999978,0.5,0.5,0.44199172319920355,SI,[2 3 1],17.30000000000001,10,795.1999999999971,0.0,False,0
27,0,4,[2 1 3],781.3999999999978,0.5,0.5,0.9550026264378205,MI,[3 1 2],60.7,10,795.399999999976,0.0,False,0
28,0,0,[2 1 3],781.3999999999978,0.5,0.5,0.412392608220297,SI,[2 3 1],17.30000000000001,10,795.1999999999971,0.0,False,0
28,0,1,[2 1 3],781.3999999999978,0.5,0.5,0.376062104391373,SI,[2 3 1],17.30000000000001,10,795.1999999999971,0.0,False,0
28,0,2,[2 1 3],781.3999999999978,0.5,0.5,0.12255336491136315,SI,[2 3 1],17.30000000000001,10,795.1999999999971,0.0,False,0
28,0,3,[2 1 3],781.3999999999978,0.5,0.5,0.7509025596645666,MI,[3 1 2],60.7,10,795.399999999976,0.0,False,0
28,0,4,[2 1 3],781.3999999999978,0.5,0.5,0.24985849266111815,SI,[2 3 1],17.30000000000001,10,795.1999999999971,0.0,False,0
29,0,0,[2 1 3],781.3999999999978,0.5,0.5,0.2874728742023305,SI,[2 3 1],17.30000000000001,10,795.1999999999971,0.0,False,0
29,0,1,[2 1 3],781.3999999999978,0.5,0.5,0.26922353350171446,SI,[2 3 1],17.30000000000001,10,795.1999999999971,0.0,False,0
29,0,2,[2 1 3],781.3999999999978,0.5,0.5,0.4558272856107348,SI,[2 3 1],17.30000000000001,10,795.1999999999971,0.0,False,0
29,0,3,[2 1 3],781.3999999999978,0.5,0.5,0.41557172071663584,SI,[2 3 1],17.30000000000001,10,795.1999999999971,0.0,False,0
29,0,4,[2 1 3],781.3999999999978,0.5,0.5,0.26727261351988885,SI,[2 3 1],17.30000000000001,10,795.1999999999971,0.0,False,0
30,0,0,[2 1 3],781.3999999999978,0.5,0.5,0.755633280579152,MI,[3 1 2],60.7,10,795.399999999976,0.0,False,0
30,0,1,[2 1 3],781.3999999999978,0.5,0.5,0.038387431976404374,SI,[2 3 1],17.30000000000001,10,795.1999999999971,0.0,False,0
30,0,2,[2 1 3],781.3999999999978,0.5,0.5,0.004786418105884538,SI,[2 3 1],17.30000000000001,10,795.1999999999971,0.0,False,0
30,0,3,[2 1 3],781.3999999999978,0.5,0.5,0.15964851197294794,SI,[2 3 1],17.30000000000001,10,795.1999999999971,0.0,False,0
30,0,4,[2 1 3],781.3999999999978,0.5,0.5,0.49272082980822784,SI,[2 3 1],17.30000000000001,10,795.1999999999971,0.0,False,0
31,0,0,[2 1 3],781.3999999999978,0.5,0.5,0.6658293100544729,MI,[3 1 2],60.7,10,795.399999999976,0.0,False,0
31,0,1,[2 1 3],781.3999999999978,0.5,0.5,0.013376087230644651,SI,[2 3 1],17.30000000000001,10,795.1999999999971,0.0,False,0
31,0,2,[2 1 3],781.3999999999978,0.5,0.5,0.0234751346010037,SI,[2 3 1],17.30000000000001,10,795.1999999999971,0.0,False,0
31,0,3,[2 1 3],781.3999999999978,0.5,0.5,0.45455994037026193,SI,[2 3 1],17.30000000000001,10,795.1999999999971,0.0,False,0
31,0,4,[2 1 3],781.3999999999978,0.5,0.5,0.5488699515170438,MI,[3 1 2],60.7,10,795.399999999976,0.0,False,0
32,0,0,[2 1 3],781.3999999999978,0.5,0.5,0.26510969397346273,SI,[2 3 1],17.30000000000001,10,795.1999999999971,0.0,False,0
32,0,1,[2 1 3],781.3999999999978,0.5,0.5,0.7136880913205015,MI,[3 1 2],60.7,10,795.399999999976,0.0,False,0
32,0,2,[2 1 3],781.3999999999978,0.5,0.5,0.8847369186394346,MI,[3 1 2],60.7,10,795.399999999976,0.0,False,0
32,0,3,[2 1 3],781.3999999999978,0.5,0.5,0.09166925642084489,SI,[2 3 1],17.30000000000001,10,795.1999999999971,0.0,False,0
32,0,4,[2 1 3],781.3999999999978,0.5,0.5,0.4707207197421648,SI,[2 3 1],17.30000000000001,10,795.1999999999971,0.0,False,0
33,0,0,[2 1 3],781.3999999999978,0.5,0.5,0.28446028763016795,SI,[2 3 1],17.30000000000001,10,795.1999999999971,0.0,False,0
33,0,1,[2 1 3],781.3999999999978,0.5,0.5,0.8123371097183338,MI,[3 1 2],60.7,10,795.399999999976,0.0,False,0
33,0,2,[2 1 3],781.3999999999978,0.5,0.5,0.44184380280217683,SI,[2 3 1],17.30000000000001,10,795.1999999999971,0.0,False,0
33,0,3,[2 1 3],781.3999999999978,0.5,0.5,0.4434294597958708,SI,[2 3 1],17.30000000000001,10,795.1999999999971,0.0,False,0
33,0,4,[2 1 3],781.3999999999978,0.5,0.5,0.8378286113798175,MI,[3 1 2],60.7,10,795.399999999976,0.0,False,0
34,0,0,[2 1 3],781.3999999999978,0.5,0.5,0.09437253593421435,SI,[2 3 1],17.30000000000001,10,795.1999999999971,0.0,False,0
34,0,1,[2 1 3],781.3999999999978,0.5,0.5,0.7266190383662938,MI,[3 1 2],60.7,10,795.399999999976,0.0,False,0
34,0,2,[2 1 3],781.3999999999978,0.5,0.5,0.5899156641596519,MI,[3 1 2],60.7,10,795.399999999976,0.0,False,0
34,0,3,[2 1 3],781.3999999999978,0.5,0.5,0.0695125591596174,SI,[2 3 1],17.30000000000001,10,795.1999999999971,0.0,False,0
34,0,4,[2 1 3],781.3999999999978,0.5,0.5,0.5674633376679062,MI,[3 1 2],60.7,10,795.399999999976,0.0,False,0
35,0,0,[2 1 3],781.3999999999978,0.5,0.5,0.3155538385151565,SI,[2 3 1],17.30000000000001,10,795.1999999999971,0.0,False,0
35,0,1,[2 1 3],781.3999999999978,0.5,0.5,0.41524711672936565,SI,[2 3 1],17.30000000000001,10,795.1999999999971,0.0,False,0
35,0,2,[2 1 3],781.3999999999978,0.5,0.5,0.021650627619753338,SI,[2 3 1],17.30000000000001,10,795.1999999999971,0.0,False,0
35,0,3,[2 1 3],781.3999999999978,0.5,0.5,0.43956844846494325,SI,[2 3 1],17.30000000000001,10,795.1999999999971,0.0,False,0
35,0,4,[2 1 3],781.3999999999978,0.5,0.5,0.556955944679331,MI,[3 1 2],60.7,10,795.399999999976,0.0,False,0
36,0,0,[2 1 3],781.3999999999978,0.5,0.5,0.013012667941625145,SI,[2 3 1],17.30000000000001,10,795.1999999999971,0.0,False,0
36,0,1,[2 1 3],781.3999999999978,0.5,0.5,0.2864679710329673,SI,[2 3 1],17.30000000000001,10,795.1999999999971,0.0,False,0
36,0,2,[2 1 3],781.3999999999978,0.5,0.5,0.20305987805987635,SI,[2 3 1],17.30000000000001,10,795.1999999999971,0.0,False,0
36,0,3,[2 1 3],781.3999999999978,0.5,0.5,0.23581819527828218,SI,[2 3 1],17.30000000000001,10,795.1999999999971,0.0,False,0
36,0,4,[2 1 3],781.3999999999978,0.5,0.5,0.001504470185431317,SI,[2 3 1],17.30000000000001,10,795.1999999999971,0.0,False,0
37,0,0,[2 1 3],781.3999999999978,0.5,0.5,0.12349501608552904,SI,[2 3 1],17.30000000000001,10,795.1999999999971,0.0,False,0
37,0,1,[2 1 3],781.3999999999978,0.5,0.5,0.1782112071242017,SI,[2 3 1],17.30000000000001,10,795.1999999999971,0.0,False,0
37,0,2,[2 1 3],781.3999999999978,0.5,0.5,0.41410504786636004,SI,[2 3 1],17.30000000000001,10,795.1999999999971,0.0,False,0
37,0,3,[2 1 3],781.3999999999978,0.5,0.5,0.33021032702280306,SI,[2 3 1],17.30000000000001,10,795.1999999999971,0.0,False,0
37,0,4,[2 1 3],781.3999999999978,0.5,0.5,0.026401955524349652,SI,[2 3 1],17.30000000000001,10,795.1999999999971,0.0,False,0
38,0,0,[2 1 3],781.3999999999978,0.5,0.5,0.45747928626798484,SI,[2 3 1],17.30000000000001,10,795.1999999999971,0.0,False,0
38,0,1,[2 1 3],781.3999999999978,0.5,0.5,0.41804529407910884,SI,[2 3 1],17.30000000000001,10,795.1999999999971,0.0,False,0
38,0,2,[2 1 3],781.3999999999978,0.5,0.5,0.06139825890862938,SI,[2 3 1],17.30000000000001,10,795.1999999999971,0.0,False,0
38,0,3,[2 1 3],781.3999999999978,0.5,0.5,0.32521795107892904,SI,[2 3 1],17.30000000000001,10,795.1999999999971,0.0,False,0
38,0,4,[2 1 3],781.3999999999978,0.5,0.5,0.5257574641792632,MI,[3 1 2],60.7,10,795.399999999976,0.0,False,0
39,0,0,[2 1 3],781.3999999999978,0.5,0.5,0.02613389410987943,SI,[3 1 2],60.7,10,795.399999999976,0.0,False,0
39,0,1,[2 1 3],781.3999999999978,0.5,0.5,0.37950233620852236,SI,[2 3 1],17.30000000000001,10,795.1999999999971,0.0,False,0
39,0,2,[2 1 3],781.3999999999978,0.5,0.5,0.4252634793257445,SI,[2 3 1],17.30000000000001,10,795.1999999999971,0.0,False,0
39,0,3,[2 1 3],781.3999999999978,0.5,0.5,0.06573604136793065,SI,[2 3 1],17.30000000000001,10,795.1999999999971,0.0,False,0
39,0,4,[2 1 3],781.3999999999978,0.5,0.5,0.23569207889548627,SI,[2 3 1],17.30000000000001,10,795.1999999999971,0.0,False,0
40,0,0,[2 1 3],781.3999999999978,0.5,0.5,0.16901009619785123,SI,[2 3 1],17.30000000000001,10,795.1999999999971,0.0,False,0
40,0,1,[2 1 3],781.3999999999978,0.5,0.5,0.48906656517912905,SI,[2 3 1],17.30000000000001,10,795.1999999999971,0.0,False,0
40,0,2,[2 1 3],781.3999999999978,0.5,0.5,0.13576911805786973,SI,[2 3 1],17.30000000000001,10,795.1999999999971,0.0,False,0
40,0,3,[2 1 3],781.3999999999978,0.5,0.5,0.2825157926023575,SI,[2 3 1],17.30000000000001,10,795.1999999999971,0.0,False,0
40,0,4,[2 1 3],781.3999999999978,0.5,0.5,0.3855158212009935,SI,[2 3 1],17.30000000000001,10,795.1999999999971,0.0,False,0
41,0,0,[2 1 3],781.3999999999978,0.5,0.5,0.1852634335356519,SI,[2 3 1],17.30000000000001,10,795.1999999999971,0.0,False,0
41,0,1,[2 1 3],781.3999999999978,0.5,0.5,0.28086569542438244,SI,[2 3 1],17.30000000000001,10,795.1999999999971,0.0,False,0
41,0,2,[2 1 3],781.3999999999978,0.5,0.5,0.9789515409134416,MI,[3 1 2],60.7,10,795.399999999976,0.0,False,0
41,0,3,[2 1 3],781.3999999999978,0.5,0.5,0.30666597224099545,SI,[2 3 1],17.30000000000001,10,795.1999999999971,0.0,False,0
41,0,4,[2 1 3],781.3999999999978,0.5,0.5,0.12629199641374467,SI,[2 3 1],17.30000000000001,10,795.1999999999971,0.0,False,0
42,0,0,[2 1 3],781.3999999999978,0.5,0.5,0.13448922938542052,SI,[2 3 1],17.30000000000001,10,795.1999999999971,0.0,False,0
42,0,1,[2 1 3],781.3999999999978,0.5,0.5,0.09483743855414772,SI,[2 3 1],17.30000000000001,10,795.1999999999971,0.0,False,0
42,0,2,[2 1 3],781.3999999999978,0.5,0.5,0.24104946936951954,SI,[3 1 2],60.7,10,795.399999999976,0.0,False,0
42,0,3,[2 1 3],781.3999999999978,0.5,0.5,0.20208311784883182,SI,[2 3 1],17.30000000000001,10,795.1999999999971,0.0,False,0
42,0,4,[2 1 3],781.3999999999978,0.5,0.5,0.09608175774389127,SI,[2 3 1],17.30000000000001,10,795.1999999999971,0.0,False,0
43,0,0,[2 1 3],781.3999999999978,0.5,0.5,0.28662755746838686,SI,[2 3 1],17.30000000000001,10,795.1999999999971,0.0,False,0
43,0,1,[2 1 3],781.3999999999978,0.5,0.5,0.9665252791289367,MI,[3 1 2],60.7,10,795.399999999976,0.0,False,0
43,0,2,[2 1 3],781.3999999999978,0.5,0.5,0.15578888410897063,SI,[2 3 1],17.30000000000001,10,795.1999999999971,0.0,False,0
43,0,3,[2 1 3],781.3999999999978,0.5,0.5,0.09147475560820062,SI,[2 3 1],17.30000000000001,10,795.1999999999971,0.0,False,0
43,0,4,[2 1 3],781.3999999999978,0.5,0.5,0.0006086423091991033,SI,[2 3 1],17.30000000000001,10,795.1999999999971,0.0,False,0
44,0,0,[2 1 3],781.3999999999978,0.5,0.5,0.09403110962040273,SI,[2 3 1],17.30000000000001,10,795.1999999999971,0.0,False,0
44,0,1,[2 1 3],781.3999999999978,0.5,0.5,0.19901078153592777,SI,[2 3 1],17.30000000000001,10,795.1999999999971,0.0,False,0
44,0,2,[2 1 3],781.3999999999978,0.5,0.5,0.310019979210334,SI,[2 3 1],17.30000000000001,10,795.1999999999971,0.0,False,0
44,0,3,[2 1 3],781.3999999999978,0.5,0.5,0.3026305634146216,SI,[2 3 1],17.30000000000001,10,795.1999999999971,0.0,False,0
44,0,4,[2 1 3],781.3999999999978,0.5,0.5,0.24587362086398934,SI,[2 3 1],17.30000000000001,10,795.1999999999971,0.0,False,0
45,0,0,[2 1 3],781.3999999999978,0.5,0.5,0.1139888473931161,SI,[2 3 1],17.30000000000001,10,795.1999999999971,0.0,False,0
45,0,1,[2 1 3],781.3999999999978,0.5,0.5,0.14715639544110737,SI,[3 1 2],60.7,10,795.399999999976,0.0,False,0
45,0,2,[2 1 3],781.3999999999978,0.5,0.5,0.0579471474662161,SI,[2 3 1],17.30000000000001,10,795.1999999999971,0.0,False,0
45,0,3,[2 1 3],781.3999999999978,0.5,0.5,0.14294165991143293,SI,[2 3 1],17.30000000000001,10,795.1999999999971,0.0,False,0
45,0,4,[2 1 3],781.3999999999978,0.5,0.5,0.2623495478669786,SI,[2 3 1],17.30000000000001,10,795.1999999999971,0.0,False,0
46,0,0,[2 1 3],781.3999999999978,0.5,0.5,0.13891073154007083,SI,[2 3 1],17.30000000000001,10,795.1999999999971,0.0,False,0
46,0,1,[2 1 3],781.3999999999978,0.5,0.5,0.4941272296149133,SI,[2 3 1],17.30000000000001,10,795.1999999999971,0.0,False,0
46,0,2,[2 1 3],781.3999999999978,0.5,0.5,0.05165076136192959,SI,[2 3 1],17.30000000000001,10,795.1999999999971,0.0,False,0
46,0,3,[2 1 3],781.3999999999978,0.5,0.5,0.34905948329395875,SI,[2 3 1],17.30000000000001,10,795.1999999999971,0.0,False,0
46,0,4,[2 1 3],781.3999999999978,0.5,0.5,0.12684590868820178,SI,[2 3 1],17.30000000000001,10,795.1999999999971,0.0,False,0
47,0,0,[2 1 3],781.3999999999978,0.5,0.5,0.35948448762436513,SI,[2 3 1],17.30000000000001,10,795.1999999999971,0.0,False,0
47,0,1,[2 1 3],781.3999999999978,0.5,0.5,0.9361853889098445,MI,[3 1 2],60.7,10,795.399999999976,0.0,False,0
47,0,2,[2 1 3],781.3999999999978,0.5,0.5,0.15849481992782133,SI,[2 3 1],17.30000000000001,10,795.1999999999971,0.0,False,0
47,0,3,[2 1 3],781.3999999999978,0.5,0.5,0.4741332598689808,SI,[3 1 2],60.7,10,795.399999999976,0.0,False,0
47,0,4,[2 1 3],781.3999999999978,0.5,0.5,0.20847219576212528,SI,[3 1 2],60.7,10,795.399999999976,0.0,False,0
48,0,0,[2 1 3],781.3999999999978,0.5,0.5,0.29023496468688126,SI,[2 3 1],17.30000000000001,10,795.1999999999971,0.0,False,0
48,0,1,[2 1 3],781.3999999999978,0.5,0.5,0.20003086089120825,SI,[2 3 1],17.30000000000001,10,795.1999999999971,0.0,False,0
48,0,2,[2 1 3],781.3999999999978,0.5,0.5,0.04509573589335225,SI,[2 3 1],17.30000000000001,10,795.1999999999971,0.0,False,0
48,0,3,[2 1 3],781.3999999999978,0.5,0.5,0.3272705175575624,SI,[2 3 1],17.30000000000001,10,795.1999999999971,0.0,False,0
48,0,4,[2 1 3],781.3999999999978,0.5,0.5,0.04626281155818679,SI,[2 3 1],17.30000000000001,10,795.1999999999971,0.0,False,0
49,0,0,[2 1 3],781.3999999999978,0.5,0.5,0.3841669427852745,SI,[2 3 1],17.30000000000001,10,795.1999999999971,0.0,False,0
49,0,1,[2 1 3],781.3999999999978,0.5,0.5,0.06512016191420766,SI,[2 3 1],17.30000000000001,10,795.1999999999971,0.0,False,0
49,0,2,[2 1 3],781.3999999999978,0.5,0.5,0.16302277109231988,SI,[2 3 1],17.30000000000001,10,795.1999999999971,0.0,False,0
49,0,3,[2 1 3],781.3999999999978,0.5,0.5,0.11353898071224844,SI,[2 3 1],17.30000000000001,10,795.1999999999971,0.0,False,0
49,0,4,[2 1 3],781.3999999999978,0.5,0.5,0.12172950537797333,SI,[2 3 1],17.30000000000001,10,795.1999999999971,0.0,False,0
50,0,0,[2 1 3],781.3999999999978,0.5,0.5,0.26682099483395394,SI,[2 3 1],17.30000000000001,10,795.1999999999971,0.0,False,0
50,0,1,[2 1 3],781.3999999999978,0.5,0.5,0.27627638266452226,SI,[2 3 1],17.30000000000001,10,795.1999999999971,0.0,False,0
50,0,2,[2 1 3],781.3999999999978,0.5,0.5,0.3199290349399292,SI,[2 3 1],17.30000000000001,10,795.1999999999971,0.0,False,0
50,0,3,[2 1 3],781.3999999999978,0.5,0.5,0.018533944700378835,SI,[2 3 1],17.30000000000001,10,795.1999999999971,0.0,False,0
50,0,4,[2 1 3],781.3999999999978,0.5,0.5,0.20293864204746614,SI,[2 3 1],17.30000000000001,10,795.1999999999971,0.0,False,0
0,0,0,[1 2],576.7999999999993,0.5,0.5,0.3339400213874605,SI,[2 1],-26.80000000000001,10,636.8999999999905,0.0,False,1
0,0,1,[1 2],576.7999999999993,0.5,0.5,0.4075987167032392,SI,[2 1],-26.80000000000001,10,636.8999999999905,0.0,False,1
0,0,2,[1 2],576.7999999999993,0.5,0.5,0.07101609977724321,SI,[2 1],-26.80000000000001,10,636.8999999999905,0.0,False,1
0,0,3,[1 2],576.7999999999993,0.5,0.5,0.07141739781238354,SI,[2 1],-26.80000000000001,10,636.8999999999905,0.0,False,1
0,0,4,[1 2],576.7999999999993,0.5,0.5,0.0067144709196290675,SI,[2 1],-26.80000000000001,10,636.8999999999905,0.0,False,1
1,0,0,[1 2],576.7999999999993,0.5,0.5,0.20734479758414026,SI,[2 1],-26.80000000000001,10,636.8999999999905,0.0,False,1
1,0,1,[1 2],576.7999999999993,0.5,0.5,0.345581265207867,SI,[2 1],-26.80000000000001,10,636.8999999999905,0.0,False,1
1,0,2,[1 2],576.7999999999993,0.5,0.5,0.050819643610348186,SI,[2 1],-26.80000000000001,10,636.8999999999905,0.0,False,1
1,0,3,[1 2],576.7999999999993,0.5,0.5,0.34565449949758453,SI,[2 1],-26.80000000000001,10,636.8999999999905,0.0,False,1
1,0,4,[1 2],576.7999999999993,0.5,0.5,0.4433768279615731,SI,[2 1],-26.80000000000001,10,636.8999999999905,0.0,False,1
2,0,0,[1 2],576.7999999999993,0.5,0.5,0.3739831884056821,SI,[2 1],-26.80000000000001,10,636.8999999999905,0.0,False,1
2,0,1,[1 2],576.7999999999993,0.5,0.5,0.23615328034330108,SI,[2 1],-26.80000000000001,10,636.8999999999905,0.0,False,1
2,0,2,[1 2],576.7999999999993,0.5,0.5,0.16232146494530864,SI,[2 1],-26.80000000000001,10,636.8999999999905,0.0,False,1
2,0,3,[1 2],576.7999999999993,0.5,0.5,0.21719544016829184,SI,[2 1],-26.80000000000001,10,636.8999999999905,0.0,False,1
2,0,4,[1 2],576.7999999999993,0.5,0.5,0.042324338665631345,SI,[2 1],-26.80000000000001,10,636.8999999999905,0.0,False,1
3,0,0,[1 2],576.7999999999993,0.5,0.5,0.3283366990203781,SI,[2 1],-26.80000000000001,10,636.8999999999905,0.0,False,1
3,0,1,[1 2],576.7999999999993,0.5,0.5,0.4468873835700453,SI,[2 1],-26.80000000000001,10,636.8999999999905,0.0,False,1
3,0,2,[1 2],576.7999999999993,0.5,0.5,0.12974038771887053,SI,[2 1],-26.80000000000001,10,636.8999999999905,0.0,False,1
3,0,3,[1 2],576.7999999999993,0.5,0.5,0.4109094054726614,SI,[2 1],-26.80000000000001,10,636.8999999999905,0.0,False,1
3,0,4,[1 2],576.7999999999993,0.5,0.5,0.47895786270081087,SI,[2 1],-26.80000000000001,10,636.8999999999905,0.0,False,1
4,0,0,[1 2],576.7999999999993,0.5,0.5,0.38972908431580777,SI,[2 1],-26.80000000000001,10,636.8999999999905,0.0,False,1
4,0,1,[1 2],576.7999999999993,0.5,0.5,0.4025197248486858,SI,[2 1],-26.80000000000001,10,636.8999999999905,0.0,False,1
4,0,2,[1 2],576.7999999999993,0.5,0.5,0.48423178258615274,SI,[2 1],-26.80000000000001,10,636.8999999999905,0.0,False,1
4,0,3,[1 2],576.7999999999993,0.5,0.5,0.36901791425716735,SI,[2 1],-26.80000000000001,10,636.8999999999905,0.0,False,1
4,0,4,[1 2],576.7999999999993,0.5,0.5,0.44662187413645704,SI,[2 1],-26.80000000000001,10,636.8999999999905,0.0,False,1
5,0,0,[1 2],576.7999999999993,0.5,0.5,0.4427183021525195,SI,[2 1],-26.80000000000001,10,636.8999999999905,0.0,False,1
5,0,1,[1 2],576.7999999999993,0.5,0.5,0.2614282498492654,SI,[2 1],-26.80000000000001,10,636.8999999999905,0.0,False,1
5,0,2,[1 2],576.7999999999993,0.5,0.5,0.278903576265385,SI,[2 1],-26.80000000000001,10,636.8999999999905,0.0,False,1
5,0,3,[1 2],576.7999999999993,0.5,0.5,0.18268898294612546,SI,[2 1],-26.80000000000001,10,636.8999999999905,0.0,False,1
5,0,4,[1 2],576.7999999999993,0.5,0.5,0.06508453289238536,SI,[2 1],-26.80000000000001,10,636.8999999999905,0.0,False,1
6,0,0,[1 2],576.7999999999993,0.5,0.5,0.4444904926425076,SI,[2 1],-26.80000000000001,10,636.8999999999905,0.0,False,1
6,0,1,[1 2],576.7999999999993,0.5,0.5,0.1561608624474431,SI,[2 1],-26.80000000000001,10,636.8999999999905,0.0,False,1
6,0,2,[1 2],576.7999999999993,0.5,0.5,0.41266665135894987,SI,[2 1],-26.80000000000001,10,636.8999999999905,0.0,False,1
6,0,3,[1 2],576.7999999999993,0.5,0.5,0.4381915830410549,SI,[2 1],-26.80000000000001,10,636.8999999999905,0.0,False,1
6,0,4,[1 2],576.7999999999993,0.5,0.5,0.2558916410712677,SI,[2 1],-26.80000000000001,10,636.8999999999905,0.0,False,1
7,0,0,[1 2],576.7999999999993,0.5,0.5,0.25067203658542037,SI,[2 1],-26.80000000000001,10,636.8999999999905,0.0,False,1
7,0,1,[1 2],576.7999999999993,0.5,0.5,0.42074924712541795,SI,[2 1],-26.80000000000001,10,636.8999999999905,0.0,False,1
7,0,2,[1 2],576.7999999999993,0.5,0.5,0.3206104675240502,SI,[2 1],-26.80000000000001,10,636.8999999999905,0.0,False,1
7,0,3,[1 2],576.7999999999993,0.5,0.5,0.012168445269149175,SI,[2 1],-26.80000000000001,10,636.8999999999905,0.0,False,1
7,0,4,[1 2],576.7999999999993,0.5,0.5,0.47504173425039176,SI,[2 1],-26.80000000000001,10,636.8999999999905,0.0,False,1
8,0,0,[1 2],576.7999999999993,0.5,0.5,0.4836886334818753,SI,[2 1],-26.80000000000001,10,636.8999999999905,0.0,False,1
8,0,1,[1 2],576.7999999999993,0.5,0.5,0.1893627279210559,SI,[2 1],-26.80000000000001,10,636.8999999999905,0.0,False,1
8,0,2,[1 2],576.7999999999993,0.5,0.5,0.3784951792518373,SI,[2 1],-26.80000000000001,10,636.8999999999905,0.0,False,1
8,0,3,[1 2],576.7999999999993,0.5,0.5,0.107817998956247,SI,[2 1],-26.80000000000001,10,636.8999999999905,0.0,False,1
8,0,4,[1 2],576.7999999999993,0.5,0.5,0.3755012091756622,SI,[2 1],-26.80000000000001,10,636.8999999999905,0.0,False,1
9,0,0,[1 2],576.7999999999993,0.5,0.5,0.22009116878947266,SI,[2 1],-26.80000000000001,10,636.8999999999905,0.0,False,1
9,0,1,[1 2],576.7999999999993,0.5,0.5,0.28428616136980833,SI,[2 1],-26.80000000000001,10,636.8999999999905,0.0,False,1
9,0,2,[1 2],576.7999999999993,0.5,0.5,0.14284683238324425,SI,[2 1],-26.80000000000001,10,636.8999999999905,0.0,False,1
9,0,3,[1 2],576.7999999999993,0.5,0.5,0.27734531318098643,SI,[2 1],-26.80000000000001,10,636.8999999999905,0.0,False,1
9,0,4,[1 2],576.7999999999993,0.5,0.5,0.03588392585501765,SI,[2 1],-26.80000000000001,10,636.8999999999905,0.0,False,1
10,0,0,[1 2],576.7999999999993,0.5,0.5,0.34910417787685966,SI,[2 1],-26.80000000000001,10,636.8999999999905,0.0,False,1
10,0,1,[1 2],576.7999999999993,0.5,0.5,0.07545602990146327,SI,[2 1],-26.80000000000001,10,636.8999999999905,0.0,False,1
10,0,2,[1 2],576.7999999999993,0.5,0.5,0.14237054249480352,SI,[2 1],-26.80000000000001,10,636.8999999999905,0.0,False,1
10,0,3,[1 2],576.7999999999993,0.5,0.5,0.24358012153518216,SI,[2 1],-26.80000000000001,10,636.8999999999905,0.0,False,1
10,0,4,[1 2],576.7999999999993,0.5,0.5,0.4361265722525114,SI,[2 1],-26.80000000000001,10,636.8999999999905,0.0,False,1
11,0,0,[1 2],576.7999999999993,0.5,0.5,0.49108070782493385,SI,[2 1],-26.80000000000001,10,636.8999999999905,0.0,False,1
11,0,1,[1 2],576.7999999999993,0.5,0.5,0.41680918725704164,SI,[2 1],-26.80000000000001,10,636.8999999999905,0.0,False,1
11,0,2,[1 2],576.7999999999993,0.5,0.5,0.15708278664301878,SI,[2 1],-26.80000000000001,10,636.8999999999905,0.0,False,1
11,0,3,[1 2],576.7999999999993,0.5,0.5,0.4080431420615549,SI,[2 1],-26.80000000000001,10,636.8999999999905,0.0,False,1
11,0,4,[1 2],576.7999999999993,0.5,0.5,0.3048224926713221,SI,[2 1],-26.80000000000001,10,636.8999999999905,0.0,False,1
12,0,0,[1 2],576.7999999999993,0.5,0.5,0.03394661669714094,SI,[2 1],-26.80000000000001,10,636.8999999999905,0.0,False,1
12,0,1,[1 2],576.7999999999993,0.5,0.5,0.1208346840538369,SI,[2 1],-26.80000000000001,10,636.8999999999905,0.0,False,1
12,0,2,[1 2],576.7999999999993,0.5,0.5,0.0881300683121029,SI,[2 1],-26.80000000000001,10,636.8999999999905,0.0,False,1
12,0,3,[1 2],576.7999999999993,0.5,0.5,0.050517342095053874,SI,[2 1],-26.80000000000001,10,636.8999999999905,0.0,False,1
12,0,4,[1 2],576.7999999999993,0.5,0.5,0.3790699435826418,SI,[2 1],-26.80000000000001,10,636.8999999999905,0.0,False,1
13,0,0,[1 2],576.7999999999993,0.5,0.5,0.212701923239479,SI,[2 1],-26.80000000000001,10,636.8999999999905,0.0,False,1
13,0,1,[1 2],576.7999999999993,0.5,0.5,0.3825676584249812,SI,[2 1],-26.80000000000001,10,636.8999999999905,0.0,False,1
13,0,2,[1 2],576.7999999999993,0.5,0.5,0.01633011675681706,SI,[2 1],-26.80000000000001,10,636.8999999999905,0.0,False,1
13,0,3,[1 2],576.7999999999993,0.5,0.5,0.38284661056020264,SI,[2 1],-26.80000000000001,10,636.8999999999905,0.0,False,1
13,0,4,[1 2],576.7999999999993,0.5,0.5,0.17589067760271826,SI,[2 1],-26.80000000000001,10,636.8999999999905,0.0,False,1
14,0,0,[1 2],576.7999999999993,0.5,0.5,0.34092150330932036,SI,[2 1],-26.80000000000001,10,636.8999999999905,0.0,False,1
14,0,1,[1 2],576.7999999999993,0.5,0.5,0.36986597960200907,SI,[2 1],-26.80000000000001,10,636.8999999999905,0.0,False,1
14,0,2,[1 2],576.7999999999993,0.5,0.5,0.1353077037759498,SI,[2 1],-26.80000000000001,10,636.8999999999905,0.0,False,1
14,0,3,[1 2],576.7999999999993,0.5,0.5,0.21408686531002186,SI,[2 1],-26.80000000000001,10,636.8999999999905,0.0,False,1
14,0,4,[1 2],576.7999999999993,0.5,0.5,0.46676892971946204,SI,[2 1],-26.80000000000001,10,636.8999999999905,0.0,False,1
15,0,0,[1 2],576.7999999999993,0.5,0.5,0.08233186958891925,SI,[2 1],-26.80000000000001,10,636.8999999999905,0.0,False,1
15,0,1,[1 2],576.7999999999993,0.5,0.5,0.4614543622631272,SI,[2 1],-26.80000000000001,10,636.8999999999905,0.0,False,1
15,0,2,[1 2],576.7999999999993,0.5,0.5,0.43236290739611816,SI,[2 1],-26.80000000000001,10,636.8999999999905,0.0,False,1
15,0,3,[1 2],576.7999999999993,0.5,0.5,0.35736603105978193,SI,[2 1],-26.80000000000001,10,636.8999999999905,0.0,False,1
15,0,4,[1 2],576.7999999999993,0.5,0.5,0.3856403931665163,SI,[2 1],-26.80000000000001,10,636.8999999999905,0.0,False,1
16,0,0,[1 2],576.7999999999993,0.5,0.5,0.4290482341195949,SI,[2 1],-26.80000000000001,10,636.8999999999905,0.0,False,1
16,0,1,[1 2],576.7999999999993,0.5,0.5,0.4764738355350019,SI,[2 1],-26.80000000000001,10,636.8999999999905,0.0,False,1
16,0,2,[1 2],576.7999999999993,0.5,0.5,0.37006235651813146,SI,[2 1],-26.80000000000001,10,636.8999999999905,0.0,False,1
16,0,3,[1 2],576.7999999999993,0.5,0.5,0.3189922214726161,SI,[2 1],-26.80000000000001,10,636.8999999999905,0.0,False,1
16,0,4,[1 2],576.7999999999993,0.5,0.5,0.2063219405398865,SI,[2 1],-26.80000000000001,10,636.8999999999905,0.0,False,1
17,0,0,[1 2],576.7999999999993,0.5,0.5,0.28837067111513237,SI,[2 1],-26.80000000000001,10,636.8999999999905,0.0,False,1
17,0,1,[1 2],576.7999999999993,0.5,0.5,0.23247454307624826,SI,[2 1],-26.80000000000001,10,636.8999999999905,0.0,False,1
17,0,2,[1 2],576.7999999999993,0.5,0.5,0.39617249449927483,SI,[2 1],-26.80000000000001,10,636.8999999999905,0.0,False,1
17,0,3,[1 2],576.7999999999993,0.5,0.5,0.08227389229004067,SI,[2 1],-26.80000000000001,10,636.8999999999905,0.0,False,1
17,0,4,[1 2],576.7999999999993,0.5,0.5,0.45103666336142967,SI,[2 1],-26.80000000000001,10,636.8999999999905,0.0,False,1
18,0,0,[1 2],576.7999999999993,0.5,0.5,0.44685383989224614,SI,[2 1],-26.80000000000001,10,636.8999999999905,0.0,False,1
18,0,1,[1 2],576.7999999999993,0.5,0.5,0.43820436885450265,SI,[2 1],-26.80000000000001,10,636.8999999999905,0.0,False,1
18,0,2,[1 2],576.7999999999993,0.5,0.5,0.028180655833489165,SI,[2 1],-26.80000000000001,10,636.8999999999905,0.0,False,1
18,0,3,[1 2],576.7999999999993,0.5,0.5,0.1895030397414753,SI,[2 1],-26.80000000000001,10,636.8999999999905,0.0,False,1
18,0,4,[1 2],576.7999999999993,0.5,0.5,0.08267884225462441,SI,[2 1],-26.80000000000001,10,636.8999999999905,0.0,False,1
19,0,0,[1 2],576.7999999999993,0.5,0.5,0.14443378168662324,SI,[2 1],-26.80000000000001,10,636.8999999999905,0.0,False,1
19,0,1,[1 2],576.7999999999993,0.5,0.5,0.4117378388124898,SI,[2 1],-26.80000000000001,10,636.8999999999905,0.0,False,1
19,0,2,[1 2],576.7999999999993,0.5,0.5,0.12967703404117714,SI,[2 1],-26.80000000000001,10,636.8999999999905,0.0,False,1
19,0,3,[1 2],576.7999999999993,0.5,0.5,0.17505048669094747,SI,[2 1],-26.80000000000001,10,636.8999999999905,0.0,False,1
19,0,4,[1 2],576.7999999999993,0.5,0.5,0.2304756814040383,SI,[2 1],-26.80000000000001,10,636.8999999999905,0.0,False,1
20,0,0,[1 2],576.7999999999993,0.5,0.5,0.0759626670370882,SI,[2 1],-26.80000000000001,10,636.8999999999905,0.0,False,1
20,0,1,[1 2],576.7999999999993,0.5,0.5,0.24376701665983158,SI,[2 1],-26.80000000000001,10,636.8999999999905,0.0,False,1
20,0,2,[1 2],576.7999999999993,0.5,0.5,0.4445717618757685,SI,[2 1],-26.80000000000001,10,636.8999999999905,0.0,False,1
20,0,3,[1 2],576.7999999999993,0.5,0.5,0.005867550516405418,SI,[2 1],-26.80000000000001,10,636.8999999999905,0.0,False,1
20,0,4,[1 2],576.7999999999993,0.5,0.5,0.3516786529912992,SI,[2 1],-26.80000000000001,10,636.8999999999905,0.0,False,1
21,0,0,[1 2],576.7999999999993,0.5,0.5,0.18539194140690685,SI,[2 1],-26.80000000000001,10,636.8999999999905,0.0,False,1
21,0,1,[1 2],576.7999999999993,0.5,0.5,0.12549878112478063,SI,[2 1],-26.80000000000001,10,636.8999999999905,0.0,False,1
21,0,2,[1 2],576.7999999999993,0.5,0.5,0.4368944702095553,SI,[2 1],-26.80000000000001,10,636.8999999999905,0.0,False,1
21,0,3,[1 2],576.7999999999993,0.5,0.5,0.3969884788057292,SI,[2 1],-26.80000000000001,10,636.8999999999905,0.0,False,1
21,0,4,[1 2],576.7999999999993,0.5,0.5,0.17376943486482732,SI,[2 1],-26.80000000000001,10,636.8999999999905,0.0,False,1
22,0,0,[1 2],576.7999999999993,0.5,0.5,0.07614081109350301,SI,[2 1],-26.80000000000001,10,636.8999999999905,0.0,False,1
22,0,1,[1 2],576.7999999999993,0.5,0.5,0.19036227270886008,SI,[2 1],-26.80000000000001,10,636.8999999999905,0.0,False,1
22,0,2,[1 2],576.7999999999993,0.5,0.5,0.4039095764954298,SI,[2 1],-26.80000000000001,10,636.8999999999905,0.0,False,1
22,0,3,[1 2],576.7999999999993,0.5,0.5,0.34215348444976534,SI,[2 1],-26.80000000000001,10,636.8999999999905,0.0,False,1
22,0,4,[1 2],576.7999999999993,0.5,0.5,0.03917515807854621,SI,[2 1],-26.80000000000001,10,636.8999999999905,0.0,False,1
23,0,0,[1 2],576.7999999999993,0.5,0.5,0.05313777242793827,SI,[2 1],-26.80000000000001,10,636.8999999999905,0.0,False,1
23,0,1,[1 2],576.7999999999993,0.5,0.5,0.08150098070323053,SI,[2 1],-26.80000000000001,10,636.8999999999905,0.0,False,1
23,0,2,[1 2],576.7999999999993,0.5,0.5,0.20713952234983635,SI,[2 1],-26.80000000000001,10,636.8999999999905,0.0,False,1
23,0,3,[1 2],576.7999999999993,0.5,0.5,0.3664340717456216,SI,[2 1],-26.80000000000001,10,636.8999999999905,0.0,False,1
23,0,4,[1 2],576.7999999999993,0.5,0.5,0.24872820045571764,SI,[2 1],-26.80000000000001,10,636.8999999999905,0.0,False,1
24,0,0,[1 2],576.7999999999993,0.5,0.5,0.32228827650109193,SI,[2 1],-26.80000000000001,10,636.8999999999905,0.0,False,1
24,0,1,[1 2],576.7999999999993,0.5,0.5,0.4126115462216742,SI,[2 1],-26.80000000000001,10,636.8999999999905,0.0,False,1
24,0,2,[1 2],576.7999999999993,0.5,0.5,0.44701252023253957,SI,[2 1],-26.80000000000001,10,636.8999999999905,0.0,False,1
24,0,3,[1 2],576.7999999999993,0.5,0.5,0.10240598389538458,SI,[2 1],-26.80000000000001,10,636.8999999999905,0.0,False,1
24,0,4,[1 2],576.7999999999993,0.5,0.5,0.4073488229499982,SI,[2 1],-26.80000000000001,10,636.8999999999905,0.0,False,1
25,0,0,[1 2],576.7999999999993,0.5,0.5,0.13467217294199052,SI,[2 1],-26.80000000000001,10,636.8999999999905,0.0,False,1
25,0,1,[1 2],576.7999999999993,0.5,0.5,0.1903542702177745,SI,[2 1],-26.80000000000001,10,636.8999999999905,0.0,False,1
25,0,2,[1 2],576.7999999999993,0.5,0.5,0.15618381458063524,SI,[2 1],-26.80000000000001,10,636.8999999999905,0.0,False,1
25,0,3,[1 2],576.7999999999993,0.5,0.5,0.07934447474227713,SI,[2 1],-26.80000000000001,10,636.8999999999905,0.0,False,1
25,0,4,[1 2],576.7999999999993,0.5,0.5,0.4248997207130327,SI,[2 1],-26.80000000000001,10,636.8999999999905,0.0,False,1
26,0,0,[1 2],576.7999999999993,0.5,0.5,0.21771935137220333,SI,[2 1],-26.80000000000001,10,636.8999999999905,0.0,False,1
26,0,1,[1 2],576.7999999999993,0.5,0.5,0.04003372878988454,SI,[2 1],-26.80000000000001,10,636.8999999999905,0.0,False,1
26,0,2,[1 2],576.7999999999993,0.5,0.5,0.44206841680256226,SI,[2 1],-26.80000000000001,10,636.8999999999905,0.0,False,1
26,0,3,[1 2],576.7999999999993,0.5,0.5,0.11320678587970068,SI,[2 1],-26.80000000000001,10,636.8999999999905,0.0,False,1
26,0,4,[1 2],576.7999999999993,0.5,0.5,0.2863453387046635,SI,[2 1],-26.80000000000001,10,636.8999999999905,0.0,False,1
27,0,0,[1 2],576.7999999999993,0.5,0.5,0.2046605922415511,SI,[2 1],-26.80000000000001,10,636.8999999999905,0.0,False,1
27,0,1,[1 2],576.7999999999993,0.5,0.5,0.2095074274633435,SI,[2 1],-26.80000000000001,10,636.8999999999905,0.0,False,1
27,0,2,[1 2],576.7999999999993,0.5,0.5,0.45119372217114684,SI,[2 1],-26.80000000000001,10,636.8999999999905,0.0,False,1
27,0,3,[1 2],576.7999999999993,0.5,0.5,0.48221085343411485,SI,[2 1],-26.80000000000001,10,636.8999999999905,0.0,False,1
27,0,4,[1 2],576.7999999999993,0.5,0.5,0.36870196576663117,SI,[2 1],-26.80000000000001,10,636.8999999999905,0.0,False,1
28,0,0,[1 2],576.7999999999993,0.5,0.5,0.4513644800658214,SI,[2 1],-26.80000000000001,10,636.8999999999905,0.0,False,1
28,0,1,[1 2],576.7999999999993,0.5,0.5,0.2574886141940239,SI,[2 1],-26.80000000000001,10,636.8999999999905,0.0,False,1
28,0,2,[1 2],576.7999999999993,0.5,0.5,0.3716921992544733,SI,[2 1],-26.80000000000001,10,636.8999999999905,0.0,False,1
28,0,3,[1 2],576.7999999999993,0.5,0.5,0.040028489132766354,SI,[2 1],-26.80000000000001,10,636.8999999999905,0.0,False,1
28,0,4,[1 2],576.7999999999993,0.5,0.5,0.005969889460240796,SI,[2 1],-26.80000000000001,10,636.8999999999905,0.0,False,1
29,0,0,[1 2],576.7999999999993,0.5,0.5,0.1939049406404343,SI,[2 1],-26.80000000000001,10,636.8999999999905,0.0,False,1
29,0,1,[1 2],576.7999999999993,0.5,0.5,0.30691490939560906,SI,[2 1],-26.80000000000001,10,636.8999999999905,0.0,False,1
29,0,2,[1 2],576.7999999999993,0.5,0.5,0.39521104650652794,SI,[2 1],-26.80000000000001,10,636.8999999999905,0.0,False,1
29,0,3,[1 2],576.7999999999993,0.5,0.5,0.021500365005453048,SI,[2 1],-26.80000000000001,10,636.8999999999905,0.0,False,1
29,0,4,[1 2],576.7999999999993,0.5,0.5,0.13080874490841277,SI,[2 1],-26.80000000000001,10,636.8999999999905,0.0,False,1
30,0,0,[1 2],576.7999999999993,0.5,0.5,0.48128398794661353,SI,[2 1],-26.80000000000001,10,636.8999999999905,0.0,False,1
30,0,1,[1 2],576.7999999999993,0.5,0.5,0.2738726033120278,SI,[2 1],-26.80000000000001,10,636.8999999999905,0.0,False,1
30,0,2,[1 2],576.7999999999993,0.5,0.5,0.20949862582053447,SI,[2 1],-26.80000000000001,10,636.8999999999905,0.0,False,1
30,0,3,[1 2],576.7999999999993,0.5,0.5,0.21597928479671502,SI,[2 1],-26.80000000000001,10,636.8999999999905,0.0,False,1
30,0,4,[1 2],576.7999999999993,0.5,0.5,0.06531505635432988,SI,[2 1],-26.80000000000001,10,636.8999999999905,0.0,False,1
31,0,0,[1 2],576.7999999999993,0.5,0.5,0.42387306209145303,SI,[2 1],-26.80000000000001,10,636.8999999999905,0.0,False,1
31,0,1,[1 2],576.7999999999993,0.5,0.5,0.28470968047189427,SI,[2 1],-26.80000000000001,10,636.8999999999905,0.0,False,1
31,0,2,[1 2],576.7999999999993,0.5,0.5,0.051381969740742606,SI,[2 1],-26.80000000000001,10,636.8999999999905,0.0,False,1
31,0,3,[1 2],576.7999999999993,0.5,0.5,0.015395010377023954,SI,[2 1],-26.80000000000001,10,636.8999999999905,0.0,False,1
31,0,4,[1 2],576.7999999999993,0.5,0.5,0.09962557831092522,SI,[2 1],-26.80000000000001,10,636.8999999999905,0.0,False,1
32,0,0,[1 2],576.7999999999993,0.5,0.5,0.020191940542181985,SI,[2 1],-26.80000000000001,10,636.8999999999905,0.0,False,1
32,0,1,[1 2],576.7999999999993,0.5,0.5,0.43511887993476406,SI,[2 1],-26.80000000000001,10,636.8999999999905,0.0,False,1
32,0,2,[1 2],576.7999999999993,0.5,0.5,0.07810404128429416,SI,[2 1],-26.80000000000001,10,636.8999999999905,0.0,False,1
32,0,3,[1 2],576.7999999999993,0.5,0.5,0.3880659090483366,SI,[2 1],-26.80000000000001,10,636.8999999999905,0.0,False,1
32,0,4,[1 2],576.7999999999993,0.5,0.5,0.47725120291455914,SI,[2 1],-26.80000000000001,10,636.8999999999905,0.0,False,1
33,0,0,[1 2],576.7999999999993,0.5,0.5,0.3144851113679502,SI,[2 1],-26.80000000000001,10,636.8999999999905,0.0,False,1
33,0,1,[1 2],576.7999999999993,0.5,0.5,0.08391169890620198,SI,[2 1],-26.80000000000001,10,636.8999999999905,0.0,False,1
33,0,2,[1 2],576.7999999999993,0.5,0.5,0.12663989471251058,SI,[2 1],-26.80000000000001,10,636.8999999999905,0.0,False,1
33,0,3,[1 2],576.7999999999993,0.5,0.5,0.40619610371344717,SI,[2 1],-26.80000000000001,10,636.8999999999905,0.0,False,1
33,0,4,[1 2],576.7999999999993,0.5,0.5,0.045567167467060576,SI,[2 1],-26.80000000000001,10,636.8999999999905,0.0,False,1
34,0,0,[1 2],576.7999999999993,0.5,0.5,0.36529108304455815,SI,[2 1],-26.80000000000001,10,636.8999999999905,0.0,False,1
34,0,1,[1 2],576.7999999999993,0.5,0.5,0.10441560003490402,SI,[2 1],-26.80000000000001,10,636.8999999999905,0.0,False,1
34,0,2,[1 2],576.7999999999993,0.5,0.5,0.45633337233601534,SI,[2 1],-26.80000000000001,10,636.8999999999905,0.0,False,1
34,0,3,[1 2],576.7999999999993,0.5,0.5,0.3465996229813503,SI,[2 1],-26.80000000000001,10,636.8999999999905,0.0,False,1
34,0,4,[1 2],576.7999999999993,0.5,0.5,0.4507688919205396,SI,[2 1],-26.80000000000001,10,636.8999999999905,0.0,False,1
35,0,0,[1 2],576.7999999999993,0.5,0.5,0.3213419845366121,SI,[2 1],-26.80000000000001,10,636.8999999999905,0.0,False,1
35,0,1,[1 2],576.7999999999993,0.5,0.5,0.11943013765801291,SI,[2 1],-26.80000000000001,10,636.8999999999905,0.0,False,1
35,0,2,[1 2],576.7999999999993,0.5,0.5,0.22375801141602436,SI,[2 1],-26.80000000000001,10,636.8999999999905,0.0,False,1
35,0,3,[1 2],576.7999999999993,0.5,0.5,0.4478852544543116,SI,[2 1],-26.80000000000001,10,636.8999999999905,0.0,False,1
35,0,4,[1 2],576.7999999999993,0.5,0.5,0.44631122200508544,SI,[2 1],-26.80000000000001,10,636.8999999999905,0.0,False,1
36,0,0,[1 2],576.7999999999993,0.5,0.5,0.47786177524345896,SI,[2 1],-26.80000000000001,10,636.8999999999905,0.0,False,1
36,0,1,[1 2],576.7999999999993,0.5,0.5,0.09985798651762134,SI,[2 1],-26.80000000000001,10,636.8999999999905,0.0,False,1
36,0,2,[1 2],576.7999999999993,0.5,0.5,0.3442062818520396,SI,[2 1],-26.80000000000001,10,636.8999999999905,0.0,False,1
36,0,3,[1 2],576.7999999999993,0.5,0.5,0.3273438040379164,SI,[2 1],-26.80000000000001,10,636.8999999999905,0.0,False,1
36,0,4,[1 2],576.7999999999993,0.5,0.5,0.2619440399812313,SI,[2 1],-26.80000000000001,10,636.8999999999905,0.0,False,1
37,0,0,[1 2],576.7999999999993,0.5,0.5,0.07011249288607002,SI,[2 1],-26.80000000000001,10,636.8999999999905,0.0,False,1
37,0,1,[1 2],576.7999999999993,0.5,0.5,0.12931593571382893,SI,[2 1],-26.80000000000001,10,636.8999999999905,0.0,False,1
37,0,2,[1 2],576.7999999999993,0.5,0.5,0.24164731307150167,SI,[2 1],-26.80000000000001,10,636.8999999999905,0.0,False,1
37,0,3,[1 2],576.7999999999993,0.5,0.5,0.1256361265998036,SI,[2 1],-26.80000000000001,10,636.8999999999905,0.0,False,1
37,0,4,[1 2],576.7999999999993,0.5,0.5,0.3389335441622203,SI,[2 1],-26.80000000000001,10,636.8999999999905,0.0,False,1
38,0,0,[1 2],576.7999999999993,0.5,0.5,0.13704808679707292,SI,[2 1],-26.80000000000001,10,636.8999999999905,0.0,False,1
38,0,1,[1 2],576.7999999999993,0.5,0.5,0.3290906797458303,SI,[2 1],-26.80000000000001,10,636.8999999999905,0.0,False,1
38,0,2,[1 2],576.7999999999993,0.5,0.5,0.04599770071399423,SI,[2 1],-26.80000000000001,10,636.8999999999905,0.0,False,1
38,0,3,[1 2],576.7999999999993,0.5,0.5,0.13279962831890402,SI,[2 1],-26.80000000000001,10,636.8999999999905,0.0,False,1
38,0,4,[1 2],576.7999999999993,0.5,0.5,0.26766379934082773,SI,[2 1],-26.80000000000001,10,636.8999999999905,0.0,False,1
39,0,0,[1 2],576.7999999999993,0.5,0.5,0.1200561810954246,SI,[2 1],-26.80000000000001,10,636.8999999999905,0.0,False,1
39,0,1,[1 2],576.7999999999993,0.5,0.5,0.09940346281455514,SI,[2 1],-26.80000000000001,10,636.8999999999905,0.0,False,1
39,0,2,[1 2],576.7999999999993,0.5,0.5,0.4297067930959675,SI,[2 1],-26.80000000000001,10,636.8999999999905,0.0,False,1
39,0,3,[1 2],576.7999999999993,0.5,0.5,0.3627207017471641,SI,[2 1],-26.80000000000001,10,636.8999999999905,0.0,False,1
39,0,4,[1 2],576.7999999999993,0.5,0.5,0.13427622208225032,SI,[2 1],-26.80000000000001,10,636.8999999999905,0.0,False,1
40,0,0,[1 2],576.7999999999993,0.5,0.5,0.3475340085057905,SI,[2 1],-26.80000000000001,10,636.8999999999905,0.0,False,1
40,0,1,[1 2],576.7999999999993,0.5,0.5,0.29359557638233114,SI,[2 1],-26.80000000000001,10,636.8999999999905,0.0,False,1
40,0,2,[1 2],576.7999999999993,0.5,0.5,0.11294808052307936,SI,[2 1],-26.80000000000001,10,636.8999999999905,0.0,False,1
40,0,3,[1 2],576.7999999999993,0.5,0.5,0.05083053028669671,SI,[2 1],-26.80000000000001,10,636.8999999999905,0.0,False,1
40,0,4,[1 2],576.7999999999993,0.5,0.5,0.04661560181831992,SI,[2 1],-26.80000000000001,10,636.8999999999905,0.0,False,1
41,0,0,[1 2],576.7999999999993,0.5,0.5,0.26352420788511643,SI,[2 1],-26.80000000000001,10,636.8999999999905,0.0,False,1
41,0,1,[1 2],576.7999999999993,0.5,0.5,0.05694199264469557,SI,[2 1],-26.80000000000001,10,636.8999999999905,0.0,False,1
41,0,2,[1 2],576.7999999999993,0.5,0.5,0.043935852911822226,SI,[2 1],-26.80000000000001,10,636.8999999999905,0.0,False,1
41,0,3,[1 2],576.7999999999993,0.5,0.5,0.46772797198410054,SI,[2 1],-26.80000000000001,10,636.8999999999905,0.0,False,1
41,0,4,[1 2],576.7999999999993,0.5,0.5,0.44843684371276915,SI,[2 1],-26.80000000000001,10,636.8999999999905,0.0,False,1
42,0,0,[1 2],576.7999999999993,0.5,0.5,0.21540113014643725,SI,[2 1],-26.80000000000001,10,636.8999999999905,0.0,False,1
42,0,1,[1 2],576.7999999999993,0.5,0.5,0.452675835005362,SI,[2 1],-26.80000000000001,10,636.8999999999905,0.0,False,1
42,0,2,[1 2],576.7999999999993,0.5,0.5,0.37705843391558846,SI,[2 1],-26.80000000000001,10,636.8999999999905,0.0,False,1
42,0,3,[1 2],576.7999999999993,0.5,0.5,0.44320541549193626,SI,[2 1],-26.80000000000001,10,636.8999999999905,0.0,False,1
42,0,4,[1 2],576.7999999999993,0.5,0.5,0.4497214229653378,SI,[2 1],-26.80000000000001,10,636.8999999999905,0.0,False,1
43,0,0,[1 2],576.7999999999993,0.5,0.5,0.20166624514575215,SI,[2 1],-26.80000000000001,10,636.8999999999905,0.0,False,1
43,0,1,[1 2],576.7999999999993,0.5,0.5,0.28416790161304806,SI,[2 1],-26.80000000000001,10,636.8999999999905,0.0,False,1
43,0,2,[1 2],576.7999999999993,0.5,0.5,0.23902415886233008,SI,[2 1],-26.80000000000001,10,636.8999999999905,0.0,False,1
43,0,3,[1 2],576.7999999999993,0.5,0.5,0.35235348126191246,SI,[2 1],-26.80000000000001,10,636.8999999999905,0.0,False,1
43,0,4,[1 2],576.7999999999993,0.5,0.5,0.24626767675456906,SI,[2 1],-26.80000000000001,10,636.8999999999905,0.0,False,1
44,0,0,[1 2],576.7999999999993,0.5,0.5,0.338792522415847,SI,[2 1],-26.80000000000001,10,636.8999999999905,0.0,False,1
44,0,1,[1 2],576.7999999999993,0.5,0.5,0.15501079819436425,SI,[2 1],-26.80000000000001,10,636.8999999999905,0.0,False,1
44,0,2,[1 2],576.7999999999993,0.5,0.5,0.4771966465839834,SI,[2 1],-26.80000000000001,10,636.8999999999905,0.0,False,1
44,0,3,[1 2],576.7999999999993,0.5,0.5,0.17645130549021926,SI,[2 1],-26.80000000000001,10,636.8999999999905,0.0,False,1
44,0,4,[1 2],576.7999999999993,0.5,0.5,0.10228737045297498,SI,[2 1],-26.80000000000001,10,636.8999999999905,0.0,False,1
45,0,0,[1 2],576.7999999999993,0.5,0.5,0.28868418714350064,SI,[2 1],-26.80000000000001,10,636.8999999999905,0.0,False,1
45,0,1,[1 2],576.7999999999993,0.5,0.5,0.37806939903569936,SI,[2 1],-26.80000000000001,10,636.8999999999905,0.0,False,1
45,0,2,[1 2],576.7999999999993,0.5,0.5,0.29358210743823887,SI,[2 1],-26.80000000000001,10,636.8999999999905,0.0,False,1
45,0,3,[1 2],576.7999999999993,0.5,0.5,0.45113007378944303,SI,[2 1],-26.80000000000001,10,636.8999999999905,0.0,False,1
45,0,4,[1 2],576.7999999999993,0.5,0.5,0.06930348571767408,SI,[2 1],-26.80000000000001,10,636.8999999999905,0.0,False,1
46,0,0,[1 2],576.7999999999993,0.5,0.5,0.18123392052907195,SI,[2 1],-26.80000000000001,10,636.8999999999905,0.0,False,1
46,0,1,[1 2],576.7999999999993,0.5,0.5,0.022683768900634727,SI,[2 1],-26.80000000000001,10,636.8999999999905,0.0,False,1
46,0,2,[1 2],576.7999999999993,0.5,0.5,0.38654071304501314,SI,[2 1],-26.80000000000001,10,636.8999999999905,0.0,False,1
46,0,3,[1 2],576.7999999999993,0.5,0.5,0.3945718729596589,SI,[2 1],-26.80000000000001,10,636.8999999999905,0.0,False,1
46,0,4,[1 2],576.7999999999993,0.5,0.5,0.3328858303082941,SI,[2 1],-26.80000000000001,10,636.8999999999905,0.0,False,1
47,0,0,[1 2],576.7999999999993,0.5,0.5,0.05220211973453903,SI,[2 1],-26.80000000000001,10,636.8999999999905,0.0,False,1
47,0,1,[1 2],576.7999999999993,0.5,0.5,0.26991527672954163,SI,[2 1],-26.80000000000001,10,636.8999999999905,0.0,False,1
47,0,2,[1 2],576.7999999999993,0.5,0.5,0.08660904253772883,SI,[2 1],-26.80000000000001,10,636.8999999999905,0.0,False,1
47,0,3,[1 2],576.7999999999993,0.5,0.5,0.018409783293775517,SI,[2 1],-26.80000000000001,10,636.8999999999905,0.0,False,1
47,0,4,[1 2],576.7999999999993,0.5,0.5,0.4212268654152771,SI,[2 1],-26.80000000000001,10,636.8999999999905,0.0,False,1
48,0,0,[1 2],576.7999999999993,0.5,0.5,0.00809394213571335,SI,[2 1],-26.80000000000001,10,636.8999999999905,0.0,False,1
48,0,1,[1 2],576.7999999999993,0.5,0.5,0.003185600426256152,SI,[2 1],-26.80000000000001,10,636.8999999999905,0.0,False,1
48,0,2,[1 2],576.7999999999993,0.5,0.5,0.18597771756897352,SI,[2 1],-26.80000000000001,10,636.8999999999905,0.0,False,1
48,0,3,[1 2],576.7999999999993,0.5,0.5,0.1808894548158576,SI,[2 1],-26.80000000000001,10,636.8999999999905,0.0,False,1
48,0,4,[1 2],576.7999999999993,0.5,0.5,0.18688126763475799,SI,[2 1],-26.80000000000001,10,636.8999999999905,0.0,False,1
49,0,0,[1 2],576.7999999999993,0.5,0.5,0.48106103187446125,SI,[2 1],-26.80000000000001,10,636.8999999999905,0.0,False,1
49,0,1,[1 2],576.7999999999993,0.5,0.5,0.027556735681077082,SI,[2 1],-26.80000000000001,10,636.8999999999905,0.0,False,1
49,0,2,[1 2],576.7999999999993,0.5,0.5,0.12589225027567774,SI,[2 1],-26.80000000000001,10,636.8999999999905,0.0,False,1
49,0,3,[1 2],576.7999999999993,0.5,0.5,0.4564034753204348,SI,[2 1],-26.80000000000001,10,636.8999999999905,0.0,False,1
49,0,4,[1 2],576.7999999999993,0.5,0.5,0.01808713806633555,SI,[2 1],-26.80000000000001,10,636.8999999999905,0.0,False,1
50,0,0,[1 2],576.7999999999993,0.5,0.5,0.45378516597034846,SI,[2 1],-26.80000000000001,10,636.8999999999905,0.0,False,1
50,0,1,[1 2],576.7999999999993,0.5,0.5,0.2292078868130445,SI,[2 1],-26.80000000000001,10,636.8999999999905,0.0,False,1
50,0,2,[1 2],576.7999999999993,0.5,0.5,0.03718759488427459,SI,[2 1],-26.80000000000001,10,636.8999999999905,0.0,False,1
50,0,3,[1 2],576.7999999999993,0.5,0.5,0.11442947910402346,SI,[2 1],-26.80000000000001,10,636.8999999999905,0.0,False,1
50,0,4,[1 2],576.7999999999993,0.5,0.5,0.02210724339758241,SI,[2 1],-26.80000000000001,10,636.8999999999905,0.0,False,1
0,1,0,[3 1 4 2 5],3068.1999999999534,0.5,0.5,0.26720624330087117,SI,[3 1 4 5 2],-321.80000000000007,10,2761.5999999999804,0.09992829672119735,True,2
0,1,1,[3 1 4 5 2],2761.5999999999804,0.5,0.5,0.022549365368799368,SI,[3 5 4 1 2],35.299999999999955,10,3735.199999999986,0.0,False,2
0,1,2,[3 1 4 5 2],2761.5999999999804,0.5,0.5,0.8362620627661396,MI,[5 4 1 3 2],22.799999999999955,10,4543.400000000009,0.0,False,2
0,1,3,[3 1 4 5 2],2761.5999999999804,0.5,0.5,0.287515936239372,SI,[5 4 1 3 2],22.799999999999955,10,4543.400000000009,0.0,False,2
0,1,4,[3 1 4 5 2],2761.5999999999804,0.5,0.5,0.05134056263962816,SI,[5 4 1 3 2],22.799999999999955,10,4543.400000000009,0.0,False,2
1,0,0,[3 1 4 5 2],2761.5999999999804,0.504946980502507,0.4950530194974929,0.11145870187673579,SI,[3 4 1 5 2],73.19999999999999,10,3454.6999999999825,0.0,False,2
1,0,1,[3 1 4 5 2],2761.5999999999804,0.504946980502507,0.4950530194974929,0.2612967913185382,SI,[5 4 1 3 2],22.799999999999955,10,4543.400000000009,0.0,False,2
1,0,2,[3 1 4 5 2],2761.5999999999804,0.504946980502507,0.4950530194974929,0.49282810514790076,SI,[5 4 1 3 2],22.799999999999955,10,4543.400000000009,0.0,False,2
1,0,3,[3 1 4 5 2],2761.5999999999804,0.504946980502507,0.4950530194974929,0.7092945348207444,MI,[5 4 1 3 2],22.799999999999955,10,4543.400000000009,0.0,False,2
1,0,4,[3 1 4 5 2],2761.5999999999804,0.504946980502507,0.4950530194974929,0.7224511965425554,MI,[5 4 1 3 2],22.799999999999955,10,4543.400000000009,0.0,False,2
2,0,0,[3 1 4 5 2],2761.5999999999804,0.5049469805025071,0.495053019497493,0.24137990342458937,SI,[5 4 1 3 2],22.799999999999955,10,4543.400000000009,0.0,False,2
2,0,1,[3 1 4 5 2],2761.5999999999804,0.5049469805025071,0.495053019497493,0.5827775317756553,MI,[5 4 1 3 2],22.799999999999955,10,4543.400000000009,0.0,False,2
2,0,2,[3 1 4 5 2],2761.5999999999804,0.5049469805025071,0.495053019497493,0.7111144219455655,MI,[5 4 1 3 2],22.799999999999955,10,4543.400000000009,0.0,False,2
2,0,3,[3 1 4 5 2],2761.5999999999804,0.5049469805025071,0.495053019497493,0.3570110216665916,SI,[5 4 1 3 2],22.799999999999955,10,4543.400000000009,0.0,False,2
2,0,4,[3 1 4 5 2],2761.5999999999804,0.5049469805025071,0.495053019497493,0.15360244237845544,SI,[3 4 1 5 2],73.19999999999999,10,3454.6999999999825,0.0,False,2
3,0,0,[3 1 4 5 2],2761.5999999999804,0.5049469805025071,0.495053019497493,0.710922927388932,MI,[3 5 4 1 2],35.299999999999955,10,3735.199999999986,0.0,False,2
3,0,1,[3 1 4 5 2],2761.5999999999804,0.5049469805025071,0.495053019497493,0.0955483941936931,SI,[2 5 4 1 3],57.30000000000001,10,4209.000000000036,0.0,False,2
3,0,2,[3 1 4 5 2],2761.5999999999804,0.5049469805025071,0.495053019497493,0.34909745796700997,SI,[3 5 4 1 2],35.299999999999955,10,3735.199999999986,0.0,False,2
3,0,3,[3 1 4 5 2],2761.5999999999804,0.5049469805025071,0.495053019497493,0.8417740375672115,MI,[5 4 1 3 2],22.799999999999955,10,4543.400000000009,0.0,False,2
3,0,4,[3 1 4 5 2],2761.5999999999804,0.5049469805025071,0.495053019497493,0.7292965615843866,MI,[5 4 1 3 2],22.799999999999955,10,4543.400000000009,0.0,False,2
4,0,0,[3 1 4 5 2],2761.5999999999804,0.5049469805025071,0.495053019497493,0.18530912486106166,SI,[3 5 4 1 2],35.299999999999955,10,3735.199999999986,0.0,False,2
4,0,1,[3 1 4 5 2],2761.5999999999804,0.5049469805025071,0.495053019497493,0.9124363645731384,MI,[5 4 1 3 2],22.799999999999955,10,4543.400000000009,0.0,False,2
4,0,2,[3 1 4 5 2],2761.5999999999804,0.5049469805025071,0.495053019497493,0.9453927624773305,MI,[5 4 1 3 2],22.799999999999955,10,4543.400000000009,0.0,False,2
4,0,3,[3 1 4 5 2],2761.5999999999804,0.5049469805025071,0.495053019497493,0.09578941439890365,SI,[5 4 1 3 2],22.799999999999955,10,4543.400000000009,0.0,False,2
4,0,4,[3 1 4 5 2],2761.5999999999804,0.5049469805025071,0.495053019497493,0.7130345400149277,MI,[3 5 4 1 2],35.299999999999955,10,3735.199999999986,0.0,False,2
5,0,0,[3 1 4 5 2],2761.5999999999804,0.5049469805025071,0.495053019497493,0.21051632694010458,SI,[5 4 1 3 2],22.799999999999955,10,4543.400000000009,0.0,False,2
5,0,1,[3 1 4 5 2],2761.5999999999804,0.5049469805025071,0.495053019497493,0.1604836666824987,SI,[5 4 1 3 2],22.799999999999955,10,4543.400000000009,0.0,False,2
5,0,2,[3 1 4 5 2],2761.5999999999804,0.5049469805025071,0.495053019497493,0.8941924571895511,MI,[5 4 1 3 2],22.799999999999955,10,4543.400000000009,0.0,False,2
5,0,3,[3 1 4 5 2],2761.5999999999804,0.5049469805025071,0.495053019497493,0.21494847886468882,SI,[5 4 1 3 2],22.799999999999955,10,4543.400000000009,0.0,False,2
5,0,4,[3 1 4 5 2],2761.5999999999804,0.5049469805025071,0.495053019497493,0.9043554276315583,MI,[5 4 1 3 2],22.799999999999955,10,4543.400000000009,0.0,False,2
6,0,0,[3 1 4 5 2],2761.5999999999804,0.5049469805025071,0.495053019497493,0.32864817424813586,SI,[5 4 1 3 2],22.799999999999955,10,4543.400000000009,0.0,False,2
6,0,1,[3 1 4 5 2],2761.5999999999804,0.5049469805025071,0.495053019497493,0.6352167331407551,MI,[5 4 1 3 2],22.799999999999955,10,4543.400000000009,0.0,False,2
6,0,2,[3 1 4 5 2],2761.5999999999804,0.5049469805025071,0.495053019497493,0.880174979420721,MI,[2 5 4 1 3],57.30000000000001,10,4209.000000000036,0.0,False,2
6,0,3,[3 1 4 5 2],2761.5999999999804,0.5049469805025071,0.495053019497493,0.643073837437832,MI,[5 4 1 3 2],22.799999999999955,10,4543.400000000009,0.0,False,2
6,0,4,[3 1 4 5 2],2761.5999999999804,0.5049469805025071,0.495053019497493,0.13995755825408873,SI,[5 4 1 3 2],22.799999999999955,10,4543.400000000009,0.0,False,2
7,0,0,[3 1 4 5 2],2761.5999999999804,0.5049469805025071,0.495053019497493,0.0496696445645638,SI,[3 5 4 1 2],35.299999999999955,10,3735.199999999986,0.0,False,2
7,0,1,[3 1 4 5 2],2761.5999999999804,0.5049469805025071,0.495053019497493,0.7791529215691071,MI,[5 4 1 3 2],22.799999999999955,10,4543.400000000009,0.0,False,2
7,0,2,[3 1 4 5 2],2761.5999999999804,0.5049469805025071,0.495053019497493,0.5135896635427474,MI,[5 4 1 3 2],22.799999999999955,10,4543.400000000009,0.0,False,2
7,0,3,[3 1 4 5 2],2761.5999999999804,0.5049469805025071,0.495053019497493,0.6560886350368151,MI,[4 1 3 5 2],175.39999999999998,10,4265.999999999996,0.0,False,2
7,0,4,[3 1 4 5 2],2761.5999999999804,0.5049469805025071,0.495053019497493,0.4840881359849427,SI,[3 4 1 5 2],73.19999999999999,10,3454.6999999999825,0.0,False,2
8,0,0,[3 1 4 5 2],2761.5999999999804,0.5049469805025071,0.495053019497493,0.2938546696208315,SI,[5 4 1 3 2],22.799999999999955,10,4543.400000000009,0.0,False,2
8,0,1,[3 1 4 5 2],2761.5999999999804,0.5049469805025071,0.495053019497493,0.2506940005055609,SI,[3 5 4 1 2],35.299999999999955,10,3735.199999999986,0.0,False,2
8,0,2,[3 1 4 5 2],2761.5999999999804,0.5049469805025071,0.495053019497493,0.286969973661362,SI,[5 4 1 3 2],22.799999999999955,10,4543.400000000009,0.0,False,2
8,0,3,[3 1 4 5 2],2761.5999999999804,0.5049469805025071,0.495053019497493,0.06455064426674151,SI,[5 4 1 3 2],22.799999999999955,10,4543.400000000009,0.0,False,2
8,0,4,[3 1 4 5 2],2761.5999999999804,0.5049469805025071,0.495053019497493,0.8293332282302336,MI,[5 4 1 3 2],22.799999999999955,10,4543.400000000009,0.0,False,2
9,0,0,[3 1 4 5 2],2761.5999999999804,0.5049469805025071,0.495053019497493,0.26645519867729317,SI,[3 5 4 1 2],35.299999999999955,10,3735.199999999986,0.0,False,2
9,0,1,[3 1 4 5 2],2761.5999999999804,0.5049469805025071,0.495053019497493,0.05236128056267009,SI,[5 4 1 3 2],22.799999999999955,10,4543.400000000009,0.0,False,2
9,0,2,[3 1 4 5 2],2761.5999999999804,0.5049469805025071,0.495053019497493,0.6985507367090762,MI,[3 5 4 1 2],35.299999999999955,10,3735.199999999986,0.0,False,2
9,0,3,[3 1 4 5 2],2761.5999999999804,0.5049469805025071,0.495053019497493,0.7210676569932263,MI,[5 4 1 3 2],22.799999999999955,10,4543.400000000009,0.0,False,2
9,0,4,[3 1 4 5 2],2761.5999999999804,0.5049469805025071,0.495053019497493,0.494361321580154,SI,[5 4 1 3 2],22.799999999999955,10,4543.400000000009,0.0,False,2
10,0,0,[3 1 4 5 2],2761.5999999999804,0.5049469805025071,0.495053019497493,0.009162444520139368,SI,[5 4 1 3 2],22.799999999999955,10,4543.400000000009,0.0,False,2
10,0,1,[3 1 4 5 2],2761.5999999999804,0.5049469805025071,0.495053019497493,0.01985057048741523,SI,[3 5 4 1 2],35.299999999999955,10,3735.199999999986,0.0,False,2
10,0,2,[3 1 4 5 2],2761.5999999999804,0.5049469805025071,0.495053019497493,0.40228399458072694,SI,[5 4 1 3 2],22.799999999999955,10,4543.400000000009,0.0,False,2
10,0,3,[3 1 4 5 2],2761.5999999999804,0.5049469805025071,0.495053019497493,0.9985636288439338,MI,[5 4 1 3 2],22.799999999999955,10,4543.400000000009,0.0,False,2
10,0,4,[3 1 4 5 2],2761.5999999999804,0.5049469805025071,0.495053019497493,0.748948699239763,MI,[3 5 4 1 2],35.299999999999955,10,3735.199999999986,0.0,False,2
11,0,0,[3 1 4 5 2],2761.5999999999804,0.5049469805025071,0.495053019497493,0.7358819120092951,MI,[3 5 4 1 2],35.299999999999955,10,3735.199999999986,0.0,False,2
11,0,1,[3 1 4 5 2],2761.5999999999804,0.5049469805025071,0.495053019497493,0.5643698854741666,MI,[2 5 4 1 3],57.30000000000001,10,4209.000000000036,0.0,False,2
11,0,2,[3 1 4 5 2],2761.5999999999804,0.5049469805025071,0.495053019497493,0.494529318441822,SI,[5 4 1 3 2],22.799999999999955,10,4543.400000000009,0.0,False,2
11,0,3,[3 1 4 5 2],2761.5999999999804,0.5049469805025071,0.495053019497493,0.2838369420694026,SI,[2 5 4 1 3],57.30000000000001,10,4209.000000000036,0.0,False,2
11,0,4,[3 1 4 5 2],2761.5999999999804,0.5049469805025071,0.495053019497493,0.11940771372378378,SI,[5 4 1 3 2],22.799999999999955,10,4543.400000000009,0.0,False,2
12,0,0,[3 1 4 5 2],2761.5999999999804,0.5049469805025071,0.495053019497493,0.06899559621515916,SI,[5 4 1 3 2],22.799999999999955,10,4543.400000000009,0.0,False,2
12,0,1,[3 1 4 5 2],2761.5999999999804,0.5049469805025071,0.495053019497493,0.6187371025225961,MI,[5 4 1 3 2],22.799999999999955,10,4543.400000000009,0.0,False,2
12,0,2,[3 1 4 5 2],2761.5999999999804,0.5049469805025071,0.495053019497493,0.12370145950204614,SI,[3 5 4 1 2],35.299999999999955,10,3735.199999999986,0.0,False,2
12,0,3,[3 1 4 5 2],2761.5999999999804,0.5049469805025071,0.495053019497493,0.17444361437813838,SI,[5 4 1 3 2],22.799999999999955,10,4543.400000000009,0.0,False,2
12,0,4,[3 1 4 5 2],2761.5999999999804,0.5049469805025071,0.495053019497493,0.7239612666548346,MI,[5 4 1 3 2],22.799999999999955,10,4543.400000000009,0.0,False,2
13,0,0,[3 1 4 5 2],2761.5999999999804,0.5049469805025071,0.495053019497493,0.4935363991093412,SI,[5 4 1 3 2],22.799999999999955,10,4543.400000000009,0.0,False,2
13,0,1,[3 1 4 5 2],2761.5999999999804,0.5049469805025071,0.495053019497493,0.8456060427452881,MI,[5 4 1 3 2],22.799999999999955,10,4543.400000000009,0.0,False,2
13,0,2,[3 1 4 5 2],2761.5999999999804,0.5049469805025071,0.495053019497493,0.3096944867413044,SI,[5 4 1 3 2],22.799999999999955,10,4543.400000000009,0.0,False,2
13,0,3,[3 1 4 5 2],2761.5999999999804,0.5049469805025071,0.495053019497493,0.5339666228793793,MI,[3 5 4 1 2],35.299999999999955,10,3735.199999999986,0.0,False,2
13,0,4,[3 1 4 5 2],2761.5999999999804,0.5049469805025071,0.495053019497493,0.63018591700861,MI,[5 4 1 3 2],22.799999999999955,10,4543.400000000009,0.0,False,2
14,0,0,[3 1 4 5 2],2761.5999999999804,0.5049469805025071,0.495053019497493,0.8200924890169734,MI,[3 5 4 1 2],35.299999999999955,10,3735.199999999986,0.0,False,2
14,0,1,[3 1 4 5 2],2761.5999999999804,0.5049469805025071,0.495053019497493,0.702206269442257,MI,[5 4 1 3 2],22.799999999999955,10,4543.400000000009,0.0,False,2
14,0,2,[3 1 4 5 2],2761.5999999999804,0.5049469805025071,0.495053019497493,0.6426683717703342,MI,[3 5 4 1 2],35.299999999999955,10,3735.199999999986,0.0,False,2
14,0,3,[3 1 4 5 2],2761.5999999999804,0.5049469805025071,0.495053019497493,0.5618118359138435,MI,[5 4 1 3 2],22.799999999999955,10,4543.400000000009,0.0,False,2
14,0,4,[3 1 4 5 2],2761.5999999999804,0.5049469805025071,0.495053019497493,0.7429472897764046,MI,[3 5 4 1 2],35.299999999999955,10,3735.199999999986,0.0,False,2
15,0,0,[3 1 4 5 2],2761.5999999999804,0.5049469805025071,0.495053019497493,0.5126945571390518,MI,[3 5 4 1 2],35.299999999999955,10,3735.199999999986,0.0,False,2
15,0,1,[3 1 4 5 2],2761.5999999999804,0.5049469805025071,0.495053019497493,0.7141696032035567,MI,[2 5 4 1 3],57.30000000000001,10,4209.000000000036,0.0,False,2
15,0,2,[3 1 4 5 2],2761.5999999999804,0.5049469805025071,0.495053019497493,0.5170814749810966,MI,[5 4 1 3 2],22.799999999999955,10,4543.400000000009,0.0,False,2
15,0,3,[3 1 4 5 2],2761.5999999999804,0.5049469805025071,0.495053019497493,0.979211969695076,MI,[5 4 1 3 2],22.799999999999955,10,4543.400000000009,0.0,False,2
15,0,4,[3 1 4 5 2],2761.5999999999804,0.5049469805025071,0.495053019497493,0.17834943334206532,SI,[5 4 1 3 2],22.799999999999955,10,4543.400000000009,0.0,False,2
16,0,0,[3 1 4 5 2],2761.5999999999804,0.5049469805025071,0.495053019497493,0.5382538185303027,MI,[5 4 1 3 2],22.799999999999955,10,4543.400000000009,0.0,False,2
16,0,1,[3 1 4 5 2],2761.5999999999804,0.5049469805025071,0.495053019497493,0.4724786395612959,SI,[2 5 4 1 3],57.30000000000001,10,4209.000000000036,0.0,False,2
16,0,2,[3 1 4 5 2],2761.5999999999804,0.5049469805025071,0.495053019497493,0.27092789372617576,SI,[5 4 1 3 2],22.799999999999955,10,4543.400000000009,0.0,False,2
16,0,3,[3 1 4 5 2],2761.5999999999804,0.5049469805025071,0.495053019497493,0.4515128855670728,SI,[3 5 4 1 2],35.299999999999955,10,3735.199999999986,0.0,False,2
16,0,4,[3 1 4 5 2],2761.5999999999804,0.5049469805025071,0.495053019497493,0.5190980711369527,MI,[5 4 1 3 2],22.799999999999955,10,4543.400000000009,0.0,False,2
17,0,0,[3 1 4 5 2],2761.5999999999804,0.5049469805025071,0.495053019497493,0.6025815067485334,MI,[5 4 1 3 2],22.799999999999955,10,4543.400000000009,0.0,False,2
17,0,1,[3 1 4 5 2],2761.5999999999804,0.5049469805025071,0.495053019497493,0.5620500172071236,MI,[5 4 1 3 2],22.799999999999955,10,4543.400000000009,0.0,False,2
17,0,2,[3 1 4 5 2],2761.5999999999804,0.5049469805025071,0.495053019497493,0.18734240580931183,SI,[5 4 1 3 2],22.799999999999955,10,4543.400000000009,0.0,False,2
17,0,3,[3 1 4 5 2],2761.5999999999804,0.5049469805025071,0.495053019497493,0.5370371830820934,MI,[3 5 4 1 2],35.299999999999955,10,3735.199999999986,0.0,False,2
17,0,4,[3 1 4 5 2],2761.5999999999804,0.5049469805025071,0.495053019497493,0.9035989913990309,MI,[5 4 1 3 2],22.799999999999955,10,4543.400000000009,0.0,False,2
18,0,0,[3 1 4 5 2],2761.5999999999804,0.5049469805025071,0.495053019497493,0.9170127467753661,MI,[5 4 1 3 2],22.799999999999955,10,4543.400000000009,0.0,False,2
18,0,1,[3 1 4 5 2],2761.5999999999804,0.5049469805025071,0.495053019497493,0.09360676679604873,SI,[5 4 1 3 2],22.799999999999955,10,4543.400000000009,0.0,False,2
18,0,2,[3 1 4 5 2],2761.5999999999804,0.5049469805025071,0.495053019497493,0.8384601829529474,MI,[5 4 1 3 2],22.799999999999955,10,4543.400000000009,0.0,False,2
18,0,3,[3 1 4 5 2],2761.5999999999804,0.5049469805025071,0.495053019497493,0.24510653508167135,SI,[2 5 4 1 3],57.30000000000001,10,4209.000000000036,0.0,False,2
18,0,4,[3 1 4 5 2],2761.5999999999804,0.5049469805025071,0.495053019497493,0.32555552812224664,SI,[5 4 1 3 2],22.799999999999955,10,4543.400000000009,0.0,False,2
19,0,0,[3 1 4 5 2],2761.5999999999804,0.5049469805025071,0.495053019497493,0.5606482500355098,MI,[5 4 1 3 2],22.799999999999955,10,4543.400000000009,0.0,False,2
19,0,1,[3 1 4 5 2],2761.5999999999804,0.5049469805025071,0.495053019497493,0.17644428641811682,SI,[5 4 1 3 2],22.799999999999955,10,4543.400000000009,0.0,False,2
19,0,2,[3 1 4 5 2],2761.5999999999804,0.5049469805025071,0.495053019497493,0.8597211815094109,MI,[5 4 1 3 2],22.799999999999955,10,4543.400000000009,0.0,False,2
19,0,3,[3 1 4 5 2],2761.5999999999804,0.5049469805025071,0.495053019497493,0.8652770973079067,MI,[3 5 4 1 2],35.299999999999955,10,3735.199999999986,0.0,False,2
19,0,4,[3 1 4 5 2],2761.5999999999804,0.5049469805025071,0.495053019497493,0.21938373439733339,SI,[3 5 4 1 2],35.299999999999955,10,3735.199999999986,0.0,False,2
20,0,0,[3 1 4 5 2],2761.5999999999804,0.5049469805025071,0.495053019497493,0.7686237155128246,MI,[5 4 1 3 2],22.799999999999955,10,4543.400000000009,0.0,False,2
20,0,1,[3 1 4 5 2],2761.5999999999804,0.5049469805025071,0.495053019497493,0.57825107824537,MI,[3 5 4 1 2],35.299999999999955,10,3735.199999999986,0.0,False,2
20,0,2,[3 1 4 5 2],2761.5999999999804,0.5049469805025071,0.495053019497493,0.4543610702380556,SI,[5 4 1 3 2],22.799999999999955,10,4543.400000000009,0.0,False,2
20,0,3,[3 1 4 5 2],2761.5999999999804,0.5049469805025071,0.495053019497493,0.14503197679108482,SI,[5 4 1 3 2],22.799999999999955,10,4543.400000000009,0.0,False,2
20,0,4,[3 1 4 5 2],2761.5999999999804,0.5049469805025071,0.495053019497493,0.7439033835667802,MI,[5 4 1 3 2],22.799999999999955,10,4543.400000000009,0.0,False,2
21,0,0,[3 1 4 5 2],2761.5999999999804,0.5049469805025071,0.495053019497493,0.7624569352665909,MI,[5 4 1 3 2],22.799999999999955,10,4543.400000000009,0.0,False,2
21,0,1,[3 1 4 5 2],2761.5999999999804,0.5049469805025071,0.495053019497493,0.3801332971590433,SI,[5 4 1 3 2],22.799999999999955,10,4543.400000000009,0.0,False,2
21,0,2,[3 1 4 5 2],2761.5999999999804,0.5049469805025071,0.495053019497493,0.03998092250740981,SI,[5 4 1 3 2],22.799999999999955,10,4543.400000000009,0.0,False,2
21,0,3,[3 1 4 5 2],2761.5999999999804,0.5049469805025071,0.495053019497493,0.7739953371463794,MI,[5 4 1 3 2],22.799999999999955,10,4543.400000000009,0.0,False,2
21,0,4,[3 1 4 5 2],2761.5999999999804,0.5049469805025071,0.495053019497493,0.4101498723343173,SI,[5 4 1 3 2],22.799999999999955,10,4543.400000000009,0.0,False,2
22,0,0,[3 1 4 5 2],2761.5999999999804,0.5049469805025071,0.495053019497493,0.5840453351353484,MI,[3 5 4 1 2],35.299999999999955,10,3735.199999999986,0.0,False,2
22,0,1,[3 1 4 5 2],2761.5999999999804,0.5049469805025071,0.495053019497493,0.7372289345839835,MI,[5 4 1 3 2],22.799999999999955,10,4543.400000000009,0.0,False,2
22,0,2,[3 1 4 5 2],2761.5999999999804,0.5049469805025071,0.495053019497493,0.7700434563570875,MI,[3 5 4 1 2],35.299999999999955,10,3735.199999999986,0.0,False,2
22,0,3,[3 1 4 5 2],2761.5999999999804,0.5049469805025071,0.495053019497493,0.680566474669359,MI,[5 4 1 3 2],22.799999999999955,10,4543.400000000009,0.0,False,2
22,0,4,[3 1 4 5 2],2761.5999999999804,0.5049469805025071,0.495053019497493,0.042524758754843295,SI,[5 4 1 3 2],22.799999999999955,10,4543.400000000009,0.0,False,2
23,0,0,[3 1 4 5 2],2761.5999999999804,0.5049469805025071,0.495053019497493,0.6047996766375938,MI,[5 4 1 3 2],22.799999999999955,10,4543.400000000009,0.0,False,2
23,0,1,[3 1 4 5 2],2761.5999999999804,0.5049469805025071,0.495053019497493,0.5181230582995558,MI,[5 4 1 3 2],22.799999999999955,10,4543.400000000009,0.0,False,2
23,0,2,[3 1 4 5 2],2761.5999999999804,0.5049469805025071,0.495053019497493,0.18076529791436102,SI,[3 1 5 4 2],101.39999999999998,10,2985.999999999982,0.0,False,2
23,0,3,[3 1 4 5 2],2761.5999999999804,0.5049469805025071,0.495053019497493,0.13424279815328044,SI,[3 5 4 1 2],35.299999999999955,10,3735.199999999986,0.0,False,2
23,0,4,[3 1 4 5 2],2761.5999999999804,0.5049469805025071,0.495053019497493,0.22933417896230113,SI,[5 4 1 3 2],22.799999999999955,10,4543.400000000009,0.0,False,2
24,0,0,[3 1 4 5 2],2761.5999999999804,0.5049469805025071,0.495053019497493,0.23576650155394852,SI,[5 4 1 3 2],22.799999999999955,10,4543.400000000009,0.0,False,2
24,0,1,[3 1 4 5 2],2761.5999999999804,0.5049469805025071,0.495053019497493,0.7941385712124368,MI,[5 4 1 3 2],22.799999999999955,10,4543.400000000009,0.0,False,2
24,0,2,[3 1 4 5 2],2761.5999999999804,0.5049469805025071,0.495053019497493,0.7866604646853248,MI,[5 4 1 3 2],22.799999999999955,10,4543.400000000009,0.0,False,2
24,0,3,[3 1 4 5 2],2761.5999999999804,0.5049469805025071,0.495053019497493,0.6528896832953156,MI,[5 4 1 3 2],22.799999999999955,10,4543.400000000009,0.0,False,2
24,0,4,[3 1 4 5 2],2761.5999999999804,0.5049469805025071,0.495053019497493,0.7289084942285512,MI,[5 4 1 3 2],22.799999999999955,10,4543.400000000009,0.0,False,2
25,0,0,[3 1 4 5 2],2761.5999999999804,0.5049469805025071,0.495053019497493,0.8379982482305275,MI,[5 4 1 3 2],22.799999999999955,10,4543.400000000009,0.0,False,2
25,0,1,[3 1 4 5 2],2761.5999999999804,0.5049469805025071,0.495053019497493,0.6669603537689708,MI,[3 5 4 1 2],35.299999999999955,10,3735.199999999986,0.0,False,2
25,0,2,[3 1 4 5 2],2761.5999999999804,0.5049469805025071,0.495053019497493,0.5957777478716091,MI,[5 4 1 3 2],22.799999999999955,10,4543.400000000009,0.0,False,2
25,0,3,[3 1 4 5 2],2761.5999999999804,0.5049469805025071,0.495053019497493,0.8541315688199171,MI,[5 4 1 3 2],22.799999999999955,10,4543.400000000009,0.0,False,2
25,0,4,[3 1 4 5 2],2761.5999999999804,0.5049469805025071,0.495053019497493,0.9592926691320144,MI,[3 5 4 1 2],35.299999999999955,10,3735.199999999986,0.0,False,2
26,0,0,[3 1 4 5 2],2761.5999999999804,0.5049469805025071,0.495053019497493,0.6515149956012841,MI,[5 4 1 3 2],22.799999999999955,10,4543.400000000009,0.0,False,2
26,0,1,[3 1 4 5 2],2761.5999999999804,0.5049469805025071,0.495053019497493,0.18312423177029724,SI,[5 4 1 3 2],22.799999999999955,10,4543.400000000009,0.0,False,2
26,0,2,[3 1 4 5 2],2761.5999999999804,0.5049469805025071,0.495053019497493,0.4518997894110113,SI,[5 4 1 3 2],22.799999999999955,10,4543.400000000009,0.0,False,2
26,0,3,[3 1 4 5 2],2761.5999999999804,0.5049469805025071,0.495053019497493,0.7996718904422273,MI,[5 4 1 3 2],22.799999999999955,10,4543.400000000009,0.0,False,2
26,0,4,[3 1 4 5 2],2761.5999999999804,0.5049469805025071,0.495053019497493,0.9158360825813536,MI,[5 4 1 3 2],22.799999999999955,10,4543.400000000009,0.0,False,2
27,0,0,[3 1 4 5 2],2761.5999999999804,0.5049469805025071,0.495053019497493,0.022646051872224793,SI,[2 5 4 1 3],57.30000000000001,10,4209.000000000036,0.0,False,2
27,0,1,[3 1 4 5 2],2761.5999999999804,0.5049469805025071,0.495053019497493,0.7168385714787167,MI,[3 5 4 1 2],35.299999999999955,10,3735.199999999986,0.0,False,2
27,0,2,[3 1 4 5 2],2761.5999999999804,0.5049469805025071,0.495053019497493,0.5311906136552059,MI,[3 5 4 1 2],35.299999999999955,10,3735.199999999986,0.0,False,2
27,0,3,[3 1 4 5 2],2761.5999999999804,0.5049469805025071,0.495053019497493,0.38971069482903076,SI,[3 5 4 1 2],35.299999999999955,10,3735.199999999986,0.0,False,2
27,0,4,[3 1 4 5 2],2761.5999999999804,0.5049469805025071,0.495053019497493,0.42884644375370284,SI,[5 4 1 3 2],22.799999999999955,10,4543.400000000009,0.0,False,2
28,0,0,[3 1 4 5 2],2761.5999999999804,0.5049469805025071,0.495053019497493,0.3377469018719669,SI,[3 5 4 1 2],35.299999999999955,10,3735.199999999986,0.0,False,2
28,0,1,[3 1 4 5 2],2761.5999999999804,0.5049469805025071,0.495053019497493,0.22011534902762286,SI,[3 5 4 1 2],35.299999999999955,10,3735.199999999986,0.0,False,2
28,0,2,[3 1 4 5 2],2761.5999999999804,0.5049469805025071,0.495053019497493,0.5669508857174292,MI,[5 4 1 3 2],22.799999999999955,10,4543.400000000009,0.0,False,2
28,0,3,[3 1 4 5 2],2761.5999999999804,0.5049469805025071,0.495053019497493,0.06318822622224185,SI,[3 5 4 1 2],35.299999999999955,10,3735.199999999986,0.0,False,2
28,0,4,[3 1 4 5 2],2761.5999999999804,0.5049469805025071,0.495053019497493,0.32677291724418467,SI,[5 4 1 3 2],22.799999999999955,10,4543.400000000009,0.0,False,2
29,0,0,[3 1 4 5 2],2761.5999999999804,0.5049469805025071,0.495053019497493,0.03025286701732499,SI,[3 5 4 1 2],35.299999999999955,10,3735.199999999986,0.0,False,2
29,0,1,[3 1 4 5 2],2761.5999999999804,0.5049469805025071,0.495053019497493,0.17985035345855727,SI,[5 4 1 3 2],22.799999999999955,10,4543.400000000009,0.0,False,2
29,0,2,[3 1 4 5 2],2761.5999999999804,0.5049469805025071,0.495053019497493,0.09675429399504776,SI,[5 4 1 3 2],22.799999999999955,10,4543.400000000009,0.0,False,2
29,0,3,[3 1 4 5 2],2761.5999999999804,0.5049469805025071,0.495053019497493,0.6236040828298205,MI,[5 4 1 3 2],22.799999999999955,10,4543.400000000009,0.0,False,2
29,0,4,[3 1 4 5 2],2761.5999999999804,0.5049469805025071,0.495053019497493,0.5789602972907407,MI,[5 4 1 3 2],22.799999999999955,10,4543.400000000009,0.0,False,2
30,0,0,[3 1 4 5 2],2761.5999999999804,0.5049469805025071,0.495053019497493,0.7940154526251141,MI,[5 4 1 3 2],22.799999999999955,10,4543.400000000009,0.0,False,2
30,0,1,[3 1 4 5 2],2761.5999999999804,0.5049469805025071,0.495053019497493,0.8709830520332942,MI,[3 5 4 1 2],35.299999999999955,10,3735.199999999986,0.0,False,2
30,0,2,[3 1 4 5 2],2761.5999999999804,0.5049469805025071,0.495053019497493,0.05391380159408177,SI,[5 4 1 3 2],22.799999999999955,10,4543.400000000009,0.0,False,2
30,0,3,[3 1 4 5 2],2761.5999999999804,0.5049469805025071,0.495053019497493,0.8124099488580392,MI,[5 4 1 3 2],22.799999999999955,10,4543.400000000009,0.0,False,2
30,0,4,[3 1 4 5 2],2761.5999999999804,0.5049469805025071,0.495053019497493,0.8342588666636964,MI,[5 4 1 3 2],22.799999999999955,10,4543.400000000009,0.0,False,2
31,0,0,[3 1 4 5 2],2761.5999999999804,0.5049469805025071,0.495053019497493,0.033159211366078356,SI,[5 4 1 3 2],22.799999999999955,10,4543.400000000009,0.0,False,2
31,0,1,[3 1 4 5 2],2761.5999999999804,0.5049469805025071,0.495053019497493,0.5047002666197066,SI,[5 4 1 3 2],22.799999999999955,10,4543.400000000009,0.0,False,2
31,0,2,[3 1 4 5 2],2761.5999999999804,0.5049469805025071,0.495053019497493,0.5390882860941091,MI,[3 5 4 1 2],35.299999999999955,10,3735.199999999986,0.0,False,2
31,0,3,[3 1 4 5 2],2761.5999999999804,0.5049469805025071,0.495053019497493,0.9620623708534553,MI,[5 4 1 3 2],22.799999999999955,10,4543.400000000009,0.0,False,2
31,0,4,[3 1 4 5 2],2761.5999999999804,0.5049469805025071,0.495053019497493,0.4252820886415414,SI,[5 4 1 3 2],22.799999999999955,10,4543.400000000009,0.0,False,2
32,0,0,[3 1 4 5 2],2761.5999999999804,0.5049469805025071,0.495053019497493,0.8261650978794843,MI,[5 4 1 3 2],22.799999999999955,10,4543.400000000009,0.0,False,2
32,0,1,[3 1 4 5 2],2761.5999999999804,0.5049469805025071,0.495053019497493,0.3306404831649912,SI,[3 5 4 1 2],35.299999999999955,10,3735.199999999986,0.0,False,2
32,0,2,[3 1 4 5 2],2761.5999999999804,0.5049469805025071,0.495053019497493,0.10363062557816016,SI,[3 5 4 1 2],35.299999999999955,10,3735.199999999986,0.0,False,2
32,0,3,[3 1 4 5 2],2761.5999999999804,0.5049469805025071,0.495053019497493,0.4900412149500136,SI,[5 4 1 3 2],22.799999999999955,10,4543.400000000009,0.0,False,2
32,0,4,[3 1 4 5 2],2761.5999999999804,0.5049469805025071,0.495053019497493,0.15314238652845702,SI,[5 4 1 3 2],22.799999999999955,10,4543.400000000009,0.0,False,2
33,0,0,[3 1 4 5 2],2761.5999999999804,0.5049469805025071,0.495053019497493,0.5016436212055935,SI,[3 5 4 1 2],35.299999999999955,10,3735.199999999986,0.0,False,2
33,0,1,[3 1 4 5 2],2761.5999999999804,0.5049469805025071,0.495053019497493,0.7342345779375439,MI,[5 4 1 3 2],22.799999999999955,10,4543.400000000009,0.0,False,2
33,0,2,[3 1 4 5 2],2761.5999999999804,0.5049469805025071,0.495053019497493,0.23844792254477776,SI,[3 5 4 1 2],35.299999999999955,10,3735.199999999986,0.0,False,2
33,0,3,[3 1 4 5 2],2761.5999999999804,0.5049469805025071,0.495053019497493,0.40828451247512343,SI,[3 5 4 1 2],35.299999999999955,10,3735.199999999986,0.0,False,2
33,0,4,[3 1 4 5 2],2761.5999999999804,0.5049469805025071,0.495053019497493,0.6547767473337286,MI,[5 4 1 3 2],22.799999999999955,10,4543.400000000009,0.0,False,2
34,0,0,[3 1 4 5 2],2761.5999999999804,0.5049469805025071,0.495053019497493,0.9710457922345429,MI,[5 4 1 3 2],22.799999999999955,10,4543.400000000009,0.0,False,2
34,0,1,[3 1 4 5 2],2761.5999999999804,0.5049469805025071,0.495053019497493,0.1809953847928094,SI,[3 5 4 1 2],35.299999999999955,10,3735.199999999986,0.0,False,2
34,0,2,[3 1 4 5 2],2761.5999999999804,0.5049469805025071,0.495053019497493,0.06578401977782211,SI,[5 4 1 3 2],22.799999999999955,10,4543.400000000009,0.0,False,2
34,0,3,[3 1 4 5 2],2761.5999999999804,0.5049469805025071,0.495053019497493,0.8342566513120926,MI,[5 4 1 3 2],22.799999999999955,10,4543.400000000009,0.0,False,2
34,0,4,[3 1 4 5 2],2761.5999999999804,0.5049469805025071,0.495053019497493,0.006329599731138225,SI,[5 4 1 3 2],22.799999999999955,10,4543.400000000009,0.0,False,2
35,0,0,[3 1 4 5 2],2761.5999999999804,0.5049469805025071,0.495053019497493,0.32083712874555304,SI,[5 4 1 3 2],22.799999999999955,10,4543.400000000009,0.0,False,2
35,0,1,[3 1 4 5 2],2761.5999999999804,0.5049469805025071,0.495053019497493,0.9401310096375499,MI,[3 5 4 1 2],35.299999999999955,10,3735.199999999986,0.0,False,2
35,0,2,[3 1 4 5 2],2761.5999999999804,0.5049469805025071,0.495053019497493,0.2912372484253568,SI,[5 4 1 3 2],22.799999999999955,10,4543.400000000009,0.0,False,2
35,0,3,[3 1 4 5 2],2761.5999999999804,0.5049469805025071,0.495053019497493,0.7910437333392039,MI,[5 4 1 3 2],22.799999999999955,10,4543.400000000009,0.0,False,2
35,0,4,[3 1 4 5 2],2761.5999999999804,0.5049469805025071,0.495053019497493,0.06589962211919353,SI,[5 4 1 3 2],22.799999999999955,10,4543.400000000009,0.0,False,2
36,0,0,[3 1 4 5 2],2761.5999999999804,0.5049469805025071,0.495053019497493,0.8249503322534802,MI,[5 4 1 3 2],22.799999999999955,10,4543.400000000009,0.0,False,2
36,0,1,[3 1 4 5 2],2761.5999999999804,0.5049469805025071,0.495053019497493,0.5572819672585768,MI,[3 5 4 1 2],35.299999999999955,10,3735.199999999986,0.0,False,2
36,0,2,[3 1 4 5 2],2761.5999999999804,0.5049469805025071,0.495053019497493,0.1687125205018113,SI,[5 4 1 3 2],22.799999999999955,10,4543.400000000009,0.0,False,2
36,0,3,[3 1 4 5 2],2761.5999999999804,0.5049469805025071,0.495053019497493,0.9466276898440779,MI,[5 4 1 3 2],22.799999999999955,10,4543.400000000009,0.0,False,2
36,0,4,[3 1 4 5 2],2761.5999999999804,0.5049469805025071,0.495053019497493,0.4397737978310944,SI,[5 4 1 3 2],22.799999999999955,10,4543.400000000009,0.0,False,2
37,0,0,[3 1 4 5 2],2761.5999999999804,0.5049469805025071,0.495053019497493,0.1603903227031791,SI,[5 4 1 3 2],22.799999999999955,10,4543.400000000009,0.0,False,2
37,0,1,[3 1 4 5 2],2761.5999999999804,0.5049469805025071,0.495053019497493,0.9719877455549196,MI,[5 4 1 3 2],22.799999999999955,10,4543.400000000009,0.0,False,2
37,0,2,[3 1 4 5 2],2761.5999999999804,0.5049469805025071,0.495053019497493,0.29897170728492495,SI,[5 4 1 3 2],22.799999999999955,10,4543.400000000009,0.0,False,2
37,0,3,[3 1 4 5 2],2761.5999999999804,0.5049469805025071,0.495053019497493,0.8686247350201259,MI,[5 4 1 3 2],22.799999999999955,10,4543.400000000009,0.0,False,2
37,0,4,[3 1 4 5 2],2761.5999999999804,0.5049469805025071,0.495053019497493,0.16503781539749718,SI,[5 4 1 3 2],22.799999999999955,10,4543.400000000009,0.0,False,2
38,0,0,[3 1 4 5 2],2761.5999999999804,0.5049469805025071,0.495053019497493,0.988085902911195,MI,[3 5 4 1 2],35.299999999999955,10,3735.199999999986,0.0,False,2
38,0,1,[3 1 4 5 2],2761.5999999999804,0.5049469805025071,0.495053019497493,0.7820733826546163,MI,[5 4 1 3 2],22.799999999999955,10,4543.400000000009,0.0,False,2
38,0,2,[3 1 4 5 2],2761.5999999999804,0.5049469805025071,0.495053019497493,0.10759327457398349,SI,[5 4 1 3 2],22.799999999999955,10,4543.400000000009,0.0,False,2
38,0,3,[3 1 4 5 2],2761.5999999999804,0.5049469805025071,0.495053019497493,0.8331736828909269,MI,[3 5 4 1 2],35.299999999999955,10,3735.199999999986,0.0,False,2
38,0,4,[3 1 4 5 2],2761.5999999999804,0.5049469805025071,0.495053019497493,0.05150826306589529,SI,[5 4 1 3 2],22.799999999999955,10,4543.400000000009,0.0,False,2
39,0,0,[3 1 4 5 2],2761.5999999999804,0.5049469805025071,0.495053019497493,0.0021036373930813923,SI,[5 4 1 3 2],22.799999999999955,10,4543.400000000009,0.0,False,2
39,0,1,[3 1 4 5 2],2761.5999999999804,0.5049469805025071,0.495053019497493,0.7737892427382018,MI,[3 5 4 1 2],35.299999999999955,10,3735.199999999986,0.0,False,2
39,0,2,[3 1 4 5 2],2761.5999999999804,0.5049469805025071,0.495053019497493,0.30355929806975945,SI,[3 5 4 1 2],35.299999999999955,10,3735.199999999986,0.0,False,2
39,0,3,[3 1 4 5 2],2761.5999999999804,0.5049469805025071,0.495053019497493,0.6664889898937804,MI,[5 4 1 3 2],22.799999999999955,10,4543.400000000009,0.0,False,2
39,0,4,[3 1 4 5 2],2761.5999999999804,0.5049469805025071,0.495053019497493,0.8618014665987741,MI,[5 4 1 3 2],22.799999999999955,10,4543.400000000009,0.0,False,2
40,0,0,[3 1 4 5 2],2761.5999999999804,0.5049469805025071,0.495053019497493,0.0347265080255611,SI,[5 4 1 3 2],22.799999999999955,10,4543.400000000009,0.0,False,2
40,0,1,[3 1 4 5 2],2761.5999999999804,0.5049469805025071,0.495053019497493,0.9918554319443212,MI,[3 5 4 1 2],35.299999999999955,10,3735.199999999986,0.0,False,2
40,0,2,[3 1 4 5 2],2761.5999999999804,0.5049469805025071,0.495053019497493,0.8379270615760609,MI,[3 5 4 1 2],35.299999999999955,10,3735.199999999986,0.0,False,2
40,0,3,[3 1 4 5 2],2761.5999999999804,0.5049469805025071,0.495053019497493,0.16337949623183934,SI,[2 5 4 1 3],57.30000000000001,10,4209.000000000036,0.0,False,2
40,0,4,[3 1 4 5 2],2761.5999999999804,0.5049469805025071,0.495053019497493,0.5848260469894547,MI,[5 4 1 3 2],22.799999999999955,10,4543.400000000009,0.0,False,2
41,0,0,[3 1 4 5 2],2761.5999999999804,0.5049469805025071,0.495053019497493,0.5078842395327259,MI,[5 4 1 3 2],22.799999999999955,10,4543.400000000009,0.0,False,2
41,0,1,[3 1 4 5 2],2761.5999999999804,0.5049469805025071,0.495053019497493,0.3420517911871528,SI,[2 5 4 1 3],57.30000000000001,10,4209.000000000036,0.0,False,2
41,0,2,[3 1 4 5 2],2761.5999999999804,0.5049469805025071,0.495053019497493,0.8623436712914168,MI,[3 5 4 1 2],35.299999999999955,10,3735.199999999986,0.0,False,2
41,0,3,[3 1 4 5 2],2761.5999999999804,0.5049469805025071,0.495053019497493,0.437498463083844,SI,[5 4 1 3 2],22.799999999999955,10,4543.400000000009,0.0,False,2
41,0,4,[3 1 4 5 2],2761.5999999999804,0.5049469805025071,0.495053019497493,0.017651624822558998,SI,[5 4 1 3 2],22.799999999999955,10,4543.400000000009,0.0,False,2
42,0,0,[3 1 4 5 2],2761.5999999999804,0.5049469805025071,0.495053019497493,0.8884866079006785,MI,[5 4 1 3 2],22.799999999999955,10,4543.400000000009,0.0,False,2
42,0,1,[3 1 4 5 2],2761.5999999999804,0.5049469805025071,0.495053019497493,0.24764361611988506,SI,[3 5 4 1 2],35.299999999999955,10,3735.199999999986,0.0,False,2
42,0,2,[3 1 4 5 2],2761.5999999999804,0.5049469805025071,0.495053019497493,0.826148411362975,MI,[3 5 4 1 2],35.299999999999955,10,3735.199999999986,0.0,False,2
42,0,3,[3 1 4 5 2],2761.5999999999804,0.5049469805025071,0.495053019497493,0.3367059674014954,SI,[5 4 1 3 2],22.799999999999955,10,4543.400000000009,0.0,False,2
42,0,4,[3 1 4 5 2],2761.5999999999804,0.5049469805025071,0.495053019497493,0.6303738847528939,MI,[5 4 1 3 2],22.799999999999955,10,4543.400000000009,0.0,False,2
43,0,0,[3 1 4 5 2],2761.5999999999804,0.5049469805025071,0.495053019497493,0.4705750996738344,SI,[5 4 1 3 2],22.799999999999955,10,4543.400000000009,0.0,False,2
43,0,1,[3 1 4 5 2],2761.5999999999804,0.5049469805025071,0.495053019497493,0.13792898718602453,SI,[4 1 3 5 2],175.39999999999998,10,4265.999999999996,0.0,False,2
43,0,2,[3 1 4 5 2],2761.5999999999804,0.5049469805025071,0.495053019497493,0.7743275841763355,MI,[3 5 4 1 2],35.299999999999955,10,3735.199999999986,0.0,False,2
43,0,3,[3 1 4 5 2],2761.5999999999804,0.5049469805025071,0.495053019497493,0.7269280447035518,MI,[3 5 4 1 2],35.299999999999955,10,3735.199999999986,0.0,False,2
43,0,4,[3 1 4 5 2],2761.5999999999804,0.5049469805025071,0.495053019497493,0.8757763021371826,MI,[5 4 1 3 2],22.799999999999955,10,4543.400000000009,0.0,False,2
44,0,0,[3 1 4 5 2],2761.5999999999804,0.5049469805025071,0.495053019497493,0.5912329405747215,MI,[5 4 1 3 2],22.799999999999955,10,4543.400000000009,0.0,False,2
44,0,1,[3 1 4 5 2],2761.5999999999804,0.5049469805025071,0.495053019497493,0.38103723369906284,SI,[3 5 4 1 2],35.299999999999955,10,3735.199999999986,0.0,False,2
44,0,2,[3 1 4 5 2],2761.5999999999804,0.5049469805025071,0.495053019497493,0.8757514255572759,MI,[3 5 4 1 2],35.299999999999955,10,3735.199999999986,0.0,False,2
44,0,3,[3 1 4 5 2],2761.5999999999804,0.5049469805025071,0.495053019497493,0.3301021801895049,SI,[5 4 1 3 2],22.799999999999955,10,4543.400000000009,0.0,False,2
44,0,4,[3 1 4 5 2],2761.5999999999804,0.5049469805025071,0.495053019497493,0.9467329355159084,MI,[5 4 1 3 2],22.799999999999955,10,4543.400000000009,0.0,False,2
45,0,0,[3 1 4 5 2],2761.5999999999804,0.5049469805025071,0.495053019497493,0.5825220655364574,MI,[3 5 4 1 2],35.299999999999955,10,3735.199999999986,0.0,False,2
45,0,1,[3 1 4 5 2],2761.5999999999804,0.5049469805025071,0.495053019497493,0.26802763999586365,SI,[5 4 1 3 2],22.799999999999955,10,4543.400000000009,0.0,False,2
45,0,2,[3 1 4 5 2],2761.5999999999804,0.5049469805025071,0.495053019497493,0.3498950702192771,SI,[5 4 1 3 2],22.799999999999955,10,4543.400000000009,0.0,False,2
45,0,3,[3 1 4 5 2],2761.5999999999804,0.5049469805025071,0.495053019497493,0.5079460693191887,MI,[3 5 4 1 2],35.299999999999955,10,3735.199999999986,0.0,False,2
45,0,4,[3 1 4 5 2],2761.5999999999804,0.5049469805025071,0.495053019497493,0.39325793223241556,SI,[2 5 4 1 3],57.30000000000001,10,4209.000000000036,0.0,False,2
46,0,0,[3 1 4 5 2],2761.5999999999804,0.5049469805025071,0.495053019497493,0.8473465527913057,MI,[2 5 4 1 3],57.30000000000001,10,4209.000000000036,0.0,False,2
46,0,1,[3 1 4 5 2],2761.5999999999804,0.5049469805025071,0.495053019497493,0.36755768504671094,SI,[5 4 1 3 2],22.799999999999955,10,4543.400000000009,0.0,False,2
46,0,2,[3 1 4 5 2],2761.5999999999804,0.5049469805025071,0.495053019497493,0.7051253376034405,MI,[5 4 1 3 2],22.799999999999955,10,4543.400000000009,0.0,False,2
46,0,3,[3 1 4 5 2],2761.5999999999804,0.5049469805025071,0.495053019497493,0.8452881339602039,MI,[5 4 1 3 2],22.799999999999955,10,4543.400000000009,0.0,False,2
46,0,4,[3 1 4 5 2],2761.5999999999804,0.5049469805025071,0.495053019497493,0.25621888612669164,SI,[5 4 1 3 2],22.799999999999955,10,4543.400000000009,0.0,False,2
47,0,0,[3 1 4 5 2],2761.5999999999804,0.5049469805025071,0.495053019497493,0.8376741304024212,MI,[5 4 1 3 2],22.799999999999955,10,4543.400000000009,0.0,False,2
47,0,1,[3 1 4 5 2],2761.5999999999804,0.5049469805025071,0.495053019497493,0.8240415805030805,MI,[3 5 4 1 2],35.299999999999955,10,3735.199999999986,0.0,False,2
47,0,2,[3 1 4 5 2],2761.5999999999804,0.5049469805025071,0.495053019497493,0.5383669442882605,MI,[5 4 1 3 2],22.799999999999955,10,4543.400000000009,0.0,False,2
47,0,3,[3 1 4 5 2],2761.5999999999804,0.5049469805025071,0.495053019497493,0.19220247181561767,SI,[5 4 1 3 2],22.799999999999955,10,4543.400000000009,0.0,False,2
47,0,4,[3 1 4 5 2],2761.5999999999804,0.5049469805025071,0.495053019497493,0.6600699885778449,MI,[3 5 4 1 2],35.299999999999955,10,3735.199999999986,0.0,False,2
48,0,0,[3 1 4 5 2],2761.5999999999804,0.5049469805025071,0.495053019497493,0.7480645210089446,MI,[5 4 1 3 2],22.799999999999955,10,4543.400000000009,0.0,False,2
48,0,1,[3 1 4 5 2],2761.5999999999804,0.5049469805025071,0.495053019497493,0.37220908796874486,SI,[3 5 4 1 2],35.299999999999955,10,3735.199999999986,0.0,False,2
48,0,2,[3 1 4 5 2],2761.5999999999804,0.5049469805025071,0.495053019497493,0.7707471966696838,MI,[3 5 4 1 2],35.299999999999955,10,3735.199999999986,0.0,False,2
48,0,3,[3 1 4 5 2],2761.5999999999804,0.5049469805025071,0.495053019497493,0.9747362888308004,MI,[3 5 4 1 2],35.299999999999955,10,3735.199999999986,0.0,False,2
48,0,4,[3 1 4 5 2],2761.5999999999804,0.5049469805025071,0.495053019497493,0.22241444543253985,SI,[3 5 4 1 2],35.299999999999955,10,3735.199999999986,0.0,False,2
49,0,0,[3 1 4 5 2],2761.5999999999804,0.5049469805025071,0.495053019497493,0.8170884995248436,MI,[3 5 4 1 2],35.299999999999955,10,3735.199999999986,0.0,False,2
49,0,1,[3 1 4 5 2],2761.5999999999804,0.5049469805025071,0.495053019497493,0.03233309362064152,SI,[5 4 1 3 2],22.799999999999955,10,4543.400000000009,0.0,False,2
49,0,2,[3 1 4 5 2],2761.5999999999804,0.5049469805025071,0.495053019497493,0.04860047681741664,SI,[3 5 4 1 2],35.299999999999955,10,3735.199999999986,0.0,False,2
49,0,3,[3 1 4 5 2],2761.5999999999804,0.5049469805025071,0.495053019497493,0.43699596384665984,SI,[5 4 1 3 2],22.799999999999955,10,4543.400000000009,0.0,False,2
49,0,4,[3 1 4 5 2],2761.5999999999804,0.5049469805025071,0.495053019497493,0.9511910466347875,MI,[5 4 1 3 2],22.799999999999955,10,4543.400000000009,0.0,False,2
50,0,0,[3 1 4 5 2],2761.5999999999804,0.5049469805025071,0.495053019497493,0.17657616417189614,SI,[5 4 1 3 2],22.799999999999955,10,4543.400000000009,0.0,False,2
50,0,1,[3 1 4 5 2],2761.5999999999804,0.5049469805025071,0.495053019497493,0.012239223016933698,SI,[3 4 1 5 2],73.19999999999999,10,3454.6999999999825,0.0,False,2
50,0,2,[3 1 4 5 2],2761.5999999999804,0.5049469805025071,0.495053019497493,0.6135846046281003,MI,[3 5 4 1 2],35.299999999999955,10,3735.199999999986,0.0,False,2
50,0,3,[3 1 4 5 2],2761.5999999999804,0.5049469805025071,0.495053019497493,0.4349049086527089,SI,[3 5 4 1 2],35.299999999999955,10,3735.199999999986,0.0,False,2
50,0,4,[3 1 4 5 2],2761.5999999999804,0.5049469805025071,0.495053019497493,0.3706861074736747,SI,[3 5 4 1 2],35.299999999999955,10,3735.199999999986,0.0,False,2
0,18,0,[2 3 1 5 4],2307.99999999996,0.5,0.5,0.16017943707019022,SI,[2 3 4 5 1],-241.39999999999998,10,2566.899999999958,0.0,False,3
0,18,1,[2 3 1 5 4],2307.99999999996,0.5,0.5,0.9167907084086059,MI,[2 3 4 5 1],-241.39999999999998,10,2566.899999999958,0.0,False,3
0,18,2,[2 3 1 5 4],2307.99999999996,0.5,0.5,0.9316418514629161,MI,[2 3 4 5 1],-241.39999999999998,10,2566.899999999958,0.0,False,3
0,18,3,[2 3 1 5 4],2307.99999999996,0.5,0.5,0.8330703536184797,MI,[2 3 4 5 1],-241.39999999999998,10,2566.899999999958,0.0,False,3
0,18,4,[2 3 1 5 4],2307.99999999996,0.5,0.5,0.9108203039178568,MI,[2 3 4 5 1],-241.39999999999998,10,2566.899999999958,0.0,False,3
1,0,0,[2 1 5 4 3],1748.399999999965,0.5,0.5,0.5702433354213345,MI,[3 4 5 1 2],-62.19999999999993,10,3417.69999999995,0.0,False,3
1,0,1,[2 1 5 4 3],1748.399999999965,0.5,0.5,0.6810295970865909,MI,[2 3 4 5 1],-44.39999999999998,10,2566.899999999958,0.0,False,3
1,0,2,[2 1 5 4 3],1748.399999999965,0.5,0.5,0.20340991318210266,SI,[3 4 5 1 2],-62.19999999999993,10,3417.69999999995,0.0,False,3
1,0,3,[2 1 5 4 3],1748.399999999965,0.5,0.5,0.5202340805351258,MI,[3 4 5 1 2],-62.19999999999993,10,3417.69999999995,0.0,False,3
1,0,4,[2 1 5 4 3],1748.399999999965,0.5,0.5,0.02057381924283619,SI,[1 2 5 4 3],0.6000000000000227,10,1823.5999999999658,0.0,False,3
2,0,0,[2 1 3 5 4],1747.6999999999643,0.5,0.5,0.079710876766238,SI,[2 1 4 5 3],-0.30000000000001137,10,1755.1999999999643,0.0,False,3
2,0,1,[2 1 3 5 4],1747.6999999999643,0.5,0.5,0.4993168840096627,SI,[4 5 3 1 2],-62.50000000000006,10,3419.799999999963,0.0,False,3
2,0,2,[2 1 3 5 4],1747.6999999999643,0.5,0.5,0.7430801092677939,MI,[2 1 4 5 3],-0.30000000000001137,10,1755.1999999999643,0.0,False,3
2,0,3,[2 1 3 5 4],1747.6999999999643,0.5,0.5,0.12811232077974133,SI,[4 5 3 1 2],-62.50000000000006,10,3419.799999999963,0.0,False,3
2,0,4,[2 1 3 5 4],1747.6999999999643,0.5,0.5,0.9653774653844851,MI,[4 5 3 1 2],-62.50000000000006,10,3419.799999999963,0.0,False,3
3,0,0,[2 1 3 5 4],1747.6999999999643,0.5,0.5,0.10992120620858303,SI,[4 5 3 1 2],-62.50000000000006,10,3419.799999999963,0.0,False,3
3,0,1,[2 1 3 5 4],1747.6999999999643,0.5,0.5,0.6554638562106615,MI,[2 4 5 3 1],-44.69999999999999,10,2568.2999999999593,0.0,False,3
3,0,2,[2 1 3 5 4],1747.6999999999643,0.5,0.5,0.8003462925396226,MI,[2 4 5 3 1],-44.69999999999999,10,2568.2999999999593,0.0,False,3
3,0,3,[2 1 3 5 4],1747.6999999999643,0.5,0.5,0.4927195346658957,SI,[2 1 4 5 3],-0.30000000000001137,10,1755.1999999999643,0.0,False,3
3,0,4,[2 1 3 5 4],1747.6999999999643,0.5,0.5,0.34945603188963503,SI,[4 5 3 1 2],-62.50000000000006,10,3419.799999999963,0.0,False,3
4,0,0,[2 1 3 5 4],1747.6999999999643,0.5,0.5,0.3788333729428308,SI,[2 4 5 3 1],-44.69999999999999,10,2568.2999999999593,0.0,False,3
4,0,1,[2 1 3 5 4],1747.6999999999643,0.5,0.5,0.024589302027786974,SI,[2 4 5 3 1],-44.69999999999999,10,2568.2999999999593,0.0,False,3
4,0,2,[2 1 3 5 4],1747.6999999999643,0.5,0.5,0.03158023455494685,SI,[4 5 3 1 2],-62.50000000000006,10,3419.799999999963,0.0,False,3
4,0,3,[2 1 3 5 4],1747.6999999999643,0.5,0.5,0.9744055502801952,MI,[2 4 5 3 1],-44.69999999999999,10,2568.2999999999593,0.0,False,3
4,0,4,[2 1 3 5 4],1747.6999999999643,0.5,0.5,0.6457325137978311,MI,[2 4 5 3 1],-44.69999999999999,10,2568.2999999999593,0.0,False,3
5,0,0,[2 1 3 5 4],1747.6999999999643,0.5,0.5,0.7685304839452701,MI,[4 5 3 1 2],-62.50000000000006,10,3419.799999999963,0.0,False,3
5,0,1,[2 1 3 5 4],1747.6999999999643,0.5,0.5,0.13941918837120437,SI,[4 5 3 1 2],-62.50000000000006,10,3419.799999999963,0.0,False,3
5,0,2,[2 1 3 5 4],1747.6999999999643,0.5,0.5,0.35165439983236957,SI,[4 5 3 1 2],-62.50000000000006,10,3419.799999999963,0.0,False,3
5,0,3,[2 1 3 5 4],1747.6999999999643,0.5,0.5,0.8089608070382796,MI,[4 5 3 1 2],-62.50000000000006,10,3419.799999999963,0.0,False,3
5,0,4,[2 1 3 5 4],1747.6999999999643,0.5,0.5,0.15182898171294323,SI,[4 5 3 1 2],-62.50000000000006,10,3419.799999999963,0.0,False,3
6,0,0,[2 1 3 5 4],1747.6999999999643,0.5,0.5,0.21802541769218275,SI,[4 5 3 1 2],-62.50000000000006,10,3419.799999999963,0.0,False,3
6,0,1,[2 1 3 5 4],1747.6999999999643,0.5,0.5,0.4456857442146417,SI,[4 5 3 1 2],-62.50000000000006,10,3419.799999999963,0.0,False,3
6,0,2,[2 1 3 5 4],1747.6999999999643,0.5,0.5,0.04693731593426498,SI,[4 5 3 1 2],-62.50000000000006,10,3419.799999999963,0.0,False,3
6,0,3,[2 1 3 5 4],1747.6999999999643,0.5,0.5,0.1359888789493504,SI,[4 5 3 1 2],-62.50000000000006,10,3419.799999999963,0.0,False,3
6,0,4,[2 1 3 5 4],1747.6999999999643,0.5,0.5,0.05471540868000946,SI,[2 4 5 3 1],-44.69999999999999,10,2568.2999999999593,0.0,False,3
7,0,0,[2 1 3 5 4],1747.6999999999643,0.5,0.5,0.47179921280737824,SI,[4 5 3 1 2],-62.50000000000006,10,3419.799999999963,0.0,False,3
7,0,1,[2 1 3 5 4],1747.6999999999643,0.5,0.5,0.6729517312772105,MI,[4 5 3 1 2],-62.50000000000006,10,3419.799999999963,0.0,False,3
7,0,2,[2 1 3 5 4],1747.6999999999643,0.5,0.5,0.07554547462760886,SI,[4 5 3 1 2],-62.50000000000006,10,3419.799999999963,0.0,False,3
7,0,3,[2 1 3 5 4],1747.6999999999643,0.5,0.5,0.853251846502612,MI,[2 4 5 3 1],-44.69999999999999,10,2568.2999999999593,0.0,False,3
7,0,4,[2 1 3 5 4],1747.6999999999643,0.5,0.5,0.9904742934030211,MI,[4 5 3 1 2],-62.50000000000006,10,3419.799999999963,0.0,False,3
8,0,0,[2 1 3 5 4],1747.6999999999643,0.5,0.5,0.3139973327345015,SI,[4 5 3 1 2],-62.50000000000006,10,3419.799999999963,0.0,False,3
8,0,1,[2 1 3 5 4],1747.6999999999643,0.5,0.5,0.43203458184392807,SI,[2 1 4 5 3],-0.30000000000001137,10,1755.1999999999643,0.0,False,3
8,0,2,[2 1 3 5 4],1747.6999999999643,0.5,0.5,0.17666069228654135,SI,[4 5 3 1 2],-62.50000000000006,10,3419.799999999963,0.0,False,3
8,0,3,[2 1 3 5 4],1747.6999999999643,0.5,0.5,0.9070724242659567,MI,[2 1 4 5 3],-0.30000000000001137,10,1755.1999999999643,0.0,False,3
8,0,4,[2 1 3 5 4],1747.6999999999643,0.5,0.5,0.6104362739444583,MI,[4 5 3 1 2],-62.50000000000006,10,3419.799999999963,0.0,False,3
9,0,0,[2 1 3 5 4],1747.6999999999643,0.5,0.5,0.7631035019898121,MI,[4 5 3 1 2],-62.50000000000006,10,3419.799999999963,0.0,False,3
9,0,1,[2 1 3 5 4],1747.6999999999643,0.5,0.5,0.6916858657658648,MI,[4 5 3 1 2],-62.50000000000006,10,3419.799999999963,0.0,False,3
9,0,2,[2 1 3 5 4],1747.6999999999643,0.5,0.5,0.22359110940540927,SI,[4 5 3 1 2],-62.50000000000006,10,3419.799999999963,0.0,False,3
9,0,3,[2 1 3 5 4],1747.6999999999643,0.5,0.5,0.7146256015970645,MI,[4 5 3 1 2],-62.50000000000006,10,3419.799999999963,0.0,False,3
9,0,4,[2 1 3 5 4],1747.6999999999643,0.5,0.5,0.03438937210235582,SI,[4 5 3 1 2],-62.50000000000006,10,3419.799999999963,0.0,False,3
10,0,0,[2 1 3 5 4],1747.6999999999643,0.5,0.5,0.7350076505578724,MI,[4 5 3 1 2],-62.50000000000006,10,3419.799999999963,0.0,False,3
10,0,1,[2 1 3 5 4],1747.6999999999643,0.5,0.5,0.43549267383059964,SI,[2 4 5 3 1],-44.69999999999999,10,2568.2999999999593,0.0,False,3
10,0,2,[2 1 3 5 4],1747.6999999999643,0.5,0.5,0.8368198385465849,MI,[4 5 3 1 2],-62.50000000000006,10,3419.799999999963,0.0,False,3
10,0,3,[2 1 3 5 4],1747.6999999999643,0.5,0.5,0.25550433685689644,SI,[4 5 3 1 2],-62.50000000000006,10,3419.799999999963,0.0,False,3
10,0,4,[2 1 3 5 4],1747.6999999999643,0.5,0.5,0.7915408807167813,MI,[2 4 5 3 1],-44.69999999999999,10,2568.2999999999593,0.0,False,3
11,0,0,[2 1 3 5 4],1747.6999999999643,0.5,0.5,0.8647888386770057,MI,[2 1 4 5 3],-0.30000000000001137,10,1755.1999999999643,0.0,False,3
11,0,1,[2 1 3 5 4],1747.6999999999643,0.5,0.5,0.7868136567362037,MI,[4 5 3 1 2],-62.50000000000006,10,3419.799999999963,0.0,False,3
11,0,2,[2 1 3 5 4],1747.6999999999643,0.5,0.5,0.4815199914906153,SI,[2 1 4 5 3],-0.30000000000001137,10,1755.1999999999643,0.0,False,3
11,0,3,[2 1 3 5 4],1747.6999999999643,0.5,0.5,0.5950567875493973,MI,[2 4 5 3 1],-44.69999999999999,10,2568.2999999999593,0.0,False,3
11,0,4,[2 1 3 5 4],1747.6999999999643,0.5,0.5,0.7010063862518816,MI,[4 5 3 1 2],-62.50000000000006,10,3419.799999999963,0.0,False,3
12,0,0,[2 1 3 5 4],1747.6999999999643,0.5,0.5,0.8241577440662694,MI,[4 5 3 1 2],-62.50000000000006,10,3419.799999999963,0.0,False,3
12,0,1,[2 1 3 5 4],1747.6999999999643,0.5,0.5,0.29540864705697745,SI,[2 4 5 3 1],-44.69999999999999,10,2568.2999999999593,0.0,False,3
12,0,2,[2 1 3 5 4],1747.6999999999643,0.5,0.5,0.5418570855742572,MI,[4 5 3 1 2],-62.50000000000006,10,3419.799999999963,0.0,False,3
12,0,3,[2 1 3 5 4],1747.6999999999643,0.5,0.5,0.5102429300531812,MI,[2 4 5 3 1],-44.69999999999999,10,2568.2999999999593,0.0,False,3
12,0,4,[2 1 3 5 4],1747.6999999999643,0.5,0.5,0.9076426653515866,MI,[4 5 3 1 2],-62.50000000000006,10,3419.799999999963,0.0,False,3
13,0,0,[2 1 3 5 4],1747.6999999999643,0.5,0.5,0.21143278254412212,SI,[2 4 5 3 1],-44.69999999999999,10,2568.2999999999593,0.0,False,3
13,0,1,[2 1 3 5 4],1747.6999999999643,0.5,0.5,0.9161990899809214,MI,[4 5 3 1 2],-62.50000000000006,10,3419.799999999963,0.0,False,3
13,0,2,[2 1 3 5 4],1747.6999999999643,0.5,0.5,0.4805105520406412,SI,[4 5 3 1 2],-62.50000000000006,10,3419.799999999963,0.0,False,3
13,0,3,[2 1 3 5 4],1747.6999999999643,0.5,0.5,0.8807907026712674,MI,[4 5 3 1 2],-62.50000000000006,10,3419.799999999963,0.0,False,3
13,0,4,[2 1 3 5 4],1747.6999999999643,0.5,0.5,0.3300245219091009,SI,[2 1 4 5 3],-0.30000000000001137,10,1755.1999999999643,0.0,False,3
14,0,0,[2 1 3 5 4],1747.6999999999643,0.5,0.5,0.342134251624413,SI,[4 5 3 1 2],-62.50000000000006,10,3419.799999999963,0.0,False,3
14,0,1,[2 1 3 5 4],1747.6999999999643,0.5,0.5,0.22977175071970302,SI,[4 5 3 1 2],-62.50000000000006,10,3419.799999999963,0.0,False,3
14,0,2,[2 1 3 5 4],1747.6999999999643,0.5,0.5,0.29061234075279796,SI,[4 5 3 1 2],-62.50000000000006,10,3419.799999999963,0.0,False,3
14,0,3,[2 1 3 5 4],1747.6999999999643,0.5,0.5,0.8333953740854859,MI,[4 5 3 1 2],-62.50000000000006,10,3419.799999999963,0.0,False,3
14,0,4,[2 1 3 5 4],1747.6999999999643,0.5,0.5,0.9491415558396809,MI,[2 1 4 5 3],-0.30000000000001137,10,1755.1999999999643,0.0,False,3
15,0,0,[2 1 3 5 4],1747.6999999999643,0.5,0.5,0.9915301106500434,MI,[4 5 3 1 2],-62.50000000000006,10,3419.799999999963,0.0,False,3
15,0,1,[2 1 3 5 4],1747.6999999999643,0.5,0.5,0.9035620220187935,MI,[4 5 3 1 2],-62.50000000000006,10,3419.799999999963,0.0,False,3
15,0,2,[2 1 3 5 4],1747.6999999999643,0.5,0.5,0.2891597796781369,SI,[2 4 5 3 1],-44.69999999999999,10,2568.2999999999593,0.0,False,3
15,0,3,[2 1 3 5 4],1747.6999999999643,0.5,0.5,0.8824515360661234,MI,[2 4 5 3 1],-44.69999999999999,10,2568.2999999999593,0.0,False,3
15,0,4,[2 1 3 5 4],1747.6999999999643,0.5,0.5,0.2699419527226842,SI,[4 5 3 1 2],-62.50000000000006,10,3419.799999999963,0.0,False,3
16,0,0,[2 1 3 5 4],1747.6999999999643,0.5,0.5,0.3695976217584923,SI,[2 4 5 3 1],-44.69999999999999,10,2568.2999999999593,0.0,False,3
16,0,1,[2 1 3 5 4],1747.6999999999643,0.5,0.5,0.5606542964442957,MI,[4 5 3 1 2],-62.50000000000006,10,3419.799999999963,0.0,False,3
16,0,2,[2 1 3 5 4],1747.6999999999643,0.5,0.5,0.5320871546780471,MI,[2 4 5 3 1],-44.69999999999999,10,2568.2999999999593,0.0,False,3
16,0,3,[2 1 3 5 4],1747.6999999999643,0.5,0.5,0.46433094889550275,SI,[2 4 5 3 1],-44.69999999999999,10,2568.2999999999593,0.0,False,3
16,0,4,[2 1 3 5 4],1747.6999999999643,0.5,0.5,0.05362580343168899,SI,[4 5 3 1 2],-62.50000000000006,10,3419.799999999963,0.0,False,3
17,0,0,[2 1 3 5 4],1747.6999999999643,0.5,0.5,0.20455270410812043,SI,[4 5 3 1 2],-62.50000000000006,10,3419.799999999963,0.0,False,3
17,0,1,[2 1 3 5 4],1747.6999999999643,0.5,0.5,0.7760601055984724,MI,[4 5 3 1 2],-62.50000000000006,10,3419.799999999963,0.0,False,3
17,0,2,[2 1 3 5 4],1747.6999999999643,0.5,0.5,0.09773242668245297,SI,[2 1 4 5 3],-0.30000000000001137,10,1755.1999999999643,0.0,False,3
17,0,3,[2 1 3 5 4],1747.6999999999643,0.5,0.5,0.9886322880264068,MI,[4 5 3 1 2],-62.50000000000006,10,3419.799999999963,0.0,False,3
17,0,4,[2 1 3 5 4],1747.6999999999643,0.5,0.5,0.4992128613894622,SI,[4 5 3 1 2],-62.50000000000006,10,3419.799999999963,0.0,False,3
18,0,0,[2 1 3 5 4],1747.6999999999643,0.5,0.5,0.1159328009106374,SI,[4 5 3 1 2],-62.50000000000006,10,3419.799999999963,0.0,False,3
18,0,1,[2 1 3 5 4],1747.6999999999643,0.5,0.5,0.264896481233838,SI,[4 5 3 1 2],-62.50000000000006,10,3419.799999999963,0.0,False,3
18,0,2,[2 1 3 5 4],1747.6999999999643,0.5,0.5,0.382073188797875,SI,[4 5 3 1 2],-62.50000000000006,10,3419.799999999963,0.0,False,3
18,0,3,[2 1 3 5 4],1747.6999999999643,0.5,0.5,0.2319867718710925,SI,[2 4 5 3 1],-44.69999999999999,10,2568.2999999999593,0.0,False,3
18,0,4,[2 1 3 5 4],1747.6999999999643,0.5,0.5,0.5145726327735194,MI,[4 5 3 1 2],-62.50000000000006,10,3419.799999999963,0.0,False,3
19,0,0,[2 1 3 5 4],1747.6999999999643,0.5,0.5,0.4517788135952099,SI,[4 5 3 1 2],-62.50000000000006,10,3419.799999999963,0.0,False,3
19,0,1,[2 1 3 5 4],1747.6999999999643,0.5,0.5,0.8420793708786306,MI,[4 5 3 1 2],-62.50000000000006,10,3419.799999999963,0.0,False,3
19,0,2,[2 1 3 5 4],1747.6999999999643,0.5,0.5,0.5206331784837439,MI,[4 5 3 1 2],-62.50000000000006,10,3419.799999999963,0.0,False,3
19,0,3,[2 1 3 5 4],1747.6999999999643,0.5,0.5,0.761640079894159,MI,[4 5 3 1 2],-62.50000000000006,10,3419.799999999963,0.0,False,3
19,0,4,[2 1 3 5 4],1747.6999999999643,0.5,0.5,0.956106917374861,MI,[4 5 3 1 2],-62.50000000000006,10,3419.799999999963,0.0,False,3
20,0,0,[2 1 3 5 4],1747.6999999999643,0.5,0.5,0.9118434847191813,MI,[2 4 5 3 1],-44.69999999999999,10,2568.2999999999593,0.0,False,3
20,0,1,[2 1 3 5 4],1747.6999999999643,0.5,0.5,0.4187008037156309,SI,[4 5 3 1 2],-62.50000000000006,10,3419.799999999963,0.0,False,3
20,0,2,[2 1 3 5 4],1747.6999999999643,0.5,0.5,0.9627280336537519,MI,[4 5 3 1 2],-62.50000000000006,10,3419.799999999963,0.0,False,3
20,0,3,[2 1 3 5 4],1747.6999999999643,0.5,0.5,0.64507234033244,MI,[4 5 3 1 2],-62.50000000000006,10,3419.799999999963,0.0,False,3
20,0,4,[2 1 3 5 4],1747.6999999999643,0.5,0.5,0.7935194804939593,MI,[2 4 5 3 1],-44.69999999999999,10,2568.2999999999593,0.0,False,3
21,0,0,[2 1 3 5 4],1747.6999999999643,0.5,0.5,0.40109432566097825,SI,[4 5 3 1 2],-62.50000000000006,10,3419.799999999963,0.0,False,3
21,0,1,[2 1 3 5 4],1747.6999999999643,0.5,0.5,0.950602988422387,MI,[4 5 3 1 2],-62.50000000000006,10,3419.799999999963,0.0,False,3
21,0,2,[2 1 3 5 4],1747.6999999999643,0.5,0.5,0.4393209460522387,SI,[4 5 3 1 2],-62.50000000000006,10,3419.799999999963,0.0,False,3
21,0,3,[2 1 3 5 4],1747.6999999999643,0.5,0.5,0.9852209680830004,MI,[4 5 3 1 2],-62.50000000000006,10,3419.799999999963,0.0,False,3
21,0,4,[2 1 3 5 4],1747.6999999999643,0.5,0.5,0.5111653189876474,MI,[4 5 3 1 2],-62.50000000000006,10,3419.799999999963,0.0,False,3
22,0,0,[2 1 3 5 4],1747.6999999999643,0.5,0.5,0.4742091585340915,SI,[4 5 3 1 2],-62.50000000000006,10,3419.799999999963,0.0,False,3
22,0,1,[2 1 3 5 4],1747.6999999999643,0.5,0.5,0.19457595745815193,SI,[2 4 5 3 1],-44.69999999999999,10,2568.2999999999593,0.0,False,3
22,0,2,[2 1 3 5 4],1747.6999999999643,0.5,0.5,0.1882264483567384,SI,[2 1 4 5 3],-0.30000000000001137,10,1755.1999999999643,0.0,False,3
22,0,3,[2 1 3 5 4],1747.6999999999643,0.5,0.5,0.39972292125527276,SI,[4 5 3 1 2],-62.50000000000006,10,3419.799999999963,0.0,False,3
22,0,4,[2 1 3 5 4],1747.6999999999643,0.5,0.5,0.01622079108860075,SI,[4 5 3 1 2],-62.50000000000006,10,3419.799999999963,0.0,False,3
23,0,0,[2 1 3 5 4],1747.6999999999643,0.5,0.5,0.864874303414367,MI,[2 4 5 3 1],-44.69999999999999,10,2568.2999999999593,0.0,False,3
23,0,1,[2 1 3 5 4],1747.6999999999643,0.5,0.5,0.6619102781175885,MI,[2 4 5 3 1],-44.69999999999999,10,2568.2999999999593,0.0,False,3
23,0,2,[2 1 3 5 4],1747.6999999999643,0.5,0.5,0.5560840666854465,MI,[4 5 3 1 2],-62.50000000000006,10,3419.799999999963,0.0,False,3
23,0,3,[2 1 3 5 4],1747.6999999999643,0.5,0.5,0.16292114227536414,SI,[4 5 3 1 2],-62.50000000000006,10,3419.799999999963,0.0,False,3
23,0,4,[2 1 3 5 4],1747.6999999999643,0.5,0.5,0.04967148476744476,SI,[4 5 3 1 2],-62.50000000000006,10,3419.799999999963,0.0,False,3
24,0,0,[2 1 3 5 4],1747.6999999999643,0.5,0.5,0.7139749619756479,MI,[2 4 5 3 1],-44.69999999999999,10,2568.2999999999593,0.0,False,3
24,0,1,[2 1 3 5 4],1747.6999999999643,0.5,0.5,0.5817530635554367,MI,[2 4 5 3 1],-44.69999999999999,10,2568.2999999999593,0.0,False,3
24,0,2,[2 1 3 5 4],1747.6999999999643,0.5,0.5,0.17615599536765392,SI,[4 5 3 1 2],-62.50000000000006,10,3419.799999999963,0.0,False,3
24,0,3,[2 1 3 5 4],1747.6999999999643,0.5,0.5,0.9436325429302109,MI,[4 5 3 1 2],-62.50000000000006,10,3419.799999999963,0.0,False,3
24,0,4,[2 1 3 5 4],1747.6999999999643,0.5,0.5,0.9681739614152561,MI,[4 5 3 1 2],-62.50000000000006,10,3419.799999999963,0.0,False,3
25,0,0,[2 1 3 5 4],1747.6999999999643,0.5,0.5,0.35558900382426206,SI,[4 5 3 1 2],-62.50000000000006,10,3419.799999999963,0.0,False,3
25,0,1,[2 1 3 5 4],1747.6999999999643,0.5,0.5,0.6777078377760307,MI,[4 5 3 1 2],-62.50000000000006,10,3419.799999999963,0.0,False,3
25,0,2,[2 1 3 5 4],1747.6999999999643,0.5,0.5,0.9843088093771648,MI,[2 4 5 3 1],-44.69999999999999,10,2568.2999999999593,0.0,False,3
25,0,3,[2 1 3 5 4],1747.6999999999643,0.5,0.5,0.5695306040394708,MI,[2 1 4 5 3],-0.30000000000001137,10,1755.1999999999643,0.0,False,3
25,0,4,[2 1 3 5 4],1747.6999999999643,0.5,0.5,0.7763360153376051,MI,[2 1 4 5 3],-0.30000000000001137,10,1755.1999999999643,0.0,False,3
26,0,0,[2 1 3 5 4],1747.6999999999643,0.5,0.5,0.10873778121649935,SI,[4 5 3 1 2],-62.50000000000006,10,3419.799999999963,0.0,False,3
26,0,1,[2 1 3 5 4],1747.6999999999643,0.5,0.5,0.9001986824623539,MI,[2 4 5 3 1],-44.69999999999999,10,2568.2999999999593,0.0,False,3
26,0,2,[2 1 3 5 4],1747.6999999999643,0.5,0.5,0.39925325768822717,SI,[4 5 3 1 2],-62.50000000000006,10,3419.799999999963,0.0,False,3
26,0,3,[2 1 3 5 4],1747.6999999999643,0.5,0.5,0.9794451164438934,MI,[4 5 3 1 2],-62.50000000000006,10,3419.799999999963,0.0,False,3
26,0,4,[2 1 3 5 4],1747.6999999999643,0.5,0.5,0.8912491253130026,MI,[4 5 3 1 2],-62.50000000000006,10,3419.799999999963,0.0,False,3
27,0,0,[2 1 3 5 4],1747.6999999999643,0.5,0.5,0.7547456234315917,MI,[4 5 3 1 2],-62.50000000000006,10,3419.799999999963,0.0,False,3
27,0,1,[2 1 3 5 4],1747.6999999999643,0.5,0.5,0.7761195788865558,MI,[4 5 3 1 2],-62.50000000000006,10,3419.799999999963,0.0,False,3
27,0,2,[2 1 3 5 4],1747.6999999999643,0.5,0.5,0.16617411821922434,SI,[4 5 3 1 2],-62.50000000000006,10,3419.799999999963,0.0,False,3
27,0,3,[2 1 3 5 4],1747.6999999999643,0.5,0.5,0.8588354996747127,MI,[2 1 4 5 3],-0.30000000000001137,10,1755.1999999999643,0.0,False,3
27,0,4,[2 1 3 5 4],1747.6999999999643,0.5,0.5,0.4525081177264173,SI,[4 5 3 1 2],-62.50000000000006,10,3419.799999999963,0.0,False,3
28,0,0,[2 1 3 5 4],1747.6999999999643,0.5,0.5,0.24739446467237025,SI,[4 5 3 1 2],-62.50000000000006,10,3419.799999999963,0.0,False,3
28,0,1,[2 1 3 5 4],1747.6999999999643,0.5,0.5,0.5847681191443262,MI,[4 5 3 1 2],-62.50000000000006,10,3419.799999999963,0.0,False,3
28,0,2,[2 1 3 5 4],1747.6999999999643,0.5,0.5,0.36926095600219466,SI,[2 4 5 3 1],-44.69999999999999,10,2568.2999999999593,0.0,False,3
28,0,3,[2 1 3 5 4],1747.6999999999643,0.5,0.5,0.8360874331127752,MI,[4 5 3 1 2],-62.50000000000006,10,3419.799999999963,0.0,False,3
28,0,4,[2 1 3 5 4],1747.6999999999643,0.5,0.5,0.9696638511656779,MI,[4 5 3 1 2],-62.50000000000006,10,3419.799999999963,0.0,False,3
29,0,0,[2 1 3 5 4],1747.6999999999643,0.5,0.5,0.12975281397560479,SI,[4 5 3 1 2],-62.50000000000006,10,3419.799999999963,0.0,False,3
29,0,1,[2 1 3 5 4],1747.6999999999643,0.5,0.5,0.016456427686710517,SI,[4 5 3 1 2],-62.50000000000006,10,3419.799999999963,0.0,False,3
29,0,2,[2 1 3 5 4],1747.6999999999643,0.5,0.5,0.6588889800939937,MI,[2 4 5 3 1],-44.69999999999999,10,2568.2999999999593,0.0,False,3
29,0,3,[2 1 3 5 4],1747.6999999999643,0.5,0.5,0.6192403591206215,MI,[2 4 5 3 1],-44.69999999999999,10,2568.2999999999593,0.0,False,3
29,0,4,[2 1 3 5 4],1747.6999999999643,0.5,0.5,0.5746365188150403,MI,[4 5 3 1 2],-62.50000000000006,10,3419.799999999963,0.0,False,3
30,0,0,[2 1 3 5 4],1747.6999999999643,0.5,0.5,0.8872648279037052,MI,[2 1 4 5 3],-0.30000000000001137,10,1755.1999999999643,0.0,False,3
30,0,1,[2 1 3 5 4],1747.6999999999643,0.5,0.5,0.9581170306924046,MI,[4 5 3 1 2],-62.50000000000006,10,3419.799999999963,0.0,False,3
30,0,2,[2 1 3 5 4],1747.6999999999643,0.5,0.5,0.9452856530060963,MI,[2 4 5 3 1],-44.69999999999999,10,2568.2999999999593,0.0,False,3
30,0,3,[2 1 3 5 4],1747.6999999999643,0.5,0.5,0.23206004739286545,SI,[4 5 3 1 2],-62.50000000000006,10,3419.799999999963,0.0,False,3
30,0,4,[2 1 3 5 4],1747.6999999999643,0.5,0.5,0.0220807575539953,SI,[2 4 5 3 1],-44.69999999999999,10,2568.2999999999593,0.0,False,3
31,0,0,[2 1 3 5 4],1747.6999999999643,0.5,0.5,0.9246443657119532,MI,[4 5 3 1 2],-62.50000000000006,10,3419.799999999963,0.0,False,3
31,0,1,[2 1 3 5 4],1747.6999999999643,0.5,0.5,0.7895288671587916,MI,[4 5 3 1 2],-62.50000000000006,10,3419.799999999963,0.0,False,3
31,0,2,[2 1 3 5 4],1747.6999999999643,0.5,0.5,0.6219184904853661,MI,[4 5 3 1 2],-62.50000000000006,10,3419.799999999963,0.0,False,3
31,0,3,[2 1 3 5 4],1747.6999999999643,0.5,0.5,0.6466118227241541,MI,[4 5 3 1 2],-62.50000000000006,10,3419.799999999963,0.0,False,3
31,0,4,[2 1 3 5 4],1747.6999999999643,0.5,0.5,0.9001231679953484,MI,[2 4 5 3 1],-44.69999999999999,10,2568.2999999999593,0.0,False,3
32,0,0,[2 1 3 5 4],1747.6999999999643,0.5,0.5,0.5543820390159607,MI,[4 5 3 1 2],-62.50000000000006,10,3419.799999999963,0.0,False,3
32,0,1,[2 1 3 5 4],1747.6999999999643,0.5,0.5,0.09991867025324841,SI,[2 4 5 3 1],-44.69999999999999,10,2568.2999999999593,0.0,False,3
32,0,2,[2 1 3 5 4],1747.6999999999643,0.5,0.5,0.4519427702723524,SI,[4 5 3 1 2],-62.50000000000006,10,3419.799999999963,0.0,False,3
32,0,3,[2 1 3 5 4],1747.6999999999643,0.5,0.5,0.8533393202751264,MI,[4 5 3 1 2],-62.50000000000006,10,3419.799999999963,0.0,False,3
32,0,4,[2 1 3 5 4],1747.6999999999643,0.5,0.5,0.9153931721069924,MI,[4 5 3 1 2],-62.50000000000006,10,3419.799999999963,0.0,False,3
33,0,0,[2 1 3 5 4],1747.6999999999643,0.5,0.5,0.7037532281202308,MI,[4 5 3 1 2],-62.50000000000006,10,3419.799999999963,0.0,False,3
33,0,1,[2 1 3 5 4],1747.6999999999643,0.5,0.5,0.18831679795285194,SI,[2 4 5 3 1],-44.69999999999999,10,2568.2999999999593,0.0,False,3
33,0,2,[2 1 3 5 4],1747.6999999999643,0.5,0.5,0.7359457761472042,MI,[2 1 4 5 3],-0.30000000000001137,10,1755.1999999999643,0.0,False,3
33,0,3,[2 1 3 5 4],1747.6999999999643,0.5,0.5,0.4828373810933295,SI,[2 4 5 3 1],-44.69999999999999,10,2568.2999999999593,0.0,False,3
33,0,4,[2 1 3 5 4],1747.6999999999643,0.5,0.5,0.013425029705385061,SI,[4 5 3 1 2],-62.50000000000006,10,3419.799999999963,0.0,False,3
34,0,0,[2 1 3 5 4],1747.6999999999643,0.5,0.5,0.6717834928031474,MI,[4 5 3 1 2],-62.50000000000006,10,3419.799999999963,0.0,False,3
34,0,1,[2 1 3 5 4],1747.6999999999643,0.5,0.5,0.4207946649715968,SI,[4 5 3 1 2],-62.50000000000006,10,3419.799999999963,0.0,False,3
34,0,2,[2 1 3 5 4],1747.6999999999643,0.5,0.5,0.867996757692147,MI,[4 5 3 1 2],-62.50000000000006,10,3419.799999999963,0.0,False,3
34,0,3,[2 1 3 5 4],1747.6999999999643,0.5,0.5,0.7199231726081388,MI,[4 5 3 1 2],-62.50000000000006,10,3419.799999999963,0.0,False,3
34,0,4,[2 1 3 5 4],1747.6999999999643,0.5,0.5,0.31682461870754564,SI,[4 5 3 1 2],-62.50000000000006,10,3419.799999999963,0.0,False,3
35,0,0,[2 1 3 5 4],1747.6999999999643,0.5,0.5,0.03636584296097023,SI,[1 2 3 5 4],0.5999999999999659,10,1822.8999999999614,0.0,False,3
35,0,1,[2 1 3 5 4],1747.6999999999643,0.5,0.5,0.5867219098347263,MI,[2 1 4 5 3],-0.30000000000001137,10,1755.1999999999643,0.0,False,3
35,0,2,[2 1 3 5 4],1747.6999999999643,0.5,0.5,0.4121567075726079,SI,[4 5 3 1 2],-62.50000000000006,10,3419.799999999963,0.0,False,3
35,0,3,[2 1 3 5 4],1747.6999999999643,0.5,0.5,0.21819687057529402,SI,[4 5 3 1 2],-62.50000000000006,10,3419.799999999963,0.0,False,3
35,0,4,[2 1 3 5 4],1747.6999999999643,0.5,0.5,0.96786856079167,MI,[4 5 3 1 2],-62.50000000000006,10,3419.799999999963,0.0,False,3
36,0,0,[2 1 3 5 4],1747.6999999999643,0.5,0.5,0.48042766145264804,SI,[4 5 3 1 2],-62.50000000000006,10,3419.799999999963,0.0,False,3
36,0,1,[2 1 3 5 4],1747.6999999999643,0.5,0.5,0.5343050905021414,MI,[4 5 3 1 2],-62.50000000000006,10,3419.799999999963,0.0,False,3
36,0,2,[2 1 3 5 4],1747.6999999999643,0.5,0.5,0.56473320652634,MI,[2 4 5 3 1],-44.69999999999999,10,2568.2999999999593,0.0,False,3
36,0,3,[2 1 3 5 4],1747.6999999999643,0.5,0.5,0.6287348130595625,MI,[4 5 3 1 2],-62.50000000000006,10,3419.799999999963,0.0,False,3
36,0,4,[2 1 3 5 4],1747.6999999999643,0.5,0.5,0.8719595439598786,MI,[4 5 3 1 2],-62.50000000000006,10,3419.799999999963,0.0,False,3
37,0,0,[2 1 3 5 4],1747.6999999999643,0.5,0.5,0.9858303007545592,MI,[2 4 5 3 1],-44.69999999999999,10,2568.2999999999593,0.0,False,3
37,0,1,[2 1 3 5 4],1747.6999999999643,0.5,0.5,0.5363402606782551,MI,[4 5 3 1 2],-62.50000000000006,10,3419.799999999963,0.0,False,3
37,0,2,[2 1 3 5 4],1747.6999999999643,0.5,0.5,0.7492265420900523,MI,[4 5 3 1 2],-62.50000000000006,10,3419.799999999963,0.0,False,3
37,0,3,[2 1 3 5 4],1747.6999999999643,0.5,0.5,0.8640980045735138,MI,[2 4 5 3 1],-44.69999999999999,10,2568.2999999999593,0.0,False,3
37,0,4,[2 1 3 5 4],1747.6999999999643,0.5,0.5,0.1175656590171934,SI,[4 5 3 1 2],-62.50000000000006,10,3419.799999999963,0.0,False,3
38,0,0,[2 1 3 5 4],1747.6999999999643,0.5,0.5,0.49374937219311155,SI,[2 4 5 3 1],-44.69999999999999,10,2568.2999999999593,0.0,False,3
38,0,1,[2 1 3 5 4],1747.6999999999643,0.5,0.5,0.5722734301052687,MI,[4 5 3 1 2],-62.50000000000006,10,3419.799999999963,0.0,False,3
38,0,2,[2 1 3 5 4],1747.6999999999643,0.5,0.5,0.9588473214025655,MI,[2 1 4 5 3],-0.30000000000001137,10,1755.1999999999643,0.0,False,3
38,0,3,[2 1 3 5 4],1747.6999999999643,0.5,0.5,0.693412717836335,MI,[4 5 3 1 2],-62.50000000000006,10,3419.799999999963,0.0,False,3
38,0,4,[2 1 3 5 4],1747.6999999999643,0.5,0.5,0.24950295763437125,SI,[2 4 5 3 1],-44.69999999999999,10,2568.2999999999593,0.0,False,3
39,0,0,[2 1 3 5 4],1747.6999999999643,0.5,0.5,0.5498709529589809,MI,[2 4 5 3 1],-44.69999999999999,10,2568.2999999999593,0.0,False,3
39,0,1,[2 1 3 5 4],1747.6999999999643,0.5,0.5,0.7973988853881627,MI,[4 5 3 1 2],-62.50000000000006,10,3419.799999999963,0.0,False,3
39,0,2,[2 1 3 5 4],1747.6999999999643,0.5,0.5,0.4064964037501686,SI,[4 5 3 1 2],-62.50000000000006,10,3419.799999999963,0.0,False,3
39,0,3,[2 1 3 5 4],1747.6999999999643,0.5,0.5,0.12687787339448564,SI,[4 5 3 1 2],-62.50000000000006,10,3419.799999999963,0.0,False,3
39,0,4,[2 1 3 5 4],1747.6999999999643,0.5,0.5,0.9633357229295509,MI,[4 5 3 1 2],-62.50000000000006,10,3419.799999999963,0.0,False,3
40,0,0,[2 1 3 5 4],1747.6999999999643,0.5,0.5,0.4862129101650148,SI,[4 5 3 1 2],-62.50000000000006,10,3419.799999999963,0.0,False,3
40,0,1,[2 1 3 5 4],1747.6999999999643,0.5,0.5,0.6866657667535079,MI,[4 5 3 1 2],-62.50000000000006,10,3419.799999999963,0.0,False,3
40,0,2,[2 1 3 5 4],1747.6999999999643,0.5,0.5,0.9200778337616047,MI,[4 5 3 1 2],-62.50000000000006,10,3419.799999999963,0.0,False,3
40,0,3,[2 1 3 5 4],1747.6999999999643,0.5,0.5,0.9270135621826547,MI,[4 5 3 1 2],-62.50000000000006,10,3419.799999999963,0.0,False,3
40,0,4,[2 1 3 5 4],1747.6999999999643,0.5,0.5,0.08803768447056559,SI,[4 5 3 1 2],-62.50000000000006,10,3419.799999999963,0.0,False,3
41,0,0,[2 1 3 5 4],1747.6999999999643,0.5,0.5,0.11630803274739465,SI,[4 5 3 1 2],-62.50000000000006,10,3419.799999999963,0.0,False,3
41,0,1,[2 1 3 5 4],1747.6999999999643,0.5,0.5,0.2661632424529542,SI,[4 5 3 1 2],-62.50000000000006,10,3419.799999999963,0.0,False,3
41,0,2,[2 1 3 5 4],1747.6999999999643,0.5,0.5,0.5086182755650478,MI,[4 5 3 1 2],-62.50000000000006,10,3419.799999999963,0.0,False,3
41,0,3,[2 1 3 5 4],1747.6999999999643,0.5,0.5,0.7225234698131906,MI,[4 5 3 1 2],-62.50000000000006,10,3419.799999999963,0.0,False,3
41,0,4,[2 1 3 5 4],1747.6999999999643,0.5,0.5,0.12889439739186848,SI,[4 5 3 1 2],-62.50000000000006,10,3419.799999999963,0.0,False,3
42,0,0,[2 1 3 5 4],1747.6999999999643,0.5,0.5,0.3154271397494731,SI,[4 5 3 1 2],-62.50000000000006,10,3419.799999999963,0.0,False,3
42,0,1,[2 1 3 5 4],1747.6999999999643,0.5,0.5,0.7192028331488175,MI,[4 5 3 1 2],-62.50000000000006,10,3419.799999999963,0.0,False,3
42,0,2,[2 1 3 5 4],1747.6999999999643,0.5,0.5,0.8187837044391213,MI,[4 5 3 1 2],-62.50000000000006,10,3419.799999999963,0.0,False,3
42,0,3,[2 1 3 5 4],1747.6999999999643,0.5,0.5,0.1663939542921562,SI,[4 5 3 1 2],-62.50000000000006,10,3419.799999999963,0.0,False,3
42,0,4,[2 1 3 5 4],1747.6999999999643,0.5,0.5,0.02988063146951636,SI,[4 5 3 1 2],-62.50000000000006,10,3419.799999999963,0.0,False,3
43,0,0,[2 1 3 5 4],1747.6999999999643,0.5,0.5,0.985094118639881,MI,[4 5 3 1 2],-62.50000000000006,10,3419.799999999963,0.0,False,3
43,0,1,[2 1 3 5 4],1747.6999999999643,0.5,0.5,0.0026713174154020525,SI,[2 4 5 3 1],-44.69999999999999,10,2568.2999999999593,0.0,False,3
43,0,2,[2 1 3 5 4],1747.6999999999643,0.5,0.5,0.5292114267337529,MI,[4 5 3 1 2],-62.50000000000006,10,3419.799999999963,0.0,False,3
43,0,3,[2 1 3 5 4],1747.6999999999643,0.5,0.5,0.7377882116265277,MI,[4 5 3 1 2],-62.50000000000006,10,3419.799999999963,0.0,False,3
43,0,4,[2 1 3 5 4],1747.6999999999643,0.5,0.5,0.8733478089646187,MI,[2 4 5 3 1],-44.69999999999999,10,2568.2999999999593,0.0,False,3
44,0,0,[2 1 3 5 4],1747.6999999999643,0.5,0.5,0.5111551772207331,MI,[2 1 4 5 3],-0.30000000000001137,10,1755.1999999999643,0.0,False,3
44,0,1,[2 1 3 5 4],1747.6999999999643,0.5,0.5,0.17545396952585646,SI,[4 5 3 1 2],-62.50000000000006,10,3419.799999999963,0.0,False,3
44,0,2,[2 1 3 5 4],1747.6999999999643,0.5,0.5,0.31073493120163664,SI,[2 4 5 3 1],-44.69999999999999,10,2568.2999999999593,0.0,False,3
44,0,3,[2 1 3 5 4],1747.6999999999643,0.5,0.5,0.5950102855316044,MI,[4 5 3 1 2],-62.50000000000006,10,3419.799999999963,0.0,False,3
44,0,4,[2 1 3 5 4],1747.6999999999643,0.5,0.5,0.4016821451981869,SI,[4 5 3 1 2],-62.50000000000006,10,3419.799999999963,0.0,False,3
45,0,0,[2 1 3 5 4],1747.6999999999643,0.5,0.5,0.960622489630152,MI,[4 5 3 1 2],-62.50000000000006,10,3419.799999999963,0.0,False,3
45,0,1,[2 1 3 5 4],1747.6999999999643,0.5,0.5,0.07567635783752968,SI,[2 4 5 3 1],-44.69999999999999,10,2568.2999999999593,0.0,False,3
45,0,2,[2 1 3 5 4],1747.6999999999643,0.5,0.5,0.772132204797151,MI,[4 5 3 1 2],-62.50000000000006,10,3419.799999999963,0.0,False,3
45,0,3,[2 1 3 5 4],1747.6999999999643,0.5,0.5,0.7301202199370823,MI,[4 5 3 1 2],-62.50000000000006,10,3419.799999999963,0.0,False,3
45,0,4,[2 1 3 5 4],1747.6999999999643,0.5,0.5,0.062156700376455265,SI,[2 1 4 5 3],-0.30000000000001137,10,1755.1999999999643,0.0,False,3
46,0,0,[2 1 3 5 4],1747.6999999999643,0.5,0.5,0.32160433311588055,SI,[4 5 3 1 2],-62.50000000000006,10,3419.799999999963,0.0,False,3
46,0,1,[2 1 3 5 4],1747.6999999999643,0.5,0.5,0.6250891596517784,MI,[4 5 3 1 2],-62.50000000000006,10,3419.799999999963,0.0,False,3
46,0,2,[2 1 3 5 4],1747.6999999999643,0.5,0.5,0.12410933620468789,SI,[4 5 3 1 2],-62.50000000000006,10,3419.799999999963,0.0,False,3
46,0,3,[2 1 3 5 4],1747.6999999999643,0.5,0.5,0.7627997378518995,MI,[4 5 3 1 2],-62.50000000000006,10,3419.799999999963,0.0,False,3
46,0,4,[2 1 3 5 4],1747.6999999999643,0.5,0.5,0.14618017021215945,SI,[4 5 3 1 2],-62.50000000000006,10,3419.799999999963,0.0,False,3
47,0,0,[2 1 3 5 4],1747.6999999999643,0.5,0.5,0.46680696995527005,SI,[2 4 5 3 1],-44.69999999999999,10,2568.2999999999593,0.0,False,3
47,0,1,[2 1 3 5 4],1747.6999999999643,0.5,0.5,0.7013578433884826,MI,[2 4 5 3 1],-44.69999999999999,10,2568.2999999999593,0.0,False,3
47,0,2,[2 1 3 5 4],1747.6999999999643,0.5,0.5,0.3747380890833085,SI,[4 5 3 1 2],-62.50000000000006,10,3419.799999999963,0.0,False,3
47,0,3,[2 1 3 5 4],1747.6999999999643,0.5,0.5,0.46272538636764826,SI,[4 5 3 1 2],-62.50000000000006,10,3419.799999999963,0.0,False,3
47,0,4,[2 1 3 5 4],1747.6999999999643,0.5,0.5,0.9359932438565999,MI,[2 4 5 3 1],-44.69999999999999,10,2568.2999999999593,0.0,False,3
48,0,0,[2 1 3 5 4],1747.6999999999643,0.5,0.5,0.38268439107261554,SI,[4 5 3 1 2],-62.50000000000006,10,3419.799999999963,0.0,False,3
48,0,1,[2 1 3 5 4],1747.6999999999643,0.5,0.5,0.017304578645239155,SI,[4 5 3 1 2],-62.50000000000006,10,3419.799999999963,0.0,False,3
48,0,2,[2 1 3 5 4],1747.6999999999643,0.5,0.5,0.5341334974476568,MI,[4 5 3 1 2],-62.50000000000006,10,3419.799999999963,0.0,False,3
48,0,3,[2 1 3 5 4],1747.6999999999643,0.5,0.5,0.47323381683266885,SI,[4 5 3 1 2],-62.50000000000006,10,3419.799999999963,0.0,False,3
48,0,4,[2 1 3 5 4],1747.6999999999643,0.5,0.5,0.5515266562765897,MI,[2 4 5 3 1],-44.69999999999999,10,2568.2999999999593,0.0,False,3
49,0,0,[2 1 3 5 4],1747.6999999999643,0.5,0.5,0.649375265772488,MI,[4 5 3 1 2],-62.50000000000006,10,3419.799999999963,0.0,False,3
49,0,1,[2 1 3 5 4],1747.6999999999643,0.5,0.5,0.3916318470365717,SI,[4 5 3 1 2],-62.50000000000006,10,3419.799999999963,0.0,False,3
49,0,2,[2 1 3 5 4],1747.6999999999643,0.5,0.5,0.6628246506571068,MI,[4 5 3 1 2],-62.50000000000006,10,3419.799999999963,0.0,False,3
49,0,3,[2 1 3 5 4],1747.6999999999643,0.5,0.5,0.4687723741056319,SI,[4 5 3 1 2],-62.50000000000006,10,3419.799999999963,0.0,False,3
49,0,4,[2 1 3 5 4],1747.6999999999643,0.5,0.5,0.4000167072926115,SI,[4 5 3 1 2],-62.50000000000006,10,3419.799999999963,0.0,False,3
50,0,0,[2 1 3 5 4],1747.6999999999643,0.5,0.5,0.6602604745401615,MI,[4 5 3 1 2],-62.50000000000006,10,3419.799999999963,0.0,False,3
50,0,1,[2 1 3 5 4],1747.6999999999643,0.5,0.5,0.841559794603098,MI,[4 5 3 1 2],-62.50000000000006,10,3419.799999999963,0.0,False,3
50,0,2,[2 1 3 5 4],1747.6999999999643,0.5,0.5,0.8000799645621843,MI,[2 4 5 3 1],-44.69999999999999,10,2568.2999999999593,0.0,False,3
50,0,3,[2 1 3 5 4],1747.6999999999643,0.5,0.5,0.9608966268771489,MI,[4 5 3 1 2],-62.50000000000006,10,3419.799999999963,0.0,False,3
50,0,4,[2 1 3 5 4],1747.6999999999643,0.5,0.5,0.9349106992355712,MI,[4 5 3 1 2],-62.50000000000006,10,3419.799999999963,0.0,False,3
51,0,0,[2 1 3 5 4],1747.6999999999643,0.5,0.5,0.7753038688567189,MI,[4 5 3 1 2],-62.50000000000006,10,3419.799999999963,0.0,False,3
51,0,1,[2 1 3 5 4],1747.6999999999643,0.5,0.5,0.8831972651139391,MI,[2 4 5 3 1],-44.69999999999999,10,2568.2999999999593,0.0,False,3
51,0,2,[2 1 3 5 4],1747.6999999999643,0.5,0.5,0.6843977915352979,MI,[4 5 3 1 2],-62.50000000000006,10,3419.799999999963,0.0,False,3
51,0,3,[2 1 3 5 4],1747.6999999999643,0.5,0.5,0.1022320610649724,SI,[2 4 5 3 1],-44.69999999999999,10,2568.2999999999593,0.0,False,3
51,0,4,[2 1 3 5 4],1747.6999999999643,0.5,0.5,0.6664950561479296,MI,[2 4 5 3 1],-44.69999999999999,10,2568.2999999999593,0.0,False,3
52,0,0,[2 1 3 5 4],1747.6999999999643,0.5,0.5,0.7983331269926971,MI,[2 4 5 3 1],-44.69999999999999,10,2568.2999999999593,0.0,False,3
52,0,1,[2 1 3 5 4],1747.6999999999643,0.5,0.5,0.6735131381807156,MI,[4 5 3 1 2],-62.50000000000006,10,3419.799999999963,0.0,False,3
52,0,2,[2 1 3 5 4],1747.6999999999643,0.5,0.5,0.6130698851034783,MI,[4 5 3 1 2],-62.50000000000006,10,3419.799999999963,0.0,False,3
52,0,3,[2 1 3 5 4],1747.6999999999643,0.5,0.5,0.5507222653703029,MI,[4 5 3 1 2],-62.50000000000006,10,3419.799999999963,0.0,False,3
52,0,4,[2 1 3 5 4],1747.6999999999643,0.5,0.5,0.11605665634516149,SI,[4 5 3 1 2],-62.50000000000006,10,3419.799999999963,0.0,False,3
0,19,0,[3 1 4 5 2],2767.400000000016,0.5,0.5,0.05689065369236279,SI,[3 1 4 2 5],-65.59999999999997,10,2572.000000000011,0.07060779070607934,True,4
0,19,1,[3 1 4 2 5],2572.000000000011,0.5,0.5,0.9488955696878031,MI,[4 1 3 2 5],47.09999999999991,10,4091.6000000000167,0.0,False,4
0,19,2,[3 1 4 2 5],2572.000000000011,0.5,0.5,0.6748140711123465,MI,[4 1 3 2 5],47.09999999999991,10,4091.6000000000167,0.0,False,4
0,19,3,[3 1 4 2 5],2572.000000000011,0.5,0.5,0.5607501946347703,MI,[4 1 3 2 5],47.09999999999991,10,4091.6000000000167,0.0,False,4
0,19,4,[3 1 4 2 5],2572.000000000011,0.5,0.5,0.24274832372055555,SI,[3 4 1 2 5],48.60000000000002,10,3351.000000000022,0.0,False,4
1,0,0,[3 1 4 2 5],2572.000000000011,0.5035056370068965,0.4964943629931034,0.7133881415375086,MI,[4 1 3 2 5],47.09999999999991,10,4091.6000000000167,0.0,False,4
1,0,1,[3 1 4 2 5],2572.000000000011,0.5035056370068965,0.4964943629931034,0.18750372340362942,SI,[3 4 1 2 5],48.60000000000002,10,3351.000000000022,0.0,False,4
1,0,2,[3 1 4 2 5],2572.000000000011,0.5035056370068965,0.4964943629931034,0.470722617446084,SI,[5 2 4 1 3],115.9,10,4486.500000000022,0.0,False,4
1,0,3,[3 1 4 2 5],2572.000000000011,0.5035056370068965,0.4964943629931034,0.2543692605188945,SI,[4 1 3 2 5],47.09999999999991,10,4091.6000000000167,0.0,False,4
1,0,4,[3 1 4 2 5],2572.000000000011,0.5035056370068965,0.4964943629931034,0.03724716233865699,SI,[3 4 1 2 5],48.60000000000002,10,3351.000000000022,0.0,False,4
2,0,0,[3 1 4 2 5],2572.000000000011,0.5035056370068965,0.4964943629931034,0.09946092005065543,SI,[3 4 1 2 5],48.60000000000002,10,3351.000000000022,0.0,False,4
2,0,1,[3 1 4 2 5],2572.000000000011,0.5035056370068965,0.4964943629931034,0.3835593232915684,SI,[4 1 3 2 5],47.09999999999991,10,4091.6000000000167,0.0,False,4
2,0,2,[3 1 4 2 5],2572.000000000011,0.5035056370068965,0.4964943629931034,0.6262986044671512,MI,[4 1 3 2 5],47.09999999999991,10,4091.6000000000167,0.0,False,4
2,0,3,[3 1 4 2 5],2572.000000000011,0.5035056370068965,0.4964943629931034,0.07029396613837902,SI,[3 4 1 2 5],48.60000000000002,10,3351.000000000022,0.0,False,4
2,0,4,[3 1 4 2 5],2572.000000000011,0.5035056370068965,0.4964943629931034,0.49800029337682516,SI,[3 4 1 2 5],48.60000000000002,10,3351.000000000022,0.0,False,4
3,0,0,[3 1 4 2 5],2572.000000000011,0.5035056370068965,0.4964943629931034,0.6494957830745028,MI,[4 1 3 2 5],47.09999999999991,10,4091.6000000000167,0.0,False,4
3,0,1,[3 1 4 2 5],2572.000000000011,0.5035056370068965,0.4964943629931034,0.06064786639863651,SI,[3 1 4 5 2],65.59999999999997,10,2767.400000000016,0.0,False,4
3,0,2,[3 1 4 2 5],2572.000000000011,0.5035056370068965,0.4964943629931034,0.3263515208735932,SI,[3 1 4 5 2],65.59999999999997,10,2767.400000000016,0.0,False,4
3,0,3,[3 1 4 2 5],2572.000000000011,0.5035056370068965,0.4964943629931034,0.7439333412223151,MI,[4 1 3 2 5],47.09999999999991,10,4091.6000000000167,0.0,False,4
3,0,4,[3 1 4 2 5],2572.000000000011,0.5035056370068965,0.4964943629931034,0.5495222033489786,MI,[4 1 3 2 5],47.09999999999991,10,4091.6000000000167,0.0,False,4
4,0,0,[3 1 4 2 5],2572.000000000011,0.5035056370068965,0.4964943629931034,0.7797319041297719,MI,[4 1 3 2 5],47.09999999999991,10,4091.6000000000167,0.0,False,4
4,0,1,[3 1 4 2 5],2572.000000000011,0.5035056370068965,0.4964943629931034,0.17547778588811735,SI,[1 3 4 2 5],112.69999999999999,10,3566.5000000000255,0.0,False,4
4,0,2,[3 1 4 2 5],2572.000000000011,0.5035056370068965,0.4964943629931034,0.6810232462536685,MI,[4 1 3 2 5],47.09999999999991,10,4091.6000000000167,0.0,False,4
4,0,3,[3 1 4 2 5],2572.000000000011,0.5035056370068965,0.4964943629931034,0.3642558267565468,SI,[3 1 4 5 2],65.59999999999997,10,2767.400000000016,0.0,False,4
4,0,4,[3 1 4 2 5],2572.000000000011,0.5035056370068965,0.4964943629931034,0.23719826215852435,SI,[4 1 3 2 5],47.09999999999991,10,4091.6000000000167,0.0,False,4
5,0,0,[3 1 4 2 5],2572.000000000011,0.5035056370068965,0.4964943629931034,0.4569428964148605,SI,[3 1 4 5 2],65.59999999999997,10,2767.400000000016,0.0,False,4
5,0,1,[3 1 4 2 5],2572.000000000011,0.5035056370068965,0.4964943629931034,0.046786912104493816,SI,[3 1 4 5 2],65.59999999999997,10,2767.400000000016,0.0,False,4
5,0,2,[3 1 4 2 5],2572.000000000011,0.5035056370068965,0.4964943629931034,0.814896564917565,MI,[4 1 3 2 5],47.09999999999991,10,4091.6000000000167,0.0,False,4
5,0,3,[3 1 4 2 5],2572.000000000011,0.5035056370068965,0.4964943629931034,0.8894425745613438,MI,[5 2 4 1 3],115.9,10,4486.500000000022,0.0,False,4
5,0,4,[3 1 4 2 5],2572.000000000011,0.5035056370068965,0.4964943629931034,0.10703846539770523,SI,[4 1 3 2 5],47.09999999999991,10,4091.6000000000167,0.0,False,4
6,0,0,[3 1 4 2 5],2572.000000000011,0.5035056370068965,0.4964943629931034,0.44813078874706214,SI,[3 1 4 5 2],65.59999999999997,10,2767.400000000016,0.0,False,4
6,0,1,[3 1 4 2 5],2572.000000000011,0.5035056370068965,0.4964943629931034,0.18758609717843433,SI,[3 4 1 2 5],48.60000000000002,10,3351.000000000022,0.0,False,4
6,0,2,[3 1 4 2 5],2572.000000000011,0.5035056370068965,0.4964943629931034,0.6625929804011081,MI,[4 1 3 2 5],47.09999999999991,10,4091.6000000000167,0.0,False,4
6,0,3,[3 1 4 2 5],2572.000000000011,0.5035056370068965,0.4964943629931034,0.3640730615128889,SI,[4 1 3 2 5],47.09999999999991,10,4091.6000000000167,0.0,False,4
6,0,4,[3 1 4 2 5],2572.000000000011,0.5035056370068965,0.4964943629931034,0.005841884097495642,SI,[4 1 3 2 5],47.09999999999991,10,4091.6000000000167,0.0,False,4
7,0,0,[3 1 4 2 5],2572.000000000011,0.5035056370068965,0.4964943629931034,0.5434857772751743,MI,[4 1 3 2 5],47.09999999999991,10,4091.6000000000167,0.0,False,4
7,0,1,[3 1 4 2 5],2572.000000000011,0.5035056370068965,0.4964943629931034,0.336521133313718,SI,[3 1 4 5 2],65.59999999999997,10,2767.400000000016,0.0,False,4
7,0,2,[3 1 4 2 5],2572.000000000011,0.5035056370068965,0.4964943629931034,0.7142750538836681,MI,[4 1 3 2 5],47.09999999999991,10,4091.6000000000167,0.0,False,4
7,0,3,[3 1 4 2 5],2572.000000000011,0.5035056370068965,0.4964943629931034,0.5573502145617234,MI,[4 1 3 2 5],47.09999999999991,10,4091.6000000000167,0.0,False,4
7,0,4,[3 1 4 2 5],2572.000000000011,0.5035056370068965,0.4964943629931034,0.14550381348398345,SI,[3 4 1 2 5],48.60000000000002,10,3351.000000000022,0.0,False,4
8,0,0,[3 1 4 2 5],2572.000000000011,0.5035056370068965,0.4964943629931034,0.5739535397557183,MI,[4 1 3 2 5],47.09999999999991,10,4091.6000000000167,0.0,False,4
8,0,1,[3 1 4 2 5],2572.000000000011,0.5035056370068965,0.4964943629931034,0.5083137727657171,MI,[4 1 3 2 5],47.09999999999991,10,4091.6000000000167,0.0,False,4
8,0,2,[3 1 4 2 5],2572.000000000011,0.5035056370068965,0.4964943629931034,0.42713318313096316,SI,[4 1 3 2 5],47.09999999999991,10,4091.6000000000167,0.0,False,4
8,0,3,[3 1 4 2 5],2572.000000000011,0.5035056370068965,0.4964943629931034,0.8339089217331674,MI,[4 1 3 2 5],47.09999999999991,10,4091.6000000000167,0.0,False,4
8,0,4,[3 1 4 2 5],2572.000000000011,0.5035056370068965,0.4964943629931034,0.3723467458824389,SI,[4 1 3 2 5],47.09999999999991,10,4091.6000000000167,0.0,False,4
9,0,0,[3 1 4 2 5],2572.000000000011,0.5035056370068965,0.4964943629931034,0.4346072496497192,SI,[3 4 1 2 5],48.60000000000002,10,3351.000000000022,0.0,False,4
9,0,1,[3 1 4 2 5],2572.000000000011,0.5035056370068965,0.4964943629931034,0.16475427918884544,SI,[3 1 4 5 2],65.59999999999997,10,2767.400000000016,0.0,False,4
9,0,2,[3 1 4 2 5],2572.000000000011,0.5035056370068965,0.4964943629931034,0.6515280211063569,MI,[4 1 3 2 5],47.09999999999991,10,4091.6000000000167,0.0,False,4
9,0,3,[3 1 4 2 5],2572.000000000011,0.5035056370068965,0.4964943629931034,0.68929245089038,MI,[4 1 3 2 5],47.09999999999991,10,4091.6000000000167,0.0,False,4
9,0,4,[3 1 4 2 5],2572.000000000011,0.5035056370068965,0.4964943629931034,0.37609452072446625,SI,[3 4 1 2 5],48.60000000000002,10,3351.000000000022,0.0,False,4
10,0,0,[3 1 4 2 5],2572.000000000011,0.5035056370068965,0.4964943629931034,0.12170342142567481,SI,[3 4 1 2 5],48.60000000000002,10,3351.000000000022,0.0,False,4
10,0,1,[3 1 4 2 5],2572.000000000011,0.5035056370068965,0.4964943629931034,0.02682195520701358,SI,[4 1 3 2 5],47.09999999999991,10,4091.6000000000167,0.0,False,4
10,0,2,[3 1 4 2 5],2572.000000000011,0.5035056370068965,0.4964943629931034,0.14142382941461296,SI,[1 3 4 2 5],112.69999999999999,10,3566.5000000000255,0.0,False,4
10,0,3,[3 1 4 2 5],2572.000000000011,0.5035056370068965,0.4964943629931034,0.97416249084276,MI,[4 1 3 2 5],47.09999999999991,10,4091.6000000000167,0.0,False,4
10,0,4,[3 1 4 2 5],2572.000000000011,0.5035056370068965,0.4964943629931034,0.08300015452602938,SI,[3 4 1 2 5],48.60000000000002,10,3351.000000000022,0.0,False,4
11,0,0,[3 1 4 2 5],2572.000000000011,0.5035056370068965,0.4964943629931034,0.364160042564985,SI,[4 1 3 2 5],47.09999999999991,10,4091.6000000000167,0.0,False,4
11,0,1,[3 1 4 2 5],2572.000000000011,0.5035056370068965,0.4964943629931034,0.3684018584062011,SI,[4 1 3 2 5],47.09999999999991,10,4091.6000000000167,0.0,False,4
11,0,2,[3 1 4 2 5],2572.000000000011,0.5035056370068965,0.4964943629931034,0.12066487598100772,SI,[4 1 3 2 5],47.09999999999991,10,4091.6000000000167,0.0,False,4
11,0,3,[3 1 4 2 5],2572.000000000011,0.5035056370068965,0.4964943629931034,0.09076424982634945,SI,[4 1 3 2 5],47.09999999999991,10,4091.6000000000167,0.0,False,4
11,0,4,[3 1 4 2 5],2572.000000000011,0.5035056370068965,0.4964943629931034,0.6788432625216533,MI,[4 1 3 2 5],47.09999999999991,10,4091.6000000000167,0.0,False,4
12,0,0,[3 1 4 2 5],2572.000000000011,0.5035056370068965,0.4964943629931034,0.43999039604018264,SI,[3 4 1 2 5],48.60000000000002,10,3351.000000000022,0.0,False,4
12,0,1,[3 1 4 2 5],2572.000000000011,0.5035056370068965,0.4964943629931034,0.7403942872579726,MI,[4 1 3 2 5],47.09999999999991,10,4091.6000000000167,0.0,False,4
12,0,2,[3 1 4 2 5],2572.000000000011,0.5035056370068965,0.4964943629931034,0.2542467599984889,SI,[1 3 4 2 5],112.69999999999999,10,3566.5000000000255,0.0,False,4
12,0,3,[3 1 4 2 5],2572.000000000011,0.5035056370068965,0.4964943629931034,0.36408550462398137,SI,[3 4 1 2 5],48.60000000000002,10,3351.000000000022,0.0,False,4
12,0,4,[3 1 4 2 5],2572.000000000011,0.5035056370068965,0.4964943629931034,0.29726116588340623,SI,[3 4 1 2 5],48.60000000000002,10,3351.000000000022,0.0,False,4
13,0,0,[3 1 4 2 5],2572.000000000011,0.5035056370068965,0.4964943629931034,0.05862817863827097,SI,[3 1 4 5 2],65.59999999999997,10,2767.400000000016,0.0,False,4
13,0,1,[3 1 4 2 5],2572.000000000011,0.5035056370068965,0.4964943629931034,0.39689391127910034,SI,[4 1 3 2 5],47.09999999999991,10,4091.6000000000167,0.0,False,4
13,0,2,[3 1 4 2 5],2572.000000000011,0.5035056370068965,0.4964943629931034,0.6756980300930241,MI,[4 1 3 2 5],47.09999999999991,10,4091.6000000000167,0.0,False,4
13,0,3,[3 1 4 2 5],2572.000000000011,0.5035056370068965,0.4964943629931034,0.2686612941879183,SI,[3 4 1 2 5],48.60000000000002,10,3351.000000000022,0.0,False,4
13,0,4,[3 1 4 2 5],2572.000000000011,0.5035056370068965,0.4964943629931034,0.7734246727154174,MI,[5 2 4 1 3],115.9,10,4486.500000000022,0.0,False,4
14,0,0,[3 1 4 2 5],2572.000000000011,0.5035056370068965,0.4964943629931034,0.8102986376361182,MI,[4 1 3 2 5],47.09999999999991,10,4091.6000000000167,0.0,False,4
14,0,1,[3 1 4 2 5],2572.000000000011,0.5035056370068965,0.4964943629931034,0.3410168572484932,SI,[4 1 3 2 5],47.09999999999991,10,4091.6000000000167,0.0,False,4
14,0,2,[3 1 4 2 5],2572.000000000011,0.5035056370068965,0.4964943629931034,0.37720684499445445,SI,[3 4 1 2 5],48.60000000000002,10,3351.000000000022,0.0,False,4
14,0,3,[3 1 4 2 5],2572.000000000011,0.5035056370068965,0.4964943629931034,0.49536336223361577,SI,[3 4 1 2 5],48.60000000000002,10,3351.000000000022,0.0,False,4
14,0,4,[3 1 4 2 5],2572.000000000011,0.5035056370068965,0.4964943629931034,0.6921486324236586,MI,[4 1 3 2 5],47.09999999999991,10,4091.6000000000167,0.0,False,4
15,0,0,[3 1 4 2 5],2572.000000000011,0.5035056370068965,0.4964943629931034,0.7241976428777775,MI,[4 1 3 2 5],47.09999999999991,10,4091.6000000000167,0.0,False,4
15,0,1,[3 1 4 2 5],2572.000000000011,0.5035056370068965,0.4964943629931034,0.2885139366598054,SI,[4 1 3 2 5],47.09999999999991,10,4091.6000000000167,0.0,False,4
15,0,2,[3 1 4 2 5],2572.000000000011,0.5035056370068965,0.4964943629931034,0.19187411630916873,SI,[3 4 1 2 5],48.60000000000002,10,3351.000000000022,0.0,False,4
15,0,3,[3 1 4 2 5],2572.000000000011,0.5035056370068965,0.4964943629931034,0.7512228164499966,MI,[4 1 3 2 5],47.09999999999991,10,4091.6000000000167,0.0,False,4
15,0,4,[3 1 4 2 5],2572.000000000011,0.5035056370068965,0.4964943629931034,0.39056225199914674,SI,[4 1 3 2 5],47.09999999999991,10,4091.6000000000167,0.0,False,4
16,0,0,[3 1 4 2 5],2572.000000000011,0.5035056370068965,0.4964943629931034,0.2608468646773222,SI,[4 1 3 2 5],47.09999999999991,10,4091.6000000000167,0.0,False,4
16,0,1,[3 1 4 2 5],2572.000000000011,0.5035056370068965,0.4964943629931034,0.5698808470866378,MI,[4 1 3 2 5],47.09999999999991,10,4091.6000000000167,0.0,False,4
16,0,2,[3 1 4 2 5],2572.000000000011,0.5035056370068965,0.4964943629931034,0.994052237212199,MI,[4 1 3 2 5],47.09999999999991,10,4091.6000000000167,0.0,False,4
16,0,3,[3 1 4 2 5],2572.000000000011,0.5035056370068965,0.4964943629931034,0.007996327291769245,SI,[4 1 3 2 5],47.09999999999991,10,4091.6000000000167,0.0,False,4
16,0,4,[3 1 4 2 5],2572.000000000011,0.5035056370068965,0.4964943629931034,0.33927876430869985,SI,[4 1 3 2 5],47.09999999999991,10,4091.6000000000167,0.0,False,4
17,0,0,[3 1 4 2 5],2572.000000000011,0.5035056370068965,0.4964943629931034,0.954236458559711,MI,[4 1 3 2 5],47.09999999999991,10,4091.6000000000167,0.0,False,4
17,0,1,[3 1 4 2 5],2572.000000000011,0.5035056370068965,0.4964943629931034,0.284873021045455,SI,[3 1 4 5 2],65.59999999999997,10,2767.400000000016,0.0,False,4
17,0,2,[3 1 4 2 5],2572.000000000011,0.5035056370068965,0.4964943629931034,0.3526733003623347,SI,[1 3 4 2 5],112.69999999999999,10,3566.5000000000255,0.0,False,4
17,0,3,[3 1 4 2 5],2572.000000000011,0.5035056370068965,0.4964943629931034,0.38595389233750843,SI,[3 1 4 5 2],65.59999999999997,10,2767.400000000016,0.0,False,4
17,0,4,[3 1 4 2 5],2572.000000000011,0.5035056370068965,0.4964943629931034,0.27211868998121325,SI,[3 4 1 2 5],48.60000000000002,10,3351.000000000022,0.0,False,4
18,0,0,[3 1 4 2 5],2572.000000000011,0.5035056370068965,0.4964943629931034,0.5953788387653568,MI,[4 1 3 2 5],47.09999999999991,10,4091.6000000000167,0.0,False,4
18,0,1,[3 1 4 2 5],2572.000000000011,0.5035056370068965,0.4964943629931034,0.8806478221175625,MI,[4 1 3 2 5],47.09999999999991,10,4091.6000000000167,0.0,False,4
18,0,2,[3 1 4 2 5],2572.000000000011,0.5035056370068965,0.4964943629931034,0.22051461260652194,SI,[3 4 1 2 5],48.60000000000002,10,3351.000000000022,0.0,False,4
18,0,3,[3 1 4 2 5],2572.000000000011,0.5035056370068965,0.4964943629931034,0.13943785910528905,SI,[4 1 3 2 5],47.09999999999991,10,4091.6000000000167,0.0,False,4
18,0,4,[3 1 4 2 5],2572.000000000011,0.5035056370068965,0.4964943629931034,0.7954023004195308,MI,[4 1 3 2 5],47.09999999999991,10,4091.6000000000167,0.0,False,4
19,0,0,[3 1 4 2 5],2572.000000000011,0.5035056370068965,0.4964943629931034,0.8392175600213841,MI,[4 1 3 2 5],47.09999999999991,10,4091.6000000000167,0.0,False,4
19,0,1,[3 1 4 2 5],2572.000000000011,0.5035056370068965,0.4964943629931034,0.20928094090763882,SI,[3 4 1 2 5],48.60000000000002,10,3351.000000000022,0.0,False,4
19,0,2,[3 1 4 2 5],2572.000000000011,0.5035056370068965,0.4964943629931034,0.9520100438067454,MI,[4 1 3 2 5],47.09999999999991,10,4091.6000000000167,0.0,False,4
19,0,3,[3 1 4 2 5],2572.000000000011,0.5035056370068965,0.4964943629931034,0.3524083367308649,SI,[3 1 4 5 2],65.59999999999997,10,2767.400000000016,0.0,False,4
19,0,4,[3 1 4 2 5],2572.000000000011,0.5035056370068965,0.4964943629931034,0.1493730727170124,SI,[3 4 1 2 5],48.60000000000002,10,3351.000000000022,0.0,False,4
20,0,0,[3 1 4 2 5],2572.000000000011,0.5035056370068965,0.4964943629931034,0.9482645664062327,MI,[4 1 3 2 5],47.09999999999991,10,4091.6000000000167,0.0,False,4
20,0,1,[3 1 4 2 5],2572.000000000011,0.5035056370068965,0.4964943629931034,0.8365424870453444,MI,[4 1 3 2 5],47.09999999999991,10,4091.6000000000167,0.0,False,4
20,0,2,[3 1 4 2 5],2572.000000000011,0.5035056370068965,0.4964943629931034,0.20603843692399038,SI,[1 3 4 2 5],112.69999999999999,10,3566.5000000000255,0.0,False,4
20,0,3,[3 1 4 2 5],2572.000000000011,0.5035056370068965,0.4964943629931034,0.43034787170068856,SI,[1 3 4 2 5],112.69999999999999,10,3566.5000000000255,0.0,False,4
20,0,4,[3 1 4 2 5],2572.000000000011,0.5035056370068965,0.4964943629931034,0.1759662093632015,SI,[4 1 3 2 5],47.09999999999991,10,4091.6000000000167,0.0,False,4
21,0,0,[3 1 4 2 5],2572.000000000011,0.5035056370068965,0.4964943629931034,0.6598866618578333,MI,[4 1 3 2 5],47.09999999999991,10,4091.6000000000167,0.0,False,4
21,0,1,[3 1 4 2 5],2572.000000000011,0.5035056370068965,0.4964943629931034,0.9532165215064151,MI,[4 1 3 2 5],47.09999999999991,10,4091.6000000000167,0.0,False,4
21,0,2,[3 1 4 2 5],2572.000000000011,0.5035056370068965,0.4964943629931034,0.5280863522527496,MI,[4 1 3 2 5],47.09999999999991,10,4091.6000000000167,0.0,False,4
21,0,3,[3 1 4 2 5],2572.000000000011,0.5035056370068965,0.4964943629931034,0.19773580564155513,SI,[4 1 3 2 5],47.09999999999991,10,4091.6000000000167,0.0,False,4
21,0,4,[3 1 4 2 5],2572.000000000011,0.5035056370068965,0.4964943629931034,0.23931113594981934,SI,[3 4 1 2 5],48.60000000000002,10,3351.000000000022,0.0,False,4
22,0,0,[3 1 4 2 5],2572.000000000011,0.5035056370068965,0.4964943629931034,0.05973495163693476,SI,[3 4 1 2 5],48.60000000000002,10,3351.000000000022,0.0,False,4
22,0,1,[3 1 4 2 5],2572.000000000011,0.5035056370068965,0.4964943629931034,0.4074011915784035,SI,[3 1 4 5 2],65.59999999999997,10,2767.400000000016,0.0,False,4
22,0,2,[3 1 4 2 5],2572.000000000011,0.5035056370068965,0.4964943629931034,0.39900987085354767,SI,[3 4 1 2 5],48.60000000000002,10,3351.000000000022,0.0,False,4
22,0,3,[3 1 4 2 5],2572.000000000011,0.5035056370068965,0.4964943629931034,0.9502711045433834,MI,[4 1 3 2 5],47.09999999999991,10,4091.6000000000167,0.0,False,4
22,0,4,[3 1 4 2 5],2572.000000000011,0.5035056370068965,0.4964943629931034,0.37802541723903427,SI,[4 1 3 2 5],47.09999999999991,10,4091.6000000000167,0.0,False,4
23,0,0,[3 1 4 2 5],2572.000000000011,0.5035056370068965,0.4964943629931034,0.9121151436520539,MI,[4 1 3 2 5],47.09999999999991,10,4091.6000000000167,0.0,False,4
23,0,1,[3 1 4 2 5],2572.000000000011,0.5035056370068965,0.4964943629931034,0.6479682802277918,MI,[4 1 3 2 5],47.09999999999991,10,4091.6000000000167,0.0,False,4
23,0,2,[3 1 4 2 5],2572.000000000011,0.5035056370068965,0.4964943629931034,0.6638598630063531,MI,[4 1 3 2 5],47.09999999999991,10,4091.6000000000167,0.0,False,4
23,0,3,[3 1 4 2 5],2572.000000000011,0.5035056370068965,0.4964943629931034,0.05402532845358021,SI,[4 1 3 2 5],47.09999999999991,10,4091.6000000000167,0.0,False,4
23,0,4,[3 1 4 2 5],2572.000000000011,0.5035056370068965,0.4964943629931034,0.15732435593913097,SI,[3 1 4 5 2],65.59999999999997,10,2767.400000000016,0.0,False,4
24,0,0,[3 1 4 2 5],2572.000000000011,0.5035056370068965,0.4964943629931034,0.36456944420193726,SI,[3 1 4 5 2],65.59999999999997,10,2767.400000000016,0.0,False,4
24,0,1,[3 1 4 2 5],2572.000000000011,0.5035056370068965,0.4964943629931034,0.2680227576562324,SI,[3 4 1 2 5],48.60000000000002,10,3351.000000000022,0.0,False,4
24,0,2,[3 1 4 2 5],2572.000000000011,0.5035056370068965,0.4964943629931034,0.5204418734704365,MI,[4 1 3 2 5],47.09999999999991,10,4091.6000000000167,0.0,False,4
24,0,3,[3 1 4 2 5],2572.000000000011,0.5035056370068965,0.4964943629931034,0.40196716979186187,SI,[3 1 4 5 2],65.59999999999997,10,2767.400000000016,0.0,False,4
24,0,4,[3 1 4 2 5],2572.000000000011,0.5035056370068965,0.4964943629931034,0.6799294007788212,MI,[4 1 3 2 5],47.09999999999991,10,4091.6000000000167,0.0,False,4
25,0,0,[3 1 4 2 5],2572.000000000011,0.5035056370068965,0.4964943629931034,0.4523985358749314,SI,[4 1 3 2 5],47.09999999999991,10,4091.6000000000167,0.0,False,4
25,0,1,[3 1 4 2 5],2572.000000000011,0.5035056370068965,0.4964943629931034,0.2627596981721094,SI,[4 1 3 2 5],47.09999999999991,10,4091.6000000000167,0.0,False,4
25,0,2,[3 1 4 2 5],2572.000000000011,0.5035056370068965,0.4964943629931034,0.6183440613383988,MI,[4 1 3 2 5],47.09999999999991,10,4091.6000000000167,0.0,False,4
25,0,3,[3 1 4 2 5],2572.000000000011,0.5035056370068965,0.4964943629931034,0.9764501414179545,MI,[4 1 3 2 5],47.09999999999991,10,4091.6000000000167,0.0,False,4
25,0,4,[3 1 4 2 5],2572.000000000011,0.5035056370068965,0.4964943629931034,0.3379036973383045,SI,[4 1 3 2 5],47.09999999999991,10,4091.6000000000167,0.0,False,4
26,0,0,[3 1 4 2 5],2572.000000000011,0.5035056370068965,0.4964943629931034,0.23644549138428705,SI,[4 1 3 2 5],47.09999999999991,10,4091.6000000000167,0.0,False,4
26,0,1,[3 1 4 2 5],2572.000000000011,0.5035056370068965,0.4964943629931034,0.6236988722442793,MI,[4 1 3 2 5],47.09999999999991,10,4091.6000000000167,0.0,False,4
26,0,2,[3 1 4 2 5],2572.000000000011,0.5035056370068965,0.4964943629931034,0.6469776935025847,MI,[4 1 3 2 5],47.09999999999991,10,4091.6000000000167,0.0,False,4
26,0,3,[3 1 4 2 5],2572.000000000011,0.5035056370068965,0.4964943629931034,0.49573688652020276,SI,[3 1 4 5 2],65.59999999999997,10,2767.400000000016,0.0,False,4
26,0,4,[3 1 4 2 5],2572.000000000011,0.5035056370068965,0.4964943629931034,0.2537136834342797,SI,[1 3 4 2 5],112.69999999999999,10,3566.5000000000255,0.0,False,4
27,0,0,[3 1 4 2 5],2572.000000000011,0.5035056370068965,0.4964943629931034,0.6960425969933246,MI,[4 1 3 2 5],47.09999999999991,10,4091.6000000000167,0.0,False,4
27,0,1,[3 1 4 2 5],2572.000000000011,0.5035056370068965,0.4964943629931034,0.7946695039727192,MI,[4 1 3 2 5],47.09999999999991,10,4091.6000000000167,0.0,False,4
27,0,2,[3 1 4 2 5],2572.000000000011,0.5035056370068965,0.4964943629931034,0.25036012994058066,SI,[4 1 3 2 5],47.09999999999991,10,4091.6000000000167,0.0,False,4
27,0,3,[3 1 4 2 5],2572.000000000011,0.5035056370068965,0.4964943629931034,0.4687742640180199,SI,[4 1 3 2 5],47.09999999999991,10,4091.6000000000167,0.0,False,4
27,0,4,[3 1 4 2 5],2572.000000000011,0.5035056370068965,0.4964943629931034,0.5390420196103111,MI,[3 2 4 1 5],318.3999999999999,10,4421.3000000000175,0.0,False,4
28,0,0,[3 1 4 2 5],2572.000000000011,0.5035056370068965,0.4964943629931034,0.33490461911902014,SI,[3 1 4 5 2],65.59999999999997,10,2767.400000000016,0.0,False,4
28,0,1,[3 1 4 2 5],2572.000000000011,0.5035056370068965,0.4964943629931034,0.09654083574030725,SI,[5 2 4 1 3],115.9,10,4486.500000000022,0.0,False,4
28,0,2,[3 1 4 2 5],2572.000000000011,0.5035056370068965,0.4964943629931034,0.023473916663670047,SI,[3 1 4 5 2],65.59999999999997,10,2767.400000000016,0.0,False,4
28,0,3,[3 1 4 2 5],2572.000000000011,0.5035056370068965,0.4964943629931034,0.2782221103300807,SI,[4 1 3 2 5],47.09999999999991,10,4091.6000000000167,0.0,False,4
28,0,4,[3 1 4 2 5],2572.000000000011,0.5035056370068965,0.4964943629931034,0.46781248738682957,SI,[4 1 3 2 5],47.09999999999991,10,4091.6000000000167,0.0,False,4
29,0,0,[3 1 4 2 5],2572.000000000011,0.5035056370068965,0.4964943629931034,0.9005446206924611,MI,[4 1 3 2 5],47.09999999999991,10,4091.6000000000167,0.0,False,4
29,0,1,[3 1 4 2 5],2572.000000000011,0.5035056370068965,0.4964943629931034,0.13398600123162063,SI,[3 4 1 2 5],48.60000000000002,10,3351.000000000022,0.0,False,4
29,0,2,[3 1 4 2 5],2572.000000000011,0.5035056370068965,0.4964943629931034,0.4067684270212011,SI,[4 1 3 2 5],47.09999999999991,10,4091.6000000000167,0.0,False,4
29,0,3,[3 1 4 2 5],2572.000000000011,0.5035056370068965,0.4964943629931034,0.35654357231361977,SI,[3 4 1 2 5],48.60000000000002,10,3351.000000000022,0.0,False,4
29,0,4,[3 1 4 2 5],2572.000000000011,0.5035056370068965,0.4964943629931034,0.7181634093018858,MI,[4 1 3 2 5],47.09999999999991,10,4091.6000000000167,0.0,False,4
30,0,0,[3 1 4 2 5],2572.000000000011,0.5035056370068965,0.4964943629931034,0.31503543538433076,SI,[3 4 1 2 5],48.60000000000002,10,3351.000000000022,0.0,False,4
30,0,1,[3 1 4 2 5],2572.000000000011,0.5035056370068965,0.4964943629931034,0.20497421012274264,SI,[1 3 4 2 5],112.69999999999999,10,3566.5000000000255,0.0,False,4
30,0,2,[3 1 4 2 5],2572.000000000011,0.5035056370068965,0.4964943629931034,0.9848859201964791,MI,[4 1 3 2 5],47.09999999999991,10,4091.6000000000167,0.0,False,4
30,0,3,[3 1 4 2 5],2572.000000000011,0.5035056370068965,0.4964943629931034,0.48582888782283606,SI,[3 4 1 2 5],48.60000000000002,10,3351.000000000022,0.0,False,4
30,0,4,[3 1 4 2 5],2572.000000000011,0.5035056370068965,0.4964943629931034,0.1799470019608127,SI,[4 1 3 2 5],47.09999999999991,10,4091.6000000000167,0.0,False,4
31,0,0,[3 1 4 2 5],2572.000000000011,0.5035056370068965,0.4964943629931034,0.08198710431295986,SI,[3 1 4 5 2],65.59999999999997,10,2767.400000000016,0.0,False,4
31,0,1,[3 1 4 2 5],2572.000000000011,0.5035056370068965,0.4964943629931034,0.6851306753483443,MI,[4 1 3 2 5],47.09999999999991,10,4091.6000000000167,0.0,False,4
31,0,2,[3 1 4 2 5],2572.000000000011,0.5035056370068965,0.4964943629931034,0.2037938837970834,SI,[3 4 1 2 5],48.60000000000002,10,3351.000000000022,0.0,False,4
31,0,3,[3 1 4 2 5],2572.000000000011,0.5035056370068965,0.4964943629931034,0.37821445028978073,SI,[3 4 1 2 5],48.60000000000002,10,3351.000000000022,0.0,False,4
31,0,4,[3 1 4 2 5],2572.000000000011,0.5035056370068965,0.4964943629931034,0.978919761818531,MI,[4 1 3 2 5],47.09999999999991,10,4091.6000000000167,0.0,False,4
32,0,0,[3 1 4 2 5],2572.000000000011,0.5035056370068965,0.4964943629931034,0.2880641214253232,SI,[3 4 1 2 5],48.60000000000002,10,3351.000000000022,0.0,False,4
32,0,1,[3 1 4 2 5],2572.000000000011,0.5035056370068965,0.4964943629931034,0.47692870203023485,SI,[4 1 3 2 5],47.09999999999991,10,4091.6000000000167,0.0,False,4
32,0,2,[3 1 4 2 5],2572.000000000011,0.5035056370068965,0.4964943629931034,0.0349623098140055,SI,[4 1 3 2 5],47.09999999999991,10,4091.6000000000167,0.0,False,4
32,0,3,[3 1 4 2 5],2572.000000000011,0.5035056370068965,0.4964943629931034,0.48340698918773106,SI,[4 1 3 2 5],47.09999999999991,10,4091.6000000000167,0.0,False,4
32,0,4,[3 1 4 2 5],2572.000000000011,0.5035056370068965,0.4964943629931034,0.3280753378288773,SI,[4 1 3 2 5],47.09999999999991,10,4091.6000000000167,0.0,False,4
33,0,0,[3 1 4 2 5],2572.000000000011,0.5035056370068965,0.4964943629931034,0.6199502817339917,MI,[4 1 3 2 5],47.09999999999991,10,4091.6000000000167,0.0,False,4
33,0,1,[3 1 4 2 5],2572.000000000011,0.5035056370068965,0.4964943629931034,0.5407853209785641,MI,[4 1 3 2 5],47.09999999999991,10,4091.6000000000167,0.0,False,4
33,0,2,[3 1 4 2 5],2572.000000000011,0.5035056370068965,0.4964943629931034,0.8381546570513928,MI,[4 1 3 2 5],47.09999999999991,10,4091.6000000000167,0.0,False,4
33,0,3,[3 1 4 2 5],2572.000000000011,0.5035056370068965,0.4964943629931034,0.6617650998209631,MI,[4 1 3 2 5],47.09999999999991,10,4091.6000000000167,0.0,False,4
33,0,4,[3 1 4 2 5],2572.000000000011,0.5035056370068965,0.4964943629931034,0.3741406496952667,SI,[4 1 3 2 5],47.09999999999991,10,4091.6000000000167,0.0,False,4
34,0,0,[3 1 4 2 5],2572.000000000011,0.5035056370068965,0.4964943629931034,0.9158094061587794,MI,[4 1 3 2 5],47.09999999999991,10,4091.6000000000167,0.0,False,4
34,0,1,[3 1 4 2 5],2572.000000000011,0.5035056370068965,0.4964943629931034,0.057053312044461846,SI,[1 3 4 2 5],112.69999999999999,10,3566.5000000000255,0.0,False,4
34,0,2,[3 1 4 2 5],2572.000000000011,0.5035056370068965,0.4964943629931034,0.06691984053073141,SI,[4 1 3 2 5],47.09999999999991,10,4091.6000000000167,0.0,False,4
34,0,3,[3 1 4 2 5],2572.000000000011,0.5035056370068965,0.4964943629931034,0.19897061659186532,SI,[4 1 3 2 5],47.09999999999991,10,4091.6000000000167,0.0,False,4
34,0,4,[3 1 4 2 5],2572.000000000011,0.5035056370068965,0.4964943629931034,0.9532341505213637,MI,[4 1 3 2 5],47.09999999999991,10,4091.6000000000167,0.0,False,4
35,0,0,[3 1 4 2 5],2572.000000000011,0.5035056370068965,0.4964943629931034,0.3996126570181602,SI,[3 4 1 2 5],48.60000000000002,10,3351.000000000022,0.0,False,4
35,0,1,[3 1 4 2 5],2572.000000000011,0.5035056370068965,0.4964943629931034,0.41417190682908167,SI,[3 1 4 5 2],65.59999999999997,10,2767.400000000016,0.0,False,4
35,0,2,[3 1 4 2 5],2572.000000000011,0.5035056370068965,0.4964943629931034,0.22647195735906556,SI,[3 4 1 2 5],48.60000000000002,10,3351.000000000022,0.0,False,4
35,0,3,[3 1 4 2 5],2572.000000000011,0.5035056370068965,0.4964943629931034,0.5558753556151821,MI,[4 1 3 2 5],47.09999999999991,10,4091.6000000000167,0.0,False,4
35,0,4,[3 1 4 2 5],2572.000000000011,0.5035056370068965,0.4964943629931034,0.6423373891810883,MI,[5 2 4 1 3],115.9,10,4486.500000000022,0.0,False,4
36,0,0,[3 1 4 2 5],2572.000000000011,0.5035056370068965,0.4964943629931034,0.13028227104565404,SI,[3 4 1 2 5],48.60000000000002,10,3351.000000000022,0.0,False,4
36,0,1,[3 1 4 2 5],2572.000000000011,0.5035056370068965,0.4964943629931034,0.36614089339469547,SI,[4 1 3 2 5],47.09999999999991,10,4091.6000000000167,0.0,False,4
36,0,2,[3 1 4 2 5],2572.000000000011,0.5035056370068965,0.4964943629931034,0.5772854992938928,MI,[4 1 3 2 5],47.09999999999991,10,4091.6000000000167,0.0,False,4
36,0,3,[3 1 4 2 5],2572.000000000011,0.5035056370068965,0.4964943629931034,0.6063009770420937,MI,[4 1 3 2 5],47.09999999999991,10,4091.6000000000167,0.0,False,4
36,0,4,[3 1 4 2 5],2572.000000000011,0.5035056370068965,0.4964943629931034,0.7053004450441939,MI,[4 1 3 2 5],47.09999999999991,10,4091.6000000000167,0.0,False,4
37,0,0,[3 1 4 2 5],2572.000000000011,0.5035056370068965,0.4964943629931034,0.46509748542734763,SI,[4 1 3 2 5],47.09999999999991,10,4091.6000000000167,0.0,False,4
37,0,1,[3 1 4 2 5],2572.000000000011,0.5035056370068965,0.4964943629931034,0.10220209219685694,SI,[3 4 1 2 5],48.60000000000002,10,3351.000000000022,0.0,False,4
37,0,2,[3 1 4 2 5],2572.000000000011,0.5035056370068965,0.4964943629931034,0.926156060186657,MI,[4 1 3 2 5],47.09999999999991,10,4091.6000000000167,0.0,False,4
37,0,3,[3 1 4 2 5],2572.000000000011,0.5035056370068965,0.4964943629931034,0.891771971058568,MI,[4 1 3 2 5],47.09999999999991,10,4091.6000000000167,0.0,False,4
37,0,4,[3 1 4 2 5],2572.000000000011,0.5035056370068965,0.4964943629931034,0.2578552140004209,SI,[4 1 3 2 5],47.09999999999991,10,4091.6000000000167,0.0,False,4
38,0,0,[3 1 4 2 5],2572.000000000011,0.5035056370068965,0.4964943629931034,0.2288966344062615,SI,[4 1 3 2 5],47.09999999999991,10,4091.6000000000167,0.0,False,4
38,0,1,[3 1 4 2 5],2572.000000000011,0.5035056370068965,0.4964943629931034,0.10605141130381524,SI,[3 4 1 2 5],48.60000000000002,10,3351.000000000022,0.0,False,4
38,0,2,[3 1 4 2 5],2572.000000000011,0.5035056370068965,0.4964943629931034,0.13416815423618522,SI,[1 3 4 2 5],112.69999999999999,10,3566.5000000000255,0.0,False,4
38,0,3,[3 1 4 2 5],2572.000000000011,0.5035056370068965,0.4964943629931034,0.8033834087564106,MI,[4 1 3 2 5],47.09999999999991,10,4091.6000000000167,0.0,False,4
38,0,4,[3 1 4 2 5],2572.000000000011,0.5035056370068965,0.4964943629931034,0.2436257888392026,SI,[3 4 1 2 5],48.60000000000002,10,3351.000000000022,0.0,False,4
39,0,0,[3 1 4 2 5],2572.000000000011,0.5035056370068965,0.4964943629931034,0.5782976285440112,MI,[4 1 3 2 5],47.09999999999991,10,4091.6000000000167,0.0,False,4
39,0,1,[3 1 4 2 5],2572.000000000011,0.5035056370068965,0.4964943629931034,0.2557449544416819,SI,[4 1 3 2 5],47.09999999999991,10,4091.6000000000167,0.0,False,4
39,0,2,[3 1 4 2 5],2572.000000000011,0.5035056370068965,0.4964943629931034,0.2709124041335803,SI,[4 1 3 2 5],47.09999999999991,10,4091.6000000000167,0.0,False,4
39,0,3,[3 1 4 2 5],2572.000000000011,0.5035056370068965,0.4964943629931034,0.197879135901473,SI,[3 4 1 2 5],48.60000000000002,10,3351.000000000022,0.0,False,4
39,0,4,[3 1 4 2 5],2572.000000000011,0.5035056370068965,0.4964943629931034,0.7920129098938516,MI,[4 1 3 2 5],47.09999999999991,10,4091.6000000000167,0.0,False,4
40,0,0,[3 1 4 2 5],2572.000000000011,0.5035056370068965,0.4964943629931034,0.45760432126029615,SI,[4 1 3 2 5],47.09999999999991,10,4091.6000000000167,0.0,False,4
40,0,1,[3 1 4 2 5],2572.000000000011,0.5035056370068965,0.4964943629931034,0.60285670452547,MI,[4 1 3 2 5],47.09999999999991,10,4091.6000000000167,0.0,False,4
40,0,2,[3 1 4 2 5],2572.000000000011,0.5035056370068965,0.4964943629931034,0.4665218768845074,SI,[3 4 1 2 5],48.60000000000002,10,3351.000000000022,0.0,False,4
40,0,3,[3 1 4 2 5],2572.000000000011,0.5035056370068965,0.4964943629931034,0.6487712410576414,MI,[4 1 3 2 5],47.09999999999991,10,4091.6000000000167,0.0,False,4
40,0,4,[3 1 4 2 5],2572.000000000011,0.5035056370068965,0.4964943629931034,0.5478336413299193,MI,[4 1 3 2 5],47.09999999999991,10,4091.6000000000167,0.0,False,4
41,0,0,[3 1 4 2 5],2572.000000000011,0.5035056370068965,0.4964943629931034,0.4611061810105497,SI,[4 1 3 2 5],47.09999999999991,10,4091.6000000000167,0.0,False,4
41,0,1,[3 1 4 2 5],2572.000000000011,0.5035056370068965,0.4964943629931034,0.07722088334715405,SI,[4 1 3 2 5],47.09999999999991,10,4091.6000000000167,0.0,False,4
41,0,2,[3 1 4 2 5],2572.000000000011,0.5035056370068965,0.4964943629931034,0.7478646673120811,MI,[4 1 3 2 5],47.09999999999991,10,4091.6000000000167,0.0,False,4
41,0,3,[3 1 4 2 5],2572.000000000011,0.5035056370068965,0.4964943629931034,0.3091218429970577,SI,[3 4 1 2 5],48.60000000000002,10,3351.000000000022,0.0,False,4
41,0,4,[3 1 4 2 5],2572.000000000011,0.5035056370068965,0.4964943629931034,0.5489219703441022,MI,[4 1 3 2 5],47.09999999999991,10,4091.6000000000167,0.0,False,4
42,0,0,[3 1 4 2 5],2572.000000000011,0.5035056370068965,0.4964943629931034,0.6722795864854428,MI,[4 1 3 2 5],47.09999999999991,10,4091.6000000000167,0.0,False,4
42,0,1,[3 1 4 2 5],2572.000000000011,0.5035056370068965,0.4964943629931034,0.004931559580871436,SI,[1 3 4 2 5],112.69999999999999,10,3566.5000000000255,0.0,False,4
42,0,2,[3 1 4 2 5],2572.000000000011,0.5035056370068965,0.4964943629931034,0.38329669236700703,SI,[3 4 1 2 5],48.60000000000002,10,3351.000000000022,0.0,False,4
42,0,3,[3 1 4 2 5],2572.000000000011,0.5035056370068965,0.4964943629931034,0.17742896385529783,SI,[3 1 4 5 2],65.59999999999997,10,2767.400000000016,0.0,False,4
42,0,4,[3 1 4 2 5],2572.000000000011,0.5035056370068965,0.4964943629931034,0.13484940883285945,SI,[4 1 3 2 5],47.09999999999991,10,4091.6000000000167,0.0,False,4
43,0,0,[3 1 4 2 5],2572.000000000011,0.5035056370068965,0.4964943629931034,0.2483391809238068,SI,[4 1 3 2 5],47.09999999999991,10,4091.6000000000167,0.0,False,4
43,0,1,[3 1 4 2 5],2572.000000000011,0.5035056370068965,0.4964943629931034,0.27105869249561076,SI,[3 4 1 2 5],48.60000000000002,10,3351.000000000022,0.0,False,4
43,0,2,[3 1 4 2 5],2572.000000000011,0.5035056370068965,0.4964943629931034,0.6291363927860358,MI,[4 1 3 2 5],47.09999999999991,10,4091.6000000000167,0.0,False,4
43,0,3,[3 1 4 2 5],2572.000000000011,0.5035056370068965,0.4964943629931034,0.5205349373448793,MI,[4 1 3 2 5],47.09999999999991,10,4091.6000000000167,0.0,False,4
43,0,4,[3 1 4 2 5],2572.000000000011,0.5035056370068965,0.4964943629931034,0.783743851709918,MI,[4 1 3 2 5],47.09999999999991,10,4091.6000000000167,0.0,False,4
44,0,0,[3 1 4 2 5],2572.000000000011,0.5035056370068965,0.4964943629931034,0.2519527916590152,SI,[4 1 3 2 5],47.09999999999991,10,4091.6000000000167,0.0,False,4
44,0,1,[3 1 4 2 5],2572.000000000011,0.5035056370068965,0.4964943629931034,0.21904687780003274,SI,[1 3 4 2 5],112.69999999999999,10,3566.5000000000255,0.0,False,4
44,0,2,[3 1 4 2 5],2572.000000000011,0.5035056370068965,0.4964943629931034,0.04658369204302781,SI,[3 1 4 5 2],65.59999999999997,10,2767.400000000016,0.0,False,4
44,0,3,[3 1 4 2 5],2572.000000000011,0.5035056370068965,0.4964943629931034,0.8386177951255809,MI,[4 1 3 2 5],47.09999999999991,10,4091.6000000000167,0.0,False,4
44,0,4,[3 1 4 2 5],2572.000000000011,0.5035056370068965,0.4964943629931034,0.06560777208000024,SI,[4 1 3 2 5],47.09999999999991,10,4091.6000000000167,0.0,False,4
45,0,0,[3 1 4 2 5],2572.000000000011,0.5035056370068965,0.4964943629931034,0.9636614738378331,MI,[4 1 3 2 5],47.09999999999991,10,4091.6000000000167,0.0,False,4
45,0,1,[3 1 4 2 5],2572.000000000011,0.5035056370068965,0.4964943629931034,0.8587507542831523,MI,[4 1 3 2 5],47.09999999999991,10,4091.6000000000167,0.0,False,4
45,0,2,[3 1 4 2 5],2572.000000000011,0.5035056370068965,0.4964943629931034,0.39199825484372064,SI,[5 2 4 1 3],115.9,10,4486.500000000022,0.0,False,4
45,0,3,[3 1 4 2 5],2572.000000000011,0.5035056370068965,0.4964943629931034,0.07845640541243148,SI,[3 1 4 5 2],65.59999999999997,10,2767.400000000016,0.0,False,4
45,0,4,[3 1 4 2 5],2572.000000000011,0.5035056370068965,0.4964943629931034,0.06518456555086583,SI,[4 1 3 2 5],47.09999999999991,10,4091.6000000000167,0.0,False,4
46,0,0,[3 1 4 2 5],2572.000000000011,0.5035056370068965,0.4964943629931034,0.7355470942473848,MI,[4 1 3 2 5],47.09999999999991,10,4091.6000000000167,0.0,False,4
46,0,1,[3 1 4 2 5],2572.000000000011,0.5035056370068965,0.4964943629931034,0.048631380143750014,SI,[4 1 3 2 5],47.09999999999991,10,4091.6000000000167,0.0,False,4
46,0,2,[3 1 4 2 5],2572.000000000011,0.5035056370068965,0.4964943629931034,0.8685851224800696,MI,[5 2 4 1 3],115.9,10,4486.500000000022,0.0,False,4
46,0,3,[3 1 4 2 5],2572.000000000011,0.5035056370068965,0.4964943629931034,0.503634897649585,MI,[4 1 3 2 5],47.09999999999991,10,4091.6000000000167,0.0,False,4
46,0,4,[3 1 4 2 5],2572.000000000011,0.5035056370068965,0.4964943629931034,0.4744168618581909,SI,[3 1 4 5 2],65.59999999999997,10,2767.400000000016,0.0,False,4
47,0,0,[3 1 4 2 5],2572.000000000011,0.5035056370068965,0.4964943629931034,0.6238084475932321,MI,[4 1 3 2 5],47.09999999999991,10,4091.6000000000167,0.0,False,4
47,0,1,[3 1 4 2 5],2572.000000000011,0.5035056370068965,0.4964943629931034,0.22495899562291177,SI,[3 4 1 2 5],48.60000000000002,10,3351.000000000022,0.0,False,4
47,0,2,[3 1 4 2 5],2572.000000000011,0.5035056370068965,0.4964943629931034,0.34957850241122124,SI,[4 1 3 2 5],47.09999999999991,10,4091.6000000000167,0.0,False,4
47,0,3,[3 1 4 2 5],2572.000000000011,0.5035056370068965,0.4964943629931034,0.25477808644639344,SI,[3 1 4 5 2],65.59999999999997,10,2767.400000000016,0.0,False,4
47,0,4,[3 1 4 2 5],2572.000000000011,0.5035056370068965,0.4964943629931034,0.9986787514818936,MI,[4 1 3 2 5],47.09999999999991,10,4091.6000000000167,0.0,False,4
48,0,0,[3 1 4 2 5],2572.000000000011,0.5035056370068965,0.4964943629931034,0.40872484509631213,SI,[4 1 3 2 5],47.09999999999991,10,4091.6000000000167,0.0,False,4
48,0,1,[3 1 4 2 5],2572.000000000011,0.5035056370068965,0.4964943629931034,0.9920632726299998,MI,[4 1 3 2 5],47.09999999999991,10,4091.6000000000167,0.0,False,4
48,0,2,[3 1 4 2 5],2572.000000000011,0.5035056370068965,0.4964943629931034,0.6622798575460953,MI,[4 1 3 2 5],47.09999999999991,10,4091.6000000000167,0.0,False,4
48,0,3,[3 1 4 2 5],2572.000000000011,0.5035056370068965,0.4964943629931034,0.5672165332105105,MI,[4 1 3 2 5],47.09999999999991,10,4091.6000000000167,0.0,False,4
48,0,4,[3 1 4 2 5],2572.000000000011,0.5035056370068965,0.4964943629931034,0.6945303547835012,MI,[4 1 3 2 5],47.09999999999991,10,4091.6000000000167,0.0,False,4
49,0,0,[3 1 4 2 5],2572.000000000011,0.5035056370068965,0.4964943629931034,0.4682420025370304,SI,[3 4 1 2 5],48.60000000000002,10,3351.000000000022,0.0,False,4
49,0,1,[3 1 4 2 5],2572.000000000011,0.5035056370068965,0.4964943629931034,0.9226346001406288,MI,[4 1 3 2 5],47.09999999999991,10,4091.6000000000167,0.0,False,4
49,0,2,[3 1 4 2 5],2572.000000000011,0.5035056370068965,0.4964943629931034,0.46881407474732817,SI,[4 1 3 2 5],47.09999999999991,10,4091.6000000000167,0.0,False,4
49,0,3,[3 1 4 2 5],2572.000000000011,0.5035056370068965,0.4964943629931034,0.26310843926440286,SI,[4 1 3 2 5],47.09999999999991,10,4091.6000000000167,0.0,False,4
49,0,4,[3 1 4 2 5],2572.000000000011,0.5035056370068965,0.4964943629931034,0.41755465399820735,SI,[4 1 3 2 5],47.09999999999991,10,4091.6000000000167,0.0,False,4
50,0,0,[3 1 4 2 5],2572.000000000011,0.5035056370068965,0.4964943629931034,0.8508806875325753,MI,[4 1 3 2 5],47.09999999999991,10,4091.6000000000167,0.0,False,4
50,0,1,[3 1 4 2 5],2572.000000000011,0.5035056370068965,0.4964943629931034,0.20476706989799598,SI,[4 1 3 2 5],47.09999999999991,10,4091.6000000000167,0.0,False,4
50,0,2,[3 1 4 2 5],2572.000000000011,0.5035056370068965,0.4964943629931034,0.37413129583109117,SI,[4 1 3 2 5],47.09999999999991,10,4091.6000000000167,0.0,False,4
50,0,3,[3 1 4 2 5],2572.000000000011,0.5035056370068965,0.4964943629931034,0.4629557815292753,SI,[3 4 1 2 5],48.60000000000002,10,3351.000000000022,0.0,False,4
50,0,4,[3 1 4 2 5],2572.000000000011,0.5035056370068965,0.4964943629931034,0.6257068168740866,MI,[4 1 3 2 5],47.09999999999991,10,4091.6000000000167,0.0,False,4
0,17,0,[2 3 1 4 5],1394.0000000000218,0.5,0.5,0.5347147646764184,MI,[5 4 1 3 2],9.099999999999994,10,2743.099999999955,0.0,False,5
0,17,1,[2 3 1 4 5],1394.0000000000218,0.5,0.5,0.20562544799507398,SI,[2 3 1 5 4],13.300000000000011,10,1546.5000000000327,0.0,False,5
0,17,2,[2 3 1 4 5],1394.0000000000218,0.5,0.5,0.7678279738274678,MI,[5 4 1 3 2],9.099999999999994,10,2743.099999999955,0.0,False,5
0,17,3,[2 3 1 4 5],1394.0000000000218,0.5,0.5,0.2600819876944256,SI,[5 4 1 3 2],9.099999999999994,10,2743.099999999955,0.0,False,5
0,17,4,[2 3 1 4 5],1394.0000000000218,0.5,0.5,0.256585938106636,SI,[3 2 1 4 5],-0.4000000000000057,10,1414.8000000000065,0.0,False,5
1,0,0,[2 1 3 4 5],1342.799999999981,0.5,0.5,0.004343949568878069,SI,[2 3 1 4 5],27.599999999999994,10,1394.0000000000218,0.0,False,5
1,0,1,[2 1 3 4 5],1342.799999999981,0.5,0.5,0.030629115713526556,SI,[5 4 3 1 2],9.099999999999994,10,2656.499999999949,0.0,False,5
1,0,2,[2 1 3 4 5],1342.799999999981,0.5,0.5,0.35886254695957953,SI,[5 4 3 1 2],9.099999999999994,10,2656.499999999949,0.0,False,5
1,0,3,[2 1 3 4 5],1342.799999999981,0.5,0.5,0.1678638235546337,SI,[5 4 3 1 2],9.099999999999994,10,2656.499999999949,0.0,False,5
1,0,4,[2 1 3 4 5],1342.799999999981,0.5,0.5,0.20924990836929702,SI,[5 4 3 1 2],9.099999999999994,10,2656.499999999949,0.0,False,5
2,0,0,[2 1 3 4 5],1342.799999999981,0.5,0.5,0.24028838654791518,SI,[5 4 3 1 2],9.099999999999994,10,2656.499999999949,0.0,False,5
2,0,1,[2 1 3 4 5],1342.799999999981,0.5,0.5,0.004870966286913414,SI,[5 4 3 1 2],9.099999999999994,10,2656.499999999949,0.0,False,5
2,0,2,[2 1 3 4 5],1342.799999999981,0.5,0.5,0.33479244739986513,SI,[3 1 2 4 5],11.5,10,1423.5,0.0,False,5
2,0,3,[2 1 3 4 5],1342.799999999981,0.5,0.5,0.42639666144407085,SI,[5 4 3 1 2],9.099999999999994,10,2656.499999999949,0.0,False,5
2,0,4,[2 1 3 4 5],1342.799999999981,0.5,0.5,0.7620832766902168,MI,[5 4 3 1 2],9.099999999999994,10,2656.499999999949,0.0,False,5
3,0,0,[2 1 3 4 5],1342.799999999981,0.5,0.5,0.5452758430030694,MI,[5 4 3 1 2],9.099999999999994,10,2656.499999999949,0.0,False,5
3,0,1,[2 1 3 4 5],1342.799999999981,0.5,0.5,0.7368559443017924,MI,[5 4 3 1 2],9.099999999999994,10,2656.499999999949,0.0,False,5
3,0,2,[2 1 3 4 5],1342.799999999981,0.5,0.5,0.9289735232113143,MI,[5 4 3 1 2],9.099999999999994,10,2656.499999999949,0.0,False,5
3,0,3,[2 1 3 4 5],1342.799999999981,0.5,0.5,0.17549077127722668,SI,[5 4 3 1 2],9.099999999999994,10,2656.499999999949,0.0,False,5
3,0,4,[2 1 3 4 5],1342.799999999981,0.5,0.5,0.5584990563265967,MI,[3 1 2 4 5],11.5,10,1423.5,0.0,False,5
4,0,0,[2 1 3 4 5],1342.799999999981,0.5,0.5,0.3379978078749316,SI,[5 4 3 1 2],9.099999999999994,10,2656.499999999949,0.0,False,5
4,0,1,[2 1 3 4 5],1342.799999999981,0.5,0.5,0.7052254097659633,MI,[5 4 3 1 2],9.099999999999994,10,2656.499999999949,0.0,False,5
4,0,2,[2 1 3 4 5],1342.799999999981,0.5,0.5,0.952854410533075,MI,[5 4 3 1 2],9.099999999999994,10,2656.499999999949,0.0,False,5
4,0,3,[2 1 3 4 5],1342.799999999981,0.5,0.5,0.49744376799143386,SI,[3 1 2 4 5],11.5,10,1423.5,0.0,False,5
4,0,4,[2 1 3 4 5],1342.799999999981,0.5,0.5,0.20057359851623824,SI,[5 4 3 1 2],9.099999999999994,10,2656.499999999949,0.0,False,5
5,0,0,[2 1 3 4 5],1342.799999999981,0.5,0.5,0.10462480956029818,SI,[5 4 3 1 2],9.099999999999994,10,2656.499999999949,0.0,False,5
5,0,1,[2 1 3 4 5],1342.799999999981,0.5,0.5,0.5323822368353577,MI,[5 4 3 1 2],9.099999999999994,10,2656.499999999949,0.0,False,5
5,0,2,[2 1 3 4 5],1342.799999999981,0.5,0.5,0.41999256394632467,SI,[3 1 2 4 5],11.5,10,1423.5,0.0,False,5
5,0,3,[2 1 3 4 5],1342.799999999981,0.5,0.5,0.46769834047849956,SI,[5 4 3 1 2],9.099999999999994,10,2656.499999999949,0.0,False,5
5,0,4,[2 1 3 4 5],1342.799999999981,0.5,0.5,0.6979147837536087,MI,[5 4 3 1 2],9.099999999999994,10,2656.499999999949,0.0,False,5
6,0,0,[2 1 3 4 5],1342.799999999981,0.5,0.5,0.3438002088875862,SI,[5 4 3 1 2],9.099999999999994,10,2656.499999999949,0.0,False,5
6,0,1,[2 1 3 4 5],1342.799999999981,0.5,0.5,0.016624631211508367,SI,[5 4 3 1 2],9.099999999999994,10,2656.499999999949,0.0,False,5
6,0,2,[2 1 3 4 5],1342.799999999981,0.5,0.5,0.3936401958711173,SI,[5 4 3 1 2],9.099999999999994,10,2656.499999999949,0.0,False,5
6,0,3,[2 1 3 4 5],1342.799999999981,0.5,0.5,0.5877436490215546,MI,[5 4 3 1 2],9.099999999999994,10,2656.499999999949,0.0,False,5
6,0,4,[2 1 3 4 5],1342.799999999981,0.5,0.5,0.6403930789186388,MI,[5 4 3 1 2],9.099999999999994,10,2656.499999999949,0.0,False,5
7,0,0,[2 1 3 4 5],1342.799999999981,0.5,0.5,0.03851290071574476,SI,[5 4 3 1 2],9.099999999999994,10,2656.499999999949,0.0,False,5
7,0,1,[2 1 3 4 5],1342.799999999981,0.5,0.5,0.16309303283477017,SI,[3 1 2 4 5],11.5,10,1423.5,0.0,False,5
7,0,2,[2 1 3 4 5],1342.799999999981,0.5,0.5,0.7209149958856996,MI,[3 1 2 4 5],11.5,10,1423.5,0.0,False,5
7,0,3,[2 1 3 4 5],1342.799999999981,0.5,0.5,0.5728689244213873,MI,[5 4 3 1 2],9.099999999999994,10,2656.499999999949,0.0,False,5
7,0,4,[2 1 3 4 5],1342.799999999981,0.5,0.5,0.7476222929420525,MI,[5 4 3 1 2],9.099999999999994,10,2656.499999999949,0.0,False,5
8,0,0,[2 1 3 4 5],1342.799999999981,0.5,0.5,0.5568103343755467,MI,[3 1 2 4 5],11.5,10,1423.5,0.0,False,5
8,0,1,[2 1 3 4 5],1342.799999999981,0.5,0.5,0.7641099719467599,MI,[3 1 2 4 5],11.5,10,1423.5,0.0,False,5
8,0,2,[2 1 3 4 5],1342.799999999981,0.5,0.5,0.9314120433717752,MI,[5 4 3 1 2],9.099999999999994,10,2656.499999999949,0.0,False,5
8,0,3,[2 1 3 4 5],1342.799999999981,0.5,0.5,0.7835074059371498,MI,[5 4 3 1 2],9.099999999999994,10,2656.499999999949,0.0,False,5
8,0,4,[2 1 3 4 5],1342.799999999981,0.5,0.5,0.15586547857218758,SI,[5 4 3 1 2],9.099999999999994,10,2656.499999999949,0.0,False,5
9,0,0,[2 1 3 4 5],1342.799999999981,0.5,0.5,0.02602647351372611,SI,[3 1 2 4 5],11.5,10,1423.5,0.0,False,5
9,0,1,[2 1 3 4 5],1342.799999999981,0.5,0.5,0.7846998891486993,MI,[5 4 3 1 2],9.099999999999994,10,2656.499999999949,0.0,False,5
9,0,2,[2 1 3 4 5],1342.799999999981,0.5,0.5,0.9866259208883829,MI,[3 1 2 4 5],11.5,10,1423.5,0.0,False,5
9,0,3,[2 1 3 4 5],1342.799999999981,0.5,0.5,0.6493941528910133,MI,[3 1 2 4 5],11.5,10,1423.5,0.0,False,5
9,0,4,[2 1 3 4 5],1342.799999999981,0.5,0.5,0.701327875218043,MI,[3 1 2 4 5],11.5,10,1423.5,0.0,False,5
10,0,0,[2 1 3 4 5],1342.799999999981,0.5,0.5,0.43711074064467126,SI,[5 4 3 1 2],9.099999999999994,10,2656.499999999949,0.0,False,5
10,0,1,[2 1 3 4 5],1342.799999999981,0.5,0.5,0.004738234177366185,SI,[5 4 3 1 2],9.099999999999994,10,2656.499999999949,0.0,False,5
10,0,2,[2 1 3 4 5],1342.799999999981,0.5,0.5,0.2995214474504667,SI,[5 4 3 1 2],9.099999999999994,10,2656.499999999949,0.0,False,5
10,0,3,[2 1 3 4 5],1342.799999999981,0.5,0.5,0.1610414303316312,SI,[5 4 3 1 2],9.099999999999994,10,2656.499999999949,0.0,False,5
10,0,4,[2 1 3 4 5],1342.799999999981,0.5,0.5,0.798732445081204,MI,[3 1 2 4 5],11.5,10,1423.5,0.0,False,5
11,0,0,[2 1 3 4 5],1342.799999999981,0.5,0.5,0.07510809952553477,SI,[2 3 1 4 5],27.599999999999994,10,1394.0000000000218,0.0,False,5
11,0,1,[2 1 3 4 5],1342.799999999981,0.5,0.5,0.9450210828927302,MI,[3 1 2 4 5],11.5,10,1423.5,0.0,False,5
11,0,2,[2 1 3 4 5],1342.799999999981,0.5,0.5,0.908204863404534,MI,[3 1 2 4 5],11.5,10,1423.5,0.0,False,5
11,0,3,[2 1 3 4 5],1342.799999999981,0.5,0.5,0.34985253185243814,SI,[5 4 3 1 2],9.099999999999994,10,2656.499999999949,0.0,False,5
11,0,4,[2 1 3 4 5],1342.799999999981,0.5,0.5,0.32038476338735256,SI,[5 4 3 1 2],9.099999999999994,10,2656.499999999949,0.0,False,5
12,0,0,[2 1 3 4 5],1342.799999999981,0.5,0.5,0.46183753097720714,SI,[5 4 3 1 2],9.099999999999994,10,2656.499999999949,0.0,False,5
12,0,1,[2 1 3 4 5],1342.799999999981,0.5,0.5,0.7011488251454138,MI,[5 4 3 1 2],9.099999999999994,10,2656.499999999949,0.0,False,5
12,0,2,[2 1 3 4 5],1342.799999999981,0.5,0.5,0.33352191837791245,SI,[5 4 3 1 2],9.099999999999994,10,2656.499999999949,0.0,False,5
12,0,3,[2 1 3 4 5],1342.799999999981,0.5,0.5,0.13858290874625834,SI,[5 4 3 1 2],9.099999999999994,10,2656.499999999949,0.0,False,5
12,0,4,[2 1 3 4 5],1342.799999999981,0.5,0.5,0.6807672436920279,MI,[5 4 3 1 2],9.099999999999994,10,2656.499999999949,0.0,False,5
13,0,0,[2 1 3 4 5],1342.799999999981,0.5,0.5,0.2509334158920673,SI,[5 4 3 1 2],9.099999999999994,10,2656.499999999949,0.0,False,5
13,0,1,[2 1 3 4 5],1342.799999999981,0.5,0.5,0.5753029647544091,MI,[5 4 3 1 2],9.099999999999994,10,2656.499999999949,0.0,False,5
13,0,2,[2 1 3 4 5],1342.799999999981,0.5,0.5,0.6726111847183476,MI,[5 4 3 1 2],9.099999999999994,10,2656.499999999949,0.0,False,5
13,0,3,[2 1 3 4 5],1342.799999999981,0.5,0.5,0.9552471355821869,MI,[3 1 2 4 5],11.5,10,1423.5,0.0,False,5
13,0,4,[2 1 3 4 5],1342.799999999981,0.5,0.5,0.04197962321565063,SI,[5 4 3 1 2],9.099999999999994,10,2656.499999999949,0.0,False,5
14,0,0,[2 1 3 4 5],1342.799999999981,0.5,0.5,0.2835657824937944,SI,[5 4 3 1 2],9.099999999999994,10,2656.499999999949,0.0,False,5
14,0,1,[2 1 3 4 5],1342.799999999981,0.5,0.5,0.3744564827964362,SI,[5 4 3 1 2],9.099999999999994,10,2656.499999999949,0.0,False,5
14,0,2,[2 1 3 4 5],1342.799999999981,0.5,0.5,0.23632169107862566,SI,[5 4 3 1 2],9.099999999999994,10,2656.499999999949,0.0,False,5
14,0,3,[2 1 3 4 5],1342.799999999981,0.5,0.5,0.5500184733980027,MI,[5 4 3 1 2],9.099999999999994,10,2656.499999999949,0.0,False,5
14,0,4,[2 1 3 4 5],1342.799999999981,0.5,0.5,0.7460185596896867,MI,[2 1 5 4 3],96.29999999999998,10,2015.8999999999796,0.0,False,5
15,0,0,[2 1 3 4 5],1342.799999999981,0.5,0.5,0.843025981508942,MI,[5 4 3 1 2],9.099999999999994,10,2656.499999999949,0.0,False,5
15,0,1,[2 1 3 4 5],1342.799999999981,0.5,0.5,0.2371771195956326,SI,[3 1 2 4 5],11.5,10,1423.5,0.0,False,5
15,0,2,[2 1 3 4 5],1342.799999999981,0.5,0.5,0.08091279181655386,SI,[5 4 3 1 2],9.099999999999994,10,2656.499999999949,0.0,False,5
15,0,3,[2 1 3 4 5],1342.799999999981,0.5,0.5,0.06836404747435332,SI,[5 4 3 1 2],9.099999999999994,10,2656.499999999949,0.0,False,5
15,0,4,[2 1 3 4 5],1342.799999999981,0.5,0.5,0.19052192046404393,SI,[2 1 3 5 4],13.300000000000011,10,1465.299999999992,0.0,False,5
16,0,0,[2 1 3 4 5],1342.799999999981,0.5,0.5,0.6580018471256529,MI,[5 4 3 1 2],9.099999999999994,10,2656.499999999949,0.0,False,5
16,0,1,[2 1 3 4 5],1342.799999999981,0.5,0.5,0.7712062887813184,MI,[3 1 2 4 5],11.5,10,1423.5,0.0,False,5
16,0,2,[2 1 3 4 5],1342.799999999981,0.5,0.5,0.6959710461317712,MI,[5 4 3 1 2],9.099999999999994,10,2656.499999999949,0.0,False,5
16,0,3,[2 1 3 4 5],1342.799999999981,0.5,0.5,0.5746384205374273,MI,[5 4 3 1 2],9.099999999999994,10,2656.499999999949,0.0,False,5
16,0,4,[2 1 3 4 5],1342.799999999981,0.5,0.5,0.43755335446841614,SI,[3 1 2 4 5],11.5,10,1423.5,0.0,False,5
17,0,0,[2 1 3 4 5],1342.799999999981,0.5,0.5,0.49934064143667056,SI,[5 4 3 1 2],9.099999999999994,10,2656.499999999949,0.0,False,5
17,0,1,[2 1 3 4 5],1342.799999999981,0.5,0.5,0.4031084901340273,SI,[2 1 3 5 4],13.300000000000011,10,1465.299999999992,0.0,False,5
17,0,2,[2 1 3 4 5],1342.799999999981,0.5,0.5,0.08769278201730113,SI,[5 4 3 1 2],9.099999999999994,10,2656.499999999949,0.0,False,5
17,0,3,[2 1 3 4 5],1342.799999999981,0.5,0.5,0.34225633695048474,SI,[3 1 2 4 5],11.5,10,1423.5,0.0,False,5
17,0,4,[2 1 3 4 5],1342.799999999981,0.5,0.5,0.37489277109742114,SI,[5 4 3 1 2],9.099999999999994,10,2656.499999999949,0.0,False,5
18,0,0,[2 1 3 4 5],1342.799999999981,0.5,0.5,0.7455758166459631,MI,[5 4 3 1 2],9.099999999999994,10,2656.499999999949,0.0,False,5
18,0,1,[2 1 3 4 5],1342.799999999981,0.5,0.5,0.24269878225574915,SI,[2 3 1 4 5],27.599999999999994,10,1394.0000000000218,0.0,False,5
18,0,2,[2 1 3 4 5],1342.799999999981,0.5,0.5,0.18882875872546778,SI,[5 4 3 1 2],9.099999999999994,10,2656.499999999949,0.0,False,5
18,0,3,[2 1 3 4 5],1342.799999999981,0.5,0.5,0.07976826793350045,SI,[5 4 3 1 2],9.099999999999994,10,2656.499999999949,0.0,False,5
18,0,4,[2 1 3 4 5],1342.799999999981,0.5,0.5,0.6039681664388689,MI,[5 4 3 1 2],9.099999999999994,10,2656.499999999949,0.0,False,5
19,0,0,[2 1 3 4 5],1342.799999999981,0.5,0.5,0.993035868944917,MI,[5 4 3 1 2],9.099999999999994,10,2656.499999999949,0.0,False,5
19,0,1,[2 1 3 4 5],1342.799999999981,0.5,0.5,0.04967077809220466,SI,[2 1 3 5 4],13.300000000000011,10,1465.299999999992,0.0,False,5
19,0,2,[2 1 3 4 5],1342.799999999981,0.5,0.5,0.13555803742772654,SI,[5 4 3 1 2],9.099999999999994,10,2656.499999999949,0.0,False,5
19,0,3,[2 1 3 4 5],1342.799999999981,0.5,0.5,0.049124354742300924,SI,[3 1 2 4 5],11.5,10,1423.5,0.0,False,5
19,0,4,[2 1 3 4 5],1342.799999999981,0.5,0.5,0.020004643134843958,SI,[5 4 3 1 2],9.099999999999994,10,2656.499999999949,0.0,False,5
20,0,0,[2 1 3 4 5],1342.799999999981,0.5,0.5,0.7424767235212923,MI,[5 4 3 1 2],9.099999999999994,10,2656.499999999949,0.0,False,5
20,0,1,[2 1 3 4 5],1342.799999999981,0.5,0.5,0.9230992654181176,MI,[5 4 3 1 2],9.099999999999994,10,2656.499999999949,0.0,False,5
20,0,2,[2 1 3 4 5],1342.799999999981,0.5,0.5,0.22413493011812224,SI,[5 4 3 1 2],9.099999999999994,10,2656.499999999949,0.0,False,5
20,0,3,[2 1 3 4 5],1342.799999999981,0.5,0.5,0.8658896201085633,MI,[5 4 3 1 2],9.099999999999994,10,2656.499999999949,0.0,False,5
20,0,4,[2 1 3 4 5],1342.799999999981,0.5,0.5,0.3158105367852102,SI,[5 4 3 1 2],9.099999999999994,10,2656.499999999949,0.0,False,5
21,0,0,[2 1 3 4 5],1342.799999999981,0.5,0.5,0.6778314247807806,MI,[5 4 3 1 2],9.099999999999994,10,2656.499999999949,0.0,False,5
21,0,1,[2 1 3 4 5],1342.799999999981,0.5,0.5,0.4424595673718187,SI,[5 4 3 1 2],9.099999999999994,10,2656.499999999949,0.0,False,5
21,0,2,[2 1 3 4 5],1342.799999999981,0.5,0.5,0.6130459409919994,MI,[5 4 3 1 2],9.099999999999994,10,2656.499999999949,0.0,False,5
21,0,3,[2 1 3 4 5],1342.799999999981,0.5,0.5,0.958673312332908,MI,[5 4 3 1 2],9.099999999999994,10,2656.499999999949,0.0,False,5
21,0,4,[2 1 3 4 5],1342.799999999981,0.5,0.5,0.6643757487810753,MI,[5 4 3 1 2],9.099999999999994,10,2656.499999999949,0.0,False,5
22,0,0,[2 1 3 4 5],1342.799999999981,0.5,0.5,0.5235581635485832,MI,[5 4 3 1 2],9.099999999999994,10,2656.499999999949,0.0,False,5
22,0,1,[2 1 3 4 5],1342.799999999981,0.5,0.5,0.6477961978671142,MI,[5 4 3 1 2],9.099999999999994,10,2656.499999999949,0.0,False,5
22,0,2,[2 1 3 4 5],1342.799999999981,0.5,0.5,0.46570495772350307,SI,[3 1 2 4 5],11.5,10,1423.5,0.0,False,5
22,0,3,[2 1 3 4 5],1342.799999999981,0.5,0.5,0.16603761682676077,SI,[5 4 3 1 2],9.099999999999994,10,2656.499999999949,0.0,False,5
22,0,4,[2 1 3 4 5],1342.799999999981,0.5,0.5,0.9323280070089259,MI,[5 4 3 1 2],9.099999999999994,10,2656.499999999949,0.0,False,5
23,0,0,[2 1 3 4 5],1342.799999999981,0.5,0.5,0.5690810850550214,MI,[5 4 3 1 2],9.099999999999994,10,2656.499999999949,0.0,False,5
23,0,1,[2 1 3 4 5],1342.799999999981,0.5,0.5,0.8118149646663644,MI,[5 4 3 1 2],9.099999999999994,10,2656.499999999949,0.0,False,5
23,0,2,[2 1 3 4 5],1342.799999999981,0.5,0.5,0.5654749506668286,MI,[5 4 3 1 2],9.099999999999994,10,2656.499999999949,0.0,False,5
23,0,3,[2 1 3 4 5],1342.799999999981,0.5,0.5,0.8897374513985529,MI,[5 4 3 1 2],9.099999999999994,10,2656.499999999949,0.0,False,5
23,0,4,[2 1 3 4 5],1342.799999999981,0.5,0.5,0.993594408132906,MI,[5 4 3 1 2],9.099999999999994,10,2656.499999999949,0.0,False,5
24,0,0,[2 1 3 4 5],1342.799999999981,0.5,0.5,0.9512860760100584,MI,[5 4 3 1 2],9.099999999999994,10,2656.499999999949,0.0,False,5
24,0,1,[2 1 3 4 5],1342.799999999981,0.5,0.5,0.058036709342099035,SI,[5 4 3 1 2],9.099999999999994,10,2656.499999999949,0.0,False,5
24,0,2,[2 1 3 4 5],1342.799999999981,0.5,0.5,0.7441489015723639,MI,[5 4 3 1 2],9.099999999999994,10,2656.499999999949,0.0,False,5
24,0,3,[2 1 3 4 5],1342.799999999981,0.5,0.5,0.6396623414296053,MI,[5 4 3 1 2],9.099999999999994,10,2656.499999999949,0.0,False,5
24,0,4,[2 1 3 4 5],1342.799999999981,0.5,0.5,0.3030942404993805,SI,[5 4 3 1 2],9.099999999999994,10,2656.499999999949,0.0,False,5
25,0,0,[2 1 3 4 5],1342.799999999981,0.5,0.5,0.4121707371882829,SI,[1 2 3 4 5],32.0,10,1371.8999999999287,0.0,False,5
25,0,1,[2 1 3 4 5],1342.799999999981,0.5,0.5,0.25614933891277236,SI,[5 4 3 1 2],9.099999999999994,10,2656.499999999949,0.0,False,5
25,0,2,[2 1 3 4 5],1342.799999999981,0.5,0.5,0.44825922970132914,SI,[5 4 3 1 2],9.099999999999994,10,2656.499999999949,0.0,False,5
25,0,3,[2 1 3 4 5],1342.799999999981,0.5,0.5,0.7952332792707479,MI,[5 4 3 1 2],9.099999999999994,10,2656.499999999949,0.0,False,5
25,0,4,[2 1 3 4 5],1342.799999999981,0.5,0.5,0.6689016094028736,MI,[5 4 3 1 2],9.099999999999994,10,2656.499999999949,0.0,False,5
26,0,0,[2 1 3 4 5],1342.799999999981,0.5,0.5,0.6283838610181202,MI,[3 1 2 4 5],11.5,10,1423.5,0.0,False,5
26,0,1,[2 1 3 4 5],1342.799999999981,0.5,0.5,0.5486825766738616,MI,[5 4 3 1 2],9.099999999999994,10,2656.499999999949,0.0,False,5
26,0,2,[2 1 3 4 5],1342.799999999981,0.5,0.5,0.4845834286562697,SI,[3 1 2 4 5],11.5,10,1423.5,0.0,False,5
26,0,3,[2 1 3 4 5],1342.799999999981,0.5,0.5,0.5324434281747042,MI,[5 4 3 1 2],9.099999999999994,10,2656.499999999949,0.0,False,5
26,0,4,[2 1 3 4 5],1342.799999999981,0.5,0.5,0.13099787024361575,SI,[3 1 2 4 5],11.5,10,1423.5,0.0,False,5
27,0,0,[2 1 3 4 5],1342.799999999981,0.5,0.5,0.7496012601414405,MI,[5 4 3 1 2],9.099999999999994,10,2656.499999999949,0.0,False,5
27,0,1,[2 1 3 4 5],1342.799999999981,0.5,0.5,0.6747635096691142,MI,[5 4 3 1 2],9.099999999999994,10,2656.499999999949,0.0,False,5
27,0,2,[2 1 3 4 5],1342.799999999981,0.5,0.5,0.7959696183760476,MI,[5 4 3 1 2],9.099999999999994,10,2656.499999999949,0.0,False,5
27,0,3,[2 1 3 4 5],1342.799999999981,0.5,0.5,0.23136812983754484,SI,[5 4 3 1 2],9.099999999999994,10,2656.499999999949,0.0,False,5
27,0,4,[2 1 3 4 5],1342.799999999981,0.5,0.5,0.6337783533045634,MI,[5 4 3 1 2],9.099999999999994,10,2656.499999999949,0.0,False,5
28,0,0,[2 1 3 4 5],1342.799999999981,0.5,0.5,0.5451167096164377,MI,[3 1 2 4 5],11.5,10,1423.5,0.0,False,5
28,0,1,[2 1 3 4 5],1342.799999999981,0.5,0.5,0.47454274082683146,SI,[2 3 1 4 5],27.599999999999994,10,1394.0000000000218,0.0,False,5
28,0,2,[2 1 3 4 5],1342.799999999981,0.5,0.5,0.825199120374387,MI,[3 1 2 4 5],11.5,10,1423.5,0.0,False,5
28,0,3,[2 1 3 4 5],1342.799999999981,0.5,0.5,0.7796993881806029,MI,[5 4 3 1 2],9.099999999999994,10,2656.499999999949,0.0,False,5
28,0,4,[2 1 3 4 5],1342.799999999981,0.5,0.5,0.796580118172876,MI,[5 4 3 1 2],9.099999999999994,10,2656.499999999949,0.0,False,5
29,0,0,[2 1 3 4 5],1342.799999999981,0.5,0.5,0.9512055685561676,MI,[5 4 3 1 2],9.099999999999994,10,2656.499999999949,0.0,False,5
29,0,1,[2 1 3 4 5],1342.799999999981,0.5,0.5,0.614907838458966,MI,[3 1 2 4 5],11.5,10,1423.5,0.0,False,5
29,0,2,[2 1 3 4 5],1342.799999999981,0.5,0.5,0.8054899951965784,MI,[5 4 3 1 2],9.099999999999994,10,2656.499999999949,0.0,False,5
29,0,3,[2 1 3 4 5],1342.799999999981,0.5,0.5,0.03530918728003862,SI,[3 1 2 4 5],11.5,10,1423.5,0.0,False,5
29,0,4,[2 1 3 4 5],1342.799999999981,0.5,0.5,0.7746444967228828,MI,[5 4 3 1 2],9.099999999999994,10,2656.499999999949,0.0,False,5
30,0,0,[2 1 3 4 5],1342.799999999981,0.5,0.5,0.429127839957711,SI,[5 4 3 1 2],9.099999999999994,10,2656.499999999949,0.0,False,5
30,0,1,[2 1 3 4 5],1342.799999999981,0.5,0.5,0.249677192416617,SI,[5 4 3 1 2],9.099999999999994,10,2656.499999999949,0.0,False,5
30,0,2,[2 1 3 4 5],1342.799999999981,0.5,0.5,0.6438086299377029,MI,[5 4 3 1 2],9.099999999999994,10,2656.499999999949,0.0,False,5
30,0,3,[2 1 3 4 5],1342.799999999981,0.5,0.5,0.6910999735814737,MI,[3 1 2 4 5],11.5,10,1423.5,0.0,False,5
30,0,4,[2 1 3 4 5],1342.799999999981,0.5,0.5,0.3268367707438835,SI,[5 4 3 1 2],9.099999999999994,10,2656.499999999949,0.0,False,5
31,0,0,[2 1 3 4 5],1342.799999999981,0.5,0.5,0.5348308064919229,MI,[3 1 2 4 5],11.5,10,1423.5,0.0,False,5
31,0,1,[2 1 3 4 5],1342.799999999981,0.5,0.5,0.17389115541594236,SI,[5 4 3 1 2],9.099999999999994,10,2656.499999999949,0.0,False,5
31,0,2,[2 1 3 4 5],1342.799999999981,0.5,0.5,0.6959554562715817,MI,[5 4 3 1 2],9.099999999999994,10,2656.499999999949,0.0,False,5
31,0,3,[2 1 3 4 5],1342.799999999981,0.5,0.5,0.4827113445564397,SI,[5 4 3 1 2],9.099999999999994,10,2656.499999999949,0.0,False,5
31,0,4,[2 1 3 4 5],1342.799999999981,0.5,0.5,0.3118179098986481,SI,[5 4 3 1 2],9.099999999999994,10,2656.499999999949,0.0,False,5
32,0,0,[2 1 3 4 5],1342.799999999981,0.5,0.5,0.7267267057492939,MI,[5 4 3 1 2],9.099999999999994,10,2656.499999999949,0.0,False,5
32,0,1,[2 1 3 4 5],1342.799999999981,0.5,0.5,0.056110564108754146,SI,[5 4 3 1 2],9.099999999999994,10,2656.499999999949,0.0,False,5
32,0,2,[2 1 3 4 5],1342.799999999981,0.5,0.5,0.435869133226509,SI,[5 4 3 1 2],9.099999999999994,10,2656.499999999949,0.0,False,5
32,0,3,[2 1 3 4 5],1342.799999999981,0.5,0.5,0.4969948163181581,SI,[3 1 2 4 5],11.5,10,1423.5,0.0,False,5
32,0,4,[2 1 3 4 5],1342.799999999981,0.5,0.5,0.20869326863881665,SI,[5 4 3 1 2],9.099999999999994,10,2656.499999999949,0.0,False,5
33,0,0,[2 1 3 4 5],1342.799999999981,0.5,0.5,0.06398299479334468,SI,[5 4 3 1 2],9.099999999999994,10,2656.499999999949,0.0,False,5
33,0,1,[2 1 3 4 5],1342.799999999981,0.5,0.5,0.5940503711670475,MI,[3 1 2 4 5],11.5,10,1423.5,0.0,False,5
33,0,2,[2 1 3 4 5],1342.799999999981,0.5,0.5,0.5946513593461829,MI,[5 4 3 1 2],9.099999999999994,10,2656.499999999949,0.0,False,5
33,0,3,[2 1 3 4 5],1342.799999999981,0.5,0.5,0.37082872545867707,SI,[5 4 3 1 2],9.099999999999994,10,2656.499999999949,0.0,False,5
33,0,4,[2 1 3 4 5],1342.799999999981,0.5,0.5,0.7622256600728721,MI,[5 4 3 1 2],9.099999999999994,10,2656.499999999949,0.0,False,5
34,0,0,[2 1 3 4 5],1342.799999999981,0.5,0.5,0.7400447412505691,MI,[5 4 3 1 2],9.099999999999994,10,2656.499999999949,0.0,False,5
34,0,1,[2 1 3 4 5],1342.799999999981,0.5,0.5,0.48547561883845625,SI,[2 1 5 4 3],96.29999999999998,10,2015.8999999999796,0.0,False,5
34,0,2,[2 1 3 4 5],1342.799999999981,0.5,0.5,0.39312716550334526,SI,[2 3 1 4 5],27.599999999999994,10,1394.0000000000218,0.0,False,5
34,0,3,[2 1 3 4 5],1342.799999999981,0.5,0.5,0.8448559390002155,MI,[5 4 3 1 2],9.099999999999994,10,2656.499999999949,0.0,False,5
34,0,4,[2 1 3 4 5],1342.799999999981,0.5,0.5,0.35443505482421744,SI,[2 1 3 5 4],13.300000000000011,10,1465.299999999992,0.0,False,5
35,0,0,[2 1 3 4 5],1342.799999999981,0.5,0.5,0.6818756729755053,MI,[5 4 3 1 2],9.099999999999994,10,2656.499999999949,0.0,False,5
35,0,1,[2 1 3 4 5],1342.799999999981,0.5,0.5,0.41418968932480116,SI,[3 1 2 4 5],11.5,10,1423.5,0.0,False,5
35,0,2,[2 1 3 4 5],1342.799999999981,0.5,0.5,0.08684707356694121,SI,[3 1 2 4 5],11.5,10,1423.5,0.0,False,5
35,0,3,[2 1 3 4 5],1342.799999999981,0.5,0.5,0.799262384511086,MI,[5 4 3 1 2],9.099999999999994,10,2656.499999999949,0.0,False,5
35,0,4,[2 1 3 4 5],1342.799999999981,0.5,0.5,0.9365177296558311,MI,[5 4 3 1 2],9.099999999999994,10,2656.499999999949,0.0,False,5
36,0,0,[2 1 3 4 5],1342.799999999981,0.5,0.5,0.22118974281323045,SI,[5 4 3 1 2],9.099999999999994,10,2656.499999999949,0.0,False,5
36,0,1,[2 1 3 4 5],1342.799999999981,0.5,0.5,0.3925429614841456,SI,[2 1 3 5 4],13.300000000000011,10,1465.299999999992,0.0,False,5
36,0,2,[2 1 3 4 5],1342.799999999981,0.5,0.5,0.48684345322217515,SI,[3 1 2 4 5],11.5,10,1423.5,0.0,False,5
36,0,3,[2 1 3 4 5],1342.799999999981,0.5,0.5,0.5414821852518292,MI,[5 4 3 1 2],9.099999999999994,10,2656.499999999949,0.0,False,5
36,0,4,[2 1 3 4 5],1342.799999999981,0.5,0.5,0.9906889561605164,MI,[2 1 5 4 3],96.29999999999998,10,2015.8999999999796,0.0,False,5
37,0,0,[2 1 3 4 5],1342.799999999981,0.5,0.5,0.429304677614488,SI,[3 1 2 4 5],11.5,10,1423.5,0.0,False,5
37,0,1,[2 1 3 4 5],1342.799999999981,0.5,0.5,0.8106502195546644,MI,[3 1 2 4 5],11.5,10,1423.5,0.0,False,5
37,0,2,[2 1 3 4 5],1342.799999999981,0.5,0.5,0.03278706563125422,SI,[3 1 2 4 5],11.5,10,1423.5,0.0,False,5
37,0,3,[2 1 3 4 5],1342.799999999981,0.5,0.5,0.8005156967601488,MI,[5 4 3 1 2],9.099999999999994,10,2656.499999999949,0.0,False,5
37,0,4,[2 1 3 4 5],1342.799999999981,0.5,0.5,0.2178061603159418,SI,[5 4 3 1 2],9.099999999999994,10,2656.499999999949,0.0,False,5
38,0,0,[2 1 3 4 5],1342.799999999981,0.5,0.5,0.5961715503822728,MI,[5 4 3 1 2],9.099999999999994,10,2656.499999999949,0.0,False,5
38,0,1,[2 1 3 4 5],1342.799999999981,0.5,0.5,0.2630816938199718,SI,[5 4 3 1 2],9.099999999999994,10,2656.499999999949,0.0,False,5
38,0,2,[2 1 3 4 5],1342.799999999981,0.5,0.5,0.6505352955392254,MI,[5 4 3 1 2],9.099999999999994,10,2656.499999999949,0.0,False,5
38,0,3,[2 1 3 4 5],1342.799999999981,0.5,0.5,0.8664327628912573,MI,[5 4 3 1 2],9.099999999999994,10,2656.499999999949,0.0,False,5
38,0,4,[2 1 3 4 5],1342.799999999981,0.5,0.5,0.15240496224705746,SI,[5 4 3 1 2],9.099999999999994,10,2656.499999999949,0.0,False,5
39,0,0,[2 1 3 4 5],1342.799999999981,0.5,0.5,0.6996561040777876,MI,[5 4 3 1 2],9.099999999999994,10,2656.499999999949,0.0,False,5
39,0,1,[2 1 3 4 5],1342.799999999981,0.5,0.5,0.8382669327729675,MI,[5 4 3 1 2],9.099999999999994,10,2656.499999999949,0.0,False,5
39,0,2,[2 1 3 4 5],1342.799999999981,0.5,0.5,0.5307646480774866,MI,[5 4 3 1 2],9.099999999999994,10,2656.499999999949,0.0,False,5
39,0,3,[2 1 3 4 5],1342.799999999981,0.5,0.5,0.4971884573825708,SI,[1 2 3 4 5],32.0,10,1371.8999999999287,0.0,False,5
39,0,4,[2 1 3 4 5],1342.799999999981,0.5,0.5,0.23343851335355414,SI,[5 4 3 1 2],9.099999999999994,10,2656.499999999949,0.0,False,5
40,0,0,[2 1 3 4 5],1342.799999999981,0.5,0.5,0.4308067198789437,SI,[5 4 3 1 2],9.099999999999994,10,2656.499999999949,0.0,False,5
40,0,1,[2 1 3 4 5],1342.799999999981,0.5,0.5,0.7532024343438237,MI,[5 4 3 1 2],9.099999999999994,10,2656.499999999949,0.0,False,5
40,0,2,[2 1 3 4 5],1342.799999999981,0.5,0.5,0.3035419935950521,SI,[5 4 3 1 2],9.099999999999994,10,2656.499999999949,0.0,False,5
40,0,3,[2 1 3 4 5],1342.799999999981,0.5,0.5,0.47149774661864086,SI,[5 4 3 1 2],9.099999999999994,10,2656.499999999949,0.0,False,5
40,0,4,[2 1 3 4 5],1342.799999999981,0.5,0.5,0.6804677834116836,MI,[5 4 3 1 2],9.099999999999994,10,2656.499999999949,0.0,False,5
41,0,0,[2 1 3 4 5],1342.799999999981,0.5,0.5,0.8124722849757697,MI,[3 1 2 4 5],11.5,10,1423.5,0.0,False,5
41,0,1,[2 1 3 4 5],1342.799999999981,0.5,0.5,0.4590023704043521,SI,[2 1 3 5 4],13.300000000000011,10,1465.299999999992,0.0,False,5
41,0,2,[2 1 3 4 5],1342.799999999981,0.5,0.5,0.16608683971259186,SI,[3 1 2 4 5],11.5,10,1423.5,0.0,False,5
41,0,3,[2 1 3 4 5],1342.799999999981,0.5,0.5,0.9897899459460245,MI,[5 4 3 1 2],9.099999999999994,10,2656.499999999949,0.0,False,5
41,0,4,[2 1 3 4 5],1342.799999999981,0.5,0.5,0.7222274305878243,MI,[5 4 3 1 2],9.099999999999994,10,2656.499999999949,0.0,False,5
42,0,0,[2 1 3 4 5],1342.799999999981,0.5,0.5,0.10710347067573078,SI,[5 4 3 1 2],9.099999999999994,10,2656.499999999949,0.0,False,5
42,0,1,[2 1 3 4 5],1342.799999999981,0.5,0.5,0.819298260307777,MI,[5 4 3 1 2],9.099999999999994,10,2656.499999999949,0.0,False,5
42,0,2,[2 1 3 4 5],1342.799999999981,0.5,0.5,0.7517857765199776,MI,[5 4 3 1 2],9.099999999999994,10,2656.499999999949,0.0,False,5
42,0,3,[2 1 3 4 5],1342.799999999981,0.5,0.5,0.9404912130522913,MI,[5 4 3 1 2],9.099999999999994,10,2656.499999999949,0.0,False,5
42,0,4,[2 1 3 4 5],1342.799999999981,0.5,0.5,0.08606248743302736,SI,[5 4 3 1 2],9.099999999999994,10,2656.499999999949,0.0,False,5
43,0,0,[2 1 3 4 5],1342.799999999981,0.5,0.5,0.6989569683108435,MI,[5 4 3 1 2],9.099999999999994,10,2656.499999999949,0.0,False,5
43,0,1,[2 1 3 4 5],1342.799999999981,0.5,0.5,0.19983448561327566,SI,[5 4 3 1 2],9.099999999999994,10,2656.499999999949,0.0,False,5
43,0,2,[2 1 3 4 5],1342.799999999981,0.5,0.5,0.43786637350105995,SI,[2 1 3 5 4],13.300000000000011,10,1465.299999999992,0.0,False,5
43,0,3,[2 1 3 4 5],1342.799999999981,0.5,0.5,0.516955259249861,MI,[3 1 2 4 5],11.5,10,1423.5,0.0,False,5
43,0,4,[2 1 3 4 5],1342.799999999981,0.5,0.5,0.4715034860243661,SI,[5 4 3 1 2],9.099999999999994,10,2656.499999999949,0.0,False,5
44,0,0,[2 1 3 4 5],1342.799999999981,0.5,0.5,0.2517277415551208,SI,[5 4 3 1 2],9.099999999999994,10,2656.499999999949,0.0,False,5
44,0,1,[2 1 3 4 5],1342.799999999981,0.5,0.5,0.8633472648923665,MI,[3 1 2 4 5],11.5,10,1423.5,0.0,False,5
44,0,2,[2 1 3 4 5],1342.799999999981,0.5,0.5,0.6809298080523232,MI,[5 4 3 1 2],9.099999999999994,10,2656.499999999949,0.0,False,5
44,0,3,[2 1 3 4 5],1342.799999999981,0.5,0.5,0.0074568272080358655,SI,[5 4 3 1 2],9.099999999999994,10,2656.499999999949,0.0,False,5
44,0,4,[2 1 3 4 5],1342.799999999981,0.5,0.5,0.5905664109348455,MI,[5 4 3 1 2],9.099999999999994,10,2656.499999999949,0.0,False,5
45,0,0,[2 1 3 4 5],1342.799999999981,0.5,0.5,0.8489321726363006,MI,[3 1 2 4 5],11.5,10,1423.5,0.0,False,5
45,0,1,[2 1 3 4 5],1342.799999999981,0.5,0.5,0.9049394556771178,MI,[3 1 2 4 5],11.5,10,1423.5,0.0,False,5
45,0,2,[2 1 3 4 5],1342.799999999981,0.5,0.5,0.3084052992499283,SI,[1 2 3 4 5],32.0,10,1371.8999999999287,0.0,False,5
45,0,3,[2 1 3 4 5],1342.799999999981,0.5,0.5,0.06139309092189904,SI,[3 1 2 4 5],11.5,10,1423.5,0.0,False,5
45,0,4,[2 1 3 4 5],1342.799999999981,0.5,0.5,0.2922913522456164,SI,[5 4 3 1 2],9.099999999999994,10,2656.499999999949,0.0,False,5
46,0,0,[2 1 3 4 5],1342.799999999981,0.5,0.5,0.21673053312748425,SI,[5 4 3 1 2],9.099999999999994,10,2656.499999999949,0.0,False,5
46,0,1,[2 1 3 4 5],1342.799999999981,0.5,0.5,0.9020322293242444,MI,[5 4 3 1 2],9.099999999999994,10,2656.499999999949,0.0,False,5
46,0,2,[2 1 3 4 5],1342.799999999981,0.5,0.5,0.18565235342053066,SI,[3 1 2 4 5],11.5,10,1423.5,0.0,False,5
46,0,3,[2 1 3 4 5],1342.799999999981,0.5,0.5,0.4416344027367136,SI,[5 4 3 1 2],9.099999999999994,10,2656.499999999949,0.0,False,5
46,0,4,[2 1 3 4 5],1342.799999999981,0.5,0.5,0.8018018395070406,MI,[5 4 3 1 2],9.099999999999994,10,2656.499999999949,0.0,False,5
47,0,0,[2 1 3 4 5],1342.799999999981,0.5,0.5,0.528923005744635,MI,[3 1 2 4 5],11.5,10,1423.5,0.0,False,5
47,0,1,[2 1 3 4 5],1342.799999999981,0.5,0.5,0.2948453327556263,SI,[3 1 2 4 5],11.5,10,1423.5,0.0,False,5
47,0,2,[2 1 3 4 5],1342.799999999981,0.5,0.5,0.06805948953193863,SI,[3 1 2 4 5],11.5,10,1423.5,0.0,False,5
47,0,3,[2 1 3 4 5],1342.799999999981,0.5,0.5,0.7409587414262708,MI,[5 4 3 1 2],9.099999999999994,10,2656.499999999949,0.0,False,5
47,0,4,[2 1 3 4 5],1342.799999999981,0.5,0.5,0.5358865038131999,MI,[5 4 3 1 2],9.099999999999994,10,2656.499999999949,0.0,False,5
48,0,0,[2 1 3 4 5],1342.799999999981,0.5,0.5,0.3855625257956783,SI,[5 4 3 1 2],9.099999999999994,10,2656.499999999949,0.0,False,5
48,0,1,[2 1 3 4 5],1342.799999999981,0.5,0.5,0.8078578600356008,MI,[5 4 3 1 2],9.099999999999994,10,2656.499999999949,0.0,False,5
48,0,2,[2 1 3 4 5],1342.799999999981,0.5,0.5,0.8899363765354938,MI,[5 4 3 1 2],9.099999999999994,10,2656.499999999949,0.0,False,5
48,0,3,[2 1 3 4 5],1342.799999999981,0.5,0.5,0.11791165368235801,SI,[2 3 1 4 5],27.599999999999994,10,1394.0000000000218,0.0,False,5
48,0,4,[2 1 3 4 5],1342.799999999981,0.5,0.5,0.13310151769377232,SI,[5 4 3 1 2],9.099999999999994,10,2656.499999999949,0.0,False,5
49,0,0,[2 1 3 4 5],1342.799999999981,0.5,0.5,0.05212817008821469,SI,[5 4 3 1 2],9.099999999999994,10,2656.499999999949,0.0,False,5
49,0,1,[2 1 3 4 5],1342.799999999981,0.5,0.5,0.4979884792421332,SI,[5 4 3 1 2],9.099999999999994,10,2656.499999999949,0.0,False,5
49,0,2,[2 1 3 4 5],1342.799999999981,0.5,0.5,0.5313942043230075,MI,[5 4 3 1 2],9.099999999999994,10,2656.499999999949,0.0,False,5
49,0,3,[2 1 3 4 5],1342.799999999981,0.5,0.5,0.3700097183128741,SI,[3 1 2 4 5],11.5,10,1423.5,0.0,False,5
49,0,4,[2 1 3 4 5],1342.799999999981,0.5,0.5,0.9621731191427757,MI,[5 4 3 1 2],9.099999999999994,10,2656.499999999949,0.0,False,5
50,0,0,[2 1 3 4 5],1342.799999999981,0.5,0.5,0.29739079674391367,SI,[5 4 3 1 2],9.099999999999994,10,2656.499999999949,0.0,False,5
50,0,1,[2 1 3 4 5],1342.799999999981,0.5,0.5,0.053858459330155206,SI,[5 4 3 1 2],9.099999999999994,10,2656.499999999949,0.0,False,5
50,0,2,[2 1 3 4 5],1342.799999999981,0.5,0.5,0.946941528841352,MI,[5 4 3 1 2],9.099999999999994,10,2656.499999999949,0.0,False,5
50,0,3,[2 1 3 4 5],1342.799999999981,0.5,0.5,0.17601082983768546,SI,[5 4 3 1 2],9.099999999999994,10,2656.499999999949,0.0,False,5
50,0,4,[2 1 3 4 5],1342.799999999981,0.5,0.5,0.716452745121625,MI,[5 4 3 1 2],9.099999999999994,10,2656.499999999949,0.0,False,5
51,0,0,[2 1 3 4 5],1342.799999999981,0.5,0.5,0.8506048931620535,MI,[5 4 3 1 2],9.099999999999994,10,2656.499999999949,0.0,False,5
51,0,1,[2 1 3 4 5],1342.799999999981,0.5,0.5,0.9415623016281485,MI,[5 4 3 1 2],9.099999999999994,10,2656.499999999949,0.0,False,5
51,0,2,[2 1 3 4 5],1342.799999999981,0.5,0.5,0.9349267448641257,MI,[5 4 3 1 2],9.099999999999994,10,2656.499999999949,0.0,False,5
51,0,3,[2 1 3 4 5],1342.799999999981,0.5,0.5,0.5861895029584866,MI,[5 4 3 1 2],9.099999999999994,10,2656.499999999949,0.0,False,5
51,0,4,[2 1 3 4 5],1342.799999999981,0.5,0.5,0.31700456083187156,SI,[5 4 3 1 2],9.099999999999994,10,2656.499999999949,0.0,False,5
0,1,0,[1 2],861.5000000000073,0.5,0.5,0.004721720104135518,SI,[2 1],49.49999999999994,10,1278.6000000000095,0.0,False,6
0,1,1,[1 2],861.5000000000073,0.5,0.5,0.303413645941798,SI,[2 1],49.49999999999994,10,1278.6000000000095,0.0,False,6
0,1,2,[1 2],861.5000000000073,0.5,0.5,0.3948116903554152,SI,[2 1],49.49999999999994,10,1278.6000000000095,0.0,False,6
0,1,3,[1 2],861.5000000000073,0.5,0.5,0.38464943277266617,SI,[2 1],49.49999999999994,10,1278.6000000000095,0.0,False,6
0,1,4,[1 2],861.5000000000073,0.5,0.5,0.28240761548536264,SI,[2 1],49.49999999999994,10,1278.6000000000095,0.0,False,6
1,0,0,[1 2],861.5000000000073,0.5,0.5,0.3844292012692492,SI,[2 1],49.49999999999994,10,1278.6000000000095,0.0,False,6
1,0,1,[1 2],861.5000000000073,0.5,0.5,0.2725104707896988,SI,[2 1],49.49999999999994,10,1278.6000000000095,0.0,False,6
1,0,2,[1 2],861.5000000000073,0.5,0.5,0.3021727489493832,SI,[2 1],49.49999999999994,10,1278.6000000000095,0.0,False,6
1,0,3,[1 2],861.5000000000073,0.5,0.5,0.421549065622449,SI,[2 1],49.49999999999994,10,1278.6000000000095,0.0,False,6
1,0,4,[1 2],861.5000000000073,0.5,0.5,0.15342123061177548,SI,[2 1],49.49999999999994,10,1278.6000000000095,0.0,False,6
2,0,0,[1 2],861.5000000000073,0.5,0.5,0.3839497216992587,SI,[2 1],49.49999999999994,10,1278.6000000000095,0.0,False,6
2,0,1,[1 2],861.5000000000073,0.5,0.5,0.04310980415005594,SI,[2 1],49.49999999999994,10,1278.6000000000095,0.0,False,6
2,0,2,[1 2],861.5000000000073,0.5,0.5,0.32294979198390594,SI,[2 1],49.49999999999994,10,1278.6000000000095,0.0,False,6
2,0,3,[1 2],861.5000000000073,0.5,0.5,0.02412039213173467,SI,[2 1],49.49999999999994,10,1278.6000000000095,0.0,False,6
2,0,4,[1 2],861.5000000000073,0.5,0.5,0.17282528557106824,SI,[2 1],49.49999999999994,10,1278.6000000000095,0.0,False,6
3,0,0,[1 2],861.5000000000073,0.5,0.5,0.041304192770332815,SI,[2 1],49.49999999999994,10,1278.6000000000095,0.0,False,6
3,0,1,[1 2],861.5000000000073,0.5,0.5,0.2825603499530056,SI,[2 1],49.49999999999994,10,1278.6000000000095,0.0,False,6
3,0,2,[1 2],861.5000000000073,0.5,0.5,0.21787789158982107,SI,[2 1],49.49999999999994,10,1278.6000000000095,0.0,False,6
3,0,3,[1 2],861.5000000000073,0.5,0.5,0.2164972619638571,SI,[2 1],49.49999999999994,10,1278.6000000000095,0.0,False,6
3,0,4,[1 2],861.5000000000073,0.5,0.5,0.21318477385758583,SI,[2 1],49.49999999999994,10,1278.6000000000095,0.0,False,6
4,0,0,[1 2],861.5000000000073,0.5,0.5,0.41826785253719034,SI,[2 1],49.49999999999994,10,1278.6000000000095,0.0,False,6
4,0,1,[1 2],861.5000000000073,0.5,0.5,0.018824759012998404,SI,[2 1],49.49999999999994,10,1278.6000000000095,0.0,False,6
4,0,2,[1 2],861.5000000000073,0.5,0.5,0.48354663436040446,SI,[2 1],49.49999999999994,10,1278.6000000000095,0.0,False,6
4,0,3,[1 2],861.5000000000073,0.5,0.5,0.0605474569146327,SI,[2 1],49.49999999999994,10,1278.6000000000095,0.0,False,6
4,0,4,[1 2],861.5000000000073,0.5,0.5,0.22010582505875775,SI,[2 1],49.49999999999994,10,1278.6000000000095,0.0,False,6
5,0,0,[1 2],861.5000000000073,0.5,0.5,0.3678622867911516,SI,[2 1],49.49999999999994,10,1278.6000000000095,0.0,False,6
5,0,1,[1 2],861.5000000000073,0.5,0.5,0.3937861094372297,SI,[2 1],49.49999999999994,10,1278.6000000000095,0.0,False,6
5,0,2,[1 2],861.5000000000073,0.5,0.5,0.3357694795463567,SI,[2 1],49.49999999999994,10,1278.6000000000095,0.0,False,6
5,0,3,[1 2],861.5000000000073,0.5,0.5,0.4082726233106445,SI,[2 1],49.49999999999994,10,1278.6000000000095,0.0,False,6
5,0,4,[1 2],861.5000000000073,0.5,0.5,0.16197274170842935,SI,[2 1],49.49999999999994,10,1278.6000000000095,0.0,False,6
6,0,0,[1 2],861.5000000000073,0.5,0.5,0.37534363530919,SI,[2 1],49.49999999999994,10,1278.6000000000095,0.0,False,6
6,0,1,[1 2],861.5000000000073,0.5,0.5,0.02192632848436571,SI,[2 1],49.49999999999994,10,1278.6000000000095,0.0,False,6
6,0,2,[1 2],861.5000000000073,0.5,0.5,0.4310885753713841,SI,[2 1],49.49999999999994,10,1278.6000000000095,0.0,False,6
6,0,3,[1 2],861.5000000000073,0.5,0.5,0.23417250770685305,SI,[2 1],49.49999999999994,10,1278.6000000000095,0.0,False,6
6,0,4,[1 2],861.5000000000073,0.5,0.5,0.1764065995726538,SI,[2 1],49.49999999999994,10,1278.6000000000095,0.0,False,6
7,0,0,[1 2],861.5000000000073,0.5,0.5,0.3603277777647209,SI,[2 1],49.49999999999994,10,1278.6000000000095,0.0,False,6
7,0,1,[1 2],861.5000000000073,0.5,0.5,0.3947056840691271,SI,[2 1],49.49999999999994,10,1278.6000000000095,0.0,False,6
7,0,2,[1 2],861.5000000000073,0.5,0.5,0.2270743834420954,SI,[2 1],49.49999999999994,10,1278.6000000000095,0.0,False,6
7,0,3,[1 2],861.5000000000073,0.5,0.5,0.49672432067024663,SI,[2 1],49.49999999999994,10,1278.6000000000095,0.0,False,6
7,0,4,[1 2],861.5000000000073,0.5,0.5,0.417247111771503,SI,[2 1],49.49999999999994,10,1278.6000000000095,0.0,False,6
8,0,0,[1 2],861.5000000000073,0.5,0.5,0.328035293592684,SI,[2 1],49.49999999999994,10,1278.6000000000095,0.0,False,6
8,0,1,[1 2],861.5000000000073,0.5,0.5,0.36146222184783317,SI,[2 1],49.49999999999994,10,1278.6000000000095,0.0,False,6
8,0,2,[1 2],861.5000000000073,0.5,0.5,0.49893633297323836,SI,[2 1],49.49999999999994,10,1278.6000000000095,0.0,False,6
8,0,3,[1 2],861.5000000000073,0.5,0.5,0.04374492681400921,SI,[2 1],49.49999999999994,10,1278.6000000000095,0.0,False,6
8,0,4,[1 2],861.5000000000073,0.5,0.5,0.24967357259359257,SI,[2 1],49.49999999999994,10,1278.6000000000095,0.0,False,6
9,0,0,[1 2],861.5000000000073,0.5,0.5,0.32927257973415947,SI,[2 1],49.49999999999994,10,1278.6000000000095,0.0,False,6
9,0,1,[1 2],861.5000000000073,0.5,0.5,0.46314428097193183,SI,[2 1],49.49999999999994,10,1278.6000000000095,0.0,False,6
9,0,2,[1 2],861.5000000000073,0.5,0.5,0.4819570660852084,SI,[2 1],49.49999999999994,10,1278.6000000000095,0.0,False,6
9,0,3,[1 2],861.5000000000073,0.5,0.5,0.29929047741615833,SI,[2 1],49.49999999999994,10,1278.6000000000095,0.0,False,6
9,0,4,[1 2],861.5000000000073,0.5,0.5,0.23708566540842568,SI,[2 1],49.49999999999994,10,1278.6000000000095,0.0,False,6
10,0,0,[1 2],861.5000000000073,0.5,0.5,0.3387227465993684,SI,[2 1],49.49999999999994,10,1278.6000000000095,0.0,False,6
10,0,1,[1 2],861.5000000000073,0.5,0.5,0.0026061930022268642,SI,[2 1],49.49999999999994,10,1278.6000000000095,0.0,False,6
10,0,2,[1 2],861.5000000000073,0.5,0.5,0.3114682896076195,SI,[2 1],49.49999999999994,10,1278.6000000000095,0.0,False,6
10,0,3,[1 2],861.5000000000073,0.5,0.5,0.3540512519723311,SI,[2 1],49.49999999999994,10,1278.6000000000095,0.0,False,6
10,0,4,[1 2],861.5000000000073,0.5,0.5,0.22706346518667087,SI,[2 1],49.49999999999994,10,1278.6000000000095,0.0,False,6
11,0,0,[1 2],861.5000000000073,0.5,0.5,0.4050488609706846,SI,[2 1],49.49999999999994,10,1278.6000000000095,0.0,False,6
11,0,1,[1 2],861.5000000000073,0.5,0.5,0.27241496487097594,SI,[2 1],49.49999999999994,10,1278.6000000000095,0.0,False,6
11,0,2,[1 2],861.5000000000073,0.5,0.5,0.14142316375123531,SI,[2 1],49.49999999999994,10,1278.6000000000095,0.0,False,6
11,0,3,[1 2],861.5000000000073,0.5,0.5,0.4801849536996371,SI,[2 1],49.49999999999994,10,1278.6000000000095,0.0,False,6
11,0,4,[1 2],861.5000000000073,0.5,0.5,0.3665024837088381,SI,[2 1],49.49999999999994,10,1278.6000000000095,0.0,False,6
12,0,0,[1 2],861.5000000000073,0.5,0.5,0.14870983466854804,SI,[2 1],49.49999999999994,10,1278.6000000000095,0.0,False,6
12,0,1,[1 2],861.5000000000073,0.5,0.5,0.2819094989253671,SI,[2 1],49.49999999999994,10,1278.6000000000095,0.0,False,6
12,0,2,[1 2],861.5000000000073,0.5,0.5,0.37819190804713654,SI,[2 1],49.49999999999994,10,1278.6000000000095,0.0,False,6
12,0,3,[1 2],861.5000000000073,0.5,0.5,0.1935406362321559,SI,[2 1],49.49999999999994,10,1278.6000000000095,0.0,False,6
12,0,4,[1 2],861.5000000000073,0.5,0.5,0.08175097931930997,SI,[2 1],49.49999999999994,10,1278.6000000000095,0.0,False,6
13,0,0,[1 2],861.5000000000073,0.5,0.5,0.45083014284750755,SI,[2 1],49.49999999999994,10,1278.6000000000095,0.0,False,6
13,0,1,[1 2],861.5000000000073,0.5,0.5,0.39315485505887604,SI,[2 1],49.49999999999994,10,1278.6000000000095,0.0,False,6
13,0,2,[1 2],861.5000000000073,0.5,0.5,0.2635457606898606,SI,[2 1],49.49999999999994,10,1278.6000000000095,0.0,False,6
13,0,3,[1 2],861.5000000000073,0.5,0.5,0.22728514047008985,SI,[2 1],49.49999999999994,10,1278.6000000000095,0.0,False,6
13,0,4,[1 2],861.5000000000073,0.5,0.5,0.1232921115424993,SI,[2 1],49.49999999999994,10,1278.6000000000095,0.0,False,6
14,0,0,[1 2],861.5000000000073,0.5,0.5,0.2542711771012881,SI,[2 1],49.49999999999994,10,1278.6000000000095,0.0,False,6
14,0,1,[1 2],861.5000000000073,0.5,0.5,0.14661895614894715,SI,[2 1],49.49999999999994,10,1278.6000000000095,0.0,False,6
14,0,2,[1 2],861.5000000000073,0.5,0.5,0.25905467462748777,SI,[2 1],49.49999999999994,10,1278.6000000000095,0.0,False,6
14,0,3,[1 2],861.5000000000073,0.5,0.5,0.10772889945526376,SI,[2 1],49.49999999999994,10,1278.6000000000095,0.0,False,6
14,0,4,[1 2],861.5000000000073,0.5,0.5,0.09614702065260594,SI,[2 1],49.49999999999994,10,1278.6000000000095,0.0,False,6
15,0,0,[1 2],861.5000000000073,0.5,0.5,0.43589485935176986,SI,[2 1],49.49999999999994,10,1278.6000000000095,0.0,False,6
15,0,1,[1 2],861.5000000000073,0.5,0.5,0.3148610714004676,SI,[2 1],49.49999999999994,10,1278.6000000000095,0.0,False,6
15,0,2,[1 2],861.5000000000073,0.5,0.5,0.10752241726680889,SI,[2 1],49.49999999999994,10,1278.6000000000095,0.0,False,6
15,0,3,[1 2],861.5000000000073,0.5,0.5,0.002174438078198171,SI,[2 1],49.49999999999994,10,1278.6000000000095,0.0,False,6
15,0,4,[1 2],861.5000000000073,0.5,0.5,0.06441615441775272,SI,[2 1],49.49999999999994,10,1278.6000000000095,0.0,False,6
16,0,0,[1 2],861.5000000000073,0.5,0.5,0.2710829582738049,SI,[2 1],49.49999999999994,10,1278.6000000000095,0.0,False,6
16,0,1,[1 2],861.5000000000073,0.5,0.5,0.027805603919559996,SI,[2 1],49.49999999999994,10,1278.6000000000095,0.0,False,6
16,0,2,[1 2],861.5000000000073,0.5,0.5,0.3552431945535075,SI,[2 1],49.49999999999994,10,1278.6000000000095,0.0,False,6
16,0,3,[1 2],861.5000000000073,0.5,0.5,0.10108162111002295,SI,[2 1],49.49999999999994,10,1278.6000000000095,0.0,False,6
16,0,4,[1 2],861.5000000000073,0.5,0.5,0.0394855465739784,SI,[2 1],49.49999999999994,10,1278.6000000000095,0.0,False,6
17,0,0,[1 2],861.5000000000073,0.5,0.5,0.13722299294079643,SI,[2 1],49.49999999999994,10,1278.6000000000095,0.0,False,6
17,0,1,[1 2],861.5000000000073,0.5,0.5,0.3722927808076608,SI,[2 1],49.49999999999994,10,1278.6000000000095,0.0,False,6
17,0,2,[1 2],861.5000000000073,0.5,0.5,0.011345313181749694,SI,[2 1],49.49999999999994,10,1278.6000000000095,0.0,False,6
17,0,3,[1 2],861.5000000000073,0.5,0.5,0.15474815293995237,SI,[2 1],49.49999999999994,10,1278.6000000000095,0.0,False,6
17,0,4,[1 2],861.5000000000073,0.5,0.5,0.12936252838373008,SI,[2 1],49.49999999999994,10,1278.6000000000095,0.0,False,6
18,0,0,[1 2],861.5000000000073,0.5,0.5,0.4712472093296134,SI,[2 1],49.49999999999994,10,1278.6000000000095,0.0,False,6
18,0,1,[1 2],861.5000000000073,0.5,0.5,0.29349378137949456,SI,[2 1],49.49999999999994,10,1278.6000000000095,0.0,False,6
18,0,2,[1 2],861.5000000000073,0.5,0.5,0.1280698518379435,SI,[2 1],49.49999999999994,10,1278.6000000000095,0.0,False,6
18,0,3,[1 2],861.5000000000073,0.5,0.5,0.27466736774061284,SI,[2 1],49.49999999999994,10,1278.6000000000095,0.0,False,6
18,0,4,[1 2],861.5000000000073,0.5,0.5,0.02982248736212123,SI,[2 1],49.49999999999994,10,1278.6000000000095,0.0,False,6
19,0,0,[1 2],861.5000000000073,0.5,0.5,0.14833785369604313,SI,[2 1],49.49999999999994,10,1278.6000000000095,0.0,False,6
19,0,1,[1 2],861.5000000000073,0.5,0.5,0.34795209745222677,SI,[2 1],49.49999999999994,10,1278.6000000000095,0.0,False,6
19,0,2,[1 2],861.5000000000073,0.5,0.5,0.12209551593836154,SI,[2 1],49.49999999999994,10,1278.6000000000095,0.0,False,6
19,0,3,[1 2],861.5000000000073,0.5,0.5,0.15007964962617726,SI,[2 1],49.49999999999994,10,1278.6000000000095,0.0,False,6
19,0,4,[1 2],861.5000000000073,0.5,0.5,0.10553042936389234,SI,[2 1],49.49999999999994,10,1278.6000000000095,0.0,False,6
20,0,0,[1 2],861.5000000000073,0.5,0.5,0.3789722344384965,SI,[2 1],49.49999999999994,10,1278.6000000000095,0.0,False,6
20,0,1,[1 2],861.5000000000073,0.5,0.5,0.25259241511333075,SI,[2 1],49.49999999999994,10,1278.6000000000095,0.0,False,6
20,0,2,[1 2],861.5000000000073,0.5,0.5,0.3128926821805964,SI,[2 1],49.49999999999994,10,1278.6000000000095,0.0,False,6
20,0,3,[1 2],861.5000000000073,0.5,0.5,0.14516776463011127,SI,[2 1],49.49999999999994,10,1278.6000000000095,0.0,False,6
20,0,4,[1 2],861.5000000000073,0.5,0.5,0.4125216462353909,SI,[2 1],49.49999999999994,10,1278.6000000000095,0.0,False,6
21,0,0,[1 2],861.5000000000073,0.5,0.5,0.030868765158830858,SI,[2 1],49.49999999999994,10,1278.6000000000095,0.0,False,6
21,0,1,[1 2],861.5000000000073,0.5,0.5,0.1353613983415971,SI,[2 1],49.49999999999994,10,1278.6000000000095,0.0,False,6
21,0,2,[1 2],861.5000000000073,0.5,0.5,0.2616464091352032,SI,[2 1],49.49999999999994,10,1278.6000000000095,0.0,False,6
21,0,3,[1 2],861.5000000000073,0.5,0.5,0.15216339719696137,SI,[2 1],49.49999999999994,10,1278.6000000000095,0.0,False,6
21,0,4,[1 2],861.5000000000073,0.5,0.5,0.20181072376170162,SI,[2 1],49.49999999999994,10,1278.6000000000095,0.0,False,6
22,0,0,[1 2],861.5000000000073,0.5,0.5,0.33001822812662984,SI,[2 1],49.49999999999994,10,1278.6000000000095,0.0,False,6
22,0,1,[1 2],861.5000000000073,0.5,0.5,0.48148221886906406,SI,[2 1],49.49999999999994,10,1278.6000000000095,0.0,False,6
22,0,2,[1 2],861.5000000000073,0.5,0.5,0.20462753246491172,SI,[2 1],49.49999999999994,10,1278.6000000000095,0.0,False,6
22,0,3,[1 2],861.5000000000073,0.5,0.5,0.45543200091411495,SI,[2 1],49.49999999999994,10,1278.6000000000095,0.0,False,6
22,0,4,[1 2],861.5000000000073,0.5,0.5,0.1334778938872503,SI,[2 1],49.49999999999994,10,1278.6000000000095,0.0,False,6
23,0,0,[1 2],861.5000000000073,0.5,0.5,0.14556822242594036,SI,[2 1],49.49999999999994,10,1278.6000000000095,0.0,False,6
23,0,1,[1 2],861.5000000000073,0.5,0.5,0.2702770832017488,SI,[2 1],49.49999999999994,10,1278.6000000000095,0.0,False,6
23,0,2,[1 2],861.5000000000073,0.5,0.5,0.35413601152974894,SI,[2 1],49.49999999999994,10,1278.6000000000095,0.0,False,6
23,0,3,[1 2],861.5000000000073,0.5,0.5,0.05486666044451616,SI,[2 1],49.49999999999994,10,1278.6000000000095,0.0,False,6
23,0,4,[1 2],861.5000000000073,0.5,0.5,0.11323810067623707,SI,[2 1],49.49999999999994,10,1278.6000000000095,0.0,False,6
24,0,0,[1 2],861.5000000000073,0.5,0.5,0.05942576704126512,SI,[2 1],49.49999999999994,10,1278.6000000000095,0.0,False,6
24,0,1,[1 2],861.5000000000073,0.5,0.5,0.1356982707363914,SI,[2 1],49.49999999999994,10,1278.6000000000095,0.0,False,6
24,0,2,[1 2],861.5000000000073,0.5,0.5,0.28758894252012923,SI,[2 1],49.49999999999994,10,1278.6000000000095,0.0,False,6
24,0,3,[1 2],861.5000000000073,0.5,0.5,0.4303308667322363,SI,[2 1],49.49999999999994,10,1278.6000000000095,0.0,False,6
24,0,4,[1 2],861.5000000000073,0.5,0.5,0.07492218621571434,SI,[2 1],49.49999999999994,10,1278.6000000000095,0.0,False,6
25,0,0,[1 2],861.5000000000073,0.5,0.5,0.25808954841318243,SI,[2 1],49.49999999999994,10,1278.6000000000095,0.0,False,6
25,0,1,[1 2],861.5000000000073,0.5,0.5,0.00907267407190715,SI,[2 1],49.49999999999994,10,1278.6000000000095,0.0,False,6
25,0,2,[1 2],861.5000000000073,0.5,0.5,0.1966330011595513,SI,[2 1],49.49999999999994,10,1278.6000000000095,0.0,False,6
25,0,3,[1 2],861.5000000000073,0.5,0.5,0.47583106188014535,SI,[2 1],49.49999999999994,10,1278.6000000000095,0.0,False,6
25,0,4,[1 2],861.5000000000073,0.5,0.5,0.41365334236107765,SI,[2 1],49.49999999999994,10,1278.6000000000095,0.0,False,6
26,0,0,[1 2],861.5000000000073,0.5,0.5,0.12369809176052038,SI,[2 1],49.49999999999994,10,1278.6000000000095,0.0,False,6
26,0,1,[1 2],861.5000000000073,0.5,0.5,0.0490689379727689,SI,[2 1],49.49999999999994,10,1278.6000000000095,0.0,False,6
26,0,2,[1 2],861.5000000000073,0.5,0.5,0.4704332440724607,SI,[2 1],49.49999999999994,10,1278.6000000000095,0.0,False,6
26,0,3,[1 2],861.5000000000073,0.5,0.5,0.31786636704457594,SI,[2 1],49.49999999999994,10,1278.6000000000095,0.0,False,6
26,0,4,[1 2],861.5000000000073,0.5,0.5,0.3763112245274851,SI,[2 1],49.49999999999994,10,1278.6000000000095,0.0,False,6
27,0,0,[1 2],861.5000000000073,0.5,0.5,0.1247279203107744,SI,[2 1],49.49999999999994,10,1278.6000000000095,0.0,False,6
27,0,1,[1 2],861.5000000000073,0.5,0.5,0.2348618103169553,SI,[2 1],49.49999999999994,10,1278.6000000000095,0.0,False,6
27,0,2,[1 2],861.5000000000073,0.5,0.5,0.43039000704080554,SI,[2 1],49.49999999999994,10,1278.6000000000095,0.0,False,6
27,0,3,[1 2],861.5000000000073,0.5,0.5,0.2628430804317262,SI,[2 1],49.49999999999994,10,1278.6000000000095,0.0,False,6
27,0,4,[1 2],861.5000000000073,0.5,0.5,0.23774599723558232,SI,[2 1],49.49999999999994,10,1278.6000000000095,0.0,False,6
28,0,0,[1 2],861.5000000000073,0.5,0.5,0.09523464992965691,SI,[2 1],49.49999999999994,10,1278.6000000000095,0.0,False,6
28,0,1,[1 2],861.5000000000073,0.5,0.5,0.36685007331688035,SI,[2 1],49.49999999999994,10,1278.6000000000095,0.0,False,6
28,0,2,[1 2],861.5000000000073,0.5,0.5,0.43580183336777756,SI,[2 1],49.49999999999994,10,1278.6000000000095,0.0,False,6
28,0,3,[1 2],861.5000000000073,0.5,0.5,0.4302842557986932,SI,[2 1],49.49999999999994,10,1278.6000000000095,0.0,False,6
28,0,4,[1 2],861.5000000000073,0.5,0.5,0.3777683327898904,SI,[2 1],49.49999999999994,10,1278.6000000000095,0.0,False,6
29,0,0,[1 2],861.5000000000073,0.5,0.5,0.0015889743089535502,SI,[2 1],49.49999999999994,10,1278.6000000000095,0.0,False,6
29,0,1,[1 2],861.5000000000073,0.5,0.5,0.47106010540394516,SI,[2 1],49.49999999999994,10,1278.6000000000095,0.0,False,6
29,0,2,[1 2],861.5000000000073,0.5,0.5,0.4108473935066411,SI,[2 1],49.49999999999994,10,1278.6000000000095,0.0,False,6
29,0,3,[1 2],861.5000000000073,0.5,0.5,0.2930689740768677,SI,[2 1],49.49999999999994,10,1278.6000000000095,0.0,False,6
29,0,4,[1 2],861.5000000000073,0.5,0.5,0.06888414836095358,SI,[2 1],49.49999999999994,10,1278.6000000000095,0.0,False,6
30,0,0,[1 2],861.5000000000073,0.5,0.5,0.027114863741123596,SI,[2 1],49.49999999999994,10,1278.6000000000095,0.0,False,6
30,0,1,[1 2],861.5000000000073,0.5,0.5,0.2635246241882041,SI,[2 1],49.49999999999994,10,1278.6000000000095,0.0,False,6
30,0,2,[1 2],861.5000000000073,0.5,0.5,0.29870076840415505,SI,[2 1],49.49999999999994,10,1278.6000000000095,0.0,False,6
30,0,3,[1 2],861.5000000000073,0.5,0.5,0.2656890208583056,SI,[2 1],49.49999999999994,10,1278.6000000000095,0.0,False,6
30,0,4,[1 2],861.5000000000073,0.5,0.5,0.27194420951787923,SI,[2 1],49.49999999999994,10,1278.6000000000095,0.0,False,6
31,0,0,[1 2],861.5000000000073,0.5,0.5,0.11291202460654526,SI,[2 1],49.49999999999994,10,1278.6000000000095,0.0,False,6
31,0,1,[1 2],861.5000000000073,0.5,0.5,0.46561431338695314,SI,[2 1],49.49999999999994,10,1278.6000000000095,0.0,False,6
31,0,2,[1 2],861.5000000000073,0.5,0.5,0.1337228143467768,SI,[2 1],49.49999999999994,10,1278.6000000000095,0.0,False,6
31,0,3,[1 2],861.5000000000073,0.5,0.5,0.07818393184762362,SI,[2 1],49.49999999999994,10,1278.6000000000095,0.0,False,6
31,0,4,[1 2],861.5000000000073,0.5,0.5,0.14392349362900902,SI,[2 1],49.49999999999994,10,1278.6000000000095,0.0,False,6
32,0,0,[1 2],861.5000000000073,0.5,0.5,0.10020014969942548,SI,[2 1],49.49999999999994,10,1278.6000000000095,0.0,False,6
32,0,1,[1 2],861.5000000000073,0.5,0.5,0.44082862426540104,SI,[2 1],49.49999999999994,10,1278.6000000000095,0.0,False,6
32,0,2,[1 2],861.5000000000073,0.5,0.5,0.3727068193510874,SI,[2 1],49.49999999999994,10,1278.6000000000095,0.0,False,6
32,0,3,[1 2],861.5000000000073,0.5,0.5,0.2589978393715002,SI,[2 1],49.49999999999994,10,1278.6000000000095,0.0,False,6
32,0,4,[1 2],861.5000000000073,0.5,0.5,0.29479595606298004,SI,[2 1],49.49999999999994,10,1278.6000000000095,0.0,False,6
33,0,0,[1 2],861.5000000000073,0.5,0.5,0.41296728558108775,SI,[2 1],49.49999999999994,10,1278.6000000000095,0.0,False,6
33,0,1,[1 2],861.5000000000073,0.5,0.5,0.4813371830560974,SI,[2 1],49.49999999999994,10,1278.6000000000095,0.0,False,6
33,0,2,[1 2],861.5000000000073,0.5,0.5,0.237580633519348,SI,[2 1],49.49999999999994,10,1278.6000000000095,0.0,False,6
33,0,3,[1 2],861.5000000000073,0.5,0.5,0.24412228188536877,SI,[2 1],49.49999999999994,10,1278.6000000000095,0.0,False,6
33,0,4,[1 2],861.5000000000073,0.5,0.5,0.30324721588506565,SI,[2 1],49.49999999999994,10,1278.6000000000095,0.0,False,6
34,0,0,[1 2],861.5000000000073,0.5,0.5,0.4967633478112369,SI,[2 1],49.49999999999994,10,1278.6000000000095,0.0,False,6
34,0,1,[1 2],861.5000000000073,0.5,0.5,0.4199299021520472,SI,[2 1],49.49999999999994,10,1278.6000000000095,0.0,False,6
34,0,2,[1 2],861.5000000000073,0.5,0.5,0.42568312424640065,SI,[2 1],49.49999999999994,10,1278.6000000000095,0.0,False,6
34,0,3,[1 2],861.5000000000073,0.5,0.5,0.1742194161329127,SI,[2 1],49.49999999999994,10,1278.6000000000095,0.0,False,6
34,0,4,[1 2],861.5000000000073,0.5,0.5,0.14713636587928258,SI,[2 1],49.49999999999994,10,1278.6000000000095,0.0,False,6
35,0,0,[1 2],861.5000000000073,0.5,0.5,0.2920819403835603,SI,[2 1],49.49999999999994,10,1278.6000000000095,0.0,False,6
35,0,1,[1 2],861.5000000000073,0.5,0.5,0.20793404424012651,SI,[2 1],49.49999999999994,10,1278.6000000000095,0.0,False,6
35,0,2,[1 2],861.5000000000073,0.5,0.5,0.34865685195872975,SI,[2 1],49.49999999999994,10,1278.6000000000095,0.0,False,6
35,0,3,[1 2],861.5000000000073,0.5,0.5,0.2529607340496065,SI,[2 1],49.49999999999994,10,1278.6000000000095,0.0,False,6
35,0,4,[1 2],861.5000000000073,0.5,0.5,0.3497095418067304,SI,[2 1],49.49999999999994,10,1278.6000000000095,0.0,False,6
36,0,0,[1 2],861.5000000000073,0.5,0.5,0.07260943668461828,SI,[2 1],49.49999999999994,10,1278.6000000000095,0.0,False,6
36,0,1,[1 2],861.5000000000073,0.5,0.5,0.48061966983479076,SI,[2 1],49.49999999999994,10,1278.6000000000095,0.0,False,6
36,0,2,[1 2],861.5000000000073,0.5,0.5,0.14083411048977224,SI,[2 1],49.49999999999994,10,1278.6000000000095,0.0,False,6
36,0,3,[1 2],861.5000000000073,0.5,0.5,0.39609532459618757,SI,[2 1],49.49999999999994,10,1278.6000000000095,0.0,False,6
36,0,4,[1 2],861.5000000000073,0.5,0.5,0.2730786659420331,SI,[2 1],49.49999999999994,10,1278.6000000000095,0.0,False,6
37,0,0,[1 2],861.5000000000073,0.5,0.5,0.34376991379234967,SI,[2 1],49.49999999999994,10,1278.6000000000095,0.0,False,6
37,0,1,[1 2],861.5000000000073,0.5,0.5,0.010835699681482014,SI,[2 1],49.49999999999994,10,1278.6000000000095,0.0,False,6
37,0,2,[1 2],861.5000000000073,0.5,0.5,0.31457793049648397,SI,[2 1],49.49999999999994,10,1278.6000000000095,0.0,False,6
37,0,3,[1 2],861.5000000000073,0.5,0.5,0.3317840039007134,SI,[2 1],49.49999999999994,10,1278.6000000000095,0.0,False,6
37,0,4,[1 2],861.5000000000073,0.5,0.5,0.3937283852395237,SI,[2 1],49.49999999999994,10,1278.6000000000095,0.0,False,6
38,0,0,[1 2],861.5000000000073,0.5,0.5,0.03222912806963618,SI,[2 1],49.49999999999994,10,1278.6000000000095,0.0,False,6
38,0,1,[1 2],861.5000000000073,0.5,0.5,0.03562822192802473,SI,[2 1],49.49999999999994,10,1278.6000000000095,0.0,False,6
38,0,2,[1 2],861.5000000000073,0.5,0.5,0.24683389378091902,SI,[2 1],49.49999999999994,10,1278.6000000000095,0.0,False,6
38,0,3,[1 2],861.5000000000073,0.5,0.5,0.34130653195530314,SI,[2 1],49.49999999999994,10,1278.6000000000095,0.0,False,6
38,0,4,[1 2],861.5000000000073,0.5,0.5,0.10228779199970028,SI,[2 1],49.49999999999994,10,1278.6000000000095,0.0,False,6
39,0,0,[1 2],861.5000000000073,0.5,0.5,0.009365604321033727,SI,[2 1],49.49999999999994,10,1278.6000000000095,0.0,False,6
39,0,1,[1 2],861.5000000000073,0.5,0.5,0.28277544480801065,SI,[2 1],49.49999999999994,10,1278.6000000000095,0.0,False,6
39,0,2,[1 2],861.5000000000073,0.5,0.5,0.005324554286235461,SI,[2 1],49.49999999999994,10,1278.6000000000095,0.0,False,6
39,0,3,[1 2],861.5000000000073,0.5,0.5,0.37562126457534895,SI,[2 1],49.49999999999994,10,1278.6000000000095,0.0,False,6
39,0,4,[1 2],861.5000000000073,0.5,0.5,0.024330205022153994,SI,[2 1],49.49999999999994,10,1278.6000000000095,0.0,False,6
40,0,0,[1 2],861.5000000000073,0.5,0.5,0.3237972750608442,SI,[2 1],49.49999999999994,10,1278.6000000000095,0.0,False,6
40,0,1,[1 2],861.5000000000073,0.5,0.5,0.2093246294719816,SI,[2 1],49.49999999999994,10,1278.6000000000095,0.0,False,6
40,0,2,[1 2],861.5000000000073,0.5,0.5,0.18561719925443376,SI,[2 1],49.49999999999994,10,1278.6000000000095,0.0,False,6
40,0,3,[1 2],861.5000000000073,0.5,0.5,0.4450667737820654,SI,[2 1],49.49999999999994,10,1278.6000000000095,0.0,False,6
40,0,4,[1 2],861.5000000000073,0.5,0.5,0.4700383561510808,SI,[2 1],49.49999999999994,10,1278.6000000000095,0.0,False,6
41,0,0,[1 2],861.5000000000073,0.5,0.5,0.1866251655841098,SI,[2 1],49.49999999999994,10,1278.6000000000095,0.0,False,6
41,0,1,[1 2],861.5000000000073,0.5,0.5,0.1236848147618651,SI,[2 1],49.49999999999994,10,1278.6000000000095,0.0,False,6
41,0,2,[1 2],861.5000000000073,0.5,0.5,0.3667187301928444,SI,[2 1],49.49999999999994,10,1278.6000000000095,0.0,False,6
41,0,3,[1 2],861.5000000000073,0.5,0.5,0.48739783287974414,SI,[2 1],49.49999999999994,10,1278.6000000000095,0.0,False,6
41,0,4,[1 2],861.5000000000073,0.5,0.5,0.12199222981713098,SI,[2 1],49.49999999999994,10,1278.6000000000095,0.0,False,6
42,0,0,[1 2],861.5000000000073,0.5,0.5,0.44835076786166617,SI,[2 1],49.49999999999994,10,1278.6000000000095,0.0,False,6
42,0,1,[1 2],861.5000000000073,0.5,0.5,0.08924559060070236,SI,[2 1],49.49999999999994,10,1278.6000000000095,0.0,False,6
42,0,2,[1 2],861.5000000000073,0.5,0.5,0.40864910808884036,SI,[2 1],49.49999999999994,10,1278.6000000000095,0.0,False,6
42,0,3,[1 2],861.5000000000073,0.5,0.5,0.0014049698251692444,SI,[2 1],49.49999999999994,10,1278.6000000000095,0.0,False,6
42,0,4,[1 2],861.5000000000073,0.5,0.5,0.28438625758438374,SI,[2 1],49.49999999999994,10,1278.6000000000095,0.0,False,6
43,0,0,[1 2],861.5000000000073,0.5,0.5,0.34425371297692453,SI,[2 1],49.49999999999994,10,1278.6000000000095,0.0,False,6
43,0,1,[1 2],861.5000000000073,0.5,0.5,0.3522662013837492,SI,[2 1],49.49999999999994,10,1278.6000000000095,0.0,False,6
43,0,2,[1 2],861.5000000000073,0.5,0.5,0.40037984257363046,SI,[2 1],49.49999999999994,10,1278.6000000000095,0.0,False,6
43,0,3,[1 2],861.5000000000073,0.5,0.5,0.39594178395179136,SI,[2 1],49.49999999999994,10,1278.6000000000095,0.0,False,6
43,0,4,[1 2],861.5000000000073,0.5,0.5,0.09081405581800639,SI,[2 1],49.49999999999994,10,1278.6000000000095,0.0,False,6
44,0,0,[1 2],861.5000000000073,0.5,0.5,0.3981442148502615,SI,[2 1],49.49999999999994,10,1278.6000000000095,0.0,False,6
44,0,1,[1 2],861.5000000000073,0.5,0.5,0.2189085243943849,SI,[2 1],49.49999999999994,10,1278.6000000000095,0.0,False,6
44,0,2,[1 2],861.5000000000073,0.5,0.5,0.3484051962518734,SI,[2 1],49.49999999999994,10,1278.6000000000095,0.0,False,6
44,0,3,[1 2],861.5000000000073,0.5,0.5,0.23370161343554985,SI,[2 1],49.49999999999994,10,1278.6000000000095,0.0,False,6
44,0,4,[1 2],861.5000000000073,0.5,0.5,0.18854852316456783,SI,[2 1],49.49999999999994,10,1278.6000000000095,0.0,False,6
45,0,0,[1 2],861.5000000000073,0.5,0.5,0.2880809638529852,SI,[2 1],49.49999999999994,10,1278.6000000000095,0.0,False,6
45,0,1,[1 2],861.5000000000073,0.5,0.5,0.2231602376447418,SI,[2 1],49.49999999999994,10,1278.6000000000095,0.0,False,6
45,0,2,[1 2],861.5000000000073,0.5,0.5,0.0263017187531579,SI,[2 1],49.49999999999994,10,1278.6000000000095,0.0,False,6
45,0,3,[1 2],861.5000000000073,0.5,0.5,0.46740988949896345,SI,[2 1],49.49999999999994,10,1278.6000000000095,0.0,False,6
45,0,4,[1 2],861.5000000000073,0.5,0.5,0.04753769977429312,SI,[2 1],49.49999999999994,10,1278.6000000000095,0.0,False,6
46,0,0,[1 2],861.5000000000073,0.5,0.5,0.15252067900896482,SI,[2 1],49.49999999999994,10,1278.6000000000095,0.0,False,6
46,0,1,[1 2],861.5000000000073,0.5,0.5,0.08809789230156384,SI,[2 1],49.49999999999994,10,1278.6000000000095,0.0,False,6
46,0,2,[1 2],861.5000000000073,0.5,0.5,0.3781553148021678,SI,[2 1],49.49999999999994,10,1278.6000000000095,0.0,False,6
46,0,3,[1 2],861.5000000000073,0.5,0.5,0.43920380587915797,SI,[2 1],49.49999999999994,10,1278.6000000000095,0.0,False,6
46,0,4,[1 2],861.5000000000073,0.5,0.5,0.03122791845682582,SI,[2 1],49.49999999999994,10,1278.6000000000095,0.0,False,6
47,0,0,[1 2],861.5000000000073,0.5,0.5,0.356622240543392,SI,[2 1],49.49999999999994,10,1278.6000000000095,0.0,False,6
47,0,1,[1 2],861.5000000000073,0.5,0.5,0.07365649101101557,SI,[2 1],49.49999999999994,10,1278.6000000000095,0.0,False,6
47,0,2,[1 2],861.5000000000073,0.5,0.5,0.17957376911656797,SI,[2 1],49.49999999999994,10,1278.6000000000095,0.0,False,6
47,0,3,[1 2],861.5000000000073,0.5,0.5,0.0018695237663536313,SI,[2 1],49.49999999999994,10,1278.6000000000095,0.0,False,6
47,0,4,[1 2],861.5000000000073,0.5,0.5,0.15504117940913087,SI,[2 1],49.49999999999994,10,1278.6000000000095,0.0,False,6
48,0,0,[1 2],861.5000000000073,0.5,0.5,0.3004577955985678,SI,[2 1],49.49999999999994,10,1278.6000000000095,0.0,False,6
48,0,1,[1 2],861.5000000000073,0.5,0.5,0.2747108308824533,SI,[2 1],49.49999999999994,10,1278.6000000000095,0.0,False,6
48,0,2,[1 2],861.5000000000073,0.5,0.5,0.27998725967018445,SI,[2 1],49.49999999999994,10,1278.6000000000095,0.0,False,6
48,0,3,[1 2],861.5000000000073,0.5,0.5,0.10353721199903931,SI,[2 1],49.49999999999994,10,1278.6000000000095,0.0,False,6
48,0,4,[1 2],861.5000000000073,0.5,0.5,0.3141176216134697,SI,[2 1],49.49999999999994,10,1278.6000000000095,0.0,False,6
49,0,0,[1 2],861.5000000000073,0.5,0.5,0.289821861252064,SI,[2 1],49.49999999999994,10,1278.6000000000095,0.0,False,6
49,0,1,[1 2],861.5000000000073,0.5,0.5,0.13803369613308314,SI,[2 1],49.49999999999994,10,1278.6000000000095,0.0,False,6
49,0,2,[1 2],861.5000000000073,0.5,0.5,0.19668767819916877,SI,[2 1],49.49999999999994,10,1278.6000000000095,0.0,False,6
49,0,3,[1 2],861.5000000000073,0.5,0.5,0.4123351087066447,SI,[2 1],49.49999999999994,10,1278.6000000000095,0.0,False,6
49,0,4,[1 2],861.5000000000073,0.5,0.5,0.31988603250337677,SI,[2 1],49.49999999999994,10,1278.6000000000095,0.0,False,6
50,0,0,[1 2],861.5000000000073,0.5,0.5,0.030357271841825573,SI,[2 1],49.49999999999994,10,1278.6000000000095,0.0,False,6
50,0,1,[1 2],861.5000000000073,0.5,0.5,0.3566024289683707,SI,[2 1],49.49999999999994,10,1278.6000000000095,0.0,False,6
50,0,2,[1 2],861.5000000000073,0.5,0.5,0.05617239649639838,SI,[2 1],49.49999999999994,10,1278.6000000000095,0.0,False,6
50,0,3,[1 2],861.5000000000073,0.5,0.5,0.2806138248723318,SI,[2 1],49.49999999999994,10,1278.6000000000095,0.0,False,6
50,0,4,[1 2],861.5000000000073,0.5,0.5,0.127623092653128,SI,[2 1],49.49999999999994,10,1278.6000000000095,0.0,False,6
0,6,0,[3 2 1],952.5,0.5,0.5,0.3825114799127196,SI,[3 1 2],52.5,10,996.6999999999971,0.0,False,7
0,6,1,[3 2 1],952.5,0.5,0.5,0.38711689011647377,SI,[3 1 2],52.5,10,996.6999999999971,0.0,False,7
0,6,2,[3 2 1],952.5,0.5,0.5,0.4844358287816938,SI,[3 1 2],52.5,10,996.6999999999971,0.0,False,7
0,6,3,[3 2 1],952.5,0.5,0.5,0.05977917318754744,SI,[3 1 2],52.5,10,996.6999999999971,0.0,False,7
0,6,4,[3 2 1],952.5,0.5,0.5,0.45432563271122783,SI,[3 1 2],52.5,10,996.6999999999971,0.0,False,7
1,0,0,[3 2 1],952.5,0.5,0.5,0.4715100171656359,SI,[3 1 2],52.5,10,996.6999999999971,0.0,False,7
1,0,1,[3 2 1],952.5,0.5,0.5,0.48056590389367915,SI,[3 1 2],52.5,10,996.6999999999971,0.0,False,7
1,0,2,[3 2 1],952.5,0.5,0.5,0.4168834264444543,SI,[3 1 2],52.5,10,996.6999999999971,0.0,False,7
1,0,3,[3 2 1],952.5,0.5,0.5,0.4340510718034628,SI,[3 1 2],52.5,10,996.6999999999971,0.0,False,7
1,0,4,[3 2 1],952.5,0.5,0.5,0.011411223178610763,SI,[3 1 2],52.5,10,996.6999999999971,0.0,False,7
2,0,0,[3 2 1],952.5,0.5,0.5,0.3628676217479776,SI,[3 1 2],52.5,10,996.6999999999971,0.0,False,7
2,0,1,[3 2 1],952.5,0.5,0.5,0.4507173412119019,SI,[1 2 3],89.0,10,979.5999999999985,0.0,False,7
2,0,2,[3 2 1],952.5,0.5,0.5,0.2517197988905455,SI,[3 1 2],52.5,10,996.6999999999971,0.0,False,7
2,0,3,[3 2 1],952.5,0.5,0.5,0.41967519090819316,SI,[3 1 2],52.5,10,996.6999999999971,0.0,False,7
2,0,4,[3 2 1],952.5,0.5,0.5,0.4983196176743169,SI,[3 1 2],52.5,10,996.6999999999971,0.0,False,7
3,0,0,[3 2 1],952.5,0.5,0.5,0.1385898272894771,SI,[3 1 2],52.5,10,996.6999999999971,0.0,False,7
3,0,1,[3 2 1],952.5,0.5,0.5,0.6927924728957477,MI,[1 2 3],89.0,10,979.5999999999985,0.0,False,7
3,0,2,[3 2 1],952.5,0.5,0.5,0.3481298139101312,SI,[3 1 2],52.5,10,996.6999999999971,0.0,False,7
3,0,3,[3 2 1],952.5,0.5,0.5,0.2013907903074016,SI,[3 1 2],52.5,10,996.6999999999971,0.0,False,7
3,0,4,[3 2 1],952.5,0.5,0.5,0.4187343927625964,SI,[3 1 2],52.5,10,996.6999999999971,0.0,False,7
4,0,0,[3 2 1],952.5,0.5,0.5,0.4622326990151754,SI,[3 1 2],52.5,10,996.6999999999971,0.0,False,7
4,0,1,[3 2 1],952.5,0.5,0.5,0.41148250446407186,SI,[3 1 2],52.5,10,996.6999999999971,0.0,False,7
4,0,2,[3 2 1],952.5,0.5,0.5,0.3779494599277132,SI,[3 1 2],52.5,10,996.6999999999971,0.0,False,7
4,0,3,[3 2 1],952.5,0.5,0.5,0.08975611708481124,SI,[3 1 2],52.5,10,996.6999999999971,0.0,False,7
4,0,4,[3 2 1],952.5,0.5,0.5,0.1803361627638863,SI,[3 1 2],52.5,10,996.6999999999971,0.0,False,7
5,0,0,[3 2 1],952.5,0.5,0.5,0.30633434681160576,SI,[3 1 2],52.5,10,996.6999999999971,0.0,False,7
5,0,1,[3 2 1],952.5,0.5,0.5,0.26196161534029627,SI,[3 1 2],52.5,10,996.6999999999971,0.0,False,7
5,0,2,[3 2 1],952.5,0.5,0.5,0.3391673431804797,SI,[3 1 2],52.5,10,996.6999999999971,0.0,False,7
5,0,3,[3 2 1],952.5,0.5,0.5,0.8117858878631153,MI,[1 2 3],89.0,10,979.5999999999985,0.0,False,7
5,0,4,[3 2 1],952.5,0.5,0.5,0.2151793135341954,SI,[3 1 2],52.5,10,996.6999999999971,0.0,False,7
6,0,0,[3 2 1],952.5,0.5,0.5,0.187532094505521,SI,[3 1 2],52.5,10,996.6999999999971,0.0,False,7
6,0,1,[3 2 1],952.5,0.5,0.5,0.23020467306003378,SI,[3 1 2],52.5,10,996.6999999999971,0.0,False,7
6,0,2,[3 2 1],952.5,0.5,0.5,0.4487009434212158,SI,[3 1 2],52.5,10,996.6999999999971,0.0,False,7
6,0,3,[3 2 1],952.5,0.5,0.5,0.5888642940486917,MI,[1 2 3],89.0,10,979.5999999999985,0.0,False,7
6,0,4,[3 2 1],952.5,0.5,0.5,0.03795577761364888,SI,[1 2 3],89.0,10,979.5999999999985,0.0,False,7
7,0,0,[3 2 1],952.5,0.5,0.5,0.08282243729822825,SI,[3 1 2],52.5,10,996.6999999999971,0.0,False,7
7,0,1,[3 2 1],952.5,0.5,0.5,0.38937264524005144,SI,[3 1 2],52.5,10,996.6999999999971,0.0,False,7
7,0,2,[3 2 1],952.5,0.5,0.5,0.71753203597861,MI,[1 2 3],89.0,10,979.5999999999985,0.0,False,7
7,0,3,[3 2 1],952.5,0.5,0.5,0.019481012406690423,SI,[3 1 2],52.5,10,996.6999999999971,0.0,False,7
7,0,4,[3 2 1],952.5,0.5,0.5,0.2718189042491582,SI,[3 1 2],52.5,10,996.6999999999971,0.0,False,7
8,0,0,[3 2 1],952.5,0.5,0.5,0.2758605447168303,SI,[3 1 2],52.5,10,996.6999999999971,0.0,False,7
8,0,1,[3 2 1],952.5,0.5,0.5,0.3431158423342189,SI,[3 1 2],52.5,10,996.6999999999971,0.0,False,7
8,0,2,[3 2 1],952.5,0.5,0.5,0.4960993015147678,SI,[3 1 2],52.5,10,996.6999999999971,0.0,False,7
8,0,3,[3 2 1],952.5,0.5,0.5,0.30604794798828094,SI,[3 1 2],52.5,10,996.6999999999971,0.0,False,7
8,0,4,[3 2 1],952.5,0.5,0.5,0.11735578268927616,SI,[3 1 2],52.5,10,996.6999999999971,0.0,False,7
9,0,0,[3 2 1],952.5,0.5,0.5,0.3802900405835946,SI,[3 1 2],52.5,10,996.6999999999971,0.0,False,7
9,0,1,[3 2 1],952.5,0.5,0.5,0.20588782636719682,SI,[3 1 2],52.5,10,996.6999999999971,0.0,False,7
9,0,2,[3 2 1],952.5,0.5,0.5,0.19156114125700519,SI,[3 1 2],52.5,10,996.6999999999971,0.0,False,7
9,0,3,[3 2 1],952.5,0.5,0.5,0.037449080178742156,SI,[3 1 2],52.5,10,996.6999999999971,0.0,False,7
9,0,4,[3 2 1],952.5,0.5,0.5,0.47145229945326783,SI,[3 1 2],52.5,10,996.6999999999971,0.0,False,7
10,0,0,[3 2 1],952.5,0.5,0.5,0.22797945830401778,SI,[3 1 2],52.5,10,996.6999999999971,0.0,False,7
10,0,1,[3 2 1],952.5,0.5,0.5,0.10444997315989357,SI,[3 1 2],52.5,10,996.6999999999971,0.0,False,7
10,0,2,[3 2 1],952.5,0.5,0.5,0.2599914751702074,SI,[3 1 2],52.5,10,996.6999999999971,0.0,False,7
10,0,3,[3 2 1],952.5,0.5,0.5,0.33706356692243233,SI,[3 1 2],52.5,10,996.6999999999971,0.0,False,7
10,0,4,[3 2 1],952.5,0.5,0.5,0.40631778849012334,SI,[3 1 2],52.5,10,996.6999999999971,0.0,False,7
11,0,0,[3 2 1],952.5,0.5,0.5,0.4637658343864838,SI,[3 1 2],52.5,10,996.6999999999971,0.0,False,7
11,0,1,[3 2 1],952.5,0.5,0.5,0.32725445614004,SI,[3 1 2],52.5,10,996.6999999999971,0.0,False,7
11,0,2,[3 2 1],952.5,0.5,0.5,0.20356903787035618,SI,[3 1 2],52.5,10,996.6999999999971,0.0,False,7
11,0,3,[3 2 1],952.5,0.5,0.5,0.029384627414068887,SI,[3 1 2],52.5,10,996.6999999999971,0.0,False,7
11,0,4,[3 2 1],952.5,0.5,0.5,0.13719101998316885,SI,[3 1 2],52.5,10,996.6999999999971,0.0,False,7
12,0,0,[3 2 1],952.5,0.5,0.5,0.1197818920791851,SI,[3 1 2],52.5,10,996.6999999999971,0.0,False,7
12,0,1,[3 2 1],952.5,0.5,0.5,0.06582318182128932,SI,[3 1 2],52.5,10,996.6999999999971,0.0,False,7
12,0,2,[3 2 1],952.5,0.5,0.5,0.3165496467473411,SI,[3 1 2],52.5,10,996.6999999999971,0.0,False,7
12,0,3,[3 2 1],952.5,0.5,0.5,0.4118817273707588,SI,[3 1 2],52.5,10,996.6999999999971,0.0,False,7
12,0,4,[3 2 1],952.5,0.5,0.5,0.4207214926787902,SI,[3 1 2],52.5,10,996.6999999999971,0.0,False,7
13,0,0,[3 2 1],952.5,0.5,0.5,0.17022243005395354,SI,[3 1 2],52.5,10,996.6999999999971,0.0,False,7
13,0,1,[3 2 1],952.5,0.5,0.5,0.40918974901106897,SI,[3 1 2],52.5,10,996.6999999999971,0.0,False,7
13,0,2,[3 2 1],952.5,0.5,0.5,0.9899838939021196,MI,[1 2 3],89.0,10,979.5999999999985,0.0,False,7
13,0,3,[3 2 1],952.5,0.5,0.5,0.03128144546297906,SI,[3 1 2],52.5,10,996.6999999999971,0.0,False,7
13,0,4,[3 2 1],952.5,0.5,0.5,0.1952194773692738,SI,[3 1 2],52.5,10,996.6999999999971,0.0,False,7
14,0,0,[3 2 1],952.5,0.5,0.5,0.37994766983478123,SI,[3 1 2],52.5,10,996.6999999999971,0.0,False,7
14,0,1,[3 2 1],952.5,0.5,0.5,0.026318614924904393,SI,[3 1 2],52.5,10,996.6999999999971,0.0,False,7
14,0,2,[3 2 1],952.5,0.5,0.5,0.38527016103273104,SI,[3 1 2],52.5,10,996.6999999999971,0.0,False,7
14,0,3,[3 2 1],952.5,0.5,0.5,0.1494995066153102,SI,[3 1 2],52.5,10,996.6999999999971,0.0,False,7
14,0,4,[3 2 1],952.5,0.5,0.5,0.3931211627492164,SI,[3 1 2],52.5,10,996.6999999999971,0.0,False,7
15,0,0,[3 2 1],952.5,0.5,0.5,0.12409406721302374,SI,[3 1 2],52.5,10,996.6999999999971,0.0,False,7
15,0,1,[3 2 1],952.5,0.5,0.5,0.49968032125749806,SI,[3 1 2],52.5,10,996.6999999999971,0.0,False,7
15,0,2,[3 2 1],952.5,0.5,0.5,0.49728672471132107,SI,[3 1 2],52.5,10,996.6999999999971,0.0,False,7
15,0,3,[3 2 1],952.5,0.5,0.5,0.4217526858328611,SI,[3 1 2],52.5,10,996.6999999999971,0.0,False,7
15,0,4,[3 2 1],952.5,0.5,0.5,0.17092895325300272,SI,[3 1 2],52.5,10,996.6999999999971,0.0,False,7
16,0,0,[3 2 1],952.5,0.5,0.5,0.3525325226861499,SI,[3 1 2],52.5,10,996.6999999999971,0.0,False,7
16,0,1,[3 2 1],952.5,0.5,0.5,0.8190223983633899,MI,[1 2 3],89.0,10,979.5999999999985,0.0,False,7
16,0,2,[3 2 1],952.5,0.5,0.5,0.04116335650155023,SI,[3 1 2],52.5,10,996.6999999999971,0.0,False,7
16,0,3,[3 2 1],952.5,0.5,0.5,0.3029949528860445,SI,[3 1 2],52.5,10,996.6999999999971,0.0,False,7
16,0,4,[3 2 1],952.5,0.5,0.5,0.5197034361468766,MI,[1 2 3],89.0,10,979.5999999999985,0.0,False,7
17,0,0,[3 2 1],952.5,0.5,0.5,0.3478380874278949,SI,[3 1 2],52.5,10,996.6999999999971,0.0,False,7
17,0,1,[3 2 1],952.5,0.5,0.5,0.34970422031468806,SI,[1 2 3],89.0,10,979.5999999999985,0.0,False,7
17,0,2,[3 2 1],952.5,0.5,0.5,0.31344882586968026,SI,[3 1 2],52.5,10,996.6999999999971,0.0,False,7
17,0,3,[3 2 1],952.5,0.5,0.5,0.21572819229600948,SI,[3 1 2],52.5,10,996.6999999999971,0.0,False,7
17,0,4,[3 2 1],952.5,0.5,0.5,0.49910840247528254,SI,[3 1 2],52.5,10,996.6999999999971,0.0,False,7
18,0,0,[3 2 1],952.5,0.5,0.5,0.06746101228592838,SI,[3 1 2],52.5,10,996.6999999999971,0.0,False,7
18,0,1,[3 2 1],952.5,0.5,0.5,0.2416442646630711,SI,[3 1 2],52.5,10,996.6999999999971,0.0,False,7
18,0,2,[3 2 1],952.5,0.5,0.5,0.08588874504100019,SI,[3 1 2],52.5,10,996.6999999999971,0.0,False,7
18,0,3,[3 2 1],952.5,0.5,0.5,0.5753332300816627,MI,[1 2 3],89.0,10,979.5999999999985,0.0,False,7
18,0,4,[3 2 1],952.5,0.5,0.5,0.2533979298945559,SI,[3 1 2],52.5,10,996.6999999999971,0.0,False,7
19,0,0,[3 2 1],952.5,0.5,0.5,0.17754040295707252,SI,[3 1 2],52.5,10,996.6999999999971,0.0,False,7
19,0,1,[3 2 1],952.5,0.5,0.5,0.26300558617021064,SI,[3 1 2],52.5,10,996.6999999999971,0.0,False,7
19,0,2,[3 2 1],952.5,0.5,0.5,0.3777935217778191,SI,[3 1 2],52.5,10,996.6999999999971,0.0,False,7
19,0,3,[3 2 1],952.5,0.5,0.5,0.050113330913467924,SI,[3 1 2],52.5,10,996.6999999999971,0.0,False,7
19,0,4,[3 2 1],952.5,0.5,0.5,0.1714441231744137,SI,[3 1 2],52.5,10,996.6999999999971,0.0,False,7
20,0,0,[3 2 1],952.5,0.5,0.5,0.033738144022749994,SI,[1 2 3],89.0,10,979.5999999999985,0.0,False,7
20,0,1,[3 2 1],952.5,0.5,0.5,0.42400646742227,SI,[3 1 2],52.5,10,996.6999999999971,0.0,False,7
20,0,2,[3 2 1],952.5,0.5,0.5,0.08203014081794635,SI,[1 2 3],89.0,10,979.5999999999985,0.0,False,7
20,0,3,[3 2 1],952.5,0.5,0.5,0.31769154622511375,SI,[3 1 2],52.5,10,996.6999999999971,0.0,False,7
20,0,4,[3 2 1],952.5,0.5,0.5,0.31806347668384416,SI,[3 1 2],52.5,10,996.6999999999971,0.0,False,7
21,0,0,[3 2 1],952.5,0.5,0.5,0.2913713385668055,SI,[3 1 2],52.5,10,996.6999999999971,0.0,False,7
21,0,1,[3 2 1],952.5,0.5,0.5,0.05238212528687869,SI,[3 1 2],52.5,10,996.6999999999971,0.0,False,7
21,0,2,[3 2 1],952.5,0.5,0.5,0.48756377359675473,SI,[3 1 2],52.5,10,996.6999999999971,0.0,False,7
21,0,3,[3 2 1],952.5,0.5,0.5,0.2682180861572938,SI,[3 1 2],52.5,10,996.6999999999971,0.0,False,7
21,0,4,[3 2 1],952.5,0.5,0.5,0.0003053370234976649,SI,[3 1 2],52.5,10,996.6999999999971,0.0,False,7
22,0,0,[3 2 1],952.5,0.5,0.5,0.4060831118237981,SI,[3 1 2],52.5,10,996.6999999999971,0.0,False,7
22,0,1,[3 2 1],952.5,0.5,0.5,0.2875691596403742,SI,[3 1 2],52.5,10,996.6999999999971,0.0,False,7
22,0,2,[3 2 1],952.5,0.5,0.5,0.2745614268860662,SI,[3 1 2],52.5,10,996.6999999999971,0.0,False,7
22,0,3,[3 2 1],952.5,0.5,0.5,0.7144803395101402,MI,[1 2 3],89.0,10,979.5999999999985,0.0,False,7
22,0,4,[3 2 1],952.5,0.5,0.5,0.6461659352539904,MI,[1 2 3],89.0,10,979.5999999999985,0.0,False,7
23,0,0,[3 2 1],952.5,0.5,0.5,0.30926512806903295,SI,[3 1 2],52.5,10,996.6999999999971,0.0,False,7
23,0,1,[3 2 1],952.5,0.5,0.5,0.20325795698973936,SI,[3 1 2],52.5,10,996.6999999999971,0.0,False,7
23,0,2,[3 2 1],952.5,0.5,0.5,0.056761362016025774,SI,[3 1 2],52.5,10,996.6999999999971,0.0,False,7
23,0,3,[3 2 1],952.5,0.5,0.5,0.1754523130299509,SI,[3 1 2],52.5,10,996.6999999999971,0.0,False,7
23,0,4,[3 2 1],952.5,0.5,0.5,0.3359492191099811,SI,[3 1 2],52.5,10,996.6999999999971,0.0,False,7
24,0,0,[3 2 1],952.5,0.5,0.5,0.24514608140927563,SI,[3 1 2],52.5,10,996.6999999999971,0.0,False,7
24,0,1,[3 2 1],952.5,0.5,0.5,0.9385158227423841,MI,[1 2 3],89.0,10,979.5999999999985,0.0,False,7
24,0,2,[3 2 1],952.5,0.5,0.5,0.161030676204726,SI,[3 1 2],52.5,10,996.6999999999971,0.0,False,7
24,0,3,[3 2 1],952.5,0.5,0.5,0.2349774679049974,SI,[3 1 2],52.5,10,996.6999999999971,0.0,False,7
24,0,4,[3 2 1],952.5,0.5,0.5,0.10237269585143172,SI,[1 2 3],89.0,10,979.5999999999985,0.0,False,7
25,0,0,[3 2 1],952.5,0.5,0.5,0.025685274050430307,SI,[3 1 2],52.5,10,996.6999999999971,0.0,False,7
25,0,1,[3 2 1],952.5,0.5,0.5,0.8527329708110112,MI,[1 2 3],89.0,10,979.5999999999985,0.0,False,7
25,0,2,[3 2 1],952.5,0.5,0.5,0.18899485727923282,SI,[3 1 2],52.5,10,996.6999999999971,0.0,False,7
25,0,3,[3 2 1],952.5,0.5,0.5,0.16537280322325942,SI,[3 1 2],52.5,10,996.6999999999971,0.0,False,7
25,0,4,[3 2 1],952.5,0.5,0.5,0.05330207782643592,SI,[3 1 2],52.5,10,996.6999999999971,0.0,False,7
26,0,0,[3 2 1],952.5,0.5,0.5,0.4520475144744259,SI,[3 1 2],52.5,10,996.6999999999971,0.0,False,7
26,0,1,[3 2 1],952.5,0.5,0.5,0.06467712290371519,SI,[3 1 2],52.5,10,996.6999999999971,0.0,False,7
26,0,2,[3 2 1],952.5,0.5,0.5,0.443473506422588,SI,[3 1 2],52.5,10,996.6999999999971,0.0,False,7
26,0,3,[3 2 1],952.5,0.5,0.5,0.1886435452021148,SI,[3 1 2],52.5,10,996.6999999999971,0.0,False,7
26,0,4,[3 2 1],952.5,0.5,0.5,0.46799802367195187,SI,[3 1 2],52.5,10,996.6999999999971,0.0,False,7
27,0,0,[3 2 1],952.5,0.5,0.5,0.37500880803097614,SI,[3 1 2],52.5,10,996.6999999999971,0.0,False,7
27,0,1,[3 2 1],952.5,0.5,0.5,0.45435936613375905,SI,[3 1 2],52.5,10,996.6999999999971,0.0,False,7
27,0,2,[3 2 1],952.5,0.5,0.5,0.16121193446926418,SI,[3 1 2],52.5,10,996.6999999999971,0.0,False,7
27,0,3,[3 2 1],952.5,0.5,0.5,0.3700714142532422,SI,[3 1 2],52.5,10,996.6999999999971,0.0,False,7
27,0,4,[3 2 1],952.5,0.5,0.5,0.05713668782849379,SI,[3 1 2],52.5,10,996.6999999999971,0.0,False,7
28,0,0,[3 2 1],952.5,0.5,0.5,0.15003414533810944,SI,[3 1 2],52.5,10,996.6999999999971,0.0,False,7
28,0,1,[3 2 1],952.5,0.5,0.5,0.2420486336157177,SI,[3 1 2],52.5,10,996.6999999999971,0.0,False,7
28,0,2,[3 2 1],952.5,0.5,0.5,0.2523224520790225,SI,[3 1 2],52.5,10,996.6999999999971,0.0,False,7
28,0,3,[3 2 1],952.5,0.5,0.5,0.4546784702504191,SI,[1 2 3],89.0,10,979.5999999999985,0.0,False,7
28,0,4,[3 2 1],952.5,0.5,0.5,0.17185880972942325,SI,[3 1 2],52.5,10,996.6999999999971,0.0,False,7
29,0,0,[3 2 1],952.5,0.5,0.5,0.14052294848388502,SI,[3 1 2],52.5,10,996.6999999999971,0.0,False,7
29,0,1,[3 2 1],952.5,0.5,0.5,0.3808852782814005,SI,[3 1 2],52.5,10,996.6999999999971,0.0,False,7
29,0,2,[3 2 1],952.5,0.5,0.5,0.25418734493507145,SI,[3 1 2],52.5,10,996.6999999999971,0.0,False,7
29,0,3,[3 2 1],952.5,0.5,0.5,0.08669279728212909,SI,[3 1 2],52.5,10,996.6999999999971,0.0,False,7
29,0,4,[3 2 1],952.5,0.5,0.5,0.07385936187596454,SI,[3 1 2],52.5,10,996.6999999999971,0.0,False,7
30,0,0,[3 2 1],952.5,0.5,0.5,0.07330360210917053,SI,[3 1 2],52.5,10,996.6999999999971,0.0,False,7
30,0,1,[3 2 1],952.5,0.5,0.5,0.447291451766769,SI,[3 1 2],52.5,10,996.6999999999971,0.0,False,7
30,0,2,[3 2 1],952.5,0.5,0.5,0.15039601868996422,SI,[3 1 2],52.5,10,996.6999999999971,0.0,False,7
30,0,3,[3 2 1],952.5,0.5,0.5,0.07439996666646842,SI,[3 1 2],52.5,10,996.6999999999971,0.0,False,7
30,0,4,[3 2 1],952.5,0.5,0.5,0.0009488035713949294,SI,[3 1 2],52.5,10,996.6999999999971,0.0,False,7
31,0,0,[3 2 1],952.5,0.5,0.5,0.35444323368831177,SI,[3 1 2],52.5,10,996.6999999999971,0.0,False,7
31,0,1,[3 2 1],952.5,0.5,0.5,0.400668172761412,SI,[3 1 2],52.5,10,996.6999999999971,0.0,False,7
31,0,2,[3 2 1],952.5,0.5,0.5,0.4471099110344594,SI,[3 1 2],52.5,10,996.6999999999971,0.0,False,7
31,0,3,[3 2 1],952.5,0.5,0.5,0.3187664682005069,SI,[3 1 2],52.5,10,996.6999999999971,0.0,False,7
31,0,4,[3 2 1],952.5,0.5,0.5,0.15042310061044895,SI,[3 1 2],52.5,10,996.6999999999971,0.0,False,7
32,0,0,[3 2 1],952.5,0.5,0.5,0.16092002229695745,SI,[3 1 2],52.5,10,996.6999999999971,0.0,False,7
32,0,1,[3 2 1],952.5,0.5,0.5,0.39941275546420385,SI,[3 1 2],52.5,10,996.6999999999971,0.0,False,7
32,0,2,[3 2 1],952.5,0.5,0.5,0.4515745860226178,SI,[3 1 2],52.5,10,996.6999999999971,0.0,False,7
32,0,3,[3 2 1],952.5,0.5,0.5,0.3901640286685889,SI,[1 2 3],89.0,10,979.5999999999985,0.0,False,7
32,0,4,[3 2 1],952.5,0.5,0.5,0.4696451319876819,SI,[3 1 2],52.5,10,996.6999999999971,0.0,False,7
33,0,0,[3 2 1],952.5,0.5,0.5,0.41406103040965014,SI,[3 1 2],52.5,10,996.6999999999971,0.0,False,7
33,0,1,[3 2 1],952.5,0.5,0.5,0.12133666995557346,SI,[3 1 2],52.5,10,996.6999999999971,0.0,False,7
33,0,2,[3 2 1],952.5,0.5,0.5,0.25213451213225735,SI,[3 1 2],52.5,10,996.6999999999971,0.0,False,7
33,0,3,[3 2 1],952.5,0.5,0.5,0.43506955175977113,SI,[3 1 2],52.5,10,996.6999999999971,0.0,False,7
33,0,4,[3 2 1],952.5,0.5,0.5,0.3109227234623039,SI,[3 1 2],52.5,10,996.6999999999971,0.0,False,7
34,0,0,[3 2 1],952.5,0.5,0.5,0.13146286923393002,SI,[3 1 2],52.5,10,996.6999999999971,0.0,False,7
34,0,1,[3 2 1],952.5,0.5,0.5,0.07381572368558231,SI,[3 1 2],52.5,10,996.6999999999971,0.0,False,7
34,0,2,[3 2 1],952.5,0.5,0.5,0.11547241515961126,SI,[3 1 2],52.5,10,996.6999999999971,0.0,False,7
34,0,3,[3 2 1],952.5,0.5,0.5,0.30869139999568307,SI,[3 1 2],52.5,10,996.6999999999971,0.0,False,7
34,0,4,[3 2 1],952.5,0.5,0.5,0.05623440677957159,SI,[1 2 3],89.0,10,979.5999999999985,0.0,False,7
35,0,0,[3 2 1],952.5,0.5,0.5,0.3401799484745055,SI,[3 1 2],52.5,10,996.6999999999971,0.0,False,7
35,0,1,[3 2 1],952.5,0.5,0.5,0.4412261933595689,SI,[3 1 2],52.5,10,996.6999999999971,0.0,False,7
35,0,2,[3 2 1],952.5,0.5,0.5,0.24807830495849714,SI,[3 1 2],52.5,10,996.6999999999971,0.0,False,7
35,0,3,[3 2 1],952.5,0.5,0.5,0.22618763139343712,SI,[3 1 2],52.5,10,996.6999999999971,0.0,False,7
35,0,4,[3 2 1],952.5,0.5,0.5,0.22705720431031373,SI,[3 1 2],52.5,10,996.6999999999971,0.0,False,7
36,0,0,[3 2 1],952.5,0.5,0.5,0.03928599216536166,SI,[3 1 2],52.5,10,996.6999999999971,0.0,False,7
36,0,1,[3 2 1],952.5,0.5,0.5,0.16940368009894713,SI,[3 1 2],52.5,10,996.6999999999971,0.0,False,7
36,0,2,[3 2 1],952.5,0.5,0.5,0.06091513542827809,SI,[3 1 2],52.5,10,996.6999999999971,0.0,False,7
36,0,3,[3 2 1],952.5,0.5,0.5,0.3858771990848331,SI,[3 1 2],52.5,10,996.6999999999971,0.0,False,7
36,0,4,[3 2 1],952.5,0.5,0.5,0.28204894703481065,SI,[3 1 2],52.5,10,996.6999999999971,0.0,False,7
37,0,0,[3 2 1],952.5,0.5,0.5,0.582537065819858,MI,[1 2 3],89.0,10,979.5999999999985,0.0,False,7
37,0,1,[3 2 1],952.5,0.5,0.5,0.3598996485097977,SI,[3 1 2],52.5,10,996.6999999999971,0.0,False,7
37,0,2,[3 2 1],952.5,0.5,0.5,0.46500877459207235,SI,[3 1 2],52.5,10,996.6999999999971,0.0,False,7
37,0,3,[3 2 1],952.5,0.5,0.5,0.7083639408116651,MI,[1 2 3],89.0,10,979.5999999999985,0.0,False,7
37,0,4,[3 2 1],952.5,0.5,0.5,0.42094135518974696,SI,[3 1 2],52.5,10,996.6999999999971,0.0,False,7
38,0,0,[3 2 1],952.5,0.5,0.5,0.21887201715922688,SI,[3 1 2],52.5,10,996.6999999999971,0.0,False,7
38,0,1,[3 2 1],952.5,0.5,0.5,0.40541206759836357,SI,[3 1 2],52.5,10,996.6999999999971,0.0,False,7
38,0,2,[3 2 1],952.5,0.5,0.5,0.0603024023615526,SI,[3 1 2],52.5,10,996.6999999999971,0.0,False,7
38,0,3,[3 2 1],952.5,0.5,0.5,0.3731352444323336,SI,[3 1 2],52.5,10,996.6999999999971,0.0,False,7
38,0,4,[3 2 1],952.5,0.5,0.5,0.2776969452750294,SI,[3 1 2],52.5,10,996.6999999999971,0.0,False,7
39,0,0,[3 2 1],952.5,0.5,0.5,0.37398385558322433,SI,[3 1 2],52.5,10,996.6999999999971,0.0,False,7
39,0,1,[3 2 1],952.5,0.5,0.5,0.29429259524616613,SI,[3 1 2],52.5,10,996.6999999999971,0.0,False,7
39,0,2,[3 2 1],952.5,0.5,0.5,0.6472943621754333,MI,[1 2 3],89.0,10,979.5999999999985,0.0,False,7
39,0,3,[3 2 1],952.5,0.5,0.5,0.07787254927516729,SI,[3 1 2],52.5,10,996.6999999999971,0.0,False,7
39,0,4,[3 2 1],952.5,0.5,0.5,0.21111748972862754,SI,[3 1 2],52.5,10,996.6999999999971,0.0,False,7
40,0,0,[3 2 1],952.5,0.5,0.5,0.34251684073146427,SI,[3 1 2],52.5,10,996.6999999999971,0.0,False,7
40,0,1,[3 2 1],952.5,0.5,0.5,0.46662426448878036,SI,[3 1 2],52.5,10,996.6999999999971,0.0,False,7
40,0,2,[3 2 1],952.5,0.5,0.5,0.340201222880396,SI,[3 1 2],52.5,10,996.6999999999971,0.0,False,7
40,0,3,[3 2 1],952.5,0.5,0.5,0.19148935535323053,SI,[3 1 2],52.5,10,996.6999999999971,0.0,False,7
40,0,4,[3 2 1],952.5,0.5,0.5,0.2961617271995024,SI,[3 1 2],52.5,10,996.6999999999971,0.0,False,7
41,0,0,[3 2 1],952.5,0.5,0.5,0.21965820741823738,SI,[3 1 2],52.5,10,996.6999999999971,0.0,False,7
41,0,1,[3 2 1],952.5,0.5,0.5,0.024061062597880323,SI,[3 1 2],52.5,10,996.6999999999971,0.0,False,7
41,0,2,[3 2 1],952.5,0.5,0.5,0.4342993392698542,SI,[1 2 3],89.0,10,979.5999999999985,0.0,False,7
41,0,3,[3 2 1],952.5,0.5,0.5,0.11053914291963607,SI,[3 1 2],52.5,10,996.6999999999971,0.0,False,7
41,0,4,[3 2 1],952.5,0.5,0.5,0.21814541403815513,SI,[3 1 2],52.5,10,996.6999999999971,0.0,False,7
42,0,0,[3 2 1],952.5,0.5,0.5,0.5863984177421225,MI,[1 2 3],89.0,10,979.5999999999985,0.0,False,7
42,0,1,[3 2 1],952.5,0.5,0.5,0.11570227254603527,SI,[3 1 2],52.5,10,996.6999999999971,0.0,False,7
42,0,2,[3 2 1],952.5,0.5,0.5,0.06193547783786957,SI,[3 1 2],52.5,10,996.6999999999971,0.0,False,7
42,0,3,[3 2 1],952.5,0.5,0.5,0.9084369663975335,MI,[1 2 3],89.0,10,979.5999999999985,0.0,False,7
42,0,4,[3 2 1],952.5,0.5,0.5,0.26251171490183667,SI,[3 1 2],52.5,10,996.6999999999971,0.0,False,7
43,0,0,[3 2 1],952.5,0.5,0.5,0.13064569862660913,SI,[3 1 2],52.5,10,996.6999999999971,0.0,False,7
43,0,1,[3 2 1],952.5,0.5,0.5,0.3660874399954216,SI,[3 1 2],52.5,10,996.6999999999971,0.0,False,7
43,0,2,[3 2 1],952.5,0.5,0.5,0.3770980473951948,SI,[3 1 2],52.5,10,996.6999999999971,0.0,False,7
43,0,3,[3 2 1],952.5,0.5,0.5,0.4635511719679337,SI,[3 1 2],52.5,10,996.6999999999971,0.0,False,7
43,0,4,[3 2 1],952.5,0.5,0.5,0.3767182471914867,SI,[3 1 2],52.5,10,996.6999999999971,0.0,False,7
44,0,0,[3 2 1],952.5,0.5,0.5,0.3179898684021206,SI,[3 1 2],52.5,10,996.6999999999971,0.0,False,7
44,0,1,[3 2 1],952.5,0.5,0.5,0.5075158618143648,MI,[1 2 3],89.0,10,979.5999999999985,0.0,False,7
44,0,2,[3 2 1],952.5,0.5,0.5,0.42849880782567806,SI,[3 1 2],52.5,10,996.6999999999971,0.0,False,7
44,0,3,[3 2 1],952.5,0.5,0.5,0.3963921920545783,SI,[3 1 2],52.5,10,996.6999999999971,0.0,False,7
44,0,4,[3 2 1],952.5,0.5,0.5,0.431469753810349,SI,[3 1 2],52.5,10,996.6999999999971,0.0,False,7
45,0,0,[3 2 1],952.5,0.5,0.5,0.0008453551344081989,SI,[3 1 2],52.5,10,996.6999999999971,0.0,False,7
45,0,1,[3 2 1],952.5,0.5,0.5,0.13401635250970767,SI,[3 1 2],52.5,10,996.6999999999971,0.0,False,7
45,0,2,[3 2 1],952.5,0.5,0.5,0.17530576052711078,SI,[3 1 2],52.5,10,996.6999999999971,0.0,False,7
45,0,3,[3 2 1],952.5,0.5,0.5,0.36442436663944433,SI,[3 1 2],52.5,10,996.6999999999971,0.0,False,7
45,0,4,[3 2 1],952.5,0.5,0.5,0.37658316824677174,SI,[3 1 2],52.5,10,996.6999999999971,0.0,False,7
46,0,0,[3 2 1],952.5,0.5,0.5,0.032752458016351405,SI,[3 1 2],52.5,10,996.6999999999971,0.0,False,7
46,0,1,[3 2 1],952.5,0.5,0.5,0.35475110342753013,SI,[3 1 2],52.5,10,996.6999999999971,0.0,False,7
46,0,2,[3 2 1],952.5,0.5,0.5,0.14172798759699734,SI,[3 1 2],52.5,10,996.6999999999971,0.0,False,7
46,0,3,[3 2 1],952.5,0.5,0.5,0.1375879539791538,SI,[3 1 2],52.5,10,996.6999999999971,0.0,False,7
46,0,4,[3 2 1],952.5,0.5,0.5,0.3533803312282725,SI,[3 1 2],52.5,10,996.6999999999971,0.0,False,7
47,0,0,[3 2 1],952.5,0.5,0.5,0.26206008537513326,SI,[3 1 2],52.5,10,996.6999999999971,0.0,False,7
47,0,1,[3 2 1],952.5,0.5,0.5,0.5234566064244849,MI,[1 2 3],89.0,10,979.5999999999985,0.0,False,7
47,0,2,[3 2 1],952.5,0.5,0.5,0.010018463826363844,SI,[3 1 2],52.5,10,996.6999999999971,0.0,False,7
47,0,3,[3 2 1],952.5,0.5,0.5,0.3475776906974064,SI,[3 1 2],52.5,10,996.6999999999971,0.0,False,7
47,0,4,[3 2 1],952.5,0.5,0.5,0.33090667810261,SI,[3 1 2],52.5,10,996.6999999999971,0.0,False,7
48,0,0,[3 2 1],952.5,0.5,0.5,0.3894003331385144,SI,[3 1 2],52.5,10,996.6999999999971,0.0,False,7
48,0,1,[3 2 1],952.5,0.5,0.5,0.3800701844866241,SI,[3 1 2],52.5,10,996.6999999999971,0.0,False,7
48,0,2,[3 2 1],952.5,0.5,0.5,0.4539514493727258,SI,[3 1 2],52.5,10,996.6999999999971,0.0,False,7
48,0,3,[3 2 1],952.5,0.5,0.5,0.08696717459466896,SI,[3 1 2],52.5,10,996.6999999999971,0.0,False,7
48,0,4,[3 2 1],952.5,0.5,0.5,0.6318671832776819,MI,[1 2 3],89.0,10,979.5999999999985,0.0,False,7
49,0,0,[3 2 1],952.5,0.5,0.5,0.32376033134137394,SI,[3 1 2],52.5,10,996.6999999999971,0.0,False,7
49,0,1,[3 2 1],952.5,0.5,0.5,0.23885472469626046,SI,[3 1 2],52.5,10,996.6999999999971,0.0,False,7
49,0,2,[3 2 1],952.5,0.5,0.5,0.19960990871311668,SI,[3 1 2],52.5,10,996.6999999999971,0.0,False,7
49,0,3,[3 2 1],952.5,0.5,0.5,0.577053807437237,MI,[1 2 3],89.0,10,979.5999999999985,0.0,False,7
49,0,4,[3 2 1],952.5,0.5,0.5,0.01353860120200101,SI,[3 1 2],52.5,10,996.6999999999971,0.0,False,7
50,0,0,[3 2 1],952.5,0.5,0.5,0.9573631096261126,MI,[1 2 3],89.0,10,979.5999999999985,0.0,False,7
50,0,1,[3 2 1],952.5,0.5,0.5,0.4816726157507485,SI,[3 1 2],52.5,10,996.6999999999971,0.0,False,7
50,0,2,[3 2 1],952.5,0.5,0.5,0.2643990383233883,SI,[3 1 2],52.5,10,996.6999999999971,0.0,False,7
50,0,3,[3 2 1],952.5,0.5,0.5,0.38597147353659333,SI,[3 1 2],52.5,10,996.6999999999971,0.0,False,7
50,0,4,[3 2 1],952.5,0.5,0.5,0.21034808815156925,SI,[3 1 2],52.5,10,996.6999999999971,0.0,False,7
0,2,0,[1 2],796.3000000000029,0.5,0.5,0.05784739905067404,SI,[2 1],116.90000000000003,10,884.4000000000015,0.0,False,8
0,2,1,[1 2],796.3000000000029,0.5,0.5,0.39058821705070246,SI,[2 1],116.90000000000003,10,884.4000000000015,0.0,False,8
0,2,2,[1 2],796.3000000000029,0.5,0.5,0.38839837453124826,SI,[2 1],116.90000000000003,10,884.4000000000015,0.0,False,8
0,2,3,[1 2],796.3000000000029,0.5,0.5,0.024284773881750654,SI,[2 1],116.90000000000003,10,884.4000000000015,0.0,False,8
0,2,4,[1 2],796.3000000000029,0.5,0.5,0.28034878077718306,SI,[2 1],116.90000000000003,10,884.4000000000015,0.0,False,8
1,0,0,[1 2],796.3000000000029,0.5,0.5,0.365662728447953,SI,[2 1],116.90000000000003,10,884.4000000000015,0.0,False,8
1,0,1,[1 2],796.3000000000029,0.5,0.5,0.30237953705139375,SI,[2 1],116.90000000000003,10,884.4000000000015,0.0,False,8
1,0,2,[1 2],796.3000000000029,0.5,0.5,0.37083786124686846,SI,[2 1],116.90000000000003,10,884.4000000000015,0.0,False,8
1,0,3,[1 2],796.3000000000029,0.5,0.5,0.24280367483811682,SI,[2 1],116.90000000000003,10,884.4000000000015,0.0,False,8
1,0,4,[1 2],796.3000000000029,0.5,0.5,0.0018233249830915677,SI,[2 1],116.90000000000003,10,884.4000000000015,0.0,False,8
2,0,0,[1 2],796.3000000000029,0.5,0.5,0.4009835462407124,SI,[2 1],116.90000000000003,10,884.4000000000015,0.0,False,8
2,0,1,[1 2],796.3000000000029,0.5,0.5,0.06601286530747241,SI,[2 1],116.90000000000003,10,884.4000000000015,0.0,False,8
2,0,2,[1 2],796.3000000000029,0.5,0.5,0.45322610921482387,SI,[2 1],116.90000000000003,10,884.4000000000015,0.0,False,8
2,0,3,[1 2],796.3000000000029,0.5,0.5,0.1068487991329673,SI,[2 1],116.90000000000003,10,884.4000000000015,0.0,False,8
2,0,4,[1 2],796.3000000000029,0.5,0.5,0.3005930503169718,SI,[2 1],116.90000000000003,10,884.4000000000015,0.0,False,8
3,0,0,[1 2],796.3000000000029,0.5,0.5,0.35521513303403784,SI,[2 1],116.90000000000003,10,884.4000000000015,0.0,False,8
3,0,1,[1 2],796.3000000000029,0.5,0.5,0.03814917849702226,SI,[2 1],116.90000000000003,10,884.4000000000015,0.0,False,8
3,0,2,[1 2],796.3000000000029,0.5,0.5,0.4292234989885916,SI,[2 1],116.90000000000003,10,884.4000000000015,0.0,False,8
3,0,3,[1 2],796.3000000000029,0.5,0.5,0.4790008769045617,SI,[2 1],116.90000000000003,10,884.4000000000015,0.0,False,8
3,0,4,[1 2],796.3000000000029,0.5,0.5,0.44826705760134034,SI,[2 1],116.90000000000003,10,884.4000000000015,0.0,False,8
4,0,0,[1 2],796.3000000000029,0.5,0.5,0.13583234322521864,SI,[2 1],116.90000000000003,10,884.4000000000015,0.0,False,8
4,0,1,[1 2],796.3000000000029,0.5,0.5,0.02300456456967237,SI,[2 1],116.90000000000003,10,884.4000000000015,0.0,False,8
4,0,2,[1 2],796.3000000000029,0.5,0.5,0.1593834459626835,SI,[2 1],116.90000000000003,10,884.4000000000015,0.0,False,8
4,0,3,[1 2],796.3000000000029,0.5,0.5,0.27273676011026116,SI,[2 1],116.90000000000003,10,884.4000000000015,0.0,False,8
4,0,4,[1 2],796.3000000000029,0.5,0.5,0.29695970395417104,SI,[2 1],116.90000000000003,10,884.4000000000015,0.0,False,8
5,0,0,[1 2],796.3000000000029,0.5,0.5,0.0720914218279024,SI,[2 1],116.90000000000003,10,884.4000000000015,0.0,False,8
5,0,1,[1 2],796.3000000000029,0.5,0.5,0.4222306717227945,SI,[2 1],116.90000000000003,10,884.4000000000015,0.0,False,8
5,0,2,[1 2],796.3000000000029,0.5,0.5,0.31548227018389696,SI,[2 1],116.90000000000003,10,884.4000000000015,0.0,False,8
5,0,3,[1 2],796.3000000000029,0.5,0.5,0.3860559503918539,SI,[2 1],116.90000000000003,10,884.4000000000015,0.0,False,8
5,0,4,[1 2],796.3000000000029,0.5,0.5,0.18985723028011736,SI,[2 1],116.90000000000003,10,884.4000000000015,0.0,False,8
6,0,0,[1 2],796.3000000000029,0.5,0.5,0.16737592077450503,SI,[2 1],116.90000000000003,10,884.4000000000015,0.0,False,8
6,0,1,[1 2],796.3000000000029,0.5,0.5,0.012134625653205777,SI,[2 1],116.90000000000003,10,884.4000000000015,0.0,False,8
6,0,2,[1 2],796.3000000000029,0.5,0.5,0.159006554791278,SI,[2 1],116.90000000000003,10,884.4000000000015,0.0,False,8
6,0,3,[1 2],796.3000000000029,0.5,0.5,0.2680321462785028,SI,[2 1],116.90000000000003,10,884.4000000000015,0.0,False,8
6,0,4,[1 2],796.3000000000029,0.5,0.5,0.49407030815623043,SI,[2 1],116.90000000000003,10,884.4000000000015,0.0,False,8
7,0,0,[1 2],796.3000000000029,0.5,0.5,0.1694809943068365,SI,[2 1],116.90000000000003,10,884.4000000000015,0.0,False,8
7,0,1,[1 2],796.3000000000029,0.5,0.5,0.012802706322845636,SI,[2 1],116.90000000000003,10,884.4000000000015,0.0,False,8
7,0,2,[1 2],796.3000000000029,0.5,0.5,0.11411957319024013,SI,[2 1],116.90000000000003,10,884.4000000000015,0.0,False,8
7,0,3,[1 2],796.3000000000029,0.5,0.5,0.04741685685580799,SI,[2 1],116.90000000000003,10,884.4000000000015,0.0,False,8
7,0,4,[1 2],796.3000000000029,0.5,0.5,0.46337044541426775,SI,[2 1],116.90000000000003,10,884.4000000000015,0.0,False,8
8,0,0,[1 2],796.3000000000029,0.5,0.5,0.33365540977195485,SI,[2 1],116.90000000000003,10,884.4000000000015,0.0,False,8
8,0,1,[1 2],796.3000000000029,0.5,0.5,0.1049042961812362,SI,[2 1],116.90000000000003,10,884.4000000000015,0.0,False,8
8,0,2,[1 2],796.3000000000029,0.5,0.5,0.4029209295135665,SI,[2 1],116.90000000000003,10,884.4000000000015,0.0,False,8
8,0,3,[1 2],796.3000000000029,0.5,0.5,0.37690633882830504,SI,[2 1],116.90000000000003,10,884.4000000000015,0.0,False,8
8,0,4,[1 2],796.3000000000029,0.5,0.5,0.03233558212177423,SI,[2 1],116.90000000000003,10,884.4000000000015,0.0,False,8
9,0,0,[1 2],796.3000000000029,0.5,0.5,0.17029250789799155,SI,[2 1],116.90000000000003,10,884.4000000000015,0.0,False,8
9,0,1,[1 2],796.3000000000029,0.5,0.5,0.44327424970847107,SI,[2 1],116.90000000000003,10,884.4000000000015,0.0,False,8
9,0,2,[1 2],796.3000000000029,0.5,0.5,0.09010250088033389,SI,[2 1],116.90000000000003,10,884.4000000000015,0.0,False,8
9,0,3,[1 2],796.3000000000029,0.5,0.5,0.49934383681449535,SI,[2 1],116.90000000000003,10,884.4000000000015,0.0,False,8
9,0,4,[1 2],796.3000000000029,0.5,0.5,0.1827786593031857,SI,[2 1],116.90000000000003,10,884.4000000000015,0.0,False,8
10,0,0,[1 2],796.3000000000029,0.5,0.5,0.11915527702982187,SI,[2 1],116.90000000000003,10,884.4000000000015,0.0,False,8
10,0,1,[1 2],796.3000000000029,0.5,0.5,0.25459412804258774,SI,[2 1],116.90000000000003,10,884.4000000000015,0.0,False,8
10,0,2,[1 2],796.3000000000029,0.5,0.5,0.06494242308028131,SI,[2 1],116.90000000000003,10,884.4000000000015,0.0,False,8
10,0,3,[1 2],796.3000000000029,0.5,0.5,0.2715038457352057,SI,[2 1],116.90000000000003,10,884.4000000000015,0.0,False,8
10,0,4,[1 2],796.3000000000029,0.5,0.5,0.14294646433374592,SI,[2 1],116.90000000000003,10,884.4000000000015,0.0,False,8
11,0,0,[1 2],796.3000000000029,0.5,0.5,0.4387093779969826,SI,[2 1],116.90000000000003,10,884.4000000000015,0.0,False,8
11,0,1,[1 2],796.3000000000029,0.5,0.5,0.09342086329041521,SI,[2 1],116.90000000000003,10,884.4000000000015,0.0,False,8
11,0,2,[1 2],796.3000000000029,0.5,0.5,0.20090948462805835,SI,[2 1],116.90000000000003,10,884.4000000000015,0.0,False,8
11,0,3,[1 2],796.3000000000029,0.5,0.5,0.21765947836962807,SI,[2 1],116.90000000000003,10,884.4000000000015,0.0,False,8
11,0,4,[1 2],796.3000000000029,0.5,0.5,0.19735151545317653,SI,[2 1],116.90000000000003,10,884.4000000000015,0.0,False,8
12,0,0,[1 2],796.3000000000029,0.5,0.5,0.20032879011664217,SI,[2 1],116.90000000000003,10,884.4000000000015,0.0,False,8
12,0,1,[1 2],796.3000000000029,0.5,0.5,0.0678200342440266,SI,[2 1],116.90000000000003,10,884.4000000000015,0.0,False,8
12,0,2,[1 2],796.3000000000029,0.5,0.5,0.2479191430451656,SI,[2 1],116.90000000000003,10,884.4000000000015,0.0,False,8
12,0,3,[1 2],796.3000000000029,0.5,0.5,0.13507836284470054,SI,[2 1],116.90000000000003,10,884.4000000000015,0.0,False,8
12,0,4,[1 2],796.3000000000029,0.5,0.5,0.24808165144785355,SI,[2 1],116.90000000000003,10,884.4000000000015,0.0,False,8
13,0,0,[1 2],796.3000000000029,0.5,0.5,0.17666966021236108,SI,[2 1],116.90000000000003,10,884.4000000000015,0.0,False,8
13,0,1,[1 2],796.3000000000029,0.5,0.5,0.4879692491264085,SI,[2 1],116.90000000000003,10,884.4000000000015,0.0,False,8
13,0,2,[1 2],796.3000000000029,0.5,0.5,0.0708775222567144,SI,[2 1],116.90000000000003,10,884.4000000000015,0.0,False,8
13,0,3,[1 2],796.3000000000029,0.5,0.5,0.3185175827006804,SI,[2 1],116.90000000000003,10,884.4000000000015,0.0,False,8
13,0,4,[1 2],796.3000000000029,0.5,0.5,0.19106178755818104,SI,[2 1],116.90000000000003,10,884.4000000000015,0.0,False,8
14,0,0,[1 2],796.3000000000029,0.5,0.5,0.3156193220503013,SI,[2 1],116.90000000000003,10,884.4000000000015,0.0,False,8
14,0,1,[1 2],796.3000000000029,0.5,0.5,0.023886141640815817,SI,[2 1],116.90000000000003,10,884.4000000000015,0.0,False,8
14,0,2,[1 2],796.3000000000029,0.5,0.5,0.10794385775169069,SI,[2 1],116.90000000000003,10,884.4000000000015,0.0,False,8
14,0,3,[1 2],796.3000000000029,0.5,0.5,0.21617743721467264,SI,[2 1],116.90000000000003,10,884.4000000000015,0.0,False,8
14,0,4,[1 2],796.3000000000029,0.5,0.5,0.1873732458472993,SI,[2 1],116.90000000000003,10,884.4000000000015,0.0,False,8
15,0,0,[1 2],796.3000000000029,0.5,0.5,0.33315760855325294,SI,[2 1],116.90000000000003,10,884.4000000000015,0.0,False,8
15,0,1,[1 2],796.3000000000029,0.5,0.5,0.4895451471711638,SI,[2 1],116.90000000000003,10,884.4000000000015,0.0,False,8
15,0,2,[1 2],796.3000000000029,0.5,0.5,0.0037957991905996913,SI,[2 1],116.90000000000003,10,884.4000000000015,0.0,False,8
15,0,3,[1 2],796.3000000000029,0.5,0.5,0.2751868697863462,SI,[2 1],116.90000000000003,10,884.4000000000015,0.0,False,8
15,0,4,[1 2],796.3000000000029,0.5,0.5,0.2860087837863109,SI,[2 1],116.90000000000003,10,884.4000000000015,0.0,False,8
16,0,0,[1 2],796.3000000000029,0.5,0.5,0.37789153152620947,SI,[2 1],116.90000000000003,10,884.4000000000015,0.0,False,8
16,0,1,[1 2],796.3000000000029,0.5,0.5,0.2654662393657733,SI,[2 1],116.90000000000003,10,884.4000000000015,0.0,False,8
16,0,2,[1 2],796.3000000000029,0.5,0.5,0.4803505123376983,SI,[2 1],116.90000000000003,10,884.4000000000015,0.0,False,8
16,0,3,[1 2],796.3000000000029,0.5,0.5,0.17185732681332766,SI,[2 1],116.90000000000003,10,884.4000000000015,0.0,False,8
16,0,4,[1 2],796.3000000000029,0.5,0.5,0.4287030511884411,SI,[2 1],116.90000000000003,10,884.4000000000015,0.0,False,8
17,0,0,[1 2],796.3000000000029,0.5,0.5,0.17988859318253436,SI,[2 1],116.90000000000003,10,884.4000000000015,0.0,False,8
17,0,1,[1 2],796.3000000000029,0.5,0.5,0.38578813246910304,SI,[2 1],116.90000000000003,10,884.4000000000015,0.0,False,8
17,0,2,[1 2],796.3000000000029,0.5,0.5,0.005551463663703959,SI,[2 1],116.90000000000003,10,884.4000000000015,0.0,False,8
17,0,3,[1 2],796.3000000000029,0.5,0.5,0.247100651254345,SI,[2 1],116.90000000000003,10,884.4000000000015,0.0,False,8
17,0,4,[1 2],796.3000000000029,0.5,0.5,0.22462414137485676,SI,[2 1],116.90000000000003,10,884.4000000000015,0.0,False,8
18,0,0,[1 2],796.3000000000029,0.5,0.5,0.4515106027790736,SI,[2 1],116.90000000000003,10,884.4000000000015,0.0,False,8
18,0,1,[1 2],796.3000000000029,0.5,0.5,0.1979423046288029,SI,[2 1],116.90000000000003,10,884.4000000000015,0.0,False,8
18,0,2,[1 2],796.3000000000029,0.5,0.5,0.17867674123719746,SI,[2 1],116.90000000000003,10,884.4000000000015,0.0,False,8
18,0,3,[1 2],796.3000000000029,0.5,0.5,0.1743894124544232,SI,[2 1],116.90000000000003,10,884.4000000000015,0.0,False,8
18,0,4,[1 2],796.3000000000029,0.5,0.5,0.3526025674093005,SI,[2 1],116.90000000000003,10,884.4000000000015,0.0,False,8
19,0,0,[1 2],796.3000000000029,0.5,0.5,0.37345197157471,SI,[2 1],116.90000000000003,10,884.4000000000015,0.0,False,8
19,0,1,[1 2],796.3000000000029,0.5,0.5,0.21670107882572698,SI,[2 1],116.90000000000003,10,884.4000000000015,0.0,False,8
19,0,2,[1 2],796.3000000000029,0.5,0.5,0.23250815997839325,SI,[2 1],116.90000000000003,10,884.4000000000015,0.0,False,8
19,0,3,[1 2],796.3000000000029,0.5,0.5,0.003149889457287447,SI,[2 1],116.90000000000003,10,884.4000000000015,0.0,False,8
19,0,4,[1 2],796.3000000000029,0.5,0.5,0.1846310752069794,SI,[2 1],116.90000000000003,10,884.4000000000015,0.0,False,8
20,0,0,[1 2],796.3000000000029,0.5,0.5,0.22880918180268273,SI,[2 1],116.90000000000003,10,884.4000000000015,0.0,False,8
20,0,1,[1 2],796.3000000000029,0.5,0.5,0.34476354441865387,SI,[2 1],116.90000000000003,10,884.4000000000015,0.0,False,8
20,0,2,[1 2],796.3000000000029,0.5,0.5,0.1758983137014909,SI,[2 1],116.90000000000003,10,884.4000000000015,0.0,False,8
20,0,3,[1 2],796.3000000000029,0.5,0.5,0.22271950728451895,SI,[2 1],116.90000000000003,10,884.4000000000015,0.0,False,8
20,0,4,[1 2],796.3000000000029,0.5,0.5,0.40220252990797367,SI,[2 1],116.90000000000003,10,884.4000000000015,0.0,False,8
21,0,0,[1 2],796.3000000000029,0.5,0.5,0.17489977478074792,SI,[2 1],116.90000000000003,10,884.4000000000015,0.0,False,8
21,0,1,[1 2],796.3000000000029,0.5,0.5,0.1840031711677943,SI,[2 1],116.90000000000003,10,884.4000000000015,0.0,False,8
21,0,2,[1 2],796.3000000000029,0.5,0.5,0.08826475814708423,SI,[2 1],116.90000000000003,10,884.4000000000015,0.0,False,8
21,0,3,[1 2],796.3000000000029,0.5,0.5,0.13210789624812525,SI,[2 1],116.90000000000003,10,884.4000000000015,0.0,False,8
21,0,4,[1 2],796.3000000000029,0.5,0.5,0.38579148746972525,SI,[2 1],116.90000000000003,10,884.4000000000015,0.0,False,8
22,0,0,[1 2],796.3000000000029,0.5,0.5,0.3785831979990646,SI,[2 1],116.90000000000003,10,884.4000000000015,0.0,False,8
22,0,1,[1 2],796.3000000000029,0.5,0.5,0.4296650104182099,SI,[2 1],116.90000000000003,10,884.4000000000015,0.0,False,8
22,0,2,[1 2],796.3000000000029,0.5,0.5,0.048044294691357625,SI,[2 1],116.90000000000003,10,884.4000000000015,0.0,False,8
22,0,3,[1 2],796.3000000000029,0.5,0.5,0.1547053771793836,SI,[2 1],116.90000000000003,10,884.4000000000015,0.0,False,8
22,0,4,[1 2],796.3000000000029,0.5,0.5,0.08564536191078287,SI,[2 1],116.90000000000003,10,884.4000000000015,0.0,False,8
23,0,0,[1 2],796.3000000000029,0.5,0.5,0.14570050369859322,SI,[2 1],116.90000000000003,10,884.4000000000015,0.0,False,8
23,0,1,[1 2],796.3000000000029,0.5,0.5,0.23497984791380988,SI,[2 1],116.90000000000003,10,884.4000000000015,0.0,False,8
23,0,2,[1 2],796.3000000000029,0.5,0.5,0.47872582004692943,SI,[2 1],116.90000000000003,10,884.4000000000015,0.0,False,8
23,0,3,[1 2],796.3000000000029,0.5,0.5,0.3445380006902845,SI,[2 1],116.90000000000003,10,884.4000000000015,0.0,False,8
23,0,4,[1 2],796.3000000000029,0.5,0.5,0.32760195106121215,SI,[2 1],116.90000000000003,10,884.4000000000015,0.0,False,8
24,0,0,[1 2],796.3000000000029,0.5,0.5,0.41496916358562863,SI,[2 1],116.90000000000003,10,884.4000000000015,0.0,False,8
24,0,1,[1 2],796.3000000000029,0.5,0.5,0.2740602148326563,SI,[2 1],116.90000000000003,10,884.4000000000015,0.0,False,8
24,0,2,[1 2],796.3000000000029,0.5,0.5,0.4092209713323718,SI,[2 1],116.90000000000003,10,884.4000000000015,0.0,False,8
24,0,3,[1 2],796.3000000000029,0.5,0.5,0.2094504948126803,SI,[2 1],116.90000000000003,10,884.4000000000015,0.0,False,8
24,0,4,[1 2],796.3000000000029,0.5,0.5,0.2600664834616304,SI,[2 1],116.90000000000003,10,884.4000000000015,0.0,False,8
25,0,0,[1 2],796.3000000000029,0.5,0.5,0.3373172538478224,SI,[2 1],116.90000000000003,10,884.4000000000015,0.0,False,8
25,0,1,[1 2],796.3000000000029,0.5,0.5,0.42145195402024904,SI,[2 1],116.90000000000003,10,884.4000000000015,0.0,False,8
25,0,2,[1 2],796.3000000000029,0.5,0.5,0.47985743506236345,SI,[2 1],116.90000000000003,10,884.4000000000015,0.0,False,8
25,0,3,[1 2],796.3000000000029,0.5,0.5,0.437873930885333,SI,[2 1],116.90000000000003,10,884.4000000000015,0.0,False,8
25,0,4,[1 2],796.3000000000029,0.5,0.5,0.43383648030547584,SI,[2 1],116.90000000000003,10,884.4000000000015,0.0,False,8
26,0,0,[1 2],796.3000000000029,0.5,0.5,0.343371968275313,SI,[2 1],116.90000000000003,10,884.4000000000015,0.0,False,8
26,0,1,[1 2],796.3000000000029,0.5,0.5,0.14310024577854075,SI,[2 1],116.90000000000003,10,884.4000000000015,0.0,False,8
26,0,2,[1 2],796.3000000000029,0.5,0.5,0.2025595906390799,SI,[2 1],116.90000000000003,10,884.4000000000015,0.0,False,8
26,0,3,[1 2],796.3000000000029,0.5,0.5,0.13660943285601224,SI,[2 1],116.90000000000003,10,884.4000000000015,0.0,False,8
26,0,4,[1 2],796.3000000000029,0.5,0.5,0.2568783957832166,SI,[2 1],116.90000000000003,10,884.4000000000015,0.0,False,8
27,0,0,[1 2],796.3000000000029,0.5,0.5,0.4982959812797988,SI,[2 1],116.90000000000003,10,884.4000000000015,0.0,False,8
27,0,1,[1 2],796.3000000000029,0.5,0.5,0.39164569866378285,SI,[2 1],116.90000000000003,10,884.4000000000015,0.0,False,8
27,0,2,[1 2],796.3000000000029,0.5,0.5,0.08980861315503363,SI,[2 1],116.90000000000003,10,884.4000000000015,0.0,False,8
27,0,3,[1 2],796.3000000000029,0.5,0.5,0.2019341912988184,SI,[2 1],116.90000000000003,10,884.4000000000015,0.0,False,8
27,0,4,[1 2],796.3000000000029,0.5,0.5,0.3752877228249568,SI,[2 1],116.90000000000003,10,884.4000000000015,0.0,False,8
28,0,0,[1 2],796.3000000000029,0.5,0.5,0.16790276297694007,SI,[2 1],116.90000000000003,10,884.4000000000015,0.0,False,8
28,0,1,[1 2],796.3000000000029,0.5,0.5,0.03908357154232589,SI,[2 1],116.90000000000003,10,884.4000000000015,0.0,False,8
28,0,2,[1 2],796.3000000000029,0.5,0.5,0.33772517309488514,SI,[2 1],116.90000000000003,10,884.4000000000015,0.0,False,8
28,0,3,[1 2],796.3000000000029,0.5,0.5,0.4447038301920839,SI,[2 1],116.90000000000003,10,884.4000000000015,0.0,False,8
28,0,4,[1 2],796.3000000000029,0.5,0.5,0.01653012740330073,SI,[2 1],116.90000000000003,10,884.4000000000015,0.0,False,8
29,0,0,[1 2],796.3000000000029,0.5,0.5,0.470583383637291,SI,[2 1],116.90000000000003,10,884.4000000000015,0.0,False,8
29,0,1,[1 2],796.3000000000029,0.5,0.5,0.19823870444773184,SI,[2 1],116.90000000000003,10,884.4000000000015,0.0,False,8
29,0,2,[1 2],796.3000000000029,0.5,0.5,0.13836349886682142,SI,[2 1],116.90000000000003,10,884.4000000000015,0.0,False,8
29,0,3,[1 2],796.3000000000029,0.5,0.5,0.07226958725701638,SI,[2 1],116.90000000000003,10,884.4000000000015,0.0,False,8
29,0,4,[1 2],796.3000000000029,0.5,0.5,0.3473648490041169,SI,[2 1],116.90000000000003,10,884.4000000000015,0.0,False,8
30,0,0,[1 2],796.3000000000029,0.5,0.5,0.08504287408510758,SI,[2 1],116.90000000000003,10,884.4000000000015,0.0,False,8
30,0,1,[1 2],796.3000000000029,0.5,0.5,0.3552912289437743,SI,[2 1],116.90000000000003,10,884.4000000000015,0.0,False,8
30,0,2,[1 2],796.3000000000029,0.5,0.5,0.22398328368228948,SI,[2 1],116.90000000000003,10,884.4000000000015,0.0,False,8
30,0,3,[1 2],796.3000000000029,0.5,0.5,0.0985837679669237,SI,[2 1],116.90000000000003,10,884.4000000000015,0.0,False,8
30,0,4,[1 2],796.3000000000029,0.5,0.5,0.42262283410737345,SI,[2 1],116.90000000000003,10,884.4000000000015,0.0,False,8
31,0,0,[1 2],796.3000000000029,0.5,0.5,0.44619967996800725,SI,[2 1],116.90000000000003,10,884.4000000000015,0.0,False,8
31,0,1,[1 2],796.3000000000029,0.5,0.5,0.018890773920462567,SI,[2 1],116.90000000000003,10,884.4000000000015,0.0,False,8
31,0,2,[1 2],796.3000000000029,0.5,0.5,0.010526831275344262,SI,[2 1],116.90000000000003,10,884.4000000000015,0.0,False,8
31,0,3,[1 2],796.3000000000029,0.5,0.5,0.22804380044424233,SI,[2 1],116.90000000000003,10,884.4000000000015,0.0,False,8
31,0,4,[1 2],796.3000000000029,0.5,0.5,0.04873796542169184,SI,[2 1],116.90000000000003,10,884.4000000000015,0.0,False,8
32,0,0,[1 2],796.3000000000029,0.5,0.5,0.3234460471431895,SI,[2 1],116.90000000000003,10,884.4000000000015,0.0,False,8
32,0,1,[1 2],796.3000000000029,0.5,0.5,0.23283259101884035,SI,[2 1],116.90000000000003,10,884.4000000000015,0.0,False,8
32,0,2,[1 2],796.3000000000029,0.5,0.5,0.4053853560995341,SI,[2 1],116.90000000000003,10,884.4000000000015,0.0,False,8
32,0,3,[1 2],796.3000000000029,0.5,0.5,0.24681042405905285,SI,[2 1],116.90000000000003,10,884.4000000000015,0.0,False,8
32,0,4,[1 2],796.3000000000029,0.5,0.5,0.47893926321794844,SI,[2 1],116.90000000000003,10,884.4000000000015,0.0,False,8
33,0,0,[1 2],796.3000000000029,0.5,0.5,0.4228993063187234,SI,[2 1],116.90000000000003,10,884.4000000000015,0.0,False,8
33,0,1,[1 2],796.3000000000029,0.5,0.5,0.4803079885843904,SI,[2 1],116.90000000000003,10,884.4000000000015,0.0,False,8
33,0,2,[1 2],796.3000000000029,0.5,0.5,0.3105380794412418,SI,[2 1],116.90000000000003,10,884.4000000000015,0.0,False,8
33,0,3,[1 2],796.3000000000029,0.5,0.5,0.10162978548017965,SI,[2 1],116.90000000000003,10,884.4000000000015,0.0,False,8
33,0,4,[1 2],796.3000000000029,0.5,0.5,0.2723590016467927,SI,[2 1],116.90000000000003,10,884.4000000000015,0.0,False,8
34,0,0,[1 2],796.3000000000029,0.5,0.5,0.45508647347511155,SI,[2 1],116.90000000000003,10,884.4000000000015,0.0,False,8
34,0,1,[1 2],796.3000000000029,0.5,0.5,0.4535807366620025,SI,[2 1],116.90000000000003,10,884.4000000000015,0.0,False,8
34,0,2,[1 2],796.3000000000029,0.5,0.5,0.33373955891295326,SI,[2 1],116.90000000000003,10,884.4000000000015,0.0,False,8
34,0,3,[1 2],796.3000000000029,0.5,0.5,0.29525594743627903,SI,[2 1],116.90000000000003,10,884.4000000000015,0.0,False,8
34,0,4,[1 2],796.3000000000029,0.5,0.5,0.06894792262309668,SI,[2 1],116.90000000000003,10,884.4000000000015,0.0,False,8
35,0,0,[1 2],796.3000000000029,0.5,0.5,0.47727545249028924,SI,[2 1],116.90000000000003,10,884.4000000000015,0.0,False,8
35,0,1,[1 2],796.3000000000029,0.5,0.5,0.45769830826809743,SI,[2 1],116.90000000000003,10,884.4000000000015,0.0,False,8
35,0,2,[1 2],796.3000000000029,0.5,0.5,0.2420627011870493,SI,[2 1],116.90000000000003,10,884.4000000000015,0.0,False,8
35,0,3,[1 2],796.3000000000029,0.5,0.5,0.4555483124159919,SI,[2 1],116.90000000000003,10,884.4000000000015,0.0,False,8
35,0,4,[1 2],796.3000000000029,0.5,0.5,0.002832989446667211,SI,[2 1],116.90000000000003,10,884.4000000000015,0.0,False,8
36,0,0,[1 2],796.3000000000029,0.5,0.5,0.23751758113587107,SI,[2 1],116.90000000000003,10,884.4000000000015,0.0,False,8
36,0,1,[1 2],796.3000000000029,0.5,0.5,0.360349723170614,SI,[2 1],116.90000000000003,10,884.4000000000015,0.0,False,8
36,0,2,[1 2],796.3000000000029,0.5,0.5,0.0846486898354547,SI,[2 1],116.90000000000003,10,884.4000000000015,0.0,False,8
36,0,3,[1 2],796.3000000000029,0.5,0.5,0.26663142963493414,SI,[2 1],116.90000000000003,10,884.4000000000015,0.0,False,8
36,0,4,[1 2],796.3000000000029,0.5,0.5,0.3174675984202311,SI,[2 1],116.90000000000003,10,884.4000000000015,0.0,False,8
37,0,0,[1 2],796.3000000000029,0.5,0.5,0.44265232850048153,SI,[2 1],116.90000000000003,10,884.4000000000015,0.0,False,8
37,0,1,[1 2],796.3000000000029,0.5,0.5,0.3541607969593358,SI,[2 1],116.90000000000003,10,884.4000000000015,0.0,False,8
37,0,2,[1 2],796.3000000000029,0.5,0.5,0.46314281372363775,SI,[2 1],116.90000000000003,10,884.4000000000015,0.0,False,8
37,0,3,[1 2],796.3000000000029,0.5,0.5,0.4751383211497402,SI,[2 1],116.90000000000003,10,884.4000000000015,0.0,False,8
37,0,4,[1 2],796.3000000000029,0.5,0.5,0.0213096406255332,SI,[2 1],116.90000000000003,10,884.4000000000015,0.0,False,8
38,0,0,[1 2],796.3000000000029,0.5,0.5,0.11063309793253528,SI,[2 1],116.90000000000003,10,884.4000000000015,0.0,False,8
38,0,1,[1 2],796.3000000000029,0.5,0.5,0.263433206600282,SI,[2 1],116.90000000000003,10,884.4000000000015,0.0,False,8
38,0,2,[1 2],796.3000000000029,0.5,0.5,0.34467685342714616,SI,[2 1],116.90000000000003,10,884.4000000000015,0.0,False,8
38,0,3,[1 2],796.3000000000029,0.5,0.5,0.05642952905359189,SI,[2 1],116.90000000000003,10,884.4000000000015,0.0,False,8
38,0,4,[1 2],796.3000000000029,0.5,0.5,0.2034907843606646,SI,[2 1],116.90000000000003,10,884.4000000000015,0.0,False,8
39,0,0,[1 2],796.3000000000029,0.5,0.5,0.08918016180649524,SI,[2 1],116.90000000000003,10,884.4000000000015,0.0,False,8
39,0,1,[1 2],796.3000000000029,0.5,0.5,0.3318562670664521,SI,[2 1],116.90000000000003,10,884.4000000000015,0.0,False,8
39,0,2,[1 2],796.3000000000029,0.5,0.5,0.3025327535353256,SI,[2 1],116.90000000000003,10,884.4000000000015,0.0,False,8
39,0,3,[1 2],796.3000000000029,0.5,0.5,0.21588173074008854,SI,[2 1],116.90000000000003,10,884.4000000000015,0.0,False,8
39,0,4,[1 2],796.3000000000029,0.5,0.5,0.11433889100272387,SI,[2 1],116.90000000000003,10,884.4000000000015,0.0,False,8
40,0,0,[1 2],796.3000000000029,0.5,0.5,0.006001681527119218,SI,[2 1],116.90000000000003,10,884.4000000000015,0.0,False,8
40,0,1,[1 2],796.3000000000029,0.5,0.5,0.20047274033716733,SI,[2 1],116.90000000000003,10,884.4000000000015,0.0,False,8
40,0,2,[1 2],796.3000000000029,0.5,0.5,0.3938954776915453,SI,[2 1],116.90000000000003,10,884.4000000000015,0.0,False,8
40,0,3,[1 2],796.3000000000029,0.5,0.5,0.15378736026944084,SI,[2 1],116.90000000000003,10,884.4000000000015,0.0,False,8
40,0,4,[1 2],796.3000000000029,0.5,0.5,0.029306718649923402,SI,[2 1],116.90000000000003,10,884.4000000000015,0.0,False,8
41,0,0,[1 2],796.3000000000029,0.5,0.5,0.29415218980142255,SI,[2 1],116.90000000000003,10,884.4000000000015,0.0,False,8
41,0,1,[1 2],796.3000000000029,0.5,0.5,0.048354189594828734,SI,[2 1],116.90000000000003,10,884.4000000000015,0.0,False,8
41,0,2,[1 2],796.3000000000029,0.5,0.5,0.08866576101402568,SI,[2 1],116.90000000000003,10,884.4000000000015,0.0,False,8
41,0,3,[1 2],796.3000000000029,0.5,0.5,0.4854041429785374,SI,[2 1],116.90000000000003,10,884.4000000000015,0.0,False,8
41,0,4,[1 2],796.3000000000029,0.5,0.5,0.4922715974574914,SI,[2 1],116.90000000000003,10,884.4000000000015,0.0,False,8
42,0,0,[1 2],796.3000000000029,0.5,0.5,0.0560026373507333,SI,[2 1],116.90000000000003,10,884.4000000000015,0.0,False,8
42,0,1,[1 2],796.3000000000029,0.5,0.5,0.25960223099937674,SI,[2 1],116.90000000000003,10,884.4000000000015,0.0,False,8
42,0,2,[1 2],796.3000000000029,0.5,0.5,0.25347912859123967,SI,[2 1],116.90000000000003,10,884.4000000000015,0.0,False,8
42,0,3,[1 2],796.3000000000029,0.5,0.5,0.2916075337331312,SI,[2 1],116.90000000000003,10,884.4000000000015,0.0,False,8
42,0,4,[1 2],796.3000000000029,0.5,0.5,0.40493156124917407,SI,[2 1],116.90000000000003,10,884.4000000000015,0.0,False,8
43,0,0,[1 2],796.3000000000029,0.5,0.5,0.14762229977558805,SI,[2 1],116.90000000000003,10,884.4000000000015,0.0,False,8
43,0,1,[1 2],796.3000000000029,0.5,0.5,0.023692827121525206,SI,[2 1],116.90000000000003,10,884.4000000000015,0.0,False,8
43,0,2,[1 2],796.3000000000029,0.5,0.5,0.08008837406345704,SI,[2 1],116.90000000000003,10,884.4000000000015,0.0,False,8
43,0,3,[1 2],796.3000000000029,0.5,0.5,0.2512656880322225,SI,[2 1],116.90000000000003,10,884.4000000000015,0.0,False,8
43,0,4,[1 2],796.3000000000029,0.5,0.5,0.1132808700339355,SI,[2 1],116.90000000000003,10,884.4000000000015,0.0,False,8
44,0,0,[1 2],796.3000000000029,0.5,0.5,0.26559669986107326,SI,[2 1],116.90000000000003,10,884.4000000000015,0.0,False,8
44,0,1,[1 2],796.3000000000029,0.5,0.5,0.01758995983272893,SI,[2 1],116.90000000000003,10,884.4000000000015,0.0,False,8
44,0,2,[1 2],796.3000000000029,0.5,0.5,0.006476685110584746,SI,[2 1],116.90000000000003,10,884.4000000000015,0.0,False,8
44,0,3,[1 2],796.3000000000029,0.5,0.5,0.3685809661737126,SI,[2 1],116.90000000000003,10,884.4000000000015,0.0,False,8
44,0,4,[1 2],796.3000000000029,0.5,0.5,0.4534227551532798,SI,[2 1],116.90000000000003,10,884.4000000000015,0.0,False,8
45,0,0,[1 2],796.3000000000029,0.5,0.5,0.4632176625967641,SI,[2 1],116.90000000000003,10,884.4000000000015,0.0,False,8
45,0,1,[1 2],796.3000000000029,0.5,0.5,0.44498600698036317,SI,[2 1],116.90000000000003,10,884.4000000000015,0.0,False,8
45,0,2,[1 2],796.3000000000029,0.5,0.5,0.19862266170080678,SI,[2 1],116.90000000000003,10,884.4000000000015,0.0,False,8
45,0,3,[1 2],796.3000000000029,0.5,0.5,0.07037617862008883,SI,[2 1],116.90000000000003,10,884.4000000000015,0.0,False,8
45,0,4,[1 2],796.3000000000029,0.5,0.5,0.08287591619130352,SI,[2 1],116.90000000000003,10,884.4000000000015,0.0,False,8
46,0,0,[1 2],796.3000000000029,0.5,0.5,0.3456836233193532,SI,[2 1],116.90000000000003,10,884.4000000000015,0.0,False,8
46,0,1,[1 2],796.3000000000029,0.5,0.5,0.28197233027487256,SI,[2 1],116.90000000000003,10,884.4000000000015,0.0,False,8
46,0,2,[1 2],796.3000000000029,0.5,0.5,0.24462834987637738,SI,[2 1],116.90000000000003,10,884.4000000000015,0.0,False,8
46,0,3,[1 2],796.3000000000029,0.5,0.5,0.17156821986335014,SI,[2 1],116.90000000000003,10,884.4000000000015,0.0,False,8
46,0,4,[1 2],796.3000000000029,0.5,0.5,0.33722938528248314,SI,[2 1],116.90000000000003,10,884.4000000000015,0.0,False,8
47,0,0,[1 2],796.3000000000029,0.5,0.5,0.09163030127261051,SI,[2 1],116.90000000000003,10,884.4000000000015,0.0,False,8
47,0,1,[1 2],796.3000000000029,0.5,0.5,0.3911629182594636,SI,[2 1],116.90000000000003,10,884.4000000000015,0.0,False,8
47,0,2,[1 2],796.3000000000029,0.5,0.5,0.12399831346218515,SI,[2 1],116.90000000000003,10,884.4000000000015,0.0,False,8
47,0,3,[1 2],796.3000000000029,0.5,0.5,0.07870557240792664,SI,[2 1],116.90000000000003,10,884.4000000000015,0.0,False,8
47,0,4,[1 2],796.3000000000029,0.5,0.5,0.4482077669218376,SI,[2 1],116.90000000000003,10,884.4000000000015,0.0,False,8
48,0,0,[1 2],796.3000000000029,0.5,0.5,0.15142257183364083,SI,[2 1],116.90000000000003,10,884.4000000000015,0.0,False,8
48,0,1,[1 2],796.3000000000029,0.5,0.5,0.40143782732462485,SI,[2 1],116.90000000000003,10,884.4000000000015,0.0,False,8
48,0,2,[1 2],796.3000000000029,0.5,0.5,0.36409270585436226,SI,[2 1],116.90000000000003,10,884.4000000000015,0.0,False,8
48,0,3,[1 2],796.3000000000029,0.5,0.5,0.4789907868122072,SI,[2 1],116.90000000000003,10,884.4000000000015,0.0,False,8
48,0,4,[1 2],796.3000000000029,0.5,0.5,0.21771925609832143,SI,[2 1],116.90000000000003,10,884.4000000000015,0.0,False,8
49,0,0,[1 2],796.3000000000029,0.5,0.5,0.18510633126681575,SI,[2 1],116.90000000000003,10,884.4000000000015,0.0,False,8
49,0,1,[1 2],796.3000000000029,0.5,0.5,0.2761717401418604,SI,[2 1],116.90000000000003,10,884.4000000000015,0.0,False,8
49,0,2,[1 2],796.3000000000029,0.5,0.5,0.0596331786820582,SI,[2 1],116.90000000000003,10,884.4000000000015,0.0,False,8
49,0,3,[1 2],796.3000000000029,0.5,0.5,0.43763971940295143,SI,[2 1],116.90000000000003,10,884.4000000000015,0.0,False,8
49,0,4,[1 2],796.3000000000029,0.5,0.5,0.2860130965602822,SI,[2 1],116.90000000000003,10,884.4000000000015,0.0,False,8
50,0,0,[1 2],796.3000000000029,0.5,0.5,0.44935135666913095,SI,[2 1],116.90000000000003,10,884.4000000000015,0.0,False,8
50,0,1,[1 2],796.3000000000029,0.5,0.5,0.04037921652202403,SI,[2 1],116.90000000000003,10,884.4000000000015,0.0,False,8
50,0,2,[1 2],796.3000000000029,0.5,0.5,0.39311777454143004,SI,[2 1],116.90000000000003,10,884.4000000000015,0.0,False,8
50,0,3,[1 2],796.3000000000029,0.5,0.5,0.41113754649167156,SI,[2 1],116.90000000000003,10,884.4000000000015,0.0,False,8
50,0,4,[1 2],796.3000000000029,0.5,0.5,0.1773934833520554,SI,[2 1],116.90000000000003,10,884.4000000000015,0.0,False,8
