generation,individual,cycle,s_before,f_ini,rho_SI_before,rho_MI_before,random,operator,best_neighbor,best_delta,num_neighbors,f_imp,eta,improved,epoch
0,3,0,[2 1 3],781.3999999999978,0.5,0.5,0.40325629873491986,SI,[2 3 1],17.30000000000001,10,795.1999999999971,0.0,False,0
0,3,1,[2 1 3],781.3999999999978,0.5,0.5,0.3059413239544071,SI,[2 3 1],17.30000000000001,10,795.1999999999971,0.0,False,0
0,3,2,[2 1 3],781.3999999999978,0.5,0.5,0.734735043713651,MI,[3 1 2],60.7,10,795.399999999976,0.0,False,0
0,3,3,[2 1 3],781.3999999999978,0.5,0.5,0.16348875076461844,SI,[2 3 1],17.30000000000001,10,795.1999999999971,0.0,False,0
0,3,4,[2 1 3],781.3999999999978,0.5,0.5,0.06622048081343157,SI,[2 3 1],17.30000000000001,10,795.1999999999971,0.0,False,0
1,0,0,[2 1 3],781.3999999999978,0.5,0.5,0.35474752954185884,SI,[2 3 1],17.30000000000001,10,795.1999999999971,0.0,False,0
1,0,1,[2 1 3],781.3999999999978,0.5,0.5,0.38138582706521074,SI,[3 1 2],60.7,10,795.399999999976,0.0,False,0
1,0,2,[2 1 3],781.3999999999978,0.5,0.5,0.29686110683084466,SI,[2 3 1],17.30000000000001,10,795.1999999999971,0.0,False,0
1,0,3,[2 1 3],781.3999999999978,0.5,0.5,0.42148128224261394,SI,[2 3 1],17.30000000000001,10,795.1999999999971,0.0,False,0
1,0,4,[2 1 3],781.3999999999978,0.5,0.5,0.4789588146727696,SI,[2 3 1],17.30000000000001,10,795.1999999999971,0.0,False,0
2,0,0,[2 1 3],781.3999999999978,0.5,0.5,0.38773661731380515,SI,[2 3 1],17.30000000000001,10,795.1999999999971,0.0,False,0
2,0,1,[2 1 3],781.3999999999978,0.5,0.5,0.23554235584663108,SI,[2 3 1],17.30000000000001,10,795.1999999999971,0.0,False,0
2,0,2,[2 1 3],781.3999999999978,0.5,0.5,0.3309867669247838,SI,[2 3 1],17.30000000000001,10,795.1999999999971,0.0,False,0
2,0,3,[2 1 3],781.3999999999978,0.5,0.5,0.35588723457535054,SI,[2 3 1],17.30000000000001,10,795.1999999999971,0.0,False,0
2,0,4,[2 1 3],781.3999999999978,0.5,0.5,0.4970520903013985,SI,[2 3 1],17.30000000000001,10,795.1999999999971,0.0,False,0
3,0,0,[2 1 3],781.3999999999978,0.5,0.5,0.08154113332918334,SI,[2 3 1],17.30000000000001,10,795.1999999999971,0.0,False,0
3,0,1,[2 1 3],781.3999999999978,0.5,0.5,0.45069215511302974,SI,[2 3 1],17.30000000000001,10,795.1999999999971,0.0,False,0
3,0,2,[2 1 3],781.3999999999978,0.5,0.5,0.40114961296034823,SI,[2 3 1],17.30000000000001,10,795.1999999999971,0.0,False,0
3,0,3,[2 1 3],781.3999999999978,0.5,0.5,0.7297674435317484,MI,[3 1 2],60.7,10,795.399999999976,0.0,False,0
3,0,4,[2 1 3],781.3999999999978,0.5,0.5,0.2818529437545122,SI,[2 3 1],17.30000000000001,10,795.1999999999971,0.0,False,0
4,0,0,[2 1 3],781.3999999999978,0.5,0.5,0.9932072529695584,MI,[3 1 2],60.7,10,795.399999999976,0.0,False,0
4,0,1,[2 1 3],781.3999999999978,0.5,0.5,0.30546908109644577,SI,[2 3 1],17.30000000000001,10,795.1999999999971,0.0,False,0
4,0,2,[2 1 3],781.3999999999978,0.5,0.5,0.43068519966173846,SI,[2 3 1],17.30000000000001,10,795.1999999999971,0.0,False,0
4,0,3,[2 1 3],781.3999999999978,0.5,0.5,0.46557769486960665,SI,[2 3 1],17.30000000000001,10,795.1999999999971,0.0,False,0
4,0,4,[2 1 3],781.3999999999978,0.5,0.5,0.2759737750591279,SI,[2 3 1],17.30000000000001,10,795.1999999999971,0.0,False,0
5,0,0,[2 1 3],781.3999999999978,0.5,0.5,0.11760678987579098,SI,[2 3 1],17.30000000000001,10,795.1999999999971,0.0,False,0
5,0,1,[2 1 3],781.3999999999978,0.5,0.5,0.4224329305403619,SI,[2 3 1],17.30000000000001,10,795.1999999999971,0.0,False,0
5,0,2,[2 1 3],781.3999999999978,0.5,0.5,0.08183730649061005,SI,[2 3 1],17.30000000000001,10,795.1999999999971,0.0,False,0
5,0,3,[2 1 3],781.3999999999978,0.5,0.5,0.3977025091681936,SI,[2 3 1],17.30000000000001,10,795.1999999999971,0.0,False,0
5,0,4,[2 1 3],781.3999999999978,0.5,0.5,0.9870734158994843,MI,[3 1 2],60.7,10,795.399999999976,0.0,False,0
6,0,0,[2 1 3],781.3999999999978,0.5,0.5,0.6196664762215098,MI,[3 1 2],60.7,10,795.399999999976,0.0,False,0
6,0,1,[2 1 3],781.3999999999978,0.5,0.5,0.2973436051883118,SI,[2 3 1],17.30000000000001,10,795.1999999999971,0.0,False,0
6,0,2,[2 1 3],781.3999999999978,0.5,0.5,0.07915965929344726,SI,[2 3 1],17.30000000000001,10,795.1999999999971,0.0,False,0
6,0,3,[2 1 3],781.3999999999978,0.5,0.5,0.9638153189575266,MI,[3 1 2],60.7,10,795.399999999976,0.0,False,0
6,0,4,[2 1 3],781.3999999999978,0.5,0.5,0.4706047266479414,SI,[2 3 1],17.30000000000001,10,795.1999999999971,0.0,False,0
7,0,0,[2 1 3],781.3999999999978,0.5,0.5,0.4453063204001164,SI,[2 3 1],17.30000000000001,10,795.1999999999971,0.0,False,0
7,0,1,[2 1 3],781.3999999999978,0.5,0.5,0.359624704436445,SI,[2 3 1],17.30000000000001,10,795.1999999999971,0.0,False,0
7,0,2,[2 1 3],781.3999999999978,0.5,0.5,0.7302929367065456,MI,[3 1 2],60.7,10,795.399999999976,0.0,False,0
7,0,3,[2 1 3],781.3999999999978,0.5,0.5,0.0031348819873153744,SI,[2 3 1],17.30000000000001,10,795.1999999999971,0.0,False,0
7,0,4,[2 1 3],781.3999999999978,0.5,0.5,0.3117379216963918,SI,[2 3 1],17.30000000000001,10,795.1999999999971,0.0,False,0
8,0,0,[2 1 3],781.3999999999978,0.5,0.5,0.11102621583701155,SI,[2 3 1],17.30000000000001,10,795.1999999999971,0.0,False,0
8,0,1,[2 1 3],781.3999999999978,0.5,0.5,0.07405378134818219,SI,[2 3 1],17.30000000000001,10,795.1999999999971,0.0,False,0
8,0,2,[2 1 3],781.3999999999978,0.5,0.5,0.07633313993095647,SI,[2 3 1],17.30000000000001,10,795.1999999999971,0.0,False,0
8,0,3,[2 1 3],781.3999999999978,0.5,0.5,0.6233202310934913,MI,[3 1 2],60.7,10,795.399999999976,0.0,False,0
8,0,4,[2 1 3],781.3999999999978,0.5,0.5,0.11855705198383515,SI,[2 3 1],17.30000000000001,10,795.1999999999971,0.0,False,0
9,0,0,[2 1 3],781.3999999999978,0.5,0.5,0.5508549475149112,MI,[3 1 2],60.7,10,795.399999999976,0.0,False,0
9,0,1,[2 1 3],781.3999999999978,0.5,0.5,0.03895454224080497,SI,[2 3 1],17.30000000000001,10,795.1999999999971,0.0,False,0
9,0,2,[2 1 3],781.3999999999978,0.5,0.5,0.9999854613379385,MI,[3 1 2],60.7,10,795.399999999976,0.0,False,0
9,0,3,[2 1 3],781.3999999999978,0.5,0.5,0.3765001237200656,SI,[2 3 1],17.30000000000001,10,795.1999999999971,0.0,False,0
9,0,4,[2 1 3],781.3999999999978,0.5,0.5,0.1846849147455375,SI,[2 3 1],17.30000000000001,10,795.1999999999971,0.0,False,0
10,0,0,[2 1 3],781.3999999999978,0.5,0.5,0.05761850645627009,SI,[2 3 1],17.30000000000001,10,795.1999999999971,0.0,False,0
10,0,1,[2 1 3],781.3999999999978,0.5,0.5,0.36882566413368434,SI,[2 3 1],17.30000000000001,10,795.1999999999971,0.0,False,0
10,0,2,[2 1 3],781.3999999999978,0.5,0.5,0.5554033381724172,MI,[3 1 2],60.7,10,795.399999999976,0.0,False,0
10,0,3,[2 1 3],781.3999999999978,0.5,0.5,0.33007940880446296,SI,[2 3 1],17.30000000000001,10,795.1999999999971,0.0,False,0
10,0,4,[2 1 3],781.3999999999978,0.5,0.5,0.2230310984418591,SI,[2 3 1],17.30000000000001,10,795.1999999999971,0.0,False,0
11,0,0,[2 1 3],781.3999999999978,0.5,0.5,0.4552443753071357,SI,[2 3 1],17.30000000000001,10,795.1999999999971,0.0,False,0
11,0,1,[2 1 3],781.3999999999978,0.5,0.5,0.030632118267402197,SI,[2 3 1],17.30000000000001,10,795.1999999999971,0.0,False,0
11,0,2,[2 1 3],781.3999999999978,0.5,0.5,0.18343682217837354,SI,[2 3 1],17.30000000000001,10,795.1999999999971,0.0,False,0
11,0,3,[2 1 3],781.3999999999978,0.5,0.5,0.3490484100075142,SI,[2 3 1],17.30000000000001,10,795.1999999999971,0.0,False,0
11,0,4,[2 1 3],781.3999999999978,0.5,0.5,0.38782507929628207,SI,[2 3 1],17.30000000000001,10,795.1999999999971,0.0,False,0
12,0,0,[2 1 3],781.3999999999978,0.5,0.5,0.3308983943387733,SI,[2 3 1],17.30000000000001,10,795.1999999999971,0.0,False,0
12,0,1,[2 1 3],781.3999999999978,0.5,0.5,0.20628209115846852,SI,[2 3 1],17.30000000000001,10,795.1999999999971,0.0,False,0
12,0,2,[2 1 3],781.3999999999978,0.5,0.5,0.09422009725623226,SI,[2 3 1],17.30000000000001,10,795.1999999999971,0.0,False,0
12,0,3,[2 1 3],781.3999999999978,0.5,0.5,0.4190988667673311,SI,[2 3 1],17.30000000000001,10,795.1999999999971,0.0,False,0
12,0,4,[2 1 3],781.3999999999978,0.5,0.5,0.34698579497865767,SI,[2 3 1],17.30000000000001,10,795.1999999999971,0.0,False,0
13,0,0,[2 1 3],781.3999999999978,0.5,0.5,0.8981642085717696,MI,[3 1 2],60.7,10,795.399999999976,0.0,False,0
13,0,1,[2 1 3],781.3999999999978,0.5,0.5,0.29290583686780547,SI,[2 3 1],17.30000000000001,10,795.1999999999971,0.0,False,0
13,0,2,[2 1 3],781.3999999999978,0.5,0.5,0.2845050639187695,SI,[2 3 1],17.30000000000001,10,795.1999999999971,0.0,False,0
13,0,3,[2 1 3],781.3999999999978,0.5,0.5,0.29399583867888357,SI,[2 3 1],17.30000000000001,10,795.1999999999971,0.0,False,0
13,0,4,[2 1 3],781.3999999999978,0.5,0.5,0.7746628244090163,MI,[3 1 2],60.7,10,795.399999999976,0.0,False,0
14,0,0,[2 1 3],781.3999999999978,0.5,0.5,0.3801257915725921,SI,[2 3 1],17.30000000000001,10,795.1999999999971,0.0,False,0
14,0,1,[2 1 3],781.3999999999978,0.5,0.5,0.7272329682834581,MI,[3 1 2],60.7,10,795.399999999976,0.0,False,0
14,0,2,[2 1 3],781.3999999999978,0.5,0.5,0.8528849179346152,MI,[3 1 2],60.7,10,795.399999999976,0.0,False,0
14,0,3,[2 1 3],781.3999999999978,0.5,0.5,0.41719522859969005,SI,[2 3 1],17.30000000000001,10,795.1999999999971,0.0,False,0
14,0,4,[2 1 3],781.3999999999978,0.5,0.5,0.9706993390920058,MI,[3 1 2],60.7,10,795.399999999976,0.0,False,0
15,0,0,[2 1 3],781.3999999999978,0.5,0.5,0.03366908430750315,SI,[2 3 1],17.30000000000001,10,795.1999999999971,0.0,False,0
15,0,1,[2 1 3],781.3999999999978,0.5,0.5,0.24166906563987267,SI,[2 3 1],17.30000000000001,10,795.1999999999971,0.0,False,0
15,0,2,[2 1 3],781.3999999999978,0.5,0.5,0.9451070629684765,MI,[3 1 2],60.7,10,795.399999999976,0.0,False,0
15,0,3,[2 1 3],781.3999999999978,0.5,0.5,0.27860281340196835,SI,[2 3 1],17.30000000000001,10,795.1999999999971,0.0,False,0
15,0,4,[2 1 3],781.3999999999978,0.5,0.5,0.3810717834293086,SI,[3 1 2],60.7,10,795.399999999976,0.0,False,0
16,0,0,[2 1 3],781.3999999999978,0.5,0.5,0.10078258714250155,SI,[2 3 1],17.30000000000001,10,795.1999999999971,0.0,False,0
16,0,1,[2 1 3],781.3999999999978,0.5,0.5,0.35203515045214484,SI,[2 3 1],17.30000000000001,10,795.1999999999971,0.0,False,0
16,0,2,[2 1 3],781.3999999999978,0.5,0.5,0.46430322252770173,SI,[2 3 1],17.30000000000001,10,795.1999999999971,0.0,False,0
16,0,3,[2 1 3],781.3999999999978,0.5,0.5,0.2976063002444187,SI,[2 3 1],17.30000000000001,10,795.1999999999971,0.0,False,0
16,0,4,[2 1 3],781.3999999999978,0.5,0.5,0.05574209458890922,SI,[2 3 1],17.30000000000001,10,795.1999999999971,0.0,False,0
17,0,0,[2 1 3],781.3999999999978,0.5,0.5,0.4840893100964918,SI,[2 3 1],17.30000000000001,10,795.1999999999971,0.0,False,0
17,0,1,[2 1 3],781.3999999999978,0.5,0.5,0.48861859650656836,SI,[2 3 1],17.30000000000001,10,795.1999999999971,0.0,False,0
17,0,2,[2 1 3],781.3999999999978,0.5,0.5,0.10556607276802388,SI,[2 3 1],17.30000000000001,10,795.1999999999971,0.0,False,0
17,0,3,[2 1 3],781.3999999999978,0.5,0.5,0.2711113845301075,SI,[2 3 1],17.30000000000001,10,795.1999999999971,0.0,False,0
17,0,4,[2 1 3],781.3999999999978,0.5,0.5,0.2256495898455536,SI,[2 3 1],17.30000000000001,10,795.1999999999971,0.0,False,0
18,0,0,[2 1 3],781.3999999999978,0.5,0.5,0.014148800700814257,SI,[2 3 1],17.30000000000001,10,795.1999999999971,0.0,False,0
18,0,1,[2 1 3],781.3999999999978,0.5,0.5,0.1570212801301517,SI,[2 3 1],17.30000000000001,10,795.1999999999971,0.0,False,0
18,0,2,[2 1 3],781.3999999999978,0.5,0.5,0.19072988883576292,SI,[2 3 1],17.30000000000001,10,795.1999999999971,0.0,False,0
18,0,3,[2 1 3],781.3999999999978,0.5,0.5,0.44849136955495594,SI,[2 3 1],17.30000000000001,10,795.1999999999971,0.0,False,0
18,0,4,[2 1 3],781.3999999999978,0.5,0.5,0.05133643263537724,SI,[2 3 1],17.30000000000001,10,795.1999999999971,0.0,False,0
19,0,0,[2 1 3],781.3999999999978,0.5,0.5,0.37508259295612156,SI,[2 3 1],17.30000000000001,10,795.1999999999971,0.0,False,0
19,0,1,[2 1 3],781.3999999999978,0.5,0.5,0.36240414490534334,SI,[2 3 1],17.30000000000001,10,795.1999999999971,0.0,False,0
19,0,2,[2 1 3],781.3999999999978,0.5,0.5,0.9334250590441401,MI,[3 1 2],60.7,10,795.399999999976,0.0,False,0
19,0,3,[2 1 3],781.3999999999978,0.5,0.5,0.2508009120881223,SI,[2 3 1],17.30000000000001,10,795.1999999999971,0.0,False,0
19,0,4,[2 1 3],781.3999999999978,0.5,0.5,0.7020091084869227,MI,[3 1 2],60.7,10,795.399999999976,0.0,False,0
20,0,0,[2 1 3],781.3999999999978,0.5,0.5,0.19170711420009523,SI,[2 3 1],17.30000000000001,10,795.1999999999971,0.0,False,0
20,0,1,[2 1 3],781.3999999999978,0.5,0.5,0.1686449281882434,SI,[2 3 1],17.30000000000001,10,795.1999999999971,0.0,False,0
20,0,2,[2 1 3],781.3999999999978,0.5,0.5,0.1870097284870812,SI,[2 3 1],17.30000000000001,10,795.1999999999971,0.0,False,0
20,0,3,[2 1 3],781.3999999999978,0.5,0.5,0.31906578675623654,SI,[2 3 1],17.30000000000001,10,795.1999999999971,0.0,False,0
20,0,4,[2 1 3],781.3999999999978,0.5,0.5,0.2244539388787995,SI,[2 3 1],17.30000000000001,10,795.1999999999971,0.0,False,0
21,0,0,[2 1 3],781.3999999999978,0.5,0.5,0.7475008729133151,MI,[3 1 2],60.7,10,795.399999999976,0.0,False,0
21,0,1,[2 1 3],781.3999999999978,0.5,0.5,0.2005122378137325,SI,[3 1 2],60.7,10,795.399999999976,0.0,False,0
21,0,2,[2 1 3],781.3999999999978,0.5,0.5,0.06562873080995502,SI,[2 3 1],17.30000000000001,10,795.1999999999971,0.0,False,0
21,0,3,[2 1 3],781.3999999999978,0.5,0.5,0.28111055725100476,SI,[2 3 1],17.30000000000001,10,795.1999999999971,0.0,False,0
21,0,4,[2 1 3],781.3999999999978,0.5,0.5,0.2392296757146427,SI,[3 1 2],60.7,10,795.399999999976,0.0,False,0
22,0,0,[2 1 3],781.3999999999978,0.5,0.5,0.4563612538619969,SI,[2 3 1],17.30000000000001,10,795.1999999999971,0.0,False,0
22,0,1,[2 1 3],781.3999999999978,0.5,0.5,0.3401568947930712,SI,[2 3 1],17.30000000000001,10,795.1999999999971,0.0,False,0
22,0,2,[2 1 3],781.3999999999978,0.5,0.5,0.3797758213931899,SI,[2 3 1],17.30000000000001,10,795.1999999999971,0.0,False,0
22,0,3,[2 1 3],781.3999999999978,0.5,0.5,0.1531584442692442,SI,[2 3 1],17.30000000000001,10,795.1999999999971,0.0,False,0
22,0,4,[2 1 3],781.3999999999978,0.5,0.5,0.7177550524381766,MI,[3 1 2],60.7,10,795.399999999976,0.0,False,0
23,0,0,[2 1 3],781.3999999999978,0.5,0.5,0.02090486750144771,SI,[2 3 1],17.30000000000001,10,795.1999999999971,0.0,False,0
23,0,1,[2 1 3],781.3999999999978,0.5,0.5,0.11787075824582915,SI,[2 3 1],17.30000000000001,10,795.1999999999971,0.0,False,0
23,0,2,[2 1 3],781.3999999999978,0.5,0.5,0.08721028637542805,SI,[2 3 1],17.30000000000001,10,795.1999999999971,0.0,False,0
23,0,3,[2 1 3],781.3999999999978,0.5,0.5,0.11551463783961269,SI,[2 3 1],17.30000000000001,10,795.1999999999971,0.0,False,0
23,0,4,[2 1 3],781.3999999999978,0.5,0.5,0.2061802968086287,SI,[2 3 1],17.30000000000001,10,795.1999999999971,0.0,False,0
24,0,0,[2 1 3],781.3999999999978,0.5,0.5,0.7809308082754566,MI,[3 1 2],60.7,10,795.399999999976,0.0,False,0
24,0,1,[2 1 3],781.3999999999978,0.5,0.5,0.0015475014194231695,SI,[2 3 1],17.30000000000001,10,795.1999999999971,0.0,False,0
24,0,2,[2 1 3],781.3999999999978,0.5,0.5,0.03265995177892189,SI,[2 3 1],17.30000000000001,10,795.1999999999971,0.0,False,0
24,0,3,[2 1 3],781.3999999999978,0.5,0.5,0.3927596271482666,SI,[2 3 1],17.30000000000001,10,795.1999999999971,0.0,False,0
24,0,4,[2 1 3],781.3999999999978,0.5,0.5,0.29311636760502346,SI,[2 3 1],17.30000000000001,10,795.1999999999971,0.0,False,0
25,0,0,[2 1 3],781.3999999999978,0.5,0.5,0.555549643530583,MI,[3 1 2],60.7,10,795.399999999976,0.0,False,0
25,0,1,[2 1 3],781.3999999999978,0.5,0.5,0.4316627625836239,SI,[2 3 1],17.30000000000001,10,795.1999999999971,0.0,False,0
25,0,2,[2 1 3],781.3999999999978,0.5,0.5,0.050999054544581646,SI,[2 3 1],17.30000000000001,10,795.1999999999971,0.0,False,0
25,0,3,[2 1 3],781.3999999999978,0.5,0.5,0.019885207691616724,SI,[2 3 1],17.30000000000001,10,795.1999999999971,0.0,False,0
25,0,4,[2 1 3],781.3999999999978,0.5,0.5,0.5710291499748639,MI,[3 1 2],60.7,10,795.399999999976,0.0,False,0
26,0,0,[2 1 3],781.3999999999978,0.5,0.5,0.42972448151467124,SI,[2 3 1],17.30000000000001,10,795.1999999999971,0.0,False,0
26,0,1,[2 1 3],781.3999999999978,0.5,0.5,0.7992326830464895,MI,[3 1 2],60.7,10,795.399999999976,0.0,False,0
26,0,2,[2 1 3],781.3999999999978,0.5,0.5,0.3026390956950734,SI,[2 3 1],17.30000000000001,10,795.1999999999971,0.0,False,0
26,0,3,[2 1 3],781.3999999999978,0.5,0.5,0.5914338607847145,MI,[3 1 2],60.7,10,795.399999999976,0.0,False,0
26,0,4,[2 1 3],781.3999999999978,0.5,0.5,0.4342016102043261,SI,[2 3 1],17.30000000000001,10,795.1999999999971,0.0,False,0
27,0,0,[2 1 3],781.3999999999978,0.5,0.5,0.43831232392383024,SI,[2 3 1],17.30000000000001,10,795.1999999999971,0.0,False,0
27,0,1,[2 1 3],781.3999999999978,0.5,0.5,0.3721653457558406,SI,[2 3 1],17.30000000000001,10,795.1999999999971,0.0,False,0
27,0,2,[2 1 3],781.3999999999978,0.5,0.5,0.3752223801982931,SI,[2 3 1],17.30000000000001,10,795.1999999999971,0.0,False,0
27,0,3,[2 1 3],781.3999999999978,0.5,0.5,0.4615556454242842,SI,[2 3 1],17.30000000000001,10,795.1999999999971,0.0,False,0
27,0,4,[2 1 3],781.3999999999978,0.5,0.5,0.0751900205768925,SI,[2 3 1],17.30000000000001,10,795.1999999999971,0.0,False,0
28,0,0,[2 1 3],781.3999999999978,0.5,0.5,0.1977707240189458,SI,[2 3 1],17.30000000000001,10,795.1999999999971,0.0,False,0
28,0,1,[2 1 3],781.3999999999978,0.5,0.5,0.4861608019351452,SI,[2 3 1],17.30000000000001,10,795.1999999999971,0.0,False,0
28,0,2,[2 1 3],781.3999999999978,0.5,0.5,0.275547720965172,SI,[2 3 1],17.30000000000001,10,795.1999999999971,0.0,False,0
28,0,3,[2 1 3],781.3999999999978,0.5,0.5,0.3865913666869981,SI,[2 3 1],17.30000000000001,10,795.1999999999971,0.0,False,0
28,0,4,[2 1 3],781.3999999999978,0.5,0.5,0.2281271851133413,SI,[2 3 1],17.30000000000001,10,795.1999999999971,0.0,False,0
29,0,0,[2 1 3],781.3999999999978,0.5,0.5,0.13018783633474285,SI,[2 3 1],17.30000000000001,10,795.1999999999971,0.0,False,0
29,0,1,[2 1 3],781.3999999999978,0.5,0.5,0.025413739562874293,SI,[2 3 1],17.30000000000001,10,795.1999999999971,0.0,False,0
29,0,2,[2 1 3],781.3999999999978,0.5,0.5,0.3268715283619419,SI,[2 3 1],17.30000000000001,10,795.1999999999971,0.0,False,0
29,0,3,[2 1 3],781.3999999999978,0.5,0.5,0.40529957816379847,SI,[2 3 1],17.30000000000001,10,795.1999999999971,0.0,False,0
29,0,4,[2 1 3],781.3999999999978,0.5,0.5,0.14645716569438516,SI,[2 3 1],17.30000000000001,10,795.1999999999971,0.0,False,0
30,0,0,[2 1 3],781.3999999999978,0.5,0.5,0.12454423818365645,SI,[2 3 1],17.30000000000001,10,795.1999999999971,0.0,False,0
30,0,1,[2 1 3],781.3999999999978,0.5,0.5,0.06024076079894858,SI,[2 3 1],17.30000000000001,10,795.1999999999971,0.0,False,0
30,0,2,[2 1 3],781.3999999999978,0.5,0.5,0.4468053463522591,SI,[2 3 1],17.30000000000001,10,795.1999999999971,0.0,False,0
30,0,3,[2 1 3],781.3999999999978,0.5,0.5,0.1274915424805636,SI,[2 3 1],17.30000000000001,10,795.1999999999971,0.0,False,0
30,0,4,[2 1 3],781.3999999999978,0.5,0.5,0.07685982879001452,SI,[2 3 1],17.30000000000001,10,795.1999999999971,0.0,False,0
31,0,0,[2 1 3],781.3999999999978,0.5,0.5,0.07012099468798194,SI,[2 3 1],17.30000000000001,10,795.1999999999971,0.0,False,0
31,0,1,[2 1 3],781.3999999999978,0.5,0.5,0.03885670899558524,SI,[2 3 1],17.30000000000001,10,795.1999999999971,0.0,False,0
31,0,2,[2 1 3],781.3999999999978,0.5,0.5,0.10406860925459116,SI,[2 3 1],17.30000000000001,10,795.1999999999971,0.0,False,0
31,0,3,[2 1 3],781.3999999999978,0.5,0.5,0.17459828611085748,SI,[2 3 1],17.30000000000001,10,795.1999999999971,0.0,False,0
31,0,4,[2 1 3],781.3999999999978,0.5,0.5,0.38048466217163845,SI,[2 3 1],17.30000000000001,10,795.1999999999971,0.0,False,0
32,0,0,[2 1 3],781.3999999999978,0.5,0.5,0.40411260440525865,SI,[2 3 1],17.30000000000001,10,795.1999999999971,0.0,False,0
32,0,1,[2 1 3],781.3999999999978,0.5,0.5,0.04813601695228442,SI,[2 3 1],17.30000000000001,10,795.1999999999971,0.0,False,0
32,0,2,[2 1 3],781.3999999999978,0.5,0.5,0.36242575613445926,SI,[2 3 1],17.30000000000001,10,795.1999999999971,0.0,False,0
32,0,3,[2 1 3],781.3999999999978,0.5,0.5,0.7178000378540103,MI,[3 1 2],60.7,10,795.399999999976,0.0,False,0
32,0,4,[2 1 3],781.3999999999978,0.5,0.5,0.27835806924998496,SI,[2 3 1],17.30000000000001,10,795.1999999999971,0.0,False,0
33,0,0,[2 1 3],781.3999999999978,0.5,0.5,0.3629795481176067,SI,[2 3 1],17.30000000000001,10,795.1999999999971,0.0,False,0
33,0,1,[2 1 3],781.3999999999978,0.5,0.5,0.4247885455952787,SI,[2 3 1],17.30000000000001,10,795.1999999999971,0.0,False,0
33,0,2,[2 1 3],781.3999999999978,0.5,0.5,0.12802566176488928,SI,[2 3 1],17.30000000000001,10,795.1999999999971,0.0,False,0
33,0,3,[2 1 3],781.3999999999978,0.5,0.5,0.45527070316510654,SI,[2 3 1],17.30000000000001,10,795.1999999999971,0.0,False,0
33,0,4,[2 1 3],781.3999999999978,0.5,0.5,0.397722870235127,SI,[2 3 1],17.30000000000001,10,795.1999999999971,0.0,False,0
34,0,0,[2 1 3],781.3999999999978,0.5,0.5,0.2068746256731222,SI,[2 3 1],17.30000000000001,10,795.1999999999971,0.0,False,0
34,0,1,[2 1 3],781.3999999999978,0.5,0.5,0.4512767791838376,SI,[3 1 2],60.7,10,795.399999999976,0.0,False,0
34,0,2,[2 1 3],781.3999999999978,0.5,0.5,0.3136828542884579,SI,[2 3 1],17.30000000000001,10,795.1999999999971,0.0,False,0
34,0,3,[2 1 3],781.3999999999978,0.5,0.5,0.30081332441935993,SI,[2 3 1],17.30000000000001,10,795.1999999999971,0.0,False,0
34,0,4,[2 1 3],781.3999999999978,0.5,0.5,0.3510203804731883,SI,[2 3 1],17.30000000000001,10,795.1999999999971,0.0,False,0
35,0,0,[2 1 3],781.3999999999978,0.5,0.5,0.2801574960984883,SI,[2 3 1],17.30000000000001,10,795.1999999999971,0.0,False,0
35,0,1,[2 1 3],781.3999999999978,0.5,0.5,0.2577314838763889,SI,[2 3 1],17.30000000000001,10,795.1999999999971,0.0,False,0
35,0,2,[2 1 3],781.3999999999978,0.5,0.5,0.6410736810349472,MI,[3 1 2],60.7,10,795.399999999976,0.0,False,0
35,0,3,[2 1 3],781.3999999999978,0.5,0.5,0.15690240667926725,SI,[2 3 1],17.30000000000001,10,795.1999999999971,0.0,False,0
35,0,4,[2 1 3],781.3999999999978,0.5,0.5,0.18431619378259134,SI,[2 3 1],17.30000000000001,10,795.1999999999971,0.0,False,0
36,0,0,[2 1 3],781.3999999999978,0.5,0.5,0.49430754128534116,SI,[2 3 1],17.30000000000001,10,795.1999999999971,0.0,False,0
36,0,1,[2 1 3],781.3999999999978,0.5,0.5,0.03657911898018862,SI,[2 3 1],17.30000000000001,10,795.1999999999971,0.0,False,0
36,0,2,[2 1 3],781.3999999999978,0.5,0.5,0.21327042837683474,SI,[2 3 1],17.30000000000001,10,795.1999999999971,0.0,False,0
36,0,3,[2 1 3],781.3999999999978,0.5,0.5,0.16869241523838008,SI,[2 3 1],17.30000000000001,10,795.1999999999971,0.0,False,0
36,0,4,[2 1 3],781.3999999999978,0.5,0.5,0.03396336687341417,SI,[2 3 1],17.30000000000001,10,795.1999999999971,0.0,False,0
37,0,0,[2 1 3],781.3999999999978,0.5,0.5,0.20291014886332548,SI,[2 3 1],17.30000000000001,10,795.1999999999971,0.0,False,0
37,0,1,[2 1 3],781.3999999999978,0.5,0.5,0.36408036999112536,SI,[2 3 1],17.30000000000001,10,795.1999999999971,0.0,False,0
37,0,2,[2 1 3],781.3999999999978,0.5,0.5,0.21963042121464016,SI,[2 3 1],17.30000000000001,10,795.1999999999971,0.0,False,0
37,0,3,[2 1 3],781.3999999999978,0.5,0.5,0.005445170062788884,SI,[2 3 1],17.30000000000001,10,795.1999999999971,0.0,False,0
37,0,4,[2 1 3],781.3999999999978,0.5,0.5,0.0768862085471439,SI,[2 3 1],17.30000000000001,10,795.1999999999971,0.0,False,0
38,0,0,[2 1 3],781.3999999999978,0.5,0.5,0.15003071549505897,SI,[2 3 1],17.30000000000001,10,795.1999999999971,0.0,False,0
38,0,1,[2 1 3],781.3999999999978,0.5,0.5,0.42124379909519105,SI,[2 3 1],17.30000000000001,10,795.1999999999971,0.0,False,0
38,0,2,[2 1 3],781.3999999999978,0.5,0.5,0.185452639670885,SI,[2 3 1],17.30000000000001,10,795.1999999999971,0.0,False,0
38,0,3,[2 1 3],781.3999999999978,0.5,0.5,0.13497032542773024,SI,[2 3 1],17.30000000000001,10,795.1999999999971,0.0,False,0
38,0,4,[2 1 3],781.3999999999978,0.5,0.5,0.2889635699881068,SI,[2 3 1],17.30000000000001,10,795.1999999999971,0.0,False,0
39,0,0,[2 1 3],781.3999999999978,0.5,0.5,0.05462754254071145,SI,[2 3 1],17.30000000000001,10,795.1999999999971,0.0,False,0
39,0,1,[2 1 3],781.3999999999978,0.5,0.5,0.28678332341624824,SI,[2 3 1],17.30000000000001,10,795.1999999999971,0.0,False,0
39,0,2,[2 1 3],781.3999999999978,0.5,0.5,0.2891858338737485,SI,[2 3 1],17.30000000000001,10,795.1999999999971,0.0,False,0
39,0,3,[2 1 3],781.3999999999978,0.5,0.5,0.4249053429191928,SI,[2 3 1],17.30000000000001,10,795.1999999999971,0.0,False,0
39,0,4,[2 1 3],781.3999999999978,0.5,0.5,0.23590946648268873,SI,[2 3 1],17.30000000000001,10,795.1999999999971,0.0,False,0
40,0,0,[2 1 3],781.3999999999978,0.5,0.5,0.41647696942651113,SI,[2 3 1],17.30000000000001,10,795.1999999999971,0.0,False,0
40,0,1,[2 1 3],781.3999999999978,0.5,0.5,0.3171503074606722,SI,[2 3 1],17.30000000000001,10,795.1999999999971,0.0,False,0
40,0,2,[2 1 3],781.3999999999978,0.5,0.5,0.24911546008422203,SI,[2 3 1],17.30000000000001,10,795.1999999999971,0.0,False,0
40,0,3,[2 1 3],781.3999999999978,0.5,0.5,0.31177758505817954,SI,[2 3 1],17.30000000000001,10,795.1999999999971,0.0,False,0
40,0,4,[2 1 3],781.3999999999978,0.5,0.5,0.673178478120092,MI,[3 1 2],60.7,10,795.399999999976,0.0,False,0
41,0,0,[2 1 3],781.3999999999978,0.5,0.5,0.3201254353979325,SI,[2 3 1],17.30000000000001,10,795.1999999999971,0.0,False,0
41,0,1,[2 1 3],781.3999999999978,0.5,0.5,0.8973108595793412,MI,[3 1 2],60.7,10,795.399999999976,0.0,False,0
41,0,2,[2 1 3],781.3999999999978,0.5,0.5,0.028849258510589504,SI,[2 3 1],17.30000000000001,10,795.1999999999971,0.0,False,0
41,0,3,[2 1 3],781.3999999999978,0.5,0.5,0.24527778493113317,SI,[2 3 1],17.30000000000001,10,795.1999999999971,0.0,False,0
41,0,4,[2 1 3],781.3999999999978,0.5,0.5,0.2870343248174859,SI,[2 3 1],17.30000000000001,10,795.1999999999971,0.0,False,0
42,0,0,[2 1 3],781.3999999999978,0.5,0.5,0.01852415366189164,SI,[2 3 1],17.30000000000001,10,795.1999999999971,0.0,False,0
42,0,1,[2 1 3],781.3999999999978,0.5,0.5,0.04556314927328786,SI,[2 3 1],17.30000000000001,10,795.1999999999971,0.0,False,0
42,0,2,[2 1 3],781.3999999999978,0.5,0.5,0.1077806476716534,SI,[2 3 1],17.30000000000001,10,795.1999999999971,0.0,False,0
42,0,3,[2 1 3],781.3999999999978,0.5,0.5,0.48730297424247626,SI,[2 3 1],17.30000000000001,10,795.1999999999971,0.0,False,0
42,0,4,[2 1 3],781.3999999999978,0.5,0.5,0.7851320845249952,MI,[3 1 2],60.7,10,795.399999999976,0.0,False,0
43,0,0,[2 1 3],781.3999999999978,0.5,0.5,0.779122197796165,MI,[3 1 2],60.7,10,795.399999999976,0.0,False,0
43,0,1,[2 1 3],781.3999999999978,0.5,0.5,0.4120310665620315,SI,[2 3 1],17.30000000000001,10,795.1999999999971,0.0,False,0
43,0,2,[2 1 3],781.3999999999978,0.5,0.5,0.3390599598189977,SI,[2 3 1],17.30000000000001,10,795.1999999999971,0.0,False,0
43,0,3,[2 1 3],781.3999999999978,0.5,0.5,0.432998006741663,SI,[2 3 1],17.30000000000001,10,795.1999999999971,0.0,False,0
43,0,4,[2 1 3],781.3999999999978,0.5,0.5,0.0925649536102795,SI,[2 3 1],17.30000000000001,10,795.1999999999971,0.0,False,0
44,0,0,[2 1 3],781.3999999999978,0.5,0.5,0.7402568738444144,MI,[3 1 2],60.7,10,795.399999999976,0.0,False,0
44,0,1,[2 1 3],781.3999999999978,0.5,0.5,0.2128585003392789,SI,[2 3 1],17.30000000000001,10,795.1999999999971,0.0,False,0
44,0,2,[2 1 3],781.3999999999978,0.5,0.5,0.45383365504377404,SI,[2 3 1],17.30000000000001,10,795.1999999999971,0.0,False,0
44,0,3,[2 1 3],781.3999999999978,0.5,0.5,0.19769922824360175,SI,[2 3 1],17.30000000000001,10,795.1999999999971,0.0,False,0
44,0,4,[2 1 3],781.3999999999978,0.5,0.5,0.030378055533426318,SI,[2 3 1],17.30000000000001,10,795.1999999999971,0.0,False,0
45,0,0,[2 1 3],781.3999999999978,0.5,0.5,0.29030807375451395,SI,[2 3 1],17.30000000000001,10,795.1999999999971,0.0,False,0
45,0,1,[2 1 3],781.3999999999978,0.5,0.5,0.1652187702843534,SI,[2 3 1],17.30000000000001,10,795.1999999999971,0.0,False,0
45,0,2,[2 1 3],781.3999999999978,0.5,0.5,0.27768882534099637,SI,[2 3 1],17.30000000000001,10,795.1999999999971,0.0,False,0
45,0,3,[2 1 3],781.3999999999978,0.5,0.5,0.08891251276561984,SI,[2 3 1],17.30000000000001,10,795.1999999999971,0.0,False,0
45,0,4,[2 1 3],781.3999999999978,0.5,0.5,0.03799511466026706,SI,[2 3 1],17.30000000000001,10,795.1999999999971,0.0,False,0
46,0,0,[2 1 3],781.3999999999978,0.5,0.5,0.35854093296756084,SI,[3 1 2],60.7,10,795.399999999976,0.0,False,0
46,0,1,[2 1 3],781.3999999999978,0.5,0.5,0.3023844370524287,SI,[2 3 1],17.30000000000001,10,795.1999999999971,0.0,False,0
46,0,2,[2 1 3],781.3999999999978,0.5,0.5,0.3098635173357619,SI,[2 3 1],17.30000000000001,10,795.1999999999971,0.0,False,0
46,0,3,[2 1 3],781.3999999999978,0.5,0.5,0.21200822796455276,SI,[2 3 1],17.30000000000001,10,795.1999999999971,0.0,False,0
46,0,4,[2 1 3],781.3999999999978,0.5,0.5,0.2509645943543113,SI,[2 3 1],17.30000000000001,10,795.1999999999971,0.0,False,0
47,0,0,[2 1 3],781.3999999999978,0.5,0.5,0.486172342914704,SI,[2 3 1],17.30000000000001,10,795.1999999999971,0.0,False,0
47,0,1,[2 1 3],781.3999999999978,0.5,0.5,0.3678393677161583,SI,[2 3 1],17.30000000000001,10,795.1999999999971,0.0,False,0
47,0,2,[2 1 3],781.3999999999978,0.5,0.5,0.31302830272966775,SI,[2 3 1],17.30000000000001,10,795.1999999999971,0.0,False,0
47,0,3,[2 1 3],781.3999999999978,0.5,0.5,0.17285203725868725,SI,[2 3 1],17.30000000000001,10,795.1999999999971,0.0,False,0
47,0,4,[2 1 3],781.3999999999978,0.5,0.5,0.4552225603285429,SI,[2 3 1],17.30000000000001,10,795.1999999999971,0.0,False,0
48,0,0,[2 1 3],781.3999999999978,0.5,0.5,0.3371032860532789,SI,[2 3 1],17.30000000000001,10,795.1999999999971,0.0,False,0
48,0,1,[2 1 3],781.3999999999978,0.5,0.5,0.47679040278063733,SI,[2 3 1],17.30000000000001,10,795.1999999999971,0.0,False,0
48,0,2,[2 1 3],781.3999999999978,0.5,0.5,0.2582742025048552,SI,[2 3 1],17.30000000000001,10,795.1999999999971,0.0,False,0
48,0,3,[2 1 3],781.3999999999978,0.5,0.5,0.002105030610867975,SI,[2 3 1],17.30000000000001,10,795.1999999999971,0.0,False,0
48,0,4,[2 1 3],781.3999999999978,0.5,0.5,0.08321409317320827,SI,[2 3 1],17.30000000000001,10,795.1999999999971,0.0,False,0
49,0,0,[2 1 3],781.3999999999978,0.5,0.5,0.07163880491355279,SI,[2 3 1],17.30000000000001,10,795.1999999999971,0.0,False,0
49,0,1,[2 1 3],781.3999999999978,0.5,0.5,0.48423526593009614,SI,[2 3 1],17.30000000000001,10,795.1999999999971,0.0,False,0
49,0,2,[2 1 3],781.3999999999978,0.5,0.5,0.17280471299712852,SI,[2 3 1],17.30000000000001,10,795.1999999999971,0.0,False,0
49,0,3,[2 1 3],781.3999999999978,0.5,0.5,0.4823422037242263,SI,[2 3 1],17.30000000000001,10,795.1999999999971,0.0,False,0
49,0,4,[2 1 3],781.3999999999978,0.5,0.5,0.2397865565734072,SI,[2 3 1],17.30000000000001,10,795.1999999999971,0.0,False,0
50,0,0,[2 1 3],781.3999999999978,0.5,0.5,0.38310094493584834,SI,[2 3 1],17.30000000000001,10,795.1999999999971,0.0,False,0
50,0,1,[2 1 3],781.3999999999978,0.5,0.5,0.9370852194233436,MI,[3 1 2],60.7,10,795.399999999976,0.0,False,0
50,0,2,[2 1 3],781.3999999999978,0.5,0.5,0.08087745103474353,SI,[2 3 1],17.30000000000001,10,795.1999999999971,0.0,False,0
50,0,3,[2 1 3],781.3999999999978,0.5,0.5,0.21011487083153635,SI,[2 3 1],17.30000000000001,10,795.1999999999971,0.0,False,0
50,0,4,[2 1 3],781.3999999999978,0.5,0.5,0.1303434316136438,SI,[2 3 1],17.30000000000001,10,795.1999999999971,0.0,False,0
0,1,0,[1 2],576.7999999999993,0.5,0.5,0.43667515430161463,SI,[2 1],-26.80000000000001,10,636.8999999999905,0.0,False,1
0,1,1,[1 2],576.7999999999993,0.5,0.5,0.07464865011424504,SI,[2 1],-26.80000000000001,10,636.8999999999905,0.0,False,1
0,1,2,[1 2],576.7999999999993,0.5,0.5,0.257336712403753,SI,[2 1],-26.80000000000001,10,636.8999999999905,0.0,False,1
0,1,3,[1 2],576.7999999999993,0.5,0.5,0.305398775753395,SI,[2 1],-26.80000000000001,10,636.8999999999905,0.0,False,1
0,1,4,[1 2],576.7999999999993,0.5,0.5,0.4546114758990697,SI,[2 1],-26.80000000000001,10,636.8999999999905,0.0,False,1
1,0,0,[1 2],576.7999999999993,0.5,0.5,0.08921421399055263,SI,[2 1],-26.80000000000001,10,636.8999999999905,0.0,False,1
1,0,1,[1 2],576.7999999999993,0.5,0.5,0.3192051429233451,SI,[2 1],-26.80000000000001,10,636.8999999999905,0.0,False,1
1,0,2,[1 2],576.7999999999993,0.5,0.5,0.270162256624365,SI,[2 1],-26.80000000000001,10,636.8999999999905,0.0,False,1
1,0,3,[1 2],576.7999999999993,0.5,0.5,0.47583233858128926,SI,[2 1],-26.80000000000001,10,636.8999999999905,0.0,False,1
1,0,4,[1 2],576.7999999999993,0.5,0.5,0.1603566677220335,SI,[2 1],-26.80000000000001,10,636.8999999999905,0.0,False,1
2,0,0,[1 2],576.7999999999993,0.5,0.5,0.16394473324106196,SI,[2 1],-26.80000000000001,10,636.8999999999905,0.0,False,1
2,0,1,[1 2],576.7999999999993,0.5,0.5,0.25888047625715893,SI,[2 1],-26.80000000000001,10,636.8999999999905,0.0,False,1
2,0,2,[1 2],576.7999999999993,0.5,0.5,0.023420974579173803,SI,[2 1],-26.80000000000001,10,636.8999999999905,0.0,False,1
2,0,3,[1 2],576.7999999999993,0.5,0.5,0.11873423763160074,SI,[2 1],-26.80000000000001,10,636.8999999999905,0.0,False,1
2,0,4,[1 2],576.7999999999993,0.5,0.5,0.18922201503930758,SI,[2 1],-26.80000000000001,10,636.8999999999905,0.0,False,1
3,0,0,[1 2],576.7999999999993,0.5,0.5,0.310299687328339,SI,[2 1],-26.80000000000001,10,636.8999999999905,0.0,False,1
3,0,1,[1 2],576.7999999999993,0.5,0.5,0.41148796280346844,SI,[2 1],-26.80000000000001,10,636.8999999999905,0.0,False,1
3,0,2,[1 2],576.7999999999993,0.5,0.5,0.16316702371862646,SI,[2 1],-26.80000000000001,10,636.8999999999905,0.0,False,1
3,0,3,[1 2],576.7999999999993,0.5,0.5,0.18919366287469175,SI,[2 1],-26.80000000000001,10,636.8999999999905,0.0,False,1
3,0,4,[1 2],576.7999999999993,0.5,0.5,0.06526437900102311,SI,[2 1],-26.80000000000001,10,636.8999999999905,0.0,False,1
4,0,0,[1 2],576.7999999999993,0.5,0.5,0.23868404505579477,SI,[2 1],-26.80000000000001,10,636.8999999999905,0.0,False,1
4,0,1,[1 2],576.7999999999993,0.5,0.5,0.3644644145775474,SI,[2 1],-26.80000000000001,10,636.8999999999905,0.0,False,1
4,0,2,[1 2],576.7999999999993,0.5,0.5,0.17220682216217242,SI,[2 1],-26.80000000000001,10,636.8999999999905,0.0,False,1
4,0,3,[1 2],576.7999999999993,0.5,0.5,0.14641116428063927,SI,[2 1],-26.80000000000001,10,636.8999999999905,0.0,False,1
4,0,4,[1 2],576.7999999999993,0.5,0.5,0.06754962756057525,SI,[2 1],-26.80000000000001,10,636.8999999999905,0.0,False,1
5,0,0,[1 2],576.7999999999993,0.5,0.5,0.49727501307539757,SI,[2 1],-26.80000000000001,10,636.8999999999905,0.0,False,1
5,0,1,[1 2],576.7999999999993,0.5,0.5,0.450777949634416,SI,[2 1],-26.80000000000001,10,636.8999999999905,0.0,False,1
5,0,2,[1 2],576.7999999999993,0.5,0.5,0.1558093719086907,SI,[2 1],-26.80000000000001,10,636.8999999999905,0.0,False,1
5,0,3,[1 2],576.7999999999993,0.5,0.5,0.20955458170467578,SI,[2 1],-26.80000000000001,10,636.8999999999905,0.0,False,1
5,0,4,[1 2],576.7999999999993,0.5,0.5,0.0463069330325806,SI,[2 1],-26.80000000000001,10,636.8999999999905,0.0,False,1
6,0,0,[1 2],576.7999999999993,0.5,0.5,0.17695475861451893,SI,[2 1],-26.80000000000001,10,636.8999999999905,0.0,False,1
6,0,1,[1 2],576.7999999999993,0.5,0.5,0.1945554420073784,SI,[2 1],-26.80000000000001,10,636.8999999999905,0.0,False,1
6,0,2,[1 2],576.7999999999993,0.5,0.5,0.3298762881553595,SI,[2 1],-26.80000000000001,10,636.8999999999905,0.0,False,1
6,0,3,[1 2],576.7999999999993,0.5,0.5,0.260472959853173,SI,[2 1],-26.80000000000001,10,636.8999999999905,0.0,False,1
6,0,4,[1 2],576.7999999999993,0.5,0.5,0.4231692706128056,SI,[2 1],-26.80000000000001,10,636.8999999999905,0.0,False,1
7,0,0,[1 2],576.7999999999993,0.5,0.5,0.3116507777071347,SI,[2 1],-26.80000000000001,10,636.8999999999905,0.0,False,1
7,0,1,[1 2],576.7999999999993,0.5,0.5,0.3493790567990922,SI,[2 1],-26.80000000000001,10,636.8999999999905,0.0,False,1
7,0,2,[1 2],576.7999999999993,0.5,0.5,0.276699244695367,SI,[2 1],-26.80000000000001,10,636.8999999999905,0.0,False,1
7,0,3,[1 2],576.7999999999993,0.5,0.5,0.49934124776293976,SI,[2 1],-26.80000000000001,10,636.8999999999905,0.0,False,1
7,0,4,[1 2],576.7999999999993,0.5,0.5,0.2626576782381719,SI,[2 1],-26.80000000000001,10,636.8999999999905,0.0,False,1
8,0,0,[1 2],576.7999999999993,0.5,0.5,0.254175624615927,SI,[2 1],-26.80000000000001,10,636.8999999999905,0.0,False,1
8,0,1,[1 2],576.7999999999993,0.5,0.5,0.4689355313287473,SI,[2 1],-26.80000000000001,10,636.8999999999905,0.0,False,1
8,0,2,[1 2],576.7999999999993,0.5,0.5,0.3977093047526328,SI,[2 1],-26.80000000000001,10,636.8999999999905,0.0,False,1
8,0,3,[1 2],576.7999999999993,0.5,0.5,0.40990376784879756,SI,[2 1],-26.80000000000001,10,636.8999999999905,0.0,False,1
8,0,4,[1 2],576.7999999999993,0.5,0.5,0.4085171776627011,SI,[2 1],-26.80000000000001,10,636.8999999999905,0.0,False,1
9,0,0,[1 2],576.7999999999993,0.5,0.5,0.45097670848268356,SI,[2 1],-26.80000000000001,10,636.8999999999905,0.0,False,1
9,0,1,[1 2],576.7999999999993,0.5,0.5,0.10559149204155294,SI,[2 1],-26.80000000000001,10,636.8999999999905,0.0,False,1
9,0,2,[1 2],576.7999999999993,0.5,0.5,0.07588861245612866,SI,[2 1],-26.80000000000001,10,636.8999999999905,0.0,False,1
9,0,3,[1 2],576.7999999999993,0.5,0.5,0.3676441537911108,SI,[2 1],-26.80000000000001,10,636.8999999999905,0.0,False,1
9,0,4,[1 2],576.7999999999993,0.5,0.5,0.034040960724211033,SI,[2 1],-26.80000000000001,10,636.8999999999905,0.0,False,1
10,0,0,[1 2],576.7999999999993,0.5,0.5,0.058156896866569996,SI,[2 1],-26.80000000000001,10,636.8999999999905,0.0,False,1
10,0,1,[1 2],576.7999999999993,0.5,0.5,0.3775763567624514,SI,[2 1],-26.80000000000001,10,636.8999999999905,0.0,False,1
10,0,2,[1 2],576.7999999999993,0.5,0.5,0.46350473460916974,SI,[2 1],-26.80000000000001,10,636.8999999999905,0.0,False,1
10,0,3,[1 2],576.7999999999993,0.5,0.5,0.40460712058816617,SI,[2 1],-26.80000000000001,10,636.8999999999905,0.0,False,1
10,0,4,[1 2],576.7999999999993,0.5,0.5,0.13097438562975838,SI,[2 1],-26.80000000000001,10,636.8999999999905,0.0,False,1
11,0,0,[1 2],576.7999999999993,0.5,0.5,0.20960744304865864,SI,[2 1],-26.80000000000001,10,636.8999999999905,0.0,False,1
11,0,1,[1 2],576.7999999999993,0.5,0.5,0.23644879828210041,SI,[2 1],-26.80000000000001,10,636.8999999999905,0.0,False,1
11,0,2,[1 2],576.7999999999993,0.5,0.5,0.20651457841515763,SI,[2 1],-26.80000000000001,10,636.8999999999905,0.0,False,1
11,0,3,[1 2],576.7999999999993,0.5,0.5,0.2709263186219263,SI,[2 1],-26.80000000000001,10,636.8999999999905,0.0,False,1
11,0,4,[1 2],576.7999999999993,0.5,0.5,0.023690747777151855,SI,[2 1],-26.80000000000001,10,636.8999999999905,0.0,False,1
12,0,0,[1 2],576.7999999999993,0.5,0.5,0.06172009483581953,SI,[2 1],-26.80000000000001,10,636.8999999999905,0.0,False,1
12,0,1,[1 2],576.7999999999993,0.5,0.5,0.043073326025760084,SI,[2 1],-26.80000000000001,10,636.8999999999905,0.0,False,1
12,0,2,[1 2],576.7999999999993,0.5,0.5,0.01750455066428047,SI,[2 1],-26.80000000000001,10,636.8999999999905,0.0,False,1
12,0,3,[1 2],576.7999999999993,0.5,0.5,0.05825804497294129,SI,[2 1],-26.80000000000001,10,636.8999999999905,0.0,False,1
12,0,4,[1 2],576.7999999999993,0.5,0.5,0.2551509787785916,SI,[2 1],-26.80000000000001,10,636.8999999999905,0.0,False,1
13,0,0,[1 2],576.7999999999993,0.5,0.5,0.02478062290220273,SI,[2 1],-26.80000000000001,10,636.8999999999905,0.0,False,1
13,0,1,[1 2],576.7999999999993,0.5,0.5,0.09812636209072068,SI,[2 1],-26.80000000000001,10,636.8999999999905,0.0,False,1
13,0,2,[1 2],576.7999999999993,0.5,0.5,0.35975684839588273,SI,[2 1],-26.80000000000001,10,636.8999999999905,0.0,False,1
13,0,3,[1 2],576.7999999999993,0.5,0.5,0.05458698598067446,SI,[2 1],-26.80000000000001,10,636.8999999999905,0.0,False,1
13,0,4,[1 2],576.7999999999993,0.5,0.5,0.10447529719224402,SI,[2 1],-26.80000000000001,10,636.8999999999905,0.0,False,1
14,0,0,[1 2],576.7999999999993,0.5,0.5,0.16551761894964956,SI,[2 1],-26.80000000000001,10,636.8999999999905,0.0,False,1
14,0,1,[1 2],576.7999999999993,0.5,0.5,0.3541438298537396,SI,[2 1],-26.80000000000001,10,636.8999999999905,0.0,False,1
14,0,2,[1 2],576.7999999999993,0.5,0.5,0.013385921950087032,SI,[2 1],-26.80000000000001,10,636.8999999999905,0.0,False,1
14,0,3,[1 2],576.7999999999993,0.5,0.5,0.4228515320297588,SI,[2 1],-26.80000000000001,10,636.8999999999905,0.0,False,1
14,0,4,[1 2],576.7999999999993,0.5,0.5,0.2689063709622944,SI,[2 1],-26.80000000000001,10,636.8999999999905,0.0,False,1
15,0,0,[1 2],576.7999999999993,0.5,0.5,0.19600181848560572,SI,[2 1],-26.80000000000001,10,636.8999999999905,0.0,False,1
15,0,1,[1 2],576.7999999999993,0.5,0.5,0.2534670063727593,SI,[2 1],-26.80000000000001,10,636.8999999999905,0.0,False,1
15,0,2,[1 2],576.7999999999993,0.5,0.5,0.26707466475291763,SI,[2 1],-26.80000000000001,10,636.8999999999905,0.0,False,1
15,0,3,[1 2],576.7999999999993,0.5,0.5,0.2271113651920913,SI,[2 1],-26.80000000000001,10,636.8999999999905,0.0,False,1
15,0,4,[1 2],576.7999999999993,0.5,0.5,0.1789926477649394,SI,[2 1],-26.80000000000001,10,636.8999999999905,0.0,False,1
16,0,0,[1 2],576.7999999999993,0.5,0.5,0.39303391719668634,SI,[2 1],-26.80000000000001,10,636.8999999999905,0.0,False,1
16,0,1,[1 2],576.7999999999993,0.5,0.5,0.12603764766824177,SI,[2 1],-26.80000000000001,10,636.8999999999905,0.0,False,1
16,0,2,[1 2],576.7999999999993,0.5,0.5,0.46290568412075317,SI,[2 1],-26.80000000000001,10,636.8999999999905,0.0,False,1
16,0,3,[1 2],576.7999999999993,0.5,0.5,0.017855925727024324,SI,[2 1],-26.80000000000001,10,636.8999999999905,0.0,False,1
16,0,4,[1 2],576.7999999999993,0.5,0.5,0.38891317712680207,SI,[2 1],-26.80000000000001,10,636.8999999999905,0.0,False,1
17,0,0,[1 2],576.7999999999993,0.5,0.5,0.27967858897097797,SI,[2 1],-26.80000000000001,10,636.8999999999905,0.0,False,1
17,0,1,[1 2],576.7999999999993,0.5,0.5,0.481527873866999,SI,[2 1],-26.80000000000001,10,636.8999999999905,0.0,False,1
17,0,2,[1 2],576.7999999999993,0.5,0.5,0.34312410409147454,SI,[2 1],-26.80000000000001,10,636.8999999999905,0.0,False,1
17,0,3,[1 2],576.7999999999993,0.5,0.5,0.1702855443500393,SI,[2 1],-26.80000000000001,10,636.8999999999905,0.0,False,1
17,0,4,[1 2],576.7999999999993,0.5,0.5,0.3921308135038166,SI,[2 1],-26.80000000000001,10,636.8999999999905,0.0,False,1
18,0,0,[1 2],576.7999999999993,0.5,0.5,0.37705343424206117,SI,[2 1],-26.80000000000001,10,636.8999999999905,0.0,False,1
18,0,1,[1 2],576.7999999999993,0.5,0.5,0.4537144347496376,SI,[2 1],-26.80000000000001,10,636.8999999999905,0.0,False,1
18,0,2,[1 2],576.7999999999993,0.5,0.5,0.23474564034585932,SI,[2 1],-26.80000000000001,10,636.8999999999905,0.0,False,1
18,0,3,[1 2],576.7999999999993,0.5,0.5,0.15744365002324057,SI,[2 1],-26.80000000000001,10,636.8999999999905,0.0,False,1
18,0,4,[1 2],576.7999999999993,0.5,0.5,0.23511311383259437,SI,[2 1],-26.80000000000001,10,636.8999999999905,0.0,False,1
19,0,0,[1 2],576.7999999999993,0.5,0.5,0.1746198656208915,SI,[2 1],-26.80000000000001,10,636.8999999999905,0.0,False,1
19,0,1,[1 2],576.7999999999993,0.5,0.5,0.20156719878234097,SI,[2 1],-26.80000000000001,10,636.8999999999905,0.0,False,1
19,0,2,[1 2],576.7999999999993,0.5,0.5,0.24000805883783727,SI,[2 1],-26.80000000000001,10,636.8999999999905,0.0,False,1
19,0,3,[1 2],576.7999999999993,0.5,0.5,0.36616346677760303,SI,[2 1],-26.80000000000001,10,636.8999999999905,0.0,False,1
19,0,4,[1 2],576.7999999999993,0.5,0.5,0.019388751618373168,SI,[2 1],-26.80000000000001,10,636.8999999999905,0.0,False,1
20,0,0,[1 2],576.7999999999993,0.5,0.5,0.4558666318583334,SI,[2 1],-26.80000000000001,10,636.8999999999905,0.0,False,1
20,0,1,[1 2],576.7999999999993,0.5,0.5,0.39471545460351765,SI,[2 1],-26.80000000000001,10,636.8999999999905,0.0,False,1
20,0,2,[1 2],576.7999999999993,0.5,0.5,0.41961614825032545,SI,[2 1],-26.80000000000001,10,636.8999999999905,0.0,False,1
20,0,3,[1 2],576.7999999999993,0.5,0.5,0.21543205197207516,SI,[2 1],-26.80000000000001,10,636.8999999999905,0.0,False,1
20,0,4,[1 2],576.7999999999993,0.5,0.5,0.00574093543705978,SI,[2 1],-26.80000000000001,10,636.8999999999905,0.0,False,1
21,0,0,[1 2],576.7999999999993,0.5,0.5,0.3905529149028353,SI,[2 1],-26.80000000000001,10,636.8999999999905,0.0,False,1
21,0,1,[1 2],576.7999999999993,0.5,0.5,0.24657471813936016,SI,[2 1],-26.80000000000001,10,636.8999999999905,0.0,False,1
21,0,2,[1 2],576.7999999999993,0.5,0.5,0.4015673359931502,SI,[2 1],-26.80000000000001,10,636.8999999999905,0.0,False,1
21,0,3,[1 2],576.7999999999993,0.5,0.5,0.06996687355635967,SI,[2 1],-26.80000000000001,10,636.8999999999905,0.0,False,1
21,0,4,[1 2],576.7999999999993,0.5,0.5,0.31226161587630663,SI,[2 1],-26.80000000000001,10,636.8999999999905,0.0,False,1
22,0,0,[1 2],576.7999999999993,0.5,0.5,0.14096764019455987,SI,[2 1],-26.80000000000001,10,636.8999999999905,0.0,False,1
22,0,1,[1 2],576.7999999999993,0.5,0.5,0.26216407357256377,SI,[2 1],-26.80000000000001,10,636.8999999999905,0.0,False,1
22,0,2,[1 2],576.7999999999993,0.5,0.5,0.3579644048587415,SI,[2 1],-26.80000000000001,10,636.8999999999905,0.0,False,1
22,0,3,[1 2],576.7999999999993,0.5,0.5,0.30256725219216385,SI,[2 1],-26.80000000000001,10,636.8999999999905,0.0,False,1
22,0,4,[1 2],576.7999999999993,0.5,0.5,0.2519972223134084,SI,[2 1],-26.80000000000001,10,636.8999999999905,0.0,False,1
23,0,0,[1 2],576.7999999999993,0.5,0.5,0.11016072520287967,SI,[2 1],-26.80000000000001,10,636.8999999999905,0.0,False,1
23,0,1,[1 2],576.7999999999993,0.5,0.5,0.142139558196817,SI,[2 1],-26.80000000000001,10,636.8999999999905,0.0,False,1
23,0,2,[1 2],576.7999999999993,0.5,0.5,0.33114338677242694,SI,[2 1],-26.80000000000001,10,636.8999999999905,0.0,False,1
23,0,3,[1 2],576.7999999999993,0.5,0.5,0.18212042766546466,SI,[2 1],-26.80000000000001,10,636.8999999999905,0.0,False,1
23,0,4,[1 2],576.7999999999993,0.5,0.5,0.04117114550341061,SI,[2 1],-26.80000000000001,10,636.8999999999905,0.0,False,1
24,0,0,[1 2],576.7999999999993,0.5,0.5,0.016631460587426594,SI,[2 1],-26.80000000000001,10,636.8999999999905,0.0,False,1
24,0,1,[1 2],576.7999999999993,0.5,0.5,0.4174476845069207,SI,[2 1],-26.80000000000001,10,636.8999999999905,0.0,False,1
24,0,2,[1 2],576.7999999999993,0.5,0.5,0.1103377891731725,SI,[2 1],-26.80000000000001,10,636.8999999999905,0.0,False,1
24,0,3,[1 2],576.7999999999993,0.5,0.5,0.39653078044767587,SI,[2 1],-26.80000000000001,10,636.8999999999905,0.0,False,1
24,0,4,[1 2],576.7999999999993,0.5,0.5,0.2839040057289306,SI,[2 1],-26.80000000000001,10,636.8999999999905,0.0,False,1
25,0,0,[1 2],576.7999999999993,0.5,0.5,0.0013800286887105662,SI,[2 1],-26.80000000000001,10,636.8999999999905,0.0,False,1
25,0,1,[1 2],576.7999999999993,0.5,0.5,0.423480684315085,SI,[2 1],-26.80000000000001,10,636.8999999999905,0.0,False,1
25,0,2,[1 2],576.7999999999993,0.5,0.5,0.18837021236929352,SI,[2 1],-26.80000000000001,10,636.8999999999905,0.0,False,1
25,0,3,[1 2],576.7999999999993,0.5,0.5,0.30549950899614964,SI,[2 1],-26.80000000000001,10,636.8999999999905,0.0,False,1
25,0,4,[1 2],576.7999999999993,0.5,0.5,0.06338416955495574,SI,[2 1],-26.80000000000001,10,636.8999999999905,0.0,False,1
26,0,0,[1 2],576.7999999999993,0.5,0.5,0.06692247655248895,SI,[2 1],-26.80000000000001,10,636.8999999999905,0.0,False,1
26,0,1,[1 2],576.7999999999993,0.5,0.5,0.12331653709106816,SI,[2 1],-26.80000000000001,10,636.8999999999905,0.0,False,1
26,0,2,[1 2],576.7999999999993,0.5,0.5,0.389469537705886,SI,[2 1],-26.80000000000001,10,636.8999999999905,0.0,False,1
26,0,3,[1 2],576.7999999999993,0.5,0.5,0.33300999843934187,SI,[2 1],-26.80000000000001,10,636.8999999999905,0.0,False,1
26,0,4,[1 2],576.7999999999993,0.5,0.5,0.04488652193671827,SI,[2 1],-26.80000000000001,10,636.8999999999905,0.0,False,1
27,0,0,[1 2],576.7999999999993,0.5,0.5,0.49713859621005896,SI,[2 1],-26.80000000000001,10,636.8999999999905,0.0,False,1
27,0,1,[1 2],576.7999999999993,0.5,0.5,0.07196485489977111,SI,[2 1],-26.80000000000001,10,636.8999999999905,0.0,False,1
27,0,2,[1 2],576.7999999999993,0.5,0.5,0.13275991532278286,SI,[2 1],-26.80000000000001,10,636.8999999999905,0.0,False,1
27,0,3,[1 2],576.7999999999993,0.5,0.5,0.4189298253004493,SI,[2 1],-26.80000000000001,10,636.8999999999905,0.0,False,1
27,0,4,[1 2],576.7999999999993,0.5,0.5,0.490355663550323,SI,[2 1],-26.80000000000001,10,636.8999999999905,0.0,False,1
28,0,0,[1 2],576.7999999999993,0.5,0.5,0.17855914387187366,SI,[2 1],-26.80000000000001,10,636.8999999999905,0.0,False,1
28,0,1,[1 2],576.7999999999993,0.5,0.5,0.1739087147655991,SI,[2 1],-26.80000000000001,10,636.8999999999905,0.0,False,1
28,0,2,[1 2],576.7999999999993,0.5,0.5,0.3873108009038613,SI,[2 1],-26.80000000000001,10,636.8999999999905,0.0,False,1
28,0,3,[1 2],576.7999999999993,0.5,0.5,0.3828058710541824,SI,[2 1],-26.80000000000001,10,636.8999999999905,0.0,False,1
28,0,4,[1 2],576.7999999999993,0.5,0.5,0.43215707350720367,SI,[2 1],-26.80000000000001,10,636.8999999999905,0.0,False,1
29,0,0,[1 2],576.7999999999993,0.5,0.5,0.11908115873267511,SI,[2 1],-26.80000000000001,10,636.8999999999905,0.0,False,1
29,0,1,[1 2],576.7999999999993,0.5,0.5,0.3030550245464908,SI,[2 1],-26.80000000000001,10,636.8999999999905,0.0,False,1
29,0,2,[1 2],576.7999999999993,0.5,0.5,0.10720328861250672,SI,[2 1],-26.80000000000001,10,636.8999999999905,0.0,False,1
29,0,3,[1 2],576.7999999999993,0.5,0.5,0.46916801288934773,SI,[2 1],-26.80000000000001,10,636.8999999999905,0.0,False,1
29,0,4,[1 2],576.7999999999993,0.5,0.5,0.48225778991011514,SI,[2 1],-26.80000000000001,10,636.8999999999905,0.0,False,1
30,0,0,[1 2],576.7999999999993,0.5,0.5,0.16206357015158357,SI,[2 1],-26.80000000000001,10,636.8999999999905,0.0,False,1
30,0,1,[1 2],576.7999999999993,0.5,0.5,0.4212922801166247,SI,[2 1],-26.80000000000001,10,636.8999999999905,0.0,False,1
30,0,2,[1 2],576.7999999999993,0.5,0.5,0.034300108690462516,SI,[2 1],-26.80000000000001,10,636.8999999999905,0.0,False,1
30,0,3,[1 2],576.7999999999993,0.5,0.5,0.049253216177931325,SI,[2 1],-26.80000000000001,10,636.8999999999905,0.0,False,1
30,0,4,[1 2],576.7999999999993,0.5,0.5,0.487885275119572,SI,[2 1],-26.80000000000001,10,636.8999999999905,0.0,False,1
31,0,0,[1 2],576.7999999999993,0.5,0.5,0.09942392619704865,SI,[2 1],-26.80000000000001,10,636.8999999999905,0.0,False,1
31,0,1,[1 2],576.7999999999993,0.5,0.5,0.15121718645538507,SI,[2 1],-26.80000000000001,10,636.8999999999905,0.0,False,1
31,0,2,[1 2],576.7999999999993,0.5,0.5,0.0005811691437412891,SI,[2 1],-26.80000000000001,10,636.8999999999905,0.0,False,1
31,0,3,[1 2],576.7999999999993,0.5,0.5,0.4470044956672402,SI,[2 1],-26.80000000000001,10,636.8999999999905,0.0,False,1
31,0,4,[1 2],576.7999999999993,0.5,0.5,0.45193253215257934,SI,[2 1],-26.80000000000001,10,636.8999999999905,0.0,False,1
32,0,0,[1 2],576.7999999999993,0.5,0.5,0.22404022211082308,SI,[2 1],-26.80000000000001,10,636.8999999999905,0.0,False,1
32,0,1,[1 2],576.7999999999993,0.5,0.5,0.4746354799322695,SI,[2 1],-26.80000000000001,10,636.8999999999905,0.0,False,1
32,0,2,[1 2],576.7999999999993,0.5,0.5,0.4918247086092258,SI,[2 1],-26.80000000000001,10,636.8999999999905,0.0,False,1
32,0,3,[1 2],576.7999999999993,0.5,0.5,0.21058973875269238,SI,[2 1],-26.80000000000001,10,636.8999999999905,0.0,False,1
32,0,4,[1 2],576.7999999999993,0.5,0.5,0.10330527995230343,SI,[2 1],-26.80000000000001,10,636.8999999999905,0.0,False,1
33,0,0,[1 2],576.7999999999993,0.5,0.5,0.34697359323450205,SI,[2 1],-26.80000000000001,10,636.8999999999905,0.0,False,1
33,0,1,[1 2],576.7999999999993,0.5,0.5,0.27450935586659375,SI,[2 1],-26.80000000000001,10,636.8999999999905,0.0,False,1
33,0,2,[1 2],576.7999999999993,0.5,0.5,0.20634499166837805,SI,[2 1],-26.80000000000001,10,636.8999999999905,0.0,False,1
33,0,3,[1 2],576.7999999999993,0.5,0.5,0.44150172406052146,SI,[2 1],-26.80000000000001,10,636.8999999999905,0.0,False,1
33,0,4,[1 2],576.7999999999993,0.5,0.5,0.16493823050336454,SI,[2 1],-26.80000000000001,10,636.8999999999905,0.0,False,1
34,0,0,[1 2],576.7999999999993,0.5,0.5,0.2946140646093477,SI,[2 1],-26.80000000000001,10,636.8999999999905,0.0,False,1
34,0,1,[1 2],576.7999999999993,0.5,0.5,0.008237864537553596,SI,[2 1],-26.80000000000001,10,636.8999999999905,0.0,False,1
34,0,2,[1 2],576.7999999999993,0.5,0.5,0.014734492973320301,SI,[2 1],-26.80000000000001,10,636.8999999999905,0.0,False,1
34,0,3,[1 2],576.7999999999993,0.5,0.5,0.062315334267893374,SI,[2 1],-26.80000000000001,10,636.8999999999905,0.0,False,1
34,0,4,[1 2],576.7999999999993,0.5,0.5,0.27098668710437734,SI,[2 1],-26.80000000000001,10,636.8999999999905,0.0,False,1
35,0,0,[1 2],576.7999999999993,0.5,0.5,0.48826250755851563,SI,[2 1],-26.80000000000001,10,636.8999999999905,0.0,False,1
35,0,1,[1 2],576.7999999999993,0.5,0.5,0.08889837301167836,SI,[2 1],-26.80000000000001,10,636.8999999999905,0.0,False,1
35,0,2,[1 2],576.7999999999993,0.5,0.5,0.12502020160706384,SI,[2 1],-26.80000000000001,10,636.8999999999905,0.0,False,1
35,0,3,[1 2],576.7999999999993,0.5,0.5,0.14706828459831878,SI,[2 1],-26.80000000000001,10,636.8999999999905,0.0,False,1
35,0,4,[1 2],576.7999999999993,0.5,0.5,0.27680529375195884,SI,[2 1],-26.80000000000001,10,636.8999999999905,0.0,False,1
36,0,0,[1 2],576.7999999999993,0.5,0.5,0.2605366142668859,SI,[2 1],-26.80000000000001,10,636.8999999999905,0.0,False,1
36,0,1,[1 2],576.7999999999993,0.5,0.5,0.17827512444771854,SI,[2 1],-26.80000000000001,10,636.8999999999905,0.0,False,1
36,0,2,[1 2],576.7999999999993,0.5,0.5,0.4545051332697674,SI,[2 1],-26.80000000000001,10,636.8999999999905,0.0,False,1
36,0,3,[1 2],576.7999999999993,0.5,0.5,0.23229255425758322,SI,[2 1],-26.80000000000001,10,636.8999999999905,0.0,False,1
36,0,4,[1 2],576.7999999999993,0.5,0.5,0.043260365594419814,SI,[2 1],-26.80000000000001,10,636.8999999999905,0.0,False,1
37,0,0,[1 2],576.7999999999993,0.5,0.5,0.4263444798463878,SI,[2 1],-26.80000000000001,10,636.8999999999905,0.0,False,1
37,0,1,[1 2],576.7999999999993,0.5,0.5,0.37920352224256004,SI,[2 1],-26.80000000000001,10,636.8999999999905,0.0,False,1
37,0,2,[1 2],576.7999999999993,0.5,0.5,0.017527076688486076,SI,[2 1],-26.80000000000001,10,636.8999999999905,0.0,False,1
37,0,3,[1 2],576.7999999999993,0.5,0.5,0.08864103697332781,SI,[2 1],-26.80000000000001,10,636.8999999999905,0.0,False,1
37,0,4,[1 2],576.7999999999993,0.5,0.5,0.23329273805935724,SI,[2 1],-26.80000000000001,10,636.8999999999905,0.0,False,1
38,0,0,[1 2],576.7999999999993,0.5,0.5,0.029093197411119265,SI,[2 1],-26.80000000000001,10,636.8999999999905,0.0,False,1
38,0,1,[1 2],576.7999999999993,0.5,0.5,0.491090410731124,SI,[2 1],-26.80000000000001,10,636.8999999999905,0.0,False,1
38,0,2,[1 2],576.7999999999993,0.5,0.5,0.2962140406929522,SI,[2 1],-26.80000000000001,10,636.8999999999905,0.0,False,1
38,0,3,[1 2],576.7999999999993,0.5,0.5,0.26304919463818544,SI,[2 1],-26.80000000000001,10,636.8999999999905,0.0,False,1
38,0,4,[1 2],576.7999999999993,0.5,0.5,0.2610790589636429,SI,[2 1],-26.80000000000001,10,636.8999999999905,0.0,False,1
39,0,0,[1 2],576.7999999999993,0.5,0.5,0.3695367799514572,SI,[2 1],-26.80000000000001,10,636.8999999999905,0.0,False,1
39,0,1,[1 2],576.7999999999993,0.5,0.5,0.051642814684024874,SI,[2 1],-26.80000000000001,10,636.8999999999905,0.0,False,1
39,0,2,[1 2],576.7999999999993,0.5,0.5,0.10468063831862684,SI,[2 1],-26.80000000000001,10,636.8999999999905,0.0,False,1
39,0,3,[1 2],576.7999999999993,0.5,0.5,0.31627721496748995,SI,[2 1],-26.80000000000001,10,636.8999999999905,0.0,False,1
39,0,4,[1 2],576.7999999999993,0.5,0.5,0.4662643168294156,SI,[2 1],-26.80000000000001,10,636.8999999999905,0.0,False,1
40,0,0,[1 2],576.7999999999993,0.5,0.5,0.34985887625449985,SI,[2 1],-26.80000000000001,10,636.8999999999905,0.0,False,1
40,0,1,[1 2],576.7999999999993,0.5,0.5,0.11388798581747561,SI,[2 1],-26.80000000000001,10,636.8999999999905,0.0,False,1
40,0,2,[1 2],576.7999999999993,0.5,0.5,0.49540123260501245,SI,[2 1],-26.80000000000001,10,636.8999999999905,0.0,False,1
40,0,3,[1 2],576.7999999999993,0.5,0.5,0.42175160518397414,SI,[2 1],-26.80000000000001,10,636.8999999999905,0.0,False,1
40,0,4,[1 2],576.7999999999993,0.5,0.5,0.11951914316833456,SI,[2 1],-26.80000000000001,10,636.8999999999905,0.0,False,1
41,0,0,[1 2],576.7999999999993,0.5,0.5,0.24843519311923556,SI,[2 1],-26.80000000000001,10,636.8999999999905,0.0,False,1
41,0,1,[1 2],576.7999999999993,0.5,0.5,0.15313239893654784,SI,[2 1],-26.80000000000001,10,636.8999999999905,0.0,False,1
41,0,2,[1 2],576.7999999999993,0.5,0.5,0.46252650088344194,SI,[2 1],-26.80000000000001,10,636.8999999999905,0.0,False,1
41,0,3,[1 2],576.7999999999993,0.5,0.5,0.3119656947443229,SI,[2 1],-26.80000000000001,10,636.8999999999905,0.0,False,1
41,0,4,[1 2],576.7999999999993,0.5,0.5,0.4080232055810712,SI,[2 1],-26.80000000000001,10,636.8999999999905,0.0,False,1
42,0,0,[1 2],576.7999999999993,0.5,0.5,0.4004148473375071,SI,[2 1],-26.80000000000001,10,636.8999999999905,0.0,False,1
42,0,1,[1 2],576.7999999999993,0.5,0.5,0.12800236571423518,SI,[2 1],-26.80000000000001,10,636.8999999999905,0.0,False,1
42,0,2,[1 2],576.7999999999993,0.5,0.5,0.09665481115514474,SI,[2 1],-26.80000000000001,10,636.8999999999905,0.0,False,1
42,0,3,[1 2],576.7999999999993,0.5,0.5,0.3000055779559191,SI,[2 1],-26.80000000000001,10,636.8999999999905,0.0,False,1
42,0,4,[1 2],576.7999999999993,0.5,0.5,0.03618250947132362,SI,[2 1],-26.80000000000001,10,636.8999999999905,0.0,False,1
43,0,0,[1 2],576.7999999999993,0.5,0.5,0.09428323371769731,SI,[2 1],-26.80000000000001,10,636.8999999999905,0.0,False,1
43,0,1,[1 2],576.7999999999993,0.5,0.5,0.47396542057579505,SI,[2 1],-26.80000000000001,10,636.8999999999905,0.0,False,1
43,0,2,[1 2],576.7999999999993,0.5,0.5,0.2820216245646632,SI,[2 1],-26.80000000000001,10,636.8999999999905,0.0,False,1
43,0,3,[1 2],576.7999999999993,0.5,0.5,0.33472269525109144,SI,[2 1],-26.80000000000001,10,636.8999999999905,0.0,False,1
43,0,4,[1 2],576.7999999999993,0.5,0.5,0.4674498014999191,SI,[2 1],-26.80000000000001,10,636.8999999999905,0.0,False,1
44,0,0,[1 2],576.7999999999993,0.5,0.5,0.17233497014122534,SI,[2 1],-26.80000000000001,10,636.8999999999905,0.0,False,1
44,0,1,[1 2],576.7999999999993,0.5,0.5,0.39261702268070364,SI,[2 1],-26.80000000000001,10,636.8999999999905,0.0,False,1
44,0,2,[1 2],576.7999999999993,0.5,0.5,0.3909673343011336,SI,[2 1],-26.80000000000001,10,636.8999999999905,0.0,False,1
44,0,3,[1 2],576.7999999999993,0.5,0.5,0.37760560417509936,SI,[2 1],-26.80000000000001,10,636.8999999999905,0.0,False,1
44,0,4,[1 2],576.7999999999993,0.5,0.5,0.36903370568085025,SI,[2 1],-26.80000000000001,10,636.8999999999905,0.0,False,1
45,0,0,[1 2],576.7999999999993,0.5,0.5,0.365406527814371,SI,[2 1],-26.80000000000001,10,636.8999999999905,0.0,False,1
45,0,1,[1 2],576.7999999999993,0.5,0.5,0.021465732117668335,SI,[2 1],-26.80000000000001,10,636.8999999999905,0.0,False,1
45,0,2,[1 2],576.7999999999993,0.5,0.5,0.46206279229362934,SI,[2 1],-26.80000000000001,10,636.8999999999905,0.0,False,1
45,0,3,[1 2],576.7999999999993,0.5,0.5,0.05747904938507853,SI,[2 1],-26.80000000000001,10,636.8999999999905,0.0,False,1
45,0,4,[1 2],576.7999999999993,0.5,0.5,0.20106146238827483,SI,[2 1],-26.80000000000001,10,636.8999999999905,0.0,False,1
46,0,0,[1 2],576.7999999999993,0.5,0.5,0.17036839614720178,SI,[2 1],-26.80000000000001,10,636.8999999999905,0.0,False,1
46,0,1,[1 2],576.7999999999993,0.5,0.5,0.1280575227127536,SI,[2 1],-26.80000000000001,10,636.8999999999905,0.0,False,1
46,0,2,[1 2],576.7999999999993,0.5,0.5,0.41809880219479423,SI,[2 1],-26.80000000000001,10,636.8999999999905,0.0,False,1
46,0,3,[1 2],576.7999999999993,0.5,0.5,0.2986998317439383,SI,[2 1],-26.80000000000001,10,636.8999999999905,0.0,False,1
46,0,4,[1 2],576.7999999999993,0.5,0.5,0.05592243276068276,SI,[2 1],-26.80000000000001,10,636.8999999999905,0.0,False,1
47,0,0,[1 2],576.7999999999993,0.5,0.5,0.4597895239332943,SI,[2 1],-26.80000000000001,10,636.8999999999905,0.0,False,1
47,0,1,[1 2],576.7999999999993,0.5,0.5,0.39141102561847185,SI,[2 1],-26.80000000000001,10,636.8999999999905,0.0,False,1
47,0,2,[1 2],576.7999999999993,0.5,0.5,0.1401154948596104,SI,[2 1],-26.80000000000001,10,636.8999999999905,0.0,False,1
47,0,3,[1 2],576.7999999999993,0.5,0.5,0.010187860986493824,SI,[2 1],-26.80000000000001,10,636.8999999999905,0.0,False,1
47,0,4,[1 2],576.7999999999993,0.5,0.5,0.3481877106347071,SI,[2 1],-26.80000000000001,10,636.8999999999905,0.0,False,1
48,0,0,[1 2],576.7999999999993,0.5,0.5,0.48073478328839614,SI,[2 1],-26.80000000000001,10,636.8999999999905,0.0,False,1
48,0,1,[1 2],576.7999999999993,0.5,0.5,0.08128014334401612,SI,[2 1],-26.80000000000001,10,636.8999999999905,0.0,False,1
48,0,2,[1 2],576.7999999999993,0.5,0.5,0.4491536022545498,SI,[2 1],-26.80000000000001,10,636.8999999999905,0.0,False,1
48,0,3,[1 2],576.7999999999993,0.5,0.5,0.44326398575640535,SI,[2 1],-26.80000000000001,10,636.8999999999905,0.0,False,1
48,0,4,[1 2],576.7999999999993,0.5,0.5,0.3813609208653237,SI,[2 1],-26.80000000000001,10,636.8999999999905,0.0,False,1
49,0,0,[1 2],576.7999999999993,0.5,0.5,0.1640199761260991,SI,[2 1],-26.80000000000001,10,636.8999999999905,0.0,False,1
49,0,1,[1 2],576.7999999999993,0.5,0.5,0.39994513044197244,SI,[2 1],-26.80000000000001,10,636.8999999999905,0.0,False,1
49,0,2,[1 2],576.7999999999993,0.5,0.5,0.4174164319628392,SI,[2 1],-26.80000000000001,10,636.8999999999905,0.0,False,1
49,0,3,[1 2],576.7999999999993,0.5,0.5,0.2949484812213504,SI,[2 1],-26.80000000000001,10,636.8999999999905,0.0,False,1
49,0,4,[1 2],576.7999999999993,0.5,0.5,0.18975315695818318,SI,[2 1],-26.80000000000001,10,636.8999999999905,0.0,False,1
50,0,0,[1 2],576.7999999999993,0.5,0.5,0.3692351966886056,SI,[2 1],-26.80000000000001,10,636.8999999999905,0.0,False,1
50,0,1,[1 2],576.7999999999993,0.5,0.5,0.2657063816549754,SI,[2 1],-26.80000000000001,10,636.8999999999905,0.0,False,1
50,0,2,[1 2],576.7999999999993,0.5,0.5,0.18501795407732313,SI,[2 1],-26.80000000000001,10,636.8999999999905,0.0,False,1
50,0,3,[1 2],576.7999999999993,0.5,0.5,0.34862424412794357,SI,[2 1],-26.80000000000001,10,636.8999999999905,0.0,False,1
50,0,4,[1 2],576.7999999999993,0.5,0.5,0.25623713357151656,SI,[2 1],-26.80000000000001,10,636.8999999999905,0.0,False,1
0,16,0,[3 2 1 4 5],2766.899999999958,0.5,0.5,0.7145805809715987,MI,[3 5 4 1 2],-175.5,10,3735.199999999986,0.0,False,2
0,16,1,[3 2 1 4 5],2766.899999999958,0.5,0.5,0.27766094788100826,SI,[5 4 1 2 3],-83.20000000000005,10,4610.900000000016,0.0,False,2
0,16,2,[3 2 1 4 5],2766.899999999958,0.5,0.5,0.05682039562591967,SI,[3 5 4 1 2],-175.5,10,3735.199999999986,0.0,False,2
0,16,3,[3 2 1 4 5],2766.899999999958,0.5,0.5,0.5781113956476713,MI,[3 5 4 1 2],-175.5,10,3735.199999999986,0.0,False,2
0,16,4,[3 2 1 4 5],2766.899999999958,0.5,0.5,0.9836099646170183,MI,[5 4 1 2 3],-83.20000000000005,10,4610.900000000016,0.0,False,2
1,0,0,[3 1 4 5 2],2761.5999999999804,0.5,0.5,0.7834306078279911,MI,[3 5 4 1 2],35.299999999999955,10,3735.199999999986,0.0,False,2
1,0,1,[3 1 4 5 2],2761.5999999999804,0.5,0.5,0.8915358810446686,MI,[5 4 1 3 2],22.799999999999955,10,4543.400000000009,0.0,False,2
1,0,2,[3 1 4 5 2],2761.5999999999804,0.5,0.5,0.15993774307269704,SI,[5 4 1 3 2],22.799999999999955,10,4543.400000000009,0.0,False,2
1,0,3,[3 1 4 5 2],2761.5999999999804,0.5,0.5,0.6105186860998896,MI,[5 4 1 3 2],22.799999999999955,10,4543.400000000009,0.0,False,2
1,0,4,[3 1 4 5 2],2761.5999999999804,0.5,0.5,0.3688981312509979,SI,[5 4 1 3 2],22.799999999999955,10,4543.400000000009,0.0,False,2
2,0,0,[3 1 4 5 2],2761.5999999999804,0.5,0.5,0.622005343595981,MI,[5 4 1 3 2],22.799999999999955,10,4543.400000000009,0.0,False,2
2,0,1,[3 1 4 5 2],2761.5999999999804,0.5,0.5,0.22770856857285204,SI,[5 4 1 3 2],22.799999999999955,10,4543.400000000009,0.0,False,2
2,0,2,[3 1 4 5 2],2761.5999999999804,0.5,0.5,0.11024520569325158,SI,[3 5 4 1 2],35.299999999999955,10,3735.199999999986,0.0,False,2
2,0,3,[3 1 4 5 2],2761.5999999999804,0.5,0.5,0.47009593407262074,SI,[5 4 1 3 2],22.799999999999955,10,4543.400000000009,0.0,False,2
2,0,4,[3 1 4 5 2],2761.5999999999804,0.5,0.5,0.2065302943231886,SI,[5 4 1 3 2],22.799999999999955,10,4543.400000000009,0.0,False,2
3,0,0,[3 1 4 5 2],2761.5999999999804,0.5,0.5,0.9710332179023422,MI,[3 5 4 1 2],35.299999999999955,10,3735.199999999986,0.0,False,2
3,0,1,[3 1 4 5 2],2761.5999999999804,0.5,0.5,0.5216486880354217,MI,[5 4 1 3 2],22.799999999999955,10,4543.400000000009,0.0,False,2
3,0,2,[3 1 4 5 2],2761.5999999999804,0.5,0.5,0.9116786792336968,MI,[5 4 1 3 2],22.799999999999955,10,4543.400000000009,0.0,False,2
3,0,3,[3 1 4 5 2],2761.5999999999804,0.5,0.5,0.3088843815928358,SI,[3 5 4 1 2],35.299999999999955,10,3735.199999999986,0.0,False,2
3,0,4,[3 1 4 5 2],2761.5999999999804,0.5,0.5,0.40368379634014795,SI,[5 4 1 3 2],22.799999999999955,10,4543.400000000009,0.0,False,2
4,0,0,[3 1 4 5 2],2761.5999999999804,0.5,0.5,0.6881610087678787,MI,[4 1 3 5 2],175.39999999999998,10,4265.999999999996,0.0,False,2
4,0,1,[3 1 4 5 2],2761.5999999999804,0.5,0.5,0.17083499253949275,SI,[5 4 1 3 2],22.799999999999955,10,4543.400000000009,0.0,False,2
4,0,2,[3 1 4 5 2],2761.5999999999804,0.5,0.5,0.07783343280008403,SI,[5 4 1 3 2],22.799999999999955,10,4543.400000000009,0.0,False,2
4,0,3,[3 1 4 5 2],2761.5999999999804,0.5,0.5,0.10484663714342679,SI,[3 5 4 1 2],35.299999999999955,10,3735.199999999986,0.0,False,2
4,0,4,[3 1 4 5 2],2761.5999999999804,0.5,0.5,0.34746706743109634,SI,[2 5 4 1 3],57.30000000000001,10,4209.000000000036,0.0,False,2
5,0,0,[3 1 4 5 2],2761.5999999999804,0.5,0.5,0.8675886112335889,MI,[5 4 1 3 2],22.799999999999955,10,4543.400000000009,0.0,False,2
5,0,1,[3 1 4 5 2],2761.5999999999804,0.5,0.5,0.9376817186892294,MI,[5 4 1 3 2],22.799999999999955,10,4543.400000000009,0.0,False,2
5,0,2,[3 1 4 5 2],2761.5999999999804,0.5,0.5,0.729281025315144,MI,[5 4 1 3 2],22.799999999999955,10,4543.400000000009,0.0,False,2
5,0,3,[3 1 4 5 2],2761.5999999999804,0.5,0.5,0.9406536277447352,MI,[5 4 1 3 2],22.799999999999955,10,4543.400000000009,0.0,False,2
5,0,4,[3 1 4 5 2],2761.5999999999804,0.5,0.5,0.059404769139903446,SI,[5 4 1 3 2],22.799999999999955,10,4543.400000000009,0.0,False,2
6,0,0,[3 1 4 5 2],2761.5999999999804,0.5,0.5,0.7245236284560015,MI,[3 5 4 1 2],35.299999999999955,10,3735.199999999986,0.0,False,2
6,0,1,[3 1 4 5 2],2761.5999999999804,0.5,0.5,0.4335488751776615,SI,[5 4 1 3 2],22.799999999999955,10,4543.400000000009,0.0,False,2
6,0,2,[3 1 4 5 2],2761.5999999999804,0.5,0.5,0.1876699293586943,SI,[5 4 1 3 2],22.799999999999955,10,4543.400000000009,0.0,False,2
6,0,3,[3 1 4 5 2],2761.5999999999804,0.5,0.5,0.5945960092878458,MI,[5 4 1 3 2],22.799999999999955,10,4543.400000000009,0.0,False,2
6,0,4,[3 1 4 5 2],2761.5999999999804,0.5,0.5,0.740112438997666,MI,[3 5 4 1 2],35.299999999999955,10,3735.199999999986,0.0,False,2
7,0,0,[3 1 4 5 2],2761.5999999999804,0.5,0.5,0.3037738710838538,SI,[5 4 1 3 2],22.799999999999955,10,4543.400000000009,0.0,False,2
7,0,1,[3 1 4 5 2],2761.5999999999804,0.5,0.5,0.4624538581122345,SI,[5 4 1 3 2],22.799999999999955,10,4543.400000000009,0.0,False,2
7,0,2,[3 1 4 5 2],2761.5999999999804,0.5,0.5,0.5865648594391624,MI,[5 4 1 3 2],22.799999999999955,10,4543.400000000009,0.0,False,2
7,0,3,[3 1 4 5 2],2761.5999999999804,0.5,0.5,0.594024578340915,MI,[2 5 4 1 3],57.30000000000001,10,4209.000000000036,0.0,False,2
7,0,4,[3 1 4 5 2],2761.5999999999804,0.5,0.5,0.47860463226315286,SI,[3 1 5 4 2],101.39999999999998,10,2985.999999999982,0.0,False,2
8,0,0,[3 1 4 5 2],2761.5999999999804,0.5,0.5,0.7063658933250447,MI,[5 4 1 3 2],22.799999999999955,10,4543.400000000009,0.0,False,2
8,0,1,[3 1 4 5 2],2761.5999999999804,0.5,0.5,0.558531060357228,MI,[5 4 1 3 2],22.799999999999955,10,4543.400000000009,0.0,False,2
8,0,2,[3 1 4 5 2],2761.5999999999804,0.5,0.5,0.8113301812416084,MI,[5 4 1 3 2],22.799999999999955,10,4543.400000000009,0.0,False,2
8,0,3,[3 1 4 5 2],2761.5999999999804,0.5,0.5,0.7993995242814814,MI,[5 4 1 3 2],22.799999999999955,10,4543.400000000009,0.0,False,2
8,0,4,[3 1 4 5 2],2761.5999999999804,0.5,0.5,0.9968221158974778,MI,[5 4 1 3 2],22.799999999999955,10,4543.400000000009,0.0,False,2
9,0,0,[3 1 4 5 2],2761.5999999999804,0.5,0.5,0.6546140823895056,MI,[5 4 1 3 2],22.799999999999955,10,4543.400000000009,0.0,False,2
9,0,1,[3 1 4 5 2],2761.5999999999804,0.5,0.5,0.5679016141179271,MI,[5 4 1 3 2],22.799999999999955,10,4543.400000000009,0.0,False,2
9,0,2,[3 1 4 5 2],2761.5999999999804,0.5,0.5,0.8290272660613214,MI,[5 4 1 3 2],22.799999999999955,10,4543.400000000009,0.0,False,2
9,0,3,[3 1 4 5 2],2761.5999999999804,0.5,0.5,0.24191861772528933,SI,[3 5 4 1 2],35.299999999999955,10,3735.199999999986,0.0,False,2
9,0,4,[3 1 4 5 2],2761.5999999999804,0.5,0.5,0.8690941208337598,MI,[3 5 4 1 2],35.299999999999955,10,3735.199999999986,0.0,False,2
10,0,0,[3 1 4 5 2],2761.5999999999804,0.5,0.5,0.8626151750848761,MI,[5 4 1 3 2],22.799999999999955,10,4543.400000000009,0.0,False,2
10,0,1,[3 1 4 5 2],2761.5999999999804,0.5,0.5,0.9700115973874653,MI,[5 4 1 3 2],22.799999999999955,10,4543.400000000009,0.0,False,2
10,0,2,[3 1 4 5 2],2761.5999999999804,0.5,0.5,0.22077081475859983,SI,[5 4 1 3 2],22.799999999999955,10,4543.400000000009,0.0,False,2
10,0,3,[3 1 4 5 2],2761.5999999999804,0.5,0.5,0.21937726086454334,SI,[3 5 4 1 2],35.299999999999955,10,3735.199999999986,0.0,False,2
10,0,4,[3 1 4 5 2],2761.5999999999804,0.5,0.5,0.5924412089837812,MI,[5 4 1 3 2],22.799999999999955,10,4543.400000000009,0.0,False,2
11,0,0,[3 1 4 5 2],2761.5999999999804,0.5,0.5,0.08725204600777803,SI,[5 4 1 3 2],22.799999999999955,10,4543.400000000009,0.0,False,2
11,0,1,[3 1 4 5 2],2761.5999999999804,0.5,0.5,0.4839354399954905,SI,[5 4 1 3 2],22.799999999999955,10,4543.400000000009,0.0,False,2
11,0,2,[3 1 4 5 2],2761.5999999999804,0.5,0.5,0.15042456606341048,SI,[3 5 4 1 2],35.299999999999955,10,3735.199999999986,0.0,False,2
11,0,3,[3 1 4 5 2],2761.5999999999804,0.5,0.5,0.9735410068313483,MI,[3 5 4 1 2],35.299999999999955,10,3735.199999999986,0.0,False,2
11,0,4,[3 1 4 5 2],2761.5999999999804,0.5,0.5,0.9384867551361101,MI,[3 5 4 1 2],35.299999999999955,10,3735.199999999986,0.0,False,2
12,0,0,[3 1 4 5 2],2761.5999999999804,0.5,0.5,0.8761736839111414,MI,[5 4 1 3 2],22.799999999999955,10,4543.400000000009,0.0,False,2
12,0,1,[3 1 4 5 2],2761.5999999999804,0.5,0.5,0.5607592948774883,MI,[5 4 1 3 2],22.799999999999955,10,4543.400000000009,0.0,False,2
12,0,2,[3 1 4 5 2],2761.5999999999804,0.5,0.5,0.970478028305635,MI,[2 5 4 1 3],57.30000000000001,10,4209.000000000036,0.0,False,2
12,0,3,[3 1 4 5 2],2761.5999999999804,0.5,0.5,0.22251908075439775,SI,[5 4 1 3 2],22.799999999999955,10,4543.400000000009,0.0,False,2
12,0,4,[3 1 4 5 2],2761.5999999999804,0.5,0.5,0.8572863953474605,MI,[5 4 1 3 2],22.799999999999955,10,4543.400000000009,0.0,False,2
13,0,0,[3 1 4 5 2],2761.5999999999804,0.5,0.5,0.2748499496314545,SI,[5 4 1 3 2],22.799999999999955,10,4543.400000000009,0.0,False,2
13,0,1,[3 1 4 5 2],2761.5999999999804,0.5,0.5,0.6601099593043135,MI,[5 4 1 3 2],22.799999999999955,10,4543.400000000009,0.0,False,2
13,0,2,[3 1 4 5 2],2761.5999999999804,0.5,0.5,0.312301764095014,SI,[5 4 1 3 2],22.799999999999955,10,4543.400000000009,0.0,False,2
13,0,3,[3 1 4 5 2],2761.5999999999804,0.5,0.5,0.36159468990703214,SI,[5 4 1 3 2],22.799999999999955,10,4543.400000000009,0.0,False,2
13,0,4,[3 1 4 5 2],2761.5999999999804,0.5,0.5,0.24663050599094505,SI,[5 4 1 3 2],22.799999999999955,10,4543.400000000009,0.0,False,2
14,0,0,[3 1 4 5 2],2761.5999999999804,0.5,0.5,0.8149308316884755,MI,[5 4 1 3 2],22.799999999999955,10,4543.400000000009,0.0,False,2
14,0,1,[3 1 4 5 2],2761.5999999999804,0.5,0.5,0.3640510076293738,SI,[5 4 1 3 2],22.799999999999955,10,4543.400000000009,0.0,False,2
14,0,2,[3 1 4 5 2],2761.5999999999804,0.5,0.5,0.8849543642017923,MI,[3 5 4 1 2],35.299999999999955,10,3735.199999999986,0.0,False,2
14,0,3,[3 1 4 5 2],2761.5999999999804,0.5,0.5,0.7103427440613834,MI,[5 4 1 3 2],22.799999999999955,10,4543.400000000009,0.0,False,2
14,0,4,[3 1 4 5 2],2761.5999999999804,0.5,0.5,0.24975764302537307,SI,[3 5 4 1 2],35.299999999999955,10,3735.199999999986,0.0,False,2
15,0,0,[3 1 4 5 2],2761.5999999999804,0.5,0.5,0.9361563085398789,MI,[3 5 4 1 2],35.299999999999955,10,3735.199999999986,0.0,False,2
15,0,1,[3 1 4 5 2],2761.5999999999804,0.5,0.5,0.8745896014047153,MI,[5 4 1 3 2],22.799999999999955,10,4543.400000000009,0.0,False,2
15,0,2,[3 1 4 5 2],2761.5999999999804,0.5,0.5,0.7812580997320837,MI,[2 5 4 1 3],57.30000000000001,10,4209.000000000036,0.0,False,2
15,0,3,[3 1 4 5 2],2761.5999999999804,0.5,0.5,0.625807614954062,MI,[5 4 1 3 2],22.799999999999955,10,4543.400000000009,0.0,False,2
15,0,4,[3 1 4 5 2],2761.5999999999804,0.5,0.5,0.29640878896307954,SI,[5 4 1 3 2],22.799999999999955,10,4543.400000000009,0.0,False,2
16,0,0,[3 1 4 5 2],2761.5999999999804,0.5,0.5,0.00891715595151088,SI,[5 4 1 3 2],22.799999999999955,10,4543.400000000009,0.0,False,2
16,0,1,[3 1 4 5 2],2761.5999999999804,0.5,0.5,0.5818458170680111,MI,[5 4 1 3 2],22.799999999999955,10,4543.400000000009,0.0,False,2
16,0,2,[3 1 4 5 2],2761.5999999999804,0.5,0.5,0.8240089159410777,MI,[3 5 4 1 2],35.299999999999955,10,3735.199999999986,0.0,False,2
16,0,3,[3 1 4 5 2],2761.5999999999804,0.5,0.5,0.4456540072795233,SI,[3 5 4 1 2],35.299999999999955,10,3735.199999999986,0.0,False,2
16,0,4,[3 1 4 5 2],2761.5999999999804,0.5,0.5,0.4403379693814825,SI,[3 5 4 1 2],35.299999999999955,10,3735.199999999986,0.0,False,2
17,0,0,[3 1 4 5 2],2761.5999999999804,0.5,0.5,0.021502358379788533,SI,[5 4 1 3 2],22.799999999999955,10,4543.400000000009,0.0,False,2
17,0,1,[3 1 4 5 2],2761.5999999999804,0.5,0.5,0.6053935041240583,MI,[5 4 1 3 2],22.799999999999955,10,4543.400000000009,0.0,False,2
17,0,2,[3 1 4 5 2],2761.5999999999804,0.5,0.5,0.48363299218855615,SI,[5 4 1 3 2],22.799999999999955,10,4543.400000000009,0.0,False,2
17,0,3,[3 1 4 5 2],2761.5999999999804,0.5,0.5,0.7918866905379447,MI,[3 5 4 1 2],35.299999999999955,10,3735.199999999986,0.0,False,2
17,0,4,[3 1 4 5 2],2761.5999999999804,0.5,0.5,0.04319327988010979,SI,[3 5 4 1 2],35.299999999999955,10,3735.199999999986,0.0,False,2
18,0,0,[3 1 4 5 2],2761.5999999999804,0.5,0.5,0.05874975463390819,SI,[5 4 1 3 2],22.799999999999955,10,4543.400000000009,0.0,False,2
18,0,1,[3 1 4 5 2],2761.5999999999804,0.5,0.5,0.3014525960990472,SI,[3 5 4 1 2],35.299999999999955,10,3735.199999999986,0.0,False,2
18,0,2,[3 1 4 5 2],2761.5999999999804,0.5,0.5,0.036058692196512476,SI,[5 4 1 3 2],22.799999999999955,10,4543.400000000009,0.0,False,2
18,0,3,[3 1 4 5 2],2761.5999999999804,0.5,0.5,0.4890852104203791,SI,[5 4 1 3 2],22.799999999999955,10,4543.400000000009,0.0,False,2
18,0,4,[3 1 4 5 2],2761.5999999999804,0.5,0.5,0.7504784186288784,MI,[3 5 4 1 2],35.299999999999955,10,3735.199999999986,0.0,False,2
19,0,0,[3 1 4 5 2],2761.5999999999804,0.5,0.5,0.999065422053617,MI,[3 5 4 1 2],35.299999999999955,10,3735.199999999986,0.0,False,2
19,0,1,[3 1 4 5 2],2761.5999999999804,0.5,0.5,0.50590986779516,MI,[3 5 4 1 2],35.299999999999955,10,3735.199999999986,0.0,False,2
19,0,2,[3 1 4 5 2],2761.5999999999804,0.5,0.5,0.38582281346712544,SI,[5 4 1 3 2],22.799999999999955,10,4543.400000000009,0.0,False,2
19,0,3,[3 1 4 5 2],2761.5999999999804,0.5,0.5,0.45449751067878064,SI,[5 4 1 3 2],22.799999999999955,10,4543.400000000009,0.0,False,2
19,0,4,[3 1 4 5 2],2761.5999999999804,0.5,0.5,0.7114896878556135,MI,[3 5 4 1 2],35.299999999999955,10,3735.199999999986,0.0,False,2
20,0,0,[3 1 4 5 2],2761.5999999999804,0.5,0.5,0.3160649626876024,SI,[3 5 4 1 2],35.299999999999955,10,3735.199999999986,0.0,False,2
20,0,1,[3 1 4 5 2],2761.5999999999804,0.5,0.5,0.05092849999406934,SI,[5 4 1 3 2],22.799999999999955,10,4543.400000000009,0.0,False,2
20,0,2,[3 1 4 5 2],2761.5999999999804,0.5,0.5,0.11716809211775348,SI,[5 4 1 3 2],22.799999999999955,10,4543.400000000009,0.0,False,2
20,0,3,[3 1 4 5 2],2761.5999999999804,0.5,0.5,0.10794229645206266,SI,[5 4 1 3 2],22.799999999999955,10,4543.400000000009,0.0,False,2
20,0,4,[3 1 4 5 2],2761.5999999999804,0.5,0.5,0.5515137248025365,MI,[5 4 1 3 2],22.799999999999955,10,4543.400000000009,0.0,False,2
21,0,0,[3 1 4 5 2],2761.5999999999804,0.5,0.5,0.7286526198792521,MI,[5 4 1 3 2],22.799999999999955,10,4543.400000000009,0.0,False,2
21,0,1,[3 1 4 5 2],2761.5999999999804,0.5,0.5,0.3947156451276893,SI,[5 4 1 3 2],22.799999999999955,10,4543.400000000009,0.0,False,2
21,0,2,[3 1 4 5 2],2761.5999999999804,0.5,0.5,0.9993698586247088,MI,[5 4 1 3 2],22.799999999999955,10,4543.400000000009,0.0,False,2
21,0,3,[3 1 4 5 2],2761.5999999999804,0.5,0.5,0.43780252176910894,SI,[3 5 4 1 2],35.299999999999955,10,3735.199999999986,0.0,False,2
21,0,4,[3 1 4 5 2],2761.5999999999804,0.5,0.5,0.3372154591442512,SI,[5 4 1 3 2],22.799999999999955,10,4543.400000000009,0.0,False,2
22,0,0,[3 1 4 5 2],2761.5999999999804,0.5,0.5,0.44339339547209033,SI,[5 4 1 3 2],22.799999999999955,10,4543.400000000009,0.0,False,2
22,0,1,[3 1 4 5 2],2761.5999999999804,0.5,0.5,0.5369793264466372,MI,[3 5 4 1 2],35.299999999999955,10,3735.199999999986,0.0,False,2
22,0,2,[3 1 4 5 2],2761.5999999999804,0.5,0.5,0.6311675157620703,MI,[5 4 1 3 2],22.799999999999955,10,4543.400000000009,0.0,False,2
22,0,3,[3 1 4 5 2],2761.5999999999804,0.5,0.5,0.6785017664316864,MI,[2 5 4 1 3],57.30000000000001,10,4209.000000000036,0.0,False,2
22,0,4,[3 1 4 5 2],2761.5999999999804,0.5,0.5,0.5257251090596907,MI,[5 4 1 3 2],22.799999999999955,10,4543.400000000009,0.0,False,2
23,0,0,[3 1 4 5 2],2761.5999999999804,0.5,0.5,0.022525473409317986,SI,[5 4 1 3 2],22.799999999999955,10,4543.400000000009,0.0,False,2
23,0,1,[3 1 4 5 2],2761.5999999999804,0.5,0.5,0.4629454278546341,SI,[3 5 4 1 2],35.299999999999955,10,3735.199999999986,0.0,False,2
23,0,2,[3 1 4 5 2],2761.5999999999804,0.5,0.5,0.38183956318725454,SI,[5 4 1 3 2],22.799999999999955,10,4543.400000000009,0.0,False,2
23,0,3,[3 1 4 5 2],2761.5999999999804,0.5,0.5,0.4518434660318764,SI,[5 4 1 3 2],22.799999999999955,10,4543.400000000009,0.0,False,2
23,0,4,[3 1 4 5 2],2761.5999999999804,0.5,0.5,0.32991914553569546,SI,[3 5 4 1 2],35.299999999999955,10,3735.199999999986,0.0,False,2
24,0,0,[3 1 4 5 2],2761.5999999999804,0.5,0.5,0.1724772687658468,SI,[5 4 1 3 2],22.799999999999955,10,4543.400000000009,0.0,False,2
24,0,1,[3 1 4 5 2],2761.5999999999804,0.5,0.5,0.09369177665886119,SI,[5 4 1 3 2],22.799999999999955,10,4543.400000000009,0.0,False,2
24,0,2,[3 1 4 5 2],2761.5999999999804,0.5,0.5,0.39174419480960276,SI,[5 4 1 3 2],22.799999999999955,10,4543.400000000009,0.0,False,2
24,0,3,[3 1 4 5 2],2761.5999999999804,0.5,0.5,0.6358452412383131,MI,[3 5 4 1 2],35.299999999999955,10,3735.199999999986,0.0,False,2
24,0,4,[3 1 4 5 2],2761.5999999999804,0.5,0.5,0.9299869871009205,MI,[5 4 1 3 2],22.799999999999955,10,4543.400000000009,0.0,False,2
25,0,0,[3 1 4 5 2],2761.5999999999804,0.5,0.5,0.4955019519290196,SI,[5 4 1 3 2],22.799999999999955,10,4543.400000000009,0.0,False,2
25,0,1,[3 1 4 5 2],2761.5999999999804,0.5,0.5,0.03049090495995732,SI,[5 4 1 3 2],22.799999999999955,10,4543.400000000009,0.0,False,2
25,0,2,[3 1 4 5 2],2761.5999999999804,0.5,0.5,0.734258520879351,MI,[3 5 4 1 2],35.299999999999955,10,3735.199999999986,0.0,False,2
25,0,3,[3 1 4 5 2],2761.5999999999804,0.5,0.5,0.5716286613365043,MI,[2 5 4 1 3],57.30000000000001,10,4209.000000000036,0.0,False,2
25,0,4,[3 1 4 5 2],2761.5999999999804,0.5,0.5,0.6898245188359122,MI,[5 4 1 3 2],22.799999999999955,10,4543.400000000009,0.0,False,2
26,0,0,[3 1 4 5 2],2761.5999999999804,0.5,0.5,0.5990260165067147,MI,[5 4 1 3 2],22.799999999999955,10,4543.400000000009,0.0,False,2
26,0,1,[3 1 4 5 2],2761.5999999999804,0.5,0.5,0.2498997487825475,SI,[5 4 1 3 2],22.799999999999955,10,4543.400000000009,0.0,False,2
26,0,2,[3 1 4 5 2],2761.5999999999804,0.5,0.5,0.906773572378809,MI,[5 4 1 3 2],22.799999999999955,10,4543.400000000009,0.0,False,2
26,0,3,[3 1 4 5 2],2761.5999999999804,0.5,0.5,0.04832008669764676,SI,[3 4 1 5 2],73.19999999999999,10,3454.6999999999825,0.0,False,2
26,0,4,[3 1 4 5 2],2761.5999999999804,0.5,0.5,0.6277546432183071,MI,[5 4 1 3 2],22.799999999999955,10,4543.400000000009,0.0,False,2
27,0,0,[3 1 4 5 2],2761.5999999999804,0.5,0.5,0.9193243183547992,MI,[3 5 4 1 2],35.299999999999955,10,3735.199999999986,0.0,False,2
27,0,1,[3 1 4 5 2],2761.5999999999804,0.5,0.5,0.4505398848548028,SI,[5 4 1 3 2],22.799999999999955,10,4543.400000000009,0.0,False,2
27,0,2,[3 1 4 5 2],2761.5999999999804,0.5,0.5,0.09224375011464447,SI,[5 4 1 3 2],22.799999999999955,10,4543.400000000009,0.0,False,2
27,0,3,[3 1 4 5 2],2761.5999999999804,0.5,0.5,0.7867891276216383,MI,[2 5 4 1 3],57.30000000000001,10,4209.000000000036,0.0,False,2
27,0,4,[3 1 4 5 2],2761.5999999999804,0.5,0.5,0.4311506374551629,SI,[5 4 1 3 2],22.799999999999955,10,4543.400000000009,0.0,False,2
28,0,0,[3 1 4 5 2],2761.5999999999804,0.5,0.5,0.15888127760579396,SI,[5 4 1 3 2],22.799999999999955,10,4543.400000000009,0.0,False,2
28,0,1,[3 1 4 5 2],2761.5999999999804,0.5,0.5,0.5917759591313644,MI,[3 5 4 1 2],35.299999999999955,10,3735.199999999986,0.0,False,2
28,0,2,[3 1 4 5 2],2761.5999999999804,0.5,0.5,0.16102549601149674,SI,[3 5 4 1 2],35.299999999999955,10,3735.199999999986,0.0,False,2
28,0,3,[3 1 4 5 2],2761.5999999999804,0.5,0.5,0.12141078362914337,SI,[5 4 1 3 2],22.799999999999955,10,4543.400000000009,0.0,False,2
28,0,4,[3 1 4 5 2],2761.5999999999804,0.5,0.5,0.19690888954363894,SI,[5 4 1 3 2],22.799999999999955,10,4543.400000000009,0.0,False,2
29,0,0,[3 1 4 5 2],2761.5999999999804,0.5,0.5,0.6224144449404901,MI,[5 4 1 3 2],22.799999999999955,10,4543.400000000009,0.0,False,2
29,0,1,[3 1 4 5 2],2761.5999999999804,0.5,0.5,0.8151139507834043,MI,[3 5 4 1 2],35.299999999999955,10,3735.199999999986,0.0,False,2
29,0,2,[3 1 4 5 2],2761.5999999999804,0.5,0.5,0.9514650584042537,MI,[5 4 1 3 2],22.799999999999955,10,4543.400000000009,0.0,False,2
29,0,3,[3 1 4 5 2],2761.5999999999804,0.5,0.5,0.9151045505814842,MI,[5 4 1 3 2],22.799999999999955,10,4543.400000000009,0.0,False,2
29,0,4,[3 1 4 5 2],2761.5999999999804,0.5,0.5,0.38857550273336716,SI,[3 5 4 1 2],35.299999999999955,10,3735.199999999986,0.0,False,2
30,0,0,[3 1 4 5 2],2761.5999999999804,0.5,0.5,0.18476488673105362,SI,[5 4 1 3 2],22.799999999999955,10,4543.400000000009,0.0,False,2
30,0,1,[3 1 4 5 2],2761.5999999999804,0.5,0.5,0.7129950658261186,MI,[5 4 1 3 2],22.799999999999955,10,4543.400000000009,0.0,False,2
30,0,2,[3 1 4 5 2],2761.5999999999804,0.5,0.5,0.9036060571633071,MI,[5 4 1 3 2],22.799999999999955,10,4543.400000000009,0.0,False,2
30,0,3,[3 1 4 5 2],2761.5999999999804,0.5,0.5,0.9891528424899374,MI,[5 4 1 3 2],22.799999999999955,10,4543.400000000009,0.0,False,2
30,0,4,[3 1 4 5 2],2761.5999999999804,0.5,0.5,0.8317982128723114,MI,[3 5 4 1 2],35.299999999999955,10,3735.199999999986,0.0,False,2
31,0,0,[3 1 4 5 2],2761.5999999999804,0.5,0.5,0.9790573698875179,MI,[3 5 4 1 2],35.299999999999955,10,3735.199999999986,0.0,False,2
31,0,1,[3 1 4 5 2],2761.5999999999804,0.5,0.5,0.38282974959707383,SI,[3 5 4 1 2],35.299999999999955,10,3735.199999999986,0.0,False,2
31,0,2,[3 1 4 5 2],2761.5999999999804,0.5,0.5,0.5224587969223531,MI,[5 4 1 3 2],22.799999999999955,10,4543.400000000009,0.0,False,2
31,0,3,[3 1 4 5 2],2761.5999999999804,0.5,0.5,0.46208129359543715,SI,[5 4 1 3 2],22.799999999999955,10,4543.400000000009,0.0,False,2
31,0,4,[3 1 4 5 2],2761.5999999999804,0.5,0.5,0.9841175596483408,MI,[5 4 1 3 2],22.799999999999955,10,4543.400000000009,0.0,False,2
32,0,0,[3 1 4 5 2],2761.5999999999804,0.5,0.5,0.30030930670667644,SI,[5 4 1 3 2],22.799999999999955,10,4543.400000000009,0.0,False,2
32,0,1,[3 1 4 5 2],2761.5999999999804,0.5,0.5,0.7987715216780441,MI,[5 4 1 3 2],22.799999999999955,10,4543.400000000009,0.0,False,2
32,0,2,[3 1 4 5 2],2761.5999999999804,0.5,0.5,0.15328549286950643,SI,[5 4 1 3 2],22.799999999999955,10,4543.400000000009,0.0,False,2
32,0,3,[3 1 4 5 2],2761.5999999999804,0.5,0.5,0.9425282890352878,MI,[5 4 1 3 2],22.799999999999955,10,4543.400000000009,0.0,False,2
32,0,4,[3 1 4 5 2],2761.5999999999804,0.5,0.5,0.09064623642674718,SI,[5 4 1 3 2],22.799999999999955,10,4543.400000000009,0.0,False,2
33,0,0,[3 1 4 5 2],2761.5999999999804,0.5,0.5,0.3819415878805392,SI,[3 5 4 1 2],35.299999999999955,10,3735.199999999986,0.0,False,2
33,0,1,[3 1 4 5 2],2761.5999999999804,0.5,0.5,0.9426643317695486,MI,[5 4 1 3 2],22.799999999999955,10,4543.400000000009,0.0,False,2
33,0,2,[3 1 4 5 2],2761.5999999999804,0.5,0.5,0.8412887637282537,MI,[5 4 1 3 2],22.799999999999955,10,4543.400000000009,0.0,False,2
33,0,3,[3 1 4 5 2],2761.5999999999804,0.5,0.5,0.9158290340790405,MI,[5 4 1 3 2],22.799999999999955,10,4543.400000000009,0.0,False,2
33,0,4,[3 1 4 5 2],2761.5999999999804,0.5,0.5,0.2954604883193165,SI,[3 1 5 4 2],101.39999999999998,10,2985.999999999982,0.0,False,2
34,0,0,[3 1 4 5 2],2761.5999999999804,0.5,0.5,0.8147126550695316,MI,[5 4 1 3 2],22.799999999999955,10,4543.400000000009,0.0,False,2
34,0,1,[3 1 4 5 2],2761.5999999999804,0.5,0.5,0.7255947409323072,MI,[5 4 1 3 2],22.799999999999955,10,4543.400000000009,0.0,False,2
34,0,2,[3 1 4 5 2],2761.5999999999804,0.5,0.5,0.6498227007829398,MI,[2 5 4 1 3],57.30000000000001,10,4209.000000000036,0.0,False,2
34,0,3,[3 1 4 5 2],2761.5999999999804,0.5,0.5,0.7309468466659597,MI,[3 5 4 1 2],35.299999999999955,10,3735.199999999986,0.0,False,2
34,0,4,[3 1 4 5 2],2761.5999999999804,0.5,0.5,0.9575424390715945,MI,[5 4 1 3 2],22.799999999999955,10,4543.400000000009,0.0,False,2
35,0,0,[3 1 4 5 2],2761.5999999999804,0.5,0.5,0.21200066678449558,SI,[5 4 1 3 2],22.799999999999955,10,4543.400000000009,0.0,False,2
35,0,1,[3 1 4 5 2],2761.5999999999804,0.5,0.5,0.34434069685866664,SI,[5 4 1 3 2],22.799999999999955,10,4543.400000000009,0.0,False,2
35,0,2,[3 1 4 5 2],2761.5999999999804,0.5,0.5,0.7160198346703103,MI,[5 4 1 3 2],22.799999999999955,10,4543.400000000009,0.0,False,2
35,0,3,[3 1 4 5 2],2761.5999999999804,0.5,0.5,0.46268741040144434,SI,[3 5 4 1 2],35.299999999999955,10,3735.199999999986,0.0,False,2
35,0,4,[3 1 4 5 2],2761.5999999999804,0.5,0.5,0.7098093682982666,MI,[5 4 1 3 2],22.799999999999955,10,4543.400000000009,0.0,False,2
36,0,0,[3 1 4 5 2],2761.5999999999804,0.5,0.5,0.516536345283869,MI,[5 4 1 3 2],22.799999999999955,10,4543.400000000009,0.0,False,2
36,0,1,[3 1 4 5 2],2761.5999999999804,0.5,0.5,0.3947519692131318,SI,[5 4 1 3 2],22.799999999999955,10,4543.400000000009,0.0,False,2
36,0,2,[3 1 4 5 2],2761.5999999999804,0.5,0.5,0.983941753515903,MI,[5 4 1 3 2],22.799999999999955,10,4543.400000000009,0.0,False,2
36,0,3,[3 1 4 5 2],2761.5999999999804,0.5,0.5,0.43311619194525286,SI,[3 5 4 1 2],35.299999999999955,10,3735.199999999986,0.0,False,2
36,0,4,[3 1 4 5 2],2761.5999999999804,0.5,0.5,0.12417244751948242,SI,[5 4 1 3 2],22.799999999999955,10,4543.400000000009,0.0,False,2
37,0,0,[3 1 4 5 2],2761.5999999999804,0.5,0.5,0.7076574088752184,MI,[3 5 4 1 2],35.299999999999955,10,3735.199999999986,0.0,False,2
37,0,1,[3 1 4 5 2],2761.5999999999804,0.5,0.5,0.1366730864814215,SI,[5 4 1 3 2],22.799999999999955,10,4543.400000000009,0.0,False,2
37,0,2,[3 1 4 5 2],2761.5999999999804,0.5,0.5,0.5176403678196435,MI,[3 5 4 1 2],35.299999999999955,10,3735.199999999986,0.0,False,2
37,0,3,[3 1 4 5 2],2761.5999999999804,0.5,0.5,0.978402822928284,MI,[5 4 1 3 2],22.799999999999955,10,4543.400000000009,0.0,False,2
37,0,4,[3 1 4 5 2],2761.5999999999804,0.5,0.5,0.32778851440841794,SI,[5 4 1 3 2],22.799999999999955,10,4543.400000000009,0.0,False,2
38,0,0,[3 1 4 5 2],2761.5999999999804,0.5,0.5,0.02448336582948829,SI,[5 4 1 3 2],22.799999999999955,10,4543.400000000009,0.0,False,2
38,0,1,[3 1 4 5 2],2761.5999999999804,0.5,0.5,0.5606032138872311,MI,[5 4 1 3 2],22.799999999999955,10,4543.400000000009,0.0,False,2
38,0,2,[3 1 4 5 2],2761.5999999999804,0.5,0.5,0.6585125902157629,MI,[5 4 1 3 2],22.799999999999955,10,4543.400000000009,0.0,False,2
38,0,3,[3 1 4 5 2],2761.5999999999804,0.5,0.5,0.06771490569996719,SI,[3 5 4 1 2],35.299999999999955,10,3735.199999999986,0.0,False,2
38,0,4,[3 1 4 5 2],2761.5999999999804,0.5,0.5,0.21951064531556996,SI,[3 5 4 1 2],35.299999999999955,10,3735.199999999986,0.0,False,2
39,0,0,[3 1 4 5 2],2761.5999999999804,0.5,0.5,0.21424047212493857,SI,[3 4 1 5 2],73.19999999999999,10,3454.6999999999825,0.0,False,2
39,0,1,[3 1 4 5 2],2761.5999999999804,0.5,0.5,0.47625364970032513,SI,[3 5 4 1 2],35.299999999999955,10,3735.199999999986,0.0,False,2
39,0,2,[3 1 4 5 2],2761.5999999999804,0.5,0.5,0.36895491958929016,SI,[5 4 1 3 2],22.799999999999955,10,4543.400000000009,0.0,False,2
39,0,3,[3 1 4 5 2],2761.5999999999804,0.5,0.5,0.6715488524375355,MI,[3 5 4 1 2],35.299999999999955,10,3735.199999999986,0.0,False,2
39,0,4,[3 1 4 5 2],2761.5999999999804,0.5,0.5,0.10450252888820188,SI,[5 4 1 3 2],22.799999999999955,10,4543.400000000009,0.0,False,2
40,0,0,[3 1 4 5 2],2761.5999999999804,0.5,0.5,0.6328946226769047,MI,[5 4 1 3 2],22.799999999999955,10,4543.400000000009,0.0,False,2
40,0,1,[3 1 4 5 2],2761.5999999999804,0.5,0.5,0.7272893113420968,MI,[2 5 4 1 3],57.30000000000001,10,4209.000000000036,0.0,False,2
40,0,2,[3 1 4 5 2],2761.5999999999804,0.5,0.5,0.3909327424575386,SI,[5 4 1 3 2],22.799999999999955,10,4543.400000000009,0.0,False,2
40,0,3,[3 1 4 5 2],2761.5999999999804,0.5,0.5,0.6709340410899569,MI,[5 4 1 3 2],22.799999999999955,10,4543.400000000009,0.0,False,2
40,0,4,[3 1 4 5 2],2761.5999999999804,0.5,0.5,0.17037938698313504,SI,[5 4 1 3 2],22.799999999999955,10,4543.400000000009,0.0,False,2
41,0,0,[3 1 4 5 2],2761.5999999999804,0.5,0.5,0.10610406715841536,SI,[5 4 1 3 2],22.799999999999955,10,4543.400000000009,0.0,False,2
41,0,1,[3 1 4 5 2],2761.5999999999804,0.5,0.5,0.13992222875826,SI,[5 4 1 3 2],22.799999999999955,10,4543.400000000009,0.0,False,2
41,0,2,[3 1 4 5 2],2761.5999999999804,0.5,0.5,0.32937358215842427,SI,[5 4 1 3 2],22.799999999999955,10,4543.400000000009,0.0,False,2
41,0,3,[3 1 4 5 2],2761.5999999999804,0.5,0.5,0.5060973086366679,MI,[5 4 1 3 2],22.799999999999955,10,4543.400000000009,0.0,False,2
41,0,4,[3 1 4 5 2],2761.5999999999804,0.5,0.5,0.29825644645079963,SI,[5 4 1 3 2],22.799999999999955,10,4543.400000000009,0.0,False,2
42,0,0,[3 1 4 5 2],2761.5999999999804,0.5,0.5,0.9867322019713928,MI,[2 5 4 1 3],57.30000000000001,10,4209.000000000036,0.0,False,2
42,0,1,[3 1 4 5 2],2761.5999999999804,0.5,0.5,0.024096947033228844,SI,[5 4 1 3 2],22.799999999999955,10,4543.400000000009,0.0,False,2
42,0,2,[3 1 4 5 2],2761.5999999999804,0.5,0.5,0.6533574837342836,MI,[5 4 1 3 2],22.799999999999955,10,4543.400000000009,0.0,False,2
42,0,3,[3 1 4 5 2],2761.5999999999804,0.5,0.5,0.27741392947319543,SI,[5 4 1 3 2],22.799999999999955,10,4543.400000000009,0.0,False,2
42,0,4,[3 1 4 5 2],2761.5999999999804,0.5,0.5,0.033163944319042904,SI,[3 5 4 1 2],35.299999999999955,10,3735.199999999986,0.0,False,2
43,0,0,[3 1 4 5 2],2761.5999999999804,0.5,0.5,0.20448382690135958,SI,[2 5 4 1 3],57.30000000000001,10,4209.000000000036,0.0,False,2
43,0,1,[3 1 4 5 2],2761.5999999999804,0.5,0.5,0.1707317397529744,SI,[5 4 1 3 2],22.799999999999955,10,4543.400000000009,0.0,False,2
43,0,2,[3 1 4 5 2],2761.5999999999804,0.5,0.5,0.38717094674530783,SI,[5 4 1 3 2],22.799999999999955,10,4543.400000000009,0.0,False,2
43,0,3,[3 1 4 5 2],2761.5999999999804,0.5,0.5,0.2404184920645902,SI,[5 4 1 3 2],22.799999999999955,10,4543.400000000009,0.0,False,2
43,0,4,[3 1 4 5 2],2761.5999999999804,0.5,0.5,0.08201033558841364,SI,[3 5 4 1 2],35.299999999999955,10,3735.199999999986,0.0,False,2
44,0,0,[3 1 4 5 2],2761.5999999999804,0.5,0.5,0.5878515378360215,MI,[5 4 1 3 2],22.799999999999955,10,4543.400000000009,0.0,False,2
44,0,1,[3 1 4 5 2],2761.5999999999804,0.5,0.5,0.3496065668183843,SI,[5 4 1 3 2],22.799999999999955,10,4543.400000000009,0.0,False,2
44,0,2,[3 1 4 5 2],2761.5999999999804,0.5,0.5,0.5792701237293149,MI,[2 5 4 1 3],57.30000000000001,10,4209.000000000036,0.0,False,2
44,0,3,[3 1 4 5 2],2761.5999999999804,0.5,0.5,0.9414827628810893,MI,[5 4 1 3 2],22.799999999999955,10,4543.400000000009,0.0,False,2
44,0,4,[3 1 4 5 2],2761.5999999999804,0.5,0.5,0.46587252669931045,SI,[5 4 1 3 2],22.799999999999955,10,4543.400000000009,0.0,False,2
45,0,0,[3 1 4 5 2],2761.5999999999804,0.5,0.5,0.6890853340620454,MI,[3 5 4 1 2],35.299999999999955,10,3735.199999999986,0.0,False,2
45,0,1,[3 1 4 5 2],2761.5999999999804,0.5,0.5,0.4884500711950901,SI,[5 4 1 3 2],22.799999999999955,10,4543.400000000009,0.0,False,2
45,0,2,[3 1 4 5 2],2761.5999999999804,0.5,0.5,0.9950256391038504,MI,[5 4 1 3 2],22.799999999999955,10,4543.400000000009,0.0,False,2
45,0,3,[3 1 4 5 2],2761.5999999999804,0.5,0.5,0.3843991045387949,SI,[5 4 1 3 2],22.799999999999955,10,4543.400000000009,0.0,False,2
45,0,4,[3 1 4 5 2],2761.5999999999804,0.5,0.5,0.7410455671388453,MI,[2 5 4 1 3],57.30000000000001,10,4209.000000000036,0.0,False,2
46,0,0,[3 1 4 5 2],2761.5999999999804,0.5,0.5,0.6244499926402509,MI,[5 4 1 3 2],22.799999999999955,10,4543.400000000009,0.0,False,2
46,0,1,[3 1 4 5 2],2761.5999999999804,0.5,0.5,0.7836072420267761,MI,[3 5 4 1 2],35.299999999999955,10,3735.199999999986,0.0,False,2
46,0,2,[3 1 4 5 2],2761.5999999999804,0.5,0.5,0.188029741542607,SI,[5 4 1 3 2],22.799999999999955,10,4543.400000000009,0.0,False,2
46,0,3,[3 1 4 5 2],2761.5999999999804,0.5,0.5,0.5136408746851209,MI,[3 5 4 1 2],35.299999999999955,10,3735.199999999986,0.0,False,2
46,0,4,[3 1 4 5 2],2761.5999999999804,0.5,0.5,0.06324995509146059,SI,[3 5 4 1 2],35.299999999999955,10,3735.199999999986,0.0,False,2
47,0,0,[3 1 4 5 2],2761.5999999999804,0.5,0.5,0.9991403022985931,MI,[5 4 1 3 2],22.799999999999955,10,4543.400000000009,0.0,False,2
47,0,1,[3 1 4 5 2],2761.5999999999804,0.5,0.5,0.5084801981555952,MI,[5 4 1 3 2],22.799999999999955,10,4543.400000000009,0.0,False,2
47,0,2,[3 1 4 5 2],2761.5999999999804,0.5,0.5,0.31170793159945254,SI,[5 4 1 3 2],22.799999999999955,10,4543.400000000009,0.0,False,2
47,0,3,[3 1 4 5 2],2761.5999999999804,0.5,0.5,0.7691662112328559,MI,[3 5 4 1 2],35.299999999999955,10,3735.199999999986,0.0,False,2
47,0,4,[3 1 4 5 2],2761.5999999999804,0.5,0.5,0.2148430589753475,SI,[5 4 1 3 2],22.799999999999955,10,4543.400000000009,0.0,False,2
48,0,0,[3 1 4 5 2],2761.5999999999804,0.5,0.5,0.08353472469418666,SI,[5 4 1 3 2],22.799999999999955,10,4543.400000000009,0.0,False,2
48,0,1,[3 1 4 5 2],2761.5999999999804,0.5,0.5,0.15595866238242684,SI,[5 4 1 3 2],22.799999999999955,10,4543.400000000009,0.0,False,2
48,0,2,[3 1 4 5 2],2761.5999999999804,0.5,0.5,0.7212454533413513,MI,[3 5 4 1 2],35.299999999999955,10,3735.199999999986,0.0,False,2
48,0,3,[3 1 4 5 2],2761.5999999999804,0.5,0.5,0.18867749294885716,SI,[3 5 4 1 2],35.299999999999955,10,3735.199999999986,0.0,False,2
48,0,4,[3 1 4 5 2],2761.5999999999804,0.5,0.5,0.5145668577469205,MI,[5 4 1 3 2],22.799999999999955,10,4543.400000000009,0.0,False,2
49,0,0,[3 1 4 5 2],2761.5999999999804,0.5,0.5,0.14808460840862958,SI,[5 4 1 3 2],22.799999999999955,10,4543.400000000009,0.0,False,2
49,0,1,[3 1 4 5 2],2761.5999999999804,0.5,0.5,0.7862502687823616,MI,[5 4 1 3 2],22.799999999999955,10,4543.400000000009,0.0,False,2
49,0,2,[3 1 4 5 2],2761.5999999999804,0.5,0.5,0.1593133728117615,SI,[2 5 4 1 3],57.30000000000001,10,4209.000000000036,0.0,False,2
49,0,3,[3 1 4 5 2],2761.5999999999804,0.5,0.5,0.9457185418247046,MI,[5 4 1 3 2],22.799999999999955,10,4543.400000000009,0.0,False,2
49,0,4,[3 1 4 5 2],2761.5999999999804,0.5,0.5,0.9286278155384897,MI,[3 5 4 1 2],35.299999999999955,10,3735.199999999986,0.0,False,2
50,0,0,[3 1 4 5 2],2761.5999999999804,0.5,0.5,0.41362946775195286,SI,[2 5 4 1 3],57.30000000000001,10,4209.000000000036,0.0,False,2
50,0,1,[3 1 4 5 2],2761.5999999999804,0.5,0.5,0.6393686963538611,MI,[2 5 4 1 3],57.30000000000001,10,4209.000000000036,0.0,False,2
50,0,2,[3 1 4 5 2],2761.5999999999804,0.5,0.5,0.23764888083106817,SI,[2 5 4 1 3],57.30000000000001,10,4209.000000000036,0.0,False,2
50,0,3,[3 1 4 5 2],2761.5999999999804,0.5,0.5,0.04271027481789025,SI,[3 5 4 1 2],35.299999999999955,10,3735.199999999986,0.0,False,2
50,0,4,[3 1 4 5 2],2761.5999999999804,0.5,0.5,0.674901415739545,MI,[5 4 1 3 2],22.799999999999955,10,4543.400000000009,0.0,False,2
51,0,0,[3 1 4 5 2],2761.5999999999804,0.5,0.5,0.08671400944308172,SI,[5 4 1 3 2],22.799999999999955,10,4543.400000000009,0.0,False,2
51,0,1,[3 1 4 5 2],2761.5999999999804,0.5,0.5,0.45994737835711597,SI,[5 4 1 3 2],22.799999999999955,10,4543.400000000009,0.0,False,2
51,0,2,[3 1 4 5 2],2761.5999999999804,0.5,0.5,0.4039611638377101,SI,[5 4 1 3 2],22.799999999999955,10,4543.400000000009,0.0,False,2
51,0,3,[3 1 4 5 2],2761.5999999999804,0.5,0.5,0.5239980021997624,MI,[5 4 1 3 2],22.799999999999955,10,4543.400000000009,0.0,False,2
51,0,4,[3 1 4 5 2],2761.5999999999804,0.5,0.5,0.23888812518877534,SI,[5 4 1 3 2],22.799999999999955,10,4543.400000000009,0.0,False,2
0,5,0,[1 2 3 5 4],1822.8999999999614,0.5,0.5,0.8455537625049824,MI,[1 4 5 3 2],-91.10000000000002,10,2512.6999999999534,0.0,False,3
0,5,1,[1 2 3 5 4],1822.8999999999614,0.5,0.5,0.8624667343985222,MI,[4 5 3 2 1],-44.700000000000045,10,3280.1999999999607,0.0,False,3
0,5,2,[1 2 3 5 4],1822.8999999999614,0.5,0.5,0.12137685962564371,SI,[4 5 3 2 1],-44.700000000000045,10,3280.1999999999607,0.0,False,3
0,5,3,[1 2 3 5 4],1822.8999999999614,0.5,0.5,0.94257561182716,MI,[1 4 5 3 2],-91.10000000000002,10,2512.6999999999534,0.0,False,3
0,5,4,[1 2 3 5 4],1822.8999999999614,0.5,0.5,0.46309647879580884,SI,[1 4 5 3 2],-91.10000000000002,10,2512.6999999999534,0.0,False,3
1,0,0,[2 1 3 5 4],1747.6999999999643,0.5,0.5,0.6479879650377971,MI,[4 5 3 1 2],-62.50000000000006,10,3419.799999999963,0.0,False,3
1,0,1,[2 1 3 5 4],1747.6999999999643,0.5,0.5,0.3720767838554324,SI,[4 5 3 1 2],-62.50000000000006,10,3419.799999999963,0.0,False,3
1,0,2,[2 1 3 5 4],1747.6999999999643,0.5,0.5,0.033042513162725884,SI,[4 5 3 1 2],-62.50000000000006,10,3419.799999999963,0.0,False,3
1,0,3,[2 1 3 5 4],1747.6999999999643,0.5,0.5,0.7488061680681853,MI,[4 5 3 1 2],-62.50000000000006,10,3419.799999999963,0.0,False,3
1,0,4,[2 1 3 5 4],1747.6999999999643,0.5,0.5,0.2560190621099181,SI,[4 5 3 1 2],-62.50000000000006,10,3419.799999999963,0.0,False,3
2,0,0,[2 1 3 5 4],1747.6999999999643,0.5,0.5,0.6128953060272415,MI,[4 5 3 1 2],-62.50000000000006,10,3419.799999999963,0.0,False,3
2,0,1,[2 1 3 5 4],1747.6999999999643,0.5,0.5,0.2148927352331702,SI,[4 5 3 1 2],-62.50000000000006,10,3419.799999999963,0.0,False,3
2,0,2,[2 1 3 5 4],1747.6999999999643,0.5,0.5,0.5266245743238499,MI,[4 5 3 1 2],-62.50000000000006,10,3419.799999999963,0.0,False,3
2,0,3,[2 1 3 5 4],1747.6999999999643,0.5,0.5,0.8928346876549191,MI,[4 5 3 1 2],-62.50000000000006,10,3419.799999999963,0.0,False,3
2,0,4,[2 1 3 5 4],1747.6999999999643,0.5,0.5,0.3616268469723515,SI,[4 5 3 1 2],-62.50000000000006,10,3419.799999999963,0.0,False,3
3,0,0,[2 1 3 5 4],1747.6999999999643,0.5,0.5,0.33044688577477643,SI,[4 5 3 1 2],-62.50000000000006,10,3419.799999999963,0.0,False,3
3,0,1,[2 1 3 5 4],1747.6999999999643,0.5,0.5,0.3664558663452161,SI,[2 4 5 3 1],-44.69999999999999,10,2568.2999999999593,0.0,False,3
3,0,2,[2 1 3 5 4],1747.6999999999643,0.5,0.5,0.4155246645029107,SI,[4 5 3 1 2],-62.50000000000006,10,3419.799999999963,0.0,False,3
3,0,3,[2 1 3 5 4],1747.6999999999643,0.5,0.5,0.23197625637576202,SI,[4 5 3 1 2],-62.50000000000006,10,3419.799999999963,0.0,False,3
3,0,4,[2 1 3 5 4],1747.6999999999643,0.5,0.5,0.7155084266962867,MI,[4 5 3 1 2],-62.50000000000006,10,3419.799999999963,0.0,False,3
4,0,0,[2 1 3 5 4],1747.6999999999643,0.5,0.5,0.6389480664289058,MI,[2 4 5 3 1],-44.69999999999999,10,2568.2999999999593,0.0,False,3
4,0,1,[2 1 3 5 4],1747.6999999999643,0.5,0.5,0.15222910441151571,SI,[4 5 3 1 2],-62.50000000000006,10,3419.799999999963,0.0,False,3
4,0,2,[2 1 3 5 4],1747.6999999999643,0.5,0.5,0.03522025523812167,SI,[2 4 5 3 1],-44.69999999999999,10,2568.2999999999593,0.0,False,3
4,0,3,[2 1 3 5 4],1747.6999999999643,0.5,0.5,0.21885856251011038,SI,[2 4 5 3 1],-44.69999999999999,10,2568.2999999999593,0.0,False,3
4,0,4,[2 1 3 5 4],1747.6999999999643,0.5,0.5,0.6790931453856732,MI,[4 5 3 1 2],-62.50000000000006,10,3419.799999999963,0.0,False,3
5,0,0,[2 1 3 5 4],1747.6999999999643,0.5,0.5,0.3716078032233122,SI,[4 5 3 1 2],-62.50000000000006,10,3419.799999999963,0.0,False,3
5,0,1,[2 1 3 5 4],1747.6999999999643,0.5,0.5,0.49593951185812546,SI,[4 5 3 1 2],-62.50000000000006,10,3419.799999999963,0.0,False,3
5,0,2,[2 1 3 5 4],1747.6999999999643,0.5,0.5,0.40301480318115623,SI,[4 5 3 1 2],-62.50000000000006,10,3419.799999999963,0.0,False,3
5,0,3,[2 1 3 5 4],1747.6999999999643,0.5,0.5,0.9600748476603845,MI,[4 5 3 1 2],-62.50000000000006,10,3419.799999999963,0.0,False,3
5,0,4,[2 1 3 5 4],1747.6999999999643,0.5,0.5,0.7191490946128627,MI,[4 5 3 1 2],-62.50000000000006,10,3419.799999999963,0.0,False,3
6,0,0,[2 1 3 5 4],1747.6999999999643,0.5,0.5,0.8674735191115993,MI,[4 5 3 1 2],-62.50000000000006,10,3419.799999999963,0.0,False,3
6,0,1,[2 1 3 5 4],1747.6999999999643,0.5,0.5,0.6002506109368307,MI,[2 4 5 3 1],-44.69999999999999,10,2568.2999999999593,0.0,False,3
6,0,2,[2 1 3 5 4],1747.6999999999643,0.5,0.5,0.14552130954471032,SI,[4 5 3 1 2],-62.50000000000006,10,3419.799999999963,0.0,False,3
6,0,3,[2 1 3 5 4],1747.6999999999643,0.5,0.5,0.9516978019723381,MI,[4 5 3 1 2],-62.50000000000006,10,3419.799999999963,0.0,False,3
6,0,4,[2 1 3 5 4],1747.6999999999643,0.5,0.5,0.014885605368829102,SI,[4 5 3 1 2],-62.50000000000006,10,3419.799999999963,0.0,False,3
7,0,0,[2 1 3 5 4],1747.6999999999643,0.5,0.5,0.9110426159264657,MI,[4 5 3 1 2],-62.50000000000006,10,3419.799999999963,0.0,False,3
7,0,1,[2 1 3 5 4],1747.6999999999643,0.5,0.5,0.3779829462077,SI,[4 5 3 1 2],-62.50000000000006,10,3419.799999999963,0.0,False,3
7,0,2,[2 1 3 5 4],1747.6999999999643,0.5,0.5,0.890837659915797,MI,[2 4 5 3 1],-44.69999999999999,10,2568.2999999999593,0.0,False,3
7,0,3,[2 1 3 5 4],1747.6999999999643,0.5,0.5,0.6546758142465436,MI,[2 4 5 3 1],-44.69999999999999,10,2568.2999999999593,0.0,False,3
7,0,4,[2 1 3 5 4],1747.6999999999643,0.5,0.5,0.8978161301304913,MI,[4 5 3 1 2],-62.50000000000006,10,3419.799999999963,0.0,False,3
8,0,0,[2 1 3 5 4],1747.6999999999643,0.5,0.5,0.7214139244036792,MI,[2 4 5 3 1],-44.69999999999999,10,2568.2999999999593,0.0,False,3
8,0,1,[2 1 3 5 4],1747.6999999999643,0.5,0.5,0.6177053142257517,MI,[2 4 5 3 1],-44.69999999999999,10,2568.2999999999593,0.0,False,3
8,0,2,[2 1 3 5 4],1747.6999999999643,0.5,0.5,0.9180494370353748,MI,[4 5 3 1 2],-62.50000000000006,10,3419.799999999963,0.0,False,3
8,0,3,[2 1 3 5 4],1747.6999999999643,0.5,0.5,0.749122902133894,MI,[4 5 3 1 2],-62.50000000000006,10,3419.799999999963,0.0,False,3
8,0,4,[2 1 3 5 4],1747.6999999999643,0.5,0.5,0.5505565184297844,MI,[4 5 3 1 2],-62.50000000000006,10,3419.799999999963,0.0,False,3
9,0,0,[2 1 3 5 4],1747.6999999999643,0.5,0.5,0.45049152277482873,SI,[4 5 3 1 2],-62.50000000000006,10,3419.799999999963,0.0,False,3
9,0,1,[2 1 3 5 4],1747.6999999999643,0.5,0.5,0.49161829591256834,SI,[2 1 4 5 3],-0.30000000000001137,10,1755.1999999999643,0.0,False,3
9,0,2,[2 1 3 5 4],1747.6999999999643,0.5,0.5,0.970957614240072,MI,[4 5 3 1 2],-62.50000000000006,10,3419.799999999963,0.0,False,3
9,0,3,[2 1 3 5 4],1747.6999999999643,0.5,0.5,0.6573324347215455,MI,[4 5 3 1 2],-62.50000000000006,10,3419.799999999963,0.0,False,3
9,0,4,[2 1 3 5 4],1747.6999999999643,0.5,0.5,0.7533876866282296,MI,[2 4 5 3 1],-44.69999999999999,10,2568.2999999999593,0.0,False,3
10,0,0,[2 1 3 5 4],1747.6999999999643,0.5,0.5,0.03106492959106477,SI,[4 5 3 1 2],-62.50000000000006,10,3419.799999999963,0.0,False,3
10,0,1,[2 1 3 5 4],1747.6999999999643,0.5,0.5,0.20224069145403423,SI,[4 5 3 1 2],-62.50000000000006,10,3419.799999999963,0.0,False,3
10,0,2,[2 1 3 5 4],1747.6999999999643,0.5,0.5,0.34731887295673547,SI,[4 5 3 1 2],-62.50000000000006,10,3419.799999999963,0.0,False,3
10,0,3,[2 1 3 5 4],1747.6999999999643,0.5,0.5,0.8002337381584687,MI,[2 4 5 3 1],-44.69999999999999,10,2568.2999999999593,0.0,False,3
10,0,4,[2 1 3 5 4],1747.6999999999643,0.5,0.5,0.24054512825151564,SI,[4 5 3 1 2],-62.50000000000006,10,3419.799999999963,0.0,False,3
11,0,0,[2 1 3 5 4],1747.6999999999643,0.5,0.5,0.36220917594212165,SI,[4 5 3 1 2],-62.50000000000006,10,3419.799999999963,0.0,False,3
11,0,1,[2 1 3 5 4],1747.6999999999643,0.5,0.5,0.3990754906916416,SI,[4 5 3 1 2],-62.50000000000006,10,3419.799999999963,0.0,False,3
11,0,2,[2 1 3 5 4],1747.6999999999643,0.5,0.5,0.623473796123305,MI,[4 5 3 1 2],-62.50000000000006,10,3419.799999999963,0.0,False,3
11,0,3,[2 1 3 5 4],1747.6999999999643,0.5,0.5,0.5268254303760231,MI,[4 5 3 1 2],-62.50000000000006,10,3419.799999999963,0.0,False,3
11,0,4,[2 1 3 5 4],1747.6999999999643,0.5,0.5,0.7848313521700362,MI,[2 4 5 3 1],-44.69999999999999,10,2568.2999999999593,0.0,False,3
12,0,0,[2 1 3 5 4],1747.6999999999643,0.5,0.5,0.4442855747171989,SI,[2 4 5 3 1],-44.69999999999999,10,2568.2999999999593,0.0,False,3
12,0,1,[2 1 3 5 4],1747.6999999999643,0.5,0.5,0.3973363117162355,SI,[4 5 3 1 2],-62.50000000000006,10,3419.799999999963,0.0,False,3
12,0,2,[2 1 3 5 4],1747.6999999999643,0.5,0.5,0.952455087935161,MI,[4 5 3 1 2],-62.50000000000006,10,3419.799999999963,0.0,False,3
12,0,3,[2 1 3 5 4],1747.6999999999643,0.5,0.5,0.7717471684922799,MI,[2 4 5 3 1],-44.69999999999999,10,2568.2999999999593,0.0,False,3
12,0,4,[2 1 3 5 4],1747.6999999999643,0.5,0.5,0.10841068724875114,SI,[4 5 3 1 2],-62.50000000000006,10,3419.799999999963,0.0,False,3
13,0,0,[2 1 3 5 4],1747.6999999999643,0.5,0.5,0.32819232085956285,SI,[4 5 3 1 2],-62.50000000000006,10,3419.799999999963,0.0,False,3
13,0,1,[2 1 3 5 4],1747.6999999999643,0.5,0.5,0.5755842833905511,MI,[4 5 3 1 2],-62.50000000000006,10,3419.799999999963,0.0,False,3
13,0,2,[2 1 3 5 4],1747.6999999999643,0.5,0.5,0.795435727134267,MI,[4 5 3 1 2],-62.50000000000006,10,3419.799999999963,0.0,False,3
13,0,3,[2 1 3 5 4],1747.6999999999643,0.5,0.5,0.37050972910535396,SI,[2 1 4 5 3],-0.30000000000001137,10,1755.1999999999643,0.0,False,3
13,0,4,[2 1 3 5 4],1747.6999999999643,0.5,0.5,0.04140201062272708,SI,[4 5 3 1 2],-62.50000000000006,10,3419.799999999963,0.0,False,3
14,0,0,[2 1 3 5 4],1747.6999999999643,0.5,0.5,0.22784622445078173,SI,[4 5 3 1 2],-62.50000000000006,10,3419.799999999963,0.0,False,3
14,0,1,[2 1 3 5 4],1747.6999999999643,0.5,0.5,0.4792899662711775,SI,[4 5 3 1 2],-62.50000000000006,10,3419.799999999963,0.0,False,3
14,0,2,[2 1 3 5 4],1747.6999999999643,0.5,0.5,0.10993994817016173,SI,[4 5 3 1 2],-62.50000000000006,10,3419.799999999963,0.0,False,3
14,0,3,[2 1 3 5 4],1747.6999999999643,0.5,0.5,0.32273618586101305,SI,[4 5 3 1 2],-62.50000000000006,10,3419.799999999963,0.0,False,3
14,0,4,[2 1 3 5 4],1747.6999999999643,0.5,0.5,0.6534713593505583,MI,[4 5 3 1 2],-62.50000000000006,10,3419.799999999963,0.0,False,3
15,0,0,[2 1 3 5 4],1747.6999999999643,0.5,0.5,0.7033486662663478,MI,[2 4 5 3 1],-44.69999999999999,10,2568.2999999999593,0.0,False,3
15,0,1,[2 1 3 5 4],1747.6999999999643,0.5,0.5,0.7355106144174103,MI,[4 5 3 1 2],-62.50000000000006,10,3419.799999999963,0.0,False,3
15,0,2,[2 1 3 5 4],1747.6999999999643,0.5,0.5,0.7320282519107199,MI,[2 1 4 5 3],-0.30000000000001137,10,1755.1999999999643,0.0,False,3
15,0,3,[2 1 3 5 4],1747.6999999999643,0.5,0.5,0.8753854298837697,MI,[4 5 3 1 2],-62.50000000000006,10,3419.799999999963,0.0,False,3
15,0,4,[2 1 3 5 4],1747.6999999999643,0.5,0.5,0.7377453036281852,MI,[4 5 3 1 2],-62.50000000000006,10,3419.799999999963,0.0,False,3
16,0,0,[2 1 3 5 4],1747.6999999999643,0.5,0.5,0.2794797194146055,SI,[2 4 5 3 1],-44.69999999999999,10,2568.2999999999593,0.0,False,3
16,0,1,[2 1 3 5 4],1747.6999999999643,0.5,0.5,0.5024601399058837,MI,[4 5 3 1 2],-62.50000000000006,10,3419.799999999963,0.0,False,3
16,0,2,[2 1 3 5 4],1747.6999999999643,0.5,0.5,0.8145708349526078,MI,[4 5 3 1 2],-62.50000000000006,10,3419.799999999963,0.0,False,3
16,0,3,[2 1 3 5 4],1747.6999999999643,0.5,0.5,0.8839839867150251,MI,[2 4 5 3 1],-44.69999999999999,10,2568.2999999999593,0.0,False,3
16,0,4,[2 1 3 5 4],1747.6999999999643,0.5,0.5,0.3252916844413066,SI,[4 5 3 1 2],-62.50000000000006,10,3419.799999999963,0.0,False,3
17,0,0,[2 1 3 5 4],1747.6999999999643,0.5,0.5,0.5435012334849836,MI,[2 1 4 5 3],-0.30000000000001137,10,1755.1999999999643,0.0,False,3
17,0,1,[2 1 3 5 4],1747.6999999999643,0.5,0.5,0.39747181391228614,SI,[4 5 3 1 2],-62.50000000000006,10,3419.799999999963,0.0,False,3
17,0,2,[2 1 3 5 4],1747.6999999999643,0.5,0.5,0.7585546413638926,MI,[2 4 5 3 1],-44.69999999999999,10,2568.2999999999593,0.0,False,3
17,0,3,[2 1 3 5 4],1747.6999999999643,0.5,0.5,0.13734740510234422,SI,[4 5 3 1 2],-62.50000000000006,10,3419.799999999963,0.0,False,3
17,0,4,[2 1 3 5 4],1747.6999999999643,0.5,0.5,0.6511510798947032,MI,[4 5 3 1 2],-62.50000000000006,10,3419.799999999963,0.0,False,3
18,0,0,[2 1 3 5 4],1747.6999999999643,0.5,0.5,0.40533295687358584,SI,[4 5 3 1 2],-62.50000000000006,10,3419.799999999963,0.0,False,3
18,0,1,[2 1 3 5 4],1747.6999999999643,0.5,0.5,0.8112187381985939,MI,[4 5 3 1 2],-62.50000000000006,10,3419.799999999963,0.0,False,3
18,0,2,[2 1 3 5 4],1747.6999999999643,0.5,0.5,0.3508467143164079,SI,[2 4 5 3 1],-44.69999999999999,10,2568.2999999999593,0.0,False,3
18,0,3,[2 1 3 5 4],1747.6999999999643,0.5,0.5,0.526418848101254,MI,[4 5 3 1 2],-62.50000000000006,10,3419.799999999963,0.0,False,3
18,0,4,[2 1 3 5 4],1747.6999999999643,0.5,0.5,0.3511854771600035,SI,[4 5 3 1 2],-62.50000000000006,10,3419.799999999963,0.0,False,3
19,0,0,[2 1 3 5 4],1747.6999999999643,0.5,0.5,0.48007928613784645,SI,[4 5 3 1 2],-62.50000000000006,10,3419.799999999963,0.0,False,3
19,0,1,[2 1 3 5 4],1747.6999999999643,0.5,0.5,0.8560133551378889,MI,[4 5 3 1 2],-62.50000000000006,10,3419.799999999963,0.0,False,3
19,0,2,[2 1 3 5 4],1747.6999999999643,0.5,0.5,0.3692497316940494,SI,[2 4 5 3 1],-44.69999999999999,10,2568.2999999999593,0.0,False,3
19,0,3,[2 1 3 5 4],1747.6999999999643,0.5,0.5,0.1326857054208458,SI,[4 5 3 1 2],-62.50000000000006,10,3419.799999999963,0.0,False,3
19,0,4,[2 1 3 5 4],1747.6999999999643,0.5,0.5,0.7123914531691915,MI,[2 4 5 3 1],-44.69999999999999,10,2568.2999999999593,0.0,False,3
20,0,0,[2 1 3 5 4],1747.6999999999643,0.5,0.5,0.7121305259752657,MI,[2 4 5 3 1],-44.69999999999999,10,2568.2999999999593,0.0,False,3
20,0,1,[2 1 3 5 4],1747.6999999999643,0.5,0.5,0.843730923714133,MI,[2 4 5 3 1],-44.69999999999999,10,2568.2999999999593,0.0,False,3
20,0,2,[2 1 3 5 4],1747.6999999999643,0.5,0.5,0.9455141533296133,MI,[4 5 3 1 2],-62.50000000000006,10,3419.799999999963,0.0,False,3
20,0,3,[2 1 3 5 4],1747.6999999999643,0.5,0.5,0.739703303811467,MI,[2 1 4 5 3],-0.30000000000001137,10,1755.1999999999643,0.0,False,3
20,0,4,[2 1 3 5 4],1747.6999999999643,0.5,0.5,0.5107701562069407,MI,[4 5 3 1 2],-62.50000000000006,10,3419.799999999963,0.0,False,3
21,0,0,[2 1 3 5 4],1747.6999999999643,0.5,0.5,0.1354144183374445,SI,[4 5 3 1 2],-62.50000000000006,10,3419.799999999963,0.0,False,3
21,0,1,[2 1 3 5 4],1747.6999999999643,0.5,0.5,0.8236633360399814,MI,[4 5 3 1 2],-62.50000000000006,10,3419.799999999963,0.0,False,3
21,0,2,[2 1 3 5 4],1747.6999999999643,0.5,0.5,0.6008913868802218,MI,[4 5 3 1 2],-62.50000000000006,10,3419.799999999963,0.0,False,3
21,0,3,[2 1 3 5 4],1747.6999999999643,0.5,0.5,0.8181685020099412,MI,[2 4 5 3 1],-44.69999999999999,10,2568.2999999999593,0.0,False,3
21,0,4,[2 1 3 5 4],1747.6999999999643,0.5,0.5,0.5679165737022596,MI,[4 5 3 1 2],-62.50000000000006,10,3419.799999999963,0.0,False,3
22,0,0,[2 1 3 5 4],1747.6999999999643,0.5,0.5,0.42599096015105065,SI,[4 5 3 1 2],-62.50000000000006,10,3419.799999999963,0.0,False,3
22,0,1,[2 1 3 5 4],1747.6999999999643,0.5,0.5,0.8510386908632156,MI,[4 5 3 1 2],-62.50000000000006,10,3419.799999999963,0.0,False,3
22,0,2,[2 1 3 5 4],1747.6999999999643,0.5,0.5,0.15578614093718246,SI,[4 5 3 1 2],-62.50000000000006,10,3419.799999999963,0.0,False,3
22,0,3,[2 1 3 5 4],1747.6999999999643,0.5,0.5,0.9209705999624778,MI,[2 1 4 5 3],-0.30000000000001137,10,1755.1999999999643,0.0,False,3
22,0,4,[2 1 3 5 4],1747.6999999999643,0.5,0.5,0.8883261119598379,MI,[2 4 5 3 1],-44.69999999999999,10,2568.2999999999593,0.0,False,3
23,0,0,[2 1 3 5 4],1747.6999999999643,0.5,0.5,0.04363442471235712,SI,[4 5 3 1 2],-62.50000000000006,10,3419.799999999963,0.0,False,3
23,0,1,[2 1 3 5 4],1747.6999999999643,0.5,0.5,0.3249328888551527,SI,[4 5 3 1 2],-62.50000000000006,10,3419.799999999963,0.0,False,3
23,0,2,[2 1 3 5 4],1747.6999999999643,0.5,0.5,0.18790791810270302,SI,[4 5 3 1 2],-62.50000000000006,10,3419.799999999963,0.0,False,3
23,0,3,[2 1 3 5 4],1747.6999999999643,0.5,0.5,0.8792847286946133,MI,[4 5 3 1 2],-62.50000000000006,10,3419.799999999963,0.0,False,3
23,0,4,[2 1 3 5 4],1747.6999999999643,0.5,0.5,0.6023611485678156,MI,[4 5 3 1 2],-62.50000000000006,10,3419.799999999963,0.0,False,3
24,0,0,[2 1 3 5 4],1747.6999999999643,0.5,0.5,0.6540614943511078,MI,[2 4 5 3 1],-44.69999999999999,10,2568.2999999999593,0.0,False,3
24,0,1,[2 1 3 5 4],1747.6999999999643,0.5,0.5,0.7989866367548892,MI,[2 4 5 3 1],-44.69999999999999,10,2568.2999999999593,0.0,False,3
24,0,2,[2 1 3 5 4],1747.6999999999643,0.5,0.5,0.3788680234497367,SI,[2 4 5 3 1],-44.69999999999999,10,2568.2999999999593,0.0,False,3
24,0,3,[2 1 3 5 4],1747.6999999999643,0.5,0.5,0.8347052947068689,MI,[4 5 3 1 2],-62.50000000000006,10,3419.799999999963,0.0,False,3
24,0,4,[2 1 3 5 4],1747.6999999999643,0.5,0.5,0.40109540057449133,SI,[2 4 5 3 1],-44.69999999999999,10,2568.2999999999593,0.0,False,3
25,0,0,[2 1 3 5 4],1747.6999999999643,0.5,0.5,0.36092282073977633,SI,[4 5 3 1 2],-62.50000000000006,10,3419.799999999963,0.0,False,3
25,0,1,[2 1 3 5 4],1747.6999999999643,0.5,0.5,0.6936362625511262,MI,[2 1 4 5 3],-0.30000000000001137,10,1755.1999999999643,0.0,False,3
25,0,2,[2 1 3 5 4],1747.6999999999643,0.5,0.5,0.041773458452318724,SI,[4 5 3 1 2],-62.50000000000006,10,3419.799999999963,0.0,False,3
25,0,3,[2 1 3 5 4],1747.6999999999643,0.5,0.5,0.5454692448735236,MI,[4 5 3 1 2],-62.50000000000006,10,3419.799999999963,0.0,False,3
25,0,4,[2 1 3 5 4],1747.6999999999643,0.5,0.5,0.1574257172299962,SI,[4 5 3 1 2],-62.50000000000006,10,3419.799999999963,0.0,False,3
26,0,0,[2 1 3 5 4],1747.6999999999643,0.5,0.5,0.6864266175823067,MI,[4 5 3 1 2],-62.50000000000006,10,3419.799999999963,0.0,False,3
26,0,1,[2 1 3 5 4],1747.6999999999643,0.5,0.5,0.9742165061916127,MI,[2 4 5 3 1],-44.69999999999999,10,2568.2999999999593,0.0,False,3
26,0,2,[2 1 3 5 4],1747.6999999999643,0.5,0.5,0.4881307739055578,SI,[4 5 3 1 2],-62.50000000000006,10,3419.799999999963,0.0,False,3
26,0,3,[2 1 3 5 4],1747.6999999999643,0.5,0.5,0.59519413546406,MI,[4 5 3 1 2],-62.50000000000006,10,3419.799999999963,0.0,False,3
26,0,4,[2 1 3 5 4],1747.6999999999643,0.5,0.5,0.1877485365887096,SI,[2 4 5 3 1],-44.69999999999999,10,2568.2999999999593,0.0,False,3
27,0,0,[2 1 3 5 4],1747.6999999999643,0.5,0.5,0.6166634800820464,MI,[2 1 4 5 3],-0.30000000000001137,10,1755.1999999999643,0.0,False,3
27,0,1,[2 1 3 5 4],1747.6999999999643,0.5,0.5,0.8761105785137727,MI,[4 5 3 1 2],-62.50000000000006,10,3419.799999999963,0.0,False,3
27,0,2,[2 1 3 5 4],1747.6999999999643,0.5,0.5,0.3875729574160762,SI,[4 5 3 1 2],-62.50000000000006,10,3419.799999999963,0.0,False,3
27,0,3,[2 1 3 5 4],1747.6999999999643,0.5,0.5,0.22838123136783073,SI,[4 5 3 1 2],-62.50000000000006,10,3419.799999999963,0.0,False,3
27,0,4,[2 1 3 5 4],1747.6999999999643,0.5,0.5,0.4389710169646689,SI,[4 5 3 1 2],-62.50000000000006,10,3419.799999999963,0.0,False,3
28,0,0,[2 1 3 5 4],1747.6999999999643,0.5,0.5,0.4677404569847461,SI,[4 5 3 1 2],-62.50000000000006,10,3419.799999999963,0.0,False,3
28,0,1,[2 1 3 5 4],1747.6999999999643,0.5,0.5,0.5362429036315594,MI,[2 4 5 3 1],-44.69999999999999,10,2568.2999999999593,0.0,False,3
28,0,2,[2 1 3 5 4],1747.6999999999643,0.5,0.5,0.10816788462737414,SI,[2 4 5 3 1],-44.69999999999999,10,2568.2999999999593,0.0,False,3
28,0,3,[2 1 3 5 4],1747.6999999999643,0.5,0.5,0.7375737895703547,MI,[4 5 3 1 2],-62.50000000000006,10,3419.799999999963,0.0,False,3
28,0,4,[2 1 3 5 4],1747.6999999999643,0.5,0.5,0.3085046809979387,SI,[4 5 3 1 2],-62.50000000000006,10,3419.799999999963,0.0,False,3
29,0,0,[2 1 3 5 4],1747.6999999999643,0.5,0.5,0.8977759533204237,MI,[2 4 5 3 1],-44.69999999999999,10,2568.2999999999593,0.0,False,3
29,0,1,[2 1 3 5 4],1747.6999999999643,0.5,0.5,0.8353831752879178,MI,[2 4 5 3 1],-44.69999999999999,10,2568.2999999999593,0.0,False,3
29,0,2,[2 1 3 5 4],1747.6999999999643,0.5,0.5,0.5987546452878072,MI,[2 4 5 3 1],-44.69999999999999,10,2568.2999999999593,0.0,False,3
29,0,3,[2 1 3 5 4],1747.6999999999643,0.5,0.5,0.24374445166627345,SI,[4 5 3 1 2],-62.50000000000006,10,3419.799999999963,0.0,False,3
29,0,4,[2 1 3 5 4],1747.6999999999643,0.5,0.5,0.28089529911583555,SI,[2 4 5 3 1],-44.69999999999999,10,2568.2999999999593,0.0,False,3
30,0,0,[2 1 3 5 4],1747.6999999999643,0.5,0.5,0.47584595309397726,SI,[4 5 3 1 2],-62.50000000000006,10,3419.799999999963,0.0,False,3
30,0,1,[2 1 3 5 4],1747.6999999999643,0.5,0.5,0.6705830211101705,MI,[4 5 3 1 2],-62.50000000000006,10,3419.799999999963,0.0,False,3
30,0,2,[2 1 3 5 4],1747.6999999999643,0.5,0.5,0.11459945963457374,SI,[2 4 5 3 1],-44.69999999999999,10,2568.2999999999593,0.0,False,3
30,0,3,[2 1 3 5 4],1747.6999999999643,0.5,0.5,0.7412258212170012,MI,[4 5 3 1 2],-62.50000000000006,10,3419.799999999963,0.0,False,3
30,0,4,[2 1 3 5 4],1747.6999999999643,0.5,0.5,0.5703518008988434,MI,[2 1 4 5 3],-0.30000000000001137,10,1755.1999999999643,0.0,False,3
31,0,0,[2 1 3 5 4],1747.6999999999643,0.5,0.5,0.020188920911922592,SI,[4 5 3 1 2],-62.50000000000006,10,3419.799999999963,0.0,False,3
31,0,1,[2 1 3 5 4],1747.6999999999643,0.5,0.5,0.9398805650493454,MI,[2 4 5 3 1],-44.69999999999999,10,2568.2999999999593,0.0,False,3
31,0,2,[2 1 3 5 4],1747.6999999999643,0.5,0.5,0.5488553944906412,MI,[4 5 3 1 2],-62.50000000000006,10,3419.799999999963,0.0,False,3
31,0,3,[2 1 3 5 4],1747.6999999999643,0.5,0.5,0.26065331332392927,SI,[4 5 3 1 2],-62.50000000000006,10,3419.799999999963,0.0,False,3
31,0,4,[2 1 3 5 4],1747.6999999999643,0.5,0.5,0.2204477135502083,SI,[4 5 3 1 2],-62.50000000000006,10,3419.799999999963,0.0,False,3
32,0,0,[2 1 3 5 4],1747.6999999999643,0.5,0.5,0.9577898777332071,MI,[2 4 5 3 1],-44.69999999999999,10,2568.2999999999593,0.0,False,3
32,0,1,[2 1 3 5 4],1747.6999999999643,0.5,0.5,0.1290952730051952,SI,[4 5 3 1 2],-62.50000000000006,10,3419.799999999963,0.0,False,3
32,0,2,[2 1 3 5 4],1747.6999999999643,0.5,0.5,0.6059713057763306,MI,[4 5 3 1 2],-62.50000000000006,10,3419.799999999963,0.0,False,3
32,0,3,[2 1 3 5 4],1747.6999999999643,0.5,0.5,0.48711760248773206,SI,[4 5 3 1 2],-62.50000000000006,10,3419.799999999963,0.0,False,3
32,0,4,[2 1 3 5 4],1747.6999999999643,0.5,0.5,0.32622289566136464,SI,[4 5 3 1 2],-62.50000000000006,10,3419.799999999963,0.0,False,3
33,0,0,[2 1 3 5 4],1747.6999999999643,0.5,0.5,0.33238897872046125,SI,[2 4 5 3 1],-44.69999999999999,10,2568.2999999999593,0.0,False,3
33,0,1,[2 1 3 5 4],1747.6999999999643,0.5,0.5,0.6030445997632458,MI,[4 5 3 1 2],-62.50000000000006,10,3419.799999999963,0.0,False,3
33,0,2,[2 1 3 5 4],1747.6999999999643,0.5,0.5,0.5313963341558867,MI,[4 5 3 1 2],-62.50000000000006,10,3419.799999999963,0.0,False,3
33,0,3,[2 1 3 5 4],1747.6999999999643,0.5,0.5,0.7113945499389449,MI,[4 5 3 1 2],-62.50000000000006,10,3419.799999999963,0.0,False,3
33,0,4,[2 1 3 5 4],1747.6999999999643,0.5,0.5,0.6185832745491348,MI,[4 5 3 1 2],-62.50000000000006,10,3419.799999999963,0.0,False,3
34,0,0,[2 1 3 5 4],1747.6999999999643,0.5,0.5,0.3763405401092136,SI,[4 5 3 1 2],-62.50000000000006,10,3419.799999999963,0.0,False,3
34,0,1,[2 1 3 5 4],1747.6999999999643,0.5,0.5,0.7431049608558524,MI,[4 5 3 1 2],-62.50000000000006,10,3419.799999999963,0.0,False,3
34,0,2,[2 1 3 5 4],1747.6999999999643,0.5,0.5,0.9329880644288701,MI,[4 5 3 1 2],-62.50000000000006,10,3419.799999999963,0.0,False,3
34,0,3,[2 1 3 5 4],1747.6999999999643,0.5,0.5,0.8564321546322505,MI,[2 4 5 3 1],-44.69999999999999,10,2568.2999999999593,0.0,False,3
34,0,4,[2 1 3 5 4],1747.6999999999643,0.5,0.5,0.4400313984443922,SI,[4 5 3 1 2],-62.50000000000006,10,3419.799999999963,0.0,False,3
35,0,0,[2 1 3 5 4],1747.6999999999643,0.5,0.5,0.1474630229069186,SI,[4 5 3 1 2],-62.50000000000006,10,3419.799999999963,0.0,False,3
35,0,1,[2 1 3 5 4],1747.6999999999643,0.5,0.5,0.7508130277038144,MI,[4 5 3 1 2],-62.50000000000006,10,3419.799999999963,0.0,False,3
35,0,2,[2 1 3 5 4],1747.6999999999643,0.5,0.5,0.9456167485945558,MI,[4 5 3 1 2],-62.50000000000006,10,3419.799999999963,0.0,False,3
35,0,3,[2 1 3 5 4],1747.6999999999643,0.5,0.5,0.8495619176959337,MI,[4 5 3 1 2],-62.50000000000006,10,3419.799999999963,0.0,False,3
35,0,4,[2 1 3 5 4],1747.6999999999643,0.5,0.5,0.23596936296618898,SI,[2 4 5 3 1],-44.69999999999999,10,2568.2999999999593,0.0,False,3
36,0,0,[2 1 3 5 4],1747.6999999999643,0.5,0.5,0.3637726669168473,SI,[4 5 3 1 2],-62.50000000000006,10,3419.799999999963,0.0,False,3
36,0,1,[2 1 3 5 4],1747.6999999999643,0.5,0.5,0.6908544714337468,MI,[2 4 5 3 1],-44.69999999999999,10,2568.2999999999593,0.0,False,3
36,0,2,[2 1 3 5 4],1747.6999999999643,0.5,0.5,0.7828253375448297,MI,[2 4 5 3 1],-44.69999999999999,10,2568.2999999999593,0.0,False,3
36,0,3,[2 1 3 5 4],1747.6999999999643,0.5,0.5,0.9347577322083921,MI,[2 4 5 3 1],-44.69999999999999,10,2568.2999999999593,0.0,False,3
36,0,4,[2 1 3 5 4],1747.6999999999643,0.5,0.5,0.42345807359346965,SI,[4 5 3 1 2],-62.50000000000006,10,3419.799999999963,0.0,False,3
37,0,0,[2 1 3 5 4],1747.6999999999643,0.5,0.5,0.8191786437681655,MI,[2 4 5 3 1],-44.69999999999999,10,2568.2999999999593,0.0,False,3
37,0,1,[2 1 3 5 4],1747.6999999999643,0.5,0.5,0.034662791785031954,SI,[4 5 3 1 2],-62.50000000000006,10,3419.799999999963,0.0,False,3
37,0,2,[2 1 3 5 4],1747.6999999999643,0.5,0.5,0.6484852897238053,MI,[4 5 3 1 2],-62.50000000000006,10,3419.799999999963,0.0,False,3
37,0,3,[2 1 3 5 4],1747.6999999999643,0.5,0.5,0.6837732956479708,MI,[4 5 3 1 2],-62.50000000000006,10,3419.799999999963,0.0,False,3
37,0,4,[2 1 3 5 4],1747.6999999999643,0.5,0.5,0.8841054769355224,MI,[2 4 5 3 1],-44.69999999999999,10,2568.2999999999593,0.0,False,3
38,0,0,[2 1 3 5 4],1747.6999999999643,0.5,0.5,0.33963755599492174,SI,[2 4 5 3 1],-44.69999999999999,10,2568.2999999999593,0.0,False,3
38,0,1,[2 1 3 5 4],1747.6999999999643,0.5,0.5,0.45073630069454695,SI,[4 5 3 1 2],-62.50000000000006,10,3419.799999999963,0.0,False,3
38,0,2,[2 1 3 5 4],1747.6999999999643,0.5,0.5,0.367172071707047,SI,[4 5 3 1 2],-62.50000000000006,10,3419.799999999963,0.0,False,3
38,0,3,[2 1 3 5 4],1747.6999999999643,0.5,0.5,0.4909255353073203,SI,[4 5 3 1 2],-62.50000000000006,10,3419.799999999963,0.0,False,3
38,0,4,[2 1 3 5 4],1747.6999999999643,0.5,0.5,0.7946575726029534,MI,[4 5 3 1 2],-62.50000000000006,10,3419.799999999963,0.0,False,3
39,0,0,[2 1 3 5 4],1747.6999999999643,0.5,0.5,0.19546387886014538,SI,[4 5 3 1 2],-62.50000000000006,10,3419.799999999963,0.0,False,3
39,0,1,[2 1 3 5 4],1747.6999999999643,0.5,0.5,0.7705889419507176,MI,[2 4 5 3 1],-44.69999999999999,10,2568.2999999999593,0.0,False,3
39,0,2,[2 1 3 5 4],1747.6999999999643,0.5,0.5,0.313987955830731,SI,[4 5 3 1 2],-62.50000000000006,10,3419.799999999963,0.0,False,3
39,0,3,[2 1 3 5 4],1747.6999999999643,0.5,0.5,0.05235703236725009,SI,[2 4 5 3 1],-44.69999999999999,10,2568.2999999999593,0.0,False,3
39,0,4,[2 1 3 5 4],1747.6999999999643,0.5,0.5,0.618643724982048,MI,[2 4 5 3 1],-44.69999999999999,10,2568.2999999999593,0.0,False,3
40,0,0,[2 1 3 5 4],1747.6999999999643,0.5,0.5,0.9008162804145332,MI,[4 5 3 1 2],-62.50000000000006,10,3419.799999999963,0.0,False,3
40,0,1,[2 1 3 5 4],1747.6999999999643,0.5,0.5,0.2727933825358103,SI,[2 4 5 3 1],-44.69999999999999,10,2568.2999999999593,0.0,False,3
40,0,2,[2 1 3 5 4],1747.6999999999643,0.5,0.5,0.1938843953018461,SI,[4 5 3 1 2],-62.50000000000006,10,3419.799999999963,0.0,False,3
40,0,3,[2 1 3 5 4],1747.6999999999643,0.5,0.5,0.5642059933842625,MI,[4 5 3 1 2],-62.50000000000006,10,3419.799999999963,0.0,False,3
40,0,4,[2 1 3 5 4],1747.6999999999643,0.5,0.5,0.8371870095182162,MI,[2 1 4 5 3],-0.30000000000001137,10,1755.1999999999643,0.0,False,3
41,0,0,[2 1 3 5 4],1747.6999999999643,0.5,0.5,0.8636160845942171,MI,[4 5 3 1 2],-62.50000000000006,10,3419.799999999963,0.0,False,3
41,0,1,[2 1 3 5 4],1747.6999999999643,0.5,0.5,0.845335154812598,MI,[2 1 4 5 3],-0.30000000000001137,10,1755.1999999999643,0.0,False,3
41,0,2,[2 1 3 5 4],1747.6999999999643,0.5,0.5,0.8821154713602252,MI,[4 5 3 1 2],-62.50000000000006,10,3419.799999999963,0.0,False,3
41,0,3,[2 1 3 5 4],1747.6999999999643,0.5,0.5,0.3795945148837575,SI,[4 5 3 1 2],-62.50000000000006,10,3419.799999999963,0.0,False,3
41,0,4,[2 1 3 5 4],1747.6999999999643,0.5,0.5,0.6044229172223552,MI,[4 5 3 1 2],-62.50000000000006,10,3419.799999999963,0.0,False,3
42,0,0,[2 1 3 5 4],1747.6999999999643,0.5,0.5,0.04373309667683711,SI,[4 5 3 1 2],-62.50000000000006,10,3419.799999999963,0.0,False,3
42,0,1,[2 1 3 5 4],1747.6999999999643,0.5,0.5,0.631428794637209,MI,[4 5 3 1 2],-62.50000000000006,10,3419.799999999963,0.0,False,3
42,0,2,[2 1 3 5 4],1747.6999999999643,0.5,0.5,0.24927001006434935,SI,[4 5 3 1 2],-62.50000000000006,10,3419.799999999963,0.0,False,3
42,0,3,[2 1 3 5 4],1747.6999999999643,0.5,0.5,0.7745623045230831,MI,[4 5 3 1 2],-62.50000000000006,10,3419.799999999963,0.0,False,3
42,0,4,[2 1 3 5 4],1747.6999999999643,0.5,0.5,0.717647404933556,MI,[4 5 3 1 2],-62.50000000000006,10,3419.799999999963,0.0,False,3
43,0,0,[2 1 3 5 4],1747.6999999999643,0.5,0.5,0.8680533620176845,MI,[4 5 3 1 2],-62.50000000000006,10,3419.799999999963,0.0,False,3
43,0,1,[2 1 3 5 4],1747.6999999999643,0.5,0.5,0.7826735858369269,MI,[4 5 3 1 2],-62.50000000000006,10,3419.799999999963,0.0,False,3
43,0,2,[2 1 3 5 4],1747.6999999999643,0.5,0.5,0.4517907908569685,SI,[4 5 3 1 2],-62.50000000000006,10,3419.799999999963,0.0,False,3
43,0,3,[2 1 3 5 4],1747.6999999999643,0.5,0.5,0.530577595723439,MI,[4 5 3 1 2],-62.50000000000006,10,3419.799999999963,0.0,False,3
43,0,4,[2 1 3 5 4],1747.6999999999643,0.5,0.5,0.009580617075104825,SI,[4 5 3 1 2],-62.50000000000006,10,3419.799999999963,0.0,False,3
44,0,0,[2 1 3 5 4],1747.6999999999643,0.5,0.5,0.9935355246108113,MI,[2 4 5 3 1],-44.69999999999999,10,2568.2999999999593,0.0,False,3
44,0,1,[2 1 3 5 4],1747.6999999999643,0.5,0.5,0.1938292560745961,SI,[4 5 3 1 2],-62.50000000000006,10,3419.799999999963,0.0,False,3
44,0,2,[2 1 3 5 4],1747.6999999999643,0.5,0.5,0.8283574033821473,MI,[2 1 4 5 3],-0.30000000000001137,10,1755.1999999999643,0.0,False,3
44,0,3,[2 1 3 5 4],1747.6999999999643,0.5,0.5,0.9039421230533063,MI,[4 5 3 1 2],-62.50000000000006,10,3419.799999999963,0.0,False,3
44,0,4,[2 1 3 5 4],1747.6999999999643,0.5,0.5,0.8638860066895966,MI,[4 5 3 1 2],-62.50000000000006,10,3419.799999999963,0.0,False,3
45,0,0,[2 1 3 5 4],1747.6999999999643,0.5,0.5,0.3210450802727085,SI,[2 4 5 3 1],-44.69999999999999,10,2568.2999999999593,0.0,False,3
45,0,1,[2 1 3 5 4],1747.6999999999643,0.5,0.5,0.5818501180661082,MI,[4 5 3 1 2],-62.50000000000006,10,3419.799999999963,0.0,False,3
45,0,2,[2 1 3 5 4],1747.6999999999643,0.5,0.5,0.6513946193982788,MI,[4 5 3 1 2],-62.50000000000006,10,3419.799999999963,0.0,False,3
45,0,3,[2 1 3 5 4],1747.6999999999643,0.5,0.5,0.9544547248851165,MI,[4 5 3 1 2],-62.50000000000006,10,3419.799999999963,0.0,False,3
45,0,4,[2 1 3 5 4],1747.6999999999643,0.5,0.5,0.8444025908022759,MI,[4 5 3 1 2],-62.50000000000006,10,3419.799999999963,0.0,False,3
46,0,0,[2 1 3 5 4],1747.6999999999643,0.5,0.5,0.5703339314626077,MI,[2 4 5 3 1],-44.69999999999999,10,2568.2999999999593,0.0,False,3
46,0,1,[2 1 3 5 4],1747.6999999999643,0.5,0.5,0.9646415793137534,MI,[2 4 5 3 1],-44.69999999999999,10,2568.2999999999593,0.0,False,3
46,0,2,[2 1 3 5 4],1747.6999999999643,0.5,0.5,0.39505062468029106,SI,[2 4 5 3 1],-44.69999999999999,10,2568.2999999999593,0.0,False,3
46,0,3,[2 1 3 5 4],1747.6999999999643,0.5,0.5,0.566875434508349,MI,[2 4 5 3 1],-44.69999999999999,10,2568.2999999999593,0.0,False,3
46,0,4,[2 1 3 5 4],1747.6999999999643,0.5,0.5,0.9351135527674168,MI,[4 5 3 1 2],-62.50000000000006,10,3419.799999999963,0.0,False,3
47,0,0,[2 1 3 5 4],1747.6999999999643,0.5,0.5,0.13023015930155668,SI,[2 4 5 3 1],-44.69999999999999,10,2568.2999999999593,0.0,False,3
47,0,1,[2 1 3 5 4],1747.6999999999643,0.5,0.5,0.9333286517286147,MI,[4 5 3 1 2],-62.50000000000006,10,3419.799999999963,0.0,False,3
47,0,2,[2 1 3 5 4],1747.6999999999643,0.5,0.5,0.5009617610196645,MI,[2 4 5 3 1],-44.69999999999999,10,2568.2999999999593,0.0,False,3
47,0,3,[2 1 3 5 4],1747.6999999999643,0.5,0.5,0.5577664974596855,MI,[2 4 5 3 1],-44.69999999999999,10,2568.2999999999593,0.0,False,3
47,0,4,[2 1 3 5 4],1747.6999999999643,0.5,0.5,0.6354776226533135,MI,[4 5 3 1 2],-62.50000000000006,10,3419.799999999963,0.0,False,3
48,0,0,[2 1 3 5 4],1747.6999999999643,0.5,0.5,0.6761308552640901,MI,[2 4 5 3 1],-44.69999999999999,10,2568.2999999999593,0.0,False,3
48,0,1,[2 1 3 5 4],1747.6999999999643,0.5,0.5,0.41322461130961907,SI,[4 5 3 1 2],-62.50000000000006,10,3419.799999999963,0.0,False,3
48,0,2,[2 1 3 5 4],1747.6999999999643,0.5,0.5,0.9184208801861293,MI,[4 5 3 1 2],-62.50000000000006,10,3419.799999999963,0.0,False,3
48,0,3,[2 1 3 5 4],1747.6999999999643,0.5,0.5,0.2628168024929015,SI,[3 1 2 5 4],134.50000000000006,10,2746.7999999999593,0.0,False,3
48,0,4,[2 1 3 5 4],1747.6999999999643,0.5,0.5,0.5964360862781166,MI,[2 1 4 5 3],-0.30000000000001137,10,1755.1999999999643,0.0,False,3
49,0,0,[2 1 3 5 4],1747.6999999999643,0.5,0.5,0.3999481729991453,SI,[4 5 3 1 2],-62.50000000000006,10,3419.799999999963,0.0,False,3
49,0,1,[2 1 3 5 4],1747.6999999999643,0.5,0.5,0.7109921385368518,MI,[4 5 3 1 2],-62.50000000000006,10,3419.799999999963,0.0,False,3
49,0,2,[2 1 3 5 4],1747.6999999999643,0.5,0.5,0.8733068387830302,MI,[4 5 3 1 2],-62.50000000000006,10,3419.799999999963,0.0,False,3
49,0,3,[2 1 3 5 4],1747.6999999999643,0.5,0.5,0.31058568408951837,SI,[4 5 3 1 2],-62.50000000000006,10,3419.799999999963,0.0,False,3
49,0,4,[2 1 3 5 4],1747.6999999999643,0.5,0.5,0.2786831636577858,SI,[4 5 3 1 2],-62.50000000000006,10,3419.799999999963,0.0,False,3
50,0,0,[2 1 3 5 4],1747.6999999999643,0.5,0.5,0.8358700606804738,MI,[4 5 3 1 2],-62.50000000000006,10,3419.799999999963,0.0,False,3
50,0,1,[2 1 3 5 4],1747.6999999999643,0.5,0.5,0.6998151212638017,MI,[2 4 5 3 1],-44.69999999999999,10,2568.2999999999593,0.0,False,3
50,0,2,[2 1 3 5 4],1747.6999999999643,0.5,0.5,0.4743476424240761,SI,[4 5 3 1 2],-62.50000000000006,10,3419.799999999963,0.0,False,3
50,0,3,[2 1 3 5 4],1747.6999999999643,0.5,0.5,0.7542260387883464,MI,[2 4 5 3 1],-44.69999999999999,10,2568.2999999999593,0.0,False,3
50,0,4,[2 1 3 5 4],1747.6999999999643,0.5,0.5,0.09518753480539277,SI,[4 5 3 1 2],-62.50000000000006,10,3419.799999999963,0.0,False,3
51,0,0,[2 1 3 5 4],1747.6999999999643,0.5,0.5,0.011987006699813008,SI,[4 5 3 1 2],-62.50000000000006,10,3419.799999999963,0.0,False,3
51,0,1,[2 1 3 5 4],1747.6999999999643,0.5,0.5,0.8870794984500201,MI,[4 5 3 1 2],-62.50000000000006,10,3419.799999999963,0.0,False,3
51,0,2,[2 1 3 5 4],1747.6999999999643,0.5,0.5,0.5095487020862975,MI,[4 5 3 1 2],-62.50000000000006,10,3419.799999999963,0.0,False,3
51,0,3,[2 1 3 5 4],1747.6999999999643,0.5,0.5,0.27582344450110363,SI,[4 5 3 1 2],-62.50000000000006,10,3419.799999999963,0.0,False,3
51,0,4,[2 1 3 5 4],1747.6999999999643,0.5,0.5,0.5795740543127009,MI,[4 5 3 1 2],-62.50000000000006,10,3419.799999999963,0.0,False,3
0,8,0,[3 4 1 5 2],3395.100000000024,0.5,0.5,0.5740633007043034,MI,[5 1 4 3 2],32.19999999999999,10,3436.8000000000357,0.0,False,4
0,8,1,[3 4 1 5 2],3395.100000000024,0.5,0.5,0.22503410203847685,SI,[3 1 4 5 2],-48.599999999999966,10,2767.400000000016,0.18488409767017278,True,4
0,8,2,[3 1 4 5 2],2767.400000000016,0.5,0.5,0.1718510085453776,SI,[3 1 4 2 5],-65.59999999999997,10,2572.000000000011,0.07060779070607934,True,4
0,8,3,[3 1 4 2 5],2572.000000000011,0.5,0.5,0.43303705799357206,SI,[4 1 3 2 5],47.09999999999991,10,4091.6000000000167,0.0,False,4
0,8,4,[3 1 4 2 5],2572.000000000011,0.5,0.5,0.5391425310293254,MI,[4 1 3 2 5],47.09999999999991,10,4091.6000000000167,0.0,False,4
1,0,0,[3 1 4 2 5],2572.000000000011,0.5063067312752564,0.4936932687247435,0.38439907432438336,SI,[4 1 3 2 5],47.09999999999991,10,4091.6000000000167,0.0,False,4
1,0,1,[3 1 4 2 5],2572.000000000011,0.5063067312752564,0.4936932687247435,0.850869456725562,MI,[4 1 3 2 5],47.09999999999991,10,4091.6000000000167,0.0,False,4
1,0,2,[3 1 4 2 5],2572.000000000011,0.5063067312752564,0.4936932687247435,0.3563867590058757,SI,[3 4 1 2 5],48.60000000000002,10,3351.000000000022,0.0,False,4
1,0,3,[3 1 4 2 5],2572.000000000011,0.5063067312752564,0.4936932687247435,0.7501395673726011,MI,[5 2 4 1 3],115.9,10,4486.500000000022,0.0,False,4
1,0,4,[3 1 4 2 5],2572.000000000011,0.5063067312752564,0.4936932687247435,0.44137469882178804,SI,[3 4 1 2 5],48.60000000000002,10,3351.000000000022,0.0,False,4
2,0,0,[3 1 4 2 5],2572.000000000011,0.5063067312752565,0.49369326872474356,0.5778675185279122,MI,[4 1 3 2 5],47.09999999999991,10,4091.6000000000167,0.0,False,4
2,0,1,[3 1 4 2 5],2572.000000000011,0.5063067312752565,0.49369326872474356,0.1796688656976686,SI,[4 1 3 2 5],47.09999999999991,10,4091.6000000000167,0.0,False,4
2,0,2,[3 1 4 2 5],2572.000000000011,0.5063067312752565,0.49369326872474356,0.12805086775328767,SI,[4 1 3 2 5],47.09999999999991,10,4091.6000000000167,0.0,False,4
2,0,3,[3 1 4 2 5],2572.000000000011,0.5063067312752565,0.49369326872474356,0.027277103953971205,SI,[3 1 4 5 2],65.59999999999997,10,2767.400000000016,0.0,False,4
2,0,4,[3 1 4 2 5],2572.000000000011,0.5063067312752565,0.49369326872474356,0.017203718407494906,SI,[3 1 4 5 2],65.59999999999997,10,2767.400000000016,0.0,False,4
3,0,0,[3 1 4 2 5],2572.000000000011,0.5063067312752565,0.49369326872474356,0.5647009671925928,MI,[4 1 3 2 5],47.09999999999991,10,4091.6000000000167,0.0,False,4
3,0,1,[3 1 4 2 5],2572.000000000011,0.5063067312752565,0.49369326872474356,0.4951704512866588,SI,[3 4 1 2 5],48.60000000000002,10,3351.000000000022,0.0,False,4
3,0,2,[3 1 4 2 5],2572.000000000011,0.5063067312752565,0.49369326872474356,0.5517423296078382,MI,[4 1 3 2 5],47.09999999999991,10,4091.6000000000167,0.0,False,4
3,0,3,[3 1 4 2 5],2572.000000000011,0.5063067312752565,0.49369326872474356,0.691236652039453,MI,[4 1 3 2 5],47.09999999999991,10,4091.6000000000167,0.0,False,4
3,0,4,[3 1 4 2 5],2572.000000000011,0.5063067312752565,0.49369326872474356,0.7220257866873195,MI,[4 1 3 2 5],47.09999999999991,10,4091.6000000000167,0.0,False,4
4,0,0,[3 1 4 2 5],2572.000000000011,0.5063067312752565,0.49369326872474356,0.8677032454170129,MI,[4 1 3 2 5],47.09999999999991,10,4091.6000000000167,0.0,False,4
4,0,1,[3 1 4 2 5],2572.000000000011,0.5063067312752565,0.49369326872474356,0.34965514501413997,SI,[4 1 3 2 5],47.09999999999991,10,4091.6000000000167,0.0,False,4
4,0,2,[3 1 4 2 5],2572.000000000011,0.5063067312752565,0.49369326872474356,0.09043109338476452,SI,[5 2 4 1 3],115.9,10,4486.500000000022,0.0,False,4
4,0,3,[3 1 4 2 5],2572.000000000011,0.5063067312752565,0.49369326872474356,0.055954180423967714,SI,[3 4 1 2 5],48.60000000000002,10,3351.000000000022,0.0,False,4
4,0,4,[3 1 4 2 5],2572.000000000011,0.5063067312752565,0.49369326872474356,0.2820249920213014,SI,[4 1 3 2 5],47.09999999999991,10,4091.6000000000167,0.0,False,4
5,0,0,[3 1 4 2 5],2572.000000000011,0.5063067312752565,0.49369326872474356,0.8125562040084536,MI,[4 1 3 2 5],47.09999999999991,10,4091.6000000000167,0.0,False,4
5,0,1,[3 1 4 2 5],2572.000000000011,0.5063067312752565,0.49369326872474356,0.7375538216305944,MI,[4 1 3 2 5],47.09999999999991,10,4091.6000000000167,0.0,False,4
5,0,2,[3 1 4 2 5],2572.000000000011,0.5063067312752565,0.49369326872474356,0.006397890536385509,SI,[3 1 4 5 2],65.59999999999997,10,2767.400000000016,0.0,False,4
5,0,3,[3 1 4 2 5],2572.000000000011,0.5063067312752565,0.49369326872474356,0.89863116498822,MI,[4 1 3 2 5],47.09999999999991,10,4091.6000000000167,0.0,False,4
5,0,4,[3 1 4 2 5],2572.000000000011,0.5063067312752565,0.49369326872474356,0.15612909553612175,SI,[4 1 3 2 5],47.09999999999991,10,4091.6000000000167,0.0,False,4
6,0,0,[3 1 4 2 5],2572.000000000011,0.5063067312752565,0.49369326872474356,0.591593241685107,MI,[4 1 3 2 5],47.09999999999991,10,4091.6000000000167,0.0,False,4
6,0,1,[3 1 4 2 5],2572.000000000011,0.5063067312752565,0.49369326872474356,0.7864238364057317,MI,[4 1 3 2 5],47.09999999999991,10,4091.6000000000167,0.0,False,4
6,0,2,[3 1 4 2 5],2572.000000000011,0.5063067312752565,0.49369326872474356,0.33521630903850197,SI,[4 1 3 2 5],47.09999999999991,10,4091.6000000000167,0.0,False,4
6,0,3,[3 1 4 2 5],2572.000000000011,0.5063067312752565,0.49369326872474356,0.8431799798949215,MI,[4 1 3 2 5],47.09999999999991,10,4091.6000000000167,0.0,False,4
6,0,4,[3 1 4 2 5],2572.000000000011,0.5063067312752565,0.49369326872474356,0.203760461410046,SI,[3 1 4 5 2],65.59999999999997,10,2767.400000000016,0.0,False,4
7,0,0,[3 1 4 2 5],2572.000000000011,0.5063067312752565,0.49369326872474356,0.3840370622945344,SI,[3 1 4 5 2],65.59999999999997,10,2767.400000000016,0.0,False,4
7,0,1,[3 1 4 2 5],2572.000000000011,0.5063067312752565,0.49369326872474356,0.9475364733362258,MI,[4 1 3 2 5],47.09999999999991,10,4091.6000000000167,0.0,False,4
7,0,2,[3 1 4 2 5],2572.000000000011,0.5063067312752565,0.49369326872474356,0.11818540125927834,SI,[3 1 4 5 2],65.59999999999997,10,2767.400000000016,0.0,False,4
7,0,3,[3 1 4 2 5],2572.000000000011,0.5063067312752565,0.49369326872474356,0.6299200217489114,MI,[4 1 3 2 5],47.09999999999991,10,4091.6000000000167,0.0,False,4
7,0,4,[3 1 4 2 5],2572.000000000011,0.5063067312752565,0.49369326872474356,0.08548326055315969,SI,[3 4 1 2 5],48.60000000000002,10,3351.000000000022,0.0,False,4
8,0,0,[3 1 4 2 5],2572.000000000011,0.5063067312752565,0.49369326872474356,0.025419481136522704,SI,[4 1 3 2 5],47.09999999999991,10,4091.6000000000167,0.0,False,4
8,0,1,[3 1 4 2 5],2572.000000000011,0.5063067312752565,0.49369326872474356,0.8571364181518142,MI,[5 2 4 1 3],115.9,10,4486.500000000022,0.0,False,4
8,0,2,[3 1 4 2 5],2572.000000000011,0.5063067312752565,0.49369326872474356,0.45019729084330273,SI,[3 4 1 2 5],48.60000000000002,10,3351.000000000022,0.0,False,4
8,0,3,[3 1 4 2 5],2572.000000000011,0.5063067312752565,0.49369326872474356,0.2312292251818363,SI,[3 4 1 2 5],48.60000000000002,10,3351.000000000022,0.0,False,4
8,0,4,[3 1 4 2 5],2572.000000000011,0.5063067312752565,0.49369326872474356,0.15155293654101654,SI,[4 1 3 2 5],47.09999999999991,10,4091.6000000000167,0.0,False,4
9,0,0,[3 1 4 2 5],2572.000000000011,0.5063067312752565,0.49369326872474356,0.13988397487210869,SI,[4 1 3 2 5],47.09999999999991,10,4091.6000000000167,0.0,False,4
9,0,1,[3 1 4 2 5],2572.000000000011,0.5063067312752565,0.49369326872474356,0.40873141286055037,SI,[4 1 3 2 5],47.09999999999991,10,4091.6000000000167,0.0,False,4
9,0,2,[3 1 4 2 5],2572.000000000011,0.5063067312752565,0.49369326872474356,0.8461155619214981,MI,[4 1 3 2 5],47.09999999999991,10,4091.6000000000167,0.0,False,4
9,0,3,[3 1 4 2 5],2572.000000000011,0.5063067312752565,0.49369326872474356,0.439102609992856,SI,[3 1 4 5 2],65.59999999999997,10,2767.400000000016,0.0,False,4
9,0,4,[3 1 4 2 5],2572.000000000011,0.5063067312752565,0.49369326872474356,0.0945072350123336,SI,[3 1 4 5 2],65.59999999999997,10,2767.400000000016,0.0,False,4
10,0,0,[3 1 4 2 5],2572.000000000011,0.5063067312752565,0.49369326872474356,0.004835940720224308,SI,[4 1 3 2 5],47.09999999999991,10,4091.6000000000167,0.0,False,4
10,0,1,[3 1 4 2 5],2572.000000000011,0.5063067312752565,0.49369326872474356,0.5561671427268673,MI,[4 1 3 2 5],47.09999999999991,10,4091.6000000000167,0.0,False,4
10,0,2,[3 1 4 2 5],2572.000000000011,0.5063067312752565,0.49369326872474356,0.1774900459966744,SI,[4 1 3 2 5],47.09999999999991,10,4091.6000000000167,0.0,False,4
10,0,3,[3 1 4 2 5],2572.000000000011,0.5063067312752565,0.49369326872474356,0.14665808413613302,SI,[4 1 3 2 5],47.09999999999991,10,4091.6000000000167,0.0,False,4
10,0,4,[3 1 4 2 5],2572.000000000011,0.5063067312752565,0.49369326872474356,0.18044993676726895,SI,[4 1 3 2 5],47.09999999999991,10,4091.6000000000167,0.0,False,4
11,0,0,[3 1 4 2 5],2572.000000000011,0.5063067312752565,0.49369326872474356,0.5272853850095263,MI,[4 1 3 2 5],47.09999999999991,10,4091.6000000000167,0.0,False,4
11,0,1,[3 1 4 2 5],2572.000000000011,0.5063067312752565,0.49369326872474356,0.32377920608996735,SI,[4 1 3 2 5],47.09999999999991,10,4091.6000000000167,0.0,False,4
11,0,2,[3 1 4 2 5],2572.000000000011,0.5063067312752565,0.49369326872474356,0.4479344038551296,SI,[1 3 4 2 5],112.69999999999999,10,3566.5000000000255,0.0,False,4
11,0,3,[3 1 4 2 5],2572.000000000011,0.5063067312752565,0.49369326872474356,0.8606663797668219,MI,[4 1 3 2 5],47.09999999999991,10,4091.6000000000167,0.0,False,4
11,0,4,[3 1 4 2 5],2572.000000000011,0.5063067312752565,0.49369326872474356,0.9230516493315456,MI,[4 1 3 2 5],47.09999999999991,10,4091.6000000000167,0.0,False,4
12,0,0,[3 1 4 2 5],2572.000000000011,0.5063067312752565,0.49369326872474356,0.9865269480342729,MI,[4 1 3 2 5],47.09999999999991,10,4091.6000000000167,0.0,False,4
12,0,1,[3 1 4 2 5],2572.000000000011,0.5063067312752565,0.49369326872474356,0.15662715947788985,SI,[4 1 3 2 5],47.09999999999991,10,4091.6000000000167,0.0,False,4
12,0,2,[3 1 4 2 5],2572.000000000011,0.5063067312752565,0.49369326872474356,0.21191038418303132,SI,[4 1 3 2 5],47.09999999999991,10,4091.6000000000167,0.0,False,4
12,0,3,[3 1 4 2 5],2572.000000000011,0.5063067312752565,0.49369326872474356,0.5838598706915364,MI,[4 1 3 2 5],47.09999999999991,10,4091.6000000000167,0.0,False,4
12,0,4,[3 1 4 2 5],2572.000000000011,0.5063067312752565,0.49369326872474356,0.2454930006569207,SI,[3 1 4 5 2],65.59999999999997,10,2767.400000000016,0.0,False,4
13,0,0,[3 1 4 2 5],2572.000000000011,0.5063067312752565,0.49369326872474356,0.5669496013755612,MI,[4 1 3 2 5],47.09999999999991,10,4091.6000000000167,0.0,False,4
13,0,1,[3 1 4 2 5],2572.000000000011,0.5063067312752565,0.49369326872474356,0.18009250241794228,SI,[4 1 3 2 5],47.09999999999991,10,4091.6000000000167,0.0,False,4
13,0,2,[3 1 4 2 5],2572.000000000011,0.5063067312752565,0.49369326872474356,0.1943620119738524,SI,[1 3 4 2 5],112.69999999999999,10,3566.5000000000255,0.0,False,4
13,0,3,[3 1 4 2 5],2572.000000000011,0.5063067312752565,0.49369326872474356,0.06930580943384923,SI,[3 1 4 5 2],65.59999999999997,10,2767.400000000016,0.0,False,4
13,0,4,[3 1 4 2 5],2572.000000000011,0.5063067312752565,0.49369326872474356,0.10619764659859476,SI,[3 1 4 5 2],65.59999999999997,10,2767.400000000016,0.0,False,4
14,0,0,[3 1 4 2 5],2572.000000000011,0.5063067312752565,0.49369326872474356,0.02815142719081165,SI,[4 1 3 2 5],47.09999999999991,10,4091.6000000000167,0.0,False,4
14,0,1,[3 1 4 2 5],2572.000000000011,0.5063067312752565,0.49369326872474356,0.6828556421962918,MI,[4 1 3 2 5],47.09999999999991,10,4091.6000000000167,0.0,False,4
14,0,2,[3 1 4 2 5],2572.000000000011,0.5063067312752565,0.49369326872474356,0.4391868813165659,SI,[4 1 3 2 5],47.09999999999991,10,4091.6000000000167,0.0,False,4
14,0,3,[3 1 4 2 5],2572.000000000011,0.5063067312752565,0.49369326872474356,0.34397390709175446,SI,[3 4 1 2 5],48.60000000000002,10,3351.000000000022,0.0,False,4
14,0,4,[3 1 4 2 5],2572.000000000011,0.5063067312752565,0.49369326872474356,0.9735216012418622,MI,[5 2 4 1 3],115.9,10,4486.500000000022,0.0,False,4
15,0,0,[3 1 4 2 5],2572.000000000011,0.5063067312752565,0.49369326872474356,0.5626076394738041,MI,[4 1 3 2 5],47.09999999999991,10,4091.6000000000167,0.0,False,4
15,0,1,[3 1 4 2 5],2572.000000000011,0.5063067312752565,0.49369326872474356,0.14616540622546037,SI,[3 4 1 2 5],48.60000000000002,10,3351.000000000022,0.0,False,4
15,0,2,[3 1 4 2 5],2572.000000000011,0.5063067312752565,0.49369326872474356,0.43858779688249794,SI,[4 1 3 2 5],47.09999999999991,10,4091.6000000000167,0.0,False,4
15,0,3,[3 1 4 2 5],2572.000000000011,0.5063067312752565,0.49369326872474356,0.059323978710454583,SI,[4 1 3 2 5],47.09999999999991,10,4091.6000000000167,0.0,False,4
15,0,4,[3 1 4 2 5],2572.000000000011,0.5063067312752565,0.49369326872474356,0.7347411719139194,MI,[4 1 3 2 5],47.09999999999991,10,4091.6000000000167,0.0,False,4
16,0,0,[3 1 4 2 5],2572.000000000011,0.5063067312752565,0.49369326872474356,0.7117671890244571,MI,[4 1 3 2 5],47.09999999999991,10,4091.6000000000167,0.0,False,4
16,0,1,[3 1 4 2 5],2572.000000000011,0.5063067312752565,0.49369326872474356,0.49121718701112305,SI,[3 4 1 2 5],48.60000000000002,10,3351.000000000022,0.0,False,4
16,0,2,[3 1 4 2 5],2572.000000000011,0.5063067312752565,0.49369326872474356,0.1531576680336918,SI,[3 1 4 5 2],65.59999999999997,10,2767.400000000016,0.0,False,4
16,0,3,[3 1 4 2 5],2572.000000000011,0.5063067312752565,0.49369326872474356,0.9568146434773745,MI,[4 1 3 2 5],47.09999999999991,10,4091.6000000000167,0.0,False,4
16,0,4,[3 1 4 2 5],2572.000000000011,0.5063067312752565,0.49369326872474356,0.020330048685406554,SI,[3 4 1 2 5],48.60000000000002,10,3351.000000000022,0.0,False,4
17,0,0,[3 1 4 2 5],2572.000000000011,0.5063067312752565,0.49369326872474356,0.30115738693633753,SI,[4 1 3 2 5],47.09999999999991,10,4091.6000000000167,0.0,False,4
17,0,1,[3 1 4 2 5],2572.000000000011,0.5063067312752565,0.49369326872474356,0.8582906742152079,MI,[4 1 3 2 5],47.09999999999991,10,4091.6000000000167,0.0,False,4
17,0,2,[3 1 4 2 5],2572.000000000011,0.5063067312752565,0.49369326872474356,0.2924251031276006,SI,[3 4 1 2 5],48.60000000000002,10,3351.000000000022,0.0,False,4
17,0,3,[3 1 4 2 5],2572.000000000011,0.5063067312752565,0.49369326872474356,0.10360131430737773,SI,[5 2 4 1 3],115.9,10,4486.500000000022,0.0,False,4
17,0,4,[3 1 4 2 5],2572.000000000011,0.5063067312752565,0.49369326872474356,0.8381391444076158,MI,[5 2 4 1 3],115.9,10,4486.500000000022,0.0,False,4
18,0,0,[3 1 4 2 5],2572.000000000011,0.5063067312752565,0.49369326872474356,0.8243265521955792,MI,[4 1 3 2 5],47.09999999999991,10,4091.6000000000167,0.0,False,4
18,0,1,[3 1 4 2 5],2572.000000000011,0.5063067312752565,0.49369326872474356,0.4360702927688951,SI,[4 1 3 2 5],47.09999999999991,10,4091.6000000000167,0.0,False,4
18,0,2,[3 1 4 2 5],2572.000000000011,0.5063067312752565,0.49369326872474356,0.9262957781079814,MI,[4 1 3 2 5],47.09999999999991,10,4091.6000000000167,0.0,False,4
18,0,3,[3 1 4 2 5],2572.000000000011,0.5063067312752565,0.49369326872474356,0.16424145753424224,SI,[4 1 3 2 5],47.09999999999991,10,4091.6000000000167,0.0,False,4
18,0,4,[3 1 4 2 5],2572.000000000011,0.5063067312752565,0.49369326872474356,0.4126035622351111,SI,[4 1 3 2 5],47.09999999999991,10,4091.6000000000167,0.0,False,4
19,0,0,[3 1 4 2 5],2572.000000000011,0.5063067312752565,0.49369326872474356,0.9877657056306558,MI,[5 2 4 1 3],115.9,10,4486.500000000022,0.0,False,4
19,0,1,[3 1 4 2 5],2572.000000000011,0.5063067312752565,0.49369326872474356,0.48242654096780146,SI,[4 1 3 2 5],47.09999999999991,10,4091.6000000000167,0.0,False,4
19,0,2,[3 1 4 2 5],2572.000000000011,0.5063067312752565,0.49369326872474356,0.05521620797133031,SI,[4 1 3 2 5],47.09999999999991,10,4091.6000000000167,0.0,False,4
19,0,3,[3 1 4 2 5],2572.000000000011,0.5063067312752565,0.49369326872474356,0.3297519284341439,SI,[4 1 3 2 5],47.09999999999991,10,4091.6000000000167,0.0,False,4
19,0,4,[3 1 4 2 5],2572.000000000011,0.5063067312752565,0.49369326872474356,0.9031271616118464,MI,[4 1 3 2 5],47.09999999999991,10,4091.6000000000167,0.0,False,4
20,0,0,[3 1 4 2 5],2572.000000000011,0.5063067312752565,0.49369326872474356,0.5501272006022928,MI,[4 1 3 2 5],47.09999999999991,10,4091.6000000000167,0.0,False,4
20,0,1,[3 1 4 2 5],2572.000000000011,0.5063067312752565,0.49369326872474356,0.09190448647520133,SI,[3 1 4 5 2],65.59999999999997,10,2767.400000000016,0.0,False,4
20,0,2,[3 1 4 2 5],2572.000000000011,0.5063067312752565,0.49369326872474356,0.5046335747744921,SI,[4 1 3 2 5],47.09999999999991,10,4091.6000000000167,0.0,False,4
20,0,3,[3 1 4 2 5],2572.000000000011,0.5063067312752565,0.49369326872474356,0.2459108630441028,SI,[4 1 3 2 5],47.09999999999991,10,4091.6000000000167,0.0,False,4
20,0,4,[3 1 4 2 5],2572.000000000011,0.5063067312752565,0.49369326872474356,0.3062667986771459,SI,[4 1 3 2 5],47.09999999999991,10,4091.6000000000167,0.0,False,4
21,0,0,[3 1 4 2 5],2572.000000000011,0.5063067312752565,0.49369326872474356,0.7677698368691113,MI,[4 1 3 2 5],47.09999999999991,10,4091.6000000000167,0.0,False,4
21,0,1,[3 1 4 2 5],2572.000000000011,0.5063067312752565,0.49369326872474356,0.25947030994299924,SI,[4 1 3 2 5],47.09999999999991,10,4091.6000000000167,0.0,False,4
21,0,2,[3 1 4 2 5],2572.000000000011,0.5063067312752565,0.49369326872474356,0.10634798323357819,SI,[4 1 3 2 5],47.09999999999991,10,4091.6000000000167,0.0,False,4
21,0,3,[3 1 4 2 5],2572.000000000011,0.5063067312752565,0.49369326872474356,0.4695020386333071,SI,[4 1 3 2 5],47.09999999999991,10,4091.6000000000167,0.0,False,4
21,0,4,[3 1 4 2 5],2572.000000000011,0.5063067312752565,0.49369326872474356,0.8293833696546835,MI,[4 1 3 2 5],47.09999999999991,10,4091.6000000000167,0.0,False,4
22,0,0,[3 1 4 2 5],2572.000000000011,0.5063067312752565,0.49369326872474356,0.7453472195137361,MI,[4 1 3 2 5],47.09999999999991,10,4091.6000000000167,0.0,False,4
22,0,1,[3 1 4 2 5],2572.000000000011,0.5063067312752565,0.49369326872474356,0.4381493194735685,SI,[4 1 3 2 5],47.09999999999991,10,4091.6000000000167,0.0,False,4
22,0,2,[3 1 4 2 5],2572.000000000011,0.5063067312752565,0.49369326872474356,0.07614613914698354,SI,[4 1 3 2 5],47.09999999999991,10,4091.6000000000167,0.0,False,4
22,0,3,[3 1 4 2 5],2572.000000000011,0.5063067312752565,0.49369326872474356,0.5694551897101734,MI,[4 1 3 2 5],47.09999999999991,10,4091.6000000000167,0.0,False,4
22,0,4,[3 1 4 2 5],2572.000000000011,0.5063067312752565,0.49369326872474356,0.5249389910252814,MI,[2 4 1 3 5],173.70000000000005,10,4474.800000000007,0.0,False,4
23,0,0,[3 1 4 2 5],2572.000000000011,0.5063067312752565,0.49369326872474356,0.9064601590456283,MI,[5 2 4 1 3],115.9,10,4486.500000000022,0.0,False,4
23,0,1,[3 1 4 2 5],2572.000000000011,0.5063067312752565,0.49369326872474356,0.07293912882070375,SI,[4 1 3 2 5],47.09999999999991,10,4091.6000000000167,0.0,False,4
23,0,2,[3 1 4 2 5],2572.000000000011,0.5063067312752565,0.49369326872474356,0.5464583321706753,MI,[4 1 3 2 5],47.09999999999991,10,4091.6000000000167,0.0,False,4
23,0,3,[3 1 4 2 5],2572.000000000011,0.5063067312752565,0.49369326872474356,0.08288112985576335,SI,[3 4 1 2 5],48.60000000000002,10,3351.000000000022,0.0,False,4
23,0,4,[3 1 4 2 5],2572.000000000011,0.5063067312752565,0.49369326872474356,0.41684347051675574,SI,[4 1 3 2 5],47.09999999999991,10,4091.6000000000167,0.0,False,4
24,0,0,[3 1 4 2 5],2572.000000000011,0.5063067312752565,0.49369326872474356,0.4033978825679644,SI,[4 1 3 2 5],47.09999999999991,10,4091.6000000000167,0.0,False,4
24,0,1,[3 1 4 2 5],2572.000000000011,0.5063067312752565,0.49369326872474356,0.0293460062124975,SI,[4 1 3 2 5],47.09999999999991,10,4091.6000000000167,0.0,False,4
24,0,2,[3 1 4 2 5],2572.000000000011,0.5063067312752565,0.49369326872474356,0.8299126843351315,MI,[4 1 3 2 5],47.09999999999991,10,4091.6000000000167,0.0,False,4
24,0,3,[3 1 4 2 5],2572.000000000011,0.5063067312752565,0.49369326872474356,0.052672062429698574,SI,[4 1 3 2 5],47.09999999999991,10,4091.6000000000167,0.0,False,4
24,0,4,[3 1 4 2 5],2572.000000000011,0.5063067312752565,0.49369326872474356,0.9456130160430791,MI,[4 1 3 2 5],47.09999999999991,10,4091.6000000000167,0.0,False,4
25,0,0,[3 1 4 2 5],2572.000000000011,0.5063067312752565,0.49369326872474356,0.4533278389233141,SI,[4 1 3 2 5],47.09999999999991,10,4091.6000000000167,0.0,False,4
25,0,1,[3 1 4 2 5],2572.000000000011,0.5063067312752565,0.49369326872474356,0.05480696148328712,SI,[4 1 3 2 5],47.09999999999991,10,4091.6000000000167,0.0,False,4
25,0,2,[3 1 4 2 5],2572.000000000011,0.5063067312752565,0.49369326872474356,0.2604093816350206,SI,[4 1 3 2 5],47.09999999999991,10,4091.6000000000167,0.0,False,4
25,0,3,[3 1 4 2 5],2572.000000000011,0.5063067312752565,0.49369326872474356,0.5061362486887332,SI,[3 1 4 5 2],65.59999999999997,10,2767.400000000016,0.0,False,4
25,0,4,[3 1 4 2 5],2572.000000000011,0.5063067312752565,0.49369326872474356,0.33504596556474797,SI,[4 1 3 2 5],47.09999999999991,10,4091.6000000000167,0.0,False,4
26,0,0,[3 1 4 2 5],2572.000000000011,0.5063067312752565,0.49369326872474356,0.3629594456429074,SI,[3 4 1 2 5],48.60000000000002,10,3351.000000000022,0.0,False,4
26,0,1,[3 1 4 2 5],2572.000000000011,0.5063067312752565,0.49369326872474356,0.33285274117973096,SI,[4 1 3 2 5],47.09999999999991,10,4091.6000000000167,0.0,False,4
26,0,2,[3 1 4 2 5],2572.000000000011,0.5063067312752565,0.49369326872474356,0.4122289827860557,SI,[4 1 3 2 5],47.09999999999991,10,4091.6000000000167,0.0,False,4
26,0,3,[3 1 4 2 5],2572.000000000011,0.5063067312752565,0.49369326872474356,0.015577642266273672,SI,[3 4 1 2 5],48.60000000000002,10,3351.000000000022,0.0,False,4
26,0,4,[3 1 4 2 5],2572.000000000011,0.5063067312752565,0.49369326872474356,0.43841639817926015,SI,[3 1 4 5 2],65.59999999999997,10,2767.400000000016,0.0,False,4
27,0,0,[3 1 4 2 5],2572.000000000011,0.5063067312752565,0.49369326872474356,0.6880666181368708,MI,[4 1 3 2 5],47.09999999999991,10,4091.6000000000167,0.0,False,4
27,0,1,[3 1 4 2 5],2572.000000000011,0.5063067312752565,0.49369326872474356,0.34263992726467174,SI,[1 3 4 2 5],112.69999999999999,10,3566.5000000000255,0.0,False,4
27,0,2,[3 1 4 2 5],2572.000000000011,0.5063067312752565,0.49369326872474356,0.8588622188173544,MI,[4 1 3 2 5],47.09999999999991,10,4091.6000000000167,0.0,False,4
27,0,3,[3 1 4 2 5],2572.000000000011,0.5063067312752565,0.49369326872474356,0.9059240684123311,MI,[4 1 3 2 5],47.09999999999991,10,4091.6000000000167,0.0,False,4
27,0,4,[3 1 4 2 5],2572.000000000011,0.5063067312752565,0.49369326872474356,0.6690911473811928,MI,[4 1 3 2 5],47.09999999999991,10,4091.6000000000167,0.0,False,4
28,0,0,[3 1 4 2 5],2572.000000000011,0.5063067312752565,0.49369326872474356,0.63262285098235,MI,[4 1 3 2 5],47.09999999999991,10,4091.6000000000167,0.0,False,4
28,0,1,[3 1 4 2 5],2572.000000000011,0.5063067312752565,0.49369326872474356,0.3596999759907533,SI,[4 1 3 2 5],47.09999999999991,10,4091.6000000000167,0.0,False,4
28,0,2,[3 1 4 2 5],2572.000000000011,0.5063067312752565,0.49369326872474356,0.5905813309902329,MI,[4 1 3 2 5],47.09999999999991,10,4091.6000000000167,0.0,False,4
28,0,3,[3 1 4 2 5],2572.000000000011,0.5063067312752565,0.49369326872474356,0.6444255307309621,MI,[4 1 3 2 5],47.09999999999991,10,4091.6000000000167,0.0,False,4
28,0,4,[3 1 4 2 5],2572.000000000011,0.5063067312752565,0.49369326872474356,0.6121514300436024,MI,[4 1 3 2 5],47.09999999999991,10,4091.6000000000167,0.0,False,4
29,0,0,[3 1 4 2 5],2572.000000000011,0.5063067312752565,0.49369326872474356,0.2796809650591192,SI,[4 1 3 2 5],47.09999999999991,10,4091.6000000000167,0.0,False,4
29,0,1,[3 1 4 2 5],2572.000000000011,0.5063067312752565,0.49369326872474356,0.09897290598608888,SI,[3 4 1 2 5],48.60000000000002,10,3351.000000000022,0.0,False,4
29,0,2,[3 1 4 2 5],2572.000000000011,0.5063067312752565,0.49369326872474356,0.8522674388753991,MI,[4 1 3 2 5],47.09999999999991,10,4091.6000000000167,0.0,False,4
29,0,3,[3 1 4 2 5],2572.000000000011,0.5063067312752565,0.49369326872474356,0.4239244752266794,SI,[4 1 3 2 5],47.09999999999991,10,4091.6000000000167,0.0,False,4
29,0,4,[3 1 4 2 5],2572.000000000011,0.5063067312752565,0.49369326872474356,0.49935665304592514,SI,[4 1 3 2 5],47.09999999999991,10,4091.6000000000167,0.0,False,4
30,0,0,[3 1 4 2 5],2572.000000000011,0.5063067312752565,0.49369326872474356,0.38206621064728297,SI,[5 2 4 1 3],115.9,10,4486.500000000022,0.0,False,4
30,0,1,[3 1 4 2 5],2572.000000000011,0.5063067312752565,0.49369326872474356,0.3591083290550984,SI,[4 1 3 2 5],47.09999999999991,10,4091.6000000000167,0.0,False,4
30,0,2,[3 1 4 2 5],2572.000000000011,0.5063067312752565,0.49369326872474356,0.8417289482338164,MI,[4 1 3 2 5],47.09999999999991,10,4091.6000000000167,0.0,False,4
30,0,3,[3 1 4 2 5],2572.000000000011,0.5063067312752565,0.49369326872474356,0.8084251202901942,MI,[5 2 4 1 3],115.9,10,4486.500000000022,0.0,False,4
30,0,4,[3 1 4 2 5],2572.000000000011,0.5063067312752565,0.49369326872474356,0.06230977945908378,SI,[3 4 1 2 5],48.60000000000002,10,3351.000000000022,0.0,False,4
31,0,0,[3 1 4 2 5],2572.000000000011,0.5063067312752565,0.49369326872474356,0.4451248374408099,SI,[1 3 4 2 5],112.69999999999999,10,3566.5000000000255,0.0,False,4
31,0,1,[3 1 4 2 5],2572.000000000011,0.5063067312752565,0.49369326872474356,0.8961682169972307,MI,[4 1 3 2 5],47.09999999999991,10,4091.6000000000167,0.0,False,4
31,0,2,[3 1 4 2 5],2572.000000000011,0.5063067312752565,0.49369326872474356,0.42107780259125405,SI,[3 4 1 2 5],48.60000000000002,10,3351.000000000022,0.0,False,4
31,0,3,[3 1 4 2 5],2572.000000000011,0.5063067312752565,0.49369326872474356,0.25534650785837054,SI,[1 3 4 2 5],112.69999999999999,10,3566.5000000000255,0.0,False,4
31,0,4,[3 1 4 2 5],2572.000000000011,0.5063067312752565,0.49369326872474356,0.1210898519936714,SI,[4 1 3 2 5],47.09999999999991,10,4091.6000000000167,0.0,False,4
32,0,0,[3 1 4 2 5],2572.000000000011,0.5063067312752565,0.49369326872474356,0.9405621514375613,MI,[5 2 4 1 3],115.9,10,4486.500000000022,0.0,False,4
32,0,1,[3 1 4 2 5],2572.000000000011,0.5063067312752565,0.49369326872474356,0.5363970052649624,MI,[4 1 3 2 5],47.09999999999991,10,4091.6000000000167,0.0,False,4
32,0,2,[3 1 4 2 5],2572.000000000011,0.5063067312752565,0.49369326872474356,0.0730716523259084,SI,[4 1 3 2 5],47.09999999999991,10,4091.6000000000167,0.0,False,4
32,0,3,[3 1 4 2 5],2572.000000000011,0.5063067312752565,0.49369326872474356,0.6849756247954475,MI,[4 1 3 2 5],47.09999999999991,10,4091.6000000000167,0.0,False,4
32,0,4,[3 1 4 2 5],2572.000000000011,0.5063067312752565,0.49369326872474356,0.6668436962907991,MI,[4 1 3 2 5],47.09999999999991,10,4091.6000000000167,0.0,False,4
33,0,0,[3 1 4 2 5],2572.000000000011,0.5063067312752565,0.49369326872474356,0.29713046569257173,SI,[3 4 1 2 5],48.60000000000002,10,3351.000000000022,0.0,False,4
33,0,1,[3 1 4 2 5],2572.000000000011,0.5063067312752565,0.49369326872474356,0.3423045790694883,SI,[4 1 3 2 5],47.09999999999991,10,4091.6000000000167,0.0,False,4
33,0,2,[3 1 4 2 5],2572.000000000011,0.5063067312752565,0.49369326872474356,0.04260143997967314,SI,[1 3 4 2 5],112.69999999999999,10,3566.5000000000255,0.0,False,4
33,0,3,[3 1 4 2 5],2572.000000000011,0.5063067312752565,0.49369326872474356,0.348544096105018,SI,[4 1 3 2 5],47.09999999999991,10,4091.6000000000167,0.0,False,4
33,0,4,[3 1 4 2 5],2572.000000000011,0.5063067312752565,0.49369326872474356,0.5675329371497445,MI,[4 1 3 2 5],47.09999999999991,10,4091.6000000000167,0.0,False,4
34,0,0,[3 1 4 2 5],2572.000000000011,0.5063067312752565,0.49369326872474356,0.41562577757227803,SI,[3 1 4 5 2],65.59999999999997,10,2767.400000000016,0.0,False,4
34,0,1,[3 1 4 2 5],2572.000000000011,0.5063067312752565,0.49369326872474356,0.6033843959308766,MI,[2 4 1 3 5],173.70000000000005,10,4474.800000000007,0.0,False,4
34,0,2,[3 1 4 2 5],2572.000000000011,0.5063067312752565,0.49369326872474356,0.6499046096585492,MI,[4 1 3 2 5],47.09999999999991,10,4091.6000000000167,0.0,False,4
34,0,3,[3 1 4 2 5],2572.000000000011,0.5063067312752565,0.49369326872474356,0.32123384687736556,SI,[4 1 3 2 5],47.09999999999991,10,4091.6000000000167,0.0,False,4
34,0,4,[3 1 4 2 5],2572.000000000011,0.5063067312752565,0.49369326872474356,0.5788884649593387,MI,[4 1 3 2 5],47.09999999999991,10,4091.6000000000167,0.0,False,4
35,0,0,[3 1 4 2 5],2572.000000000011,0.5063067312752565,0.49369326872474356,0.19440715644887918,SI,[3 4 1 2 5],48.60000000000002,10,3351.000000000022,0.0,False,4
35,0,1,[3 1 4 2 5],2572.000000000011,0.5063067312752565,0.49369326872474356,0.40000980497343885,SI,[4 1 3 2 5],47.09999999999991,10,4091.6000000000167,0.0,False,4
35,0,2,[3 1 4 2 5],2572.000000000011,0.5063067312752565,0.49369326872474356,0.9341934461030073,MI,[4 1 3 2 5],47.09999999999991,10,4091.6000000000167,0.0,False,4
35,0,3,[3 1 4 2 5],2572.000000000011,0.5063067312752565,0.49369326872474356,0.3923800467977593,SI,[4 1 3 2 5],47.09999999999991,10,4091.6000000000167,0.0,False,4
35,0,4,[3 1 4 2 5],2572.000000000011,0.5063067312752565,0.49369326872474356,0.9289969498658198,MI,[4 1 3 2 5],47.09999999999991,10,4091.6000000000167,0.0,False,4
36,0,0,[3 1 4 2 5],2572.000000000011,0.5063067312752565,0.49369326872474356,0.2648275023282791,SI,[4 1 3 2 5],47.09999999999991,10,4091.6000000000167,0.0,False,4
36,0,1,[3 1 4 2 5],2572.000000000011,0.5063067312752565,0.49369326872474356,0.4508057260229519,SI,[4 1 3 2 5],47.09999999999991,10,4091.6000000000167,0.0,False,4
36,0,2,[3 1 4 2 5],2572.000000000011,0.5063067312752565,0.49369326872474356,0.1861209276679805,SI,[4 1 3 2 5],47.09999999999991,10,4091.6000000000167,0.0,False,4
36,0,3,[3 1 4 2 5],2572.000000000011,0.5063067312752565,0.49369326872474356,0.09119389674929435,SI,[4 1 3 2 5],47.09999999999991,10,4091.6000000000167,0.0,False,4
36,0,4,[3 1 4 2 5],2572.000000000011,0.5063067312752565,0.49369326872474356,0.4711499376154874,SI,[3 4 1 2 5],48.60000000000002,10,3351.000000000022,0.0,False,4
37,0,0,[3 1 4 2 5],2572.000000000011,0.5063067312752565,0.49369326872474356,0.29708062466070895,SI,[1 3 4 2 5],112.69999999999999,10,3566.5000000000255,0.0,False,4
37,0,1,[3 1 4 2 5],2572.000000000011,0.5063067312752565,0.49369326872474356,0.7120898489788978,MI,[5 2 4 1 3],115.9,10,4486.500000000022,0.0,False,4
37,0,2,[3 1 4 2 5],2572.000000000011,0.5063067312752565,0.49369326872474356,0.4018990635704266,SI,[4 1 3 2 5],47.09999999999991,10,4091.6000000000167,0.0,False,4
37,0,3,[3 1 4 2 5],2572.000000000011,0.5063067312752565,0.49369326872474356,0.8948740396622558,MI,[3 2 4 1 5],318.3999999999999,10,4421.3000000000175,0.0,False,4
37,0,4,[3 1 4 2 5],2572.000000000011,0.5063067312752565,0.49369326872474356,0.4981640827331356,SI,[3 4 1 2 5],48.60000000000002,10,3351.000000000022,0.0,False,4
38,0,0,[3 1 4 2 5],2572.000000000011,0.5063067312752565,0.49369326872474356,0.37944625404231536,SI,[4 1 3 2 5],47.09999999999991,10,4091.6000000000167,0.0,False,4
38,0,1,[3 1 4 2 5],2572.000000000011,0.5063067312752565,0.49369326872474356,0.37860553572209665,SI,[4 1 3 2 5],47.09999999999991,10,4091.6000000000167,0.0,False,4
38,0,2,[3 1 4 2 5],2572.000000000011,0.5063067312752565,0.49369326872474356,0.9877442722197856,MI,[5 2 4 1 3],115.9,10,4486.500000000022,0.0,False,4
38,0,3,[3 1 4 2 5],2572.000000000011,0.5063067312752565,0.49369326872474356,0.07594057039083524,SI,[4 1 3 2 5],47.09999999999991,10,4091.6000000000167,0.0,False,4
38,0,4,[3 1 4 2 5],2572.000000000011,0.5063067312752565,0.49369326872474356,0.5345013721102868,MI,[4 1 3 2 5],47.09999999999991,10,4091.6000000000167,0.0,False,4
39,0,0,[3 1 4 2 5],2572.000000000011,0.5063067312752565,0.49369326872474356,0.5118710379631181,MI,[4 1 3 2 5],47.09999999999991,10,4091.6000000000167,0.0,False,4
39,0,1,[3 1 4 2 5],2572.000000000011,0.5063067312752565,0.49369326872474356,0.9656246605977516,MI,[4 1 3 2 5],47.09999999999991,10,4091.6000000000167,0.0,False,4
39,0,2,[3 1 4 2 5],2572.000000000011,0.5063067312752565,0.49369326872474356,0.3453269796898685,SI,[4 1 3 2 5],47.09999999999991,10,4091.6000000000167,0.0,False,4
39,0,3,[3 1 4 2 5],2572.000000000011,0.5063067312752565,0.49369326872474356,0.6883886573156714,MI,[4 1 3 2 5],47.09999999999991,10,4091.6000000000167,0.0,False,4
39,0,4,[3 1 4 2 5],2572.000000000011,0.5063067312752565,0.49369326872474356,0.3458576208018982,SI,[3 4 1 2 5],48.60000000000002,10,3351.000000000022,0.0,False,4
40,0,0,[3 1 4 2 5],2572.000000000011,0.5063067312752565,0.49369326872474356,0.4012347284673694,SI,[1 3 4 2 5],112.69999999999999,10,3566.5000000000255,0.0,False,4
40,0,1,[3 1 4 2 5],2572.000000000011,0.5063067312752565,0.49369326872474356,0.19840301838211793,SI,[4 1 3 2 5],47.09999999999991,10,4091.6000000000167,0.0,False,4
40,0,2,[3 1 4 2 5],2572.000000000011,0.5063067312752565,0.49369326872474356,0.21934534442711762,SI,[3 4 1 2 5],48.60000000000002,10,3351.000000000022,0.0,False,4
40,0,3,[3 1 4 2 5],2572.000000000011,0.5063067312752565,0.49369326872474356,0.16131950632334047,SI,[4 1 3 2 5],47.09999999999991,10,4091.6000000000167,0.0,False,4
40,0,4,[3 1 4 2 5],2572.000000000011,0.5063067312752565,0.49369326872474356,0.4004551222114666,SI,[4 1 3 2 5],47.09999999999991,10,4091.6000000000167,0.0,False,4
41,0,0,[3 1 4 2 5],2572.000000000011,0.5063067312752565,0.49369326872474356,0.5799727353625302,MI,[4 1 3 2 5],47.09999999999991,10,4091.6000000000167,0.0,False,4
41,0,1,[3 1 4 2 5],2572.000000000011,0.5063067312752565,0.49369326872474356,0.25283277002445703,SI,[4 1 3 2 5],47.09999999999991,10,4091.6000000000167,0.0,False,4
41,0,2,[3 1 4 2 5],2572.000000000011,0.5063067312752565,0.49369326872474356,0.22173400902181784,SI,[4 1 3 2 5],47.09999999999991,10,4091.6000000000167,0.0,False,4
41,0,3,[3 1 4 2 5],2572.000000000011,0.5063067312752565,0.49369326872474356,0.39860167524103773,SI,[4 1 3 2 5],47.09999999999991,10,4091.6000000000167,0.0,False,4
41,0,4,[3 1 4 2 5],2572.000000000011,0.5063067312752565,0.49369326872474356,0.2837911529078212,SI,[3 1 4 5 2],65.59999999999997,10,2767.400000000016,0.0,False,4
42,0,0,[3 1 4 2 5],2572.000000000011,0.5063067312752565,0.49369326872474356,0.2800170013240685,SI,[4 1 3 2 5],47.09999999999991,10,4091.6000000000167,0.0,False,4
42,0,1,[3 1 4 2 5],2572.000000000011,0.5063067312752565,0.49369326872474356,0.9393919785043636,MI,[4 1 3 2 5],47.09999999999991,10,4091.6000000000167,0.0,False,4
42,0,2,[3 1 4 2 5],2572.000000000011,0.5063067312752565,0.49369326872474356,0.02922116291509702,SI,[4 1 3 2 5],47.09999999999991,10,4091.6000000000167,0.0,False,4
42,0,3,[3 1 4 2 5],2572.000000000011,0.5063067312752565,0.49369326872474356,0.042023554699059606,SI,[5 2 4 1 3],115.9,10,4486.500000000022,0.0,False,4
42,0,4,[3 1 4 2 5],2572.000000000011,0.5063067312752565,0.49369326872474356,0.9058147515537585,MI,[4 1 3 2 5],47.09999999999991,10,4091.6000000000167,0.0,False,4
43,0,0,[3 1 4 2 5],2572.000000000011,0.5063067312752565,0.49369326872474356,0.11528150770082901,SI,[4 1 3 2 5],47.09999999999991,10,4091.6000000000167,0.0,False,4
43,0,1,[3 1 4 2 5],2572.000000000011,0.5063067312752565,0.49369326872474356,0.34869123333662166,SI,[4 1 3 2 5],47.09999999999991,10,4091.6000000000167,0.0,False,4
43,0,2,[3 1 4 2 5],2572.000000000011,0.5063067312752565,0.49369326872474356,0.6219607483673412,MI,[4 1 3 2 5],47.09999999999991,10,4091.6000000000167,0.0,False,4
43,0,3,[3 1 4 2 5],2572.000000000011,0.5063067312752565,0.49369326872474356,0.1994980017263649,SI,[4 1 3 2 5],47.09999999999991,10,4091.6000000000167,0.0,False,4
43,0,4,[3 1 4 2 5],2572.000000000011,0.5063067312752565,0.49369326872474356,0.6475308233852481,MI,[4 1 3 2 5],47.09999999999991,10,4091.6000000000167,0.0,False,4
44,0,0,[3 1 4 2 5],2572.000000000011,0.5063067312752565,0.49369326872474356,0.26757094358154976,SI,[3 4 1 2 5],48.60000000000002,10,3351.000000000022,0.0,False,4
44,0,1,[3 1 4 2 5],2572.000000000011,0.5063067312752565,0.49369326872474356,0.08981650362842797,SI,[3 4 1 2 5],48.60000000000002,10,3351.000000000022,0.0,False,4
44,0,2,[3 1 4 2 5],2572.000000000011,0.5063067312752565,0.49369326872474356,0.05215498790134521,SI,[3 1 4 5 2],65.59999999999997,10,2767.400000000016,0.0,False,4
44,0,3,[3 1 4 2 5],2572.000000000011,0.5063067312752565,0.49369326872474356,0.43918303761715827,SI,[4 1 3 2 5],47.09999999999991,10,4091.6000000000167,0.0,False,4
44,0,4,[3 1 4 2 5],2572.000000000011,0.5063067312752565,0.49369326872474356,0.4904538276080991,SI,[3 4 1 2 5],48.60000000000002,10,3351.000000000022,0.0,False,4
45,0,0,[3 1 4 2 5],2572.000000000011,0.5063067312752565,0.49369326872474356,0.5044134883112608,SI,[4 1 3 2 5],47.09999999999991,10,4091.6000000000167,0.0,False,4
45,0,1,[3 1 4 2 5],2572.000000000011,0.5063067312752565,0.49369326872474356,0.23491142061196046,SI,[4 1 3 2 5],47.09999999999991,10,4091.6000000000167,0.0,False,4
45,0,2,[3 1 4 2 5],2572.000000000011,0.5063067312752565,0.49369326872474356,0.43021704604287636,SI,[4 1 3 2 5],47.09999999999991,10,4091.6000000000167,0.0,False,4
45,0,3,[3 1 4 2 5],2572.000000000011,0.5063067312752565,0.49369326872474356,0.5935571257284955,MI,[4 1 3 2 5],47.09999999999991,10,4091.6000000000167,0.0,False,4
45,0,4,[3 1 4 2 5],2572.000000000011,0.5063067312752565,0.49369326872474356,0.7075646009333685,MI,[4 1 3 2 5],47.09999999999991,10,4091.6000000000167,0.0,False,4
46,0,0,[3 1 4 2 5],2572.000000000011,0.5063067312752565,0.49369326872474356,0.8570109355689145,MI,[4 1 3 2 5],47.09999999999991,10,4091.6000000000167,0.0,False,4
46,0,1,[3 1 4 2 5],2572.000000000011,0.5063067312752565,0.49369326872474356,0.14299674587317734,SI,[4 1 3 2 5],47.09999999999991,10,4091.6000000000167,0.0,False,4
46,0,2,[3 1 4 2 5],2572.000000000011,0.5063067312752565,0.49369326872474356,0.31876391147889127,SI,[4 1 3 2 5],47.09999999999991,10,4091.6000000000167,0.0,False,4
46,0,3,[3 1 4 2 5],2572.000000000011,0.5063067312752565,0.49369326872474356,0.26035392192917306,SI,[3 4 1 2 5],48.60000000000002,10,3351.000000000022,0.0,False,4
46,0,4,[3 1 4 2 5],2572.000000000011,0.5063067312752565,0.49369326872474356,0.34231986733554376,SI,[4 1 3 2 5],47.09999999999991,10,4091.6000000000167,0.0,False,4
47,0,0,[3 1 4 2 5],2572.000000000011,0.5063067312752565,0.49369326872474356,0.6154623154239715,MI,[4 1 3 2 5],47.09999999999991,10,4091.6000000000167,0.0,False,4
47,0,1,[3 1 4 2 5],2572.000000000011,0.5063067312752565,0.49369326872474356,0.9842913435890283,MI,[4 1 3 2 5],47.09999999999991,10,4091.6000000000167,0.0,False,4
47,0,2,[3 1 4 2 5],2572.000000000011,0.5063067312752565,0.49369326872474356,0.7388374326130861,MI,[4 1 3 2 5],47.09999999999991,10,4091.6000000000167,0.0,False,4
47,0,3,[3 1 4 2 5],2572.000000000011,0.5063067312752565,0.49369326872474356,0.4521164295858049,SI,[4 1 3 2 5],47.09999999999991,10,4091.6000000000167,0.0,False,4
47,0,4,[3 1 4 2 5],2572.000000000011,0.5063067312752565,0.49369326872474356,0.7435163187371668,MI,[4 1 3 2 5],47.09999999999991,10,4091.6000000000167,0.0,False,4
48,0,0,[3 1 4 2 5],2572.000000000011,0.5063067312752565,0.49369326872474356,0.43248586938194566,SI,[3 4 1 2 5],48.60000000000002,10,3351.000000000022,0.0,False,4
48,0,1,[3 1 4 2 5],2572.000000000011,0.5063067312752565,0.49369326872474356,0.7394243126883933,MI,[4 1 3 2 5],47.09999999999991,10,4091.6000000000167,0.0,False,4
48,0,2,[3 1 4 2 5],2572.000000000011,0.5063067312752565,0.49369326872474356,0.04696812220774316,SI,[3 1 4 5 2],65.59999999999997,10,2767.400000000016,0.0,False,4
48,0,3,[3 1 4 2 5],2572.000000000011,0.5063067312752565,0.49369326872474356,0.2107514124513724,SI,[4 1 3 2 5],47.09999999999991,10,4091.6000000000167,0.0,False,4
48,0,4,[3 1 4 2 5],2572.000000000011,0.5063067312752565,0.49369326872474356,0.3680831205346643,SI,[3 1 4 5 2],65.59999999999997,10,2767.400000000016,0.0,False,4
49,0,0,[3 1 4 2 5],2572.000000000011,0.5063067312752565,0.49369326872474356,0.26364843142845895,SI,[4 1 3 2 5],47.09999999999991,10,4091.6000000000167,0.0,False,4
49,0,1,[3 1 4 2 5],2572.000000000011,0.5063067312752565,0.49369326872474356,0.37948377085124696,SI,[4 1 3 2 5],47.09999999999991,10,4091.6000000000167,0.0,False,4
49,0,2,[3 1 4 2 5],2572.000000000011,0.5063067312752565,0.49369326872474356,0.04282947299299367,SI,[4 1 3 2 5],47.09999999999991,10,4091.6000000000167,0.0,False,4
49,0,3,[3 1 4 2 5],2572.000000000011,0.5063067312752565,0.49369326872474356,0.04425209952215858,SI,[4 1 3 2 5],47.09999999999991,10,4091.6000000000167,0.0,False,4
49,0,4,[3 1 4 2 5],2572.000000000011,0.5063067312752565,0.49369326872474356,0.85604437633452,MI,[4 1 3 2 5],47.09999999999991,10,4091.6000000000167,0.0,False,4
50,0,0,[3 1 4 2 5],2572.000000000011,0.5063067312752565,0.49369326872474356,0.37035578995606333,SI,[3 4 1 2 5],48.60000000000002,10,3351.000000000022,0.0,False,4
50,0,1,[3 1 4 2 5],2572.000000000011,0.5063067312752565,0.49369326872474356,0.2370933409668543,SI,[3 4 1 2 5],48.60000000000002,10,3351.000000000022,0.0,False,4
50,0,2,[3 1 4 2 5],2572.000000000011,0.5063067312752565,0.49369326872474356,0.44631438373161225,SI,[4 1 3 2 5],47.09999999999991,10,4091.6000000000167,0.0,False,4
50,0,3,[3 1 4 2 5],2572.000000000011,0.5063067312752565,0.49369326872474356,0.3379590648195352,SI,[3 1 4 5 2],65.59999999999997,10,2767.400000000016,0.0,False,4
50,0,4,[3 1 4 2 5],2572.000000000011,0.5063067312752565,0.49369326872474356,0.2553879913794316,SI,[4 1 3 2 5],47.09999999999991,10,4091.6000000000167,0.0,False,4
0,17,0,[1 2 3 5 4],1522.9999999999382,0.5,0.5,0.017196714047142514,SI,[1 2 3 4 5],-13.300000000000011,10,1371.8999999999287,0.09921208141826368,True,5
0,17,1,[1 2 3 4 5],1371.8999999999287,0.5,0.5,0.1604747915356729,SI,[2 1 3 4 5],-32.0,10,1342.799999999981,0.021211458561082534,True,5
0,17,2,[2 1 3 4 5],1342.799999999981,0.5,0.5,0.15052833727306114,SI,[5 4 3 1 2],9.099999999999994,10,2656.499999999949,0.0,False,5
0,17,3,[2 1 3 4 5],1342.799999999981,0.5,0.5,0.07122457183342812,SI,[5 4 3 1 2],9.099999999999994,10,2656.499999999949,0.0,False,5
0,17,4,[2 1 3 4 5],1342.799999999981,0.5,0.5,0.12441623559524262,SI,[5 4 3 1 2],9.099999999999994,10,2656.499999999949,0.0,False,5
1,0,0,[2 1 3 4 5],1342.799999999981,0.5029925697075925,0.4970074302924075,0.044203560035244616,SI,[5 4 3 1 2],9.099999999999994,10,2656.499999999949,0.0,False,5
1,0,1,[2 1 3 4 5],1342.799999999981,0.5029925697075925,0.4970074302924075,0.5274717737150175,MI,[5 4 3 1 2],9.099999999999994,10,2656.499999999949,0.0,False,5
1,0,2,[2 1 3 4 5],1342.799999999981,0.5029925697075925,0.4970074302924075,0.6436116082114923,MI,[3 1 2 4 5],11.5,10,1423.5,0.0,False,5
1,0,3,[2 1 3 4 5],1342.799999999981,0.5029925697075925,0.4970074302924075,0.40536401077044437,SI,[5 4 3 1 2],9.099999999999994,10,2656.499999999949,0.0,False,5
1,0,4,[2 1 3 4 5],1342.799999999981,0.5029925697075925,0.4970074302924075,0.7063794627108271,MI,[5 4 3 1 2],9.099999999999994,10,2656.499999999949,0.0,False,5
2,0,0,[2 1 3 4 5],1342.799999999981,0.5029925697075925,0.4970074302924075,0.6314209606419787,MI,[5 4 3 1 2],9.099999999999994,10,2656.499999999949,0.0,False,5
2,0,1,[2 1 3 4 5],1342.799999999981,0.5029925697075925,0.4970074302924075,0.1411096419804282,SI,[2 1 3 5 4],13.300000000000011,10,1465.299999999992,0.0,False,5
2,0,2,[2 1 3 4 5],1342.799999999981,0.5029925697075925,0.4970074302924075,0.7973698275658248,MI,[3 1 2 4 5],11.5,10,1423.5,0.0,False,5
2,0,3,[2 1 3 4 5],1342.799999999981,0.5029925697075925,0.4970074302924075,0.9866792571498877,MI,[5 4 3 1 2],9.099999999999994,10,2656.499999999949,0.0,False,5
2,0,4,[2 1 3 4 5],1342.799999999981,0.5029925697075925,0.4970074302924075,0.9275218377264348,MI,[5 4 3 1 2],9.099999999999994,10,2656.499999999949,0.0,False,5
3,0,0,[2 1 3 4 5],1342.799999999981,0.5029925697075925,0.4970074302924075,0.8027806609558716,MI,[3 1 2 4 5],11.5,10,1423.5,0.0,False,5
3,0,1,[2 1 3 4 5],1342.799999999981,0.5029925697075925,0.4970074302924075,0.25006565023383465,SI,[5 4 3 1 2],9.099999999999994,10,2656.499999999949,0.0,False,5
3,0,2,[2 1 3 4 5],1342.799999999981,0.5029925697075925,0.4970074302924075,0.461221815941105,SI,[5 4 3 1 2],9.099999999999994,10,2656.499999999949,0.0,False,5
3,0,3,[2 1 3 4 5],1342.799999999981,0.5029925697075925,0.4970074302924075,0.94704568564966,MI,[5 4 3 1 2],9.099999999999994,10,2656.499999999949,0.0,False,5
3,0,4,[2 1 3 4 5],1342.799999999981,0.5029925697075925,0.4970074302924075,0.3584553719225778,SI,[5 4 3 1 2],9.099999999999994,10,2656.499999999949,0.0,False,5
4,0,0,[2 1 3 4 5],1342.799999999981,0.5029925697075925,0.4970074302924075,0.6184534481003412,MI,[5 4 3 1 2],9.099999999999994,10,2656.499999999949,0.0,False,5
4,0,1,[2 1 3 4 5],1342.799999999981,0.5029925697075925,0.4970074302924075,0.4655517912344881,SI,[5 4 3 1 2],9.099999999999994,10,2656.499999999949,0.0,False,5
4,0,2,[2 1 3 4 5],1342.799999999981,0.5029925697075925,0.4970074302924075,0.14170293941033985,SI,[5 4 3 1 2],9.099999999999994,10,2656.499999999949,0.0,False,5
4,0,3,[2 1 3 4 5],1342.799999999981,0.5029925697075925,0.4970074302924075,0.2221404443788414,SI,[5 4 3 1 2],9.099999999999994,10,2656.499999999949,0.0,False,5
4,0,4,[2 1 3 4 5],1342.799999999981,0.5029925697075925,0.4970074302924075,0.36124744359407013,SI,[2 1 3 5 4],13.300000000000011,10,1465.299999999992,0.0,False,5
5,0,0,[2 1 3 4 5],1342.799999999981,0.5029925697075925,0.4970074302924075,0.8116366614744547,MI,[2 1 5 4 3],96.29999999999998,10,2015.8999999999796,0.0,False,5
5,0,1,[2 1 3 4 5],1342.799999999981,0.5029925697075925,0.4970074302924075,0.356991408033721,SI,[5 4 3 1 2],9.099999999999994,10,2656.499999999949,0.0,False,5
5,0,2,[2 1 3 4 5],1342.799999999981,0.5029925697075925,0.4970074302924075,0.4921484313078329,SI,[3 1 2 4 5],11.5,10,1423.5,0.0,False,5
5,0,3,[2 1 3 4 5],1342.799999999981,0.5029925697075925,0.4970074302924075,0.38128881862524355,SI,[5 4 3 1 2],9.099999999999994,10,2656.499999999949,0.0,False,5
5,0,4,[2 1 3 4 5],1342.799999999981,0.5029925697075925,0.4970074302924075,0.7062429778873051,MI,[5 4 3 1 2],9.099999999999994,10,2656.499999999949,0.0,False,5
6,0,0,[2 1 3 4 5],1342.799999999981,0.5029925697075925,0.4970074302924075,0.08792204968102668,SI,[5 4 3 1 2],9.099999999999994,10,2656.499999999949,0.0,False,5
6,0,1,[2 1 3 4 5],1342.799999999981,0.5029925697075925,0.4970074302924075,0.9589765233695248,MI,[5 4 3 1 2],9.099999999999994,10,2656.499999999949,0.0,False,5
6,0,2,[2 1 3 4 5],1342.799999999981,0.5029925697075925,0.4970074302924075,0.21940163875750607,SI,[3 1 2 4 5],11.5,10,1423.5,0.0,False,5
6,0,3,[2 1 3 4 5],1342.799999999981,0.5029925697075925,0.4970074302924075,0.996584735991305,MI,[3 1 2 4 5],11.5,10,1423.5,0.0,False,5
6,0,4,[2 1 3 4 5],1342.799999999981,0.5029925697075925,0.4970074302924075,0.3422387395653277,SI,[5 4 3 1 2],9.099999999999994,10,2656.499999999949,0.0,False,5
7,0,0,[2 1 3 4 5],1342.799999999981,0.5029925697075925,0.4970074302924075,0.845143684025964,MI,[5 4 3 1 2],9.099999999999994,10,2656.499999999949,0.0,False,5
7,0,1,[2 1 3 4 5],1342.799999999981,0.5029925697075925,0.4970074302924075,0.4562293517470133,SI,[1 2 3 4 5],32.0,10,1371.8999999999287,0.0,False,5
7,0,2,[2 1 3 4 5],1342.799999999981,0.5029925697075925,0.4970074302924075,0.039387421696706726,SI,[5 4 3 1 2],9.099999999999994,10,2656.499999999949,0.0,False,5
7,0,3,[2 1 3 4 5],1342.799999999981,0.5029925697075925,0.4970074302924075,0.931640251809772,MI,[5 4 3 1 2],9.099999999999994,10,2656.499999999949,0.0,False,5
7,0,4,[2 1 3 4 5],1342.799999999981,0.5029925697075925,0.4970074302924075,0.6946298169658481,MI,[3 1 2 4 5],11.5,10,1423.5,0.0,False,5
8,0,0,[2 1 3 4 5],1342.799999999981,0.5029925697075925,0.4970074302924075,0.2927245354272502,SI,[5 4 3 1 2],9.099999999999994,10,2656.499999999949,0.0,False,5
8,0,1,[2 1 3 4 5],1342.799999999981,0.5029925697075925,0.4970074302924075,0.7859140344149842,MI,[5 4 3 1 2],9.099999999999994,10,2656.499999999949,0.0,False,5
8,0,2,[2 1 3 4 5],1342.799999999981,0.5029925697075925,0.4970074302924075,0.7284013105275332,MI,[5 4 3 1 2],9.099999999999994,10,2656.499999999949,0.0,False,5
8,0,3,[2 1 3 4 5],1342.799999999981,0.5029925697075925,0.4970074302924075,0.48284385865728685,SI,[5 4 3 1 2],9.099999999999994,10,2656.499999999949,0.0,False,5
8,0,4,[2 1 3 4 5],1342.799999999981,0.5029925697075925,0.4970074302924075,0.3203323600194494,SI,[5 4 3 1 2],9.099999999999994,10,2656.499999999949,0.0,False,5
9,0,0,[2 1 3 4 5],1342.799999999981,0.5029925697075925,0.4970074302924075,0.17435683603271723,SI,[5 4 3 1 2],9.099999999999994,10,2656.499999999949,0.0,False,5
9,0,1,[2 1 3 4 5],1342.799999999981,0.5029925697075925,0.4970074302924075,0.6457408102108707,MI,[3 1 2 4 5],11.5,10,1423.5,0.0,False,5
9,0,2,[2 1 3 4 5],1342.799999999981,0.5029925697075925,0.4970074302924075,0.2892887513781627,SI,[2 1 3 5 4],13.300000000000011,10,1465.299999999992,0.0,False,5
9,0,3,[2 1 3 4 5],1342.799999999981,0.5029925697075925,0.4970074302924075,0.6680926150691096,MI,[5 4 3 1 2],9.099999999999994,10,2656.499999999949,0.0,False,5
9,0,4,[2 1 3 4 5],1342.799999999981,0.5029925697075925,0.4970074302924075,0.11058472039222089,SI,[5 4 3 1 2],9.099999999999994,10,2656.499999999949,0.0,False,5
10,0,0,[2 1 3 4 5],1342.799999999981,0.5029925697075925,0.4970074302924075,0.1696376746114654,SI,[3 1 2 4 5],11.5,10,1423.5,0.0,False,5
10,0,1,[2 1 3 4 5],1342.799999999981,0.5029925697075925,0.4970074302924075,0.48050303802608874,SI,[3 1 2 4 5],11.5,10,1423.5,0.0,False,5
10,0,2,[2 1 3 4 5],1342.799999999981,0.5029925697075925,0.4970074302924075,0.650922400400867,MI,[3 1 2 4 5],11.5,10,1423.5,0.0,False,5
10,0,3,[2 1 3 4 5],1342.799999999981,0.5029925697075925,0.4970074302924075,0.27928618792262083,SI,[5 4 3 1 2],9.099999999999994,10,2656.499999999949,0.0,False,5
10,0,4,[2 1 3 4 5],1342.799999999981,0.5029925697075925,0.4970074302924075,0.5150641533163658,MI,[5 4 3 1 2],9.099999999999994,10,2656.499999999949,0.0,False,5
11,0,0,[2 1 3 4 5],1342.799999999981,0.5029925697075925,0.4970074302924075,0.7078543723851954,MI,[2 1 5 4 3],96.29999999999998,10,2015.8999999999796,0.0,False,5
11,0,1,[2 1 3 4 5],1342.799999999981,0.5029925697075925,0.4970074302924075,0.13844629349833726,SI,[5 4 3 1 2],9.099999999999994,10,2656.499999999949,0.0,False,5
11,0,2,[2 1 3 4 5],1342.799999999981,0.5029925697075925,0.4970074302924075,0.29072522876406404,SI,[2 3 1 4 5],27.599999999999994,10,1394.0000000000218,0.0,False,5
11,0,3,[2 1 3 4 5],1342.799999999981,0.5029925697075925,0.4970074302924075,0.0717923005550738,SI,[3 1 2 4 5],11.5,10,1423.5,0.0,False,5
11,0,4,[2 1 3 4 5],1342.799999999981,0.5029925697075925,0.4970074302924075,0.8817116734993116,MI,[3 1 2 4 5],11.5,10,1423.5,0.0,False,5
12,0,0,[2 1 3 4 5],1342.799999999981,0.5029925697075925,0.4970074302924075,0.712202891529191,MI,[5 4 3 1 2],9.099999999999994,10,2656.499999999949,0.0,False,5
12,0,1,[2 1 3 4 5],1342.799999999981,0.5029925697075925,0.4970074302924075,0.07537137674751371,SI,[5 4 3 1 2],9.099999999999994,10,2656.499999999949,0.0,False,5
12,0,2,[2 1 3 4 5],1342.799999999981,0.5029925697075925,0.4970074302924075,0.42077185611476364,SI,[2 1 3 5 4],13.300000000000011,10,1465.299999999992,0.0,False,5
12,0,3,[2 1 3 4 5],1342.799999999981,0.5029925697075925,0.4970074302924075,0.27425122805320945,SI,[5 4 3 1 2],9.099999999999994,10,2656.499999999949,0.0,False,5
12,0,4,[2 1 3 4 5],1342.799999999981,0.5029925697075925,0.4970074302924075,0.6335503766637548,MI,[5 4 3 1 2],9.099999999999994,10,2656.499999999949,0.0,False,5
13,0,0,[2 1 3 4 5],1342.799999999981,0.5029925697075925,0.4970074302924075,0.46142996903536115,SI,[2 3 1 4 5],27.599999999999994,10,1394.0000000000218,0.0,False,5
13,0,1,[2 1 3 4 5],1342.799999999981,0.5029925697075925,0.4970074302924075,0.708153740654207,MI,[5 4 3 1 2],9.099999999999994,10,2656.499999999949,0.0,False,5
13,0,2,[2 1 3 4 5],1342.799999999981,0.5029925697075925,0.4970074302924075,0.6368955927797103,MI,[5 4 3 1 2],9.099999999999994,10,2656.499999999949,0.0,False,5
13,0,3,[2 1 3 4 5],1342.799999999981,0.5029925697075925,0.4970074302924075,0.8825497614150484,MI,[5 4 3 1 2],9.099999999999994,10,2656.499999999949,0.0,False,5
13,0,4,[2 1 3 4 5],1342.799999999981,0.5029925697075925,0.4970074302924075,0.1605603297749122,SI,[2 1 3 5 4],13.300000000000011,10,1465.299999999992,0.0,False,5
14,0,0,[2 1 3 4 5],1342.799999999981,0.5029925697075925,0.4970074302924075,0.9169634185956251,MI,[5 4 3 1 2],9.099999999999994,10,2656.499999999949,0.0,False,5
14,0,1,[2 1 3 4 5],1342.799999999981,0.5029925697075925,0.4970074302924075,0.16412144642702986,SI,[5 4 3 1 2],9.099999999999994,10,2656.499999999949,0.0,False,5
14,0,2,[2 1 3 4 5],1342.799999999981,0.5029925697075925,0.4970074302924075,0.9500721596742374,MI,[5 4 3 1 2],9.099999999999994,10,2656.499999999949,0.0,False,5
14,0,3,[2 1 3 4 5],1342.799999999981,0.5029925697075925,0.4970074302924075,0.23657378988221367,SI,[3 1 2 4 5],11.5,10,1423.5,0.0,False,5
14,0,4,[2 1 3 4 5],1342.799999999981,0.5029925697075925,0.4970074302924075,0.40360385869403315,SI,[5 4 3 1 2],9.099999999999994,10,2656.499999999949,0.0,False,5
15,0,0,[2 1 3 4 5],1342.799999999981,0.5029925697075925,0.4970074302924075,0.751910403246371,MI,[5 4 3 1 2],9.099999999999994,10,2656.499999999949,0.0,False,5
15,0,1,[2 1 3 4 5],1342.799999999981,0.5029925697075925,0.4970074302924075,0.549693134936305,MI,[3 1 2 4 5],11.5,10,1423.5,0.0,False,5
15,0,2,[2 1 3 4 5],1342.799999999981,0.5029925697075925,0.4970074302924075,0.3559037198936498,SI,[3 1 2 4 5],11.5,10,1423.5,0.0,False,5
15,0,3,[2 1 3 4 5],1342.799999999981,0.5029925697075925,0.4970074302924075,0.9054895775771292,MI,[5 4 3 1 2],9.099999999999994,10,2656.499999999949,0.0,False,5
15,0,4,[2 1 3 4 5],1342.799999999981,0.5029925697075925,0.4970074302924075,0.2552336119904395,SI,[3 1 2 4 5],11.5,10,1423.5,0.0,False,5
16,0,0,[2 1 3 4 5],1342.799999999981,0.5029925697075925,0.4970074302924075,0.7347329523937034,MI,[5 4 3 1 2],9.099999999999994,10,2656.499999999949,0.0,False,5
16,0,1,[2 1 3 4 5],1342.799999999981,0.5029925697075925,0.4970074302924075,0.05486568952488824,SI,[5 4 3 1 2],9.099999999999994,10,2656.499999999949,0.0,False,5
16,0,2,[2 1 3 4 5],1342.799999999981,0.5029925697075925,0.4970074302924075,0.12048722074579954,SI,[2 3 1 4 5],27.599999999999994,10,1394.0000000000218,0.0,False,5
16,0,3,[2 1 3 4 5],1342.799999999981,0.5029925697075925,0.4970074302924075,0.45512334552750466,SI,[5 4 3 1 2],9.099999999999994,10,2656.499999999949,0.0,False,5
16,0,4,[2 1 3 4 5],1342.799999999981,0.5029925697075925,0.4970074302924075,0.38871967779143957,SI,[5 4 3 1 2],9.099999999999994,10,2656.499999999949,0.0,False,5
17,0,0,[2 1 3 4 5],1342.799999999981,0.5029925697075925,0.4970074302924075,0.2805723094250673,SI,[3 1 2 4 5],11.5,10,1423.5,0.0,False,5
17,0,1,[2 1 3 4 5],1342.799999999981,0.5029925697075925,0.4970074302924075,0.307763669704063,SI,[5 4 3 1 2],9.099999999999994,10,2656.499999999949,0.0,False,5
17,0,2,[2 1 3 4 5],1342.799999999981,0.5029925697075925,0.4970074302924075,0.4820473474340601,SI,[5 4 3 1 2],9.099999999999994,10,2656.499999999949,0.0,False,5
17,0,3,[2 1 3 4 5],1342.799999999981,0.5029925697075925,0.4970074302924075,0.4060678218150948,SI,[2 1 3 5 4],13.300000000000011,10,1465.299999999992,0.0,False,5
17,0,4,[2 1 3 4 5],1342.799999999981,0.5029925697075925,0.4970074302924075,0.2747328669562108,SI,[5 4 3 1 2],9.099999999999994,10,2656.499999999949,0.0,False,5
18,0,0,[2 1 3 4 5],1342.799999999981,0.5029925697075925,0.4970074302924075,0.3638913807587961,SI,[3 1 2 4 5],11.5,10,1423.5,0.0,False,5
18,0,1,[2 1 3 4 5],1342.799999999981,0.5029925697075925,0.4970074302924075,0.9058938585352052,MI,[5 4 3 1 2],9.099999999999994,10,2656.499999999949,0.0,False,5
18,0,2,[2 1 3 4 5],1342.799999999981,0.5029925697075925,0.4970074302924075,0.7010446949644351,MI,[5 4 3 1 2],9.099999999999994,10,2656.499999999949,0.0,False,5
18,0,3,[2 1 3 4 5],1342.799999999981,0.5029925697075925,0.4970074302924075,0.318712180988285,SI,[2 3 1 4 5],27.599999999999994,10,1394.0000000000218,0.0,False,5
18,0,4,[2 1 3 4 5],1342.799999999981,0.5029925697075925,0.4970074302924075,0.34482796672192595,SI,[3 1 2 4 5],11.5,10,1423.5,0.0,False,5
19,0,0,[2 1 3 4 5],1342.799999999981,0.5029925697075925,0.4970074302924075,0.363357309616422,SI,[5 4 3 1 2],9.099999999999994,10,2656.499999999949,0.0,False,5
19,0,1,[2 1 3 4 5],1342.799999999981,0.5029925697075925,0.4970074302924075,0.8108018820893804,MI,[5 4 3 1 2],9.099999999999994,10,2656.499999999949,0.0,False,5
19,0,2,[2 1 3 4 5],1342.799999999981,0.5029925697075925,0.4970074302924075,0.6283404123080266,MI,[5 4 3 1 2],9.099999999999994,10,2656.499999999949,0.0,False,5
19,0,3,[2 1 3 4 5],1342.799999999981,0.5029925697075925,0.4970074302924075,0.7453530926851027,MI,[5 4 3 1 2],9.099999999999994,10,2656.499999999949,0.0,False,5
19,0,4,[2 1 3 4 5],1342.799999999981,0.5029925697075925,0.4970074302924075,0.8111894172254983,MI,[5 4 3 1 2],9.099999999999994,10,2656.499999999949,0.0,False,5
20,0,0,[2 1 3 4 5],1342.799999999981,0.5029925697075925,0.4970074302924075,0.409347996221922,SI,[3 1 2 4 5],11.5,10,1423.5,0.0,False,5
20,0,1,[2 1 3 4 5],1342.799999999981,0.5029925697075925,0.4970074302924075,0.366686515261452,SI,[2 3 1 4 5],27.599999999999994,10,1394.0000000000218,0.0,False,5
20,0,2,[2 1 3 4 5],1342.799999999981,0.5029925697075925,0.4970074302924075,0.8734882724680337,MI,[3 1 2 4 5],11.5,10,1423.5,0.0,False,5
20,0,3,[2 1 3 4 5],1342.799999999981,0.5029925697075925,0.4970074302924075,0.714805994596917,MI,[5 4 3 1 2],9.099999999999994,10,2656.499999999949,0.0,False,5
20,0,4,[2 1 3 4 5],1342.799999999981,0.5029925697075925,0.4970074302924075,0.18049578429959767,SI,[5 4 3 1 2],9.099999999999994,10,2656.499999999949,0.0,False,5
21,0,0,[2 1 3 4 5],1342.799999999981,0.5029925697075925,0.4970074302924075,0.7205247018105341,MI,[5 4 3 1 2],9.099999999999994,10,2656.499999999949,0.0,False,5
21,0,1,[2 1 3 4 5],1342.799999999981,0.5029925697075925,0.4970074302924075,0.8570137414406799,MI,[5 4 3 1 2],9.099999999999994,10,2656.499999999949,0.0,False,5
21,0,2,[2 1 3 4 5],1342.799999999981,0.5029925697075925,0.4970074302924075,0.4316392213122985,SI,[5 4 3 1 2],9.099999999999994,10,2656.499999999949,0.0,False,5
21,0,3,[2 1 3 4 5],1342.799999999981,0.5029925697075925,0.4970074302924075,0.7018402318198791,MI,[3 1 2 4 5],11.5,10,1423.5,0.0,False,5
21,0,4,[2 1 3 4 5],1342.799999999981,0.5029925697075925,0.4970074302924075,0.1706394939098711,SI,[3 1 2 4 5],11.5,10,1423.5,0.0,False,5
22,0,0,[2 1 3 4 5],1342.799999999981,0.5029925697075925,0.4970074302924075,0.9137114651319201,MI,[5 4 3 1 2],9.099999999999994,10,2656.499999999949,0.0,False,5
22,0,1,[2 1 3 4 5],1342.799999999981,0.5029925697075925,0.4970074302924075,0.8413622358708687,MI,[5 4 3 1 2],9.099999999999994,10,2656.499999999949,0.0,False,5
22,0,2,[2 1 3 4 5],1342.799999999981,0.5029925697075925,0.4970074302924075,0.9990852894402186,MI,[3 1 2 4 5],11.5,10,1423.5,0.0,False,5
22,0,3,[2 1 3 4 5],1342.799999999981,0.5029925697075925,0.4970074302924075,0.6452327218874686,MI,[3 1 2 4 5],11.5,10,1423.5,0.0,False,5
22,0,4,[2 1 3 4 5],1342.799999999981,0.5029925697075925,0.4970074302924075,0.30787976844908904,SI,[5 4 3 1 2],9.099999999999994,10,2656.499999999949,0.0,False,5
23,0,0,[2 1 3 4 5],1342.799999999981,0.5029925697075925,0.4970074302924075,0.564322210659797,MI,[5 4 3 1 2],9.099999999999994,10,2656.499999999949,0.0,False,5
23,0,1,[2 1 3 4 5],1342.799999999981,0.5029925697075925,0.4970074302924075,0.6501223411087331,MI,[5 4 3 1 2],9.099999999999994,10,2656.499999999949,0.0,False,5
23,0,2,[2 1 3 4 5],1342.799999999981,0.5029925697075925,0.4970074302924075,0.14397693300771708,SI,[2 3 1 4 5],27.599999999999994,10,1394.0000000000218,0.0,False,5
23,0,3,[2 1 3 4 5],1342.799999999981,0.5029925697075925,0.4970074302924075,0.7467642917951354,MI,[5 4 3 1 2],9.099999999999994,10,2656.499999999949,0.0,False,5
23,0,4,[2 1 3 4 5],1342.799999999981,0.5029925697075925,0.4970074302924075,0.393500634246966,SI,[5 4 3 1 2],9.099999999999994,10,2656.499999999949,0.0,False,5
24,0,0,[2 1 3 4 5],1342.799999999981,0.5029925697075925,0.4970074302924075,0.796310327389534,MI,[5 4 3 1 2],9.099999999999994,10,2656.499999999949,0.0,False,5
24,0,1,[2 1 3 4 5],1342.799999999981,0.5029925697075925,0.4970074302924075,0.8717539361595437,MI,[5 4 3 1 2],9.099999999999994,10,2656.499999999949,0.0,False,5
24,0,2,[2 1 3 4 5],1342.799999999981,0.5029925697075925,0.4970074302924075,0.6540308937416064,MI,[5 4 3 1 2],9.099999999999994,10,2656.499999999949,0.0,False,5
24,0,3,[2 1 3 4 5],1342.799999999981,0.5029925697075925,0.4970074302924075,0.055876178400183885,SI,[5 4 3 1 2],9.099999999999994,10,2656.499999999949,0.0,False,5
24,0,4,[2 1 3 4 5],1342.799999999981,0.5029925697075925,0.4970074302924075,0.9358644715299397,MI,[5 4 3 1 2],9.099999999999994,10,2656.499999999949,0.0,False,5
25,0,0,[2 1 3 4 5],1342.799999999981,0.5029925697075925,0.4970074302924075,0.02565106815856988,SI,[5 4 3 1 2],9.099999999999994,10,2656.499999999949,0.0,False,5
25,0,1,[2 1 3 4 5],1342.799999999981,0.5029925697075925,0.4970074302924075,0.17664183323576765,SI,[5 4 3 1 2],9.099999999999994,10,2656.499999999949,0.0,False,5
25,0,2,[2 1 3 4 5],1342.799999999981,0.5029925697075925,0.4970074302924075,0.7935784204826306,MI,[3 1 2 4 5],11.5,10,1423.5,0.0,False,5
25,0,3,[2 1 3 4 5],1342.799999999981,0.5029925697075925,0.4970074302924075,0.31328150280563827,SI,[3 1 2 4 5],11.5,10,1423.5,0.0,False,5
25,0,4,[2 1 3 4 5],1342.799999999981,0.5029925697075925,0.4970074302924075,0.6227734448419088,MI,[5 4 3 1 2],9.099999999999994,10,2656.499999999949,0.0,False,5
26,0,0,[2 1 3 4 5],1342.799999999981,0.5029925697075925,0.4970074302924075,0.8363293317101099,MI,[3 1 2 4 5],11.5,10,1423.5,0.0,False,5
26,0,1,[2 1 3 4 5],1342.799999999981,0.5029925697075925,0.4970074302924075,0.6068243099398357,MI,[5 4 3 1 2],9.099999999999994,10,2656.499999999949,0.0,False,5
26,0,2,[2 1 3 4 5],1342.799999999981,0.5029925697075925,0.4970074302924075,0.49462250018326315,SI,[5 4 3 1 2],9.099999999999994,10,2656.499999999949,0.0,False,5
26,0,3,[2 1 3 4 5],1342.799999999981,0.5029925697075925,0.4970074302924075,0.16772764346007496,SI,[1 2 3 4 5],32.0,10,1371.8999999999287,0.0,False,5
26,0,4,[2 1 3 4 5],1342.799999999981,0.5029925697075925,0.4970074302924075,0.31561925467204277,SI,[5 4 3 1 2],9.099999999999994,10,2656.499999999949,0.0,False,5
27,0,0,[2 1 3 4 5],1342.799999999981,0.5029925697075925,0.4970074302924075,0.2342965901246583,SI,[2 1 3 5 4],13.300000000000011,10,1465.299999999992,0.0,False,5
27,0,1,[2 1 3 4 5],1342.799999999981,0.5029925697075925,0.4970074302924075,0.6715000340100644,MI,[5 4 3 1 2],9.099999999999994,10,2656.499999999949,0.0,False,5
27,0,2,[2 1 3 4 5],1342.799999999981,0.5029925697075925,0.4970074302924075,0.9499526644879553,MI,[3 1 2 4 5],11.5,10,1423.5,0.0,False,5
27,0,3,[2 1 3 4 5],1342.799999999981,0.5029925697075925,0.4970074302924075,0.5658492088549123,MI,[5 4 3 1 2],9.099999999999994,10,2656.499999999949,0.0,False,5
27,0,4,[2 1 3 4 5],1342.799999999981,0.5029925697075925,0.4970074302924075,0.029082179493747362,SI,[5 4 3 1 2],9.099999999999994,10,2656.499999999949,0.0,False,5
28,0,0,[2 1 3 4 5],1342.799999999981,0.5029925697075925,0.4970074302924075,0.6386066305815139,MI,[5 4 3 1 2],9.099999999999994,10,2656.499999999949,0.0,False,5
28,0,1,[2 1 3 4 5],1342.799999999981,0.5029925697075925,0.4970074302924075,0.7632839226577066,MI,[5 4 3 1 2],9.099999999999994,10,2656.499999999949,0.0,False,5
28,0,2,[2 1 3 4 5],1342.799999999981,0.5029925697075925,0.4970074302924075,0.6949095597181915,MI,[5 4 3 1 2],9.099999999999994,10,2656.499999999949,0.0,False,5
28,0,3,[2 1 3 4 5],1342.799999999981,0.5029925697075925,0.4970074302924075,0.8918503634032784,MI,[3 1 2 4 5],11.5,10,1423.5,0.0,False,5
28,0,4,[2 1 3 4 5],1342.799999999981,0.5029925697075925,0.4970074302924075,0.6397826932790646,MI,[5 4 3 1 2],9.099999999999994,10,2656.499999999949,0.0,False,5
29,0,0,[2 1 3 4 5],1342.799999999981,0.5029925697075925,0.4970074302924075,0.6033516709738644,MI,[5 4 3 1 2],9.099999999999994,10,2656.499999999949,0.0,False,5
29,0,1,[2 1 3 4 5],1342.799999999981,0.5029925697075925,0.4970074302924075,0.5642444867312839,MI,[5 4 3 1 2],9.099999999999994,10,2656.499999999949,0.0,False,5
29,0,2,[2 1 3 4 5],1342.799999999981,0.5029925697075925,0.4970074302924075,0.4688271330623084,SI,[5 4 3 1 2],9.099999999999994,10,2656.499999999949,0.0,False,5
29,0,3,[2 1 3 4 5],1342.799999999981,0.5029925697075925,0.4970074302924075,0.3563344801903393,SI,[3 1 2 4 5],11.5,10,1423.5,0.0,False,5
29,0,4,[2 1 3 4 5],1342.799999999981,0.5029925697075925,0.4970074302924075,0.9656647784198004,MI,[3 1 2 4 5],11.5,10,1423.5,0.0,False,5
30,0,0,[2 1 3 4 5],1342.799999999981,0.5029925697075925,0.4970074302924075,0.925820412161147,MI,[5 4 3 1 2],9.099999999999994,10,2656.499999999949,0.0,False,5
30,0,1,[2 1 3 4 5],1342.799999999981,0.5029925697075925,0.4970074302924075,0.40452085681859296,SI,[5 4 3 1 2],9.099999999999994,10,2656.499999999949,0.0,False,5
30,0,2,[2 1 3 4 5],1342.799999999981,0.5029925697075925,0.4970074302924075,0.8644075847493674,MI,[3 1 2 4 5],11.5,10,1423.5,0.0,False,5
30,0,3,[2 1 3 4 5],1342.799999999981,0.5029925697075925,0.4970074302924075,0.7370207914577336,MI,[5 4 3 1 2],9.099999999999994,10,2656.499999999949,0.0,False,5
30,0,4,[2 1 3 4 5],1342.799999999981,0.5029925697075925,0.4970074302924075,0.17809452958192062,SI,[5 4 3 1 2],9.099999999999994,10,2656.499999999949,0.0,False,5
31,0,0,[2 1 3 4 5],1342.799999999981,0.5029925697075925,0.4970074302924075,0.7646972676638735,MI,[5 4 3 1 2],9.099999999999994,10,2656.499999999949,0.0,False,5
31,0,1,[2 1 3 4 5],1342.799999999981,0.5029925697075925,0.4970074302924075,0.9690470911940973,MI,[5 4 3 1 2],9.099999999999994,10,2656.499999999949,0.0,False,5
31,0,2,[2 1 3 4 5],1342.799999999981,0.5029925697075925,0.4970074302924075,0.605940119320153,MI,[2 1 5 4 3],96.29999999999998,10,2015.8999999999796,0.0,False,5
31,0,3,[2 1 3 4 5],1342.799999999981,0.5029925697075925,0.4970074302924075,0.7641449910744363,MI,[5 4 3 1 2],9.099999999999994,10,2656.499999999949,0.0,False,5
31,0,4,[2 1 3 4 5],1342.799999999981,0.5029925697075925,0.4970074302924075,0.7664199570408546,MI,[3 1 2 4 5],11.5,10,1423.5,0.0,False,5
32,0,0,[2 1 3 4 5],1342.799999999981,0.5029925697075925,0.4970074302924075,0.581309384750905,MI,[5 4 3 1 2],9.099999999999994,10,2656.499999999949,0.0,False,5
32,0,1,[2 1 3 4 5],1342.799999999981,0.5029925697075925,0.4970074302924075,0.24816481024817405,SI,[3 1 2 4 5],11.5,10,1423.5,0.0,False,5
32,0,2,[2 1 3 4 5],1342.799999999981,0.5029925697075925,0.4970074302924075,0.3559470483965913,SI,[5 4 3 1 2],9.099999999999994,10,2656.499999999949,0.0,False,5
32,0,3,[2 1 3 4 5],1342.799999999981,0.5029925697075925,0.4970074302924075,0.27379632025758793,SI,[5 4 3 1 2],9.099999999999994,10,2656.499999999949,0.0,False,5
32,0,4,[2 1 3 4 5],1342.799999999981,0.5029925697075925,0.4970074302924075,0.13453812950110944,SI,[5 4 3 1 2],9.099999999999994,10,2656.499999999949,0.0,False,5
33,0,0,[2 1 3 4 5],1342.799999999981,0.5029925697075925,0.4970074302924075,0.9317679965516277,MI,[5 4 3 1 2],9.099999999999994,10,2656.499999999949,0.0,False,5
33,0,1,[2 1 3 4 5],1342.799999999981,0.5029925697075925,0.4970074302924075,0.801653843808621,MI,[5 4 3 1 2],9.099999999999994,10,2656.499999999949,0.0,False,5
33,0,2,[2 1 3 4 5],1342.799999999981,0.5029925697075925,0.4970074302924075,0.9619500817376356,MI,[5 4 3 1 2],9.099999999999994,10,2656.499999999949,0.0,False,5
33,0,3,[2 1 3 4 5],1342.799999999981,0.5029925697075925,0.4970074302924075,0.4516292063054411,SI,[5 4 3 1 2],9.099999999999994,10,2656.499999999949,0.0,False,5
33,0,4,[2 1 3 4 5],1342.799999999981,0.5029925697075925,0.4970074302924075,0.4225241533019879,SI,[5 4 3 1 2],9.099999999999994,10,2656.499999999949,0.0,False,5
34,0,0,[2 1 3 4 5],1342.799999999981,0.5029925697075925,0.4970074302924075,0.3046390891271099,SI,[3 1 2 4 5],11.5,10,1423.5,0.0,False,5
34,0,1,[2 1 3 4 5],1342.799999999981,0.5029925697075925,0.4970074302924075,0.8589152275943672,MI,[5 4 3 1 2],9.099999999999994,10,2656.499999999949,0.0,False,5
34,0,2,[2 1 3 4 5],1342.799999999981,0.5029925697075925,0.4970074302924075,0.9932946011548432,MI,[5 4 3 1 2],9.099999999999994,10,2656.499999999949,0.0,False,5
34,0,3,[2 1 3 4 5],1342.799999999981,0.5029925697075925,0.4970074302924075,0.05422511574180566,SI,[2 1 3 5 4],13.300000000000011,10,1465.299999999992,0.0,False,5
34,0,4,[2 1 3 4 5],1342.799999999981,0.5029925697075925,0.4970074302924075,0.17606521686537535,SI,[2 1 3 5 4],13.300000000000011,10,1465.299999999992,0.0,False,5
35,0,0,[2 1 3 4 5],1342.799999999981,0.5029925697075925,0.4970074302924075,0.7957731913109293,MI,[5 4 3 1 2],9.099999999999994,10,2656.499999999949,0.0,False,5
35,0,1,[2 1 3 4 5],1342.799999999981,0.5029925697075925,0.4970074302924075,0.5234755910916689,MI,[5 4 3 1 2],9.099999999999994,10,2656.499999999949,0.0,False,5
35,0,2,[2 1 3 4 5],1342.799999999981,0.5029925697075925,0.4970074302924075,0.24638307876626087,SI,[5 4 3 1 2],9.099999999999994,10,2656.499999999949,0.0,False,5
35,0,3,[2 1 3 4 5],1342.799999999981,0.5029925697075925,0.4970074302924075,0.1718410268948959,SI,[5 4 3 1 2],9.099999999999994,10,2656.499999999949,0.0,False,5
35,0,4,[2 1 3 4 5],1342.799999999981,0.5029925697075925,0.4970074302924075,0.2166989457807944,SI,[3 1 2 4 5],11.5,10,1423.5,0.0,False,5
36,0,0,[2 1 3 4 5],1342.799999999981,0.5029925697075925,0.4970074302924075,0.11199777515212372,SI,[3 1 2 4 5],11.5,10,1423.5,0.0,False,5
36,0,1,[2 1 3 4 5],1342.799999999981,0.5029925697075925,0.4970074302924075,0.5358828038732635,MI,[5 4 3 1 2],9.099999999999994,10,2656.499999999949,0.0,False,5
36,0,2,[2 1 3 4 5],1342.799999999981,0.5029925697075925,0.4970074302924075,0.6908748844258611,MI,[5 4 3 1 2],9.099999999999994,10,2656.499999999949,0.0,False,5
36,0,3,[2 1 3 4 5],1342.799999999981,0.5029925697075925,0.4970074302924075,0.10424050517623995,SI,[5 4 3 1 2],9.099999999999994,10,2656.499999999949,0.0,False,5
36,0,4,[2 1 3 4 5],1342.799999999981,0.5029925697075925,0.4970074302924075,0.14167380577242505,SI,[3 1 2 4 5],11.5,10,1423.5,0.0,False,5
37,0,0,[2 1 3 4 5],1342.799999999981,0.5029925697075925,0.4970074302924075,0.13040321526789833,SI,[5 4 3 1 2],9.099999999999994,10,2656.499999999949,0.0,False,5
37,0,1,[2 1 3 4 5],1342.799999999981,0.5029925697075925,0.4970074302924075,0.34927263319584767,SI,[5 4 3 1 2],9.099999999999994,10,2656.499999999949,0.0,False,5
37,0,2,[2 1 3 4 5],1342.799999999981,0.5029925697075925,0.4970074302924075,0.34061330409839663,SI,[5 4 3 1 2],9.099999999999994,10,2656.499999999949,0.0,False,5
37,0,3,[2 1 3 4 5],1342.799999999981,0.5029925697075925,0.4970074302924075,0.18442234687922954,SI,[5 4 3 1 2],9.099999999999994,10,2656.499999999949,0.0,False,5
37,0,4,[2 1 3 4 5],1342.799999999981,0.5029925697075925,0.4970074302924075,0.15832390379216887,SI,[5 4 3 1 2],9.099999999999994,10,2656.499999999949,0.0,False,5
38,0,0,[2 1 3 4 5],1342.799999999981,0.5029925697075925,0.4970074302924075,0.4554202328857292,SI,[2 1 3 5 4],13.300000000000011,10,1465.299999999992,0.0,False,5
38,0,1,[2 1 3 4 5],1342.799999999981,0.5029925697075925,0.4970074302924075,0.8741950209170322,MI,[5 4 3 1 2],9.099999999999994,10,2656.499999999949,0.0,False,5
38,0,2,[2 1 3 4 5],1342.799999999981,0.5029925697075925,0.4970074302924075,0.39683720141117673,SI,[2 1 3 5 4],13.300000000000011,10,1465.299999999992,0.0,False,5
38,0,3,[2 1 3 4 5],1342.799999999981,0.5029925697075925,0.4970074302924075,0.476267420594511,SI,[5 4 3 1 2],9.099999999999994,10,2656.499999999949,0.0,False,5
38,0,4,[2 1 3 4 5],1342.799999999981,0.5029925697075925,0.4970074302924075,0.07602529920786705,SI,[2 3 1 4 5],27.599999999999994,10,1394.0000000000218,0.0,False,5
39,0,0,[2 1 3 4 5],1342.799999999981,0.5029925697075925,0.4970074302924075,0.3595597017351315,SI,[5 4 3 1 2],9.099999999999994,10,2656.499999999949,0.0,False,5
39,0,1,[2 1 3 4 5],1342.799999999981,0.5029925697075925,0.4970074302924075,0.19634172814366457,SI,[3 1 2 4 5],11.5,10,1423.5,0.0,False,5
39,0,2,[2 1 3 4 5],1342.799999999981,0.5029925697075925,0.4970074302924075,0.37697512235640185,SI,[5 4 3 1 2],9.099999999999994,10,2656.499999999949,0.0,False,5
39,0,3,[2 1 3 4 5],1342.799999999981,0.5029925697075925,0.4970074302924075,0.5330221503024322,MI,[3 1 2 4 5],11.5,10,1423.5,0.0,False,5
39,0,4,[2 1 3 4 5],1342.799999999981,0.5029925697075925,0.4970074302924075,0.2722530888874728,SI,[1 2 3 4 5],32.0,10,1371.8999999999287,0.0,False,5
40,0,0,[2 1 3 4 5],1342.799999999981,0.5029925697075925,0.4970074302924075,0.8574239798016774,MI,[5 4 3 1 2],9.099999999999994,10,2656.499999999949,0.0,False,5
40,0,1,[2 1 3 4 5],1342.799999999981,0.5029925697075925,0.4970074302924075,0.6640243776934184,MI,[3 1 2 4 5],11.5,10,1423.5,0.0,False,5
40,0,2,[2 1 3 4 5],1342.799999999981,0.5029925697075925,0.4970074302924075,0.039971566930888436,SI,[5 4 3 1 2],9.099999999999994,10,2656.499999999949,0.0,False,5
40,0,3,[2 1 3 4 5],1342.799999999981,0.5029925697075925,0.4970074302924075,0.7888644295068621,MI,[5 4 3 1 2],9.099999999999994,10,2656.499999999949,0.0,False,5
40,0,4,[2 1 3 4 5],1342.799999999981,0.5029925697075925,0.4970074302924075,0.01741624433977651,SI,[5 4 3 1 2],9.099999999999994,10,2656.499999999949,0.0,False,5
41,0,0,[2 1 3 4 5],1342.799999999981,0.5029925697075925,0.4970074302924075,0.8958286513626309,MI,[5 4 3 1 2],9.099999999999994,10,2656.499999999949,0.0,False,5
41,0,1,[2 1 3 4 5],1342.799999999981,0.5029925697075925,0.4970074302924075,0.4456165326147298,SI,[5 4 3 1 2],9.099999999999994,10,2656.499999999949,0.0,False,5
41,0,2,[2 1 3 4 5],1342.799999999981,0.5029925697075925,0.4970074302924075,0.7092922477836343,MI,[5 4 3 1 2],9.099999999999994,10,2656.499999999949,0.0,False,5
41,0,3,[2 1 3 4 5],1342.799999999981,0.5029925697075925,0.4970074302924075,0.9403598279585774,MI,[5 4 3 1 2],9.099999999999994,10,2656.499999999949,0.0,False,5
41,0,4,[2 1 3 4 5],1342.799999999981,0.5029925697075925,0.4970074302924075,0.7339601709279383,MI,[5 4 3 1 2],9.099999999999994,10,2656.499999999949,0.0,False,5
42,0,0,[2 1 3 4 5],1342.799999999981,0.5029925697075925,0.4970074302924075,0.22220864566949206,SI,[5 4 3 1 2],9.099999999999994,10,2656.499999999949,0.0,False,5
42,0,1,[2 1 3 4 5],1342.799999999981,0.5029925697075925,0.4970074302924075,0.332213307231784,SI,[5 4 3 1 2],9.099999999999994,10,2656.499999999949,0.0,False,5
42,0,2,[2 1 3 4 5],1342.799999999981,0.5029925697075925,0.4970074302924075,0.38654780256457666,SI,[3 1 2 4 5],11.5,10,1423.5,0.0,False,5
42,0,3,[2 1 3 4 5],1342.799999999981,0.5029925697075925,0.4970074302924075,0.11027626366478549,SI,[5 4 3 1 2],9.099999999999994,10,2656.499999999949,0.0,False,5
42,0,4,[2 1 3 4 5],1342.799999999981,0.5029925697075925,0.4970074302924075,0.7221064278960633,MI,[5 4 3 1 2],9.099999999999994,10,2656.499999999949,0.0,False,5
43,0,0,[2 1 3 4 5],1342.799999999981,0.5029925697075925,0.4970074302924075,0.876481950834282,MI,[5 4 3 1 2],9.099999999999994,10,2656.499999999949,0.0,False,5
43,0,1,[2 1 3 4 5],1342.799999999981,0.5029925697075925,0.4970074302924075,0.12948030070495498,SI,[5 4 3 1 2],9.099999999999994,10,2656.499999999949,0.0,False,5
43,0,2,[2 1 3 4 5],1342.799999999981,0.5029925697075925,0.4970074302924075,0.14800546586564156,SI,[5 4 3 1 2],9.099999999999994,10,2656.499999999949,0.0,False,5
43,0,3,[2 1 3 4 5],1342.799999999981,0.5029925697075925,0.4970074302924075,0.39621462373692584,SI,[5 4 3 1 2],9.099999999999994,10,2656.499999999949,0.0,False,5
43,0,4,[2 1 3 4 5],1342.799999999981,0.5029925697075925,0.4970074302924075,0.17251619563524623,SI,[3 1 2 4 5],11.5,10,1423.5,0.0,False,5
44,0,0,[2 1 3 4 5],1342.799999999981,0.5029925697075925,0.4970074302924075,0.37677316775463354,SI,[3 1 2 4 5],11.5,10,1423.5,0.0,False,5
44,0,1,[2 1 3 4 5],1342.799999999981,0.5029925697075925,0.4970074302924075,0.04540753289702293,SI,[5 4 3 1 2],9.099999999999994,10,2656.499999999949,0.0,False,5
44,0,2,[2 1 3 4 5],1342.799999999981,0.5029925697075925,0.4970074302924075,0.2302722523473154,SI,[5 4 3 1 2],9.099999999999994,10,2656.499999999949,0.0,False,5
44,0,3,[2 1 3 4 5],1342.799999999981,0.5029925697075925,0.4970074302924075,0.03419816836320522,SI,[5 4 3 1 2],9.099999999999994,10,2656.499999999949,0.0,False,5
44,0,4,[2 1 3 4 5],1342.799999999981,0.5029925697075925,0.4970074302924075,0.60992163689104,MI,[5 4 3 1 2],9.099999999999994,10,2656.499999999949,0.0,False,5
45,0,0,[2 1 3 4 5],1342.799999999981,0.5029925697075925,0.4970074302924075,0.9424646688540997,MI,[5 4 3 1 2],9.099999999999994,10,2656.499999999949,0.0,False,5
45,0,1,[2 1 3 4 5],1342.799999999981,0.5029925697075925,0.4970074302924075,0.16199555334781324,SI,[5 4 3 1 2],9.099999999999994,10,2656.499999999949,0.0,False,5
45,0,2,[2 1 3 4 5],1342.799999999981,0.5029925697075925,0.4970074302924075,0.4827825126003029,SI,[3 1 2 4 5],11.5,10,1423.5,0.0,False,5
45,0,3,[2 1 3 4 5],1342.799999999981,0.5029925697075925,0.4970074302924075,0.4569577050036069,SI,[3 1 2 4 5],11.5,10,1423.5,0.0,False,5
45,0,4,[2 1 3 4 5],1342.799999999981,0.5029925697075925,0.4970074302924075,0.48357884748791313,SI,[2 3 1 4 5],27.599999999999994,10,1394.0000000000218,0.0,False,5
46,0,0,[2 1 3 4 5],1342.799999999981,0.5029925697075925,0.4970074302924075,0.3141098022138178,SI,[2 3 1 4 5],27.599999999999994,10,1394.0000000000218,0.0,False,5
46,0,1,[2 1 3 4 5],1342.799999999981,0.5029925697075925,0.4970074302924075,0.7001189371229708,MI,[3 1 2 4 5],11.5,10,1423.5,0.0,False,5
46,0,2,[2 1 3 4 5],1342.799999999981,0.5029925697075925,0.4970074302924075,0.15870299043189484,SI,[5 4 3 1 2],9.099999999999994,10,2656.499999999949,0.0,False,5
46,0,3,[2 1 3 4 5],1342.799999999981,0.5029925697075925,0.4970074302924075,0.4220265724584641,SI,[5 4 3 1 2],9.099999999999994,10,2656.499999999949,0.0,False,5
46,0,4,[2 1 3 4 5],1342.799999999981,0.5029925697075925,0.4970074302924075,0.06577294942295109,SI,[5 4 3 1 2],9.099999999999994,10,2656.499999999949,0.0,False,5
47,0,0,[2 1 3 4 5],1342.799999999981,0.5029925697075925,0.4970074302924075,0.6209678511420038,MI,[5 4 3 1 2],9.099999999999994,10,2656.499999999949,0.0,False,5
47,0,1,[2 1 3 4 5],1342.799999999981,0.5029925697075925,0.4970074302924075,0.40921068229541746,SI,[3 1 2 4 5],11.5,10,1423.5,0.0,False,5
47,0,2,[2 1 3 4 5],1342.799999999981,0.5029925697075925,0.4970074302924075,0.2037137031219297,SI,[3 1 2 4 5],11.5,10,1423.5,0.0,False,5
47,0,3,[2 1 3 4 5],1342.799999999981,0.5029925697075925,0.4970074302924075,0.06801244591723743,SI,[5 4 3 1 2],9.099999999999994,10,2656.499999999949,0.0,False,5
47,0,4,[2 1 3 4 5],1342.799999999981,0.5029925697075925,0.4970074302924075,0.46085758359865436,SI,[3 1 2 4 5],11.5,10,1423.5,0.0,False,5
48,0,0,[2 1 3 4 5],1342.799999999981,0.5029925697075925,0.4970074302924075,0.051640009808517795,SI,[3 1 2 4 5],11.5,10,1423.5,0.0,False,5
48,0,1,[2 1 3 4 5],1342.799999999981,0.5029925697075925,0.4970074302924075,0.7996962765263965,MI,[3 1 2 4 5],11.5,10,1423.5,0.0,False,5
48,0,2,[2 1 3 4 5],1342.799999999981,0.5029925697075925,0.4970074302924075,0.5153317913075368,MI,[5 4 3 1 2],9.099999999999994,10,2656.499999999949,0.0,False,5
48,0,3,[2 1 3 4 5],1342.799999999981,0.5029925697075925,0.4970074302924075,0.33424373198492563,SI,[3 1 2 4 5],11.5,10,1423.5,0.0,False,5
48,0,4,[2 1 3 4 5],1342.799999999981,0.5029925697075925,0.4970074302924075,0.8302127924739869,MI,[2 1 5 4 3],96.29999999999998,10,2015.8999999999796,0.0,False,5
49,0,0,[2 1 3 4 5],1342.799999999981,0.5029925697075925,0.4970074302924075,0.7004861161397625,MI,[5 4 3 1 2],9.099999999999994,10,2656.499999999949,0.0,False,5
49,0,1,[2 1 3 4 5],1342.799999999981,0.5029925697075925,0.4970074302924075,0.712828428137788,MI,[3 1 2 4 5],11.5,10,1423.5,0.0,False,5
49,0,2,[2 1 3 4 5],1342.799999999981,0.5029925697075925,0.4970074302924075,0.37050267824689354,SI,[5 4 3 1 2],9.099999999999994,10,2656.499999999949,0.0,False,5
49,0,3,[2 1 3 4 5],1342.799999999981,0.5029925697075925,0.4970074302924075,0.774106149354803,MI,[3 1 2 4 5],11.5,10,1423.5,0.0,False,5
49,0,4,[2 1 3 4 5],1342.799999999981,0.5029925697075925,0.4970074302924075,0.4967892647568962,SI,[3 1 2 4 5],11.5,10,1423.5,0.0,False,5
50,0,0,[2 1 3 4 5],1342.799999999981,0.5029925697075925,0.4970074302924075,0.67002201621068,MI,[5 4 3 1 2],9.099999999999994,10,2656.499999999949,0.0,False,5
50,0,1,[2 1 3 4 5],1342.799999999981,0.5029925697075925,0.4970074302924075,0.15640814204415232,SI,[5 4 3 1 2],9.099999999999994,10,2656.499999999949,0.0,False,5
50,0,2,[2 1 3 4 5],1342.799999999981,0.5029925697075925,0.4970074302924075,0.6551291035377281,MI,[5 4 3 1 2],9.099999999999994,10,2656.499999999949,0.0,False,5
50,0,3,[2 1 3 4 5],1342.799999999981,0.5029925697075925,0.4970074302924075,0.6738938638662553,MI,[5 4 3 1 2],9.099999999999994,10,2656.499999999949,0.0,False,5
50,0,4,[2 1 3 4 5],1342.799999999981,0.5029925697075925,0.4970074302924075,0.38012690798410376,SI,[2 1 3 5 4],13.300000000000011,10,1465.299999999992,0.0,False,5
0,1,0,[1 2],861.5000000000073,0.5,0.5,0.44852961770385325,SI,[2 1],49.49999999999994,10,1278.6000000000095,0.0,False,6
0,1,1,[1 2],861.5000000000073,0.5,0.5,0.4813866948295086,SI,[2 1],49.49999999999994,10,1278.6000000000095,0.0,False,6
0,1,2,[1 2],861.5000000000073,0.5,0.5,0.46864429927869056,SI,[2 1],49.49999999999994,10,1278.6000000000095,0.0,False,6
0,1,3,[1 2],861.5000000000073,0.5,0.5,0.16953500024911616,SI,[2 1],49.49999999999994,10,1278.6000000000095,0.0,False,6
0,1,4,[1 2],861.5000000000073,0.5,0.5,0.29760843655769065,SI,[2 1],49.49999999999994,10,1278.6000000000095,0.0,False,6
1,0,0,[1 2],861.5000000000073,0.5,0.5,0.20620257382215001,SI,[2 1],49.49999999999994,10,1278.6000000000095,0.0,False,6
1,0,1,[1 2],861.5000000000073,0.5,0.5,0.06427346201250794,SI,[2 1],49.49999999999994,10,1278.6000000000095,0.0,False,6
1,0,2,[1 2],861.5000000000073,0.5,0.5,0.39226466995110887,SI,[2 1],49.49999999999994,10,1278.6000000000095,0.0,False,6
1,0,3,[1 2],861.5000000000073,0.5,0.5,0.024595484791809175,SI,[2 1],49.49999999999994,10,1278.6000000000095,0.0,False,6
1,0,4,[1 2],861.5000000000073,0.5,0.5,0.16003222220027502,SI,[2 1],49.49999999999994,10,1278.6000000000095,0.0,False,6
2,0,0,[1 2],861.5000000000073,0.5,0.5,0.06831442790415165,SI,[2 1],49.49999999999994,10,1278.6000000000095,0.0,False,6
2,0,1,[1 2],861.5000000000073,0.5,0.5,0.4700112184689058,SI,[2 1],49.49999999999994,10,1278.6000000000095,0.0,False,6
2,0,2,[1 2],861.5000000000073,0.5,0.5,0.4397560691136869,SI,[2 1],49.49999999999994,10,1278.6000000000095,0.0,False,6
2,0,3,[1 2],861.5000000000073,0.5,0.5,0.28413528535951926,SI,[2 1],49.49999999999994,10,1278.6000000000095,0.0,False,6
2,0,4,[1 2],861.5000000000073,0.5,0.5,0.35797953387365833,SI,[2 1],49.49999999999994,10,1278.6000000000095,0.0,False,6
3,0,0,[1 2],861.5000000000073,0.5,0.5,0.24939491764766408,SI,[2 1],49.49999999999994,10,1278.6000000000095,0.0,False,6
3,0,1,[1 2],861.5000000000073,0.5,0.5,0.3333621178161932,SI,[2 1],49.49999999999994,10,1278.6000000000095,0.0,False,6
3,0,2,[1 2],861.5000000000073,0.5,0.5,0.3332653675119909,SI,[2 1],49.49999999999994,10,1278.6000000000095,0.0,False,6
3,0,3,[1 2],861.5000000000073,0.5,0.5,0.29710793188427276,SI,[2 1],49.49999999999994,10,1278.6000000000095,0.0,False,6
3,0,4,[1 2],861.5000000000073,0.5,0.5,0.40662686488947464,SI,[2 1],49.49999999999994,10,1278.6000000000095,0.0,False,6
4,0,0,[1 2],861.5000000000073,0.5,0.5,0.08933087587029664,SI,[2 1],49.49999999999994,10,1278.6000000000095,0.0,False,6
4,0,1,[1 2],861.5000000000073,0.5,0.5,0.3785525072544008,SI,[2 1],49.49999999999994,10,1278.6000000000095,0.0,False,6
4,0,2,[1 2],861.5000000000073,0.5,0.5,0.29894822175129276,SI,[2 1],49.49999999999994,10,1278.6000000000095,0.0,False,6
4,0,3,[1 2],861.5000000000073,0.5,0.5,0.4679254806445726,SI,[2 1],49.49999999999994,10,1278.6000000000095,0.0,False,6
4,0,4,[1 2],861.5000000000073,0.5,0.5,0.10018783381707708,SI,[2 1],49.49999999999994,10,1278.6000000000095,0.0,False,6
5,0,0,[1 2],861.5000000000073,0.5,0.5,0.1799550304339821,SI,[2 1],49.49999999999994,10,1278.6000000000095,0.0,False,6
5,0,1,[1 2],861.5000000000073,0.5,0.5,0.24117660858983092,SI,[2 1],49.49999999999994,10,1278.6000000000095,0.0,False,6
5,0,2,[1 2],861.5000000000073,0.5,0.5,0.08362610650695901,SI,[2 1],49.49999999999994,10,1278.6000000000095,0.0,False,6
5,0,3,[1 2],861.5000000000073,0.5,0.5,0.48028844576477003,SI,[2 1],49.49999999999994,10,1278.6000000000095,0.0,False,6
5,0,4,[1 2],861.5000000000073,0.5,0.5,0.1501786159744225,SI,[2 1],49.49999999999994,10,1278.6000000000095,0.0,False,6
6,0,0,[1 2],861.5000000000073,0.5,0.5,0.06750454364302971,SI,[2 1],49.49999999999994,10,1278.6000000000095,0.0,False,6
6,0,1,[1 2],861.5000000000073,0.5,0.5,0.22950587066941808,SI,[2 1],49.49999999999994,10,1278.6000000000095,0.0,False,6
6,0,2,[1 2],861.5000000000073,0.5,0.5,0.014398802524984156,SI,[2 1],49.49999999999994,10,1278.6000000000095,0.0,False,6
6,0,3,[1 2],861.5000000000073,0.5,0.5,0.34735729306374585,SI,[2 1],49.49999999999994,10,1278.6000000000095,0.0,False,6
6,0,4,[1 2],861.5000000000073,0.5,0.5,0.3967055125858119,SI,[2 1],49.49999999999994,10,1278.6000000000095,0.0,False,6
7,0,0,[1 2],861.5000000000073,0.5,0.5,0.29029412207359073,SI,[2 1],49.49999999999994,10,1278.6000000000095,0.0,False,6
7,0,1,[1 2],861.5000000000073,0.5,0.5,0.40900808609503747,SI,[2 1],49.49999999999994,10,1278.6000000000095,0.0,False,6
7,0,2,[1 2],861.5000000000073,0.5,0.5,0.1334658638075259,SI,[2 1],49.49999999999994,10,1278.6000000000095,0.0,False,6
7,0,3,[1 2],861.5000000000073,0.5,0.5,0.3446772037145309,SI,[2 1],49.49999999999994,10,1278.6000000000095,0.0,False,6
7,0,4,[1 2],861.5000000000073,0.5,0.5,0.2747923883620973,SI,[2 1],49.49999999999994,10,1278.6000000000095,0.0,False,6
8,0,0,[1 2],861.5000000000073,0.5,0.5,0.3620642753476141,SI,[2 1],49.49999999999994,10,1278.6000000000095,0.0,False,6
8,0,1,[1 2],861.5000000000073,0.5,0.5,0.0723763530194168,SI,[2 1],49.49999999999994,10,1278.6000000000095,0.0,False,6
8,0,2,[1 2],861.5000000000073,0.5,0.5,0.4085462809684127,SI,[2 1],49.49999999999994,10,1278.6000000000095,0.0,False,6
8,0,3,[1 2],861.5000000000073,0.5,0.5,0.00433716415008456,SI,[2 1],49.49999999999994,10,1278.6000000000095,0.0,False,6
8,0,4,[1 2],861.5000000000073,0.5,0.5,0.27590520518343553,SI,[2 1],49.49999999999994,10,1278.6000000000095,0.0,False,6
9,0,0,[1 2],861.5000000000073,0.5,0.5,0.19089594338925764,SI,[2 1],49.49999999999994,10,1278.6000000000095,0.0,False,6
9,0,1,[1 2],861.5000000000073,0.5,0.5,0.25345362898080614,SI,[2 1],49.49999999999994,10,1278.6000000000095,0.0,False,6
9,0,2,[1 2],861.5000000000073,0.5,0.5,0.40174125655833726,SI,[2 1],49.49999999999994,10,1278.6000000000095,0.0,False,6
9,0,3,[1 2],861.5000000000073,0.5,0.5,0.10866275609633436,SI,[2 1],49.49999999999994,10,1278.6000000000095,0.0,False,6
9,0,4,[1 2],861.5000000000073,0.5,0.5,0.10169143688888471,SI,[2 1],49.49999999999994,10,1278.6000000000095,0.0,False,6
10,0,0,[1 2],861.5000000000073,0.5,0.5,0.4192859855399076,SI,[2 1],49.49999999999994,10,1278.6000000000095,0.0,False,6
10,0,1,[1 2],861.5000000000073,0.5,0.5,0.4936151946966886,SI,[2 1],49.49999999999994,10,1278.6000000000095,0.0,False,6
10,0,2,[1 2],861.5000000000073,0.5,0.5,0.03870373267172467,SI,[2 1],49.49999999999994,10,1278.6000000000095,0.0,False,6
10,0,3,[1 2],861.5000000000073,0.5,0.5,0.08320800913104642,SI,[2 1],49.49999999999994,10,1278.6000000000095,0.0,False,6
10,0,4,[1 2],861.5000000000073,0.5,0.5,0.39946030990949233,SI,[2 1],49.49999999999994,10,1278.6000000000095,0.0,False,6
11,0,0,[1 2],861.5000000000073,0.5,0.5,0.4156060398586252,SI,[2 1],49.49999999999994,10,1278.6000000000095,0.0,False,6
11,0,1,[1 2],861.5000000000073,0.5,0.5,0.005914587660970749,SI,[2 1],49.49999999999994,10,1278.6000000000095,0.0,False,6
11,0,2,[1 2],861.5000000000073,0.5,0.5,0.3702814057471807,SI,[2 1],49.49999999999994,10,1278.6000000000095,0.0,False,6
11,0,3,[1 2],861.5000000000073,0.5,0.5,0.38235901134949535,SI,[2 1],49.49999999999994,10,1278.6000000000095,0.0,False,6
11,0,4,[1 2],861.5000000000073,0.5,0.5,0.16799729929871698,SI,[2 1],49.49999999999994,10,1278.6000000000095,0.0,False,6
12,0,0,[1 2],861.5000000000073,0.5,0.5,0.019665806842672162,SI,[2 1],49.49999999999994,10,1278.6000000000095,0.0,False,6
12,0,1,[1 2],861.5000000000073,0.5,0.5,0.3202052147650537,SI,[2 1],49.49999999999994,10,1278.6000000000095,0.0,False,6
12,0,2,[1 2],861.5000000000073,0.5,0.5,0.10941519070964167,SI,[2 1],49.49999999999994,10,1278.6000000000095,0.0,False,6
12,0,3,[1 2],861.5000000000073,0.5,0.5,0.33985918523338365,SI,[2 1],49.49999999999994,10,1278.6000000000095,0.0,False,6
12,0,4,[1 2],861.5000000000073,0.5,0.5,0.08192350183245833,SI,[2 1],49.49999999999994,10,1278.6000000000095,0.0,False,6
13,0,0,[1 2],861.5000000000073,0.5,0.5,0.057426247798127106,SI,[2 1],49.49999999999994,10,1278.6000000000095,0.0,False,6
13,0,1,[1 2],861.5000000000073,0.5,0.5,0.26117835824839497,SI,[2 1],49.49999999999994,10,1278.6000000000095,0.0,False,6
13,0,2,[1 2],861.5000000000073,0.5,0.5,0.3271808401655817,SI,[2 1],49.49999999999994,10,1278.6000000000095,0.0,False,6
13,0,3,[1 2],861.5000000000073,0.5,0.5,0.12866830378347238,SI,[2 1],49.49999999999994,10,1278.6000000000095,0.0,False,6
13,0,4,[1 2],861.5000000000073,0.5,0.5,0.31411466313961267,SI,[2 1],49.49999999999994,10,1278.6000000000095,0.0,False,6
14,0,0,[1 2],861.5000000000073,0.5,0.5,0.07910232810286344,SI,[2 1],49.49999999999994,10,1278.6000000000095,0.0,False,6
14,0,1,[1 2],861.5000000000073,0.5,0.5,0.2961115917547613,SI,[2 1],49.49999999999994,10,1278.6000000000095,0.0,False,6
14,0,2,[1 2],861.5000000000073,0.5,0.5,0.1858549619450247,SI,[2 1],49.49999999999994,10,1278.6000000000095,0.0,False,6
14,0,3,[1 2],861.5000000000073,0.5,0.5,0.023648842435852302,SI,[2 1],49.49999999999994,10,1278.6000000000095,0.0,False,6
14,0,4,[1 2],861.5000000000073,0.5,0.5,0.1696550261390649,SI,[2 1],49.49999999999994,10,1278.6000000000095,0.0,False,6
15,0,0,[1 2],861.5000000000073,0.5,0.5,0.337163995881953,SI,[2 1],49.49999999999994,10,1278.6000000000095,0.0,False,6
15,0,1,[1 2],861.5000000000073,0.5,0.5,0.3917585892480674,SI,[2 1],49.49999999999994,10,1278.6000000000095,0.0,False,6
15,0,2,[1 2],861.5000000000073,0.5,0.5,0.1357698431497758,SI,[2 1],49.49999999999994,10,1278.6000000000095,0.0,False,6
15,0,3,[1 2],861.5000000000073,0.5,0.5,0.3918959869285442,SI,[2 1],49.49999999999994,10,1278.6000000000095,0.0,False,6
15,0,4,[1 2],861.5000000000073,0.5,0.5,0.4632330594378682,SI,[2 1],49.49999999999994,10,1278.6000000000095,0.0,False,6
16,0,0,[1 2],861.5000000000073,0.5,0.5,0.17819040927818985,SI,[2 1],49.49999999999994,10,1278.6000000000095,0.0,False,6
16,0,1,[1 2],861.5000000000073,0.5,0.5,0.2654634719267076,SI,[2 1],49.49999999999994,10,1278.6000000000095,0.0,False,6
16,0,2,[1 2],861.5000000000073,0.5,0.5,0.43084388973852017,SI,[2 1],49.49999999999994,10,1278.6000000000095,0.0,False,6
16,0,3,[1 2],861.5000000000073,0.5,0.5,0.22128074412996146,SI,[2 1],49.49999999999994,10,1278.6000000000095,0.0,False,6
16,0,4,[1 2],861.5000000000073,0.5,0.5,0.090210276369172,SI,[2 1],49.49999999999994,10,1278.6000000000095,0.0,False,6
17,0,0,[1 2],861.5000000000073,0.5,0.5,0.22100153003577294,SI,[2 1],49.49999999999994,10,1278.6000000000095,0.0,False,6
17,0,1,[1 2],861.5000000000073,0.5,0.5,0.36386247230795365,SI,[2 1],49.49999999999994,10,1278.6000000000095,0.0,False,6
17,0,2,[1 2],861.5000000000073,0.5,0.5,0.059675832294639575,SI,[2 1],49.49999999999994,10,1278.6000000000095,0.0,False,6
17,0,3,[1 2],861.5000000000073,0.5,0.5,0.38950158541316227,SI,[2 1],49.49999999999994,10,1278.6000000000095,0.0,False,6
17,0,4,[1 2],861.5000000000073,0.5,0.5,0.07796083683917931,SI,[2 1],49.49999999999994,10,1278.6000000000095,0.0,False,6
18,0,0,[1 2],861.5000000000073,0.5,0.5,0.15872394379222698,SI,[2 1],49.49999999999994,10,1278.6000000000095,0.0,False,6
18,0,1,[1 2],861.5000000000073,0.5,0.5,0.12397173067919165,SI,[2 1],49.49999999999994,10,1278.6000000000095,0.0,False,6
18,0,2,[1 2],861.5000000000073,0.5,0.5,0.08120322931535529,SI,[2 1],49.49999999999994,10,1278.6000000000095,0.0,False,6
18,0,3,[1 2],861.5000000000073,0.5,0.5,0.4579177613326306,SI,[2 1],49.49999999999994,10,1278.6000000000095,0.0,False,6
18,0,4,[1 2],861.5000000000073,0.5,0.5,0.2146225633619374,SI,[2 1],49.49999999999994,10,1278.6000000000095,0.0,False,6
19,0,0,[1 2],861.5000000000073,0.5,0.5,0.19060896899752633,SI,[2 1],49.49999999999994,10,1278.6000000000095,0.0,False,6
19,0,1,[1 2],861.5000000000073,0.5,0.5,0.38773695916672324,SI,[2 1],49.49999999999994,10,1278.6000000000095,0.0,False,6
19,0,2,[1 2],861.5000000000073,0.5,0.5,0.4241193186653479,SI,[2 1],49.49999999999994,10,1278.6000000000095,0.0,False,6
19,0,3,[1 2],861.5000000000073,0.5,0.5,0.1362776071002607,SI,[2 1],49.49999999999994,10,1278.6000000000095,0.0,False,6
19,0,4,[1 2],861.5000000000073,0.5,0.5,0.4925887593667122,SI,[2 1],49.49999999999994,10,1278.6000000000095,0.0,False,6
20,0,0,[1 2],861.5000000000073,0.5,0.5,0.284342187140724,SI,[2 1],49.49999999999994,10,1278.6000000000095,0.0,False,6
20,0,1,[1 2],861.5000000000073,0.5,0.5,0.266140654726165,SI,[2 1],49.49999999999994,10,1278.6000000000095,0.0,False,6
20,0,2,[1 2],861.5000000000073,0.5,0.5,0.2619707062998099,SI,[2 1],49.49999999999994,10,1278.6000000000095,0.0,False,6
20,0,3,[1 2],861.5000000000073,0.5,0.5,0.21149948766848325,SI,[2 1],49.49999999999994,10,1278.6000000000095,0.0,False,6
20,0,4,[1 2],861.5000000000073,0.5,0.5,0.021063094649893976,SI,[2 1],49.49999999999994,10,1278.6000000000095,0.0,False,6
21,0,0,[1 2],861.5000000000073,0.5,0.5,0.37216118064491066,SI,[2 1],49.49999999999994,10,1278.6000000000095,0.0,False,6
21,0,1,[1 2],861.5000000000073,0.5,0.5,0.49045685269717243,SI,[2 1],49.49999999999994,10,1278.6000000000095,0.0,False,6
21,0,2,[1 2],861.5000000000073,0.5,0.5,0.40772569123779934,SI,[2 1],49.49999999999994,10,1278.6000000000095,0.0,False,6
21,0,3,[1 2],861.5000000000073,0.5,0.5,0.4414823290819143,SI,[2 1],49.49999999999994,10,1278.6000000000095,0.0,False,6
21,0,4,[1 2],861.5000000000073,0.5,0.5,0.4485822387048881,SI,[2 1],49.49999999999994,10,1278.6000000000095,0.0,False,6
22,0,0,[1 2],861.5000000000073,0.5,0.5,0.2662822949878815,SI,[2 1],49.49999999999994,10,1278.6000000000095,0.0,False,6
22,0,1,[1 2],861.5000000000073,0.5,0.5,0.23655972449111262,SI,[2 1],49.49999999999994,10,1278.6000000000095,0.0,False,6
22,0,2,[1 2],861.5000000000073,0.5,0.5,0.26245589821076487,SI,[2 1],49.49999999999994,10,1278.6000000000095,0.0,False,6
22,0,3,[1 2],861.5000000000073,0.5,0.5,0.3164188829670447,SI,[2 1],49.49999999999994,10,1278.6000000000095,0.0,False,6
22,0,4,[1 2],861.5000000000073,0.5,0.5,0.14858133545944752,SI,[2 1],49.49999999999994,10,1278.6000000000095,0.0,False,6
23,0,0,[1 2],861.5000000000073,0.5,0.5,0.33206684823122823,SI,[2 1],49.49999999999994,10,1278.6000000000095,0.0,False,6
23,0,1,[1 2],861.5000000000073,0.5,0.5,0.04918028745353553,SI,[2 1],49.49999999999994,10,1278.6000000000095,0.0,False,6
23,0,2,[1 2],861.5000000000073,0.5,0.5,0.12974046443337506,SI,[2 1],49.49999999999994,10,1278.6000000000095,0.0,False,6
23,0,3,[1 2],861.5000000000073,0.5,0.5,0.19842371069267384,SI,[2 1],49.49999999999994,10,1278.6000000000095,0.0,False,6
23,0,4,[1 2],861.5000000000073,0.5,0.5,0.4946471554191415,SI,[2 1],49.49999999999994,10,1278.6000000000095,0.0,False,6
24,0,0,[1 2],861.5000000000073,0.5,0.5,0.4997114881657566,SI,[2 1],49.49999999999994,10,1278.6000000000095,0.0,False,6
24,0,1,[1 2],861.5000000000073,0.5,0.5,0.3682459472713304,SI,[2 1],49.49999999999994,10,1278.6000000000095,0.0,False,6
24,0,2,[1 2],861.5000000000073,0.5,0.5,0.4950268124081464,SI,[2 1],49.49999999999994,10,1278.6000000000095,0.0,False,6
24,0,3,[1 2],861.5000000000073,0.5,0.5,0.07972968174748662,SI,[2 1],49.49999999999994,10,1278.6000000000095,0.0,False,6
24,0,4,[1 2],861.5000000000073,0.5,0.5,0.05112428836657934,SI,[2 1],49.49999999999994,10,1278.6000000000095,0.0,False,6
25,0,0,[1 2],861.5000000000073,0.5,0.5,0.1300005753571909,SI,[2 1],49.49999999999994,10,1278.6000000000095,0.0,False,6
25,0,1,[1 2],861.5000000000073,0.5,0.5,0.4484769037777969,SI,[2 1],49.49999999999994,10,1278.6000000000095,0.0,False,6
25,0,2,[1 2],861.5000000000073,0.5,0.5,0.009054607771431633,SI,[2 1],49.49999999999994,10,1278.6000000000095,0.0,False,6
25,0,3,[1 2],861.5000000000073,0.5,0.5,0.4657434244369836,SI,[2 1],49.49999999999994,10,1278.6000000000095,0.0,False,6
25,0,4,[1 2],861.5000000000073,0.5,0.5,0.1559982345451788,SI,[2 1],49.49999999999994,10,1278.6000000000095,0.0,False,6
26,0,0,[1 2],861.5000000000073,0.5,0.5,0.35804142373401715,SI,[2 1],49.49999999999994,10,1278.6000000000095,0.0,False,6
26,0,1,[1 2],861.5000000000073,0.5,0.5,0.4973438752640901,SI,[2 1],49.49999999999994,10,1278.6000000000095,0.0,False,6
26,0,2,[1 2],861.5000000000073,0.5,0.5,0.21887006742476545,SI,[2 1],49.49999999999994,10,1278.6000000000095,0.0,False,6
26,0,3,[1 2],861.5000000000073,0.5,0.5,0.18211909114650904,SI,[2 1],49.49999999999994,10,1278.6000000000095,0.0,False,6
26,0,4,[1 2],861.5000000000073,0.5,0.5,0.07996975611631896,SI,[2 1],49.49999999999994,10,1278.6000000000095,0.0,False,6
27,0,0,[1 2],861.5000000000073,0.5,0.5,0.041495396938864615,SI,[2 1],49.49999999999994,10,1278.6000000000095,0.0,False,6
27,0,1,[1 2],861.5000000000073,0.5,0.5,0.43201878436904617,SI,[2 1],49.49999999999994,10,1278.6000000000095,0.0,False,6
27,0,2,[1 2],861.5000000000073,0.5,0.5,0.028563947525531375,SI,[2 1],49.49999999999994,10,1278.6000000000095,0.0,False,6
27,0,3,[1 2],861.5000000000073,0.5,0.5,0.15540915966212965,SI,[2 1],49.49999999999994,10,1278.6000000000095,0.0,False,6
27,0,4,[1 2],861.5000000000073,0.5,0.5,0.06878014742328353,SI,[2 1],49.49999999999994,10,1278.6000000000095,0.0,False,6
28,0,0,[1 2],861.5000000000073,0.5,0.5,0.18993459888114805,SI,[2 1],49.49999999999994,10,1278.6000000000095,0.0,False,6
28,0,1,[1 2],861.5000000000073,0.5,0.5,0.4642266513549268,SI,[2 1],49.49999999999994,10,1278.6000000000095,0.0,False,6
28,0,2,[1 2],861.5000000000073,0.5,0.5,0.3226501709478301,SI,[2 1],49.49999999999994,10,1278.6000000000095,0.0,False,6
28,0,3,[1 2],861.5000000000073,0.5,0.5,0.18336863262769654,SI,[2 1],49.49999999999994,10,1278.6000000000095,0.0,False,6
28,0,4,[1 2],861.5000000000073,0.5,0.5,0.2685434065690572,SI,[2 1],49.49999999999994,10,1278.6000000000095,0.0,False,6
29,0,0,[1 2],861.5000000000073,0.5,0.5,0.2023349014652911,SI,[2 1],49.49999999999994,10,1278.6000000000095,0.0,False,6
29,0,1,[1 2],861.5000000000073,0.5,0.5,0.3367469953824328,SI,[2 1],49.49999999999994,10,1278.6000000000095,0.0,False,6
29,0,2,[1 2],861.5000000000073,0.5,0.5,0.14340093513905516,SI,[2 1],49.49999999999994,10,1278.6000000000095,0.0,False,6
29,0,3,[1 2],861.5000000000073,0.5,0.5,0.4188303361504039,SI,[2 1],49.49999999999994,10,1278.6000000000095,0.0,False,6
29,0,4,[1 2],861.5000000000073,0.5,0.5,0.3790805358367042,SI,[2 1],49.49999999999994,10,1278.6000000000095,0.0,False,6
30,0,0,[1 2],861.5000000000073,0.5,0.5,0.2812172897934424,SI,[2 1],49.49999999999994,10,1278.6000000000095,0.0,False,6
30,0,1,[1 2],861.5000000000073,0.5,0.5,0.32216481084256976,SI,[2 1],49.49999999999994,10,1278.6000000000095,0.0,False,6
30,0,2,[1 2],861.5000000000073,0.5,0.5,0.2253309676248091,SI,[2 1],49.49999999999994,10,1278.6000000000095,0.0,False,6
30,0,3,[1 2],861.5000000000073,0.5,0.5,0.19242789985038078,SI,[2 1],49.49999999999994,10,1278.6000000000095,0.0,False,6
30,0,4,[1 2],861.5000000000073,0.5,0.5,0.22163898766745216,SI,[2 1],49.49999999999994,10,1278.6000000000095,0.0,False,6
31,0,0,[1 2],861.5000000000073,0.5,0.5,0.0797787756265631,SI,[2 1],49.49999999999994,10,1278.6000000000095,0.0,False,6
31,0,1,[1 2],861.5000000000073,0.5,0.5,0.20399476355350588,SI,[2 1],49.49999999999994,10,1278.6000000000095,0.0,False,6
31,0,2,[1 2],861.5000000000073,0.5,0.5,0.32903420296484254,SI,[2 1],49.49999999999994,10,1278.6000000000095,0.0,False,6
31,0,3,[1 2],861.5000000000073,0.5,0.5,0.16663761214578932,SI,[2 1],49.49999999999994,10,1278.6000000000095,0.0,False,6
31,0,4,[1 2],861.5000000000073,0.5,0.5,0.15116828734605903,SI,[2 1],49.49999999999994,10,1278.6000000000095,0.0,False,6
32,0,0,[1 2],861.5000000000073,0.5,0.5,0.2383684579537435,SI,[2 1],49.49999999999994,10,1278.6000000000095,0.0,False,6
32,0,1,[1 2],861.5000000000073,0.5,0.5,0.38075891323244304,SI,[2 1],49.49999999999994,10,1278.6000000000095,0.0,False,6
32,0,2,[1 2],861.5000000000073,0.5,0.5,0.08196834269350506,SI,[2 1],49.49999999999994,10,1278.6000000000095,0.0,False,6
32,0,3,[1 2],861.5000000000073,0.5,0.5,0.18925121646613519,SI,[2 1],49.49999999999994,10,1278.6000000000095,0.0,False,6
32,0,4,[1 2],861.5000000000073,0.5,0.5,0.473872811484195,SI,[2 1],49.49999999999994,10,1278.6000000000095,0.0,False,6
33,0,0,[1 2],861.5000000000073,0.5,0.5,0.45034599425828714,SI,[2 1],49.49999999999994,10,1278.6000000000095,0.0,False,6
33,0,1,[1 2],861.5000000000073,0.5,0.5,0.13127112660034068,SI,[2 1],49.49999999999994,10,1278.6000000000095,0.0,False,6
33,0,2,[1 2],861.5000000000073,0.5,0.5,0.3893577997773676,SI,[2 1],49.49999999999994,10,1278.6000000000095,0.0,False,6
33,0,3,[1 2],861.5000000000073,0.5,0.5,0.41188565220364226,SI,[2 1],49.49999999999994,10,1278.6000000000095,0.0,False,6
33,0,4,[1 2],861.5000000000073,0.5,0.5,0.0036756459259636998,SI,[2 1],49.49999999999994,10,1278.6000000000095,0.0,False,6
34,0,0,[1 2],861.5000000000073,0.5,0.5,0.1297659362069995,SI,[2 1],49.49999999999994,10,1278.6000000000095,0.0,False,6
34,0,1,[1 2],861.5000000000073,0.5,0.5,0.35261534839754294,SI,[2 1],49.49999999999994,10,1278.6000000000095,0.0,False,6
34,0,2,[1 2],861.5000000000073,0.5,0.5,0.490586953679488,SI,[2 1],49.49999999999994,10,1278.6000000000095,0.0,False,6
34,0,3,[1 2],861.5000000000073,0.5,0.5,0.17483343305952204,SI,[2 1],49.49999999999994,10,1278.6000000000095,0.0,False,6
34,0,4,[1 2],861.5000000000073,0.5,0.5,0.23525490440235552,SI,[2 1],49.49999999999994,10,1278.6000000000095,0.0,False,6
35,0,0,[1 2],861.5000000000073,0.5,0.5,0.20619804098054628,SI,[2 1],49.49999999999994,10,1278.6000000000095,0.0,False,6
35,0,1,[1 2],861.5000000000073,0.5,0.5,0.26607140407450336,SI,[2 1],49.49999999999994,10,1278.6000000000095,0.0,False,6
35,0,2,[1 2],861.5000000000073,0.5,0.5,0.3538128841077255,SI,[2 1],49.49999999999994,10,1278.6000000000095,0.0,False,6
35,0,3,[1 2],861.5000000000073,0.5,0.5,0.32059727357552226,SI,[2 1],49.49999999999994,10,1278.6000000000095,0.0,False,6
35,0,4,[1 2],861.5000000000073,0.5,0.5,0.05053289698141539,SI,[2 1],49.49999999999994,10,1278.6000000000095,0.0,False,6
36,0,0,[1 2],861.5000000000073,0.5,0.5,0.01101616622256596,SI,[2 1],49.49999999999994,10,1278.6000000000095,0.0,False,6
36,0,1,[1 2],861.5000000000073,0.5,0.5,0.3933148196090913,SI,[2 1],49.49999999999994,10,1278.6000000000095,0.0,False,6
36,0,2,[1 2],861.5000000000073,0.5,0.5,0.12034145038732591,SI,[2 1],49.49999999999994,10,1278.6000000000095,0.0,False,6
36,0,3,[1 2],861.5000000000073,0.5,0.5,0.165249785167228,SI,[2 1],49.49999999999994,10,1278.6000000000095,0.0,False,6
36,0,4,[1 2],861.5000000000073,0.5,0.5,0.33743912686957456,SI,[2 1],49.49999999999994,10,1278.6000000000095,0.0,False,6
37,0,0,[1 2],861.5000000000073,0.5,0.5,0.10240928952317907,SI,[2 1],49.49999999999994,10,1278.6000000000095,0.0,False,6
37,0,1,[1 2],861.5000000000073,0.5,0.5,0.14067881624776224,SI,[2 1],49.49999999999994,10,1278.6000000000095,0.0,False,6
37,0,2,[1 2],861.5000000000073,0.5,0.5,0.24753411740014586,SI,[2 1],49.49999999999994,10,1278.6000000000095,0.0,False,6
37,0,3,[1 2],861.5000000000073,0.5,0.5,0.004535675731518918,SI,[2 1],49.49999999999994,10,1278.6000000000095,0.0,False,6
37,0,4,[1 2],861.5000000000073,0.5,0.5,0.3053412095303041,SI,[2 1],49.49999999999994,10,1278.6000000000095,0.0,False,6
38,0,0,[1 2],861.5000000000073,0.5,0.5,0.44437264056871084,SI,[2 1],49.49999999999994,10,1278.6000000000095,0.0,False,6
38,0,1,[1 2],861.5000000000073,0.5,0.5,0.16071854043166012,SI,[2 1],49.49999999999994,10,1278.6000000000095,0.0,False,6
38,0,2,[1 2],861.5000000000073,0.5,0.5,0.3893244972935682,SI,[2 1],49.49999999999994,10,1278.6000000000095,0.0,False,6
38,0,3,[1 2],861.5000000000073,0.5,0.5,0.49696216949438743,SI,[2 1],49.49999999999994,10,1278.6000000000095,0.0,False,6
38,0,4,[1 2],861.5000000000073,0.5,0.5,0.13896954552236818,SI,[2 1],49.49999999999994,10,1278.6000000000095,0.0,False,6
39,0,0,[1 2],861.5000000000073,0.5,0.5,0.2070359862412804,SI,[2 1],49.49999999999994,10,1278.6000000000095,0.0,False,6
39,0,1,[1 2],861.5000000000073,0.5,0.5,0.024688205703901622,SI,[2 1],49.49999999999994,10,1278.6000000000095,0.0,False,6
39,0,2,[1 2],861.5000000000073,0.5,0.5,0.14243734350917714,SI,[2 1],49.49999999999994,10,1278.6000000000095,0.0,False,6
39,0,3,[1 2],861.5000000000073,0.5,0.5,0.25195981957029867,SI,[2 1],49.49999999999994,10,1278.6000000000095,0.0,False,6
39,0,4,[1 2],861.5000000000073,0.5,0.5,0.37030424416358043,SI,[2 1],49.49999999999994,10,1278.6000000000095,0.0,False,6
40,0,0,[1 2],861.5000000000073,0.5,0.5,0.00873132444250957,SI,[2 1],49.49999999999994,10,1278.6000000000095,0.0,False,6
40,0,1,[1 2],861.5000000000073,0.5,0.5,0.4944308378022013,SI,[2 1],49.49999999999994,10,1278.6000000000095,0.0,False,6
40,0,2,[1 2],861.5000000000073,0.5,0.5,0.11667973825538125,SI,[2 1],49.49999999999994,10,1278.6000000000095,0.0,False,6
40,0,3,[1 2],861.5000000000073,0.5,0.5,0.2124492058027433,SI,[2 1],49.49999999999994,10,1278.6000000000095,0.0,False,6
40,0,4,[1 2],861.5000000000073,0.5,0.5,0.3500186197971926,SI,[2 1],49.49999999999994,10,1278.6000000000095,0.0,False,6
41,0,0,[1 2],861.5000000000073,0.5,0.5,0.1760438178771475,SI,[2 1],49.49999999999994,10,1278.6000000000095,0.0,False,6
41,0,1,[1 2],861.5000000000073,0.5,0.5,0.19689792643153237,SI,[2 1],49.49999999999994,10,1278.6000000000095,0.0,False,6
41,0,2,[1 2],861.5000000000073,0.5,0.5,0.14261657190840693,SI,[2 1],49.49999999999994,10,1278.6000000000095,0.0,False,6
41,0,3,[1 2],861.5000000000073,0.5,0.5,0.13529493387793246,SI,[2 1],49.49999999999994,10,1278.6000000000095,0.0,False,6
41,0,4,[1 2],861.5000000000073,0.5,0.5,0.01277555699799049,SI,[2 1],49.49999999999994,10,1278.6000000000095,0.0,False,6
42,0,0,[1 2],861.5000000000073,0.5,0.5,0.008731281756251597,SI,[2 1],49.49999999999994,10,1278.6000000000095,0.0,False,6
42,0,1,[1 2],861.5000000000073,0.5,0.5,0.1354029918089239,SI,[2 1],49.49999999999994,10,1278.6000000000095,0.0,False,6
42,0,2,[1 2],861.5000000000073,0.5,0.5,0.4488058156865581,SI,[2 1],49.49999999999994,10,1278.6000000000095,0.0,False,6
42,0,3,[1 2],861.5000000000073,0.5,0.5,0.14958890473450237,SI,[2 1],49.49999999999994,10,1278.6000000000095,0.0,False,6
42,0,4,[1 2],861.5000000000073,0.5,0.5,0.03031600932422318,SI,[2 1],49.49999999999994,10,1278.6000000000095,0.0,False,6
43,0,0,[1 2],861.5000000000073,0.5,0.5,0.02654349931911737,SI,[2 1],49.49999999999994,10,1278.6000000000095,0.0,False,6
43,0,1,[1 2],861.5000000000073,0.5,0.5,0.31387998983835286,SI,[2 1],49.49999999999994,10,1278.6000000000095,0.0,False,6
43,0,2,[1 2],861.5000000000073,0.5,0.5,0.4313475812085593,SI,[2 1],49.49999999999994,10,1278.6000000000095,0.0,False,6
43,0,3,[1 2],861.5000000000073,0.5,0.5,0.36925295716529205,SI,[2 1],49.49999999999994,10,1278.6000000000095,0.0,False,6
43,0,4,[1 2],861.5000000000073,0.5,0.5,0.05401681184839502,SI,[2 1],49.49999999999994,10,1278.6000000000095,0.0,False,6
44,0,0,[1 2],861.5000000000073,0.5,0.5,0.3175306735692318,SI,[2 1],49.49999999999994,10,1278.6000000000095,0.0,False,6
44,0,1,[1 2],861.5000000000073,0.5,0.5,0.15761865245138929,SI,[2 1],49.49999999999994,10,1278.6000000000095,0.0,False,6
44,0,2,[1 2],861.5000000000073,0.5,0.5,0.07353967980233467,SI,[2 1],49.49999999999994,10,1278.6000000000095,0.0,False,6
44,0,3,[1 2],861.5000000000073,0.5,0.5,0.25372253755157825,SI,[2 1],49.49999999999994,10,1278.6000000000095,0.0,False,6
44,0,4,[1 2],861.5000000000073,0.5,0.5,0.28500917164735096,SI,[2 1],49.49999999999994,10,1278.6000000000095,0.0,False,6
45,0,0,[1 2],861.5000000000073,0.5,0.5,0.400358946336825,SI,[2 1],49.49999999999994,10,1278.6000000000095,0.0,False,6
45,0,1,[1 2],861.5000000000073,0.5,0.5,0.3546500689756552,SI,[2 1],49.49999999999994,10,1278.6000000000095,0.0,False,6
45,0,2,[1 2],861.5000000000073,0.5,0.5,0.37018072251063205,SI,[2 1],49.49999999999994,10,1278.6000000000095,0.0,False,6
45,0,3,[1 2],861.5000000000073,0.5,0.5,0.01840255356365106,SI,[2 1],49.49999999999994,10,1278.6000000000095,0.0,False,6
45,0,4,[1 2],861.5000000000073,0.5,0.5,0.04281250271859893,SI,[2 1],49.49999999999994,10,1278.6000000000095,0.0,False,6
46,0,0,[1 2],861.5000000000073,0.5,0.5,0.31837344866933237,SI,[2 1],49.49999999999994,10,1278.6000000000095,0.0,False,6
46,0,1,[1 2],861.5000000000073,0.5,0.5,0.3859821216246677,SI,[2 1],49.49999999999994,10,1278.6000000000095,0.0,False,6
46,0,2,[1 2],861.5000000000073,0.5,0.5,0.2082914112351103,SI,[2 1],49.49999999999994,10,1278.6000000000095,0.0,False,6
46,0,3,[1 2],861.5000000000073,0.5,0.5,0.20654137147255047,SI,[2 1],49.49999999999994,10,1278.6000000000095,0.0,False,6
46,0,4,[1 2],861.5000000000073,0.5,0.5,0.15612687982962348,SI,[2 1],49.49999999999994,10,1278.6000000000095,0.0,False,6
47,0,0,[1 2],861.5000000000073,0.5,0.5,0.2272960458162414,SI,[2 1],49.49999999999994,10,1278.6000000000095,0.0,False,6
47,0,1,[1 2],861.5000000000073,0.5,0.5,0.4557978270621629,SI,[2 1],49.49999999999994,10,1278.6000000000095,0.0,False,6
47,0,2,[1 2],861.5000000000073,0.5,0.5,0.1996321793785545,SI,[2 1],49.49999999999994,10,1278.6000000000095,0.0,False,6
47,0,3,[1 2],861.5000000000073,0.5,0.5,0.3253138756653915,SI,[2 1],49.49999999999994,10,1278.6000000000095,0.0,False,6
47,0,4,[1 2],861.5000000000073,0.5,0.5,0.38792066409631143,SI,[2 1],49.49999999999994,10,1278.6000000000095,0.0,False,6
48,0,0,[1 2],861.5000000000073,0.5,0.5,0.4206911717830014,SI,[2 1],49.49999999999994,10,1278.6000000000095,0.0,False,6
48,0,1,[1 2],861.5000000000073,0.5,0.5,0.010128428718409244,SI,[2 1],49.49999999999994,10,1278.6000000000095,0.0,False,6
48,0,2,[1 2],861.5000000000073,0.5,0.5,0.3529255888994144,SI,[2 1],49.49999999999994,10,1278.6000000000095,0.0,False,6
48,0,3,[1 2],861.5000000000073,0.5,0.5,0.41355797815056516,SI,[2 1],49.49999999999994,10,1278.6000000000095,0.0,False,6
48,0,4,[1 2],861.5000000000073,0.5,0.5,0.3092295724028724,SI,[2 1],49.49999999999994,10,1278.6000000000095,0.0,False,6
49,0,0,[1 2],861.5000000000073,0.5,0.5,0.4699283587039308,SI,[2 1],49.49999999999994,10,1278.6000000000095,0.0,False,6
49,0,1,[1 2],861.5000000000073,0.5,0.5,0.3004611522341021,SI,[2 1],49.49999999999994,10,1278.6000000000095,0.0,False,6
49,0,2,[1 2],861.5000000000073,0.5,0.5,0.40614550304909514,SI,[2 1],49.49999999999994,10,1278.6000000000095,0.0,False,6
49,0,3,[1 2],861.5000000000073,0.5,0.5,0.09666398759629824,SI,[2 1],49.49999999999994,10,1278.6000000000095,0.0,False,6
49,0,4,[1 2],861.5000000000073,0.5,0.5,0.39459427601085983,SI,[2 1],49.49999999999994,10,1278.6000000000095,0.0,False,6
50,0,0,[1 2],861.5000000000073,0.5,0.5,0.46325024067331344,SI,[2 1],49.49999999999994,10,1278.6000000000095,0.0,False,6
50,0,1,[1 2],861.5000000000073,0.5,0.5,0.2114559302702167,SI,[2 1],49.49999999999994,10,1278.6000000000095,0.0,False,6
50,0,2,[1 2],861.5000000000073,0.5,0.5,0.26166415551815836,SI,[2 1],49.49999999999994,10,1278.6000000000095,0.0,False,6
50,0,3,[1 2],861.5000000000073,0.5,0.5,0.3493852413940163,SI,[2 1],49.49999999999994,10,1278.6000000000095,0.0,False,6
50,0,4,[1 2],861.5000000000073,0.5,0.5,0.34056635391054024,SI,[2 1],49.49999999999994,10,1278.6000000000095,0.0,False,6
0,3,0,[3 2 1],952.5,0.5,0.5,0.39525523660867923,SI,[3 1 2],52.5,10,996.6999999999971,0.0,False,7
0,3,1,[3 2 1],952.5,0.5,0.5,0.06376304515031916,SI,[3 1 2],52.5,10,996.6999999999971,0.0,False,7
0,3,2,[3 2 1],952.5,0.5,0.5,0.3030935849778593,SI,[3 1 2],52.5,10,996.6999999999971,0.0,False,7
0,3,3,[3 2 1],952.5,0.5,0.5,0.456142069249621,SI,[1 2 3],89.0,10,979.5999999999985,0.0,False,7
0,3,4,[3 2 1],952.5,0.5,0.5,0.171434467770336,SI,[3 1 2],52.5,10,996.6999999999971,0.0,False,7
1,0,0,[3 2 1],952.5,0.5,0.5,0.17144298295746863,SI,[3 1 2],52.5,10,996.6999999999971,0.0,False,7
1,0,1,[3 2 1],952.5,0.5,0.5,0.47285641024674596,SI,[3 1 2],52.5,10,996.6999999999971,0.0,False,7
1,0,2,[3 2 1],952.5,0.5,0.5,0.08531878535631665,SI,[3 1 2],52.5,10,996.6999999999971,0.0,False,7
1,0,3,[3 2 1],952.5,0.5,0.5,0.024105371038877443,SI,[3 1 2],52.5,10,996.6999999999971,0.0,False,7
1,0,4,[3 2 1],952.5,0.5,0.5,0.4448466931065014,SI,[3 1 2],52.5,10,996.6999999999971,0.0,False,7
2,0,0,[3 2 1],952.5,0.5,0.5,0.46943710839145725,SI,[3 1 2],52.5,10,996.6999999999971,0.0,False,7
2,0,1,[3 2 1],952.5,0.5,0.5,0.2479180486591892,SI,[3 1 2],52.5,10,996.6999999999971,0.0,False,7
2,0,2,[3 2 1],952.5,0.5,0.5,0.09289799645776298,SI,[3 1 2],52.5,10,996.6999999999971,0.0,False,7
2,0,3,[3 2 1],952.5,0.5,0.5,0.3521359886435559,SI,[3 1 2],52.5,10,996.6999999999971,0.0,False,7
2,0,4,[3 2 1],952.5,0.5,0.5,0.2783744749300239,SI,[3 1 2],52.5,10,996.6999999999971,0.0,False,7
3,0,0,[3 2 1],952.5,0.5,0.5,0.3844792844361108,SI,[3 1 2],52.5,10,996.6999999999971,0.0,False,7
3,0,1,[3 2 1],952.5,0.5,0.5,0.4778431875095702,SI,[3 1 2],52.5,10,996.6999999999971,0.0,False,7
3,0,2,[3 2 1],952.5,0.5,0.5,0.308491301558944,SI,[3 1 2],52.5,10,996.6999999999971,0.0,False,7
3,0,3,[3 2 1],952.5,0.5,0.5,0.44973056685068624,SI,[3 1 2],52.5,10,996.6999999999971,0.0,False,7
3,0,4,[3 2 1],952.5,0.5,0.5,0.02489685042384593,SI,[3 1 2],52.5,10,996.6999999999971,0.0,False,7
4,0,0,[3 2 1],952.5,0.5,0.5,0.17972668748437826,SI,[3 1 2],52.5,10,996.6999999999971,0.0,False,7
4,0,1,[3 2 1],952.5,0.5,0.5,0.06343502741049656,SI,[3 1 2],52.5,10,996.6999999999971,0.0,False,7
4,0,2,[3 2 1],952.5,0.5,0.5,0.4807053165764289,SI,[3 1 2],52.5,10,996.6999999999971,0.0,False,7
4,0,3,[3 2 1],952.5,0.5,0.5,0.5089015442211182,MI,[1 2 3],89.0,10,979.5999999999985,0.0,False,7
4,0,4,[3 2 1],952.5,0.5,0.5,0.4892367998031453,SI,[1 2 3],89.0,10,979.5999999999985,0.0,False,7
5,0,0,[3 2 1],952.5,0.5,0.5,0.07841745260364885,SI,[3 1 2],52.5,10,996.6999999999971,0.0,False,7
5,0,1,[3 2 1],952.5,0.5,0.5,0.36116944609059054,SI,[3 1 2],52.5,10,996.6999999999971,0.0,False,7
5,0,2,[3 2 1],952.5,0.5,0.5,0.354769518351453,SI,[3 1 2],52.5,10,996.6999999999971,0.0,False,7
5,0,3,[3 2 1],952.5,0.5,0.5,0.2659446006494597,SI,[3 1 2],52.5,10,996.6999999999971,0.0,False,7
5,0,4,[3 2 1],952.5,0.5,0.5,0.39057556071026334,SI,[3 1 2],52.5,10,996.6999999999971,0.0,False,7
6,0,0,[3 2 1],952.5,0.5,0.5,0.4886576376001841,SI,[3 1 2],52.5,10,996.6999999999971,0.0,False,7
6,0,1,[3 2 1],952.5,0.5,0.5,0.019494803697250873,SI,[3 1 2],52.5,10,996.6999999999971,0.0,False,7
6,0,2,[3 2 1],952.5,0.5,0.5,0.4301101241698543,SI,[3 1 2],52.5,10,996.6999999999971,0.0,False,7
6,0,3,[3 2 1],952.5,0.5,0.5,0.31808755012990675,SI,[3 1 2],52.5,10,996.6999999999971,0.0,False,7
6,0,4,[3 2 1],952.5,0.5,0.5,0.32578061672235714,SI,[3 1 2],52.5,10,996.6999999999971,0.0,False,7
7,0,0,[3 2 1],952.5,0.5,0.5,0.3943893773103794,SI,[3 1 2],52.5,10,996.6999999999971,0.0,False,7
7,0,1,[3 2 1],952.5,0.5,0.5,0.7842154577088196,MI,[1 2 3],89.0,10,979.5999999999985,0.0,False,7
7,0,2,[3 2 1],952.5,0.5,0.5,0.31813092830773415,SI,[3 1 2],52.5,10,996.6999999999971,0.0,False,7
7,0,3,[3 2 1],952.5,0.5,0.5,0.0918473954646214,SI,[3 1 2],52.5,10,996.6999999999971,0.0,False,7
7,0,4,[3 2 1],952.5,0.5,0.5,0.07535723362892821,SI,[3 1 2],52.5,10,996.6999999999971,0.0,False,7
8,0,0,[3 2 1],952.5,0.5,0.5,0.07275998876740597,SI,[3 1 2],52.5,10,996.6999999999971,0.0,False,7
8,0,1,[3 2 1],952.5,0.5,0.5,0.18463437408789674,SI,[3 1 2],52.5,10,996.6999999999971,0.0,False,7
8,0,2,[3 2 1],952.5,0.5,0.5,0.43455800927758315,SI,[1 2 3],89.0,10,979.5999999999985,0.0,False,7
8,0,3,[3 2 1],952.5,0.5,0.5,0.17260597274358425,SI,[3 1 2],52.5,10,996.6999999999971,0.0,False,7
8,0,4,[3 2 1],952.5,0.5,0.5,0.16858188474768188,SI,[3 1 2],52.5,10,996.6999999999971,0.0,False,7
9,0,0,[3 2 1],952.5,0.5,0.5,0.3177219855178044,SI,[3 1 2],52.5,10,996.6999999999971,0.0,False,7
9,0,1,[3 2 1],952.5,0.5,0.5,0.456143142675295,SI,[3 1 2],52.5,10,996.6999999999971,0.0,False,7
9,0,2,[3 2 1],952.5,0.5,0.5,0.04671698972675031,SI,[3 1 2],52.5,10,996.6999999999971,0.0,False,7
9,0,3,[3 2 1],952.5,0.5,0.5,0.254699705484392,SI,[3 1 2],52.5,10,996.6999999999971,0.0,False,7
9,0,4,[3 2 1],952.5,0.5,0.5,0.5894331211463602,MI,[1 2 3],89.0,10,979.5999999999985,0.0,False,7
10,0,0,[3 2 1],952.5,0.5,0.5,0.7923555598571738,MI,[1 2 3],89.0,10,979.5999999999985,0.0,False,7
10,0,1,[3 2 1],952.5,0.5,0.5,0.09865112114463548,SI,[1 2 3],89.0,10,979.5999999999985,0.0,False,7
10,0,2,[3 2 1],952.5,0.5,0.5,0.4718438240047901,SI,[3 1 2],52.5,10,996.6999999999971,0.0,False,7
10,0,3,[3 2 1],952.5,0.5,0.5,0.13803615090821675,SI,[3 1 2],52.5,10,996.6999999999971,0.0,False,7
10,0,4,[3 2 1],952.5,0.5,0.5,0.1921114079077898,SI,[3 1 2],52.5,10,996.6999999999971,0.0,False,7
11,0,0,[3 2 1],952.5,0.5,0.5,0.14402684111845188,SI,[1 2 3],89.0,10,979.5999999999985,0.0,False,7
11,0,1,[3 2 1],952.5,0.5,0.5,0.44924143949872053,SI,[3 1 2],52.5,10,996.6999999999971,0.0,False,7
11,0,2,[3 2 1],952.5,0.5,0.5,0.11829281793108393,SI,[3 1 2],52.5,10,996.6999999999971,0.0,False,7
11,0,3,[3 2 1],952.5,0.5,0.5,0.10828577127804018,SI,[3 1 2],52.5,10,996.6999999999971,0.0,False,7
11,0,4,[3 2 1],952.5,0.5,0.5,0.43380778967110956,SI,[3 1 2],52.5,10,996.6999999999971,0.0,False,7
12,0,0,[3 2 1],952.5,0.5,0.5,0.5041834378399473,MI,[1 2 3],89.0,10,979.5999999999985,0.0,False,7
12,0,1,[3 2 1],952.5,0.5,0.5,0.31861673308546157,SI,[3 1 2],52.5,10,996.6999999999971,0.0,False,7
12,0,2,[3 2 1],952.5,0.5,0.5,0.3665425142450638,SI,[3 1 2],52.5,10,996.6999999999971,0.0,False,7
12,0,3,[3 2 1],952.5,0.5,0.5,0.9032867508392046,MI,[1 2 3],89.0,10,979.5999999999985,0.0,False,7
12,0,4,[3 2 1],952.5,0.5,0.5,0.26289384922032855,SI,[3 1 2],52.5,10,996.6999999999971,0.0,False,7
13,0,0,[3 2 1],952.5,0.5,0.5,0.3518702293948829,SI,[3 1 2],52.5,10,996.6999999999971,0.0,False,7
13,0,1,[3 2 1],952.5,0.5,0.5,0.43113432690657716,SI,[3 1 2],52.5,10,996.6999999999971,0.0,False,7
13,0,2,[3 2 1],952.5,0.5,0.5,0.44691291798540334,SI,[3 1 2],52.5,10,996.6999999999971,0.0,False,7
13,0,3,[3 2 1],952.5,0.5,0.5,0.36273862696116355,SI,[3 1 2],52.5,10,996.6999999999971,0.0,False,7
13,0,4,[3 2 1],952.5,0.5,0.5,0.48064909129211075,SI,[3 1 2],52.5,10,996.6999999999971,0.0,False,7
14,0,0,[3 2 1],952.5,0.5,0.5,0.3697188304617567,SI,[3 1 2],52.5,10,996.6999999999971,0.0,False,7
14,0,1,[3 2 1],952.5,0.5,0.5,0.051043792088176554,SI,[3 1 2],52.5,10,996.6999999999971,0.0,False,7
14,0,2,[3 2 1],952.5,0.5,0.5,0.018682035168213096,SI,[3 1 2],52.5,10,996.6999999999971,0.0,False,7
14,0,3,[3 2 1],952.5,0.5,0.5,0.06678676777658699,SI,[3 1 2],52.5,10,996.6999999999971,0.0,False,7
14,0,4,[3 2 1],952.5,0.5,0.5,0.4799188702677156,SI,[3 1 2],52.5,10,996.6999999999971,0.0,False,7
15,0,0,[3 2 1],952.5,0.5,0.5,0.2353590822138123,SI,[3 1 2],52.5,10,996.6999999999971,0.0,False,7
15,0,1,[3 2 1],952.5,0.5,0.5,0.12654856155374383,SI,[3 1 2],52.5,10,996.6999999999971,0.0,False,7
15,0,2,[3 2 1],952.5,0.5,0.5,0.4840518279150243,SI,[3 1 2],52.5,10,996.6999999999971,0.0,False,7
15,0,3,[3 2 1],952.5,0.5,0.5,0.28880339605069827,SI,[3 1 2],52.5,10,996.6999999999971,0.0,False,7
15,0,4,[3 2 1],952.5,0.5,0.5,0.45280747583611114,SI,[3 1 2],52.5,10,996.6999999999971,0.0,False,7
16,0,0,[3 2 1],952.5,0.5,0.5,0.11553850917346664,SI,[1 2 3],89.0,10,979.5999999999985,0.0,False,7
16,0,1,[3 2 1],952.5,0.5,0.5,0.07790276525485762,SI,[3 1 2],52.5,10,996.6999999999971,0.0,False,7
16,0,2,[3 2 1],952.5,0.5,0.5,0.08426179350892615,SI,[3 1 2],52.5,10,996.6999999999971,0.0,False,7
16,0,3,[3 2 1],952.5,0.5,0.5,0.19099444649496278,SI,[3 1 2],52.5,10,996.6999999999971,0.0,False,7
16,0,4,[3 2 1],952.5,0.5,0.5,0.34353916318667455,SI,[3 1 2],52.5,10,996.6999999999971,0.0,False,7
17,0,0,[3 2 1],952.5,0.5,0.5,0.04195470871741336,SI,[3 1 2],52.5,10,996.6999999999971,0.0,False,7
17,0,1,[3 2 1],952.5,0.5,0.5,0.3070179772325001,SI,[3 1 2],52.5,10,996.6999999999971,0.0,False,7
17,0,2,[3 2 1],952.5,0.5,0.5,0.30004762907506866,SI,[3 1 2],52.5,10,996.6999999999971,0.0,False,7
17,0,3,[3 2 1],952.5,0.5,0.5,0.4137918928406732,SI,[3 1 2],52.5,10,996.6999999999971,0.0,False,7
17,0,4,[3 2 1],952.5,0.5,0.5,0.2682973942944803,SI,[3 1 2],52.5,10,996.6999999999971,0.0,False,7
18,0,0,[3 2 1],952.5,0.5,0.5,0.5038418864205462,MI,[1 2 3],89.0,10,979.5999999999985,0.0,False,7
18,0,1,[3 2 1],952.5,0.5,0.5,0.9492646320299342,MI,[1 2 3],89.0,10,979.5999999999985,0.0,False,7
18,0,2,[3 2 1],952.5,0.5,0.5,0.25214315235470175,SI,[3 1 2],52.5,10,996.6999999999971,0.0,False,7
18,0,3,[3 2 1],952.5,0.5,0.5,0.3130289311470147,SI,[3 1 2],52.5,10,996.6999999999971,0.0,False,7
18,0,4,[3 2 1],952.5,0.5,0.5,0.44650752559537654,SI,[3 1 2],52.5,10,996.6999999999971,0.0,False,7
19,0,0,[3 2 1],952.5,0.5,0.5,0.4872265721904032,SI,[3 1 2],52.5,10,996.6999999999971,0.0,False,7
19,0,1,[3 2 1],952.5,0.5,0.5,0.31387019394364113,SI,[3 1 2],52.5,10,996.6999999999971,0.0,False,7
19,0,2,[3 2 1],952.5,0.5,0.5,0.44054344634906417,SI,[1 2 3],89.0,10,979.5999999999985,0.0,False,7
19,0,3,[3 2 1],952.5,0.5,0.5,0.17360291840642927,SI,[3 1 2],52.5,10,996.6999999999971,0.0,False,7
19,0,4,[3 2 1],952.5,0.5,0.5,0.2454062673496462,SI,[3 1 2],52.5,10,996.6999999999971,0.0,False,7
20,0,0,[3 2 1],952.5,0.5,0.5,0.012342730212301811,SI,[3 1 2],52.5,10,996.6999999999971,0.0,False,7
20,0,1,[3 2 1],952.5,0.5,0.5,0.19149193470183,SI,[3 1 2],52.5,10,996.6999999999971,0.0,False,7
20,0,2,[3 2 1],952.5,0.5,0.5,0.5352609376636904,MI,[1 2 3],89.0,10,979.5999999999985,0.0,False,7
20,0,3,[3 2 1],952.5,0.5,0.5,0.3702366322544244,SI,[3 1 2],52.5,10,996.6999999999971,0.0,False,7
20,0,4,[3 2 1],952.5,0.5,0.5,0.28380077856253305,SI,[3 1 2],52.5,10,996.6999999999971,0.0,False,7
21,0,0,[3 2 1],952.5,0.5,0.5,0.42650142886313847,SI,[3 1 2],52.5,10,996.6999999999971,0.0,False,7
21,0,1,[3 2 1],952.5,0.5,0.5,0.3449190068312228,SI,[3 1 2],52.5,10,996.6999999999971,0.0,False,7
21,0,2,[3 2 1],952.5,0.5,0.5,0.9751244721262584,MI,[1 2 3],89.0,10,979.5999999999985,0.0,False,7
21,0,3,[3 2 1],952.5,0.5,0.5,0.6585908646366789,MI,[1 2 3],89.0,10,979.5999999999985,0.0,False,7
21,0,4,[3 2 1],952.5,0.5,0.5,0.14060565653715595,SI,[3 1 2],52.5,10,996.6999999999971,0.0,False,7
22,0,0,[3 2 1],952.5,0.5,0.5,0.3939923967680985,SI,[3 1 2],52.5,10,996.6999999999971,0.0,False,7
22,0,1,[3 2 1],952.5,0.5,0.5,0.22248817464181347,SI,[3 1 2],52.5,10,996.6999999999971,0.0,False,7
22,0,2,[3 2 1],952.5,0.5,0.5,0.8522599501435495,MI,[1 2 3],89.0,10,979.5999999999985,0.0,False,7
22,0,3,[3 2 1],952.5,0.5,0.5,0.4764277190693058,SI,[3 1 2],52.5,10,996.6999999999971,0.0,False,7
22,0,4,[3 2 1],952.5,0.5,0.5,0.18279468981613678,SI,[3 1 2],52.5,10,996.6999999999971,0.0,False,7
23,0,0,[3 2 1],952.5,0.5,0.5,0.35132198570928697,SI,[3 1 2],52.5,10,996.6999999999971,0.0,False,7
23,0,1,[3 2 1],952.5,0.5,0.5,0.03661409105147162,SI,[3 1 2],52.5,10,996.6999999999971,0.0,False,7
23,0,2,[3 2 1],952.5,0.5,0.5,0.43795235804118926,SI,[3 1 2],52.5,10,996.6999999999971,0.0,False,7
23,0,3,[3 2 1],952.5,0.5,0.5,0.2763712046226001,SI,[3 1 2],52.5,10,996.6999999999971,0.0,False,7
23,0,4,[3 2 1],952.5,0.5,0.5,0.2767480983838161,SI,[3 1 2],52.5,10,996.6999999999971,0.0,False,7
24,0,0,[3 2 1],952.5,0.5,0.5,0.22431643804818935,SI,[3 1 2],52.5,10,996.6999999999971,0.0,False,7
24,0,1,[3 2 1],952.5,0.5,0.5,0.4404853510213884,SI,[3 1 2],52.5,10,996.6999999999971,0.0,False,7
24,0,2,[3 2 1],952.5,0.5,0.5,0.06490153649698449,SI,[3 1 2],52.5,10,996.6999999999971,0.0,False,7
24,0,3,[3 2 1],952.5,0.5,0.5,0.44633814837464836,SI,[3 1 2],52.5,10,996.6999999999971,0.0,False,7
24,0,4,[3 2 1],952.5,0.5,0.5,0.4372926962529067,SI,[3 1 2],52.5,10,996.6999999999971,0.0,False,7
25,0,0,[3 2 1],952.5,0.5,0.5,0.018481845040614897,SI,[3 1 2],52.5,10,996.6999999999971,0.0,False,7
25,0,1,[3 2 1],952.5,0.5,0.5,0.23898238626323698,SI,[3 1 2],52.5,10,996.6999999999971,0.0,False,7
25,0,2,[3 2 1],952.5,0.5,0.5,0.7530552883089232,MI,[1 2 3],89.0,10,979.5999999999985,0.0,False,7
25,0,3,[3 2 1],952.5,0.5,0.5,0.20642047772745442,SI,[3 1 2],52.5,10,996.6999999999971,0.0,False,7
25,0,4,[3 2 1],952.5,0.5,0.5,0.661080911509164,MI,[1 2 3],89.0,10,979.5999999999985,0.0,False,7
26,0,0,[3 2 1],952.5,0.5,0.5,0.034006695148435795,SI,[3 1 2],52.5,10,996.6999999999971,0.0,False,7
26,0,1,[3 2 1],952.5,0.5,0.5,0.45710790464345774,SI,[3 1 2],52.5,10,996.6999999999971,0.0,False,7
26,0,2,[3 2 1],952.5,0.5,0.5,0.32572832127499474,SI,[3 1 2],52.5,10,996.6999999999971,0.0,False,7
26,0,3,[3 2 1],952.5,0.5,0.5,0.1439387647902678,SI,[3 1 2],52.5,10,996.6999999999971,0.0,False,7
26,0,4,[3 2 1],952.5,0.5,0.5,0.03457768484965229,SI,[3 1 2],52.5,10,996.6999999999971,0.0,False,7
27,0,0,[3 2 1],952.5,0.5,0.5,0.40529250256939164,SI,[3 1 2],52.5,10,996.6999999999971,0.0,False,7
27,0,1,[3 2 1],952.5,0.5,0.5,0.1802982976283618,SI,[3 1 2],52.5,10,996.6999999999971,0.0,False,7
27,0,2,[3 2 1],952.5,0.5,0.5,0.48485501386516905,SI,[3 1 2],52.5,10,996.6999999999971,0.0,False,7
27,0,3,[3 2 1],952.5,0.5,0.5,0.1755197149520934,SI,[3 1 2],52.5,10,996.6999999999971,0.0,False,7
27,0,4,[3 2 1],952.5,0.5,0.5,0.2306087610114944,SI,[3 1 2],52.5,10,996.6999999999971,0.0,False,7
28,0,0,[3 2 1],952.5,0.5,0.5,0.1371183770905241,SI,[3 1 2],52.5,10,996.6999999999971,0.0,False,7
28,0,1,[3 2 1],952.5,0.5,0.5,0.8356387372002114,MI,[1 2 3],89.0,10,979.5999999999985,0.0,False,7
28,0,2,[3 2 1],952.5,0.5,0.5,0.40417289054334316,SI,[3 1 2],52.5,10,996.6999999999971,0.0,False,7
28,0,3,[3 2 1],952.5,0.5,0.5,0.36667590476757306,SI,[3 1 2],52.5,10,996.6999999999971,0.0,False,7
28,0,4,[3 2 1],952.5,0.5,0.5,0.4656952716640048,SI,[3 1 2],52.5,10,996.6999999999971,0.0,False,7
29,0,0,[3 2 1],952.5,0.5,0.5,0.49214511104840397,SI,[3 1 2],52.5,10,996.6999999999971,0.0,False,7
29,0,1,[3 2 1],952.5,0.5,0.5,0.2488443658492785,SI,[3 1 2],52.5,10,996.6999999999971,0.0,False,7
29,0,2,[3 2 1],952.5,0.5,0.5,0.26765984232946105,SI,[3 1 2],52.5,10,996.6999999999971,0.0,False,7
29,0,3,[3 2 1],952.5,0.5,0.5,0.402812859159685,SI,[3 1 2],52.5,10,996.6999999999971,0.0,False,7
29,0,4,[3 2 1],952.5,0.5,0.5,0.10244210245643959,SI,[3 1 2],52.5,10,996.6999999999971,0.0,False,7
30,0,0,[3 2 1],952.5,0.5,0.5,0.048111996438635285,SI,[3 1 2],52.5,10,996.6999999999971,0.0,False,7
30,0,1,[3 2 1],952.5,0.5,0.5,0.9048687707702354,MI,[1 2 3],89.0,10,979.5999999999985,0.0,False,7
30,0,2,[3 2 1],952.5,0.5,0.5,0.09552964660050811,SI,[3 1 2],52.5,10,996.6999999999971,0.0,False,7
30,0,3,[3 2 1],952.5,0.5,0.5,0.4183251472368804,SI,[3 1 2],52.5,10,996.6999999999971,0.0,False,7
30,0,4,[3 2 1],952.5,0.5,0.5,0.3519394046714249,SI,[3 1 2],52.5,10,996.6999999999971,0.0,False,7
31,0,0,[3 2 1],952.5,0.5,0.5,0.47388325016429755,SI,[3 1 2],52.5,10,996.6999999999971,0.0,False,7
31,0,1,[3 2 1],952.5,0.5,0.5,0.420626772764192,SI,[3 1 2],52.5,10,996.6999999999971,0.0,False,7
31,0,2,[3 2 1],952.5,0.5,0.5,0.40747480185235485,SI,[3 1 2],52.5,10,996.6999999999971,0.0,False,7
31,0,3,[3 2 1],952.5,0.5,0.5,0.01620436552844373,SI,[3 1 2],52.5,10,996.6999999999971,0.0,False,7
31,0,4,[3 2 1],952.5,0.5,0.5,0.08592774749707865,SI,[3 1 2],52.5,10,996.6999999999971,0.0,False,7
32,0,0,[3 2 1],952.5,0.5,0.5,0.8181955097180179,MI,[1 2 3],89.0,10,979.5999999999985,0.0,False,7
32,0,1,[3 2 1],952.5,0.5,0.5,0.5870199480842087,MI,[1 2 3],89.0,10,979.5999999999985,0.0,False,7
32,0,2,[3 2 1],952.5,0.5,0.5,0.4194728756441084,SI,[3 1 2],52.5,10,996.6999999999971,0.0,False,7
32,0,3,[3 2 1],952.5,0.5,0.5,0.21276359854356253,SI,[3 1 2],52.5,10,996.6999999999971,0.0,False,7
32,0,4,[3 2 1],952.5,0.5,0.5,0.044899561090246176,SI,[1 2 3],89.0,10,979.5999999999985,0.0,False,7
33,0,0,[3 2 1],952.5,0.5,0.5,0.23657624811478994,SI,[3 1 2],52.5,10,996.6999999999971,0.0,False,7
33,0,1,[3 2 1],952.5,0.5,0.5,0.3576213965684849,SI,[3 1 2],52.5,10,996.6999999999971,0.0,False,7
33,0,2,[3 2 1],952.5,0.5,0.5,0.07381546056154353,SI,[3 1 2],52.5,10,996.6999999999971,0.0,False,7
33,0,3,[3 2 1],952.5,0.5,0.5,0.4070566695247626,SI,[3 1 2],52.5,10,996.6999999999971,0.0,False,7
33,0,4,[3 2 1],952.5,0.5,0.5,0.35400356324094484,SI,[3 1 2],52.5,10,996.6999999999971,0.0,False,7
34,0,0,[3 2 1],952.5,0.5,0.5,0.9412906966286331,MI,[1 2 3],89.0,10,979.5999999999985,0.0,False,7
34,0,1,[3 2 1],952.5,0.5,0.5,0.2925300621903094,SI,[3 1 2],52.5,10,996.6999999999971,0.0,False,7
34,0,2,[3 2 1],952.5,0.5,0.5,0.17643276060426394,SI,[1 2 3],89.0,10,979.5999999999985,0.0,False,7
34,0,3,[3 2 1],952.5,0.5,0.5,0.604365345774522,MI,[1 2 3],89.0,10,979.5999999999985,0.0,False,7
34,0,4,[3 2 1],952.5,0.5,0.5,0.041127320564308234,SI,[3 1 2],52.5,10,996.6999999999971,0.0,False,7
35,0,0,[3 2 1],952.5,0.5,0.5,0.23488518629369848,SI,[3 1 2],52.5,10,996.6999999999971,0.0,False,7
35,0,1,[3 2 1],952.5,0.5,0.5,0.030268777083912624,SI,[3 1 2],52.5,10,996.6999999999971,0.0,False,7
35,0,2,[3 2 1],952.5,0.5,0.5,0.26110491220652,SI,[3 1 2],52.5,10,996.6999999999971,0.0,False,7
35,0,3,[3 2 1],952.5,0.5,0.5,0.31381839481765494,SI,[3 1 2],52.5,10,996.6999999999971,0.0,False,7
35,0,4,[3 2 1],952.5,0.5,0.5,0.479139649580008,SI,[3 1 2],52.5,10,996.6999999999971,0.0,False,7
36,0,0,[3 2 1],952.5,0.5,0.5,0.7522154753687321,MI,[1 2 3],89.0,10,979.5999999999985,0.0,False,7
36,0,1,[3 2 1],952.5,0.5,0.5,0.14308768092461488,SI,[3 1 2],52.5,10,996.6999999999971,0.0,False,7
36,0,2,[3 2 1],952.5,0.5,0.5,0.4546923749717605,SI,[3 1 2],52.5,10,996.6999999999971,0.0,False,7
36,0,3,[3 2 1],952.5,0.5,0.5,0.3412220366606509,SI,[3 1 2],52.5,10,996.6999999999971,0.0,False,7
36,0,4,[3 2 1],952.5,0.5,0.5,0.40821748778556377,SI,[3 1 2],52.5,10,996.6999999999971,0.0,False,7
37,0,0,[3 2 1],952.5,0.5,0.5,0.44821651575518373,SI,[3 1 2],52.5,10,996.6999999999971,0.0,False,7
37,0,1,[3 2 1],952.5,0.5,0.5,0.516852904683119,MI,[1 2 3],89.0,10,979.5999999999985,0.0,False,7
37,0,2,[3 2 1],952.5,0.5,0.5,0.3559238804084387,SI,[3 1 2],52.5,10,996.6999999999971,0.0,False,7
37,0,3,[3 2 1],952.5,0.5,0.5,0.07172032396383565,SI,[3 1 2],52.5,10,996.6999999999971,0.0,False,7
37,0,4,[3 2 1],952.5,0.5,0.5,0.08620904479791758,SI,[3 1 2],52.5,10,996.6999999999971,0.0,False,7
38,0,0,[3 2 1],952.5,0.5,0.5,0.274812502973507,SI,[3 1 2],52.5,10,996.6999999999971,0.0,False,7
38,0,1,[3 2 1],952.5,0.5,0.5,0.27911485064611785,SI,[3 1 2],52.5,10,996.6999999999971,0.0,False,7
38,0,2,[3 2 1],952.5,0.5,0.5,0.0386746271384224,SI,[3 1 2],52.5,10,996.6999999999971,0.0,False,7
38,0,3,[3 2 1],952.5,0.5,0.5,0.2766876752201207,SI,[3 1 2],52.5,10,996.6999999999971,0.0,False,7
38,0,4,[3 2 1],952.5,0.5,0.5,0.18872351572276724,SI,[3 1 2],52.5,10,996.6999999999971,0.0,False,7
39,0,0,[3 2 1],952.5,0.5,0.5,0.12701698103332038,SI,[3 1 2],52.5,10,996.6999999999971,0.0,False,7
39,0,1,[3 2 1],952.5,0.5,0.5,0.3885637418980493,SI,[3 1 2],52.5,10,996.6999999999971,0.0,False,7
39,0,2,[3 2 1],952.5,0.5,0.5,0.0959284925751489,SI,[3 1 2],52.5,10,996.6999999999971,0.0,False,7
39,0,3,[3 2 1],952.5,0.5,0.5,0.32854472090433817,SI,[3 1 2],52.5,10,996.6999999999971,0.0,False,7
39,0,4,[3 2 1],952.5,0.5,0.5,0.3441411566167548,SI,[3 1 2],52.5,10,996.6999999999971,0.0,False,7
40,0,0,[3 2 1],952.5,0.5,0.5,0.17623436558111538,SI,[3 1 2],52.5,10,996.6999999999971,0.0,False,7
40,0,1,[3 2 1],952.5,0.5,0.5,0.43513141791954724,SI,[3 1 2],52.5,10,996.6999999999971,0.0,False,7
40,0,2,[3 2 1],952.5,0.5,0.5,0.38120893195555317,SI,[3 1 2],52.5,10,996.6999999999971,0.0,False,7
40,0,3,[3 2 1],952.5,0.5,0.5,0.272946342499673,SI,[3 1 2],52.5,10,996.6999999999971,0.0,False,7
40,0,4,[3 2 1],952.5,0.5,0.5,0.03129393250421242,SI,[3 1 2],52.5,10,996.6999999999971,0.0,False,7
41,0,0,[3 2 1],952.5,0.5,0.5,0.548099541169561,MI,[1 2 3],89.0,10,979.5999999999985,0.0,False,7
41,0,1,[3 2 1],952.5,0.5,0.5,0.001422241378266631,SI,[3 1 2],52.5,10,996.6999999999971,0.0,False,7
41,0,2,[3 2 1],952.5,0.5,0.5,0.17086133157839045,SI,[3 1 2],52.5,10,996.6999999999971,0.0,False,7
41,0,3,[3 2 1],952.5,0.5,0.5,0.1943420254907271,SI,[3 1 2],52.5,10,996.6999999999971,0.0,False,7
41,0,4,[3 2 1],952.5,0.5,0.5,0.24353138173483146,SI,[3 1 2],52.5,10,996.6999999999971,0.0,False,7
42,0,0,[3 2 1],952.5,0.5,0.5,0.4694821758493466,SI,[3 1 2],52.5,10,996.6999999999971,0.0,False,7
42,0,1,[3 2 1],952.5,0.5,0.5,0.11331961218681685,SI,[1 2 3],89.0,10,979.5999999999985,0.0,False,7
42,0,2,[3 2 1],952.5,0.5,0.5,0.00399544420476583,SI,[1 2 3],89.0,10,979.5999999999985,0.0,False,7
42,0,3,[3 2 1],952.5,0.5,0.5,0.047869050895326226,SI,[3 1 2],52.5,10,996.6999999999971,0.0,False,7
42,0,4,[3 2 1],952.5,0.5,0.5,0.03380239651253247,SI,[3 1 2],52.5,10,996.6999999999971,0.0,False,7
43,0,0,[3 2 1],952.5,0.5,0.5,0.39593634238831876,SI,[3 1 2],52.5,10,996.6999999999971,0.0,False,7
43,0,1,[3 2 1],952.5,0.5,0.5,0.12120178774184642,SI,[3 1 2],52.5,10,996.6999999999971,0.0,False,7
43,0,2,[3 2 1],952.5,0.5,0.5,0.18577427981367,SI,[3 1 2],52.5,10,996.6999999999971,0.0,False,7
43,0,3,[3 2 1],952.5,0.5,0.5,0.3371429694988004,SI,[3 1 2],52.5,10,996.6999999999971,0.0,False,7
43,0,4,[3 2 1],952.5,0.5,0.5,0.23291530244308534,SI,[3 1 2],52.5,10,996.6999999999971,0.0,False,7
44,0,0,[3 2 1],952.5,0.5,0.5,0.4132974207782715,SI,[3 1 2],52.5,10,996.6999999999971,0.0,False,7
44,0,1,[3 2 1],952.5,0.5,0.5,0.24464009702636624,SI,[3 1 2],52.5,10,996.6999999999971,0.0,False,7
44,0,2,[3 2 1],952.5,0.5,0.5,0.12660969568596847,SI,[3 1 2],52.5,10,996.6999999999971,0.0,False,7
44,0,3,[3 2 1],952.5,0.5,0.5,0.061790639223108235,SI,[3 1 2],52.5,10,996.6999999999971,0.0,False,7
44,0,4,[3 2 1],952.5,0.5,0.5,0.3314083143476877,SI,[3 1 2],52.5,10,996.6999999999971,0.0,False,7
45,0,0,[3 2 1],952.5,0.5,0.5,0.48800556551743624,SI,[3 1 2],52.5,10,996.6999999999971,0.0,False,7
45,0,1,[3 2 1],952.5,0.5,0.5,0.4215829647513111,SI,[3 1 2],52.5,10,996.6999999999971,0.0,False,7
45,0,2,[3 2 1],952.5,0.5,0.5,0.3700993546790513,SI,[3 1 2],52.5,10,996.6999999999971,0.0,False,7
45,0,3,[3 2 1],952.5,0.5,0.5,0.23750154348291108,SI,[3 1 2],52.5,10,996.6999999999971,0.0,False,7
45,0,4,[3 2 1],952.5,0.5,0.5,0.0776465170880356,SI,[3 1 2],52.5,10,996.6999999999971,0.0,False,7
46,0,0,[3 2 1],952.5,0.5,0.5,0.4863878793180778,SI,[3 1 2],52.5,10,996.6999999999971,0.0,False,7
46,0,1,[3 2 1],952.5,0.5,0.5,0.0943620678576711,SI,[3 1 2],52.5,10,996.6999999999971,0.0,False,7
46,0,2,[3 2 1],952.5,0.5,0.5,0.3654536104113698,SI,[1 2 3],89.0,10,979.5999999999985,0.0,False,7
46,0,3,[3 2 1],952.5,0.5,0.5,0.1051415532942197,SI,[3 1 2],52.5,10,996.6999999999971,0.0,False,7
46,0,4,[3 2 1],952.5,0.5,0.5,0.31593311503344756,SI,[3 1 2],52.5,10,996.6999999999971,0.0,False,7
47,0,0,[3 2 1],952.5,0.5,0.5,0.07366713606343867,SI,[3 1 2],52.5,10,996.6999999999971,0.0,False,7
47,0,1,[3 2 1],952.5,0.5,0.5,0.10466160182440287,SI,[3 1 2],52.5,10,996.6999999999971,0.0,False,7
47,0,2,[3 2 1],952.5,0.5,0.5,0.45606929461299184,SI,[3 1 2],52.5,10,996.6999999999971,0.0,False,7
47,0,3,[3 2 1],952.5,0.5,0.5,0.16098499891275397,SI,[3 1 2],52.5,10,996.6999999999971,0.0,False,7
47,0,4,[3 2 1],952.5,0.5,0.5,0.10488023772086685,SI,[3 1 2],52.5,10,996.6999999999971,0.0,False,7
48,0,0,[3 2 1],952.5,0.5,0.5,0.25783275998007626,SI,[3 1 2],52.5,10,996.6999999999971,0.0,False,7
48,0,1,[3 2 1],952.5,0.5,0.5,0.6041290050758703,MI,[1 2 3],89.0,10,979.5999999999985,0.0,False,7
48,0,2,[3 2 1],952.5,0.5,0.5,0.196818791693954,SI,[3 1 2],52.5,10,996.6999999999971,0.0,False,7
48,0,3,[3 2 1],952.5,0.5,0.5,0.28710375196276205,SI,[3 1 2],52.5,10,996.6999999999971,0.0,False,7
48,0,4,[3 2 1],952.5,0.5,0.5,0.011586533421505618,SI,[3 1 2],52.5,10,996.6999999999971,0.0,False,7
49,0,0,[3 2 1],952.5,0.5,0.5,0.31995780312894506,SI,[3 1 2],52.5,10,996.6999999999971,0.0,False,7
49,0,1,[3 2 1],952.5,0.5,0.5,0.7111503646176702,MI,[1 2 3],89.0,10,979.5999999999985,0.0,False,7
49,0,2,[3 2 1],952.5,0.5,0.5,0.09982752565014918,SI,[3 1 2],52.5,10,996.6999999999971,0.0,False,7
49,0,3,[3 2 1],952.5,0.5,0.5,0.22797210234328436,SI,[3 1 2],52.5,10,996.6999999999971,0.0,False,7
49,0,4,[3 2 1],952.5,0.5,0.5,0.43441537004503783,SI,[3 1 2],52.5,10,996.6999999999971,0.0,False,7
50,0,0,[3 2 1],952.5,0.5,0.5,0.32835505135871734,SI,[3 1 2],52.5,10,996.6999999999971,0.0,False,7
50,0,1,[3 2 1],952.5,0.5,0.5,0.3988583686047994,SI,[3 1 2],52.5,10,996.6999999999971,0.0,False,7
50,0,2,[3 2 1],952.5,0.5,0.5,0.70479006146118,MI,[1 2 3],89.0,10,979.5999999999985,0.0,False,7
50,0,3,[3 2 1],952.5,0.5,0.5,0.006059172691766035,SI,[3 1 2],52.5,10,996.6999999999971,0.0,False,7
50,0,4,[3 2 1],952.5,0.5,0.5,0.12756662847950972,SI,[3 1 2],52.5,10,996.6999999999971,0.0,False,7
0,2,0,[1 2],796.3000000000029,0.5,0.5,0.499520403097963,SI,[2 1],116.90000000000003,10,884.4000000000015,0.0,False,8
0,2,1,[1 2],796.3000000000029,0.5,0.5,0.1938273801949798,SI,[2 1],116.90000000000003,10,884.4000000000015,0.0,False,8
0,2,2,[1 2],796.3000000000029,0.5,0.5,0.13636611762826611,SI,[2 1],116.90000000000003,10,884.4000000000015,0.0,False,8
0,2,3,[1 2],796.3000000000029,0.5,0.5,0.3394121768862791,SI,[2 1],116.90000000000003,10,884.4000000000015,0.0,False,8
0,2,4,[1 2],796.3000000000029,0.5,0.5,0.1874141834198234,SI,[2 1],116.90000000000003,10,884.4000000000015,0.0,False,8
1,0,0,[1 2],796.3000000000029,0.5,0.5,0.40136759436804426,SI,[2 1],116.90000000000003,10,884.4000000000015,0.0,False,8
1,0,1,[1 2],796.3000000000029,0.5,0.5,0.08894319590642241,SI,[2 1],116.90000000000003,10,884.4000000000015,0.0,False,8
1,0,2,[1 2],796.3000000000029,0.5,0.5,0.35974701114087604,SI,[2 1],116.90000000000003,10,884.4000000000015,0.0,False,8
1,0,3,[1 2],796.3000000000029,0.5,0.5,0.33895366468003396,SI,[2 1],116.90000000000003,10,884.4000000000015,0.0,False,8
1,0,4,[1 2],796.3000000000029,0.5,0.5,0.24888070174118748,SI,[2 1],116.90000000000003,10,884.4000000000015,0.0,False,8
2,0,0,[1 2],796.3000000000029,0.5,0.5,0.40230097911643947,SI,[2 1],116.90000000000003,10,884.4000000000015,0.0,False,8
2,0,1,[1 2],796.3000000000029,0.5,0.5,0.043704181838390865,SI,[2 1],116.90000000000003,10,884.4000000000015,0.0,False,8
2,0,2,[1 2],796.3000000000029,0.5,0.5,0.4468226967879889,SI,[2 1],116.90000000000003,10,884.4000000000015,0.0,False,8
2,0,3,[1 2],796.3000000000029,0.5,0.5,0.18880450635760404,SI,[2 1],116.90000000000003,10,884.4000000000015,0.0,False,8
2,0,4,[1 2],796.3000000000029,0.5,0.5,0.21341804297348366,SI,[2 1],116.90000000000003,10,884.4000000000015,0.0,False,8
3,0,0,[1 2],796.3000000000029,0.5,0.5,0.1342343451243313,SI,[2 1],116.90000000000003,10,884.4000000000015,0.0,False,8
3,0,1,[1 2],796.3000000000029,0.5,0.5,0.47207949563918616,SI,[2 1],116.90000000000003,10,884.4000000000015,0.0,False,8
3,0,2,[1 2],796.3000000000029,0.5,0.5,0.48403508671510886,SI,[2 1],116.90000000000003,10,884.4000000000015,0.0,False,8
3,0,3,[1 2],796.3000000000029,0.5,0.5,0.25446925262597575,SI,[2 1],116.90000000000003,10,884.4000000000015,0.0,False,8
3,0,4,[1 2],796.3000000000029,0.5,0.5,0.019265105538796123,SI,[2 1],116.90000000000003,10,884.4000000000015,0.0,False,8
4,0,0,[1 2],796.3000000000029,0.5,0.5,0.1579263345085632,SI,[2 1],116.90000000000003,10,884.4000000000015,0.0,False,8
4,0,1,[1 2],796.3000000000029,0.5,0.5,0.1463014788146615,SI,[2 1],116.90000000000003,10,884.4000000000015,0.0,False,8
4,0,2,[1 2],796.3000000000029,0.5,0.5,0.3919451598685464,SI,[2 1],116.90000000000003,10,884.4000000000015,0.0,False,8
4,0,3,[1 2],796.3000000000029,0.5,0.5,0.20937678883819688,SI,[2 1],116.90000000000003,10,884.4000000000015,0.0,False,8
4,0,4,[1 2],796.3000000000029,0.5,0.5,0.30798562498259097,SI,[2 1],116.90000000000003,10,884.4000000000015,0.0,False,8
5,0,0,[1 2],796.3000000000029,0.5,0.5,0.045294194295078416,SI,[2 1],116.90000000000003,10,884.4000000000015,0.0,False,8
5,0,1,[1 2],796.3000000000029,0.5,0.5,0.057743540175654084,SI,[2 1],116.90000000000003,10,884.4000000000015,0.0,False,8
5,0,2,[1 2],796.3000000000029,0.5,0.5,0.1699012202327368,SI,[2 1],116.90000000000003,10,884.4000000000015,0.0,False,8
5,0,3,[1 2],796.3000000000029,0.5,0.5,0.2899952349293109,SI,[2 1],116.90000000000003,10,884.4000000000015,0.0,False,8
5,0,4,[1 2],796.3000000000029,0.5,0.5,0.45149333675783465,SI,[2 1],116.90000000000003,10,884.4000000000015,0.0,False,8
6,0,0,[1 2],796.3000000000029,0.5,0.5,0.08398675935329458,SI,[2 1],116.90000000000003,10,884.4000000000015,0.0,False,8
6,0,1,[1 2],796.3000000000029,0.5,0.5,0.13691301847231874,SI,[2 1],116.90000000000003,10,884.4000000000015,0.0,False,8
6,0,2,[1 2],796.3000000000029,0.5,0.5,0.39296252132547926,SI,[2 1],116.90000000000003,10,884.4000000000015,0.0,False,8
6,0,3,[1 2],796.3000000000029,0.5,0.5,0.1446783661036799,SI,[2 1],116.90000000000003,10,884.4000000000015,0.0,False,8
6,0,4,[1 2],796.3000000000029,0.5,0.5,0.28625920599492416,SI,[2 1],116.90000000000003,10,884.4000000000015,0.0,False,8
7,0,0,[1 2],796.3000000000029,0.5,0.5,0.4122098127715206,SI,[2 1],116.90000000000003,10,884.4000000000015,0.0,False,8
7,0,1,[1 2],796.3000000000029,0.5,0.5,0.3354713526110108,SI,[2 1],116.90000000000003,10,884.4000000000015,0.0,False,8
7,0,2,[1 2],796.3000000000029,0.5,0.5,0.2675117877684232,SI,[2 1],116.90000000000003,10,884.4000000000015,0.0,False,8
7,0,3,[1 2],796.3000000000029,0.5,0.5,0.0757495462186375,SI,[2 1],116.90000000000003,10,884.4000000000015,0.0,False,8
7,0,4,[1 2],796.3000000000029,0.5,0.5,0.2942976262362089,SI,[2 1],116.90000000000003,10,884.4000000000015,0.0,False,8
8,0,0,[1 2],796.3000000000029,0.5,0.5,0.488423613262878,SI,[2 1],116.90000000000003,10,884.4000000000015,0.0,False,8
8,0,1,[1 2],796.3000000000029,0.5,0.5,0.045609432432577424,SI,[2 1],116.90000000000003,10,884.4000000000015,0.0,False,8
8,0,2,[1 2],796.3000000000029,0.5,0.5,0.06377358308283809,SI,[2 1],116.90000000000003,10,884.4000000000015,0.0,False,8
8,0,3,[1 2],796.3000000000029,0.5,0.5,0.42187129136960344,SI,[2 1],116.90000000000003,10,884.4000000000015,0.0,False,8
8,0,4,[1 2],796.3000000000029,0.5,0.5,0.36077623687577987,SI,[2 1],116.90000000000003,10,884.4000000000015,0.0,False,8
9,0,0,[1 2],796.3000000000029,0.5,0.5,0.05470113947763611,SI,[2 1],116.90000000000003,10,884.4000000000015,0.0,False,8
9,0,1,[1 2],796.3000000000029,0.5,0.5,0.2894545037088253,SI,[2 1],116.90000000000003,10,884.4000000000015,0.0,False,8
9,0,2,[1 2],796.3000000000029,0.5,0.5,0.3797866894761798,SI,[2 1],116.90000000000003,10,884.4000000000015,0.0,False,8
9,0,3,[1 2],796.3000000000029,0.5,0.5,0.005163695566338666,SI,[2 1],116.90000000000003,10,884.4000000000015,0.0,False,8
9,0,4,[1 2],796.3000000000029,0.5,0.5,0.19211394102684676,SI,[2 1],116.90000000000003,10,884.4000000000015,0.0,False,8
10,0,0,[1 2],796.3000000000029,0.5,0.5,0.0024426813271519743,SI,[2 1],116.90000000000003,10,884.4000000000015,0.0,False,8
10,0,1,[1 2],796.3000000000029,0.5,0.5,0.12749208463659722,SI,[2 1],116.90000000000003,10,884.4000000000015,0.0,False,8
10,0,2,[1 2],796.3000000000029,0.5,0.5,0.35687379066277425,SI,[2 1],116.90000000000003,10,884.4000000000015,0.0,False,8
10,0,3,[1 2],796.3000000000029,0.5,0.5,0.46038332065737164,SI,[2 1],116.90000000000003,10,884.4000000000015,0.0,False,8
10,0,4,[1 2],796.3000000000029,0.5,0.5,0.38968837755304286,SI,[2 1],116.90000000000003,10,884.4000000000015,0.0,False,8
11,0,0,[1 2],796.3000000000029,0.5,0.5,0.22956598637251735,SI,[2 1],116.90000000000003,10,884.4000000000015,0.0,False,8
11,0,1,[1 2],796.3000000000029,0.5,0.5,0.1354017059796352,SI,[2 1],116.90000000000003,10,884.4000000000015,0.0,False,8
11,0,2,[1 2],796.3000000000029,0.5,0.5,0.21609700893169748,SI,[2 1],116.90000000000003,10,884.4000000000015,0.0,False,8
11,0,3,[1 2],796.3000000000029,0.5,0.5,0.23038184352806934,SI,[2 1],116.90000000000003,10,884.4000000000015,0.0,False,8
11,0,4,[1 2],796.3000000000029,0.5,0.5,0.06662504698788574,SI,[2 1],116.90000000000003,10,884.4000000000015,0.0,False,8
12,0,0,[1 2],796.3000000000029,0.5,0.5,0.28783472722505266,SI,[2 1],116.90000000000003,10,884.4000000000015,0.0,False,8
12,0,1,[1 2],796.3000000000029,0.5,0.5,0.41185895806943196,SI,[2 1],116.90000000000003,10,884.4000000000015,0.0,False,8
12,0,2,[1 2],796.3000000000029,0.5,0.5,0.22989168107549907,SI,[2 1],116.90000000000003,10,884.4000000000015,0.0,False,8
12,0,3,[1 2],796.3000000000029,0.5,0.5,0.4625904278257478,SI,[2 1],116.90000000000003,10,884.4000000000015,0.0,False,8
12,0,4,[1 2],796.3000000000029,0.5,0.5,0.0285891306097823,SI,[2 1],116.90000000000003,10,884.4000000000015,0.0,False,8
13,0,0,[1 2],796.3000000000029,0.5,0.5,0.26787247109113155,SI,[2 1],116.90000000000003,10,884.4000000000015,0.0,False,8
13,0,1,[1 2],796.3000000000029,0.5,0.5,0.03956416990590683,SI,[2 1],116.90000000000003,10,884.4000000000015,0.0,False,8
13,0,2,[1 2],796.3000000000029,0.5,0.5,0.3598776713828662,SI,[2 1],116.90000000000003,10,884.4000000000015,0.0,False,8
13,0,3,[1 2],796.3000000000029,0.5,0.5,0.4470789136332751,SI,[2 1],116.90000000000003,10,884.4000000000015,0.0,False,8
13,0,4,[1 2],796.3000000000029,0.5,0.5,0.18134597808959751,SI,[2 1],116.90000000000003,10,884.4000000000015,0.0,False,8
14,0,0,[1 2],796.3000000000029,0.5,0.5,0.36648255633734894,SI,[2 1],116.90000000000003,10,884.4000000000015,0.0,False,8
14,0,1,[1 2],796.3000000000029,0.5,0.5,0.11210850741032397,SI,[2 1],116.90000000000003,10,884.4000000000015,0.0,False,8
14,0,2,[1 2],796.3000000000029,0.5,0.5,0.4867645606659212,SI,[2 1],116.90000000000003,10,884.4000000000015,0.0,False,8
14,0,3,[1 2],796.3000000000029,0.5,0.5,0.27117814154824216,SI,[2 1],116.90000000000003,10,884.4000000000015,0.0,False,8
14,0,4,[1 2],796.3000000000029,0.5,0.5,0.4684136971872428,SI,[2 1],116.90000000000003,10,884.4000000000015,0.0,False,8
15,0,0,[1 2],796.3000000000029,0.5,0.5,0.36374707920133476,SI,[2 1],116.90000000000003,10,884.4000000000015,0.0,False,8
15,0,1,[1 2],796.3000000000029,0.5,0.5,0.2597824799360906,SI,[2 1],116.90000000000003,10,884.4000000000015,0.0,False,8
15,0,2,[1 2],796.3000000000029,0.5,0.5,0.27225426526184116,SI,[2 1],116.90000000000003,10,884.4000000000015,0.0,False,8
15,0,3,[1 2],796.3000000000029,0.5,0.5,0.18795042263800898,SI,[2 1],116.90000000000003,10,884.4000000000015,0.0,False,8
15,0,4,[1 2],796.3000000000029,0.5,0.5,0.1933775646071858,SI,[2 1],116.90000000000003,10,884.4000000000015,0.0,False,8
16,0,0,[1 2],796.3000000000029,0.5,0.5,0.45392130680707754,SI,[2 1],116.90000000000003,10,884.4000000000015,0.0,False,8
16,0,1,[1 2],796.3000000000029,0.5,0.5,0.32538805000604365,SI,[2 1],116.90000000000003,10,884.4000000000015,0.0,False,8
16,0,2,[1 2],796.3000000000029,0.5,0.5,0.06131804821805997,SI,[2 1],116.90000000000003,10,884.4000000000015,0.0,False,8
16,0,3,[1 2],796.3000000000029,0.5,0.5,0.38490355102102525,SI,[2 1],116.90000000000003,10,884.4000000000015,0.0,False,8
16,0,4,[1 2],796.3000000000029,0.5,0.5,0.03653846927687998,SI,[2 1],116.90000000000003,10,884.4000000000015,0.0,False,8
17,0,0,[1 2],796.3000000000029,0.5,0.5,0.2018628740146723,SI,[2 1],116.90000000000003,10,884.4000000000015,0.0,False,8
17,0,1,[1 2],796.3000000000029,0.5,0.5,0.05573621432760478,SI,[2 1],116.90000000000003,10,884.4000000000015,0.0,False,8
17,0,2,[1 2],796.3000000000029,0.5,0.5,0.025288104857987714,SI,[2 1],116.90000000000003,10,884.4000000000015,0.0,False,8
17,0,3,[1 2],796.3000000000029,0.5,0.5,0.41762664316845244,SI,[2 1],116.90000000000003,10,884.4000000000015,0.0,False,8
17,0,4,[1 2],796.3000000000029,0.5,0.5,0.12881128714797518,SI,[2 1],116.90000000000003,10,884.4000000000015,0.0,False,8
18,0,0,[1 2],796.3000000000029,0.5,0.5,0.08643171158189966,SI,[2 1],116.90000000000003,10,884.4000000000015,0.0,False,8
18,0,1,[1 2],796.3000000000029,0.5,0.5,0.17159641157169503,SI,[2 1],116.90000000000003,10,884.4000000000015,0.0,False,8
18,0,2,[1 2],796.3000000000029,0.5,0.5,0.29463565129689984,SI,[2 1],116.90000000000003,10,884.4000000000015,0.0,False,8
18,0,3,[1 2],796.3000000000029,0.5,0.5,0.42934404946269866,SI,[2 1],116.90000000000003,10,884.4000000000015,0.0,False,8
18,0,4,[1 2],796.3000000000029,0.5,0.5,0.3605748478648816,SI,[2 1],116.90000000000003,10,884.4000000000015,0.0,False,8
19,0,0,[1 2],796.3000000000029,0.5,0.5,0.13080970666663727,SI,[2 1],116.90000000000003,10,884.4000000000015,0.0,False,8
19,0,1,[1 2],796.3000000000029,0.5,0.5,0.27191597316572824,SI,[2 1],116.90000000000003,10,884.4000000000015,0.0,False,8
19,0,2,[1 2],796.3000000000029,0.5,0.5,0.4691134593813303,SI,[2 1],116.90000000000003,10,884.4000000000015,0.0,False,8
19,0,3,[1 2],796.3000000000029,0.5,0.5,0.19116440060175366,SI,[2 1],116.90000000000003,10,884.4000000000015,0.0,False,8
19,0,4,[1 2],796.3000000000029,0.5,0.5,0.4025583132174604,SI,[2 1],116.90000000000003,10,884.4000000000015,0.0,False,8
20,0,0,[1 2],796.3000000000029,0.5,0.5,0.11591843460937679,SI,[2 1],116.90000000000003,10,884.4000000000015,0.0,False,8
20,0,1,[1 2],796.3000000000029,0.5,0.5,0.15951248078567415,SI,[2 1],116.90000000000003,10,884.4000000000015,0.0,False,8
20,0,2,[1 2],796.3000000000029,0.5,0.5,0.433702253783118,SI,[2 1],116.90000000000003,10,884.4000000000015,0.0,False,8
20,0,3,[1 2],796.3000000000029,0.5,0.5,0.07664763197167623,SI,[2 1],116.90000000000003,10,884.4000000000015,0.0,False,8
20,0,4,[1 2],796.3000000000029,0.5,0.5,0.14428513072363014,SI,[2 1],116.90000000000003,10,884.4000000000015,0.0,False,8
21,0,0,[1 2],796.3000000000029,0.5,0.5,3.6065618518765774e-05,SI,[2 1],116.90000000000003,10,884.4000000000015,0.0,False,8
21,0,1,[1 2],796.3000000000029,0.5,0.5,0.12322794497863432,SI,[2 1],116.90000000000003,10,884.4000000000015,0.0,False,8
21,0,2,[1 2],796.3000000000029,0.5,0.5,0.31941809140476385,SI,[2 1],116.90000000000003,10,884.4000000000015,0.0,False,8
21,0,3,[1 2],796.3000000000029,0.5,0.5,0.38195025413133044,SI,[2 1],116.90000000000003,10,884.4000000000015,0.0,False,8
21,0,4,[1 2],796.3000000000029,0.5,0.5,0.16133044525349016,SI,[2 1],116.90000000000003,10,884.4000000000015,0.0,False,8
22,0,0,[1 2],796.3000000000029,0.5,0.5,0.06430807992850673,SI,[2 1],116.90000000000003,10,884.4000000000015,0.0,False,8
22,0,1,[1 2],796.3000000000029,0.5,0.5,0.4054915122015903,SI,[2 1],116.90000000000003,10,884.4000000000015,0.0,False,8
22,0,2,[1 2],796.3000000000029,0.5,0.5,0.17488879789299316,SI,[2 1],116.90000000000003,10,884.4000000000015,0.0,False,8
22,0,3,[1 2],796.3000000000029,0.5,0.5,0.42114170729173384,SI,[2 1],116.90000000000003,10,884.4000000000015,0.0,False,8
22,0,4,[1 2],796.3000000000029,0.5,0.5,0.36085844360168084,SI,[2 1],116.90000000000003,10,884.4000000000015,0.0,False,8
23,0,0,[1 2],796.3000000000029,0.5,0.5,0.20269321535848372,SI,[2 1],116.90000000000003,10,884.4000000000015,0.0,False,8
23,0,1,[1 2],796.3000000000029,0.5,0.5,0.44019795442911736,SI,[2 1],116.90000000000003,10,884.4000000000015,0.0,False,8
23,0,2,[1 2],796.3000000000029,0.5,0.5,0.2915645781760029,SI,[2 1],116.90000000000003,10,884.4000000000015,0.0,False,8
23,0,3,[1 2],796.3000000000029,0.5,0.5,0.4706781647000233,SI,[2 1],116.90000000000003,10,884.4000000000015,0.0,False,8
23,0,4,[1 2],796.3000000000029,0.5,0.5,0.4256752246088559,SI,[2 1],116.90000000000003,10,884.4000000000015,0.0,False,8
24,0,0,[1 2],796.3000000000029,0.5,0.5,0.31320774002774665,SI,[2 1],116.90000000000003,10,884.4000000000015,0.0,False,8
24,0,1,[1 2],796.3000000000029,0.5,0.5,0.12971480384647405,SI,[2 1],116.90000000000003,10,884.4000000000015,0.0,False,8
24,0,2,[1 2],796.3000000000029,0.5,0.5,0.27317614168582793,SI,[2 1],116.90000000000003,10,884.4000000000015,0.0,False,8
24,0,3,[1 2],796.3000000000029,0.5,0.5,0.2394413911457881,SI,[2 1],116.90000000000003,10,884.4000000000015,0.0,False,8
24,0,4,[1 2],796.3000000000029,0.5,0.5,0.42276839973099767,SI,[2 1],116.90000000000003,10,884.4000000000015,0.0,False,8
25,0,0,[1 2],796.3000000000029,0.5,0.5,0.20081440351660818,SI,[2 1],116.90000000000003,10,884.4000000000015,0.0,False,8
25,0,1,[1 2],796.3000000000029,0.5,0.5,0.37516325236579096,SI,[2 1],116.90000000000003,10,884.4000000000015,0.0,False,8
25,0,2,[1 2],796.3000000000029,0.5,0.5,0.03317252916558511,SI,[2 1],116.90000000000003,10,884.4000000000015,0.0,False,8
25,0,3,[1 2],796.3000000000029,0.5,0.5,0.21770840239482758,SI,[2 1],116.90000000000003,10,884.4000000000015,0.0,False,8
25,0,4,[1 2],796.3000000000029,0.5,0.5,0.029700046558480353,SI,[2 1],116.90000000000003,10,884.4000000000015,0.0,False,8
26,0,0,[1 2],796.3000000000029,0.5,0.5,0.40087151168535284,SI,[2 1],116.90000000000003,10,884.4000000000015,0.0,False,8
26,0,1,[1 2],796.3000000000029,0.5,0.5,0.31825809569378183,SI,[2 1],116.90000000000003,10,884.4000000000015,0.0,False,8
26,0,2,[1 2],796.3000000000029,0.5,0.5,0.27094141492145063,SI,[2 1],116.90000000000003,10,884.4000000000015,0.0,False,8
26,0,3,[1 2],796.3000000000029,0.5,0.5,0.01613573187290185,SI,[2 1],116.90000000000003,10,884.4000000000015,0.0,False,8
26,0,4,[1 2],796.3000000000029,0.5,0.5,0.05984632221088115,SI,[2 1],116.90000000000003,10,884.4000000000015,0.0,False,8
27,0,0,[1 2],796.3000000000029,0.5,0.5,0.35617572038962897,SI,[2 1],116.90000000000003,10,884.4000000000015,0.0,False,8
27,0,1,[1 2],796.3000000000029,0.5,0.5,0.03365516316796624,SI,[2 1],116.90000000000003,10,884.4000000000015,0.0,False,8
27,0,2,[1 2],796.3000000000029,0.5,0.5,0.1517178787803547,SI,[2 1],116.90000000000003,10,884.4000000000015,0.0,False,8
27,0,3,[1 2],796.3000000000029,0.5,0.5,0.3098294622717499,SI,[2 1],116.90000000000003,10,884.4000000000015,0.0,False,8
27,0,4,[1 2],796.3000000000029,0.5,0.5,0.23870146441668638,SI,[2 1],116.90000000000003,10,884.4000000000015,0.0,False,8
28,0,0,[1 2],796.3000000000029,0.5,0.5,0.48319040597627627,SI,[2 1],116.90000000000003,10,884.4000000000015,0.0,False,8
28,0,1,[1 2],796.3000000000029,0.5,0.5,0.27491384045517453,SI,[2 1],116.90000000000003,10,884.4000000000015,0.0,False,8
28,0,2,[1 2],796.3000000000029,0.5,0.5,0.30089853032383884,SI,[2 1],116.90000000000003,10,884.4000000000015,0.0,False,8
28,0,3,[1 2],796.3000000000029,0.5,0.5,0.26854541937831133,SI,[2 1],116.90000000000003,10,884.4000000000015,0.0,False,8
28,0,4,[1 2],796.3000000000029,0.5,0.5,0.22576094486096376,SI,[2 1],116.90000000000003,10,884.4000000000015,0.0,False,8
29,0,0,[1 2],796.3000000000029,0.5,0.5,0.20572006661990483,SI,[2 1],116.90000000000003,10,884.4000000000015,0.0,False,8
29,0,1,[1 2],796.3000000000029,0.5,0.5,0.25930629315742415,SI,[2 1],116.90000000000003,10,884.4000000000015,0.0,False,8
29,0,2,[1 2],796.3000000000029,0.5,0.5,0.44845645257342226,SI,[2 1],116.90000000000003,10,884.4000000000015,0.0,False,8
29,0,3,[1 2],796.3000000000029,0.5,0.5,0.15672194523497718,SI,[2 1],116.90000000000003,10,884.4000000000015,0.0,False,8
29,0,4,[1 2],796.3000000000029,0.5,0.5,0.26413361854340556,SI,[2 1],116.90000000000003,10,884.4000000000015,0.0,False,8
30,0,0,[1 2],796.3000000000029,0.5,0.5,0.25126265576604845,SI,[2 1],116.90000000000003,10,884.4000000000015,0.0,False,8
30,0,1,[1 2],796.3000000000029,0.5,0.5,0.4146430794752648,SI,[2 1],116.90000000000003,10,884.4000000000015,0.0,False,8
30,0,2,[1 2],796.3000000000029,0.5,0.5,0.08903586223229276,SI,[2 1],116.90000000000003,10,884.4000000000015,0.0,False,8
30,0,3,[1 2],796.3000000000029,0.5,0.5,0.2620378679936053,SI,[2 1],116.90000000000003,10,884.4000000000015,0.0,False,8
30,0,4,[1 2],796.3000000000029,0.5,0.5,0.057200696022118525,SI,[2 1],116.90000000000003,10,884.4000000000015,0.0,False,8
31,0,0,[1 2],796.3000000000029,0.5,0.5,0.005404155451545489,SI,[2 1],116.90000000000003,10,884.4000000000015,0.0,False,8
31,0,1,[1 2],796.3000000000029,0.5,0.5,0.0893817544093477,SI,[2 1],116.90000000000003,10,884.4000000000015,0.0,False,8
31,0,2,[1 2],796.3000000000029,0.5,0.5,0.03157590133635635,SI,[2 1],116.90000000000003,10,884.4000000000015,0.0,False,8
31,0,3,[1 2],796.3000000000029,0.5,0.5,0.3083288076311229,SI,[2 1],116.90000000000003,10,884.4000000000015,0.0,False,8
31,0,4,[1 2],796.3000000000029,0.5,0.5,0.29584135461036765,SI,[2 1],116.90000000000003,10,884.4000000000015,0.0,False,8
32,0,0,[1 2],796.3000000000029,0.5,0.5,0.24149100542371071,SI,[2 1],116.90000000000003,10,884.4000000000015,0.0,False,8
32,0,1,[1 2],796.3000000000029,0.5,0.5,0.1581679165320684,SI,[2 1],116.90000000000003,10,884.4000000000015,0.0,False,8
32,0,2,[1 2],796.3000000000029,0.5,0.5,0.10896388959413483,SI,[2 1],116.90000000000003,10,884.4000000000015,0.0,False,8
32,0,3,[1 2],796.3000000000029,0.5,0.5,0.35570272757333177,SI,[2 1],116.90000000000003,10,884.4000000000015,0.0,False,8
32,0,4,[1 2],796.3000000000029,0.5,0.5,0.2669578047629161,SI,[2 1],116.90000000000003,10,884.4000000000015,0.0,False,8
33,0,0,[1 2],796.3000000000029,0.5,0.5,0.30241266916068166,SI,[2 1],116.90000000000003,10,884.4000000000015,0.0,False,8
33,0,1,[1 2],796.3000000000029,0.5,0.5,0.42511957743439055,SI,[2 1],116.90000000000003,10,884.4000000000015,0.0,False,8
33,0,2,[1 2],796.3000000000029,0.5,0.5,0.03585370677159494,SI,[2 1],116.90000000000003,10,884.4000000000015,0.0,False,8
33,0,3,[1 2],796.3000000000029,0.5,0.5,0.022811533164989628,SI,[2 1],116.90000000000003,10,884.4000000000015,0.0,False,8
33,0,4,[1 2],796.3000000000029,0.5,0.5,0.050086514060907916,SI,[2 1],116.90000000000003,10,884.4000000000015,0.0,False,8
34,0,0,[1 2],796.3000000000029,0.5,0.5,0.21803085003174782,SI,[2 1],116.90000000000003,10,884.4000000000015,0.0,False,8
34,0,1,[1 2],796.3000000000029,0.5,0.5,0.13825405287723458,SI,[2 1],116.90000000000003,10,884.4000000000015,0.0,False,8
34,0,2,[1 2],796.3000000000029,0.5,0.5,0.23431510062263683,SI,[2 1],116.90000000000003,10,884.4000000000015,0.0,False,8
34,0,3,[1 2],796.3000000000029,0.5,0.5,0.18493191187090607,SI,[2 1],116.90000000000003,10,884.4000000000015,0.0,False,8
34,0,4,[1 2],796.3000000000029,0.5,0.5,0.2531007545913241,SI,[2 1],116.90000000000003,10,884.4000000000015,0.0,False,8
35,0,0,[1 2],796.3000000000029,0.5,0.5,0.16351875852326136,SI,[2 1],116.90000000000003,10,884.4000000000015,0.0,False,8
35,0,1,[1 2],796.3000000000029,0.5,0.5,0.2660992848949574,SI,[2 1],116.90000000000003,10,884.4000000000015,0.0,False,8
35,0,2,[1 2],796.3000000000029,0.5,0.5,0.43777383137531745,SI,[2 1],116.90000000000003,10,884.4000000000015,0.0,False,8
35,0,3,[1 2],796.3000000000029,0.5,0.5,0.39383591608405744,SI,[2 1],116.90000000000003,10,884.4000000000015,0.0,False,8
35,0,4,[1 2],796.3000000000029,0.5,0.5,0.21757523109209354,SI,[2 1],116.90000000000003,10,884.4000000000015,0.0,False,8
36,0,0,[1 2],796.3000000000029,0.5,0.5,0.14347713570949028,SI,[2 1],116.90000000000003,10,884.4000000000015,0.0,False,8
36,0,1,[1 2],796.3000000000029,0.5,0.5,0.0983321921299416,SI,[2 1],116.90000000000003,10,884.4000000000015,0.0,False,8
36,0,2,[1 2],796.3000000000029,0.5,0.5,0.22475008020477694,SI,[2 1],116.90000000000003,10,884.4000000000015,0.0,False,8
36,0,3,[1 2],796.3000000000029,0.5,0.5,0.44539289916248315,SI,[2 1],116.90000000000003,10,884.4000000000015,0.0,False,8
36,0,4,[1 2],796.3000000000029,0.5,0.5,0.026380425141727004,SI,[2 1],116.90000000000003,10,884.4000000000015,0.0,False,8
37,0,0,[1 2],796.3000000000029,0.5,0.5,0.29114347352700565,SI,[2 1],116.90000000000003,10,884.4000000000015,0.0,False,8
37,0,1,[1 2],796.3000000000029,0.5,0.5,0.23841684442637123,SI,[2 1],116.90000000000003,10,884.4000000000015,0.0,False,8
37,0,2,[1 2],796.3000000000029,0.5,0.5,0.3115902704407857,SI,[2 1],116.90000000000003,10,884.4000000000015,0.0,False,8
37,0,3,[1 2],796.3000000000029,0.5,0.5,0.2640097987435246,SI,[2 1],116.90000000000003,10,884.4000000000015,0.0,False,8
37,0,4,[1 2],796.3000000000029,0.5,0.5,0.36076699007619506,SI,[2 1],116.90000000000003,10,884.4000000000015,0.0,False,8
38,0,0,[1 2],796.3000000000029,0.5,0.5,0.4327653331979243,SI,[2 1],116.90000000000003,10,884.4000000000015,0.0,False,8
38,0,1,[1 2],796.3000000000029,0.5,0.5,0.4102572935998611,SI,[2 1],116.90000000000003,10,884.4000000000015,0.0,False,8
38,0,2,[1 2],796.3000000000029,0.5,0.5,0.4602918070210368,SI,[2 1],116.90000000000003,10,884.4000000000015,0.0,False,8
38,0,3,[1 2],796.3000000000029,0.5,0.5,0.30796442360326304,SI,[2 1],116.90000000000003,10,884.4000000000015,0.0,False,8
38,0,4,[1 2],796.3000000000029,0.5,0.5,0.20734019319015518,SI,[2 1],116.90000000000003,10,884.4000000000015,0.0,False,8
39,0,0,[1 2],796.3000000000029,0.5,0.5,0.15680237408734343,SI,[2 1],116.90000000000003,10,884.4000000000015,0.0,False,8
39,0,1,[1 2],796.3000000000029,0.5,0.5,0.08239846304113829,SI,[2 1],116.90000000000003,10,884.4000000000015,0.0,False,8
39,0,2,[1 2],796.3000000000029,0.5,0.5,0.354109051758949,SI,[2 1],116.90000000000003,10,884.4000000000015,0.0,False,8
39,0,3,[1 2],796.3000000000029,0.5,0.5,0.20671964586563663,SI,[2 1],116.90000000000003,10,884.4000000000015,0.0,False,8
39,0,4,[1 2],796.3000000000029,0.5,0.5,0.11674689944218553,SI,[2 1],116.90000000000003,10,884.4000000000015,0.0,False,8
40,0,0,[1 2],796.3000000000029,0.5,0.5,0.3887486613694293,SI,[2 1],116.90000000000003,10,884.4000000000015,0.0,False,8
40,0,1,[1 2],796.3000000000029,0.5,0.5,0.47216311113988874,SI,[2 1],116.90000000000003,10,884.4000000000015,0.0,False,8
40,0,2,[1 2],796.3000000000029,0.5,0.5,0.12603476155722948,SI,[2 1],116.90000000000003,10,884.4000000000015,0.0,False,8
40,0,3,[1 2],796.3000000000029,0.5,0.5,0.034738524826807504,SI,[2 1],116.90000000000003,10,884.4000000000015,0.0,False,8
40,0,4,[1 2],796.3000000000029,0.5,0.5,0.20539013199810296,SI,[2 1],116.90000000000003,10,884.4000000000015,0.0,False,8
41,0,0,[1 2],796.3000000000029,0.5,0.5,0.41093473372441525,SI,[2 1],116.90000000000003,10,884.4000000000015,0.0,False,8
41,0,1,[1 2],796.3000000000029,0.5,0.5,0.4718760194275591,SI,[2 1],116.90000000000003,10,884.4000000000015,0.0,False,8
41,0,2,[1 2],796.3000000000029,0.5,0.5,0.1235107962287596,SI,[2 1],116.90000000000003,10,884.4000000000015,0.0,False,8
41,0,3,[1 2],796.3000000000029,0.5,0.5,0.1926678121675235,SI,[2 1],116.90000000000003,10,884.4000000000015,0.0,False,8
41,0,4,[1 2],796.3000000000029,0.5,0.5,0.05064129122593486,SI,[2 1],116.90000000000003,10,884.4000000000015,0.0,False,8
42,0,0,[1 2],796.3000000000029,0.5,0.5,0.14640431529532627,SI,[2 1],116.90000000000003,10,884.4000000000015,0.0,False,8
42,0,1,[1 2],796.3000000000029,0.5,0.5,0.31661005633519856,SI,[2 1],116.90000000000003,10,884.4000000000015,0.0,False,8
42,0,2,[1 2],796.3000000000029,0.5,0.5,0.44676972665099324,SI,[2 1],116.90000000000003,10,884.4000000000015,0.0,False,8
42,0,3,[1 2],796.3000000000029,0.5,0.5,0.2800518754055301,SI,[2 1],116.90000000000003,10,884.4000000000015,0.0,False,8
42,0,4,[1 2],796.3000000000029,0.5,0.5,0.12057688071895012,SI,[2 1],116.90000000000003,10,884.4000000000015,0.0,False,8
43,0,0,[1 2],796.3000000000029,0.5,0.5,0.14707704449196835,SI,[2 1],116.90000000000003,10,884.4000000000015,0.0,False,8
43,0,1,[1 2],796.3000000000029,0.5,0.5,0.05672053143222533,SI,[2 1],116.90000000000003,10,884.4000000000015,0.0,False,8
43,0,2,[1 2],796.3000000000029,0.5,0.5,0.27222465074582947,SI,[2 1],116.90000000000003,10,884.4000000000015,0.0,False,8
43,0,3,[1 2],796.3000000000029,0.5,0.5,0.29502244521913745,SI,[2 1],116.90000000000003,10,884.4000000000015,0.0,False,8
43,0,4,[1 2],796.3000000000029,0.5,0.5,0.32759819967326453,SI,[2 1],116.90000000000003,10,884.4000000000015,0.0,False,8
44,0,0,[1 2],796.3000000000029,0.5,0.5,0.43362152088469663,SI,[2 1],116.90000000000003,10,884.4000000000015,0.0,False,8
44,0,1,[1 2],796.3000000000029,0.5,0.5,0.4197529389105581,SI,[2 1],116.90000000000003,10,884.4000000000015,0.0,False,8
44,0,2,[1 2],796.3000000000029,0.5,0.5,0.2734618145947313,SI,[2 1],116.90000000000003,10,884.4000000000015,0.0,False,8
44,0,3,[1 2],796.3000000000029,0.5,0.5,0.355167411665827,SI,[2 1],116.90000000000003,10,884.4000000000015,0.0,False,8
44,0,4,[1 2],796.3000000000029,0.5,0.5,0.04737232623438692,SI,[2 1],116.90000000000003,10,884.4000000000015,0.0,False,8
45,0,0,[1 2],796.3000000000029,0.5,0.5,0.28631225737798915,SI,[2 1],116.90000000000003,10,884.4000000000015,0.0,False,8
45,0,1,[1 2],796.3000000000029,0.5,0.5,0.25588750964140994,SI,[2 1],116.90000000000003,10,884.4000000000015,0.0,False,8
45,0,2,[1 2],796.3000000000029,0.5,0.5,0.3013233322046309,SI,[2 1],116.90000000000003,10,884.4000000000015,0.0,False,8
45,0,3,[1 2],796.3000000000029,0.5,0.5,0.35425191424109015,SI,[2 1],116.90000000000003,10,884.4000000000015,0.0,False,8
45,0,4,[1 2],796.3000000000029,0.5,0.5,0.2803682266242026,SI,[2 1],116.90000000000003,10,884.4000000000015,0.0,False,8
46,0,0,[1 2],796.3000000000029,0.5,0.5,0.3688011742924536,SI,[2 1],116.90000000000003,10,884.4000000000015,0.0,False,8
46,0,1,[1 2],796.3000000000029,0.5,0.5,0.4486341231395209,SI,[2 1],116.90000000000003,10,884.4000000000015,0.0,False,8
46,0,2,[1 2],796.3000000000029,0.5,0.5,0.17028147070135946,SI,[2 1],116.90000000000003,10,884.4000000000015,0.0,False,8
46,0,3,[1 2],796.3000000000029,0.5,0.5,0.3228955290337764,SI,[2 1],116.90000000000003,10,884.4000000000015,0.0,False,8
46,0,4,[1 2],796.3000000000029,0.5,0.5,0.1315074609069239,SI,[2 1],116.90000000000003,10,884.4000000000015,0.0,False,8
47,0,0,[1 2],796.3000000000029,0.5,0.5,0.16873203595506348,SI,[2 1],116.90000000000003,10,884.4000000000015,0.0,False,8
47,0,1,[1 2],796.3000000000029,0.5,0.5,0.03681099269165744,SI,[2 1],116.90000000000003,10,884.4000000000015,0.0,False,8
47,0,2,[1 2],796.3000000000029,0.5,0.5,0.2542212145189717,SI,[2 1],116.90000000000003,10,884.4000000000015,0.0,False,8
47,0,3,[1 2],796.3000000000029,0.5,0.5,0.23392951221804625,SI,[2 1],116.90000000000003,10,884.4000000000015,0.0,False,8
47,0,4,[1 2],796.3000000000029,0.5,0.5,0.3849199942301159,SI,[2 1],116.90000000000003,10,884.4000000000015,0.0,False,8
48,0,0,[1 2],796.3000000000029,0.5,0.5,0.24900176019065134,SI,[2 1],116.90000000000003,10,884.4000000000015,0.0,False,8
48,0,1,[1 2],796.3000000000029,0.5,0.5,0.4808203778750991,SI,[2 1],116.90000000000003,10,884.4000000000015,0.0,False,8
48,0,2,[1 2],796.3000000000029,0.5,0.5,0.3527013595969761,SI,[2 1],116.90000000000003,10,884.4000000000015,0.0,False,8
48,0,3,[1 2],796.3000000000029,0.5,0.5,0.09677425672614748,SI,[2 1],116.90000000000003,10,884.4000000000015,0.0,False,8
48,0,4,[1 2],796.3000000000029,0.5,0.5,0.013293774931766533,SI,[2 1],116.90000000000003,10,884.4000000000015,0.0,False,8
49,0,0,[1 2],796.3000000000029,0.5,0.5,0.037080441475143,SI,[2 1],116.90000000000003,10,884.4000000000015,0.0,False,8
49,0,1,[1 2],796.3000000000029,0.5,0.5,0.26348780637603875,SI,[2 1],116.90000000000003,10,884.4000000000015,0.0,False,8
49,0,2,[1 2],796.3000000000029,0.5,0.5,0.2663350632517588,SI,[2 1],116.90000000000003,10,884.4000000000015,0.0,False,8
49,0,3,[1 2],796.3000000000029,0.5,0.5,0.369964671672393,SI,[2 1],116.90000000000003,10,884.4000000000015,0.0,False,8
49,0,4,[1 2],796.3000000000029,0.5,0.5,0.3069708012728055,SI,[2 1],116.90000000000003,10,884.4000000000015,0.0,False,8
50,0,0,[1 2],796.3000000000029,0.5,0.5,0.11130742003345351,SI,[2 1],116.90000000000003,10,884.4000000000015,0.0,False,8
50,0,1,[1 2],796.3000000000029,0.5,0.5,0.13328900489951878,SI,[2 1],116.90000000000003,10,884.4000000000015,0.0,False,8
50,0,2,[1 2],796.3000000000029,0.5,0.5,0.23140388736163298,SI,[2 1],116.90000000000003,10,884.4000000000015,0.0,False,8
50,0,3,[1 2],796.3000000000029,0.5,0.5,0.28443537711806555,SI,[2 1],116.90000000000003,10,884.4000000000015,0.0,False,8
50,0,4,[1 2],796.3000000000029,0.5,0.5,0.3262381126140246,SI,[2 1],116.90000000000003,10,884.4000000000015,0.0,False,8
