generation,individual,cycle,s_before,f_ini,rho_SI_before,rho_MI_before,random,operator,best_neighbor,best_delta,num_neighbors,f_imp,eta,improved,epoch
0,0,0,[2 1 3],781.3999999999978,0.5,0.5,0.039780361848369084,SI,[2 3 1],17.30000000000001,10,795.1999999999971,0.0,False,0
0,0,1,[2 1 3],781.3999999999978,0.5,0.5,0.24103860296163782,SI,[2 3 1],17.30000000000001,10,795.1999999999971,0.0,False,0
0,0,2,[2 1 3],781.3999999999978,0.5,0.5,0.43182207134122763,SI,[2 3 1],17.30000000000001,10,795.1999999999971,0.0,False,0
0,0,3,[2 1 3],781.3999999999978,0.5,0.5,0.04853413641955251,SI,[2 3 1],17.30000000000001,10,795.1999999999971,0.0,False,0
0,0,4,[2 1 3],781.3999999999978,0.5,0.5,0.41903403455230037,SI,[2 3 1],17.30000000000001,10,795.1999999999971,0.0,False,0
1,0,0,[2 1 3],781.3999999999978,0.5,0.5,0.13918179578774703,SI,[2 3 1],17.30000000000001,10,795.1999999999971,0.0,False,0
1,0,1,[2 1 3],781.3999999999978,0.5,0.5,0.08691561764276523,SI,[2 3 1],17.30000000000001,10,795.1999999999971,0.0,False,0
1,0,2,[2 1 3],781.3999999999978,0.5,0.5,0.15188560123269723,SI,[2 3 1],17.30000000000001,10,795.1999999999971,0.0,False,0
1,0,3,[2 1 3],781.3999999999978,0.5,0.5,0.4247922544953635,SI,[2 3 1],17.30000000000001,10,795.1999999999971,0.0,False,0
1,0,4,[2 1 3],781.3999999999978,0.5,0.5,0.1079911928534889,SI,[2 3 1],17.30000000000001,10,795.1999999999971,0.0,False,0
2,0,0,[2 1 3],781.3999999999978,0.5,0.5,0.4260177602253441,SI,[2 3 1],17.30000000000001,10,795.1999999999971,0.0,False,0
2,0,1,[2 1 3],781.3999999999978,0.5,0.5,0.4262711666896969,SI,[2 3 1],17.30000000000001,10,795.1999999999971,0.0,False,0
2,0,2,[2 1 3],781.3999999999978,0.5,0.5,0.49231592890422593,SI,[2 3 1],17.30000000000001,10,795.1999999999971,0.0,False,0
2,0,3,[2 1 3],781.3999999999978,0.5,0.5,0.24479927541899382,SI,[2 3 1],17.30000000000001,10,795.1999999999971,0.0,False,0
2,0,4,[2 1 3],781.3999999999978,0.5,0.5,0.4156423241576631,SI,[2 3 1],17.30000000000001,10,795.1999999999971,0.0,False,0
3,0,0,[2 1 3],781.3999999999978,0.5,0.5,0.852813544035696,MI,[3 1 2],60.7,10,795.399999999976,0.0,False,0
3,0,1,[2 1 3],781.3999999999978,0.5,0.5,0.3339025531878522,SI,[2 3 1],17.30000000000001,10,795.1999999999971,0.0,False,0
3,0,2,[2 1 3],781.3999999999978,0.5,0.5,0.057611805801756844,SI,[2 3 1],17.30000000000001,10,795.1999999999971,0.0,False,0
3,0,3,[2 1 3],781.3999999999978,0.5,0.5,0.23237430225331868,SI,[2 3 1],17.30000000000001,10,795.1999999999971,0.0,False,0
3,0,4,[2 1 3],781.3999999999978,0.5,0.5,0.6570100520603394,MI,[3 1 2],60.7,10,795.399999999976,0.0,False,0
4,0,0,[2 1 3],781.3999999999978,0.5,0.5,0.6865992844019503,MI,[3 1 2],60.7,10,795.399999999976,0.0,False,0
4,0,1,[2 1 3],781.3999999999978,0.5,0.5,0.06489936033511412,SI,[2 3 1],17.30000000000001,10,795.1999999999971,0.0,False,0
4,0,2,[2 1 3],781.3999999999978,0.5,0.5,0.007389096728895872,SI,[2 3 1],17.30000000000001,10,795.1999999999971,0.0,False,0
4,0,3,[2 1 3],781.3999999999978,0.5,0.5,0.0435819177939476,SI,[2 3 1],17.30000000000001,10,795.1999999999971,0.0,False,0
4,0,4,[2 1 3],781.3999999999978,0.5,0.5,0.05888517446850716,SI,[2 3 1],17.30000000000001,10,795.1999999999971,0.0,False,0
5,0,0,[2 1 3],781.3999999999978,0.5,0.5,0.3785099924936569,SI,[2 3 1],17.30000000000001,10,795.1999999999971,0.0,False,0
5,0,1,[2 1 3],781.3999999999978,0.5,0.5,0.14611170704693877,SI,[2 3 1],17.30000000000001,10,795.1999999999971,0.0,False,0
5,0,2,[2 1 3],781.3999999999978,0.5,0.5,0.02506628649717868,SI,[2 3 1],17.30000000000001,10,795.1999999999971,0.0,False,0
5,0,3,[2 1 3],781.3999999999978,0.5,0.5,0.07725556984683157,SI,[2 3 1],17.30000000000001,10,795.1999999999971,0.0,False,0
5,0,4,[2 1 3],781.3999999999978,0.5,0.5,0.017164523356419492,SI,[2 3 1],17.30000000000001,10,795.1999999999971,0.0,False,0
6,0,0,[2 1 3],781.3999999999978,0.5,0.5,0.4832477500573775,SI,[2 3 1],17.30000000000001,10,795.1999999999971,0.0,False,0
6,0,1,[2 1 3],781.3999999999978,0.5,0.5,0.33062175863382837,SI,[2 3 1],17.30000000000001,10,795.1999999999971,0.0,False,0
6,0,2,[2 1 3],781.3999999999978,0.5,0.5,0.20689825522200944,SI,[2 3 1],17.30000000000001,10,795.1999999999971,0.0,False,0
6,0,3,[2 1 3],781.3999999999978,0.5,0.5,0.17354848741668683,SI,[2 3 1],17.30000000000001,10,795.1999999999971,0.0,False,0
6,0,4,[2 1 3],781.3999999999978,0.5,0.5,0.321541972207968,SI,[2 3 1],17.30000000000001,10,795.1999999999971,0.0,False,0
7,0,0,[2 1 3],781.3999999999978,0.5,0.5,0.11216068080198294,SI,[2 3 1],17.30000000000001,10,795.1999999999971,0.0,False,0
7,0,1,[2 1 3],781.3999999999978,0.5,0.5,0.46896684150673773,SI,[2 3 1],17.30000000000001,10,795.1999999999971,0.0,False,0
7,0,2,[2 1 3],781.3999999999978,0.5,0.5,0.6596825623396269,MI,[3 1 2],60.7,10,795.399999999976,0.0,False,0
7,0,3,[2 1 3],781.3999999999978,0.5,0.5,0.2334557284935156,SI,[2 3 1],17.30000000000001,10,795.1999999999971,0.0,False,0
7,0,4,[2 1 3],781.3999999999978,0.5,0.5,0.01055463116857669,SI,[2 3 1],17.30000000000001,10,795.1999999999971,0.0,False,0
8,0,0,[2 1 3],781.3999999999978,0.5,0.5,0.4861142665166057,SI,[2 3 1],17.30000000000001,10,795.1999999999971,0.0,False,0
8,0,1,[2 1 3],781.3999999999978,0.5,0.5,0.17663686680310486,SI,[2 3 1],17.30000000000001,10,795.1999999999971,0.0,False,0
8,0,2,[2 1 3],781.3999999999978,0.5,0.5,0.41880855419277585,SI,[2 3 1],17.30000000000001,10,795.1999999999971,0.0,False,0
8,0,3,[2 1 3],781.3999999999978,0.5,0.5,0.4717171306900798,SI,[2 3 1],17.30000000000001,10,795.1999999999971,0.0,False,0
8,0,4,[2 1 3],781.3999999999978,0.5,0.5,0.261321535305882,SI,[2 3 1],17.30000000000001,10,795.1999999999971,0.0,False,0
9,0,0,[2 1 3],781.3999999999978,0.5,0.5,0.2404628769653221,SI,[3 1 2],60.7,10,795.399999999976,0.0,False,0
9,0,1,[2 1 3],781.3999999999978,0.5,0.5,0.06979897595475781,SI,[2 3 1],17.30000000000001,10,795.1999999999971,0.0,False,0
9,0,2,[2 1 3],781.3999999999978,0.5,0.5,0.06427403862385872,SI,[2 3 1],17.30000000000001,10,795.1999999999971,0.0,False,0
9,0,3,[2 1 3],781.3999999999978,0.5,0.5,0.030652879029170244,SI,[2 3 1],17.30000000000001,10,795.1999999999971,0.0,False,0
9,0,4,[2 1 3],781.3999999999978,0.5,0.5,0.36758639637840074,SI,[2 3 1],17.30000000000001,10,795.1999999999971,0.0,False,0
10,0,0,[2 1 3],781.3999999999978,0.5,0.5,0.43038764166084764,SI,[2 3 1],17.30000000000001,10,795.1999999999971,0.0,False,0
10,0,1,[2 1 3],781.3999999999978,0.5,0.5,0.28420779828961806,SI,[2 3 1],17.30000000000001,10,795.1999999999971,0.0,False,0
10,0,2,[2 1 3],781.3999999999978,0.5,0.5,0.24878671387051354,SI,[2 3 1],17.30000000000001,10,795.1999999999971,0.0,False,0
10,0,3,[2 1 3],781.3999999999978,0.5,0.5,0.24393230822382006,SI,[2 3 1],17.30000000000001,10,795.1999999999971,0.0,False,0
10,0,4,[2 1 3],781.3999999999978,0.5,0.5,0.23439658081436066,SI,[2 3 1],17.30000000000001,10,795.1999999999971,0.0,False,0
11,0,0,[2 1 3],781.3999999999978,0.5,0.5,0.21708415209721366,SI,[2 3 1],17.30000000000001,10,795.1999999999971,0.0,False,0
11,0,1,[2 1 3],781.3999999999978,0.5,0.5,0.4784191770253968,SI,[2 3 1],17.30000000000001,10,795.1999999999971,0.0,False,0
11,0,2,[2 1 3],781.3999999999978,0.5,0.5,0.14150619796228991,SI,[2 3 1],17.30000000000001,10,795.1999999999971,0.0,False,0
11,0,3,[2 1 3],781.3999999999978,0.5,0.5,0.28870273406564095,SI,[2 3 1],17.30000000000001,10,795.1999999999971,0.0,False,0
11,0,4,[2 1 3],781.3999999999978,0.5,0.5,0.2491939209226227,SI,[2 3 1],17.30000000000001,10,795.1999999999971,0.0,False,0
12,0,0,[2 1 3],781.3999999999978,0.5,0.5,0.3677462526167026,SI,[2 3 1],17.30000000000001,10,795.1999999999971,0.0,False,0
12,0,1,[2 1 3],781.3999999999978,0.5,0.5,0.29031463758825937,SI,[2 3 1],17.30000000000001,10,795.1999999999971,0.0,False,0
12,0,2,[2 1 3],781.3999999999978,0.5,0.5,0.17022869518037342,SI,[2 3 1],17.30000000000001,10,795.1999999999971,0.0,False,0
12,0,3,[2 1 3],781.3999999999978,0.5,0.5,0.44139289933015036,SI,[2 3 1],17.30000000000001,10,795.1999999999971,0.0,False,0
12,0,4,[2 1 3],781.3999999999978,0.5,0.5,0.37648428554072455,SI,[2 3 1],17.30000000000001,10,795.1999999999971,0.0,False,0
13,0,0,[2 1 3],781.3999999999978,0.5,0.5,0.4872358001147281,SI,[2 3 1],17.30000000000001,10,795.1999999999971,0.0,False,0
13,0,1,[2 1 3],781.3999999999978,0.5,0.5,0.11480471617248833,SI,[2 3 1],17.30000000000001,10,795.1999999999971,0.0,False,0
13,0,2,[2 1 3],781.3999999999978,0.5,0.5,0.22082777021294642,SI,[2 3 1],17.30000000000001,10,795.1999999999971,0.0,False,0
13,0,3,[2 1 3],781.3999999999978,0.5,0.5,0.41285699903969586,SI,[2 3 1],17.30000000000001,10,795.1999999999971,0.0,False,0
13,0,4,[2 1 3],781.3999999999978,0.5,0.5,0.8873041972702906,MI,[3 1 2],60.7,10,795.399999999976,0.0,False,0
14,0,0,[2 1 3],781.3999999999978,0.5,0.5,0.13882543092167732,SI,[2 3 1],17.30000000000001,10,795.1999999999971,0.0,False,0
14,0,1,[2 1 3],781.3999999999978,0.5,0.5,0.011893834981899776,SI,[2 3 1],17.30000000000001,10,795.1999999999971,0.0,False,0
14,0,2,[2 1 3],781.3999999999978,0.5,0.5,0.11915713720112497,SI,[2 3 1],17.30000000000001,10,795.1999999999971,0.0,False,0
14,0,3,[2 1 3],781.3999999999978,0.5,0.5,0.4621735218553772,SI,[2 3 1],17.30000000000001,10,795.1999999999971,0.0,False,0
14,0,4,[2 1 3],781.3999999999978,0.5,0.5,0.4070417686348875,SI,[2 3 1],17.30000000000001,10,795.1999999999971,0.0,False,0
15,0,0,[2 1 3],781.3999999999978,0.5,0.5,0.8612911795935467,MI,[3 1 2],60.7,10,795.399999999976,0.0,False,0
15,0,1,[2 1 3],781.3999999999978,0.5,0.5,0.2996469792530325,SI,[2 3 1],17.30000000000001,10,795.1999999999971,0.0,False,0
15,0,2,[2 1 3],781.3999999999978,0.5,0.5,0.6389799439864944,MI,[3 1 2],60.7,10,795.399999999976,0.0,False,0
15,0,3,[2 1 3],781.3999999999978,0.5,0.5,0.9754213219537962,MI,[3 1 2],60.7,10,795.399999999976,0.0,False,0
15,0,4,[2 1 3],781.3999999999978,0.5,0.5,0.05769472330673264,SI,[2 3 1],17.30000000000001,10,795.1999999999971,0.0,False,0
16,0,0,[2 1 3],781.3999999999978,0.5,0.5,0.3774162823475027,SI,[2 3 1],17.30000000000001,10,795.1999999999971,0.0,False,0
16,0,1,[2 1 3],781.3999999999978,0.5,0.5,0.12846975015223028,SI,[2 3 1],17.30000000000001,10,795.1999999999971,0.0,False,0
16,0,2,[2 1 3],781.3999999999978,0.5,0.5,0.27590249075378637,SI,[2 3 1],17.30000000000001,10,795.1999999999971,0.0,False,0
16,0,3,[2 1 3],781.3999999999978,0.5,0.5,0.048904156061071014,SI,[2 3 1],17.30000000000001,10,795.1999999999971,0.0,False,0
16,0,4,[2 1 3],781.3999999999978,0.5,0.5,0.1661157676422177,SI,[2 3 1],17.30000000000001,10,795.1999999999971,0.0,False,0
17,0,0,[2 1 3],781.3999999999978,0.5,0.5,0.6763161351254114,MI,[3 1 2],60.7,10,795.399999999976,0.0,False,0
17,0,1,[2 1 3],781.3999999999978,0.5,0.5,0.3668841821490173,SI,[2 3 1],17.30000000000001,10,795.1999999999971,0.0,False,0
17,0,2,[2 1 3],781.3999999999978,0.5,0.5,0.10799699668068286,SI,[2 3 1],17.30000000000001,10,795.1999999999971,0.0,False,0
17,0,3,[2 1 3],781.3999999999978,0.5,0.5,0.06972890832425138,SI,[3 1 2],60.7,10,795.399999999976,0.0,False,0
17,0,4,[2 1 3],781.3999999999978,0.5,0.5,0.28045584886911845,SI,[2 3 1],17.30000000000001,10,795.1999999999971,0.0,False,0
18,0,0,[2 1 3],781.3999999999978,0.5,0.5,0.24550981924076143,SI,[2 3 1],17.30000000000001,10,795.1999999999971,0.0,False,0
18,0,1,[2 1 3],781.3999999999978,0.5,0.5,0.3262856672143518,SI,[3 1 2],60.7,10,795.399999999976,0.0,False,0
18,0,2,[2 1 3],781.3999999999978,0.5,0.5,0.376433394838517,SI,[3 1 2],60.7,10,795.399999999976,0.0,False,0
18,0,3,[2 1 3],781.3999999999978,0.5,0.5,0.2382088047428681,SI,[2 3 1],17.30000000000001,10,795.1999999999971,0.0,False,0
18,0,4,[2 1 3],781.3999999999978,0.5,0.5,0.29413458338036136,SI,[2 3 1],17.30000000000001,10,795.1999999999971,0.0,False,0
19,0,0,[2 1 3],781.3999999999978,0.5,0.5,0.03776127339624702,SI,[2 3 1],17.30000000000001,10,795.1999999999971,0.0,False,0
19,0,1,[2 1 3],781.3999999999978,0.5,0.5,0.14581718524589304,SI,[2 3 1],17.30000000000001,10,795.1999999999971,0.0,False,0
19,0,2,[2 1 3],781.3999999999978,0.5,0.5,0.3278916586954045,SI,[2 3 1],17.30000000000001,10,795.1999999999971,0.0,False,0
19,0,3,[2 1 3],781.3999999999978,0.5,0.5,0.11818174717659291,SI,[3 1 2],60.7,10,795.399999999976,0.0,False,0
19,0,4,[2 1 3],781.3999999999978,0.5,0.5,0.09841155520457356,SI,[2 3 1],17.30000000000001,10,795.1999999999971,0.0,False,0
20,0,0,[2 1 3],781.3999999999978,0.5,0.5,0.09878560248193691,SI,[2 3 1],17.30000000000001,10,795.1999999999971,0.0,False,0
20,0,1,[2 1 3],781.3999999999978,0.5,0.5,0.2876502396225161,SI,[2 3 1],17.30000000000001,10,795.1999999999971,0.0,False,0
20,0,2,[2 1 3],781.3999999999978,0.5,0.5,0.0941279436975776,SI,[2 3 1],17.30000000000001,10,795.1999999999971,0.0,False,0
20,0,3,[2 1 3],781.3999999999978,0.5,0.5,0.14365957740788016,SI,[2 3 1],17.30000000000001,10,795.1999999999971,0.0,False,0
20,0,4,[2 1 3],781.3999999999978,0.5,0.5,0.21316783153053354,SI,[2 3 1],17.30000000000001,10,795.1999999999971,0.0,False,0
21,0,0,[2 1 3],781.3999999999978,0.5,0.5,0.13940589287477478,SI,[2 3 1],17.30000000000001,10,795.1999999999971,0.0,False,0
21,0,1,[2 1 3],781.3999999999978,0.5,0.5,0.4086022956276454,SI,[2 3 1],17.30000000000001,10,795.1999999999971,0.0,False,0
21,0,2,[2 1 3],781.3999999999978,0.5,0.5,0.031545518666652894,SI,[2 3 1],17.30000000000001,10,795.1999999999971,0.0,False,0
21,0,3,[2 1 3],781.3999999999978,0.5,0.5,0.023632671403893357,SI,[2 3 1],17.30000000000001,10,795.1999999999971,0.0,False,0
21,0,4,[2 1 3],781.3999999999978,0.5,0.5,0.1287470039728057,SI,[2 3 1],17.30000000000001,10,795.1999999999971,0.0,False,0
22,0,0,[2 1 3],781.3999999999978,0.5,0.5,0.3133760395162062,SI,[2 3 1],17.30000000000001,10,795.1999999999971,0.0,False,0
22,0,1,[2 1 3],781.3999999999978,0.5,0.5,0.4850620228190453,SI,[2 3 1],17.30000000000001,10,795.1999999999971,0.0,False,0
22,0,2,[2 1 3],781.3999999999978,0.5,0.5,0.6935918113333315,MI,[3 1 2],60.7,10,795.399999999976,0.0,False,0
22,0,3,[2 1 3],781.3999999999978,0.5,0.5,0.308661206651751,SI,[2 3 1],17.30000000000001,10,795.1999999999971,0.0,False,0
22,0,4,[2 1 3],781.3999999999978,0.5,0.5,0.4804759002376089,SI,[2 3 1],17.30000000000001,10,795.1999999999971,0.0,False,0
23,0,0,[2 1 3],781.3999999999978,0.5,0.5,0.19817338873763501,SI,[2 3 1],17.30000000000001,10,795.1999999999971,0.0,False,0
23,0,1,[2 1 3],781.3999999999978,0.5,0.5,0.67025730676038,MI,[3 1 2],60.7,10,795.399999999976,0.0,False,0
23,0,2,[2 1 3],781.3999999999978,0.5,0.5,0.3220749056532295,SI,[2 3 1],17.30000000000001,10,795.1999999999971,0.0,False,0
23,0,3,[2 1 3],781.3999999999978,0.5,0.5,0.35452868562699136,SI,[2 3 1],17.30000000000001,10,795.1999999999971,0.0,False,0
23,0,4,[2 1 3],781.3999999999978,0.5,0.5,0.4763498859299625,SI,[3 1 2],60.7,10,795.399999999976,0.0,False,0
24,0,0,[2 1 3],781.3999999999978,0.5,0.5,0.29635018095546095,SI,[2 3 1],17.30000000000001,10,795.1999999999971,0.0,False,0
24,0,1,[2 1 3],781.3999999999978,0.5,0.5,0.4446687625537118,SI,[2 3 1],17.30000000000001,10,795.1999999999971,0.0,False,0
24,0,2,[2 1 3],781.3999999999978,0.5,0.5,0.6093373900864615,MI,[3 1 2],60.7,10,795.399999999976,0.0,False,0
24,0,3,[2 1 3],781.3999999999978,0.5,0.5,0.17793857206532138,SI,[2 3 1],17.30000000000001,10,795.1999999999971,0.0,False,0
24,0,4,[2 1 3],781.3999999999978,0.5,0.5,0.21274769328469578,SI,[2 3 1],17.30000000000001,10,795.1999999999971,0.0,False,0
25,0,0,[2 1 3],781.3999999999978,0.5,0.5,0.29165499850074617,SI,[2 3 1],17.30000000000001,10,795.1999999999971,0.0,False,0
25,0,1,[2 1 3],781.3999999999978,0.5,0.5,0.42730631547616116,SI,[2 3 1],17.30000000000001,10,795.1999999999971,0.0,False,0
25,0,2,[2 1 3],781.3999999999978,0.5,0.5,0.2467899526088727,SI,[2 3 1],17.30000000000001,10,795.1999999999971,0.0,False,0
25,0,3,[2 1 3],781.3999999999978,0.5,0.5,0.2211597939068245,SI,[2 3 1],17.30000000000001,10,795.1999999999971,0.0,False,0
25,0,4,[2 1 3],781.3999999999978,0.5,0.5,0.2523768992052988,SI,[2 3 1],17.30000000000001,10,795.1999999999971,0.0,False,0
26,0,0,[2 1 3],781.3999999999978,0.5,0.5,0.05171401360972361,SI,[2 3 1],17.30000000000001,10,795.1999999999971,0.0,False,0
26,0,1,[2 1 3],781.3999999999978,0.5,0.5,0.8928595134101585,MI,[3 1 2],60.7,10,795.399999999976,0.0,False,0
26,0,2,[2 1 3],781.3999999999978,0.5,0.5,0.4702894811570719,SI,[2 3 1],17.30000000000001,10,795.1999999999971,0.0,False,0
26,0,3,[2 1 3],781.3999999999978,0.5,0.5,0.042119757064506325,SI,[2 3 1],17.30000000000001,10,795.1999999999971,0.0,False,0
26,0,4,[2 1 3],781.3999999999978,0.5,0.5,0.1834187369024458,SI,[2 3 1],17.30000000000001,10,795.1999999999971,0.0,False,0
27,0,0,[2 1 3],781.3999999999978,0.5,0.5,0.14637744344755088,SI,[3 1 2],60.7,10,795.399999999976,0.0,False,0
27,0,1,[2 1 3],781.3999999999978,0.5,0.5,0.11125411822987019,SI,[2 3 1],17.30000000000001,10,795.1999999999971,0.0,False,0
27,0,2,[2 1 3],781.3999999999978,0.5,0.5,0.39160888469824107,SI,[2 3 1],17.30000000000001,10,795.1999999999971,0.0,False,0
27,0,3,[2 1 3],781.3999999999978,0.5,0.5,0.22928994252315282,SI,[2 3 1],17.30000000000001,10,795.1999999999971,0.0,False,0
27,0,4,[2 1 3],781.3999999999978,0.5,0.5,0.11798675046155116,SI,[2 3 1],17.30000000000001,10,795.1999999999971,0.0,False,0
28,0,0,[2 1 3],781.3999999999978,0.5,0.5,0.66439523833469,MI,[3 1 2],60.7,10,795.399999999976,0.0,False,0
28,0,1,[2 1 3],781.3999999999978,0.5,0.5,0.846014431071627,MI,[3 1 2],60.7,10,795.399999999976,0.0,False,0
28,0,2,[2 1 3],781.3999999999978,0.5,0.5,0.02972134822754169,SI,[2 3 1],17.30000000000001,10,795.1999999999971,0.0,False,0
28,0,3,[2 1 3],781.3999999999978,0.5,0.5,0.4407399191982657,SI,[2 3 1],17.30000000000001,10,795.1999999999971,0.0,False,0
28,0,4,[2 1 3],781.3999999999978,0.5,0.5,0.13137098027624816,SI,[2 3 1],17.30000000000001,10,795.1999999999971,0.0,False,0
29,0,0,[2 1 3],781.3999999999978,0.5,0.5,0.09967515348628009,SI,[2 3 1],17.30000000000001,10,795.1999999999971,0.0,False,0
29,0,1,[2 1 3],781.3999999999978,0.5,0.5,0.48556616271230557,SI,[2 3 1],17.30000000000001,10,795.1999999999971,0.0,False,0
29,0,2,[2 1 3],781.3999999999978,0.5,0.5,0.24213668642225838,SI,[2 3 1],17.30000000000001,10,795.1999999999971,0.0,False,0
29,0,3,[2 1 3],781.3999999999978,0.5,0.5,0.8177026353168413,MI,[3 1 2],60.7,10,795.399999999976,0.0,False,0
29,0,4,[2 1 3],781.3999999999978,0.5,0.5,0.2579184663800206,SI,[2 3 1],17.30000000000001,10,795.1999999999971,0.0,False,0
30,0,0,[2 1 3],781.3999999999978,0.5,0.5,0.11873614102043684,SI,[2 3 1],17.30000000000001,10,795.1999999999971,0.0,False,0
30,0,1,[2 1 3],781.3999999999978,0.5,0.5,0.3306395829953652,SI,[2 3 1],17.30000000000001,10,795.1999999999971,0.0,False,0
30,0,2,[2 1 3],781.3999999999978,0.5,0.5,0.8887771621095256,MI,[3 1 2],60.7,10,795.399999999976,0.0,False,0
30,0,3,[2 1 3],781.3999999999978,0.5,0.5,0.38919062808795535,SI,[2 3 1],17.30000000000001,10,795.1999999999971,0.0,False,0
30,0,4,[2 1 3],781.3999999999978,0.5,0.5,0.4681539907360929,SI,[2 3 1],17.30000000000001,10,795.1999999999971,0.0,False,0
31,0,0,[2 1 3],781.3999999999978,0.5,0.5,0.11224935279593429,SI,[2 3 1],17.30000000000001,10,795.1999999999971,0.0,False,0
31,0,1,[2 1 3],781.3999999999978,0.5,0.5,0.5619885907254873,MI,[3 1 2],60.7,10,795.399999999976,0.0,False,0
31,0,2,[2 1 3],781.3999999999978,0.5,0.5,0.4064302784814521,SI,[2 3 1],17.30000000000001,10,795.1999999999971,0.0,False,0
31,0,3,[2 1 3],781.3999999999978,0.5,0.5,0.3520457845006596,SI,[3 1 2],60.7,10,795.399999999976,0.0,False,0
31,0,4,[2 1 3],781.3999999999978,0.5,0.5,0.2947255776018767,SI,[3 1 2],60.7,10,795.399999999976,0.0,False,0
32,0,0,[2 1 3],781.3999999999978,0.5,0.5,0.04441951098867469,SI,[2 3 1],17.30000000000001,10,795.1999999999971,0.0,False,0
32,0,1,[2 1 3],781.3999999999978,0.5,0.5,0.2115323344889366,SI,[2 3 1],17.30000000000001,10,795.1999999999971,0.0,False,0
32,0,2,[2 1 3],781.3999999999978,0.5,0.5,0.3399176160982712,SI,[2 3 1],17.30000000000001,10,795.1999999999971,0.0,False,0
32,0,3,[2 1 3],781.3999999999978,0.5,0.5,0.4685277868517862,SI,[2 3 1],17.30000000000001,10,795.1999999999971,0.0,False,0
32,0,4,[2 1 3],781.3999999999978,0.5,0.5,0.38388958176559684,SI,[2 3 1],17.30000000000001,10,795.1999999999971,0.0,False,0
33,0,0,[2 1 3],781.3999999999978,0.5,0.5,0.05554318619187859,SI,[2 3 1],17.30000000000001,10,795.1999999999971,0.0,False,0
33,0,1,[2 1 3],781.3999999999978,0.5,0.5,0.1648201695154078,SI,[2 3 1],17.30000000000001,10,795.1999999999971,0.0,False,0
33,0,2,[2 1 3],781.3999999999978,0.5,0.5,0.09263566584602845,SI,[2 3 1],17.30000000000001,10,795.1999999999971,0.0,False,0
33,0,3,[2 1 3],781.3999999999978,0.5,0.5,0.19064382652927891,SI,[2 3 1],17.30000000000001,10,795.1999999999971,0.0,False,0
33,0,4,[2 1 3],781.3999999999978,0.5,0.5,0.3958682333556647,SI,[2 3 1],17.30000000000001,10,795.1999999999971,0.0,False,0
34,0,0,[2 1 3],781.3999999999978,0.5,0.5,0.41014257784445696,SI,[2 3 1],17.30000000000001,10,795.1999999999971,0.0,False,0
34,0,1,[2 1 3],781.3999999999978,0.5,0.5,0.17839806041934314,SI,[2 3 1],17.30000000000001,10,795.1999999999971,0.0,False,0
34,0,2,[2 1 3],781.3999999999978,0.5,0.5,0.19294534230608873,SI,[2 3 1],17.30000000000001,10,795.1999999999971,0.0,False,0
34,0,3,[2 1 3],781.3999999999978,0.5,0.5,0.40522002564339366,SI,[2 3 1],17.30000000000001,10,795.1999999999971,0.0,False,0
34,0,4,[2 1 3],781.3999999999978,0.5,0.5,0.08788738901236226,SI,[2 3 1],17.30000000000001,10,795.1999999999971,0.0,False,0
35,0,0,[2 1 3],781.3999999999978,0.5,0.5,0.4651084221746139,SI,[2 3 1],17.30000000000001,10,795.1999999999971,0.0,False,0
35,0,1,[2 1 3],781.3999999999978,0.5,0.5,0.3778030486454417,SI,[2 3 1],17.30000000000001,10,795.1999999999971,0.0,False,0
35,0,2,[2 1 3],781.3999999999978,0.5,0.5,0.45184538016373377,SI,[2 3 1],17.30000000000001,10,795.1999999999971,0.0,False,0
35,0,3,[2 1 3],781.3999999999978,0.5,0.5,0.18270057537421092,SI,[2 3 1],17.30000000000001,10,795.1999999999971,0.0,False,0
35,0,4,[2 1 3],781.3999999999978,0.5,0.5,0.44988352090620065,SI,[2 3 1],17.30000000000001,10,795.1999999999971,0.0,False,0
36,0,0,[2 1 3],781.3999999999978,0.5,0.5,0.18894734316425954,SI,[2 3 1],17.30000000000001,10,795.1999999999971,0.0,False,0
36,0,1,[2 1 3],781.3999999999978,0.5,0.5,0.41039472943369815,SI,[2 3 1],17.30000000000001,10,795.1999999999971,0.0,False,0
36,0,2,[2 1 3],781.3999999999978,0.5,0.5,0.16366149136703723,SI,[2 3 1],17.30000000000001,10,795.1999999999971,0.0,False,0
36,0,3,[2 1 3],781.3999999999978,0.5,0.5,0.4191642032783659,SI,[2 3 1],17.30000000000001,10,795.1999999999971,0.0,False,0
36,0,4,[2 1 3],781.3999999999978,0.5,0.5,0.0725790470953458,SI,[2 3 1],17.30000000000001,10,795.1999999999971,0.0,False,0
37,0,0,[2 1 3],781.3999999999978,0.5,0.5,0.20590538514770107,SI,[2 3 1],17.30000000000001,10,795.1999999999971,0.0,False,0
37,0,1,[2 1 3],781.3999999999978,0.5,0.5,0.39878987728170534,SI,[2 3 1],17.30000000000001,10,795.1999999999971,0.0,False,0
37,0,2,[2 1 3],781.3999999999978,0.5,0.5,0.1679678617681304,SI,[2 3 1],17.30000000000001,10,795.1999999999971,0.0,False,0
37,0,3,[2 1 3],781.3999999999978,0.5,0.5,0.4257857027956219,SI,[2 3 1],17.30000000000001,10,795.1999999999971,0.0,False,0
37,0,4,[2 1 3],781.3999999999978,0.5,0.5,0.45325991318024794,SI,[2 3 1],17.30000000000001,10,795.1999999999971,0.0,False,0
38,0,0,[2 1 3],781.3999999999978,0.5,0.5,0.2754112524158877,SI,[2 3 1],17.30000000000001,10,795.1999999999971,0.0,False,0
38,0,1,[2 1 3],781.3999999999978,0.5,0.5,0.48697392058098776,SI,[2 3 1],17.30000000000001,10,795.1999999999971,0.0,False,0
38,0,2,[2 1 3],781.3999999999978,0.5,0.5,0.4608891004424559,SI,[2 3 1],17.30000000000001,10,795.1999999999971,0.0,False,0
38,0,3,[2 1 3],781.3999999999978,0.5,0.5,0.8285375169682876,MI,[3 1 2],60.7,10,795.399999999976,0.0,False,0
38,0,4,[2 1 3],781.3999999999978,0.5,0.5,0.12331573253200556,SI,[2 3 1],17.30000000000001,10,795.1999999999971,0.0,False,0
39,0,0,[2 1 3],781.3999999999978,0.5,0.5,0.02723659497873776,SI,[2 3 1],17.30000000000001,10,795.1999999999971,0.0,False,0
39,0,1,[2 1 3],781.3999999999978,0.5,0.5,0.04817173428697885,SI,[2 3 1],17.30000000000001,10,795.1999999999971,0.0,False,0
39,0,2,[2 1 3],781.3999999999978,0.5,0.5,0.3274691412190497,SI,[2 3 1],17.30000000000001,10,795.1999999999971,0.0,False,0
39,0,3,[2 1 3],781.3999999999978,0.5,0.5,0.4458443970844551,SI,[2 3 1],17.30000000000001,10,795.1999999999971,0.0,False,0
39,0,4,[2 1 3],781.3999999999978,0.5,0.5,0.9249888575557499,MI,[3 1 2],60.7,10,795.399999999976,0.0,False,0
40,0,0,[2 1 3],781.3999999999978,0.5,0.5,0.3696670660072151,SI,[2 3 1],17.30000000000001,10,795.1999999999971,0.0,False,0
40,0,1,[2 1 3],781.3999999999978,0.5,0.5,0.3854223824296089,SI,[2 3 1],17.30000000000001,10,795.1999999999971,0.0,False,0
40,0,2,[2 1 3],781.3999999999978,0.5,0.5,0.11139150864479241,SI,[2 3 1],17.30000000000001,10,795.1999999999971,0.0,False,0
40,0,3,[2 1 3],781.3999999999978,0.5,0.5,0.5980503112706677,MI,[3 1 2],60.7,10,795.399999999976,0.0,False,0
40,0,4,[2 1 3],781.3999999999978,0.5,0.5,0.2763099030125967,SI,[2 3 1],17.30000000000001,10,795.1999999999971,0.0,False,0
41,0,0,[2 1 3],781.3999999999978,0.5,0.5,0.8842141376073723,MI,[3 1 2],60.7,10,795.399999999976,0.0,False,0
41,0,1,[2 1 3],781.3999999999978,0.5,0.5,0.37795762709729874,SI,[2 3 1],17.30000000000001,10,795.1999999999971,0.0,False,0
41,0,2,[2 1 3],781.3999999999978,0.5,0.5,0.4857796054883923,SI,[2 3 1],17.30000000000001,10,795.1999999999971,0.0,False,0
41,0,3,[2 1 3],781.3999999999978,0.5,0.5,0.022476680816976624,SI,[2 3 1],17.30000000000001,10,795.1999999999971,0.0,False,0
41,0,4,[2 1 3],781.3999999999978,0.5,0.5,0.06032434241541029,SI,[2 3 1],17.30000000000001,10,795.1999999999971,0.0,False,0
42,0,0,[2 1 3],781.3999999999978,0.5,0.5,0.01967985999753441,SI,[2 3 1],17.30000000000001,10,795.1999999999971,0.0,False,0
42,0,1,[2 1 3],781.3999999999978,0.5,0.5,0.15845521953373976,SI,[2 3 1],17.30000000000001,10,795.1999999999971,0.0,False,0
42,0,2,[2 1 3],781.3999999999978,0.5,0.5,0.7601339641782687,MI,[3 1 2],60.7,10,795.399999999976,0.0,False,0
42,0,3,[2 1 3],781.3999999999978,0.5,0.5,0.2679988197028539,SI,[2 3 1],17.30000000000001,10,795.1999999999971,0.0,False,0
42,0,4,[2 1 3],781.3999999999978,0.5,0.5,0.12966267210573412,SI,[2 3 1],17.30000000000001,10,795.1999999999971,0.0,False,0
43,0,0,[2 1 3],781.3999999999978,0.5,0.5,0.47772006288860935,SI,[2 3 1],17.30000000000001,10,795.1999999999971,0.0,False,0
43,0,1,[2 1 3],781.3999999999978,0.5,0.5,0.3343606854564134,SI,[2 3 1],17.30000000000001,10,795.1999999999971,0.0,False,0
43,0,2,[2 1 3],781.3999999999978,0.5,0.5,0.477246232431655,SI,[2 3 1],17.30000000000001,10,795.1999999999971,0.0,False,0
43,0,3,[2 1 3],781.3999999999978,0.5,0.5,0.6577738076948585,MI,[3 1 2],60.7,10,795.399999999976,0.0,False,0
43,0,4,[2 1 3],781.3999999999978,0.5,0.5,0.43544511570931566,SI,[2 3 1],17.30000000000001,10,795.1999999999971,0.0,False,0
44,0,0,[2 1 3],781.3999999999978,0.5,0.5,0.04580421195156226,SI,[2 3 1],17.30000000000001,10,795.1999999999971,0.0,False,0
44,0,1,[2 1 3],781.3999999999978,0.5,0.5,0.23013284674018142,SI,[3 1 2],60.7,10,795.399999999976,0.0,False,0
44,0,2,[2 1 3],781.3999999999978,0.5,0.5,0.11429971887096191,SI,[2 3 1],17.30000000000001,10,795.1999999999971,0.0,False,0
44,0,3,[2 1 3],781.3999999999978,0.5,0.5,0.2509291814077599,SI,[2 3 1],17.30000000000001,10,795.1999999999971,0.0,False,0
44,0,4,[2 1 3],781.3999999999978,0.5,0.5,0.0036190078333243614,SI,[2 3 1],17.30000000000001,10,795.1999999999971,0.0,False,0
45,0,0,[2 1 3],781.3999999999978,0.5,0.5,0.15119040678596674,SI,[2 3 1],17.30000000000001,10,795.1999999999971,0.0,False,0
45,0,1,[2 1 3],781.3999999999978,0.5,0.5,0.0081320801989897,SI,[2 3 1],17.30000000000001,10,795.1999999999971,0.0,False,0
45,0,2,[2 1 3],781.3999999999978,0.5,0.5,0.212013881065944,SI,[2 3 1],17.30000000000001,10,795.1999999999971,0.0,False,0
45,0,3,[2 1 3],781.3999999999978,0.5,0.5,0.476484713324584,SI,[2 3 1],17.30000000000001,10,795.1999999999971,0.0,False,0
45,0,4,[2 1 3],781.3999999999978,0.5,0.5,0.18615039309254777,SI,[2 3 1],17.30000000000001,10,795.1999999999971,0.0,False,0
46,0,0,[2 1 3],781.3999999999978,0.5,0.5,0.017021843350772392,SI,[3 1 2],60.7,10,795.399999999976,0.0,False,0
46,0,1,[2 1 3],781.3999999999978,0.5,0.5,0.1607085088958945,SI,[2 3 1],17.30000000000001,10,795.1999999999971,0.0,False,0
46,0,2,[2 1 3],781.3999999999978,0.5,0.5,0.09027935651169872,SI,[2 3 1],17.30000000000001,10,795.1999999999971,0.0,False,0
46,0,3,[2 1 3],781.3999999999978,0.5,0.5,0.4763307350595892,SI,[2 3 1],17.30000000000001,10,795.1999999999971,0.0,False,0
46,0,4,[2 1 3],781.3999999999978,0.5,0.5,0.3521028198672086,SI,[2 3 1],17.30000000000001,10,795.1999999999971,0.0,False,0
47,0,0,[2 1 3],781.3999999999978,0.5,0.5,0.26563851915534564,SI,[2 3 1],17.30000000000001,10,795.1999999999971,0.0,False,0
47,0,1,[2 1 3],781.3999999999978,0.5,0.5,0.3835906140616321,SI,[2 3 1],17.30000000000001,10,795.1999999999971,0.0,False,0
47,0,2,[2 1 3],781.3999999999978,0.5,0.5,0.4485686238531317,SI,[2 3 1],17.30000000000001,10,795.1999999999971,0.0,False,0
47,0,3,[2 1 3],781.3999999999978,0.5,0.5,0.24227000387065356,SI,[2 3 1],17.30000000000001,10,795.1999999999971,0.0,False,0
47,0,4,[2 1 3],781.3999999999978,0.5,0.5,0.7738070202336509,MI,[3 1 2],60.7,10,795.399999999976,0.0,False,0
48,0,0,[2 1 3],781.3999999999978,0.5,0.5,0.22682103418501864,SI,[2 3 1],17.30000000000001,10,795.1999999999971,0.0,False,0
48,0,1,[2 1 3],781.3999999999978,0.5,0.5,0.23888531508823208,SI,[2 3 1],17.30000000000001,10,795.1999999999971,0.0,False,0
48,0,2,[2 1 3],781.3999999999978,0.5,0.5,0.20450211300756072,SI,[2 3 1],17.30000000000001,10,795.1999999999971,0.0,False,0
48,0,3,[2 1 3],781.3999999999978,0.5,0.5,0.24610206488717423,SI,[2 3 1],17.30000000000001,10,795.1999999999971,0.0,False,0
48,0,4,[2 1 3],781.3999999999978,0.5,0.5,0.34428774554383546,SI,[2 3 1],17.30000000000001,10,795.1999999999971,0.0,False,0
49,0,0,[2 1 3],781.3999999999978,0.5,0.5,0.028009621056928946,SI,[2 3 1],17.30000000000001,10,795.1999999999971,0.0,False,0
49,0,1,[2 1 3],781.3999999999978,0.5,0.5,0.20891273507805586,SI,[2 3 1],17.30000000000001,10,795.1999999999971,0.0,False,0
49,0,2,[2 1 3],781.3999999999978,0.5,0.5,0.45629469738612094,SI,[2 3 1],17.30000000000001,10,795.1999999999971,0.0,False,0
49,0,3,[2 1 3],781.3999999999978,0.5,0.5,0.23324928051966753,SI,[2 3 1],17.30000000000001,10,795.1999999999971,0.0,False,0
49,0,4,[2 1 3],781.3999999999978,0.5,0.5,0.29000531903658044,SI,[2 3 1],17.30000000000001,10,795.1999999999971,0.0,False,0
50,0,0,[2 1 3],781.3999999999978,0.5,0.5,0.09719610947772406,SI,[2 3 1],17.30000000000001,10,795.1999999999971,0.0,False,0
50,0,1,[2 1 3],781.3999999999978,0.5,0.5,0.14004067687967903,SI,[2 3 1],17.30000000000001,10,795.1999999999971,0.0,False,0
50,0,2,[2 1 3],781.3999999999978,0.5,0.5,0.49480912996554616,SI,[2 3 1],17.30000000000001,10,795.1999999999971,0.0,False,0
50,0,3,[2 1 3],781.3999999999978,0.5,0.5,0.17423015071521764,SI,[2 3 1],17.30000000000001,10,795.1999999999971,0.0,False,0
50,0,4,[2 1 3],781.3999999999978,0.5,0.5,0.3636159846900633,SI,[2 3 1],17.30000000000001,10,795.1999999999971,0.0,False,0
0,0,0,[1 2],576.7999999999993,0.5,0.5,0.24329426497468054,SI,[2 1],-26.80000000000001,10,636.8999999999905,0.0,False,1
0,0,1,[1 2],576.7999999999993,0.5,0.5,0.47924156414591723,SI,[2 1],-26.80000000000001,10,636.8999999999905,0.0,False,1
0,0,2,[1 2],576.7999999999993,0.5,0.5,0.10057184688667953,SI,[2 1],-26.80000000000001,10,636.8999999999905,0.0,False,1
0,0,3,[1 2],576.7999999999993,0.5,0.5,0.3265313731753997,SI,[2 1],-26.80000000000001,10,636.8999999999905,0.0,False,1
0,0,4,[1 2],576.7999999999993,0.5,0.5,0.4281961789163232,SI,[2 1],-26.80000000000001,10,636.8999999999905,0.0,False,1
1,0,0,[1 2],576.7999999999993,0.5,0.5,0.44130500904908687,SI,[2 1],-26.80000000000001,10,636.8999999999905,0.0,False,1
1,0,1,[1 2],576.7999999999993,0.5,0.5,0.03923022816541033,SI,[2 1],-26.80000000000001,10,636.8999999999905,0.0,False,1
1,0,2,[1 2],576.7999999999993,0.5,0.5,0.45563115297766754,SI,[2 1],-26.80000000000001,10,636.8999999999905,0.0,False,1
1,0,3,[1 2],576.7999999999993,0.5,0.5,0.20508076595085944,SI,[2 1],-26.80000000000001,10,636.8999999999905,0.0,False,1
1,0,4,[1 2],576.7999999999993,0.5,0.5,0.4363726484374554,SI,[2 1],-26.80000000000001,10,636.8999999999905,0.0,False,1
2,0,0,[1 2],576.7999999999993,0.5,0.5,0.34247124168118737,SI,[2 1],-26.80000000000001,10,636.8999999999905,0.0,False,1
2,0,1,[1 2],576.7999999999993,0.5,0.5,0.18684087880064482,SI,[2 1],-26.80000000000001,10,636.8999999999905,0.0,False,1
2,0,2,[1 2],576.7999999999993,0.5,0.5,0.11183106818531108,SI,[2 1],-26.80000000000001,10,636.8999999999905,0.0,False,1
2,0,3,[1 2],576.7999999999993,0.5,0.5,0.0043662548350924535,SI,[2 1],-26.80000000000001,10,636.8999999999905,0.0,False,1
2,0,4,[1 2],576.7999999999993,0.5,0.5,0.09954754239955121,SI,[2 1],-26.80000000000001,10,636.8999999999905,0.0,False,1
3,0,0,[1 2],576.7999999999993,0.5,0.5,0.483469144156075,SI,[2 1],-26.80000000000001,10,636.8999999999905,0.0,False,1
3,0,1,[1 2],576.7999999999993,0.5,0.5,0.10691798038153577,SI,[2 1],-26.80000000000001,10,636.8999999999905,0.0,False,1
3,0,2,[1 2],576.7999999999993,0.5,0.5,0.23670100952603734,SI,[2 1],-26.80000000000001,10,636.8999999999905,0.0,False,1
3,0,3,[1 2],576.7999999999993,0.5,0.5,0.3779969044616739,SI,[2 1],-26.80000000000001,10,636.8999999999905,0.0,False,1
3,0,4,[1 2],576.7999999999993,0.5,0.5,0.19356481559819905,SI,[2 1],-26.80000000000001,10,636.8999999999905,0.0,False,1
4,0,0,[1 2],576.7999999999993,0.5,0.5,0.1605860690913421,SI,[2 1],-26.80000000000001,10,636.8999999999905,0.0,False,1
4,0,1,[1 2],576.7999999999993,0.5,0.5,0.10262513328817147,SI,[2 1],-26.80000000000001,10,636.8999999999905,0.0,False,1
4,0,2,[1 2],576.7999999999993,0.5,0.5,0.1766282502540345,SI,[2 1],-26.80000000000001,10,636.8999999999905,0.0,False,1
4,0,3,[1 2],576.7999999999993,0.5,0.5,0.011483074488542133,SI,[2 1],-26.80000000000001,10,636.8999999999905,0.0,False,1
4,0,4,[1 2],576.7999999999993,0.5,0.5,0.2013977675012073,SI,[2 1],-26.80000000000001,10,636.8999999999905,0.0,False,1
5,0,0,[1 2],576.7999999999993,0.5,0.5,0.39396243773245376,SI,[2 1],-26.80000000000001,10,636.8999999999905,0.0,False,1
5,0,1,[1 2],576.7999999999993,0.5,0.5,0.41384103881676504,SI,[2 1],-26.80000000000001,10,636.8999999999905,0.0,False,1
5,0,2,[1 2],576.7999999999993,0.5,0.5,0.1582037721788363,SI,[2 1],-26.80000000000001,10,636.8999999999905,0.0,False,1
5,0,3,[1 2],576.7999999999993,0.5,0.5,0.1514977170216626,SI,[2 1],-26.80000000000001,10,636.8999999999905,0.0,False,1
5,0,4,[1 2],576.7999999999993,0.5,0.5,0.13019354718912535,SI,[2 1],-26.80000000000001,10,636.8999999999905,0.0,False,1
6,0,0,[1 2],576.7999999999993,0.5,0.5,0.06983767227186621,SI,[2 1],-26.80000000000001,10,636.8999999999905,0.0,False,1
6,0,1,[1 2],576.7999999999993,0.5,0.5,0.4569415908551794,SI,[2 1],-26.80000000000001,10,636.8999999999905,0.0,False,1
6,0,2,[1 2],576.7999999999993,0.5,0.5,0.3740721140596497,SI,[2 1],-26.80000000000001,10,636.8999999999905,0.0,False,1
6,0,3,[1 2],576.7999999999993,0.5,0.5,0.07740856442611477,SI,[2 1],-26.80000000000001,10,636.8999999999905,0.0,False,1
6,0,4,[1 2],576.7999999999993,0.5,0.5,0.028331021383611987,SI,[2 1],-26.80000000000001,10,636.8999999999905,0.0,False,1
7,0,0,[1 2],576.7999999999993,0.5,0.5,0.4608937906130989,SI,[2 1],-26.80000000000001,10,636.8999999999905,0.0,False,1
7,0,1,[1 2],576.7999999999993,0.5,0.5,0.09035933119049777,SI,[2 1],-26.80000000000001,10,636.8999999999905,0.0,False,1
7,0,2,[1 2],576.7999999999993,0.5,0.5,0.3237012497111015,SI,[2 1],-26.80000000000001,10,636.8999999999905,0.0,False,1
7,0,3,[1 2],576.7999999999993,0.5,0.5,0.06859408579181137,SI,[2 1],-26.80000000000001,10,636.8999999999905,0.0,False,1
7,0,4,[1 2],576.7999999999993,0.5,0.5,0.1916389662381781,SI,[2 1],-26.80000000000001,10,636.8999999999905,0.0,False,1
8,0,0,[1 2],576.7999999999993,0.5,0.5,0.2514667185530588,SI,[2 1],-26.80000000000001,10,636.8999999999905,0.0,False,1
8,0,1,[1 2],576.7999999999993,0.5,0.5,0.20683613355357355,SI,[2 1],-26.80000000000001,10,636.8999999999905,0.0,False,1
8,0,2,[1 2],576.7999999999993,0.5,0.5,0.25863090433377645,SI,[2 1],-26.80000000000001,10,636.8999999999905,0.0,False,1
8,0,3,[1 2],576.7999999999993,0.5,0.5,0.29744857786629575,SI,[2 1],-26.80000000000001,10,636.8999999999905,0.0,False,1
8,0,4,[1 2],576.7999999999993,0.5,0.5,0.07525941277490755,SI,[2 1],-26.80000000000001,10,636.8999999999905,0.0,False,1
9,0,0,[1 2],576.7999999999993,0.5,0.5,0.4339790894368063,SI,[2 1],-26.80000000000001,10,636.8999999999905,0.0,False,1
9,0,1,[1 2],576.7999999999993,0.5,0.5,0.12621407963774278,SI,[2 1],-26.80000000000001,10,636.8999999999905,0.0,False,1
9,0,2,[1 2],576.7999999999993,0.5,0.5,0.4812682056136567,SI,[2 1],-26.80000000000001,10,636.8999999999905,0.0,False,1
9,0,3,[1 2],576.7999999999993,0.5,0.5,0.44651063530113233,SI,[2 1],-26.80000000000001,10,636.8999999999905,0.0,False,1
9,0,4,[1 2],576.7999999999993,0.5,0.5,0.16800873967206675,SI,[2 1],-26.80000000000001,10,636.8999999999905,0.0,False,1
10,0,0,[1 2],576.7999999999993,0.5,0.5,0.3990066269089313,SI,[2 1],-26.80000000000001,10,636.8999999999905,0.0,False,1
10,0,1,[1 2],576.7999999999993,0.5,0.5,0.0212578453296296,SI,[2 1],-26.80000000000001,10,636.8999999999905,0.0,False,1
10,0,2,[1 2],576.7999999999993,0.5,0.5,0.016603105347217206,SI,[2 1],-26.80000000000001,10,636.8999999999905,0.0,False,1
10,0,3,[1 2],576.7999999999993,0.5,0.5,0.08293180617548401,SI,[2 1],-26.80000000000001,10,636.8999999999905,0.0,False,1
10,0,4,[1 2],576.7999999999993,0.5,0.5,0.30483290743383284,SI,[2 1],-26.80000000000001,10,636.8999999999905,0.0,False,1
11,0,0,[1 2],576.7999999999993,0.5,0.5,0.2579612184599367,SI,[2 1],-26.80000000000001,10,636.8999999999905,0.0,False,1
11,0,1,[1 2],576.7999999999993,0.5,0.5,0.07574708781437567,SI,[2 1],-26.80000000000001,10,636.8999999999905,0.0,False,1
11,0,2,[1 2],576.7999999999993,0.5,0.5,0.21927984805759704,SI,[2 1],-26.80000000000001,10,636.8999999999905,0.0,False,1
11,0,3,[1 2],576.7999999999993,0.5,0.5,0.050332719063061804,SI,[2 1],-26.80000000000001,10,636.8999999999905,0.0,False,1
11,0,4,[1 2],576.7999999999993,0.5,0.5,0.01323110066094868,SI,[2 1],-26.80000000000001,10,636.8999999999905,0.0,False,1
12,0,0,[1 2],576.7999999999993,0.5,0.5,0.15385223638817602,SI,[2 1],-26.80000000000001,10,636.8999999999905,0.0,False,1
12,0,1,[1 2],576.7999999999993,0.5,0.5,0.19610841196588458,SI,[2 1],-26.80000000000001,10,636.8999999999905,0.0,False,1
12,0,2,[1 2],576.7999999999993,0.5,0.5,0.13497262061111215,SI,[2 1],-26.80000000000001,10,636.8999999999905,0.0,False,1
12,0,3,[1 2],576.7999999999993,0.5,0.5,0.3889539344750428,SI,[2 1],-26.80000000000001,10,636.8999999999905,0.0,False,1
12,0,4,[1 2],576.7999999999993,0.5,0.5,0.10797820333797281,SI,[2 1],-26.80000000000001,10,636.8999999999905,0.0,False,1
13,0,0,[1 2],576.7999999999993,0.5,0.5,0.10044733747047907,SI,[2 1],-26.80000000000001,10,636.8999999999905,0.0,False,1
13,0,1,[1 2],576.7999999999993,0.5,0.5,0.3146771563976122,SI,[2 1],-26.80000000000001,10,636.8999999999905,0.0,False,1
13,0,2,[1 2],576.7999999999993,0.5,0.5,0.0171529720770639,SI,[2 1],-26.80000000000001,10,636.8999999999905,0.0,False,1
13,0,3,[1 2],576.7999999999993,0.5,0.5,0.4238611349618353,SI,[2 1],-26.80000000000001,10,636.8999999999905,0.0,False,1
13,0,4,[1 2],576.7999999999993,0.5,0.5,0.4347551947701437,SI,[2 1],-26.80000000000001,10,636.8999999999905,0.0,False,1
14,0,0,[1 2],576.7999999999993,0.5,0.5,0.14418849605053363,SI,[2 1],-26.80000000000001,10,636.8999999999905,0.0,False,1
14,0,1,[1 2],576.7999999999993,0.5,0.5,0.43772626660112757,SI,[2 1],-26.80000000000001,10,636.8999999999905,0.0,False,1
14,0,2,[1 2],576.7999999999993,0.5,0.5,0.14330777839519926,SI,[2 1],-26.80000000000001,10,636.8999999999905,0.0,False,1
14,0,3,[1 2],576.7999999999993,0.5,0.5,0.008519100466250817,SI,[2 1],-26.80000000000001,10,636.8999999999905,0.0,False,1
14,0,4,[1 2],576.7999999999993,0.5,0.5,0.06472124182518468,SI,[2 1],-26.80000000000001,10,636.8999999999905,0.0,False,1
15,0,0,[1 2],576.7999999999993,0.5,0.5,0.3437151472838065,SI,[2 1],-26.80000000000001,10,636.8999999999905,0.0,False,1
15,0,1,[1 2],576.7999999999993,0.5,0.5,0.4933516105948623,SI,[2 1],-26.80000000000001,10,636.8999999999905,0.0,False,1
15,0,2,[1 2],576.7999999999993,0.5,0.5,0.32906211401457364,SI,[2 1],-26.80000000000001,10,636.8999999999905,0.0,False,1
15,0,3,[1 2],576.7999999999993,0.5,0.5,0.3740832687515002,SI,[2 1],-26.80000000000001,10,636.8999999999905,0.0,False,1
15,0,4,[1 2],576.7999999999993,0.5,0.5,0.1247186459293832,SI,[2 1],-26.80000000000001,10,636.8999999999905,0.0,False,1
16,0,0,[1 2],576.7999999999993,0.5,0.5,0.21059810313896676,SI,[2 1],-26.80000000000001,10,636.8999999999905,0.0,False,1
16,0,1,[1 2],576.7999999999993,0.5,0.5,0.1840078234193998,SI,[2 1],-26.80000000000001,10,636.8999999999905,0.0,False,1
16,0,2,[1 2],576.7999999999993,0.5,0.5,0.49640643687653485,SI,[2 1],-26.80000000000001,10,636.8999999999905,0.0,False,1
16,0,3,[1 2],576.7999999999993,0.5,0.5,0.44623179430881743,SI,[2 1],-26.80000000000001,10,636.8999999999905,0.0,False,1
16,0,4,[1 2],576.7999999999993,0.5,0.5,0.39983741634097003,SI,[2 1],-26.80000000000001,10,636.8999999999905,0.0,False,1
17,0,0,[1 2],576.7999999999993,0.5,0.5,0.02076191253366766,SI,[2 1],-26.80000000000001,10,636.8999999999905,0.0,False,1
17,0,1,[1 2],576.7999999999993,0.5,0.5,0.483563304723753,SI,[2 1],-26.80000000000001,10,636.8999999999905,0.0,False,1
17,0,2,[1 2],576.7999999999993,0.5,0.5,0.41984751959642364,SI,[2 1],-26.80000000000001,10,636.8999999999905,0.0,False,1
17,0,3,[1 2],576.7999999999993,0.5,0.5,0.135592219943938,SI,[2 1],-26.80000000000001,10,636.8999999999905,0.0,False,1
17,0,4,[1 2],576.7999999999993,0.5,0.5,0.37183695938162165,SI,[2 1],-26.80000000000001,10,636.8999999999905,0.0,False,1
18,0,0,[1 2],576.7999999999993,0.5,0.5,0.309129848366817,SI,[2 1],-26.80000000000001,10,636.8999999999905,0.0,False,1
18,0,1,[1 2],576.7999999999993,0.5,0.5,0.301546869067149,SI,[2 1],-26.80000000000001,10,636.8999999999905,0.0,False,1
18,0,2,[1 2],576.7999999999993,0.5,0.5,0.4251888760759428,SI,[2 1],-26.80000000000001,10,636.8999999999905,0.0,False,1
18,0,3,[1 2],576.7999999999993,0.5,0.5,0.4249607583811731,SI,[2 1],-26.80000000000001,10,636.8999999999905,0.0,False,1
18,0,4,[1 2],576.7999999999993,0.5,0.5,0.4159093131484981,SI,[2 1],-26.80000000000001,10,636.8999999999905,0.0,False,1
19,0,0,[1 2],576.7999999999993,0.5,0.5,0.25750548999819156,SI,[2 1],-26.80000000000001,10,636.8999999999905,0.0,False,1
19,0,1,[1 2],576.7999999999993,0.5,0.5,0.4846872703821953,SI,[2 1],-26.80000000000001,10,636.8999999999905,0.0,False,1
19,0,2,[1 2],576.7999999999993,0.5,0.5,0.031906893072114584,SI,[2 1],-26.80000000000001,10,636.8999999999905,0.0,False,1
19,0,3,[1 2],576.7999999999993,0.5,0.5,0.2852684021977139,SI,[2 1],-26.80000000000001,10,636.8999999999905,0.0,False,1
19,0,4,[1 2],576.7999999999993,0.5,0.5,0.3282427732374381,SI,[2 1],-26.80000000000001,10,636.8999999999905,0.0,False,1
20,0,0,[1 2],576.7999999999993,0.5,0.5,0.06659246433243471,SI,[2 1],-26.80000000000001,10,636.8999999999905,0.0,False,1
20,0,1,[1 2],576.7999999999993,0.5,0.5,0.2662320632423272,SI,[2 1],-26.80000000000001,10,636.8999999999905,0.0,False,1
20,0,2,[1 2],576.7999999999993,0.5,0.5,0.281905681785935,SI,[2 1],-26.80000000000001,10,636.8999999999905,0.0,False,1
20,0,3,[1 2],576.7999999999993,0.5,0.5,0.2513770704377062,SI,[2 1],-26.80000000000001,10,636.8999999999905,0.0,False,1
20,0,4,[1 2],576.7999999999993,0.5,0.5,0.11426487739908164,SI,[2 1],-26.80000000000001,10,636.8999999999905,0.0,False,1
21,0,0,[1 2],576.7999999999993,0.5,0.5,0.3309470455498935,SI,[2 1],-26.80000000000001,10,636.8999999999905,0.0,False,1
21,0,1,[1 2],576.7999999999993,0.5,0.5,0.14946692236726888,SI,[2 1],-26.80000000000001,10,636.8999999999905,0.0,False,1
21,0,2,[1 2],576.7999999999993,0.5,0.5,0.3911074017008431,SI,[2 1],-26.80000000000001,10,636.8999999999905,0.0,False,1
21,0,3,[1 2],576.7999999999993,0.5,0.5,0.36282353035087433,SI,[2 1],-26.80000000000001,10,636.8999999999905,0.0,False,1
21,0,4,[1 2],576.7999999999993,0.5,0.5,0.05750018143032254,SI,[2 1],-26.80000000000001,10,636.8999999999905,0.0,False,1
22,0,0,[1 2],576.7999999999993,0.5,0.5,0.38278594662348964,SI,[2 1],-26.80000000000001,10,636.8999999999905,0.0,False,1
22,0,1,[1 2],576.7999999999993,0.5,0.5,0.1808024970352391,SI,[2 1],-26.80000000000001,10,636.8999999999905,0.0,False,1
22,0,2,[1 2],576.7999999999993,0.5,0.5,0.0825609394916591,SI,[2 1],-26.80000000000001,10,636.8999999999905,0.0,False,1
22,0,3,[1 2],576.7999999999993,0.5,0.5,0.4480969780726476,SI,[2 1],-26.80000000000001,10,636.8999999999905,0.0,False,1
22,0,4,[1 2],576.7999999999993,0.5,0.5,0.33817622121545,SI,[2 1],-26.80000000000001,10,636.8999999999905,0.0,False,1
23,0,0,[1 2],576.7999999999993,0.5,0.5,0.3572984549194437,SI,[2 1],-26.80000000000001,10,636.8999999999905,0.0,False,1
23,0,1,[1 2],576.7999999999993,0.5,0.5,0.289273833477938,SI,[2 1],-26.80000000000001,10,636.8999999999905,0.0,False,1
23,0,2,[1 2],576.7999999999993,0.5,0.5,0.3176276470557239,SI,[2 1],-26.80000000000001,10,636.8999999999905,0.0,False,1
23,0,3,[1 2],576.7999999999993,0.5,0.5,0.3477582932270856,SI,[2 1],-26.80000000000001,10,636.8999999999905,0.0,False,1
23,0,4,[1 2],576.7999999999993,0.5,0.5,0.34137677397603594,SI,[2 1],-26.80000000000001,10,636.8999999999905,0.0,False,1
24,0,0,[1 2],576.7999999999993,0.5,0.5,0.015550497205949365,SI,[2 1],-26.80000000000001,10,636.8999999999905,0.0,False,1
24,0,1,[1 2],576.7999999999993,0.5,0.5,0.035665923217693796,SI,[2 1],-26.80000000000001,10,636.8999999999905,0.0,False,1
24,0,2,[1 2],576.7999999999993,0.5,0.5,0.24143257997537582,SI,[2 1],-26.80000000000001,10,636.8999999999905,0.0,False,1
24,0,3,[1 2],576.7999999999993,0.5,0.5,0.2222722790683873,SI,[2 1],-26.80000000000001,10,636.8999999999905,0.0,False,1
24,0,4,[1 2],576.7999999999993,0.5,0.5,0.3586507852516905,SI,[2 1],-26.80000000000001,10,636.8999999999905,0.0,False,1
25,0,0,[1 2],576.7999999999993,0.5,0.5,0.3876495711011515,SI,[2 1],-26.80000000000001,10,636.8999999999905,0.0,False,1
25,0,1,[1 2],576.7999999999993,0.5,0.5,0.27224837716695516,SI,[2 1],-26.80000000000001,10,636.8999999999905,0.0,False,1
25,0,2,[1 2],576.7999999999993,0.5,0.5,0.03951380693141138,SI,[2 1],-26.80000000000001,10,636.8999999999905,0.0,False,1
25,0,3,[1 2],576.7999999999993,0.5,0.5,0.41741264133580636,SI,[2 1],-26.80000000000001,10,636.8999999999905,0.0,False,1
25,0,4,[1 2],576.7999999999993,0.5,0.5,0.48071078103385634,SI,[2 1],-26.80000000000001,10,636.8999999999905,0.0,False,1
26,0,0,[1 2],576.7999999999993,0.5,0.5,0.24596025599455784,SI,[2 1],-26.80000000000001,10,636.8999999999905,0.0,False,1
26,0,1,[1 2],576.7999999999993,0.5,0.5,0.011222300525066786,SI,[2 1],-26.80000000000001,10,636.8999999999905,0.0,False,1
26,0,2,[1 2],576.7999999999993,0.5,0.5,0.4415233957040904,SI,[2 1],-26.80000000000001,10,636.8999999999905,0.0,False,1
26,0,3,[1 2],576.7999999999993,0.5,0.5,0.06041074609450725,SI,[2 1],-26.80000000000001,10,636.8999999999905,0.0,False,1
26,0,4,[1 2],576.7999999999993,0.5,0.5,0.04781433554984904,SI,[2 1],-26.80000000000001,10,636.8999999999905,0.0,False,1
27,0,0,[1 2],576.7999999999993,0.5,0.5,0.19332909501753093,SI,[2 1],-26.80000000000001,10,636.8999999999905,0.0,False,1
27,0,1,[1 2],576.7999999999993,0.5,0.5,0.13450658633941748,SI,[2 1],-26.80000000000001,10,636.8999999999905,0.0,False,1
27,0,2,[1 2],576.7999999999993,0.5,0.5,0.09916716900339051,SI,[2 1],-26.80000000000001,10,636.8999999999905,0.0,False,1
27,0,3,[1 2],576.7999999999993,0.5,0.5,0.3045609461228822,SI,[2 1],-26.80000000000001,10,636.8999999999905,0.0,False,1
27,0,4,[1 2],576.7999999999993,0.5,0.5,0.3875713336228377,SI,[2 1],-26.80000000000001,10,636.8999999999905,0.0,False,1
28,0,0,[1 2],576.7999999999993,0.5,0.5,0.41090443460648207,SI,[2 1],-26.80000000000001,10,636.8999999999905,0.0,False,1
28,0,1,[1 2],576.7999999999993,0.5,0.5,0.11978227594613922,SI,[2 1],-26.80000000000001,10,636.8999999999905,0.0,False,1
28,0,2,[1 2],576.7999999999993,0.5,0.5,0.19411346258354023,SI,[2 1],-26.80000000000001,10,636.8999999999905,0.0,False,1
28,0,3,[1 2],576.7999999999993,0.5,0.5,0.015878783830035048,SI,[2 1],-26.80000000000001,10,636.8999999999905,0.0,False,1
28,0,4,[1 2],576.7999999999993,0.5,0.5,0.39234008649849605,SI,[2 1],-26.80000000000001,10,636.8999999999905,0.0,False,1
29,0,0,[1 2],576.7999999999993,0.5,0.5,0.04706873231052533,SI,[2 1],-26.80000000000001,10,636.8999999999905,0.0,False,1
29,0,1,[1 2],576.7999999999993,0.5,0.5,0.2914495652374306,SI,[2 1],-26.80000000000001,10,636.8999999999905,0.0,False,1
29,0,2,[1 2],576.7999999999993,0.5,0.5,0.2709910283093435,SI,[2 1],-26.80000000000001,10,636.8999999999905,0.0,False,1
29,0,3,[1 2],576.7999999999993,0.5,0.5,0.18504230220175133,SI,[2 1],-26.80000000000001,10,636.8999999999905,0.0,False,1
29,0,4,[1 2],576.7999999999993,0.5,0.5,0.2738966600193624,SI,[2 1],-26.80000000000001,10,636.8999999999905,0.0,False,1
30,0,0,[1 2],576.7999999999993,0.5,0.5,0.2490232808581453,SI,[2 1],-26.80000000000001,10,636.8999999999905,0.0,False,1
30,0,1,[1 2],576.7999999999993,0.5,0.5,0.27234046416744595,SI,[2 1],-26.80000000000001,10,636.8999999999905,0.0,False,1
30,0,2,[1 2],576.7999999999993,0.5,0.5,0.2259205960201922,SI,[2 1],-26.80000000000001,10,636.8999999999905,0.0,False,1
30,0,3,[1 2],576.7999999999993,0.5,0.5,0.1242221297157603,SI,[2 1],-26.80000000000001,10,636.8999999999905,0.0,False,1
30,0,4,[1 2],576.7999999999993,0.5,0.5,0.2531180251005727,SI,[2 1],-26.80000000000001,10,636.8999999999905,0.0,False,1
31,0,0,[1 2],576.7999999999993,0.5,0.5,0.39324131059994705,SI,[2 1],-26.80000000000001,10,636.8999999999905,0.0,False,1
31,0,1,[1 2],576.7999999999993,0.5,0.5,0.3887174605608251,SI,[2 1],-26.80000000000001,10,636.8999999999905,0.0,False,1
31,0,2,[1 2],576.7999999999993,0.5,0.5,0.19517258666800663,SI,[2 1],-26.80000000000001,10,636.8999999999905,0.0,False,1
31,0,3,[1 2],576.7999999999993,0.5,0.5,0.1622348467308814,SI,[2 1],-26.80000000000001,10,636.8999999999905,0.0,False,1
31,0,4,[1 2],576.7999999999993,0.5,0.5,0.08010738554861085,SI,[2 1],-26.80000000000001,10,636.8999999999905,0.0,False,1
32,0,0,[1 2],576.7999999999993,0.5,0.5,0.28545340139207565,SI,[2 1],-26.80000000000001,10,636.8999999999905,0.0,False,1
32,0,1,[1 2],576.7999999999993,0.5,0.5,0.06145974780953223,SI,[2 1],-26.80000000000001,10,636.8999999999905,0.0,False,1
32,0,2,[1 2],576.7999999999993,0.5,0.5,0.2938263561029909,SI,[2 1],-26.80000000000001,10,636.8999999999905,0.0,False,1
32,0,3,[1 2],576.7999999999993,0.5,0.5,0.036868251474220015,SI,[2 1],-26.80000000000001,10,636.8999999999905,0.0,False,1
32,0,4,[1 2],576.7999999999993,0.5,0.5,0.23331926237845524,SI,[2 1],-26.80000000000001,10,636.8999999999905,0.0,False,1
33,0,0,[1 2],576.7999999999993,0.5,0.5,0.2024211563138828,SI,[2 1],-26.80000000000001,10,636.8999999999905,0.0,False,1
33,0,1,[1 2],576.7999999999993,0.5,0.5,0.2251657301568022,SI,[2 1],-26.80000000000001,10,636.8999999999905,0.0,False,1
33,0,2,[1 2],576.7999999999993,0.5,0.5,0.14842312135800706,SI,[2 1],-26.80000000000001,10,636.8999999999905,0.0,False,1
33,0,3,[1 2],576.7999999999993,0.5,0.5,0.4992165592493585,SI,[2 1],-26.80000000000001,10,636.8999999999905,0.0,False,1
33,0,4,[1 2],576.7999999999993,0.5,0.5,0.11663402317987437,SI,[2 1],-26.80000000000001,10,636.8999999999905,0.0,False,1
34,0,0,[1 2],576.7999999999993,0.5,0.5,0.4393125344697628,SI,[2 1],-26.80000000000001,10,636.8999999999905,0.0,False,1
34,0,1,[1 2],576.7999999999993,0.5,0.5,0.006449796041875677,SI,[2 1],-26.80000000000001,10,636.8999999999905,0.0,False,1
34,0,2,[1 2],576.7999999999993,0.5,0.5,0.32586426157642623,SI,[2 1],-26.80000000000001,10,636.8999999999905,0.0,False,1
34,0,3,[1 2],576.7999999999993,0.5,0.5,0.01875650574984289,SI,[2 1],-26.80000000000001,10,636.8999999999905,0.0,False,1
34,0,4,[1 2],576.7999999999993,0.5,0.5,0.34120835302285735,SI,[2 1],-26.80000000000001,10,636.8999999999905,0.0,False,1
35,0,0,[1 2],576.7999999999993,0.5,0.5,0.28459986772901646,SI,[2 1],-26.80000000000001,10,636.8999999999905,0.0,False,1
35,0,1,[1 2],576.7999999999993,0.5,0.5,0.08104210619127006,SI,[2 1],-26.80000000000001,10,636.8999999999905,0.0,False,1
35,0,2,[1 2],576.7999999999993,0.5,0.5,0.34585257857454466,SI,[2 1],-26.80000000000001,10,636.8999999999905,0.0,False,1
35,0,3,[1 2],576.7999999999993,0.5,0.5,0.15703255215840872,SI,[2 1],-26.80000000000001,10,636.8999999999905,0.0,False,1
35,0,4,[1 2],576.7999999999993,0.5,0.5,0.14079834341474595,SI,[2 1],-26.80000000000001,10,636.8999999999905,0.0,False,1
36,0,0,[1 2],576.7999999999993,0.5,0.5,0.43291384145565515,SI,[2 1],-26.80000000000001,10,636.8999999999905,0.0,False,1
36,0,1,[1 2],576.7999999999993,0.5,0.5,0.4533031733978604,SI,[2 1],-26.80000000000001,10,636.8999999999905,0.0,False,1
36,0,2,[1 2],576.7999999999993,0.5,0.5,0.43309441703478846,SI,[2 1],-26.80000000000001,10,636.8999999999905,0.0,False,1
36,0,3,[1 2],576.7999999999993,0.5,0.5,0.1427512759730586,SI,[2 1],-26.80000000000001,10,636.8999999999905,0.0,False,1
36,0,4,[1 2],576.7999999999993,0.5,0.5,0.47222583211596625,SI,[2 1],-26.80000000000001,10,636.8999999999905,0.0,False,1
37,0,0,[1 2],576.7999999999993,0.5,0.5,0.07059993753758964,SI,[2 1],-26.80000000000001,10,636.8999999999905,0.0,False,1
37,0,1,[1 2],576.7999999999993,0.5,0.5,0.3556229343498226,SI,[2 1],-26.80000000000001,10,636.8999999999905,0.0,False,1
37,0,2,[1 2],576.7999999999993,0.5,0.5,0.0712539777275123,SI,[2 1],-26.80000000000001,10,636.8999999999905,0.0,False,1
37,0,3,[1 2],576.7999999999993,0.5,0.5,0.12426328698748002,SI,[2 1],-26.80000000000001,10,636.8999999999905,0.0,False,1
37,0,4,[1 2],576.7999999999993,0.5,0.5,0.1624364858657591,SI,[2 1],-26.80000000000001,10,636.8999999999905,0.0,False,1
38,0,0,[1 2],576.7999999999993,0.5,0.5,0.40661007226523604,SI,[2 1],-26.80000000000001,10,636.8999999999905,0.0,False,1
38,0,1,[1 2],576.7999999999993,0.5,0.5,0.20753636458938385,SI,[2 1],-26.80000000000001,10,636.8999999999905,0.0,False,1
38,0,2,[1 2],576.7999999999993,0.5,0.5,0.4787094821515365,SI,[2 1],-26.80000000000001,10,636.8999999999905,0.0,False,1
38,0,3,[1 2],576.7999999999993,0.5,0.5,0.009497302742333846,SI,[2 1],-26.80000000000001,10,636.8999999999905,0.0,False,1
38,0,4,[1 2],576.7999999999993,0.5,0.5,0.4108803646139969,SI,[2 1],-26.80000000000001,10,636.8999999999905,0.0,False,1
39,0,0,[1 2],576.7999999999993,0.5,0.5,0.2731278670479399,SI,[2 1],-26.80000000000001,10,636.8999999999905,0.0,False,1
39,0,1,[1 2],576.7999999999993,0.5,0.5,0.22600511764055797,SI,[2 1],-26.80000000000001,10,636.8999999999905,0.0,False,1
39,0,2,[1 2],576.7999999999993,0.5,0.5,0.1896719716320694,SI,[2 1],-26.80000000000001,10,636.8999999999905,0.0,False,1
39,0,3,[1 2],576.7999999999993,0.5,0.5,0.2656049329822353,SI,[2 1],-26.80000000000001,10,636.8999999999905,0.0,False,1
39,0,4,[1 2],576.7999999999993,0.5,0.5,0.035028717670813836,SI,[2 1],-26.80000000000001,10,636.8999999999905,0.0,False,1
40,0,0,[1 2],576.7999999999993,0.5,0.5,0.029669814133494232,SI,[2 1],-26.80000000000001,10,636.8999999999905,0.0,False,1
40,0,1,[1 2],576.7999999999993,0.5,0.5,0.4707384849032612,SI,[2 1],-26.80000000000001,10,636.8999999999905,0.0,False,1
40,0,2,[1 2],576.7999999999993,0.5,0.5,0.12017452308341525,SI,[2 1],-26.80000000000001,10,636.8999999999905,0.0,False,1
40,0,3,[1 2],576.7999999999993,0.5,0.5,0.4886948280680946,SI,[2 1],-26.80000000000001,10,636.8999999999905,0.0,False,1
40,0,4,[1 2],576.7999999999993,0.5,0.5,0.25771174282688003,SI,[2 1],-26.80000000000001,10,636.8999999999905,0.0,False,1
41,0,0,[1 2],576.7999999999993,0.5,0.5,0.001206709240052839,SI,[2 1],-26.80000000000001,10,636.8999999999905,0.0,False,1
41,0,1,[1 2],576.7999999999993,0.5,0.5,0.08439854164478577,SI,[2 1],-26.80000000000001,10,636.8999999999905,0.0,False,1
41,0,2,[1 2],576.7999999999993,0.5,0.5,0.031844089323606606,SI,[2 1],-26.80000000000001,10,636.8999999999905,0.0,False,1
41,0,3,[1 2],576.7999999999993,0.5,0.5,0.4450519546898296,SI,[2 1],-26.80000000000001,10,636.8999999999905,0.0,False,1
41,0,4,[1 2],576.7999999999993,0.5,0.5,0.22550136795593,SI,[2 1],-26.80000000000001,10,636.8999999999905,0.0,False,1
42,0,0,[1 2],576.7999999999993,0.5,0.5,0.17147546097431332,SI,[2 1],-26.80000000000001,10,636.8999999999905,0.0,False,1
42,0,1,[1 2],576.7999999999993,0.5,0.5,0.336772972247002,SI,[2 1],-26.80000000000001,10,636.8999999999905,0.0,False,1
42,0,2,[1 2],576.7999999999993,0.5,0.5,0.2391970665741293,SI,[2 1],-26.80000000000001,10,636.8999999999905,0.0,False,1
42,0,3,[1 2],576.7999999999993,0.5,0.5,0.02339176798044984,SI,[2 1],-26.80000000000001,10,636.8999999999905,0.0,False,1
42,0,4,[1 2],576.7999999999993,0.5,0.5,0.47369201138575845,SI,[2 1],-26.80000000000001,10,636.8999999999905,0.0,False,1
43,0,0,[1 2],576.7999999999993,0.5,0.5,0.28908679192285924,SI,[2 1],-26.80000000000001,10,636.8999999999905,0.0,False,1
43,0,1,[1 2],576.7999999999993,0.5,0.5,0.49958960766142657,SI,[2 1],-26.80000000000001,10,636.8999999999905,0.0,False,1
43,0,2,[1 2],576.7999999999993,0.5,0.5,0.06561093188846534,SI,[2 1],-26.80000000000001,10,636.8999999999905,0.0,False,1
43,0,3,[1 2],576.7999999999993,0.5,0.5,0.3937624884262486,SI,[2 1],-26.80000000000001,10,636.8999999999905,0.0,False,1
43,0,4,[1 2],576.7999999999993,0.5,0.5,0.1554668759389315,SI,[2 1],-26.80000000000001,10,636.8999999999905,0.0,False,1
44,0,0,[1 2],576.7999999999993,0.5,0.5,0.06690839105313917,SI,[2 1],-26.80000000000001,10,636.8999999999905,0.0,False,1
44,0,1,[1 2],576.7999999999993,0.5,0.5,0.2672647439379694,SI,[2 1],-26.80000000000001,10,636.8999999999905,0.0,False,1
44,0,2,[1 2],576.7999999999993,0.5,0.5,0.4669837185132809,SI,[2 1],-26.80000000000001,10,636.8999999999905,0.0,False,1
44,0,3,[1 2],576.7999999999993,0.5,0.5,0.15851435496587585,SI,[2 1],-26.80000000000001,10,636.8999999999905,0.0,False,1
44,0,4,[1 2],576.7999999999993,0.5,0.5,0.0870783354434449,SI,[2 1],-26.80000000000001,10,636.8999999999905,0.0,False,1
45,0,0,[1 2],576.7999999999993,0.5,0.5,0.475734152307674,SI,[2 1],-26.80000000000001,10,636.8999999999905,0.0,False,1
45,0,1,[1 2],576.7999999999993,0.5,0.5,0.4572172071966589,SI,[2 1],-26.80000000000001,10,636.8999999999905,0.0,False,1
45,0,2,[1 2],576.7999999999993,0.5,0.5,0.3662155525684768,SI,[2 1],-26.80000000000001,10,636.8999999999905,0.0,False,1
45,0,3,[1 2],576.7999999999993,0.5,0.5,0.36857256940725824,SI,[2 1],-26.80000000000001,10,636.8999999999905,0.0,False,1
45,0,4,[1 2],576.7999999999993,0.5,0.5,0.3932413380242543,SI,[2 1],-26.80000000000001,10,636.8999999999905,0.0,False,1
46,0,0,[1 2],576.7999999999993,0.5,0.5,0.24288385635907084,SI,[2 1],-26.80000000000001,10,636.8999999999905,0.0,False,1
46,0,1,[1 2],576.7999999999993,0.5,0.5,0.33874086170129747,SI,[2 1],-26.80000000000001,10,636.8999999999905,0.0,False,1
46,0,2,[1 2],576.7999999999993,0.5,0.5,0.30545684829461905,SI,[2 1],-26.80000000000001,10,636.8999999999905,0.0,False,1
46,0,3,[1 2],576.7999999999993,0.5,0.5,0.34087802657837474,SI,[2 1],-26.80000000000001,10,636.8999999999905,0.0,False,1
46,0,4,[1 2],576.7999999999993,0.5,0.5,0.09224464919196107,SI,[2 1],-26.80000000000001,10,636.8999999999905,0.0,False,1
47,0,0,[1 2],576.7999999999993,0.5,0.5,0.1714034415612169,SI,[2 1],-26.80000000000001,10,636.8999999999905,0.0,False,1
47,0,1,[1 2],576.7999999999993,0.5,0.5,0.3048958377798102,SI,[2 1],-26.80000000000001,10,636.8999999999905,0.0,False,1
47,0,2,[1 2],576.7999999999993,0.5,0.5,0.34309454884572976,SI,[2 1],-26.80000000000001,10,636.8999999999905,0.0,False,1
47,0,3,[1 2],576.7999999999993,0.5,0.5,0.01650346227383892,SI,[2 1],-26.80000000000001,10,636.8999999999905,0.0,False,1
47,0,4,[1 2],576.7999999999993,0.5,0.5,0.20409165617031488,SI,[2 1],-26.80000000000001,10,636.8999999999905,0.0,False,1
48,0,0,[1 2],576.7999999999993,0.5,0.5,0.2045869621042986,SI,[2 1],-26.80000000000001,10,636.8999999999905,0.0,False,1
48,0,1,[1 2],576.7999999999993,0.5,0.5,0.1614509996387552,SI,[2 1],-26.80000000000001,10,636.8999999999905,0.0,False,1
48,0,2,[1 2],576.7999999999993,0.5,0.5,0.02794925714310814,SI,[2 1],-26.80000000000001,10,636.8999999999905,0.0,False,1
48,0,3,[1 2],576.7999999999993,0.5,0.5,0.27153961114568104,SI,[2 1],-26.80000000000001,10,636.8999999999905,0.0,False,1
48,0,4,[1 2],576.7999999999993,0.5,0.5,0.3589447896869816,SI,[2 1],-26.80000000000001,10,636.8999999999905,0.0,False,1
49,0,0,[1 2],576.7999999999993,0.5,0.5,0.36640659561420685,SI,[2 1],-26.80000000000001,10,636.8999999999905,0.0,False,1
49,0,1,[1 2],576.7999999999993,0.5,0.5,0.15008216472238856,SI,[2 1],-26.80000000000001,10,636.8999999999905,0.0,False,1
49,0,2,[1 2],576.7999999999993,0.5,0.5,0.4179051480451713,SI,[2 1],-26.80000000000001,10,636.8999999999905,0.0,False,1
49,0,3,[1 2],576.7999999999993,0.5,0.5,0.39090404570570725,SI,[2 1],-26.80000000000001,10,636.8999999999905,0.0,False,1
49,0,4,[1 2],576.7999999999993,0.5,0.5,0.16645233893401612,SI,[2 1],-26.80000000000001,10,636.8999999999905,0.0,False,1
50,0,0,[1 2],576.7999999999993,0.5,0.5,0.09275612380427078,SI,[2 1],-26.80000000000001,10,636.8999999999905,0.0,False,1
50,0,1,[1 2],576.7999999999993,0.5,0.5,0.10982149026493049,SI,[2 1],-26.80000000000001,10,636.8999999999905,0.0,False,1
50,0,2,[1 2],576.7999999999993,0.5,0.5,0.2694541052360686,SI,[2 1],-26.80000000000001,10,636.8999999999905,0.0,False,1
50,0,3,[1 2],576.7999999999993,0.5,0.5,0.4254516616932671,SI,[2 1],-26.80000000000001,10,636.8999999999905,0.0,False,1
50,0,4,[1 2],576.7999999999993,0.5,0.5,0.48300354225163744,SI,[2 1],-26.80000000000001,10,636.8999999999905,0.0,False,1
0,7,0,[3 1 4 5 2],2761.5999999999804,0.5,0.5,0.8095221941185824,MI,[5 4 1 3 2],22.799999999999955,10,4543.400000000009,0.0,False,2
0,7,1,[3 1 4 5 2],2761.5999999999804,0.5,0.5,0.754776433642019,MI,[3 5 4 1 2],35.299999999999955,10,3735.199999999986,0.0,False,2
0,7,2,[3 1 4 5 2],2761.5999999999804,0.5,0.5,0.3434059078566094,SI,[2 5 4 1 3],57.30000000000001,10,4209.000000000036,0.0,False,2
0,7,3,[3 1 4 5 2],2761.5999999999804,0.5,0.5,0.7935587159001899,MI,[5 4 1 3 2],22.799999999999955,10,4543.400000000009,0.0,False,2
0,7,4,[3 1 4 5 2],2761.5999999999804,0.5,0.5,0.40030791130242704,SI,[5 4 1 3 2],22.799999999999955,10,4543.400000000009,0.0,False,2
1,0,0,[3 1 4 5 2],2761.5999999999804,0.5,0.5,0.8571515194713044,MI,[3 5 4 1 2],35.299999999999955,10,3735.199999999986,0.0,False,2
1,0,1,[3 1 4 5 2],2761.5999999999804,0.5,0.5,0.8840816581375598,MI,[5 4 1 3 2],22.799999999999955,10,4543.400000000009,0.0,False,2
1,0,2,[3 1 4 5 2],2761.5999999999804,0.5,0.5,0.10028734424871999,SI,[3 5 4 1 2],35.299999999999955,10,3735.199999999986,0.0,False,2
1,0,3,[3 1 4 5 2],2761.5999999999804,0.5,0.5,0.5260978381216556,MI,[3 5 4 1 2],35.299999999999955,10,3735.199999999986,0.0,False,2
1,0,4,[3 1 4 5 2],2761.5999999999804,0.5,0.5,0.05291709749509421,SI,[5 4 1 3 2],22.799999999999955,10,4543.400000000009,0.0,False,2
2,0,0,[3 1 4 5 2],2761.5999999999804,0.5,0.5,0.3511719604048289,SI,[5 4 1 3 2],22.799999999999955,10,4543.400000000009,0.0,False,2
2,0,1,[3 1 4 5 2],2761.5999999999804,0.5,0.5,0.3981105349328178,SI,[3 5 4 1 2],35.299999999999955,10,3735.199999999986,0.0,False,2
2,0,2,[3 1 4 5 2],2761.5999999999804,0.5,0.5,0.21698364664064074,SI,[3 5 4 1 2],35.299999999999955,10,3735.199999999986,0.0,False,2
2,0,3,[3 1 4 5 2],2761.5999999999804,0.5,0.5,0.8495472252527603,MI,[5 4 1 3 2],22.799999999999955,10,4543.400000000009,0.0,False,2
2,0,4,[3 1 4 5 2],2761.5999999999804,0.5,0.5,0.7117085274535441,MI,[5 4 1 3 2],22.799999999999955,10,4543.400000000009,0.0,False,2
3,0,0,[3 1 4 5 2],2761.5999999999804,0.5,0.5,0.75647867580788,MI,[3 5 4 1 2],35.299999999999955,10,3735.199999999986,0.0,False,2
3,0,1,[3 1 4 5 2],2761.5999999999804,0.5,0.5,0.912065440394061,MI,[5 4 1 3 2],22.799999999999955,10,4543.400000000009,0.0,False,2
3,0,2,[3 1 4 5 2],2761.5999999999804,0.5,0.5,0.2018800007049053,SI,[3 5 4 1 2],35.299999999999955,10,3735.199999999986,0.0,False,2
3,0,3,[3 1 4 5 2],2761.5999999999804,0.5,0.5,0.5130731224300964,MI,[5 4 1 3 2],22.799999999999955,10,4543.400000000009,0.0,False,2
3,0,4,[3 1 4 5 2],2761.5999999999804,0.5,0.5,0.7537486749487226,MI,[2 5 4 1 3],57.30000000000001,10,4209.000000000036,0.0,False,2
4,0,0,[3 1 4 5 2],2761.5999999999804,0.5,0.5,0.309370644678741,SI,[5 4 1 3 2],22.799999999999955,10,4543.400000000009,0.0,False,2
4,0,1,[3 1 4 5 2],2761.5999999999804,0.5,0.5,0.330471173348752,SI,[5 4 1 3 2],22.799999999999955,10,4543.400000000009,0.0,False,2
4,0,2,[3 1 4 5 2],2761.5999999999804,0.5,0.5,0.03559719476181111,SI,[5 4 1 3 2],22.799999999999955,10,4543.400000000009,0.0,False,2
4,0,3,[3 1 4 5 2],2761.5999999999804,0.5,0.5,0.8517384475191334,MI,[3 5 4 1 2],35.299999999999955,10,3735.199999999986,0.0,False,2
4,0,4,[3 1 4 5 2],2761.5999999999804,0.5,0.5,0.5832805130966802,MI,[3 5 4 1 2],35.299999999999955,10,3735.199999999986,0.0,False,2
5,0,0,[3 1 4 5 2],2761.5999999999804,0.5,0.5,0.9154836806837927,MI,[5 4 1 3 2],22.799999999999955,10,4543.400000000009,0.0,False,2
5,0,1,[3 1 4 5 2],2761.5999999999804,0.5,0.5,0.7508897103106108,MI,[5 4 1 3 2],22.799999999999955,10,4543.400000000009,0.0,False,2
5,0,2,[3 1 4 5 2],2761.5999999999804,0.5,0.5,0.9797311760527323,MI,[5 4 1 3 2],22.799999999999955,10,4543.400000000009,0.0,False,2
5,0,3,[3 1 4 5 2],2761.5999999999804,0.5,0.5,0.6045775352702474,MI,[5 4 1 3 2],22.799999999999955,10,4543.400000000009,0.0,False,2
5,0,4,[3 1 4 5 2],2761.5999999999804,0.5,0.5,0.7182800911295008,MI,[5 4 1 3 2],22.799999999999955,10,4543.400000000009,0.0,False,2
6,0,0,[3 1 4 5 2],2761.5999999999804,0.5,0.5,0.4312504110998876,SI,[5 4 1 3 2],22.799999999999955,10,4543.400000000009,0.0,False,2
6,0,1,[3 1 4 5 2],2761.5999999999804,0.5,0.5,0.684199505773467,MI,[5 4 1 3 2],22.799999999999955,10,4543.400000000009,0.0,False,2
6,0,2,[3 1 4 5 2],2761.5999999999804,0.5,0.5,0.16639920425843102,SI,[5 4 1 3 2],22.799999999999955,10,4543.400000000009,0.0,False,2
6,0,3,[3 1 4 5 2],2761.5999999999804,0.5,0.5,0.49753869741130563,SI,[5 4 1 3 2],22.799999999999955,10,4543.400000000009,0.0,False,2
6,0,4,[3 1 4 5 2],2761.5999999999804,0.5,0.5,0.01752492120068061,SI,[5 4 1 3 2],22.799999999999955,10,4543.400000000009,0.0,False,2
7,0,0,[3 1 4 5 2],2761.5999999999804,0.5,0.5,0.6614110624411201,MI,[5 4 1 3 2],22.799999999999955,10,4543.400000000009,0.0,False,2
7,0,1,[3 1 4 5 2],2761.5999999999804,0.5,0.5,0.18020456781293914,SI,[5 4 1 3 2],22.799999999999955,10,4543.400000000009,0.0,False,2
7,0,2,[3 1 4 5 2],2761.5999999999804,0.5,0.5,0.7123253147039742,MI,[5 4 1 3 2],22.799999999999955,10,4543.400000000009,0.0,False,2
7,0,3,[3 1 4 5 2],2761.5999999999804,0.5,0.5,0.9239524449256092,MI,[5 4 1 3 2],22.799999999999955,10,4543.400000000009,0.0,False,2
7,0,4,[3 1 4 5 2],2761.5999999999804,0.5,0.5,0.7778714591413971,MI,[5 4 1 3 2],22.799999999999955,10,4543.400000000009,0.0,False,2
8,0,0,[3 1 4 5 2],2761.5999999999804,0.5,0.5,0.8976799601907776,MI,[5 4 1 3 2],22.799999999999955,10,4543.400000000009,0.0,False,2
8,0,1,[3 1 4 5 2],2761.5999999999804,0.5,0.5,0.3639005493745845,SI,[5 4 1 3 2],22.799999999999955,10,4543.400000000009,0.0,False,2
8,0,2,[3 1 4 5 2],2761.5999999999804,0.5,0.5,0.2908999506937826,SI,[3 5 4 1 2],35.299999999999955,10,3735.199999999986,0.0,False,2
8,0,3,[3 1 4 5 2],2761.5999999999804,0.5,0.5,0.020824122708753112,SI,[5 4 1 3 2],22.799999999999955,10,4543.400000000009,0.0,False,2
8,0,4,[3 1 4 5 2],2761.5999999999804,0.5,0.5,0.40539117863881347,SI,[5 4 1 3 2],22.799999999999955,10,4543.400000000009,0.0,False,2
9,0,0,[3 1 4 5 2],2761.5999999999804,0.5,0.5,0.4110419825924504,SI,[5 4 1 3 2],22.799999999999955,10,4543.400000000009,0.0,False,2
9,0,1,[3 1 4 5 2],2761.5999999999804,0.5,0.5,0.3615124725796337,SI,[5 4 1 3 2],22.799999999999955,10,4543.400000000009,0.0,False,2
9,0,2,[3 1 4 5 2],2761.5999999999804,0.5,0.5,0.5087105244456651,MI,[5 4 1 3 2],22.799999999999955,10,4543.400000000009,0.0,False,2
9,0,3,[3 1 4 5 2],2761.5999999999804,0.5,0.5,0.6398551965448328,MI,[5 4 1 3 2],22.799999999999955,10,4543.400000000009,0.0,False,2
9,0,4,[3 1 4 5 2],2761.5999999999804,0.5,0.5,0.48853453064457797,SI,[5 4 1 3 2],22.799999999999955,10,4543.400000000009,0.0,False,2
10,0,0,[3 1 4 5 2],2761.5999999999804,0.5,0.5,0.005309827036356629,SI,[5 4 1 3 2],22.799999999999955,10,4543.400000000009,0.0,False,2
10,0,1,[3 1 4 5 2],2761.5999999999804,0.5,0.5,0.0581297960941759,SI,[5 4 1 3 2],22.799999999999955,10,4543.400000000009,0.0,False,2
10,0,2,[3 1 4 5 2],2761.5999999999804,0.5,0.5,0.029945933421772875,SI,[5 4 1 3 2],22.799999999999955,10,4543.400000000009,0.0,False,2
10,0,3,[3 1 4 5 2],2761.5999999999804,0.5,0.5,0.17053854403063462,SI,[5 4 1 3 2],22.799999999999955,10,4543.400000000009,0.0,False,2
10,0,4,[3 1 4 5 2],2761.5999999999804,0.5,0.5,0.5507275442688068,MI,[5 4 1 3 2],22.799999999999955,10,4543.400000000009,0.0,False,2
11,0,0,[3 1 4 5 2],2761.5999999999804,0.5,0.5,0.4258505119434729,SI,[3 5 4 1 2],35.299999999999955,10,3735.199999999986,0.0,False,2
11,0,1,[3 1 4 5 2],2761.5999999999804,0.5,0.5,0.16501854608641642,SI,[5 4 1 3 2],22.799999999999955,10,4543.400000000009,0.0,False,2
11,0,2,[3 1 4 5 2],2761.5999999999804,0.5,0.5,0.9950764121425308,MI,[5 4 1 3 2],22.799999999999955,10,4543.400000000009,0.0,False,2
11,0,3,[3 1 4 5 2],2761.5999999999804,0.5,0.5,0.1977243175063661,SI,[5 4 1 3 2],22.799999999999955,10,4543.400000000009,0.0,False,2
11,0,4,[3 1 4 5 2],2761.5999999999804,0.5,0.5,0.7093911501668565,MI,[3 5 4 1 2],35.299999999999955,10,3735.199999999986,0.0,False,2
12,0,0,[3 1 4 5 2],2761.5999999999804,0.5,0.5,0.5990371479217107,MI,[3 5 4 1 2],35.299999999999955,10,3735.199999999986,0.0,False,2
12,0,1,[3 1 4 5 2],2761.5999999999804,0.5,0.5,0.01306760009319441,SI,[3 5 4 1 2],35.299999999999955,10,3735.199999999986,0.0,False,2
12,0,2,[3 1 4 5 2],2761.5999999999804,0.5,0.5,0.023595676780440056,SI,[5 4 1 3 2],22.799999999999955,10,4543.400000000009,0.0,False,2
12,0,3,[3 1 4 5 2],2761.5999999999804,0.5,0.5,0.6991147035927778,MI,[5 4 1 3 2],22.799999999999955,10,4543.400000000009,0.0,False,2
12,0,4,[3 1 4 5 2],2761.5999999999804,0.5,0.5,0.9646097402231574,MI,[3 5 4 1 2],35.299999999999955,10,3735.199999999986,0.0,False,2
13,0,0,[3 1 4 5 2],2761.5999999999804,0.5,0.5,0.8128993497123359,MI,[3 5 4 1 2],35.299999999999955,10,3735.199999999986,0.0,False,2
13,0,1,[3 1 4 5 2],2761.5999999999804,0.5,0.5,0.5062392254718323,MI,[5 4 1 3 2],22.799999999999955,10,4543.400000000009,0.0,False,2
13,0,2,[3 1 4 5 2],2761.5999999999804,0.5,0.5,0.2967869956971605,SI,[5 4 1 3 2],22.799999999999955,10,4543.400000000009,0.0,False,2
13,0,3,[3 1 4 5 2],2761.5999999999804,0.5,0.5,0.15319107193518677,SI,[5 4 1 3 2],22.799999999999955,10,4543.400000000009,0.0,False,2
13,0,4,[3 1 4 5 2],2761.5999999999804,0.5,0.5,0.015287307162912489,SI,[5 4 1 3 2],22.799999999999955,10,4543.400000000009,0.0,False,2
14,0,0,[3 1 4 5 2],2761.5999999999804,0.5,0.5,0.9817600658691078,MI,[5 4 1 3 2],22.799999999999955,10,4543.400000000009,0.0,False,2
14,0,1,[3 1 4 5 2],2761.5999999999804,0.5,0.5,0.06874715282775701,SI,[5 4 1 3 2],22.799999999999955,10,4543.400000000009,0.0,False,2
14,0,2,[3 1 4 5 2],2761.5999999999804,0.5,0.5,0.2579781273696766,SI,[3 5 4 1 2],35.299999999999955,10,3735.199999999986,0.0,False,2
14,0,3,[3 1 4 5 2],2761.5999999999804,0.5,0.5,0.882232180005515,MI,[3 5 4 1 2],35.299999999999955,10,3735.199999999986,0.0,False,2
14,0,4,[3 1 4 5 2],2761.5999999999804,0.5,0.5,0.5564605149906869,MI,[5 4 1 3 2],22.799999999999955,10,4543.400000000009,0.0,False,2
15,0,0,[3 1 4 5 2],2761.5999999999804,0.5,0.5,0.8869383584489726,MI,[5 4 1 3 2],22.799999999999955,10,4543.400000000009,0.0,False,2
15,0,1,[3 1 4 5 2],2761.5999999999804,0.5,0.5,0.21021155904492517,SI,[3 5 4 1 2],35.299999999999955,10,3735.199999999986,0.0,False,2
15,0,2,[3 1 4 5 2],2761.5999999999804,0.5,0.5,0.8570060010760789,MI,[5 4 1 3 2],22.799999999999955,10,4543.400000000009,0.0,False,2
15,0,3,[3 1 4 5 2],2761.5999999999804,0.5,0.5,0.3029641408937569,SI,[5 4 1 3 2],22.799999999999955,10,4543.400000000009,0.0,False,2
15,0,4,[3 1 4 5 2],2761.5999999999804,0.5,0.5,0.8596101207418714,MI,[5 4 1 3 2],22.799999999999955,10,4543.400000000009,0.0,False,2
16,0,0,[3 1 4 5 2],2761.5999999999804,0.5,0.5,0.5524817005129817,MI,[5 4 1 3 2],22.799999999999955,10,4543.400000000009,0.0,False,2
16,0,1,[3 1 4 5 2],2761.5999999999804,0.5,0.5,0.6709029590533858,MI,[5 4 1 3 2],22.799999999999955,10,4543.400000000009,0.0,False,2
16,0,2,[3 1 4 5 2],2761.5999999999804,0.5,0.5,0.1027841394436626,SI,[5 4 1 3 2],22.799999999999955,10,4543.400000000009,0.0,False,2
16,0,3,[3 1 4 5 2],2761.5999999999804,0.5,0.5,0.5263186664156297,MI,[5 4 1 3 2],22.799999999999955,10,4543.400000000009,0.0,False,2
16,0,4,[3 1 4 5 2],2761.5999999999804,0.5,0.5,0.8037998009618523,MI,[3 5 4 1 2],35.299999999999955,10,3735.199999999986,0.0,False,2
17,0,0,[3 1 4 5 2],2761.5999999999804,0.5,0.5,0.09601155600455646,SI,[5 4 1 3 2],22.799999999999955,10,4543.400000000009,0.0,False,2
17,0,1,[3 1 4 5 2],2761.5999999999804,0.5,0.5,0.16154483310699896,SI,[5 4 1 3 2],22.799999999999955,10,4543.400000000009,0.0,False,2
17,0,2,[3 1 4 5 2],2761.5999999999804,0.5,0.5,0.8674822522060988,MI,[5 4 1 3 2],22.799999999999955,10,4543.400000000009,0.0,False,2
17,0,3,[3 1 4 5 2],2761.5999999999804,0.5,0.5,0.3529123535577423,SI,[3 4 1 5 2],73.19999999999999,10,3454.6999999999825,0.0,False,2
17,0,4,[3 1 4 5 2],2761.5999999999804,0.5,0.5,0.8428655405496341,MI,[5 4 1 3 2],22.799999999999955,10,4543.400000000009,0.0,False,2
18,0,0,[3 1 4 5 2],2761.5999999999804,0.5,0.5,0.7000523455567238,MI,[5 4 1 3 2],22.799999999999955,10,4543.400000000009,0.0,False,2
18,0,1,[3 1 4 5 2],2761.5999999999804,0.5,0.5,0.12349663639172948,SI,[3 5 4 1 2],35.299999999999955,10,3735.199999999986,0.0,False,2
18,0,2,[3 1 4 5 2],2761.5999999999804,0.5,0.5,0.1447776613924534,SI,[3 1 5 4 2],101.39999999999998,10,2985.999999999982,0.0,False,2
18,0,3,[3 1 4 5 2],2761.5999999999804,0.5,0.5,0.5002906585136637,MI,[5 4 1 3 2],22.799999999999955,10,4543.400000000009,0.0,False,2
18,0,4,[3 1 4 5 2],2761.5999999999804,0.5,0.5,0.33528623540214364,SI,[3 5 4 1 2],35.299999999999955,10,3735.199999999986,0.0,False,2
19,0,0,[3 1 4 5 2],2761.5999999999804,0.5,0.5,0.04556039413167068,SI,[5 4 1 3 2],22.799999999999955,10,4543.400000000009,0.0,False,2
19,0,1,[3 1 4 5 2],2761.5999999999804,0.5,0.5,0.24554849643204069,SI,[5 4 1 3 2],22.799999999999955,10,4543.400000000009,0.0,False,2
19,0,2,[3 1 4 5 2],2761.5999999999804,0.5,0.5,0.8764246591468084,MI,[3 5 4 1 2],35.299999999999955,10,3735.199999999986,0.0,False,2
19,0,3,[3 1 4 5 2],2761.5999999999804,0.5,0.5,0.7937974790359047,MI,[5 4 1 3 2],22.799999999999955,10,4543.400000000009,0.0,False,2
19,0,4,[3 1 4 5 2],2761.5999999999804,0.5,0.5,0.0730694032416509,SI,[5 4 1 3 2],22.799999999999955,10,4543.400000000009,0.0,False,2
20,0,0,[3 1 4 5 2],2761.5999999999804,0.5,0.5,0.7325751789485608,MI,[3 5 4 1 2],35.299999999999955,10,3735.199999999986,0.0,False,2
20,0,1,[3 1 4 5 2],2761.5999999999804,0.5,0.5,0.51402948057473,MI,[5 4 1 3 2],22.799999999999955,10,4543.400000000009,0.0,False,2
20,0,2,[3 1 4 5 2],2761.5999999999804,0.5,0.5,0.06553985749760638,SI,[5 4 1 3 2],22.799999999999955,10,4543.400000000009,0.0,False,2
20,0,3,[3 1 4 5 2],2761.5999999999804,0.5,0.5,0.6214457327432185,MI,[5 4 1 3 2],22.799999999999955,10,4543.400000000009,0.0,False,2
20,0,4,[3 1 4 5 2],2761.5999999999804,0.5,0.5,0.7711301125951691,MI,[5 4 1 3 2],22.799999999999955,10,4543.400000000009,0.0,False,2
21,0,0,[3 1 4 5 2],2761.5999999999804,0.5,0.5,0.2740613945559798,SI,[5 4 1 3 2],22.799999999999955,10,4543.400000000009,0.0,False,2
21,0,1,[3 1 4 5 2],2761.5999999999804,0.5,0.5,0.6201480679931597,MI,[5 4 1 3 2],22.799999999999955,10,4543.400000000009,0.0,False,2
21,0,2,[3 1 4 5 2],2761.5999999999804,0.5,0.5,0.3068828957806897,SI,[5 4 1 3 2],22.799999999999955,10,4543.400000000009,0.0,False,2
21,0,3,[3 1 4 5 2],2761.5999999999804,0.5,0.5,0.28370673638583455,SI,[5 4 1 3 2],22.799999999999955,10,4543.400000000009,0.0,False,2
21,0,4,[3 1 4 5 2],2761.5999999999804,0.5,0.5,0.4942534586199143,SI,[3 5 4 1 2],35.299999999999955,10,3735.199999999986,0.0,False,2
22,0,0,[3 1 4 5 2],2761.5999999999804,0.5,0.5,0.5843856976515169,MI,[5 4 1 3 2],22.799999999999955,10,4543.400000000009,0.0,False,2
22,0,1,[3 1 4 5 2],2761.5999999999804,0.5,0.5,0.857750524423836,MI,[5 4 1 3 2],22.799999999999955,10,4543.400000000009,0.0,False,2
22,0,2,[3 1 4 5 2],2761.5999999999804,0.5,0.5,0.9833929274436324,MI,[3 5 4 1 2],35.299999999999955,10,3735.199999999986,0.0,False,2
22,0,3,[3 1 4 5 2],2761.5999999999804,0.5,0.5,0.2673015794207443,SI,[5 4 1 3 2],22.799999999999955,10,4543.400000000009,0.0,False,2
22,0,4,[3 1 4 5 2],2761.5999999999804,0.5,0.5,0.3173573088784539,SI,[5 4 1 3 2],22.799999999999955,10,4543.400000000009,0.0,False,2
23,0,0,[3 1 4 5 2],2761.5999999999804,0.5,0.5,0.6832714098280465,MI,[5 4 1 3 2],22.799999999999955,10,4543.400000000009,0.0,False,2
23,0,1,[3 1 4 5 2],2761.5999999999804,0.5,0.5,0.16592287091566438,SI,[5 4 1 3 2],22.799999999999955,10,4543.400000000009,0.0,False,2
23,0,2,[3 1 4 5 2],2761.5999999999804,0.5,0.5,0.13625969806197835,SI,[5 4 1 3 2],22.799999999999955,10,4543.400000000009,0.0,False,2
23,0,3,[3 1 4 5 2],2761.5999999999804,0.5,0.5,0.06741221220574056,SI,[5 4 1 3 2],22.799999999999955,10,4543.400000000009,0.0,False,2
23,0,4,[3 1 4 5 2],2761.5999999999804,0.5,0.5,0.7550654378900471,MI,[5 4 1 3 2],22.799999999999955,10,4543.400000000009,0.0,False,2
24,0,0,[3 1 4 5 2],2761.5999999999804,0.5,0.5,0.5624483121328006,MI,[5 4 1 3 2],22.799999999999955,10,4543.400000000009,0.0,False,2
24,0,1,[3 1 4 5 2],2761.5999999999804,0.5,0.5,0.6948505000062601,MI,[3 5 4 1 2],35.299999999999955,10,3735.199999999986,0.0,False,2
24,0,2,[3 1 4 5 2],2761.5999999999804,0.5,0.5,0.9706973041504141,MI,[5 4 1 3 2],22.799999999999955,10,4543.400000000009,0.0,False,2
24,0,3,[3 1 4 5 2],2761.5999999999804,0.5,0.5,0.6598885971386201,MI,[5 4 1 3 2],22.799999999999955,10,4543.400000000009,0.0,False,2
24,0,4,[3 1 4 5 2],2761.5999999999804,0.5,0.5,0.898505963531107,MI,[5 4 1 3 2],22.799999999999955,10,4543.400000000009,0.0,False,2
25,0,0,[3 1 4 5 2],2761.5999999999804,0.5,0.5,0.8566380207735083,MI,[3 5 4 1 2],35.299999999999955,10,3735.199999999986,0.0,False,2
25,0,1,[3 1 4 5 2],2761.5999999999804,0.5,0.5,0.603794550368661,MI,[3 5 4 1 2],35.299999999999955,10,3735.199999999986,0.0,False,2
25,0,2,[3 1 4 5 2],2761.5999999999804,0.5,0.5,0.16567453701730006,SI,[3 5 4 1 2],35.299999999999955,10,3735.199999999986,0.0,False,2
25,0,3,[3 1 4 5 2],2761.5999999999804,0.5,0.5,0.15089786077427736,SI,[3 5 4 1 2],35.299999999999955,10,3735.199999999986,0.0,False,2
25,0,4,[3 1 4 5 2],2761.5999999999804,0.5,0.5,0.10112493331452688,SI,[2 5 4 1 3],57.30000000000001,10,4209.000000000036,0.0,False,2
26,0,0,[3 1 4 5 2],2761.5999999999804,0.5,0.5,0.3226884850584463,SI,[5 4 1 3 2],22.799999999999955,10,4543.400000000009,0.0,False,2
26,0,1,[3 1 4 5 2],2761.5999999999804,0.5,0.5,0.635127486604664,MI,[5 4 1 3 2],22.799999999999955,10,4543.400000000009,0.0,False,2
26,0,2,[3 1 4 5 2],2761.5999999999804,0.5,0.5,0.09465070413155297,SI,[5 4 1 3 2],22.799999999999955,10,4543.400000000009,0.0,False,2
26,0,3,[3 1 4 5 2],2761.5999999999804,0.5,0.5,0.1214157192801173,SI,[5 4 1 3 2],22.799999999999955,10,4543.400000000009,0.0,False,2
26,0,4,[3 1 4 5 2],2761.5999999999804,0.5,0.5,0.9823860722078538,MI,[5 4 1 3 2],22.799999999999955,10,4543.400000000009,0.0,False,2
27,0,0,[3 1 4 5 2],2761.5999999999804,0.5,0.5,0.9116573251107877,MI,[5 4 1 3 2],22.799999999999955,10,4543.400000000009,0.0,False,2
27,0,1,[3 1 4 5 2],2761.5999999999804,0.5,0.5,0.8354322471356587,MI,[5 4 1 3 2],22.799999999999955,10,4543.400000000009,0.0,False,2
27,0,2,[3 1 4 5 2],2761.5999999999804,0.5,0.5,0.5392577853941282,MI,[5 4 1 3 2],22.799999999999955,10,4543.400000000009,0.0,False,2
27,0,3,[3 1 4 5 2],2761.5999999999804,0.5,0.5,0.5187232742364433,MI,[5 4 1 3 2],22.799999999999955,10,4543.400000000009,0.0,False,2
27,0,4,[3 1 4 5 2],2761.5999999999804,0.5,0.5,0.7621972281634292,MI,[5 4 1 3 2],22.799999999999955,10,4543.400000000009,0.0,False,2
28,0,0,[3 1 4 5 2],2761.5999999999804,0.5,0.5,0.8957524558601382,MI,[3 5 4 1 2],35.299999999999955,10,3735.199999999986,0.0,False,2
28,0,1,[3 1 4 5 2],2761.5999999999804,0.5,0.5,0.09259498631508267,SI,[5 4 1 3 2],22.799999999999955,10,4543.400000000009,0.0,False,2
28,0,2,[3 1 4 5 2],2761.5999999999804,0.5,0.5,0.7990283595493808,MI,[5 4 1 3 2],22.799999999999955,10,4543.400000000009,0.0,False,2
28,0,3,[3 1 4 5 2],2761.5999999999804,0.5,0.5,0.8660133302051299,MI,[5 4 1 3 2],22.799999999999955,10,4543.400000000009,0.0,False,2
28,0,4,[3 1 4 5 2],2761.5999999999804,0.5,0.5,0.19357996266568134,SI,[5 4 1 3 2],22.799999999999955,10,4543.400000000009,0.0,False,2
29,0,0,[3 1 4 5 2],2761.5999999999804,0.5,0.5,0.8969793976756202,MI,[5 4 1 3 2],22.799999999999955,10,4543.400000000009,0.0,False,2
29,0,1,[3 1 4 5 2],2761.5999999999804,0.5,0.5,0.6129300473671732,MI,[5 4 1 3 2],22.799999999999955,10,4543.400000000009,0.0,False,2
29,0,2,[3 1 4 5 2],2761.5999999999804,0.5,0.5,0.10057666683094313,SI,[5 4 1 3 2],22.799999999999955,10,4543.400000000009,0.0,False,2
29,0,3,[3 1 4 5 2],2761.5999999999804,0.5,0.5,0.8265131579826982,MI,[3 5 4 1 2],35.299999999999955,10,3735.199999999986,0.0,False,2
29,0,4,[3 1 4 5 2],2761.5999999999804,0.5,0.5,0.36182221297935047,SI,[5 4 1 3 2],22.799999999999955,10,4543.400000000009,0.0,False,2
30,0,0,[3 1 4 5 2],2761.5999999999804,0.5,0.5,0.3053863882039559,SI,[3 5 4 1 2],35.299999999999955,10,3735.199999999986,0.0,False,2
30,0,1,[3 1 4 5 2],2761.5999999999804,0.5,0.5,0.7389770280559903,MI,[5 4 1 3 2],22.799999999999955,10,4543.400000000009,0.0,False,2
30,0,2,[3 1 4 5 2],2761.5999999999804,0.5,0.5,0.2602343744105782,SI,[5 4 1 3 2],22.799999999999955,10,4543.400000000009,0.0,False,2
30,0,3,[3 1 4 5 2],2761.5999999999804,0.5,0.5,0.3709571879112289,SI,[5 4 1 3 2],22.799999999999955,10,4543.400000000009,0.0,False,2
30,0,4,[3 1 4 5 2],2761.5999999999804,0.5,0.5,0.03566715845544277,SI,[3 5 4 1 2],35.299999999999955,10,3735.199999999986,0.0,False,2
31,0,0,[3 1 4 5 2],2761.5999999999804,0.5,0.5,0.5356851913011085,MI,[5 4 1 3 2],22.799999999999955,10,4543.400000000009,0.0,False,2
31,0,1,[3 1 4 5 2],2761.5999999999804,0.5,0.5,0.4275913614921515,SI,[5 4 1 3 2],22.799999999999955,10,4543.400000000009,0.0,False,2
31,0,2,[3 1 4 5 2],2761.5999999999804,0.5,0.5,0.00025487458154338505,SI,[3 5 4 1 2],35.299999999999955,10,3735.199999999986,0.0,False,2
31,0,3,[3 1 4 5 2],2761.5999999999804,0.5,0.5,0.43257504180755124,SI,[5 4 1 3 2],22.799999999999955,10,4543.400000000009,0.0,False,2
31,0,4,[3 1 4 5 2],2761.5999999999804,0.5,0.5,0.5650810533717117,MI,[3 5 4 1 2],35.299999999999955,10,3735.199999999986,0.0,False,2
32,0,0,[3 1 4 5 2],2761.5999999999804,0.5,0.5,0.3465994529631182,SI,[3 5 4 1 2],35.299999999999955,10,3735.199999999986,0.0,False,2
32,0,1,[3 1 4 5 2],2761.5999999999804,0.5,0.5,0.06167979372882737,SI,[5 4 1 3 2],22.799999999999955,10,4543.400000000009,0.0,False,2
32,0,2,[3 1 4 5 2],2761.5999999999804,0.5,0.5,0.649594762851121,MI,[5 4 1 3 2],22.799999999999955,10,4543.400000000009,0.0,False,2
32,0,3,[3 1 4 5 2],2761.5999999999804,0.5,0.5,0.28922588676561634,SI,[5 4 1 3 2],22.799999999999955,10,4543.400000000009,0.0,False,2
32,0,4,[3 1 4 5 2],2761.5999999999804,0.5,0.5,0.6965712440999362,MI,[3 5 4 1 2],35.299999999999955,10,3735.199999999986,0.0,False,2
33,0,0,[3 1 4 5 2],2761.5999999999804,0.5,0.5,0.04043790508903411,SI,[3 5 4 1 2],35.299999999999955,10,3735.199999999986,0.0,False,2
33,0,1,[3 1 4 5 2],2761.5999999999804,0.5,0.5,0.19863733187239574,SI,[5 4 1 3 2],22.799999999999955,10,4543.400000000009,0.0,False,2
33,0,2,[3 1 4 5 2],2761.5999999999804,0.5,0.5,0.9588694160691763,MI,[2 5 4 1 3],57.30000000000001,10,4209.000000000036,0.0,False,2
33,0,3,[3 1 4 5 2],2761.5999999999804,0.5,0.5,0.08953854628060598,SI,[5 4 1 3 2],22.799999999999955,10,4543.400000000009,0.0,False,2
33,0,4,[3 1 4 5 2],2761.5999999999804,0.5,0.5,0.47831683288170834,SI,[3 5 4 1 2],35.299999999999955,10,3735.199999999986,0.0,False,2
34,0,0,[3 1 4 5 2],2761.5999999999804,0.5,0.5,0.9272506569785194,MI,[5 4 1 3 2],22.799999999999955,10,4543.400000000009,0.0,False,2
34,0,1,[3 1 4 5 2],2761.5999999999804,0.5,0.5,0.7295623925398927,MI,[5 4 1 3 2],22.799999999999955,10,4543.400000000009,0.0,False,2
34,0,2,[3 1 4 5 2],2761.5999999999804,0.5,0.5,0.41301816058596497,SI,[5 4 1 3 2],22.799999999999955,10,4543.400000000009,0.0,False,2
34,0,3,[3 1 4 5 2],2761.5999999999804,0.5,0.5,0.7012581970089314,MI,[3 5 4 1 2],35.299999999999955,10,3735.199999999986,0.0,False,2
34,0,4,[3 1 4 5 2],2761.5999999999804,0.5,0.5,0.5044255910263586,MI,[5 4 1 3 2],22.799999999999955,10,4543.400000000009,0.0,False,2
35,0,0,[3 1 4 5 2],2761.5999999999804,0.5,0.5,0.06512367058438417,SI,[5 4 1 3 2],22.799999999999955,10,4543.400000000009,0.0,False,2
35,0,1,[3 1 4 5 2],2761.5999999999804,0.5,0.5,0.056271936568750625,SI,[2 5 4 1 3],57.30000000000001,10,4209.000000000036,0.0,False,2
35,0,2,[3 1 4 5 2],2761.5999999999804,0.5,0.5,0.524035941221741,MI,[5 4 1 3 2],22.799999999999955,10,4543.400000000009,0.0,False,2
35,0,3,[3 1 4 5 2],2761.5999999999804,0.5,0.5,0.03059060497371502,SI,[5 4 1 3 2],22.799999999999955,10,4543.400000000009,0.0,False,2
35,0,4,[3 1 4 5 2],2761.5999999999804,0.5,0.5,0.5078359192173199,MI,[5 4 1 3 2],22.799999999999955,10,4543.400000000009,0.0,False,2
36,0,0,[3 1 4 5 2],2761.5999999999804,0.5,0.5,0.33900522353885665,SI,[3 5 4 1 2],35.299999999999955,10,3735.199999999986,0.0,False,2
36,0,1,[3 1 4 5 2],2761.5999999999804,0.5,0.5,0.6519410129405327,MI,[3 5 4 1 2],35.299999999999955,10,3735.199999999986,0.0,False,2
36,0,2,[3 1 4 5 2],2761.5999999999804,0.5,0.5,0.14271401915457693,SI,[3 5 4 1 2],35.299999999999955,10,3735.199999999986,0.0,False,2
36,0,3,[3 1 4 5 2],2761.5999999999804,0.5,0.5,0.29447543276490284,SI,[3 5 4 1 2],35.299999999999955,10,3735.199999999986,0.0,False,2
36,0,4,[3 1 4 5 2],2761.5999999999804,0.5,0.5,0.43408648659535587,SI,[5 4 1 3 2],22.799999999999955,10,4543.400000000009,0.0,False,2
37,0,0,[3 1 4 5 2],2761.5999999999804,0.5,0.5,0.1574409640687694,SI,[3 5 4 1 2],35.299999999999955,10,3735.199999999986,0.0,False,2
37,0,1,[3 1 4 5 2],2761.5999999999804,0.5,0.5,0.9465343654928358,MI,[3 5 4 1 2],35.299999999999955,10,3735.199999999986,0.0,False,2
37,0,2,[3 1 4 5 2],2761.5999999999804,0.5,0.5,0.7559203001641529,MI,[5 4 1 3 2],22.799999999999955,10,4543.400000000009,0.0,False,2
37,0,3,[3 1 4 5 2],2761.5999999999804,0.5,0.5,0.8926172119635881,MI,[5 4 1 3 2],22.799999999999955,10,4543.400000000009,0.0,False,2
37,0,4,[3 1 4 5 2],2761.5999999999804,0.5,0.5,0.3989943667236687,SI,[5 4 1 3 2],22.799999999999955,10,4543.400000000009,0.0,False,2
38,0,0,[3 1 4 5 2],2761.5999999999804,0.5,0.5,0.04281038579321905,SI,[5 4 1 3 2],22.799999999999955,10,4543.400000000009,0.0,False,2
38,0,1,[3 1 4 5 2],2761.5999999999804,0.5,0.5,0.38087235347247017,SI,[5 4 1 3 2],22.799999999999955,10,4543.400000000009,0.0,False,2
38,0,2,[3 1 4 5 2],2761.5999999999804,0.5,0.5,0.18632333159992498,SI,[5 4 1 3 2],22.799999999999955,10,4543.400000000009,0.0,False,2
38,0,3,[3 1 4 5 2],2761.5999999999804,0.5,0.5,0.44716756976430116,SI,[5 4 1 3 2],22.799999999999955,10,4543.400000000009,0.0,False,2
38,0,4,[3 1 4 5 2],2761.5999999999804,0.5,0.5,0.37739941831169677,SI,[5 4 1 3 2],22.799999999999955,10,4543.400000000009,0.0,False,2
39,0,0,[3 1 4 5 2],2761.5999999999804,0.5,0.5,0.5214200237751173,MI,[5 4 1 3 2],22.799999999999955,10,4543.400000000009,0.0,False,2
39,0,1,[3 1 4 5 2],2761.5999999999804,0.5,0.5,0.15968938505350216,SI,[5 4 1 3 2],22.799999999999955,10,4543.400000000009,0.0,False,2
39,0,2,[3 1 4 5 2],2761.5999999999804,0.5,0.5,0.36422639928004896,SI,[5 4 1 3 2],22.799999999999955,10,4543.400000000009,0.0,False,2
39,0,3,[3 1 4 5 2],2761.5999999999804,0.5,0.5,0.631406609511891,MI,[5 4 1 3 2],22.799999999999955,10,4543.400000000009,0.0,False,2
39,0,4,[3 1 4 5 2],2761.5999999999804,0.5,0.5,0.5647312168296295,MI,[3 5 4 1 2],35.299999999999955,10,3735.199999999986,0.0,False,2
40,0,0,[3 1 4 5 2],2761.5999999999804,0.5,0.5,0.16005116047811085,SI,[5 4 1 3 2],22.799999999999955,10,4543.400000000009,0.0,False,2
40,0,1,[3 1 4 5 2],2761.5999999999804,0.5,0.5,0.41028103485470213,SI,[5 4 1 3 2],22.799999999999955,10,4543.400000000009,0.0,False,2
40,0,2,[3 1 4 5 2],2761.5999999999804,0.5,0.5,0.8046695429925395,MI,[3 5 4 1 2],35.299999999999955,10,3735.199999999986,0.0,False,2
40,0,3,[3 1 4 5 2],2761.5999999999804,0.5,0.5,0.5997361197520604,MI,[3 5 4 1 2],35.299999999999955,10,3735.199999999986,0.0,False,2
40,0,4,[3 1 4 5 2],2761.5999999999804,0.5,0.5,0.38057849070465777,SI,[5 4 1 3 2],22.799999999999955,10,4543.400000000009,0.0,False,2
41,0,0,[3 1 4 5 2],2761.5999999999804,0.5,0.5,0.6177166321688868,MI,[5 4 1 3 2],22.799999999999955,10,4543.400000000009,0.0,False,2
41,0,1,[3 1 4 5 2],2761.5999999999804,0.5,0.5,0.9502519660366872,MI,[5 4 1 3 2],22.799999999999955,10,4543.400000000009,0.0,False,2
41,0,2,[3 1 4 5 2],2761.5999999999804,0.5,0.5,0.6207962372066946,MI,[5 4 1 3 2],22.799999999999955,10,4543.400000000009,0.0,False,2
41,0,3,[3 1 4 5 2],2761.5999999999804,0.5,0.5,0.49184047519210194,SI,[5 4 1 3 2],22.799999999999955,10,4543.400000000009,0.0,False,2
41,0,4,[3 1 4 5 2],2761.5999999999804,0.5,0.5,0.7093966143382845,MI,[3 5 4 1 2],35.299999999999955,10,3735.199999999986,0.0,False,2
42,0,0,[3 1 4 5 2],2761.5999999999804,0.5,0.5,0.7446428233615313,MI,[5 4 1 3 2],22.799999999999955,10,4543.400000000009,0.0,False,2
42,0,1,[3 1 4 5 2],2761.5999999999804,0.5,0.5,0.9447038812709381,MI,[5 4 1 3 2],22.799999999999955,10,4543.400000000009,0.0,False,2
42,0,2,[3 1 4 5 2],2761.5999999999804,0.5,0.5,0.6544346991350186,MI,[5 4 1 3 2],22.799999999999955,10,4543.400000000009,0.0,False,2
42,0,3,[3 1 4 5 2],2761.5999999999804,0.5,0.5,0.590887375704323,MI,[3 5 4 1 2],35.299999999999955,10,3735.199999999986,0.0,False,2
42,0,4,[3 1 4 5 2],2761.5999999999804,0.5,0.5,0.17329693988113393,SI,[5 4 1 3 2],22.799999999999955,10,4543.400000000009,0.0,False,2
43,0,0,[3 1 4 5 2],2761.5999999999804,0.5,0.5,0.1736483510280331,SI,[3 5 4 1 2],35.299999999999955,10,3735.199999999986,0.0,False,2
43,0,1,[3 1 4 5 2],2761.5999999999804,0.5,0.5,0.3477583063362828,SI,[5 4 1 3 2],22.799999999999955,10,4543.400000000009,0.0,False,2
43,0,2,[3 1 4 5 2],2761.5999999999804,0.5,0.5,0.6747452431435688,MI,[5 4 1 3 2],22.799999999999955,10,4543.400000000009,0.0,False,2
43,0,3,[3 1 4 5 2],2761.5999999999804,0.5,0.5,0.8681136525753101,MI,[5 4 1 3 2],22.799999999999955,10,4543.400000000009,0.0,False,2
43,0,4,[3 1 4 5 2],2761.5999999999804,0.5,0.5,0.8575486797152957,MI,[3 5 4 1 2],35.299999999999955,10,3735.199999999986,0.0,False,2
44,0,0,[3 1 4 5 2],2761.5999999999804,0.5,0.5,0.8781540392252739,MI,[3 5 4 1 2],35.299999999999955,10,3735.199999999986,0.0,False,2
44,0,1,[3 1 4 5 2],2761.5999999999804,0.5,0.5,0.4433479685550862,SI,[5 4 1 3 2],22.799999999999955,10,4543.400000000009,0.0,False,2
44,0,2,[3 1 4 5 2],2761.5999999999804,0.5,0.5,0.5382135415724526,MI,[5 4 1 3 2],22.799999999999955,10,4543.400000000009,0.0,False,2
44,0,3,[3 1 4 5 2],2761.5999999999804,0.5,0.5,0.9799143932452655,MI,[3 5 4 1 2],35.299999999999955,10,3735.199999999986,0.0,False,2
44,0,4,[3 1 4 5 2],2761.5999999999804,0.5,0.5,0.36052790421881187,SI,[3 5 4 1 2],35.299999999999955,10,3735.199999999986,0.0,False,2
45,0,0,[3 1 4 5 2],2761.5999999999804,0.5,0.5,0.5701485406568122,MI,[3 5 4 1 2],35.299999999999955,10,3735.199999999986,0.0,False,2
45,0,1,[3 1 4 5 2],2761.5999999999804,0.5,0.5,0.6389244666967793,MI,[3 5 4 1 2],35.299999999999955,10,3735.199999999986,0.0,False,2
45,0,2,[3 1 4 5 2],2761.5999999999804,0.5,0.5,0.9767608533803233,MI,[5 4 1 3 2],22.799999999999955,10,4543.400000000009,0.0,False,2
45,0,3,[3 1 4 5 2],2761.5999999999804,0.5,0.5,0.6463888002007501,MI,[5 4 1 3 2],22.799999999999955,10,4543.400000000009,0.0,False,2
45,0,4,[3 1 4 5 2],2761.5999999999804,0.5,0.5,0.8468743071596937,MI,[5 4 1 3 2],22.799999999999955,10,4543.400000000009,0.0,False,2
46,0,0,[3 1 4 5 2],2761.5999999999804,0.5,0.5,0.8165188938996869,MI,[5 4 1 3 2],22.799999999999955,10,4543.400000000009,0.0,False,2
46,0,1,[3 1 4 5 2],2761.5999999999804,0.5,0.5,0.5245992826298138,MI,[3 5 4 1 2],35.299999999999955,10,3735.199999999986,0.0,False,2
46,0,2,[3 1 4 5 2],2761.5999999999804,0.5,0.5,0.47704359036099064,SI,[5 4 1 3 2],22.799999999999955,10,4543.400000000009,0.0,False,2
46,0,3,[3 1 4 5 2],2761.5999999999804,0.5,0.5,0.1563344000420389,SI,[3 4 1 5 2],73.19999999999999,10,3454.6999999999825,0.0,False,2
46,0,4,[3 1 4 5 2],2761.5999999999804,0.5,0.5,0.5602986207170503,MI,[5 4 1 3 2],22.799999999999955,10,4543.400000000009,0.0,False,2
47,0,0,[3 1 4 5 2],2761.5999999999804,0.5,0.5,0.3641745930057465,SI,[5 4 1 3 2],22.799999999999955,10,4543.400000000009,0.0,False,2
47,0,1,[3 1 4 5 2],2761.5999999999804,0.5,0.5,0.9492783484946067,MI,[5 4 1 3 2],22.799999999999955,10,4543.400000000009,0.0,False,2
47,0,2,[3 1 4 5 2],2761.5999999999804,0.5,0.5,0.5264755556632142,MI,[5 4 1 3 2],22.799999999999955,10,4543.400000000009,0.0,False,2
47,0,3,[3 1 4 5 2],2761.5999999999804,0.5,0.5,0.6866273443971791,MI,[5 4 1 3 2],22.799999999999955,10,4543.400000000009,0.0,False,2
47,0,4,[3 1 4 5 2],2761.5999999999804,0.5,0.5,0.6665107870740149,MI,[5 4 1 3 2],22.799999999999955,10,4543.400000000009,0.0,False,2
48,0,0,[3 1 4 5 2],2761.5999999999804,0.5,0.5,0.16879563995517544,SI,[3 5 4 1 2],35.299999999999955,10,3735.199999999986,0.0,False,2
48,0,1,[3 1 4 5 2],2761.5999999999804,0.5,0.5,0.9820223028329382,MI,[2 5 4 1 3],57.30000000000001,10,4209.000000000036,0.0,False,2
48,0,2,[3 1 4 5 2],2761.5999999999804,0.5,0.5,0.5161256169669797,MI,[5 4 1 3 2],22.799999999999955,10,4543.400000000009,0.0,False,2
48,0,3,[3 1 4 5 2],2761.5999999999804,0.5,0.5,0.10372024811392244,SI,[5 4 1 3 2],22.799999999999955,10,4543.400000000009,0.0,False,2
48,0,4,[3 1 4 5 2],2761.5999999999804,0.5,0.5,0.3734921020561177,SI,[3 5 4 1 2],35.299999999999955,10,3735.199999999986,0.0,False,2
49,0,0,[3 1 4 5 2],2761.5999999999804,0.5,0.5,0.6064471999042288,MI,[3 5 4 1 2],35.299999999999955,10,3735.199999999986,0.0,False,2
49,0,1,[3 1 4 5 2],2761.5999999999804,0.5,0.5,0.9173588472804924,MI,[3 5 4 1 2],35.299999999999955,10,3735.199999999986,0.0,False,2
49,0,2,[3 1 4 5 2],2761.5999999999804,0.5,0.5,0.8452728687526258,MI,[5 4 1 3 2],22.799999999999955,10,4543.400000000009,0.0,False,2
49,0,3,[3 1 4 5 2],2761.5999999999804,0.5,0.5,0.6337763637789291,MI,[4 1 3 5 2],175.39999999999998,10,4265.999999999996,0.0,False,2
49,0,4,[3 1 4 5 2],2761.5999999999804,0.5,0.5,0.4050780727950607,SI,[5 4 1 3 2],22.799999999999955,10,4543.400000000009,0.0,False,2
50,0,0,[3 1 4 5 2],2761.5999999999804,0.5,0.5,0.34750199383182556,SI,[5 4 1 3 2],22.799999999999955,10,4543.400000000009,0.0,False,2
50,0,1,[3 1 4 5 2],2761.5999999999804,0.5,0.5,0.6212905577086875,MI,[2 5 4 1 3],57.30000000000001,10,4209.000000000036,0.0,False,2
50,0,2,[3 1 4 5 2],2761.5999999999804,0.5,0.5,0.857147199427896,MI,[3 5 4 1 2],35.299999999999955,10,3735.199999999986,0.0,False,2
50,0,3,[3 1 4 5 2],2761.5999999999804,0.5,0.5,0.17233176516155246,SI,[5 4 1 3 2],22.799999999999955,10,4543.400000000009,0.0,False,2
50,0,4,[3 1 4 5 2],2761.5999999999804,0.5,0.5,0.2833077135287827,SI,[5 4 1 3 2],22.799999999999955,10,4543.400000000009,0.0,False,2
0,18,0,[2 1 3 4 5],1754.4999999999636,0.5,0.5,0.5930595149957183,MI,[5 4 3 1 2],-64.60000000000002,10,3399.399999999965,0.0,False,3
0,18,1,[2 1 3 4 5],1754.4999999999636,0.5,0.5,0.5330698153363531,MI,[5 4 3 1 2],-64.60000000000002,10,3399.399999999965,0.0,False,3
0,18,2,[2 1 3 4 5],1754.4999999999636,0.5,0.5,0.06713430568930034,SI,[2 1 5 4 3],-2.3999999999999773,10,1748.399999999965,0.003476774009688613,True,3
0,18,3,[2 1 5 4 3],1748.399999999965,0.5,0.5,0.5353011926212423,MI,[3 4 5 1 2],-62.19999999999993,10,3417.69999999995,0.0,False,3
0,18,4,[2 1 5 4 3],1748.399999999965,0.5,0.5,0.11448692220533141,SI,[3 4 5 1 2],-62.19999999999993,10,3417.69999999995,0.0,False,3
1,0,0,[2 1 3 5 4],1747.6999999999643,0.5001737782817032,0.49982622171829694,0.5121802176965357,MI,[2 1 4 5 3],-0.30000000000001137,10,1755.1999999999643,0.0,False,3
1,0,1,[2 1 3 5 4],1747.6999999999643,0.5001737782817032,0.49982622171829694,0.748547970608695,MI,[4 5 3 1 2],-62.50000000000006,10,3419.799999999963,0.0,False,3
1,0,2,[2 1 3 5 4],1747.6999999999643,0.5001737782817032,0.49982622171829694,0.9231465598056491,MI,[4 5 3 1 2],-62.50000000000006,10,3419.799999999963,0.0,False,3
1,0,3,[2 1 3 5 4],1747.6999999999643,0.5001737782817032,0.49982622171829694,0.6365249092354126,MI,[4 5 3 1 2],-62.50000000000006,10,3419.799999999963,0.0,False,3
1,0,4,[2 1 3 5 4],1747.6999999999643,0.5001737782817032,0.49982622171829694,0.8725690989879952,MI,[2 4 5 3 1],-44.69999999999999,10,2568.2999999999593,0.0,False,3
2,0,0,[2 1 3 5 4],1747.6999999999643,0.5001737782817032,0.49982622171829694,0.16369440730807494,SI,[4 5 3 1 2],-62.50000000000006,10,3419.799999999963,0.0,False,3
2,0,1,[2 1 3 5 4],1747.6999999999643,0.5001737782817032,0.49982622171829694,0.29037973831751596,SI,[4 5 3 1 2],-62.50000000000006,10,3419.799999999963,0.0,False,3
2,0,2,[2 1 3 5 4],1747.6999999999643,0.5001737782817032,0.49982622171829694,0.3297367240400312,SI,[4 5 3 1 2],-62.50000000000006,10,3419.799999999963,0.0,False,3
2,0,3,[2 1 3 5 4],1747.6999999999643,0.5001737782817032,0.49982622171829694,0.6596641186350884,MI,[4 5 3 1 2],-62.50000000000006,10,3419.799999999963,0.0,False,3
2,0,4,[2 1 3 5 4],1747.6999999999643,0.5001737782817032,0.49982622171829694,0.604088275999289,MI,[2 4 5 3 1],-44.69999999999999,10,2568.2999999999593,0.0,False,3
3,0,0,[2 1 3 5 4],1747.6999999999643,0.5001737782817032,0.49982622171829694,0.9301618871634967,MI,[4 5 3 1 2],-62.50000000000006,10,3419.799999999963,0.0,False,3
3,0,1,[2 1 3 5 4],1747.6999999999643,0.5001737782817032,0.49982622171829694,0.5090745820296836,MI,[2 4 5 3 1],-44.69999999999999,10,2568.2999999999593,0.0,False,3
3,0,2,[2 1 3 5 4],1747.6999999999643,0.5001737782817032,0.49982622171829694,0.8977443620563381,MI,[4 5 3 1 2],-62.50000000000006,10,3419.799999999963,0.0,False,3
3,0,3,[2 1 3 5 4],1747.6999999999643,0.5001737782817032,0.49982622171829694,0.8267972655476626,MI,[4 5 3 1 2],-62.50000000000006,10,3419.799999999963,0.0,False,3
3,0,4,[2 1 3 5 4],1747.6999999999643,0.5001737782817032,0.49982622171829694,0.5449065977786667,MI,[2 4 5 3 1],-44.69999999999999,10,2568.2999999999593,0.0,False,3
4,0,0,[2 1 3 5 4],1747.6999999999643,0.5001737782817032,0.49982622171829694,0.7096568349929483,MI,[2 4 5 3 1],-44.69999999999999,10,2568.2999999999593,0.0,False,3
4,0,1,[2 1 3 5 4],1747.6999999999643,0.5001737782817032,0.49982622171829694,0.1751848175776638,SI,[4 5 3 1 2],-62.50000000000006,10,3419.799999999963,0.0,False,3
4,0,2,[2 1 3 5 4],1747.6999999999643,0.5001737782817032,0.49982622171829694,0.5825826003913074,MI,[4 5 3 1 2],-62.50000000000006,10,3419.799999999963,0.0,False,3
4,0,3,[2 1 3 5 4],1747.6999999999643,0.5001737782817032,0.49982622171829694,0.7631234156383332,MI,[4 5 3 1 2],-62.50000000000006,10,3419.799999999963,0.0,False,3
4,0,4,[2 1 3 5 4],1747.6999999999643,0.5001737782817032,0.49982622171829694,0.3496165195876775,SI,[4 5 3 1 2],-62.50000000000006,10,3419.799999999963,0.0,False,3
5,0,0,[2 1 3 5 4],1747.6999999999643,0.5001737782817032,0.49982622171829694,0.46572894404081855,SI,[4 5 3 1 2],-62.50000000000006,10,3419.799999999963,0.0,False,3
5,0,1,[2 1 3 5 4],1747.6999999999643,0.5001737782817032,0.49982622171829694,0.26544435598549665,SI,[2 4 5 3 1],-44.69999999999999,10,2568.2999999999593,0.0,False,3
5,0,2,[2 1 3 5 4],1747.6999999999643,0.5001737782817032,0.49982622171829694,0.924300949103328,MI,[4 5 3 1 2],-62.50000000000006,10,3419.799999999963,0.0,False,3
5,0,3,[2 1 3 5 4],1747.6999999999643,0.5001737782817032,0.49982622171829694,0.5909088301112976,MI,[4 5 3 1 2],-62.50000000000006,10,3419.799999999963,0.0,False,3
5,0,4,[2 1 3 5 4],1747.6999999999643,0.5001737782817032,0.49982622171829694,0.21688349243288685,SI,[4 5 3 1 2],-62.50000000000006,10,3419.799999999963,0.0,False,3
6,0,0,[2 1 3 5 4],1747.6999999999643,0.5001737782817032,0.49982622171829694,0.6696157857608128,MI,[2 4 5 3 1],-44.69999999999999,10,2568.2999999999593,0.0,False,3
6,0,1,[2 1 3 5 4],1747.6999999999643,0.5001737782817032,0.49982622171829694,0.8012658269297371,MI,[4 5 3 1 2],-62.50000000000006,10,3419.799999999963,0.0,False,3
6,0,2,[2 1 3 5 4],1747.6999999999643,0.5001737782817032,0.49982622171829694,0.21588077683118512,SI,[4 5 3 1 2],-62.50000000000006,10,3419.799999999963,0.0,False,3
6,0,3,[2 1 3 5 4],1747.6999999999643,0.5001737782817032,0.49982622171829694,0.9658492463495968,MI,[4 5 3 1 2],-62.50000000000006,10,3419.799999999963,0.0,False,3
6,0,4,[2 1 3 5 4],1747.6999999999643,0.5001737782817032,0.49982622171829694,0.25398261712514947,SI,[4 5 3 1 2],-62.50000000000006,10,3419.799999999963,0.0,False,3
7,0,0,[2 1 3 5 4],1747.6999999999643,0.5001737782817032,0.49982622171829694,0.002258274226617507,SI,[4 5 3 1 2],-62.50000000000006,10,3419.799999999963,0.0,False,3
7,0,1,[2 1 3 5 4],1747.6999999999643,0.5001737782817032,0.49982622171829694,0.4000829373667413,SI,[4 5 3 1 2],-62.50000000000006,10,3419.799999999963,0.0,False,3
7,0,2,[2 1 3 5 4],1747.6999999999643,0.5001737782817032,0.49982622171829694,0.28066146109814705,SI,[4 5 3 1 2],-62.50000000000006,10,3419.799999999963,0.0,False,3
7,0,3,[2 1 3 5 4],1747.6999999999643,0.5001737782817032,0.49982622171829694,0.630200644208268,MI,[4 5 3 1 2],-62.50000000000006,10,3419.799999999963,0.0,False,3
7,0,4,[2 1 3 5 4],1747.6999999999643,0.5001737782817032,0.49982622171829694,0.9655750731307354,MI,[2 4 5 3 1],-44.69999999999999,10,2568.2999999999593,0.0,False,3
8,0,0,[2 1 3 5 4],1747.6999999999643,0.5001737782817032,0.49982622171829694,0.661927266375007,MI,[4 5 3 1 2],-62.50000000000006,10,3419.799999999963,0.0,False,3
8,0,1,[2 1 3 5 4],1747.6999999999643,0.5001737782817032,0.49982622171829694,0.324438610590285,SI,[2 4 5 3 1],-44.69999999999999,10,2568.2999999999593,0.0,False,3
8,0,2,[2 1 3 5 4],1747.6999999999643,0.5001737782817032,0.49982622171829694,0.5751956682175167,MI,[2 4 5 3 1],-44.69999999999999,10,2568.2999999999593,0.0,False,3
8,0,3,[2 1 3 5 4],1747.6999999999643,0.5001737782817032,0.49982622171829694,0.3648692748205026,SI,[4 5 3 1 2],-62.50000000000006,10,3419.799999999963,0.0,False,3
8,0,4,[2 1 3 5 4],1747.6999999999643,0.5001737782817032,0.49982622171829694,0.05993739686549737,SI,[2 4 5 3 1],-44.69999999999999,10,2568.2999999999593,0.0,False,3
9,0,0,[2 1 3 5 4],1747.6999999999643,0.5001737782817032,0.49982622171829694,0.2961884599108979,SI,[2 4 5 3 1],-44.69999999999999,10,2568.2999999999593,0.0,False,3
9,0,1,[2 1 3 5 4],1747.6999999999643,0.5001737782817032,0.49982622171829694,0.7154944806160428,MI,[4 5 3 1 2],-62.50000000000006,10,3419.799999999963,0.0,False,3
9,0,2,[2 1 3 5 4],1747.6999999999643,0.5001737782817032,0.49982622171829694,0.07436808634637981,SI,[4 5 3 1 2],-62.50000000000006,10,3419.799999999963,0.0,False,3
9,0,3,[2 1 3 5 4],1747.6999999999643,0.5001737782817032,0.49982622171829694,0.3197329059621056,SI,[4 5 3 1 2],-62.50000000000006,10,3419.799999999963,0.0,False,3
9,0,4,[2 1 3 5 4],1747.6999999999643,0.5001737782817032,0.49982622171829694,0.09655973461987377,SI,[2 4 5 3 1],-44.69999999999999,10,2568.2999999999593,0.0,False,3
10,0,0,[2 1 3 5 4],1747.6999999999643,0.5001737782817032,0.49982622171829694,0.6881092719142313,MI,[4 5 3 1 2],-62.50000000000006,10,3419.799999999963,0.0,False,3
10,0,1,[2 1 3 5 4],1747.6999999999643,0.5001737782817032,0.49982622171829694,0.9174095083866499,MI,[4 5 3 1 2],-62.50000000000006,10,3419.799999999963,0.0,False,3
10,0,2,[2 1 3 5 4],1747.6999999999643,0.5001737782817032,0.49982622171829694,0.9195284247942659,MI,[4 5 3 1 2],-62.50000000000006,10,3419.799999999963,0.0,False,3
10,0,3,[2 1 3 5 4],1747.6999999999643,0.5001737782817032,0.49982622171829694,0.9300002870079151,MI,[4 5 3 1 2],-62.50000000000006,10,3419.799999999963,0.0,False,3
10,0,4,[2 1 3 5 4],1747.6999999999643,0.5001737782817032,0.49982622171829694,0.9106715463304359,MI,[4 5 3 1 2],-62.50000000000006,10,3419.799999999963,0.0,False,3
11,0,0,[2 1 3 5 4],1747.6999999999643,0.5001737782817032,0.49982622171829694,0.2917036143620959,SI,[2 4 5 3 1],-44.69999999999999,10,2568.2999999999593,0.0,False,3
11,0,1,[2 1 3 5 4],1747.6999999999643,0.5001737782817032,0.49982622171829694,0.4009279788684392,SI,[4 5 3 1 2],-62.50000000000006,10,3419.799999999963,0.0,False,3
11,0,2,[2 1 3 5 4],1747.6999999999643,0.5001737782817032,0.49982622171829694,0.776977597950807,MI,[4 5 3 1 2],-62.50000000000006,10,3419.799999999963,0.0,False,3
11,0,3,[2 1 3 5 4],1747.6999999999643,0.5001737782817032,0.49982622171829694,0.9291779015767552,MI,[2 4 5 3 1],-44.69999999999999,10,2568.2999999999593,0.0,False,3
11,0,4,[2 1 3 5 4],1747.6999999999643,0.5001737782817032,0.49982622171829694,0.3459040408268289,SI,[2 4 5 3 1],-44.69999999999999,10,2568.2999999999593,0.0,False,3
12,0,0,[2 1 3 5 4],1747.6999999999643,0.5001737782817032,0.49982622171829694,0.7473449479853717,MI,[2 1 4 5 3],-0.30000000000001137,10,1755.1999999999643,0.0,False,3
12,0,1,[2 1 3 5 4],1747.6999999999643,0.5001737782817032,0.49982622171829694,0.9202153765540082,MI,[4 5 3 1 2],-62.50000000000006,10,3419.799999999963,0.0,False,3
12,0,2,[2 1 3 5 4],1747.6999999999643,0.5001737782817032,0.49982622171829694,0.13630167422173878,SI,[2 1 4 5 3],-0.30000000000001137,10,1755.1999999999643,0.0,False,3
12,0,3,[2 1 3 5 4],1747.6999999999643,0.5001737782817032,0.49982622171829694,0.26612622634810024,SI,[4 5 3 1 2],-62.50000000000006,10,3419.799999999963,0.0,False,3
12,0,4,[2 1 3 5 4],1747.6999999999643,0.5001737782817032,0.49982622171829694,0.09482959393072166,SI,[4 5 3 1 2],-62.50000000000006,10,3419.799999999963,0.0,False,3
13,0,0,[2 1 3 5 4],1747.6999999999643,0.5001737782817032,0.49982622171829694,0.6669093747791998,MI,[2 4 5 3 1],-44.69999999999999,10,2568.2999999999593,0.0,False,3
13,0,1,[2 1 3 5 4],1747.6999999999643,0.5001737782817032,0.49982622171829694,0.00917623110800303,SI,[4 5 3 1 2],-62.50000000000006,10,3419.799999999963,0.0,False,3
13,0,2,[2 1 3 5 4],1747.6999999999643,0.5001737782817032,0.49982622171829694,0.4336758440171742,SI,[2 1 4 5 3],-0.30000000000001137,10,1755.1999999999643,0.0,False,3
13,0,3,[2 1 3 5 4],1747.6999999999643,0.5001737782817032,0.49982622171829694,0.42250582887335686,SI,[4 5 3 1 2],-62.50000000000006,10,3419.799999999963,0.0,False,3
13,0,4,[2 1 3 5 4],1747.6999999999643,0.5001737782817032,0.49982622171829694,0.380041011583248,SI,[4 5 3 1 2],-62.50000000000006,10,3419.799999999963,0.0,False,3
14,0,0,[2 1 3 5 4],1747.6999999999643,0.5001737782817032,0.49982622171829694,0.7339326429459391,MI,[2 4 5 3 1],-44.69999999999999,10,2568.2999999999593,0.0,False,3
14,0,1,[2 1 3 5 4],1747.6999999999643,0.5001737782817032,0.49982622171829694,0.9147405355663197,MI,[2 1 4 5 3],-0.30000000000001137,10,1755.1999999999643,0.0,False,3
14,0,2,[2 1 3 5 4],1747.6999999999643,0.5001737782817032,0.49982622171829694,0.7334016935166655,MI,[4 5 3 1 2],-62.50000000000006,10,3419.799999999963,0.0,False,3
14,0,3,[2 1 3 5 4],1747.6999999999643,0.5001737782817032,0.49982622171829694,0.7147519874045358,MI,[2 1 4 5 3],-0.30000000000001137,10,1755.1999999999643,0.0,False,3
14,0,4,[2 1 3 5 4],1747.6999999999643,0.5001737782817032,0.49982622171829694,0.01706706074820341,SI,[4 5 3 1 2],-62.50000000000006,10,3419.799999999963,0.0,False,3
15,0,0,[2 1 3 5 4],1747.6999999999643,0.5001737782817032,0.49982622171829694,0.09195605129311757,SI,[4 5 3 1 2],-62.50000000000006,10,3419.799999999963,0.0,False,3
15,0,1,[2 1 3 5 4],1747.6999999999643,0.5001737782817032,0.49982622171829694,0.8373110154950889,MI,[4 5 3 1 2],-62.50000000000006,10,3419.799999999963,0.0,False,3
15,0,2,[2 1 3 5 4],1747.6999999999643,0.5001737782817032,0.49982622171829694,0.8678357514219587,MI,[2 4 5 3 1],-44.69999999999999,10,2568.2999999999593,0.0,False,3
15,0,3,[2 1 3 5 4],1747.6999999999643,0.5001737782817032,0.49982622171829694,0.4730997013634569,SI,[4 5 3 1 2],-62.50000000000006,10,3419.799999999963,0.0,False,3
15,0,4,[2 1 3 5 4],1747.6999999999643,0.5001737782817032,0.49982622171829694,0.6033004618874475,MI,[2 4 5 3 1],-44.69999999999999,10,2568.2999999999593,0.0,False,3
16,0,0,[2 1 3 5 4],1747.6999999999643,0.5001737782817032,0.49982622171829694,0.5320987762288605,MI,[4 5 3 1 2],-62.50000000000006,10,3419.799999999963,0.0,False,3
16,0,1,[2 1 3 5 4],1747.6999999999643,0.5001737782817032,0.49982622171829694,0.6842957905698964,MI,[4 5 3 1 2],-62.50000000000006,10,3419.799999999963,0.0,False,3
16,0,2,[2 1 3 5 4],1747.6999999999643,0.5001737782817032,0.49982622171829694,0.41004343226338646,SI,[4 5 3 1 2],-62.50000000000006,10,3419.799999999963,0.0,False,3
16,0,3,[2 1 3 5 4],1747.6999999999643,0.5001737782817032,0.49982622171829694,0.6006296282840448,MI,[4 5 3 1 2],-62.50000000000006,10,3419.799999999963,0.0,False,3
16,0,4,[2 1 3 5 4],1747.6999999999643,0.5001737782817032,0.49982622171829694,0.16181373252146802,SI,[4 5 3 1 2],-62.50000000000006,10,3419.799999999963,0.0,False,3
17,0,0,[2 1 3 5 4],1747.6999999999643,0.5001737782817032,0.49982622171829694,0.213069116479374,SI,[4 5 3 1 2],-62.50000000000006,10,3419.799999999963,0.0,False,3
17,0,1,[2 1 3 5 4],1747.6999999999643,0.5001737782817032,0.49982622171829694,0.08042259410552355,SI,[4 5 3 1 2],-62.50000000000006,10,3419.799999999963,0.0,False,3
17,0,2,[2 1 3 5 4],1747.6999999999643,0.5001737782817032,0.49982622171829694,0.44059865698742495,SI,[4 5 3 1 2],-62.50000000000006,10,3419.799999999963,0.0,False,3
17,0,3,[2 1 3 5 4],1747.6999999999643,0.5001737782817032,0.49982622171829694,0.39225818731519246,SI,[2 4 5 3 1],-44.69999999999999,10,2568.2999999999593,0.0,False,3
17,0,4,[2 1 3 5 4],1747.6999999999643,0.5001737782817032,0.49982622171829694,0.6691668676657269,MI,[4 5 3 1 2],-62.50000000000006,10,3419.799999999963,0.0,False,3
18,0,0,[2 1 3 5 4],1747.6999999999643,0.5001737782817032,0.49982622171829694,0.7108755885240582,MI,[4 5 3 1 2],-62.50000000000006,10,3419.799999999963,0.0,False,3
18,0,1,[2 1 3 5 4],1747.6999999999643,0.5001737782817032,0.49982622171829694,0.39452903598655154,SI,[4 5 3 1 2],-62.50000000000006,10,3419.799999999963,0.0,False,3
18,0,2,[2 1 3 5 4],1747.6999999999643,0.5001737782817032,0.49982622171829694,0.18175534881701738,SI,[4 5 3 1 2],-62.50000000000006,10,3419.799999999963,0.0,False,3
18,0,3,[2 1 3 5 4],1747.6999999999643,0.5001737782817032,0.49982622171829694,0.6699152973194828,MI,[4 5 3 1 2],-62.50000000000006,10,3419.799999999963,0.0,False,3
18,0,4,[2 1 3 5 4],1747.6999999999643,0.5001737782817032,0.49982622171829694,0.2719020612674069,SI,[4 5 3 1 2],-62.50000000000006,10,3419.799999999963,0.0,False,3
19,0,0,[2 1 3 5 4],1747.6999999999643,0.5001737782817032,0.49982622171829694,0.01389616620002343,SI,[4 5 3 1 2],-62.50000000000006,10,3419.799999999963,0.0,False,3
19,0,1,[2 1 3 5 4],1747.6999999999643,0.5001737782817032,0.49982622171829694,0.6743348121906659,MI,[4 5 3 1 2],-62.50000000000006,10,3419.799999999963,0.0,False,3
19,0,2,[2 1 3 5 4],1747.6999999999643,0.5001737782817032,0.49982622171829694,0.9691764119110913,MI,[4 5 3 1 2],-62.50000000000006,10,3419.799999999963,0.0,False,3
19,0,3,[2 1 3 5 4],1747.6999999999643,0.5001737782817032,0.49982622171829694,0.6845990155577238,MI,[4 5 3 1 2],-62.50000000000006,10,3419.799999999963,0.0,False,3
19,0,4,[2 1 3 5 4],1747.6999999999643,0.5001737782817032,0.49982622171829694,0.44459844106281177,SI,[2 4 5 3 1],-44.69999999999999,10,2568.2999999999593,0.0,False,3
20,0,0,[2 1 3 5 4],1747.6999999999643,0.5001737782817032,0.49982622171829694,0.31792901105769733,SI,[4 5 3 1 2],-62.50000000000006,10,3419.799999999963,0.0,False,3
20,0,1,[2 1 3 5 4],1747.6999999999643,0.5001737782817032,0.49982622171829694,0.27659351716669933,SI,[2 4 5 3 1],-44.69999999999999,10,2568.2999999999593,0.0,False,3
20,0,2,[2 1 3 5 4],1747.6999999999643,0.5001737782817032,0.49982622171829694,0.7465479079467475,MI,[4 5 3 1 2],-62.50000000000006,10,3419.799999999963,0.0,False,3
20,0,3,[2 1 3 5 4],1747.6999999999643,0.5001737782817032,0.49982622171829694,0.9350612650137972,MI,[2 4 5 3 1],-44.69999999999999,10,2568.2999999999593,0.0,False,3
20,0,4,[2 1 3 5 4],1747.6999999999643,0.5001737782817032,0.49982622171829694,0.3231654296304408,SI,[2 4 5 3 1],-44.69999999999999,10,2568.2999999999593,0.0,False,3
21,0,0,[2 1 3 5 4],1747.6999999999643,0.5001737782817032,0.49982622171829694,0.10121062526141367,SI,[4 5 3 1 2],-62.50000000000006,10,3419.799999999963,0.0,False,3
21,0,1,[2 1 3 5 4],1747.6999999999643,0.5001737782817032,0.49982622171829694,0.9203550273817973,MI,[4 5 3 1 2],-62.50000000000006,10,3419.799999999963,0.0,False,3
21,0,2,[2 1 3 5 4],1747.6999999999643,0.5001737782817032,0.49982622171829694,0.8410773737528973,MI,[2 1 4 5 3],-0.30000000000001137,10,1755.1999999999643,0.0,False,3
21,0,3,[2 1 3 5 4],1747.6999999999643,0.5001737782817032,0.49982622171829694,0.8352886775785286,MI,[4 5 3 1 2],-62.50000000000006,10,3419.799999999963,0.0,False,3
21,0,4,[2 1 3 5 4],1747.6999999999643,0.5001737782817032,0.49982622171829694,0.21493172846187736,SI,[4 5 3 1 2],-62.50000000000006,10,3419.799999999963,0.0,False,3
22,0,0,[2 1 3 5 4],1747.6999999999643,0.5001737782817032,0.49982622171829694,0.605919019583843,MI,[4 5 3 1 2],-62.50000000000006,10,3419.799999999963,0.0,False,3
22,0,1,[2 1 3 5 4],1747.6999999999643,0.5001737782817032,0.49982622171829694,0.2824664747846771,SI,[4 5 3 1 2],-62.50000000000006,10,3419.799999999963,0.0,False,3
22,0,2,[2 1 3 5 4],1747.6999999999643,0.5001737782817032,0.49982622171829694,0.04477048809287543,SI,[4 5 3 1 2],-62.50000000000006,10,3419.799999999963,0.0,False,3
22,0,3,[2 1 3 5 4],1747.6999999999643,0.5001737782817032,0.49982622171829694,0.9298444575534329,MI,[4 5 3 1 2],-62.50000000000006,10,3419.799999999963,0.0,False,3
22,0,4,[2 1 3 5 4],1747.6999999999643,0.5001737782817032,0.49982622171829694,0.8946126066255479,MI,[4 5 3 1 2],-62.50000000000006,10,3419.799999999963,0.0,False,3
23,0,0,[2 1 3 5 4],1747.6999999999643,0.5001737782817032,0.49982622171829694,0.9260306264741824,MI,[4 5 3 1 2],-62.50000000000006,10,3419.799999999963,0.0,False,3
23,0,1,[2 1 3 5 4],1747.6999999999643,0.5001737782817032,0.49982622171829694,0.9206282628722487,MI,[2 4 5 3 1],-44.69999999999999,10,2568.2999999999593,0.0,False,3
23,0,2,[2 1 3 5 4],1747.6999999999643,0.5001737782817032,0.49982622171829694,0.8806649935836602,MI,[4 5 3 1 2],-62.50000000000006,10,3419.799999999963,0.0,False,3
23,0,3,[2 1 3 5 4],1747.6999999999643,0.5001737782817032,0.49982622171829694,0.43474479226330864,SI,[4 5 3 1 2],-62.50000000000006,10,3419.799999999963,0.0,False,3
23,0,4,[2 1 3 5 4],1747.6999999999643,0.5001737782817032,0.49982622171829694,0.8258811685781661,MI,[4 5 3 1 2],-62.50000000000006,10,3419.799999999963,0.0,False,3
24,0,0,[2 1 3 5 4],1747.6999999999643,0.5001737782817032,0.49982622171829694,0.8728246472762999,MI,[2 1 4 5 3],-0.30000000000001137,10,1755.1999999999643,0.0,False,3
24,0,1,[2 1 3 5 4],1747.6999999999643,0.5001737782817032,0.49982622171829694,0.3163840839007427,SI,[4 5 3 1 2],-62.50000000000006,10,3419.799999999963,0.0,False,3
24,0,2,[2 1 3 5 4],1747.6999999999643,0.5001737782817032,0.49982622171829694,0.5712704094486702,MI,[2 1 4 5 3],-0.30000000000001137,10,1755.1999999999643,0.0,False,3
24,0,3,[2 1 3 5 4],1747.6999999999643,0.5001737782817032,0.49982622171829694,0.09899869832725727,SI,[4 5 3 1 2],-62.50000000000006,10,3419.799999999963,0.0,False,3
24,0,4,[2 1 3 5 4],1747.6999999999643,0.5001737782817032,0.49982622171829694,0.9080862706557828,MI,[4 5 3 1 2],-62.50000000000006,10,3419.799999999963,0.0,False,3
25,0,0,[2 1 3 5 4],1747.6999999999643,0.5001737782817032,0.49982622171829694,0.9687018816521079,MI,[4 5 3 1 2],-62.50000000000006,10,3419.799999999963,0.0,False,3
25,0,1,[2 1 3 5 4],1747.6999999999643,0.5001737782817032,0.49982622171829694,0.5675411546500071,MI,[4 5 3 1 2],-62.50000000000006,10,3419.799999999963,0.0,False,3
25,0,2,[2 1 3 5 4],1747.6999999999643,0.5001737782817032,0.49982622171829694,0.573628329972072,MI,[4 5 3 1 2],-62.50000000000006,10,3419.799999999963,0.0,False,3
25,0,3,[2 1 3 5 4],1747.6999999999643,0.5001737782817032,0.49982622171829694,0.3801164251478266,SI,[4 5 3 1 2],-62.50000000000006,10,3419.799999999963,0.0,False,3
25,0,4,[2 1 3 5 4],1747.6999999999643,0.5001737782817032,0.49982622171829694,0.7657396979511282,MI,[4 5 3 1 2],-62.50000000000006,10,3419.799999999963,0.0,False,3
26,0,0,[2 1 3 5 4],1747.6999999999643,0.5001737782817032,0.49982622171829694,0.23994886898930712,SI,[4 5 3 1 2],-62.50000000000006,10,3419.799999999963,0.0,False,3
26,0,1,[2 1 3 5 4],1747.6999999999643,0.5001737782817032,0.49982622171829694,0.8550107584549739,MI,[4 5 3 1 2],-62.50000000000006,10,3419.799999999963,0.0,False,3
26,0,2,[2 1 3 5 4],1747.6999999999643,0.5001737782817032,0.49982622171829694,0.24225041709448758,SI,[4 5 3 1 2],-62.50000000000006,10,3419.799999999963,0.0,False,3
26,0,3,[2 1 3 5 4],1747.6999999999643,0.5001737782817032,0.49982622171829694,0.5507221300011487,MI,[4 5 3 1 2],-62.50000000000006,10,3419.799999999963,0.0,False,3
26,0,4,[2 1 3 5 4],1747.6999999999643,0.5001737782817032,0.49982622171829694,0.5899399012351836,MI,[2 4 5 3 1],-44.69999999999999,10,2568.2999999999593,0.0,False,3
27,0,0,[2 1 3 5 4],1747.6999999999643,0.5001737782817032,0.49982622171829694,0.41447996947166266,SI,[4 5 3 1 2],-62.50000000000006,10,3419.799999999963,0.0,False,3
27,0,1,[2 1 3 5 4],1747.6999999999643,0.5001737782817032,0.49982622171829694,0.9334960929598254,MI,[4 5 3 1 2],-62.50000000000006,10,3419.799999999963,0.0,False,3
27,0,2,[2 1 3 5 4],1747.6999999999643,0.5001737782817032,0.49982622171829694,0.9237286580564289,MI,[4 5 3 1 2],-62.50000000000006,10,3419.799999999963,0.0,False,3
27,0,3,[2 1 3 5 4],1747.6999999999643,0.5001737782817032,0.49982622171829694,0.17760610548355515,SI,[4 5 3 1 2],-62.50000000000006,10,3419.799999999963,0.0,False,3
27,0,4,[2 1 3 5 4],1747.6999999999643,0.5001737782817032,0.49982622171829694,0.15017716181016294,SI,[4 5 3 1 2],-62.50000000000006,10,3419.799999999963,0.0,False,3
28,0,0,[2 1 3 5 4],1747.6999999999643,0.5001737782817032,0.49982622171829694,0.2802944349273975,SI,[4 5 3 1 2],-62.50000000000006,10,3419.799999999963,0.0,False,3
28,0,1,[2 1 3 5 4],1747.6999999999643,0.5001737782817032,0.49982622171829694,0.4295664261047121,SI,[2 4 5 3 1],-44.69999999999999,10,2568.2999999999593,0.0,False,3
28,0,2,[2 1 3 5 4],1747.6999999999643,0.5001737782817032,0.49982622171829694,0.9603368299417122,MI,[4 5 3 1 2],-62.50000000000006,10,3419.799999999963,0.0,False,3
28,0,3,[2 1 3 5 4],1747.6999999999643,0.5001737782817032,0.49982622171829694,0.8719824607669029,MI,[4 5 3 1 2],-62.50000000000006,10,3419.799999999963,0.0,False,3
28,0,4,[2 1 3 5 4],1747.6999999999643,0.5001737782817032,0.49982622171829694,0.2433240743196965,SI,[4 5 3 1 2],-62.50000000000006,10,3419.799999999963,0.0,False,3
29,0,0,[2 1 3 5 4],1747.6999999999643,0.5001737782817032,0.49982622171829694,0.9040563222877459,MI,[4 5 3 1 2],-62.50000000000006,10,3419.799999999963,0.0,False,3
29,0,1,[2 1 3 5 4],1747.6999999999643,0.5001737782817032,0.49982622171829694,0.36217055857692193,SI,[2 4 5 3 1],-44.69999999999999,10,2568.2999999999593,0.0,False,3
29,0,2,[2 1 3 5 4],1747.6999999999643,0.5001737782817032,0.49982622171829694,0.31700506287350183,SI,[4 5 3 1 2],-62.50000000000006,10,3419.799999999963,0.0,False,3
29,0,3,[2 1 3 5 4],1747.6999999999643,0.5001737782817032,0.49982622171829694,0.3971517473088507,SI,[4 5 3 1 2],-62.50000000000006,10,3419.799999999963,0.0,False,3
29,0,4,[2 1 3 5 4],1747.6999999999643,0.5001737782817032,0.49982622171829694,0.41398807929492565,SI,[2 4 5 3 1],-44.69999999999999,10,2568.2999999999593,0.0,False,3
30,0,0,[2 1 3 5 4],1747.6999999999643,0.5001737782817032,0.49982622171829694,0.897330692022197,MI,[2 4 5 3 1],-44.69999999999999,10,2568.2999999999593,0.0,False,3
30,0,1,[2 1 3 5 4],1747.6999999999643,0.5001737782817032,0.49982622171829694,0.9944459926684996,MI,[4 5 3 1 2],-62.50000000000006,10,3419.799999999963,0.0,False,3
30,0,2,[2 1 3 5 4],1747.6999999999643,0.5001737782817032,0.49982622171829694,0.8906196395450799,MI,[4 5 3 1 2],-62.50000000000006,10,3419.799999999963,0.0,False,3
30,0,3,[2 1 3 5 4],1747.6999999999643,0.5001737782817032,0.49982622171829694,0.2206920280981426,SI,[4 5 3 1 2],-62.50000000000006,10,3419.799999999963,0.0,False,3
30,0,4,[2 1 3 5 4],1747.6999999999643,0.5001737782817032,0.49982622171829694,0.0662594744574122,SI,[4 5 3 1 2],-62.50000000000006,10,3419.799999999963,0.0,False,3
31,0,0,[2 1 3 5 4],1747.6999999999643,0.5001737782817032,0.49982622171829694,0.87090538506824,MI,[4 5 3 1 2],-62.50000000000006,10,3419.799999999963,0.0,False,3
31,0,1,[2 1 3 5 4],1747.6999999999643,0.5001737782817032,0.49982622171829694,0.12347165430326046,SI,[4 5 3 1 2],-62.50000000000006,10,3419.799999999963,0.0,False,3
31,0,2,[2 1 3 5 4],1747.6999999999643,0.5001737782817032,0.49982622171829694,0.8701403650081125,MI,[4 5 3 1 2],-62.50000000000006,10,3419.799999999963,0.0,False,3
31,0,3,[2 1 3 5 4],1747.6999999999643,0.5001737782817032,0.49982622171829694,0.8681009918984558,MI,[4 5 3 1 2],-62.50000000000006,10,3419.799999999963,0.0,False,3
31,0,4,[2 1 3 5 4],1747.6999999999643,0.5001737782817032,0.49982622171829694,0.2654455962011528,SI,[4 5 3 1 2],-62.50000000000006,10,3419.799999999963,0.0,False,3
32,0,0,[2 1 3 5 4],1747.6999999999643,0.5001737782817032,0.49982622171829694,0.027678669822700508,SI,[4 5 3 1 2],-62.50000000000006,10,3419.799999999963,0.0,False,3
32,0,1,[2 1 3 5 4],1747.6999999999643,0.5001737782817032,0.49982622171829694,0.20561484473299685,SI,[4 5 3 1 2],-62.50000000000006,10,3419.799999999963,0.0,False,3
32,0,2,[2 1 3 5 4],1747.6999999999643,0.5001737782817032,0.49982622171829694,0.24400717814496065,SI,[4 5 3 1 2],-62.50000000000006,10,3419.799999999963,0.0,False,3
32,0,3,[2 1 3 5 4],1747.6999999999643,0.5001737782817032,0.49982622171829694,0.4606838820542076,SI,[4 5 3 1 2],-62.50000000000006,10,3419.799999999963,0.0,False,3
32,0,4,[2 1 3 5 4],1747.6999999999643,0.5001737782817032,0.49982622171829694,0.07503279191261969,SI,[4 5 3 1 2],-62.50000000000006,10,3419.799999999963,0.0,False,3
33,0,0,[2 1 3 5 4],1747.6999999999643,0.5001737782817032,0.49982622171829694,0.31111356965624126,SI,[4 5 3 1 2],-62.50000000000006,10,3419.799999999963,0.0,False,3
33,0,1,[2 1 3 5 4],1747.6999999999643,0.5001737782817032,0.49982622171829694,0.06125984225399339,SI,[4 5 3 1 2],-62.50000000000006,10,3419.799999999963,0.0,False,3
33,0,2,[2 1 3 5 4],1747.6999999999643,0.5001737782817032,0.49982622171829694,0.48330160156811774,SI,[4 5 3 1 2],-62.50000000000006,10,3419.799999999963,0.0,False,3
33,0,3,[2 1 3 5 4],1747.6999999999643,0.5001737782817032,0.49982622171829694,0.6820531182415778,MI,[4 5 3 1 2],-62.50000000000006,10,3419.799999999963,0.0,False,3
33,0,4,[2 1 3 5 4],1747.6999999999643,0.5001737782817032,0.49982622171829694,0.2233042934128353,SI,[2 4 5 3 1],-44.69999999999999,10,2568.2999999999593,0.0,False,3
34,0,0,[2 1 3 5 4],1747.6999999999643,0.5001737782817032,0.49982622171829694,0.10415198697763373,SI,[4 5 3 1 2],-62.50000000000006,10,3419.799999999963,0.0,False,3
34,0,1,[2 1 3 5 4],1747.6999999999643,0.5001737782817032,0.49982622171829694,0.9013203235352993,MI,[2 4 5 3 1],-44.69999999999999,10,2568.2999999999593,0.0,False,3
34,0,2,[2 1 3 5 4],1747.6999999999643,0.5001737782817032,0.49982622171829694,0.03519659532821373,SI,[2 4 5 3 1],-44.69999999999999,10,2568.2999999999593,0.0,False,3
34,0,3,[2 1 3 5 4],1747.6999999999643,0.5001737782817032,0.49982622171829694,0.918568076122953,MI,[2 4 5 3 1],-44.69999999999999,10,2568.2999999999593,0.0,False,3
34,0,4,[2 1 3 5 4],1747.6999999999643,0.5001737782817032,0.49982622171829694,0.05432840489524404,SI,[2 4 5 3 1],-44.69999999999999,10,2568.2999999999593,0.0,False,3
35,0,0,[2 1 3 5 4],1747.6999999999643,0.5001737782817032,0.49982622171829694,0.9084825927725693,MI,[2 4 5 3 1],-44.69999999999999,10,2568.2999999999593,0.0,False,3
35,0,1,[2 1 3 5 4],1747.6999999999643,0.5001737782817032,0.49982622171829694,0.9258260725690703,MI,[4 5 3 1 2],-62.50000000000006,10,3419.799999999963,0.0,False,3
35,0,2,[2 1 3 5 4],1747.6999999999643,0.5001737782817032,0.49982622171829694,0.4066458113778808,SI,[2 4 5 3 1],-44.69999999999999,10,2568.2999999999593,0.0,False,3
35,0,3,[2 1 3 5 4],1747.6999999999643,0.5001737782817032,0.49982622171829694,0.611641429154083,MI,[4 5 3 1 2],-62.50000000000006,10,3419.799999999963,0.0,False,3
35,0,4,[2 1 3 5 4],1747.6999999999643,0.5001737782817032,0.49982622171829694,0.6196766261742654,MI,[2 4 5 3 1],-44.69999999999999,10,2568.2999999999593,0.0,False,3
36,0,0,[2 1 3 5 4],1747.6999999999643,0.5001737782817032,0.49982622171829694,0.0751452190396531,SI,[2 4 5 3 1],-44.69999999999999,10,2568.2999999999593,0.0,False,3
36,0,1,[2 1 3 5 4],1747.6999999999643,0.5001737782817032,0.49982622171829694,0.8154375038415694,MI,[4 5 3 1 2],-62.50000000000006,10,3419.799999999963,0.0,False,3
36,0,2,[2 1 3 5 4],1747.6999999999643,0.5001737782817032,0.49982622171829694,0.8318956027447287,MI,[2 4 5 3 1],-44.69999999999999,10,2568.2999999999593,0.0,False,3
36,0,3,[2 1 3 5 4],1747.6999999999643,0.5001737782817032,0.49982622171829694,0.2128303485893539,SI,[4 5 3 1 2],-62.50000000000006,10,3419.799999999963,0.0,False,3
36,0,4,[2 1 3 5 4],1747.6999999999643,0.5001737782817032,0.49982622171829694,0.906527422526434,MI,[2 1 4 5 3],-0.30000000000001137,10,1755.1999999999643,0.0,False,3
37,0,0,[2 1 3 5 4],1747.6999999999643,0.5001737782817032,0.49982622171829694,0.26228341587377935,SI,[4 5 3 1 2],-62.50000000000006,10,3419.799999999963,0.0,False,3
37,0,1,[2 1 3 5 4],1747.6999999999643,0.5001737782817032,0.49982622171829694,0.6574447605652141,MI,[4 5 3 1 2],-62.50000000000006,10,3419.799999999963,0.0,False,3
37,0,2,[2 1 3 5 4],1747.6999999999643,0.5001737782817032,0.49982622171829694,0.9695499644302913,MI,[2 4 5 3 1],-44.69999999999999,10,2568.2999999999593,0.0,False,3
37,0,3,[2 1 3 5 4],1747.6999999999643,0.5001737782817032,0.49982622171829694,0.9043303854334394,MI,[4 5 3 1 2],-62.50000000000006,10,3419.799999999963,0.0,False,3
37,0,4,[2 1 3 5 4],1747.6999999999643,0.5001737782817032,0.49982622171829694,0.11792809922045588,SI,[2 4 5 3 1],-44.69999999999999,10,2568.2999999999593,0.0,False,3
38,0,0,[2 1 3 5 4],1747.6999999999643,0.5001737782817032,0.49982622171829694,0.5449866839867792,MI,[2 4 5 3 1],-44.69999999999999,10,2568.2999999999593,0.0,False,3
38,0,1,[2 1 3 5 4],1747.6999999999643,0.5001737782817032,0.49982622171829694,0.7934170668669837,MI,[4 5 3 1 2],-62.50000000000006,10,3419.799999999963,0.0,False,3
38,0,2,[2 1 3 5 4],1747.6999999999643,0.5001737782817032,0.49982622171829694,0.6651545198116273,MI,[2 4 5 3 1],-44.69999999999999,10,2568.2999999999593,0.0,False,3
38,0,3,[2 1 3 5 4],1747.6999999999643,0.5001737782817032,0.49982622171829694,0.17989483819178254,SI,[2 4 5 3 1],-44.69999999999999,10,2568.2999999999593,0.0,False,3
38,0,4,[2 1 3 5 4],1747.6999999999643,0.5001737782817032,0.49982622171829694,0.6349800903670731,MI,[4 5 3 1 2],-62.50000000000006,10,3419.799999999963,0.0,False,3
39,0,0,[2 1 3 5 4],1747.6999999999643,0.5001737782817032,0.49982622171829694,0.22327447329496752,SI,[4 5 3 1 2],-62.50000000000006,10,3419.799999999963,0.0,False,3
39,0,1,[2 1 3 5 4],1747.6999999999643,0.5001737782817032,0.49982622171829694,0.3512218708988504,SI,[4 5 3 1 2],-62.50000000000006,10,3419.799999999963,0.0,False,3
39,0,2,[2 1 3 5 4],1747.6999999999643,0.5001737782817032,0.49982622171829694,0.2268168972636705,SI,[2 4 5 3 1],-44.69999999999999,10,2568.2999999999593,0.0,False,3
39,0,3,[2 1 3 5 4],1747.6999999999643,0.5001737782817032,0.49982622171829694,0.643819531037789,MI,[4 5 3 1 2],-62.50000000000006,10,3419.799999999963,0.0,False,3
39,0,4,[2 1 3 5 4],1747.6999999999643,0.5001737782817032,0.49982622171829694,0.7550887486418341,MI,[4 5 3 1 2],-62.50000000000006,10,3419.799999999963,0.0,False,3
40,0,0,[2 1 3 5 4],1747.6999999999643,0.5001737782817032,0.49982622171829694,0.2259810278306994,SI,[4 5 3 1 2],-62.50000000000006,10,3419.799999999963,0.0,False,3
40,0,1,[2 1 3 5 4],1747.6999999999643,0.5001737782817032,0.49982622171829694,0.043233057914873085,SI,[4 5 3 1 2],-62.50000000000006,10,3419.799999999963,0.0,False,3
40,0,2,[2 1 3 5 4],1747.6999999999643,0.5001737782817032,0.49982622171829694,0.6956235512814901,MI,[2 1 4 5 3],-0.30000000000001137,10,1755.1999999999643,0.0,False,3
40,0,3,[2 1 3 5 4],1747.6999999999643,0.5001737782817032,0.49982622171829694,0.29903577087151667,SI,[4 5 3 1 2],-62.50000000000006,10,3419.799999999963,0.0,False,3
40,0,4,[2 1 3 5 4],1747.6999999999643,0.5001737782817032,0.49982622171829694,0.7788407521256125,MI,[4 5 3 1 2],-62.50000000000006,10,3419.799999999963,0.0,False,3
41,0,0,[2 1 3 5 4],1747.6999999999643,0.5001737782817032,0.49982622171829694,0.05197567049863361,SI,[4 5 3 1 2],-62.50000000000006,10,3419.799999999963,0.0,False,3
41,0,1,[2 1 3 5 4],1747.6999999999643,0.5001737782817032,0.49982622171829694,0.4970806425823,SI,[4 5 3 1 2],-62.50000000000006,10,3419.799999999963,0.0,False,3
41,0,2,[2 1 3 5 4],1747.6999999999643,0.5001737782817032,0.49982622171829694,0.8654431637548835,MI,[4 5 3 1 2],-62.50000000000006,10,3419.799999999963,0.0,False,3
41,0,3,[2 1 3 5 4],1747.6999999999643,0.5001737782817032,0.49982622171829694,0.813763124875061,MI,[4 5 3 1 2],-62.50000000000006,10,3419.799999999963,0.0,False,3
41,0,4,[2 1 3 5 4],1747.6999999999643,0.5001737782817032,0.49982622171829694,0.7797666607361091,MI,[2 1 4 5 3],-0.30000000000001137,10,1755.1999999999643,0.0,False,3
42,0,0,[2 1 3 5 4],1747.6999999999643,0.5001737782817032,0.49982622171829694,0.824951238841345,MI,[2 4 5 3 1],-44.69999999999999,10,2568.2999999999593,0.0,False,3
42,0,1,[2 1 3 5 4],1747.6999999999643,0.5001737782817032,0.49982622171829694,0.39723109050833205,SI,[4 5 3 1 2],-62.50000000000006,10,3419.799999999963,0.0,False,3
42,0,2,[2 1 3 5 4],1747.6999999999643,0.5001737782817032,0.49982622171829694,0.22973618684190011,SI,[2 1 4 5 3],-0.30000000000001137,10,1755.1999999999643,0.0,False,3
42,0,3,[2 1 3 5 4],1747.6999999999643,0.5001737782817032,0.49982622171829694,0.8805396464550687,MI,[4 5 3 1 2],-62.50000000000006,10,3419.799999999963,0.0,False,3
42,0,4,[2 1 3 5 4],1747.6999999999643,0.5001737782817032,0.49982622171829694,0.3168437185617867,SI,[2 4 5 3 1],-44.69999999999999,10,2568.2999999999593,0.0,False,3
43,0,0,[2 1 3 5 4],1747.6999999999643,0.5001737782817032,0.49982622171829694,0.8496508386464987,MI,[4 5 3 1 2],-62.50000000000006,10,3419.799999999963,0.0,False,3
43,0,1,[2 1 3 5 4],1747.6999999999643,0.5001737782817032,0.49982622171829694,0.48025524825814414,SI,[4 5 3 1 2],-62.50000000000006,10,3419.799999999963,0.0,False,3
43,0,2,[2 1 3 5 4],1747.6999999999643,0.5001737782817032,0.49982622171829694,0.20924187209225964,SI,[4 5 3 1 2],-62.50000000000006,10,3419.799999999963,0.0,False,3
43,0,3,[2 1 3 5 4],1747.6999999999643,0.5001737782817032,0.49982622171829694,0.28265310434623825,SI,[4 5 3 1 2],-62.50000000000006,10,3419.799999999963,0.0,False,3
43,0,4,[2 1 3 5 4],1747.6999999999643,0.5001737782817032,0.49982622171829694,0.8819633843497613,MI,[4 5 3 1 2],-62.50000000000006,10,3419.799999999963,0.0,False,3
44,0,0,[2 1 3 5 4],1747.6999999999643,0.5001737782817032,0.49982622171829694,0.03978586274821527,SI,[4 5 3 1 2],-62.50000000000006,10,3419.799999999963,0.0,False,3
44,0,1,[2 1 3 5 4],1747.6999999999643,0.5001737782817032,0.49982622171829694,0.9574987916484319,MI,[2 1 4 5 3],-0.30000000000001137,10,1755.1999999999643,0.0,False,3
44,0,2,[2 1 3 5 4],1747.6999999999643,0.5001737782817032,0.49982622171829694,0.793084938611716,MI,[4 5 3 1 2],-62.50000000000006,10,3419.799999999963,0.0,False,3
44,0,3,[2 1 3 5 4],1747.6999999999643,0.5001737782817032,0.49982622171829694,0.1571442053160581,SI,[4 5 3 1 2],-62.50000000000006,10,3419.799999999963,0.0,False,3
44,0,4,[2 1 3 5 4],1747.6999999999643,0.5001737782817032,0.49982622171829694,0.7480936541357969,MI,[4 5 3 1 2],-62.50000000000006,10,3419.799999999963,0.0,False,3
45,0,0,[2 1 3 5 4],1747.6999999999643,0.5001737782817032,0.49982622171829694,0.6708183135946878,MI,[4 5 3 1 2],-62.50000000000006,10,3419.799999999963,0.0,False,3
45,0,1,[2 1 3 5 4],1747.6999999999643,0.5001737782817032,0.49982622171829694,0.8469942486046534,MI,[4 5 3 1 2],-62.50000000000006,10,3419.799999999963,0.0,False,3
45,0,2,[2 1 3 5 4],1747.6999999999643,0.5001737782817032,0.49982622171829694,0.29470680256591175,SI,[4 5 3 1 2],-62.50000000000006,10,3419.799999999963,0.0,False,3
45,0,3,[2 1 3 5 4],1747.6999999999643,0.5001737782817032,0.49982622171829694,0.5117467189433136,MI,[4 5 3 1 2],-62.50000000000006,10,3419.799999999963,0.0,False,3
45,0,4,[2 1 3 5 4],1747.6999999999643,0.5001737782817032,0.49982622171829694,0.15809047152559275,SI,[4 5 3 1 2],-62.50000000000006,10,3419.799999999963,0.0,False,3
46,0,0,[2 1 3 5 4],1747.6999999999643,0.5001737782817032,0.49982622171829694,0.4235793755891524,SI,[4 5 3 1 2],-62.50000000000006,10,3419.799999999963,0.0,False,3
46,0,1,[2 1 3 5 4],1747.6999999999643,0.5001737782817032,0.49982622171829694,0.18230677490117142,SI,[4 5 3 1 2],-62.50000000000006,10,3419.799999999963,0.0,False,3
46,0,2,[2 1 3 5 4],1747.6999999999643,0.5001737782817032,0.49982622171829694,0.053738162668200196,SI,[4 5 3 1 2],-62.50000000000006,10,3419.799999999963,0.0,False,3
46,0,3,[2 1 3 5 4],1747.6999999999643,0.5001737782817032,0.49982622171829694,0.3139347174698335,SI,[4 5 3 1 2],-62.50000000000006,10,3419.799999999963,0.0,False,3
46,0,4,[2 1 3 5 4],1747.6999999999643,0.5001737782817032,0.49982622171829694,0.6109408953587138,MI,[4 5 3 1 2],-62.50000000000006,10,3419.799999999963,0.0,False,3
47,0,0,[2 1 3 5 4],1747.6999999999643,0.5001737782817032,0.49982622171829694,0.9313041565134617,MI,[4 5 3 1 2],-62.50000000000006,10,3419.799999999963,0.0,False,3
47,0,1,[2 1 3 5 4],1747.6999999999643,0.5001737782817032,0.49982622171829694,0.41150197739552885,SI,[4 5 3 1 2],-62.50000000000006,10,3419.799999999963,0.0,False,3
47,0,2,[2 1 3 5 4],1747.6999999999643,0.5001737782817032,0.49982622171829694,0.9106228452532453,MI,[4 5 3 1 2],-62.50000000000006,10,3419.799999999963,0.0,False,3
47,0,3,[2 1 3 5 4],1747.6999999999643,0.5001737782817032,0.49982622171829694,0.4334931313030468,SI,[4 5 3 1 2],-62.50000000000006,10,3419.799999999963,0.0,False,3
47,0,4,[2 1 3 5 4],1747.6999999999643,0.5001737782817032,0.49982622171829694,0.862110780664726,MI,[2 4 5 3 1],-44.69999999999999,10,2568.2999999999593,0.0,False,3
48,0,0,[2 1 3 5 4],1747.6999999999643,0.5001737782817032,0.49982622171829694,0.14906951084289632,SI,[2 4 5 3 1],-44.69999999999999,10,2568.2999999999593,0.0,False,3
48,0,1,[2 1 3 5 4],1747.6999999999643,0.5001737782817032,0.49982622171829694,0.9283988557903353,MI,[4 5 3 1 2],-62.50000000000006,10,3419.799999999963,0.0,False,3
48,0,2,[2 1 3 5 4],1747.6999999999643,0.5001737782817032,0.49982622171829694,0.5949638710252815,MI,[2 4 5 3 1],-44.69999999999999,10,2568.2999999999593,0.0,False,3
48,0,3,[2 1 3 5 4],1747.6999999999643,0.5001737782817032,0.49982622171829694,0.13744363489875067,SI,[4 5 3 1 2],-62.50000000000006,10,3419.799999999963,0.0,False,3
48,0,4,[2 1 3 5 4],1747.6999999999643,0.5001737782817032,0.49982622171829694,0.09751186356830588,SI,[4 5 3 1 2],-62.50000000000006,10,3419.799999999963,0.0,False,3
49,0,0,[2 1 3 5 4],1747.6999999999643,0.5001737782817032,0.49982622171829694,0.5709220142416835,MI,[4 5 3 1 2],-62.50000000000006,10,3419.799999999963,0.0,False,3
49,0,1,[2 1 3 5 4],1747.6999999999643,0.5001737782817032,0.49982622171829694,0.19105145034316573,SI,[2 4 5 3 1],-44.69999999999999,10,2568.2999999999593,0.0,False,3
49,0,2,[2 1 3 5 4],1747.6999999999643,0.5001737782817032,0.49982622171829694,0.09052872896299269,SI,[2 4 5 3 1],-44.69999999999999,10,2568.2999999999593,0.0,False,3
49,0,3,[2 1 3 5 4],1747.6999999999643,0.5001737782817032,0.49982622171829694,0.010321098667400386,SI,[2 4 5 3 1],-44.69999999999999,10,2568.2999999999593,0.0,False,3
49,0,4,[2 1 3 5 4],1747.6999999999643,0.5001737782817032,0.49982622171829694,0.18629306946549185,SI,[2 4 5 3 1],-44.69999999999999,10,2568.2999999999593,0.0,False,3
50,0,0,[2 1 3 5 4],1747.6999999999643,0.5001737782817032,0.49982622171829694,0.031214822464474046,SI,[4 5 3 1 2],-62.50000000000006,10,3419.799999999963,0.0,False,3
50,0,1,[2 1 3 5 4],1747.6999999999643,0.5001737782817032,0.49982622171829694,0.8219370103778546,MI,[4 5 3 1 2],-62.50000000000006,10,3419.799999999963,0.0,False,3
50,0,2,[2 1 3 5 4],1747.6999999999643,0.5001737782817032,0.49982622171829694,0.04479836945783677,SI,[4 5 3 1 2],-62.50000000000006,10,3419.799999999963,0.0,False,3
50,0,3,[2 1 3 5 4],1747.6999999999643,0.5001737782817032,0.49982622171829694,0.4792201740795663,SI,[4 5 3 1 2],-62.50000000000006,10,3419.799999999963,0.0,False,3
50,0,4,[2 1 3 5 4],1747.6999999999643,0.5001737782817032,0.49982622171829694,0.12649383009134485,SI,[4 5 3 1 2],-62.50000000000006,10,3419.799999999963,0.0,False,3
51,0,0,[2 1 3 5 4],1747.6999999999643,0.5001737782817032,0.49982622171829694,0.7027823071505088,MI,[4 5 3 1 2],-62.50000000000006,10,3419.799999999963,0.0,False,3
51,0,1,[2 1 3 5 4],1747.6999999999643,0.5001737782817032,0.49982622171829694,0.8931725499948907,MI,[4 5 3 1 2],-62.50000000000006,10,3419.799999999963,0.0,False,3
51,0,2,[2 1 3 5 4],1747.6999999999643,0.5001737782817032,0.49982622171829694,0.6455789004491208,MI,[4 5 3 1 2],-62.50000000000006,10,3419.799999999963,0.0,False,3
51,0,3,[2 1 3 5 4],1747.6999999999643,0.5001737782817032,0.49982622171829694,0.6121436149716692,MI,[4 5 3 1 2],-62.50000000000006,10,3419.799999999963,0.0,False,3
51,0,4,[2 1 3 5 4],1747.6999999999643,0.5001737782817032,0.49982622171829694,0.26962060906669116,SI,[4 5 3 1 2],-62.50000000000006,10,3419.799999999963,0.0,False,3
0,16,0,[3 1 4 5 2],2767.400000000016,0.5,0.5,0.12955051197722722,SI,[5 4 1 3 2],32.19999999999999,10,4210.100000000035,0.0,False,4
0,16,1,[3 1 4 5 2],2767.400000000016,0.5,0.5,0.04560958482977018,SI,[3 4 1 5 2],48.599999999999966,10,3395.100000000024,0.0,False,4
0,16,2,[3 1 4 5 2],2767.400000000016,0.5,0.5,0.4189139209676348,SI,[4 1 3 5 2],47.10000000000002,10,4028.8000000000175,0.0,False,4
0,16,3,[3 1 4 5 2],2767.400000000016,0.5,0.5,0.3652592900546795,SI,[5 4 1 3 2],32.19999999999999,10,4210.100000000035,0.0,False,4
0,16,4,[3 1 4 5 2],2767.400000000016,0.5,0.5,0.940281567312041,MI,[4 1 3 5 2],47.10000000000002,10,4028.8000000000175,0.0,False,4
1,0,0,[3 1 4 5 2],2767.400000000016,0.5,0.5,0.31551389042812006,SI,[3 1 4 2 5],-65.59999999999997,10,2572.000000000011,0.07060779070607934,True,4
1,0,1,[3 1 4 2 5],2572.000000000011,0.5,0.5,0.01666467531513205,SI,[3 1 4 5 2],65.59999999999997,10,2767.400000000016,0.0,False,4
1,0,2,[3 1 4 2 5],2572.000000000011,0.5,0.5,0.34686965656415847,SI,[3 4 1 2 5],48.60000000000002,10,3351.000000000022,0.0,False,4
1,0,3,[3 1 4 2 5],2572.000000000011,0.5,0.5,0.7898030671657825,MI,[4 1 3 2 5],47.09999999999991,10,4091.6000000000167,0.0,False,4
1,0,4,[3 1 4 2 5],2572.000000000011,0.5,0.5,0.4070665275866835,SI,[4 1 3 2 5],47.09999999999991,10,4091.6000000000167,0.0,False,4
2,0,0,[3 1 4 2 5],2572.000000000011,0.5035056370068965,0.4964943629931034,0.23140357773080455,SI,[3 1 4 5 2],65.59999999999997,10,2767.400000000016,0.0,False,4
2,0,1,[3 1 4 2 5],2572.000000000011,0.5035056370068965,0.4964943629931034,0.013608231624487765,SI,[4 1 3 2 5],47.09999999999991,10,4091.6000000000167,0.0,False,4
2,0,2,[3 1 4 2 5],2572.000000000011,0.5035056370068965,0.4964943629931034,0.9962888772340847,MI,[4 1 3 2 5],47.09999999999991,10,4091.6000000000167,0.0,False,4
2,0,3,[3 1 4 2 5],2572.000000000011,0.5035056370068965,0.4964943629931034,0.3502913692400581,SI,[4 1 3 2 5],47.09999999999991,10,4091.6000000000167,0.0,False,4
2,0,4,[3 1 4 2 5],2572.000000000011,0.5035056370068965,0.4964943629931034,0.7469162741105869,MI,[4 1 3 2 5],47.09999999999991,10,4091.6000000000167,0.0,False,4
3,0,0,[3 1 4 2 5],2572.000000000011,0.5035056370068965,0.4964943629931034,0.13841660641146403,SI,[3 4 1 2 5],48.60000000000002,10,3351.000000000022,0.0,False,4
3,0,1,[3 1 4 2 5],2572.000000000011,0.5035056370068965,0.4964943629931034,0.10457314529348927,SI,[4 1 3 2 5],47.09999999999991,10,4091.6000000000167,0.0,False,4
3,0,2,[3 1 4 2 5],2572.000000000011,0.5035056370068965,0.4964943629931034,0.7000962846974332,MI,[4 1 3 2 5],47.09999999999991,10,4091.6000000000167,0.0,False,4
3,0,3,[3 1 4 2 5],2572.000000000011,0.5035056370068965,0.4964943629931034,0.4677918227067185,SI,[3 2 4 1 5],318.3999999999999,10,4421.3000000000175,0.0,False,4
3,0,4,[3 1 4 2 5],2572.000000000011,0.5035056370068965,0.4964943629931034,0.16168723567091492,SI,[4 1 3 2 5],47.09999999999991,10,4091.6000000000167,0.0,False,4
4,0,0,[3 1 4 2 5],2572.000000000011,0.5035056370068965,0.4964943629931034,0.8553811872655849,MI,[4 1 3 2 5],47.09999999999991,10,4091.6000000000167,0.0,False,4
4,0,1,[3 1 4 2 5],2572.000000000011,0.5035056370068965,0.4964943629931034,0.5159195749013314,MI,[4 1 3 2 5],47.09999999999991,10,4091.6000000000167,0.0,False,4
4,0,2,[3 1 4 2 5],2572.000000000011,0.5035056370068965,0.4964943629931034,0.2330191989615109,SI,[4 1 3 2 5],47.09999999999991,10,4091.6000000000167,0.0,False,4
4,0,3,[3 1 4 2 5],2572.000000000011,0.5035056370068965,0.4964943629931034,0.28443273939038227,SI,[4 1 3 2 5],47.09999999999991,10,4091.6000000000167,0.0,False,4
4,0,4,[3 1 4 2 5],2572.000000000011,0.5035056370068965,0.4964943629931034,0.09989356422589901,SI,[3 1 4 5 2],65.59999999999997,10,2767.400000000016,0.0,False,4
5,0,0,[3 1 4 2 5],2572.000000000011,0.5035056370068965,0.4964943629931034,0.42361923673540625,SI,[4 1 3 2 5],47.09999999999991,10,4091.6000000000167,0.0,False,4
5,0,1,[3 1 4 2 5],2572.000000000011,0.5035056370068965,0.4964943629931034,0.5882201602208688,MI,[4 1 3 2 5],47.09999999999991,10,4091.6000000000167,0.0,False,4
5,0,2,[3 1 4 2 5],2572.000000000011,0.5035056370068965,0.4964943629931034,0.6202414338628823,MI,[4 1 3 2 5],47.09999999999991,10,4091.6000000000167,0.0,False,4
5,0,3,[3 1 4 2 5],2572.000000000011,0.5035056370068965,0.4964943629931034,0.5849540169833115,MI,[4 1 3 2 5],47.09999999999991,10,4091.6000000000167,0.0,False,4
5,0,4,[3 1 4 2 5],2572.000000000011,0.5035056370068965,0.4964943629931034,0.4917718199955935,SI,[1 3 4 2 5],112.69999999999999,10,3566.5000000000255,0.0,False,4
6,0,0,[3 1 4 2 5],2572.000000000011,0.5035056370068965,0.4964943629931034,0.5202767469771081,MI,[4 1 3 2 5],47.09999999999991,10,4091.6000000000167,0.0,False,4
6,0,1,[3 1 4 2 5],2572.000000000011,0.5035056370068965,0.4964943629931034,0.47312580632508094,SI,[3 4 1 2 5],48.60000000000002,10,3351.000000000022,0.0,False,4
6,0,2,[3 1 4 2 5],2572.000000000011,0.5035056370068965,0.4964943629931034,0.4151067254427211,SI,[4 1 3 2 5],47.09999999999991,10,4091.6000000000167,0.0,False,4
6,0,3,[3 1 4 2 5],2572.000000000011,0.5035056370068965,0.4964943629931034,0.24308505409180337,SI,[3 1 4 5 2],65.59999999999997,10,2767.400000000016,0.0,False,4
6,0,4,[3 1 4 2 5],2572.000000000011,0.5035056370068965,0.4964943629931034,0.47130419863839945,SI,[4 1 3 2 5],47.09999999999991,10,4091.6000000000167,0.0,False,4
7,0,0,[3 1 4 2 5],2572.000000000011,0.5035056370068965,0.4964943629931034,0.20282643148265056,SI,[3 4 1 2 5],48.60000000000002,10,3351.000000000022,0.0,False,4
7,0,1,[3 1 4 2 5],2572.000000000011,0.5035056370068965,0.4964943629931034,0.22172685606163178,SI,[3 4 1 2 5],48.60000000000002,10,3351.000000000022,0.0,False,4
7,0,2,[3 1 4 2 5],2572.000000000011,0.5035056370068965,0.4964943629931034,0.962576808061967,MI,[5 2 4 1 3],115.9,10,4486.500000000022,0.0,False,4
7,0,3,[3 1 4 2 5],2572.000000000011,0.5035056370068965,0.4964943629931034,0.281380649382282,SI,[3 1 4 5 2],65.59999999999997,10,2767.400000000016,0.0,False,4
7,0,4,[3 1 4 2 5],2572.000000000011,0.5035056370068965,0.4964943629931034,0.38700428355178296,SI,[4 1 3 2 5],47.09999999999991,10,4091.6000000000167,0.0,False,4
8,0,0,[3 1 4 2 5],2572.000000000011,0.5035056370068965,0.4964943629931034,0.30794696673596034,SI,[3 1 4 5 2],65.59999999999997,10,2767.400000000016,0.0,False,4
8,0,1,[3 1 4 2 5],2572.000000000011,0.5035056370068965,0.4964943629931034,0.19684469430462137,SI,[3 4 1 2 5],48.60000000000002,10,3351.000000000022,0.0,False,4
8,0,2,[3 1 4 2 5],2572.000000000011,0.5035056370068965,0.4964943629931034,0.46800383184538663,SI,[5 2 4 1 3],115.9,10,4486.500000000022,0.0,False,4
8,0,3,[3 1 4 2 5],2572.000000000011,0.5035056370068965,0.4964943629931034,0.06196969815844777,SI,[4 1 3 2 5],47.09999999999991,10,4091.6000000000167,0.0,False,4
8,0,4,[3 1 4 2 5],2572.000000000011,0.5035056370068965,0.4964943629931034,0.9452650895759911,MI,[4 1 3 2 5],47.09999999999991,10,4091.6000000000167,0.0,False,4
9,0,0,[3 1 4 2 5],2572.000000000011,0.5035056370068965,0.4964943629931034,0.0808992427854337,SI,[4 1 3 2 5],47.09999999999991,10,4091.6000000000167,0.0,False,4
9,0,1,[3 1 4 2 5],2572.000000000011,0.5035056370068965,0.4964943629931034,0.35949054617645315,SI,[4 1 3 2 5],47.09999999999991,10,4091.6000000000167,0.0,False,4
9,0,2,[3 1 4 2 5],2572.000000000011,0.5035056370068965,0.4964943629931034,0.038779032120311197,SI,[3 4 1 2 5],48.60000000000002,10,3351.000000000022,0.0,False,4
9,0,3,[3 1 4 2 5],2572.000000000011,0.5035056370068965,0.4964943629931034,0.22898020844691547,SI,[3 1 4 5 2],65.59999999999997,10,2767.400000000016,0.0,False,4
9,0,4,[3 1 4 2 5],2572.000000000011,0.5035056370068965,0.4964943629931034,0.33378780243394024,SI,[3 1 4 5 2],65.59999999999997,10,2767.400000000016,0.0,False,4
10,0,0,[3 1 4 2 5],2572.000000000011,0.5035056370068965,0.4964943629931034,0.35667250669205397,SI,[3 4 1 2 5],48.60000000000002,10,3351.000000000022,0.0,False,4
10,0,1,[3 1 4 2 5],2572.000000000011,0.5035056370068965,0.4964943629931034,0.4140953264859377,SI,[1 3 4 2 5],112.69999999999999,10,3566.5000000000255,0.0,False,4
10,0,2,[3 1 4 2 5],2572.000000000011,0.5035056370068965,0.4964943629931034,0.9865970321533577,MI,[4 1 3 2 5],47.09999999999991,10,4091.6000000000167,0.0,False,4
10,0,3,[3 1 4 2 5],2572.000000000011,0.5035056370068965,0.4964943629931034,0.565821162032026,MI,[4 1 3 2 5],47.09999999999991,10,4091.6000000000167,0.0,False,4
10,0,4,[3 1 4 2 5],2572.000000000011,0.5035056370068965,0.4964943629931034,0.13033225645514646,SI,[4 1 3 2 5],47.09999999999991,10,4091.6000000000167,0.0,False,4
11,0,0,[3 1 4 2 5],2572.000000000011,0.5035056370068965,0.4964943629931034,0.3341074376526786,SI,[4 1 3 2 5],47.09999999999991,10,4091.6000000000167,0.0,False,4
11,0,1,[3 1 4 2 5],2572.000000000011,0.5035056370068965,0.4964943629931034,0.6965988262384094,MI,[4 1 3 2 5],47.09999999999991,10,4091.6000000000167,0.0,False,4
11,0,2,[3 1 4 2 5],2572.000000000011,0.5035056370068965,0.4964943629931034,0.7279860293868309,MI,[4 1 3 2 5],47.09999999999991,10,4091.6000000000167,0.0,False,4
11,0,3,[3 1 4 2 5],2572.000000000011,0.5035056370068965,0.4964943629931034,0.1890581630401552,SI,[3 4 1 2 5],48.60000000000002,10,3351.000000000022,0.0,False,4
11,0,4,[3 1 4 2 5],2572.000000000011,0.5035056370068965,0.4964943629931034,0.027805474901876126,SI,[3 4 1 2 5],48.60000000000002,10,3351.000000000022,0.0,False,4
12,0,0,[3 1 4 2 5],2572.000000000011,0.5035056370068965,0.4964943629931034,0.27813378555270185,SI,[4 1 3 2 5],47.09999999999991,10,4091.6000000000167,0.0,False,4
12,0,1,[3 1 4 2 5],2572.000000000011,0.5035056370068965,0.4964943629931034,0.28547088609814664,SI,[4 1 3 2 5],47.09999999999991,10,4091.6000000000167,0.0,False,4
12,0,2,[3 1 4 2 5],2572.000000000011,0.5035056370068965,0.4964943629931034,0.8779947597696889,MI,[2 4 1 3 5],173.70000000000005,10,4474.800000000007,0.0,False,4
12,0,3,[3 1 4 2 5],2572.000000000011,0.5035056370068965,0.4964943629931034,0.3783815226588969,SI,[3 4 1 2 5],48.60000000000002,10,3351.000000000022,0.0,False,4
12,0,4,[3 1 4 2 5],2572.000000000011,0.5035056370068965,0.4964943629931034,0.6533135015882741,MI,[4 1 3 2 5],47.09999999999991,10,4091.6000000000167,0.0,False,4
13,0,0,[3 1 4 2 5],2572.000000000011,0.5035056370068965,0.4964943629931034,0.8214917919679744,MI,[4 1 3 2 5],47.09999999999991,10,4091.6000000000167,0.0,False,4
13,0,1,[3 1 4 2 5],2572.000000000011,0.5035056370068965,0.4964943629931034,0.49624804630398134,SI,[4 1 3 2 5],47.09999999999991,10,4091.6000000000167,0.0,False,4
13,0,2,[3 1 4 2 5],2572.000000000011,0.5035056370068965,0.4964943629931034,0.020886037730405538,SI,[4 1 3 2 5],47.09999999999991,10,4091.6000000000167,0.0,False,4
13,0,3,[3 1 4 2 5],2572.000000000011,0.5035056370068965,0.4964943629931034,0.7442668254874457,MI,[5 2 4 1 3],115.9,10,4486.500000000022,0.0,False,4
13,0,4,[3 1 4 2 5],2572.000000000011,0.5035056370068965,0.4964943629931034,0.5057441969768645,MI,[4 1 3 2 5],47.09999999999991,10,4091.6000000000167,0.0,False,4
14,0,0,[3 1 4 2 5],2572.000000000011,0.5035056370068965,0.4964943629931034,0.7093601266879388,MI,[4 1 3 2 5],47.09999999999991,10,4091.6000000000167,0.0,False,4
14,0,1,[3 1 4 2 5],2572.000000000011,0.5035056370068965,0.4964943629931034,0.35698704898756617,SI,[4 1 3 2 5],47.09999999999991,10,4091.6000000000167,0.0,False,4
14,0,2,[3 1 4 2 5],2572.000000000011,0.5035056370068965,0.4964943629931034,0.21227875666115026,SI,[4 1 3 2 5],47.09999999999991,10,4091.6000000000167,0.0,False,4
14,0,3,[3 1 4 2 5],2572.000000000011,0.5035056370068965,0.4964943629931034,0.5604975630530982,MI,[4 1 3 2 5],47.09999999999991,10,4091.6000000000167,0.0,False,4
14,0,4,[3 1 4 2 5],2572.000000000011,0.5035056370068965,0.4964943629931034,0.3374634822517597,SI,[3 1 4 5 2],65.59999999999997,10,2767.400000000016,0.0,False,4
15,0,0,[3 1 4 2 5],2572.000000000011,0.5035056370068965,0.4964943629931034,0.3575354944555852,SI,[4 1 3 2 5],47.09999999999991,10,4091.6000000000167,0.0,False,4
15,0,1,[3 1 4 2 5],2572.000000000011,0.5035056370068965,0.4964943629931034,0.0645098109462412,SI,[3 4 1 2 5],48.60000000000002,10,3351.000000000022,0.0,False,4
15,0,2,[3 1 4 2 5],2572.000000000011,0.5035056370068965,0.4964943629931034,0.9216646167121498,MI,[4 1 3 2 5],47.09999999999991,10,4091.6000000000167,0.0,False,4
15,0,3,[3 1 4 2 5],2572.000000000011,0.5035056370068965,0.4964943629931034,0.34310126245043393,SI,[3 4 1 2 5],48.60000000000002,10,3351.000000000022,0.0,False,4
15,0,4,[3 1 4 2 5],2572.000000000011,0.5035056370068965,0.4964943629931034,0.14503125193771327,SI,[4 1 3 2 5],47.09999999999991,10,4091.6000000000167,0.0,False,4
16,0,0,[3 1 4 2 5],2572.000000000011,0.5035056370068965,0.4964943629931034,0.18041018369435768,SI,[3 4 1 2 5],48.60000000000002,10,3351.000000000022,0.0,False,4
16,0,1,[3 1 4 2 5],2572.000000000011,0.5035056370068965,0.4964943629931034,0.15065748284181146,SI,[4 1 3 2 5],47.09999999999991,10,4091.6000000000167,0.0,False,4
16,0,2,[3 1 4 2 5],2572.000000000011,0.5035056370068965,0.4964943629931034,0.07315029089443825,SI,[4 1 3 2 5],47.09999999999991,10,4091.6000000000167,0.0,False,4
16,0,3,[3 1 4 2 5],2572.000000000011,0.5035056370068965,0.4964943629931034,0.9211426943235929,MI,[4 1 3 2 5],47.09999999999991,10,4091.6000000000167,0.0,False,4
16,0,4,[3 1 4 2 5],2572.000000000011,0.5035056370068965,0.4964943629931034,0.018623829923741564,SI,[4 1 3 2 5],47.09999999999991,10,4091.6000000000167,0.0,False,4
17,0,0,[3 1 4 2 5],2572.000000000011,0.5035056370068965,0.4964943629931034,0.37705192847325864,SI,[4 1 3 2 5],47.09999999999991,10,4091.6000000000167,0.0,False,4
17,0,1,[3 1 4 2 5],2572.000000000011,0.5035056370068965,0.4964943629931034,0.6845603163463404,MI,[4 1 3 2 5],47.09999999999991,10,4091.6000000000167,0.0,False,4
17,0,2,[3 1 4 2 5],2572.000000000011,0.5035056370068965,0.4964943629931034,0.8990328679662178,MI,[4 1 3 2 5],47.09999999999991,10,4091.6000000000167,0.0,False,4
17,0,3,[3 1 4 2 5],2572.000000000011,0.5035056370068965,0.4964943629931034,0.6490861560409591,MI,[4 1 3 2 5],47.09999999999991,10,4091.6000000000167,0.0,False,4
17,0,4,[3 1 4 2 5],2572.000000000011,0.5035056370068965,0.4964943629931034,0.5011144825712993,SI,[4 1 3 2 5],47.09999999999991,10,4091.6000000000167,0.0,False,4
18,0,0,[3 1 4 2 5],2572.000000000011,0.5035056370068965,0.4964943629931034,0.6293493619639056,MI,[4 1 3 2 5],47.09999999999991,10,4091.6000000000167,0.0,False,4
18,0,1,[3 1 4 2 5],2572.000000000011,0.5035056370068965,0.4964943629931034,0.36939511024221316,SI,[4 1 3 2 5],47.09999999999991,10,4091.6000000000167,0.0,False,4
18,0,2,[3 1 4 2 5],2572.000000000011,0.5035056370068965,0.4964943629931034,0.9714296991816146,MI,[4 1 3 2 5],47.09999999999991,10,4091.6000000000167,0.0,False,4
18,0,3,[3 1 4 2 5],2572.000000000011,0.5035056370068965,0.4964943629931034,0.1201487992946233,SI,[3 4 1 2 5],48.60000000000002,10,3351.000000000022,0.0,False,4
18,0,4,[3 1 4 2 5],2572.000000000011,0.5035056370068965,0.4964943629931034,0.6338956799308396,MI,[4 1 3 2 5],47.09999999999991,10,4091.6000000000167,0.0,False,4
19,0,0,[3 1 4 2 5],2572.000000000011,0.5035056370068965,0.4964943629931034,0.9235946359653362,MI,[4 1 3 2 5],47.09999999999991,10,4091.6000000000167,0.0,False,4
19,0,1,[3 1 4 2 5],2572.000000000011,0.5035056370068965,0.4964943629931034,0.7167856133090923,MI,[4 1 3 2 5],47.09999999999991,10,4091.6000000000167,0.0,False,4
19,0,2,[3 1 4 2 5],2572.000000000011,0.5035056370068965,0.4964943629931034,0.18989060588083362,SI,[4 1 3 2 5],47.09999999999991,10,4091.6000000000167,0.0,False,4
19,0,3,[3 1 4 2 5],2572.000000000011,0.5035056370068965,0.4964943629931034,0.030074193983267605,SI,[1 3 4 2 5],112.69999999999999,10,3566.5000000000255,0.0,False,4
19,0,4,[3 1 4 2 5],2572.000000000011,0.5035056370068965,0.4964943629931034,0.910943494902615,MI,[4 1 3 2 5],47.09999999999991,10,4091.6000000000167,0.0,False,4
20,0,0,[3 1 4 2 5],2572.000000000011,0.5035056370068965,0.4964943629931034,0.11779834124503186,SI,[4 1 3 2 5],47.09999999999991,10,4091.6000000000167,0.0,False,4
20,0,1,[3 1 4 2 5],2572.000000000011,0.5035056370068965,0.4964943629931034,0.7568240686546541,MI,[4 1 3 2 5],47.09999999999991,10,4091.6000000000167,0.0,False,4
20,0,2,[3 1 4 2 5],2572.000000000011,0.5035056370068965,0.4964943629931034,0.9716750977070199,MI,[4 1 3 2 5],47.09999999999991,10,4091.6000000000167,0.0,False,4
20,0,3,[3 1 4 2 5],2572.000000000011,0.5035056370068965,0.4964943629931034,0.16616909058336804,SI,[3 4 1 2 5],48.60000000000002,10,3351.000000000022,0.0,False,4
20,0,4,[3 1 4 2 5],2572.000000000011,0.5035056370068965,0.4964943629931034,0.41476292199814235,SI,[3 4 1 2 5],48.60000000000002,10,3351.000000000022,0.0,False,4
21,0,0,[3 1 4 2 5],2572.000000000011,0.5035056370068965,0.4964943629931034,0.7408506836059747,MI,[4 1 3 2 5],47.09999999999991,10,4091.6000000000167,0.0,False,4
21,0,1,[3 1 4 2 5],2572.000000000011,0.5035056370068965,0.4964943629931034,0.5459590179383063,MI,[4 1 3 2 5],47.09999999999991,10,4091.6000000000167,0.0,False,4
21,0,2,[3 1 4 2 5],2572.000000000011,0.5035056370068965,0.4964943629931034,0.39236006813266944,SI,[1 3 4 2 5],112.69999999999999,10,3566.5000000000255,0.0,False,4
21,0,3,[3 1 4 2 5],2572.000000000011,0.5035056370068965,0.4964943629931034,0.6952114323009946,MI,[4 1 3 2 5],47.09999999999991,10,4091.6000000000167,0.0,False,4
21,0,4,[3 1 4 2 5],2572.000000000011,0.5035056370068965,0.4964943629931034,0.7579131263968333,MI,[4 1 3 2 5],47.09999999999991,10,4091.6000000000167,0.0,False,4
22,0,0,[3 1 4 2 5],2572.000000000011,0.5035056370068965,0.4964943629931034,0.9439589583992817,MI,[4 1 3 2 5],47.09999999999991,10,4091.6000000000167,0.0,False,4
22,0,1,[3 1 4 2 5],2572.000000000011,0.5035056370068965,0.4964943629931034,0.24384086456911214,SI,[1 3 4 2 5],112.69999999999999,10,3566.5000000000255,0.0,False,4
22,0,2,[3 1 4 2 5],2572.000000000011,0.5035056370068965,0.4964943629931034,0.4779446415610872,SI,[1 3 4 2 5],112.69999999999999,10,3566.5000000000255,0.0,False,4
22,0,3,[3 1 4 2 5],2572.000000000011,0.5035056370068965,0.4964943629931034,0.47218452164405555,SI,[4 1 3 2 5],47.09999999999991,10,4091.6000000000167,0.0,False,4
22,0,4,[3 1 4 2 5],2572.000000000011,0.5035056370068965,0.4964943629931034,0.1581137998321146,SI,[4 1 3 2 5],47.09999999999991,10,4091.6000000000167,0.0,False,4
23,0,0,[3 1 4 2 5],2572.000000000011,0.5035056370068965,0.4964943629931034,0.9944581142702713,MI,[4 1 3 2 5],47.09999999999991,10,4091.6000000000167,0.0,False,4
23,0,1,[3 1 4 2 5],2572.000000000011,0.5035056370068965,0.4964943629931034,0.29966144573150477,SI,[4 1 3 2 5],47.09999999999991,10,4091.6000000000167,0.0,False,4
23,0,2,[3 1 4 2 5],2572.000000000011,0.5035056370068965,0.4964943629931034,0.0817820157298349,SI,[1 3 4 2 5],112.69999999999999,10,3566.5000000000255,0.0,False,4
23,0,3,[3 1 4 2 5],2572.000000000011,0.5035056370068965,0.4964943629931034,0.1521682031526449,SI,[4 1 3 2 5],47.09999999999991,10,4091.6000000000167,0.0,False,4
23,0,4,[3 1 4 2 5],2572.000000000011,0.5035056370068965,0.4964943629931034,0.43930901617939755,SI,[5 2 4 1 3],115.9,10,4486.500000000022,0.0,False,4
24,0,0,[3 1 4 2 5],2572.000000000011,0.5035056370068965,0.4964943629931034,0.20544180511328625,SI,[4 1 3 2 5],47.09999999999991,10,4091.6000000000167,0.0,False,4
24,0,1,[3 1 4 2 5],2572.000000000011,0.5035056370068965,0.4964943629931034,0.4149393188090684,SI,[4 1 3 2 5],47.09999999999991,10,4091.6000000000167,0.0,False,4
24,0,2,[3 1 4 2 5],2572.000000000011,0.5035056370068965,0.4964943629931034,0.24512399813704733,SI,[3 1 4 5 2],65.59999999999997,10,2767.400000000016,0.0,False,4
24,0,3,[3 1 4 2 5],2572.000000000011,0.5035056370068965,0.4964943629931034,0.9700754501599862,MI,[5 2 4 1 3],115.9,10,4486.500000000022,0.0,False,4
24,0,4,[3 1 4 2 5],2572.000000000011,0.5035056370068965,0.4964943629931034,0.2661439530130031,SI,[3 4 1 2 5],48.60000000000002,10,3351.000000000022,0.0,False,4
25,0,0,[3 1 4 2 5],2572.000000000011,0.5035056370068965,0.4964943629931034,0.8753520348919881,MI,[4 1 3 2 5],47.09999999999991,10,4091.6000000000167,0.0,False,4
25,0,1,[3 1 4 2 5],2572.000000000011,0.5035056370068965,0.4964943629931034,0.5562184317463965,MI,[4 1 3 2 5],47.09999999999991,10,4091.6000000000167,0.0,False,4
25,0,2,[3 1 4 2 5],2572.000000000011,0.5035056370068965,0.4964943629931034,0.2988493999214713,SI,[3 4 1 2 5],48.60000000000002,10,3351.000000000022,0.0,False,4
25,0,3,[3 1 4 2 5],2572.000000000011,0.5035056370068965,0.4964943629931034,0.6163413227862201,MI,[4 1 3 2 5],47.09999999999991,10,4091.6000000000167,0.0,False,4
25,0,4,[3 1 4 2 5],2572.000000000011,0.5035056370068965,0.4964943629931034,0.6959013600369717,MI,[4 1 3 2 5],47.09999999999991,10,4091.6000000000167,0.0,False,4
26,0,0,[3 1 4 2 5],2572.000000000011,0.5035056370068965,0.4964943629931034,0.5316479286807464,MI,[4 1 3 2 5],47.09999999999991,10,4091.6000000000167,0.0,False,4
26,0,1,[3 1 4 2 5],2572.000000000011,0.5035056370068965,0.4964943629931034,0.130441301759173,SI,[4 1 3 2 5],47.09999999999991,10,4091.6000000000167,0.0,False,4
26,0,2,[3 1 4 2 5],2572.000000000011,0.5035056370068965,0.4964943629931034,0.44997976704565057,SI,[4 1 3 2 5],47.09999999999991,10,4091.6000000000167,0.0,False,4
26,0,3,[3 1 4 2 5],2572.000000000011,0.5035056370068965,0.4964943629931034,0.1373702716292634,SI,[4 1 3 2 5],47.09999999999991,10,4091.6000000000167,0.0,False,4
26,0,4,[3 1 4 2 5],2572.000000000011,0.5035056370068965,0.4964943629931034,0.9896547750782108,MI,[4 1 3 2 5],47.09999999999991,10,4091.6000000000167,0.0,False,4
27,0,0,[3 1 4 2 5],2572.000000000011,0.5035056370068965,0.4964943629931034,0.6573466594804867,MI,[4 1 3 2 5],47.09999999999991,10,4091.6000000000167,0.0,False,4
27,0,1,[3 1 4 2 5],2572.000000000011,0.5035056370068965,0.4964943629931034,0.38522725500509436,SI,[4 1 3 2 5],47.09999999999991,10,4091.6000000000167,0.0,False,4
27,0,2,[3 1 4 2 5],2572.000000000011,0.5035056370068965,0.4964943629931034,0.9607982159579208,MI,[4 1 3 2 5],47.09999999999991,10,4091.6000000000167,0.0,False,4
27,0,3,[3 1 4 2 5],2572.000000000011,0.5035056370068965,0.4964943629931034,0.94302299465127,MI,[4 1 3 2 5],47.09999999999991,10,4091.6000000000167,0.0,False,4
27,0,4,[3 1 4 2 5],2572.000000000011,0.5035056370068965,0.4964943629931034,0.4766570054047752,SI,[4 1 3 2 5],47.09999999999991,10,4091.6000000000167,0.0,False,4
28,0,0,[3 1 4 2 5],2572.000000000011,0.5035056370068965,0.4964943629931034,0.24044961066486314,SI,[4 1 3 2 5],47.09999999999991,10,4091.6000000000167,0.0,False,4
28,0,1,[3 1 4 2 5],2572.000000000011,0.5035056370068965,0.4964943629931034,0.3472609982597792,SI,[4 1 3 2 5],47.09999999999991,10,4091.6000000000167,0.0,False,4
28,0,2,[3 1 4 2 5],2572.000000000011,0.5035056370068965,0.4964943629931034,0.915195837529504,MI,[4 1 3 2 5],47.09999999999991,10,4091.6000000000167,0.0,False,4
28,0,3,[3 1 4 2 5],2572.000000000011,0.5035056370068965,0.4964943629931034,0.22004620540853082,SI,[3 1 4 5 2],65.59999999999997,10,2767.400000000016,0.0,False,4
28,0,4,[3 1 4 2 5],2572.000000000011,0.5035056370068965,0.4964943629931034,0.25398822454286396,SI,[4 1 3 2 5],47.09999999999991,10,4091.6000000000167,0.0,False,4
29,0,0,[3 1 4 2 5],2572.000000000011,0.5035056370068965,0.4964943629931034,0.9750508217311036,MI,[4 1 3 2 5],47.09999999999991,10,4091.6000000000167,0.0,False,4
29,0,1,[3 1 4 2 5],2572.000000000011,0.5035056370068965,0.4964943629931034,0.4672768237764581,SI,[4 1 3 2 5],47.09999999999991,10,4091.6000000000167,0.0,False,4
29,0,2,[3 1 4 2 5],2572.000000000011,0.5035056370068965,0.4964943629931034,0.5010125085159907,SI,[4 1 3 2 5],47.09999999999991,10,4091.6000000000167,0.0,False,4
29,0,3,[3 1 4 2 5],2572.000000000011,0.5035056370068965,0.4964943629931034,0.25809979333438027,SI,[4 1 3 2 5],47.09999999999991,10,4091.6000000000167,0.0,False,4
29,0,4,[3 1 4 2 5],2572.000000000011,0.5035056370068965,0.4964943629931034,0.6546898877253967,MI,[4 1 3 2 5],47.09999999999991,10,4091.6000000000167,0.0,False,4
30,0,0,[3 1 4 2 5],2572.000000000011,0.5035056370068965,0.4964943629931034,0.2700617277308569,SI,[3 4 1 2 5],48.60000000000002,10,3351.000000000022,0.0,False,4
30,0,1,[3 1 4 2 5],2572.000000000011,0.5035056370068965,0.4964943629931034,0.5440714328813878,MI,[4 1 3 2 5],47.09999999999991,10,4091.6000000000167,0.0,False,4
30,0,2,[3 1 4 2 5],2572.000000000011,0.5035056370068965,0.4964943629931034,0.814701619404549,MI,[4 1 3 2 5],47.09999999999991,10,4091.6000000000167,0.0,False,4
30,0,3,[3 1 4 2 5],2572.000000000011,0.5035056370068965,0.4964943629931034,0.08734638524409888,SI,[3 4 1 2 5],48.60000000000002,10,3351.000000000022,0.0,False,4
30,0,4,[3 1 4 2 5],2572.000000000011,0.5035056370068965,0.4964943629931034,0.01676808454987866,SI,[3 2 4 1 5],318.3999999999999,10,4421.3000000000175,0.0,False,4
31,0,0,[3 1 4 2 5],2572.000000000011,0.5035056370068965,0.4964943629931034,0.018729051912480865,SI,[3 1 4 5 2],65.59999999999997,10,2767.400000000016,0.0,False,4
31,0,1,[3 1 4 2 5],2572.000000000011,0.5035056370068965,0.4964943629931034,0.2639072907640253,SI,[3 4 1 2 5],48.60000000000002,10,3351.000000000022,0.0,False,4
31,0,2,[3 1 4 2 5],2572.000000000011,0.5035056370068965,0.4964943629931034,0.06991696018287863,SI,[3 4 1 2 5],48.60000000000002,10,3351.000000000022,0.0,False,4
31,0,3,[3 1 4 2 5],2572.000000000011,0.5035056370068965,0.4964943629931034,0.09335418864006517,SI,[3 4 1 2 5],48.60000000000002,10,3351.000000000022,0.0,False,4
31,0,4,[3 1 4 2 5],2572.000000000011,0.5035056370068965,0.4964943629931034,0.39265380314688747,SI,[3 4 1 2 5],48.60000000000002,10,3351.000000000022,0.0,False,4
32,0,0,[3 1 4 2 5],2572.000000000011,0.5035056370068965,0.4964943629931034,0.44679628015698225,SI,[3 1 4 5 2],65.59999999999997,10,2767.400000000016,0.0,False,4
32,0,1,[3 1 4 2 5],2572.000000000011,0.5035056370068965,0.4964943629931034,0.7874858722043041,MI,[4 1 3 2 5],47.09999999999991,10,4091.6000000000167,0.0,False,4
32,0,2,[3 1 4 2 5],2572.000000000011,0.5035056370068965,0.4964943629931034,0.927871649411916,MI,[4 1 3 2 5],47.09999999999991,10,4091.6000000000167,0.0,False,4
32,0,3,[3 1 4 2 5],2572.000000000011,0.5035056370068965,0.4964943629931034,0.7511958963444573,MI,[4 1 3 2 5],47.09999999999991,10,4091.6000000000167,0.0,False,4
32,0,4,[3 1 4 2 5],2572.000000000011,0.5035056370068965,0.4964943629931034,0.9898402020858053,MI,[4 1 3 2 5],47.09999999999991,10,4091.6000000000167,0.0,False,4
33,0,0,[3 1 4 2 5],2572.000000000011,0.5035056370068965,0.4964943629931034,0.22987079921382603,SI,[3 1 4 5 2],65.59999999999997,10,2767.400000000016,0.0,False,4
33,0,1,[3 1 4 2 5],2572.000000000011,0.5035056370068965,0.4964943629931034,0.18527026598266427,SI,[4 1 3 2 5],47.09999999999991,10,4091.6000000000167,0.0,False,4
33,0,2,[3 1 4 2 5],2572.000000000011,0.5035056370068965,0.4964943629931034,0.515008581386092,MI,[5 2 4 1 3],115.9,10,4486.500000000022,0.0,False,4
33,0,3,[3 1 4 2 5],2572.000000000011,0.5035056370068965,0.4964943629931034,0.4789307434893081,SI,[3 4 1 2 5],48.60000000000002,10,3351.000000000022,0.0,False,4
33,0,4,[3 1 4 2 5],2572.000000000011,0.5035056370068965,0.4964943629931034,0.6730528390883767,MI,[4 1 3 2 5],47.09999999999991,10,4091.6000000000167,0.0,False,4
34,0,0,[3 1 4 2 5],2572.000000000011,0.5035056370068965,0.4964943629931034,0.980550986114227,MI,[4 1 3 2 5],47.09999999999991,10,4091.6000000000167,0.0,False,4
34,0,1,[3 1 4 2 5],2572.000000000011,0.5035056370068965,0.4964943629931034,0.22358728457247168,SI,[4 1 3 2 5],47.09999999999991,10,4091.6000000000167,0.0,False,4
34,0,2,[3 1 4 2 5],2572.000000000011,0.5035056370068965,0.4964943629931034,0.0027026966522877283,SI,[4 1 3 2 5],47.09999999999991,10,4091.6000000000167,0.0,False,4
34,0,3,[3 1 4 2 5],2572.000000000011,0.5035056370068965,0.4964943629931034,0.35965927580435253,SI,[4 1 3 2 5],47.09999999999991,10,4091.6000000000167,0.0,False,4
34,0,4,[3 1 4 2 5],2572.000000000011,0.5035056370068965,0.4964943629931034,0.16053762957944817,SI,[3 4 1 2 5],48.60000000000002,10,3351.000000000022,0.0,False,4
35,0,0,[3 1 4 2 5],2572.000000000011,0.5035056370068965,0.4964943629931034,0.4962485528321424,SI,[4 1 3 2 5],47.09999999999991,10,4091.6000000000167,0.0,False,4
35,0,1,[3 1 4 2 5],2572.000000000011,0.5035056370068965,0.4964943629931034,0.13851200344530867,SI,[3 4 1 2 5],48.60000000000002,10,3351.000000000022,0.0,False,4
35,0,2,[3 1 4 2 5],2572.000000000011,0.5035056370068965,0.4964943629931034,0.9179006975338521,MI,[5 2 4 1 3],115.9,10,4486.500000000022,0.0,False,4
35,0,3,[3 1 4 2 5],2572.000000000011,0.5035056370068965,0.4964943629931034,0.04660609753626577,SI,[4 1 3 2 5],47.09999999999991,10,4091.6000000000167,0.0,False,4
35,0,4,[3 1 4 2 5],2572.000000000011,0.5035056370068965,0.4964943629931034,0.08092596825766085,SI,[3 4 1 2 5],48.60000000000002,10,3351.000000000022,0.0,False,4
36,0,0,[3 1 4 2 5],2572.000000000011,0.5035056370068965,0.4964943629931034,0.05669169799286755,SI,[4 1 3 2 5],47.09999999999991,10,4091.6000000000167,0.0,False,4
36,0,1,[3 1 4 2 5],2572.000000000011,0.5035056370068965,0.4964943629931034,0.39777711235802193,SI,[4 1 3 2 5],47.09999999999991,10,4091.6000000000167,0.0,False,4
36,0,2,[3 1 4 2 5],2572.000000000011,0.5035056370068965,0.4964943629931034,0.17743068198632594,SI,[3 4 1 2 5],48.60000000000002,10,3351.000000000022,0.0,False,4
36,0,3,[3 1 4 2 5],2572.000000000011,0.5035056370068965,0.4964943629931034,0.36502785978973495,SI,[3 4 1 2 5],48.60000000000002,10,3351.000000000022,0.0,False,4
36,0,4,[3 1 4 2 5],2572.000000000011,0.5035056370068965,0.4964943629931034,0.6852567062924451,MI,[5 2 4 1 3],115.9,10,4486.500000000022,0.0,False,4
37,0,0,[3 1 4 2 5],2572.000000000011,0.5035056370068965,0.4964943629931034,0.18275618206662825,SI,[4 1 3 2 5],47.09999999999991,10,4091.6000000000167,0.0,False,4
37,0,1,[3 1 4 2 5],2572.000000000011,0.5035056370068965,0.4964943629931034,0.8144095566696854,MI,[4 1 3 2 5],47.09999999999991,10,4091.6000000000167,0.0,False,4
37,0,2,[3 1 4 2 5],2572.000000000011,0.5035056370068965,0.4964943629931034,0.6167449239238817,MI,[4 1 3 2 5],47.09999999999991,10,4091.6000000000167,0.0,False,4
37,0,3,[3 1 4 2 5],2572.000000000011,0.5035056370068965,0.4964943629931034,0.21106575024737906,SI,[4 1 3 2 5],47.09999999999991,10,4091.6000000000167,0.0,False,4
37,0,4,[3 1 4 2 5],2572.000000000011,0.5035056370068965,0.4964943629931034,0.9080126589121911,MI,[4 1 3 2 5],47.09999999999991,10,4091.6000000000167,0.0,False,4
38,0,0,[3 1 4 2 5],2572.000000000011,0.5035056370068965,0.4964943629931034,0.9240454246570013,MI,[4 1 3 2 5],47.09999999999991,10,4091.6000000000167,0.0,False,4
38,0,1,[3 1 4 2 5],2572.000000000011,0.5035056370068965,0.4964943629931034,0.7904790319275725,MI,[4 1 3 2 5],47.09999999999991,10,4091.6000000000167,0.0,False,4
38,0,2,[3 1 4 2 5],2572.000000000011,0.5035056370068965,0.4964943629931034,0.35586283007219843,SI,[3 1 4 5 2],65.59999999999997,10,2767.400000000016,0.0,False,4
38,0,3,[3 1 4 2 5],2572.000000000011,0.5035056370068965,0.4964943629931034,0.6846782822944067,MI,[4 1 3 2 5],47.09999999999991,10,4091.6000000000167,0.0,False,4
38,0,4,[3 1 4 2 5],2572.000000000011,0.5035056370068965,0.4964943629931034,0.6439447310028856,MI,[4 1 3 2 5],47.09999999999991,10,4091.6000000000167,0.0,False,4
39,0,0,[3 1 4 2 5],2572.000000000011,0.5035056370068965,0.4964943629931034,0.020872304408274256,SI,[4 1 3 2 5],47.09999999999991,10,4091.6000000000167,0.0,False,4
39,0,1,[3 1 4 2 5],2572.000000000011,0.5035056370068965,0.4964943629931034,0.7698900450659545,MI,[4 1 3 2 5],47.09999999999991,10,4091.6000000000167,0.0,False,4
39,0,2,[3 1 4 2 5],2572.000000000011,0.5035056370068965,0.4964943629931034,0.5062994667915588,MI,[4 1 3 2 5],47.09999999999991,10,4091.6000000000167,0.0,False,4
39,0,3,[3 1 4 2 5],2572.000000000011,0.5035056370068965,0.4964943629931034,0.4531208136766769,SI,[3 4 1 2 5],48.60000000000002,10,3351.000000000022,0.0,False,4
39,0,4,[3 1 4 2 5],2572.000000000011,0.5035056370068965,0.4964943629931034,0.012155262839831038,SI,[3 1 4 5 2],65.59999999999997,10,2767.400000000016,0.0,False,4
40,0,0,[3 1 4 2 5],2572.000000000011,0.5035056370068965,0.4964943629931034,0.29533951125260827,SI,[4 1 3 2 5],47.09999999999991,10,4091.6000000000167,0.0,False,4
40,0,1,[3 1 4 2 5],2572.000000000011,0.5035056370068965,0.4964943629931034,0.5461110842027411,MI,[4 1 3 2 5],47.09999999999991,10,4091.6000000000167,0.0,False,4
40,0,2,[3 1 4 2 5],2572.000000000011,0.5035056370068965,0.4964943629931034,0.7981008325687806,MI,[4 1 3 2 5],47.09999999999991,10,4091.6000000000167,0.0,False,4
40,0,3,[3 1 4 2 5],2572.000000000011,0.5035056370068965,0.4964943629931034,0.46605525907759937,SI,[3 4 1 2 5],48.60000000000002,10,3351.000000000022,0.0,False,4
40,0,4,[3 1 4 2 5],2572.000000000011,0.5035056370068965,0.4964943629931034,0.21832434139523127,SI,[3 1 4 5 2],65.59999999999997,10,2767.400000000016,0.0,False,4
41,0,0,[3 1 4 2 5],2572.000000000011,0.5035056370068965,0.4964943629931034,0.6990103996289732,MI,[4 1 3 2 5],47.09999999999991,10,4091.6000000000167,0.0,False,4
41,0,1,[3 1 4 2 5],2572.000000000011,0.5035056370068965,0.4964943629931034,0.5280372266386288,MI,[4 1 3 2 5],47.09999999999991,10,4091.6000000000167,0.0,False,4
41,0,2,[3 1 4 2 5],2572.000000000011,0.5035056370068965,0.4964943629931034,0.5058517550882756,MI,[4 1 3 2 5],47.09999999999991,10,4091.6000000000167,0.0,False,4
41,0,3,[3 1 4 2 5],2572.000000000011,0.5035056370068965,0.4964943629931034,0.9073674257106746,MI,[4 1 3 2 5],47.09999999999991,10,4091.6000000000167,0.0,False,4
41,0,4,[3 1 4 2 5],2572.000000000011,0.5035056370068965,0.4964943629931034,0.23847883275058324,SI,[3 1 4 5 2],65.59999999999997,10,2767.400000000016,0.0,False,4
42,0,0,[3 1 4 2 5],2572.000000000011,0.5035056370068965,0.4964943629931034,0.13743898598759807,SI,[1 3 4 2 5],112.69999999999999,10,3566.5000000000255,0.0,False,4
42,0,1,[3 1 4 2 5],2572.000000000011,0.5035056370068965,0.4964943629931034,0.5082783932954341,MI,[4 1 3 2 5],47.09999999999991,10,4091.6000000000167,0.0,False,4
42,0,2,[3 1 4 2 5],2572.000000000011,0.5035056370068965,0.4964943629931034,0.8019214664152031,MI,[4 1 3 2 5],47.09999999999991,10,4091.6000000000167,0.0,False,4
42,0,3,[3 1 4 2 5],2572.000000000011,0.5035056370068965,0.4964943629931034,0.07370204154531823,SI,[3 4 1 2 5],48.60000000000002,10,3351.000000000022,0.0,False,4
42,0,4,[3 1 4 2 5],2572.000000000011,0.5035056370068965,0.4964943629931034,0.13105716199208794,SI,[3 1 4 5 2],65.59999999999997,10,2767.400000000016,0.0,False,4
43,0,0,[3 1 4 2 5],2572.000000000011,0.5035056370068965,0.4964943629931034,0.6020038011318268,MI,[4 1 3 2 5],47.09999999999991,10,4091.6000000000167,0.0,False,4
43,0,1,[3 1 4 2 5],2572.000000000011,0.5035056370068965,0.4964943629931034,0.7952518468612398,MI,[4 1 3 2 5],47.09999999999991,10,4091.6000000000167,0.0,False,4
43,0,2,[3 1 4 2 5],2572.000000000011,0.5035056370068965,0.4964943629931034,0.9424811715414011,MI,[4 1 3 2 5],47.09999999999991,10,4091.6000000000167,0.0,False,4
43,0,3,[3 1 4 2 5],2572.000000000011,0.5035056370068965,0.4964943629931034,0.36037533780598685,SI,[3 1 4 5 2],65.59999999999997,10,2767.400000000016,0.0,False,4
43,0,4,[3 1 4 2 5],2572.000000000011,0.5035056370068965,0.4964943629931034,0.6138493074693496,MI,[4 1 3 2 5],47.09999999999991,10,4091.6000000000167,0.0,False,4
44,0,0,[3 1 4 2 5],2572.000000000011,0.5035056370068965,0.4964943629931034,0.21501516455124103,SI,[3 4 1 2 5],48.60000000000002,10,3351.000000000022,0.0,False,4
44,0,1,[3 1 4 2 5],2572.000000000011,0.5035056370068965,0.4964943629931034,0.18364670808976535,SI,[3 4 1 2 5],48.60000000000002,10,3351.000000000022,0.0,False,4
44,0,2,[3 1 4 2 5],2572.000000000011,0.5035056370068965,0.4964943629931034,0.9450901565848885,MI,[4 1 3 2 5],47.09999999999991,10,4091.6000000000167,0.0,False,4
44,0,3,[3 1 4 2 5],2572.000000000011,0.5035056370068965,0.4964943629931034,0.06428263235599085,SI,[4 1 3 2 5],47.09999999999991,10,4091.6000000000167,0.0,False,4
44,0,4,[3 1 4 2 5],2572.000000000011,0.5035056370068965,0.4964943629931034,0.33519746843781306,SI,[3 4 1 2 5],48.60000000000002,10,3351.000000000022,0.0,False,4
45,0,0,[3 1 4 2 5],2572.000000000011,0.5035056370068965,0.4964943629931034,0.4489170627901532,SI,[4 1 3 2 5],47.09999999999991,10,4091.6000000000167,0.0,False,4
45,0,1,[3 1 4 2 5],2572.000000000011,0.5035056370068965,0.4964943629931034,0.48345739635087615,SI,[3 1 4 5 2],65.59999999999997,10,2767.400000000016,0.0,False,4
45,0,2,[3 1 4 2 5],2572.000000000011,0.5035056370068965,0.4964943629931034,0.5661681255902146,MI,[4 1 3 2 5],47.09999999999991,10,4091.6000000000167,0.0,False,4
45,0,3,[3 1 4 2 5],2572.000000000011,0.5035056370068965,0.4964943629931034,0.9678415629038908,MI,[4 1 3 2 5],47.09999999999991,10,4091.6000000000167,0.0,False,4
45,0,4,[3 1 4 2 5],2572.000000000011,0.5035056370068965,0.4964943629931034,0.19739498466559213,SI,[4 1 3 2 5],47.09999999999991,10,4091.6000000000167,0.0,False,4
46,0,0,[3 1 4 2 5],2572.000000000011,0.5035056370068965,0.4964943629931034,0.36309734924882564,SI,[3 4 1 2 5],48.60000000000002,10,3351.000000000022,0.0,False,4
46,0,1,[3 1 4 2 5],2572.000000000011,0.5035056370068965,0.4964943629931034,0.664310576992153,MI,[4 1 3 2 5],47.09999999999991,10,4091.6000000000167,0.0,False,4
46,0,2,[3 1 4 2 5],2572.000000000011,0.5035056370068965,0.4964943629931034,0.3416090245558002,SI,[4 1 3 2 5],47.09999999999991,10,4091.6000000000167,0.0,False,4
46,0,3,[3 1 4 2 5],2572.000000000011,0.5035056370068965,0.4964943629931034,0.9185716273532275,MI,[4 1 3 2 5],47.09999999999991,10,4091.6000000000167,0.0,False,4
46,0,4,[3 1 4 2 5],2572.000000000011,0.5035056370068965,0.4964943629931034,0.28122988954991557,SI,[4 1 3 2 5],47.09999999999991,10,4091.6000000000167,0.0,False,4
47,0,0,[3 1 4 2 5],2572.000000000011,0.5035056370068965,0.4964943629931034,0.1301576956642294,SI,[4 1 3 2 5],47.09999999999991,10,4091.6000000000167,0.0,False,4
47,0,1,[3 1 4 2 5],2572.000000000011,0.5035056370068965,0.4964943629931034,0.16772824413091802,SI,[4 1 3 2 5],47.09999999999991,10,4091.6000000000167,0.0,False,4
47,0,2,[3 1 4 2 5],2572.000000000011,0.5035056370068965,0.4964943629931034,0.9451359938873537,MI,[4 1 3 2 5],47.09999999999991,10,4091.6000000000167,0.0,False,4
47,0,3,[3 1 4 2 5],2572.000000000011,0.5035056370068965,0.4964943629931034,0.22972849583796218,SI,[3 4 1 2 5],48.60000000000002,10,3351.000000000022,0.0,False,4
47,0,4,[3 1 4 2 5],2572.000000000011,0.5035056370068965,0.4964943629931034,0.14062785119456123,SI,[3 4 1 2 5],48.60000000000002,10,3351.000000000022,0.0,False,4
48,0,0,[3 1 4 2 5],2572.000000000011,0.5035056370068965,0.4964943629931034,0.5602534618150443,MI,[4 1 3 2 5],47.09999999999991,10,4091.6000000000167,0.0,False,4
48,0,1,[3 1 4 2 5],2572.000000000011,0.5035056370068965,0.4964943629931034,0.21653765229914046,SI,[4 1 3 2 5],47.09999999999991,10,4091.6000000000167,0.0,False,4
48,0,2,[3 1 4 2 5],2572.000000000011,0.5035056370068965,0.4964943629931034,0.8225554891763346,MI,[4 1 3 2 5],47.09999999999991,10,4091.6000000000167,0.0,False,4
48,0,3,[3 1 4 2 5],2572.000000000011,0.5035056370068965,0.4964943629931034,0.6272368826790368,MI,[4 1 3 2 5],47.09999999999991,10,4091.6000000000167,0.0,False,4
48,0,4,[3 1 4 2 5],2572.000000000011,0.5035056370068965,0.4964943629931034,0.38995038155186057,SI,[4 1 3 2 5],47.09999999999991,10,4091.6000000000167,0.0,False,4
49,0,0,[3 1 4 2 5],2572.000000000011,0.5035056370068965,0.4964943629931034,0.21236185736239888,SI,[4 1 3 2 5],47.09999999999991,10,4091.6000000000167,0.0,False,4
49,0,1,[3 1 4 2 5],2572.000000000011,0.5035056370068965,0.4964943629931034,0.49481724829334917,SI,[1 3 4 2 5],112.69999999999999,10,3566.5000000000255,0.0,False,4
49,0,2,[3 1 4 2 5],2572.000000000011,0.5035056370068965,0.4964943629931034,0.914793669806659,MI,[4 1 3 2 5],47.09999999999991,10,4091.6000000000167,0.0,False,4
49,0,3,[3 1 4 2 5],2572.000000000011,0.5035056370068965,0.4964943629931034,0.780753249762098,MI,[4 1 3 2 5],47.09999999999991,10,4091.6000000000167,0.0,False,4
49,0,4,[3 1 4 2 5],2572.000000000011,0.5035056370068965,0.4964943629931034,0.9175757752404146,MI,[4 1 3 2 5],47.09999999999991,10,4091.6000000000167,0.0,False,4
50,0,0,[3 1 4 2 5],2572.000000000011,0.5035056370068965,0.4964943629931034,0.06772957553299219,SI,[3 4 1 2 5],48.60000000000002,10,3351.000000000022,0.0,False,4
50,0,1,[3 1 4 2 5],2572.000000000011,0.5035056370068965,0.4964943629931034,0.045615006498806676,SI,[4 1 3 2 5],47.09999999999991,10,4091.6000000000167,0.0,False,4
50,0,2,[3 1 4 2 5],2572.000000000011,0.5035056370068965,0.4964943629931034,0.5636115065213527,MI,[4 1 3 2 5],47.09999999999991,10,4091.6000000000167,0.0,False,4
50,0,3,[3 1 4 2 5],2572.000000000011,0.5035056370068965,0.4964943629931034,0.3990889119227031,SI,[1 3 4 2 5],112.69999999999999,10,3566.5000000000255,0.0,False,4
50,0,4,[3 1 4 2 5],2572.000000000011,0.5035056370068965,0.4964943629931034,0.20781431268105977,SI,[3 4 1 2 5],48.60000000000002,10,3351.000000000022,0.0,False,4
51,0,0,[3 1 4 2 5],2572.000000000011,0.5035056370068965,0.4964943629931034,0.3538351886417672,SI,[4 1 3 2 5],47.09999999999991,10,4091.6000000000167,0.0,False,4
51,0,1,[3 1 4 2 5],2572.000000000011,0.5035056370068965,0.4964943629931034,0.03285954837075633,SI,[4 1 3 2 5],47.09999999999991,10,4091.6000000000167,0.0,False,4
51,0,2,[3 1 4 2 5],2572.000000000011,0.5035056370068965,0.4964943629931034,0.5492605952651695,MI,[4 1 3 2 5],47.09999999999991,10,4091.6000000000167,0.0,False,4
51,0,3,[3 1 4 2 5],2572.000000000011,0.5035056370068965,0.4964943629931034,0.3363228686818489,SI,[4 1 3 2 5],47.09999999999991,10,4091.6000000000167,0.0,False,4
51,0,4,[3 1 4 2 5],2572.000000000011,0.5035056370068965,0.4964943629931034,0.24466175302522064,SI,[1 3 4 2 5],112.69999999999999,10,3566.5000000000255,0.0,False,4
0,14,0,[1 2 3 4 5],1371.8999999999287,0.5,0.5,0.8389369187664371,MI,[3 2 1 4 5],-2.4000000000000057,10,1414.8000000000065,0.0,False,5
0,14,1,[1 2 3 4 5],1371.8999999999287,0.5,0.5,0.20406265372861,SI,[2 1 3 4 5],-32.0,10,1342.799999999981,0.021211458561082534,True,5
0,14,2,[2 1 3 4 5],1342.799999999981,0.5,0.5,0.6736029211621093,MI,[5 4 3 1 2],9.099999999999994,10,2656.499999999949,0.0,False,5
0,14,3,[2 1 3 4 5],1342.799999999981,0.5,0.5,0.06410375145581382,SI,[2 1 3 5 4],13.300000000000011,10,1465.299999999992,0.0,False,5
0,14,4,[2 1 3 4 5],1342.799999999981,0.5,0.5,0.47720031325605994,SI,[5 4 3 1 2],9.099999999999994,10,2656.499999999949,0.0,False,5
1,0,0,[2 1 3 4 5],1342.799999999981,0.5010583280598755,0.49894167194012445,0.9938568404304995,MI,[5 4 3 1 2],9.099999999999994,10,2656.499999999949,0.0,False,5
1,0,1,[2 1 3 4 5],1342.799999999981,0.5010583280598755,0.49894167194012445,0.11483208328303107,SI,[2 1 3 5 4],13.300000000000011,10,1465.299999999992,0.0,False,5
1,0,2,[2 1 3 4 5],1342.799999999981,0.5010583280598755,0.49894167194012445,0.30065394161517023,SI,[5 4 3 1 2],9.099999999999994,10,2656.499999999949,0.0,False,5
1,0,3,[2 1 3 4 5],1342.799999999981,0.5010583280598755,0.49894167194012445,0.01296177454519254,SI,[2 1 3 5 4],13.300000000000011,10,1465.299999999992,0.0,False,5
1,0,4,[2 1 3 4 5],1342.799999999981,0.5010583280598755,0.49894167194012445,0.9724736275651626,MI,[5 4 3 1 2],9.099999999999994,10,2656.499999999949,0.0,False,5
2,0,0,[2 1 3 4 5],1342.799999999981,0.5010583280598755,0.49894167194012445,0.9436183587752291,MI,[5 4 3 1 2],9.099999999999994,10,2656.499999999949,0.0,False,5
2,0,1,[2 1 3 4 5],1342.799999999981,0.5010583280598755,0.49894167194012445,0.05176398140433214,SI,[5 4 3 1 2],9.099999999999994,10,2656.499999999949,0.0,False,5
2,0,2,[2 1 3 4 5],1342.799999999981,0.5010583280598755,0.49894167194012445,0.35407749768289043,SI,[5 4 3 1 2],9.099999999999994,10,2656.499999999949,0.0,False,5
2,0,3,[2 1 3 4 5],1342.799999999981,0.5010583280598755,0.49894167194012445,0.796278536702337,MI,[5 4 3 1 2],9.099999999999994,10,2656.499999999949,0.0,False,5
2,0,4,[2 1 3 4 5],1342.799999999981,0.5010583280598755,0.49894167194012445,0.5344613245959214,MI,[5 4 3 1 2],9.099999999999994,10,2656.499999999949,0.0,False,5
3,0,0,[2 1 3 4 5],1342.799999999981,0.5010583280598755,0.49894167194012445,0.5557072850703404,MI,[5 4 3 1 2],9.099999999999994,10,2656.499999999949,0.0,False,5
3,0,1,[2 1 3 4 5],1342.799999999981,0.5010583280598755,0.49894167194012445,0.956291568687884,MI,[5 4 3 1 2],9.099999999999994,10,2656.499999999949,0.0,False,5
3,0,2,[2 1 3 4 5],1342.799999999981,0.5010583280598755,0.49894167194012445,0.5462135734856604,MI,[5 4 3 1 2],9.099999999999994,10,2656.499999999949,0.0,False,5
3,0,3,[2 1 3 4 5],1342.799999999981,0.5010583280598755,0.49894167194012445,0.29257692488122644,SI,[5 4 3 1 2],9.099999999999994,10,2656.499999999949,0.0,False,5
3,0,4,[2 1 3 4 5],1342.799999999981,0.5010583280598755,0.49894167194012445,0.4083506898354915,SI,[2 3 1 4 5],27.599999999999994,10,1394.0000000000218,0.0,False,5
4,0,0,[2 1 3 4 5],1342.799999999981,0.5010583280598755,0.49894167194012445,0.3530410576162786,SI,[5 4 3 1 2],9.099999999999994,10,2656.499999999949,0.0,False,5
4,0,1,[2 1 3 4 5],1342.799999999981,0.5010583280598755,0.49894167194012445,0.7479983688037053,MI,[3 1 2 4 5],11.5,10,1423.5,0.0,False,5
4,0,2,[2 1 3 4 5],1342.799999999981,0.5010583280598755,0.49894167194012445,0.06159186555913709,SI,[2 3 1 4 5],27.599999999999994,10,1394.0000000000218,0.0,False,5
4,0,3,[2 1 3 4 5],1342.799999999981,0.5010583280598755,0.49894167194012445,0.14382952052713838,SI,[5 4 3 1 2],9.099999999999994,10,2656.499999999949,0.0,False,5
4,0,4,[2 1 3 4 5],1342.799999999981,0.5010583280598755,0.49894167194012445,0.5076228282718646,MI,[5 4 3 1 2],9.099999999999994,10,2656.499999999949,0.0,False,5
5,0,0,[2 1 3 4 5],1342.799999999981,0.5010583280598755,0.49894167194012445,0.26337003991081964,SI,[5 4 3 1 2],9.099999999999994,10,2656.499999999949,0.0,False,5
5,0,1,[2 1 3 4 5],1342.799999999981,0.5010583280598755,0.49894167194012445,0.23084732084770476,SI,[5 4 3 1 2],9.099999999999994,10,2656.499999999949,0.0,False,5
5,0,2,[2 1 3 4 5],1342.799999999981,0.5010583280598755,0.49894167194012445,0.9905291199351379,MI,[5 4 3 1 2],9.099999999999994,10,2656.499999999949,0.0,False,5
5,0,3,[2 1 3 4 5],1342.799999999981,0.5010583280598755,0.49894167194012445,0.964363229978854,MI,[5 4 3 1 2],9.099999999999994,10,2656.499999999949,0.0,False,5
5,0,4,[2 1 3 4 5],1342.799999999981,0.5010583280598755,0.49894167194012445,0.5595127683747383,MI,[5 4 3 1 2],9.099999999999994,10,2656.499999999949,0.0,False,5
6,0,0,[2 1 3 4 5],1342.799999999981,0.5010583280598755,0.49894167194012445,0.22060262951570353,SI,[5 4 3 1 2],9.099999999999994,10,2656.499999999949,0.0,False,5
6,0,1,[2 1 3 4 5],1342.799999999981,0.5010583280598755,0.49894167194012445,0.7191220651930832,MI,[5 4 3 1 2],9.099999999999994,10,2656.499999999949,0.0,False,5
6,0,2,[2 1 3 4 5],1342.799999999981,0.5010583280598755,0.49894167194012445,0.6955942853701297,MI,[5 4 3 1 2],9.099999999999994,10,2656.499999999949,0.0,False,5
6,0,3,[2 1 3 4 5],1342.799999999981,0.5010583280598755,0.49894167194012445,0.47147115399576933,SI,[5 4 3 1 2],9.099999999999994,10,2656.499999999949,0.0,False,5
6,0,4,[2 1 3 4 5],1342.799999999981,0.5010583280598755,0.49894167194012445,0.29154201482448006,SI,[5 4 3 1 2],9.099999999999994,10,2656.499999999949,0.0,False,5
7,0,0,[2 1 3 4 5],1342.799999999981,0.5010583280598755,0.49894167194012445,0.8743519045666,MI,[5 4 3 1 2],9.099999999999994,10,2656.499999999949,0.0,False,5
7,0,1,[2 1 3 4 5],1342.799999999981,0.5010583280598755,0.49894167194012445,0.10512268211893172,SI,[5 4 3 1 2],9.099999999999994,10,2656.499999999949,0.0,False,5
7,0,2,[2 1 3 4 5],1342.799999999981,0.5010583280598755,0.49894167194012445,0.3470234750008554,SI,[5 4 3 1 2],9.099999999999994,10,2656.499999999949,0.0,False,5
7,0,3,[2 1 3 4 5],1342.799999999981,0.5010583280598755,0.49894167194012445,0.12503268155073288,SI,[3 1 2 4 5],11.5,10,1423.5,0.0,False,5
7,0,4,[2 1 3 4 5],1342.799999999981,0.5010583280598755,0.49894167194012445,0.34334783526173673,SI,[3 1 2 4 5],11.5,10,1423.5,0.0,False,5
8,0,0,[2 1 3 4 5],1342.799999999981,0.5010583280598755,0.49894167194012445,0.6691036376850114,MI,[5 4 3 1 2],9.099999999999994,10,2656.499999999949,0.0,False,5
8,0,1,[2 1 3 4 5],1342.799999999981,0.5010583280598755,0.49894167194012445,0.8355052282633476,MI,[5 4 3 1 2],9.099999999999994,10,2656.499999999949,0.0,False,5
8,0,2,[2 1 3 4 5],1342.799999999981,0.5010583280598755,0.49894167194012445,0.7317304276395183,MI,[5 4 3 1 2],9.099999999999994,10,2656.499999999949,0.0,False,5
8,0,3,[2 1 3 4 5],1342.799999999981,0.5010583280598755,0.49894167194012445,0.036292927939725605,SI,[3 1 2 4 5],11.5,10,1423.5,0.0,False,5
8,0,4,[2 1 3 4 5],1342.799999999981,0.5010583280598755,0.49894167194012445,0.07735415035249271,SI,[5 4 3 1 2],9.099999999999994,10,2656.499999999949,0.0,False,5
9,0,0,[2 1 3 4 5],1342.799999999981,0.5010583280598755,0.49894167194012445,0.7997047070132172,MI,[5 4 3 1 2],9.099999999999994,10,2656.499999999949,0.0,False,5
9,0,1,[2 1 3 4 5],1342.799999999981,0.5010583280598755,0.49894167194012445,0.03190662023187085,SI,[5 4 3 1 2],9.099999999999994,10,2656.499999999949,0.0,False,5
9,0,2,[2 1 3 4 5],1342.799999999981,0.5010583280598755,0.49894167194012445,0.6252264659404413,MI,[5 4 3 1 2],9.099999999999994,10,2656.499999999949,0.0,False,5
9,0,3,[2 1 3 4 5],1342.799999999981,0.5010583280598755,0.49894167194012445,0.6540306057639262,MI,[3 1 2 4 5],11.5,10,1423.5,0.0,False,5
9,0,4,[2 1 3 4 5],1342.799999999981,0.5010583280598755,0.49894167194012445,0.45589293227632444,SI,[5 4 3 1 2],9.099999999999994,10,2656.499999999949,0.0,False,5
10,0,0,[2 1 3 4 5],1342.799999999981,0.5010583280598755,0.49894167194012445,0.625733342712318,MI,[5 4 3 1 2],9.099999999999994,10,2656.499999999949,0.0,False,5
10,0,1,[2 1 3 4 5],1342.799999999981,0.5010583280598755,0.49894167194012445,0.6618349052861568,MI,[5 4 3 1 2],9.099999999999994,10,2656.499999999949,0.0,False,5
10,0,2,[2 1 3 4 5],1342.799999999981,0.5010583280598755,0.49894167194012445,0.018265949596807718,SI,[5 4 3 1 2],9.099999999999994,10,2656.499999999949,0.0,False,5
10,0,3,[2 1 3 4 5],1342.799999999981,0.5010583280598755,0.49894167194012445,0.21512967364524638,SI,[3 1 2 4 5],11.5,10,1423.5,0.0,False,5
10,0,4,[2 1 3 4 5],1342.799999999981,0.5010583280598755,0.49894167194012445,0.5515463162497863,MI,[5 4 3 1 2],9.099999999999994,10,2656.499999999949,0.0,False,5
11,0,0,[2 1 3 4 5],1342.799999999981,0.5010583280598755,0.49894167194012445,0.2590876601154848,SI,[5 4 3 1 2],9.099999999999994,10,2656.499999999949,0.0,False,5
11,0,1,[2 1 3 4 5],1342.799999999981,0.5010583280598755,0.49894167194012445,0.07249084710221754,SI,[5 4 3 1 2],9.099999999999994,10,2656.499999999949,0.0,False,5
11,0,2,[2 1 3 4 5],1342.799999999981,0.5010583280598755,0.49894167194012445,0.7764298477569562,MI,[3 1 2 4 5],11.5,10,1423.5,0.0,False,5
11,0,3,[2 1 3 4 5],1342.799999999981,0.5010583280598755,0.49894167194012445,0.9532620240478253,MI,[5 4 3 1 2],9.099999999999994,10,2656.499999999949,0.0,False,5
11,0,4,[2 1 3 4 5],1342.799999999981,0.5010583280598755,0.49894167194012445,0.9893570756733766,MI,[5 4 3 1 2],9.099999999999994,10,2656.499999999949,0.0,False,5
12,0,0,[2 1 3 4 5],1342.799999999981,0.5010583280598755,0.49894167194012445,0.387537169716219,SI,[3 1 2 4 5],11.5,10,1423.5,0.0,False,5
12,0,1,[2 1 3 4 5],1342.799999999981,0.5010583280598755,0.49894167194012445,0.6241216049084239,MI,[5 4 3 1 2],9.099999999999994,10,2656.499999999949,0.0,False,5
12,0,2,[2 1 3 4 5],1342.799999999981,0.5010583280598755,0.49894167194012445,0.3188290990056133,SI,[5 4 3 1 2],9.099999999999994,10,2656.499999999949,0.0,False,5
12,0,3,[2 1 3 4 5],1342.799999999981,0.5010583280598755,0.49894167194012445,0.9758621002995908,MI,[5 4 3 1 2],9.099999999999994,10,2656.499999999949,0.0,False,5
12,0,4,[2 1 3 4 5],1342.799999999981,0.5010583280598755,0.49894167194012445,0.36314966152511086,SI,[5 4 3 1 2],9.099999999999994,10,2656.499999999949,0.0,False,5
13,0,0,[2 1 3 4 5],1342.799999999981,0.5010583280598755,0.49894167194012445,0.6698466901809803,MI,[5 4 3 1 2],9.099999999999994,10,2656.499999999949,0.0,False,5
13,0,1,[2 1 3 4 5],1342.799999999981,0.5010583280598755,0.49894167194012445,0.9594953412953244,MI,[2 1 5 4 3],96.29999999999998,10,2015.8999999999796,0.0,False,5
13,0,2,[2 1 3 4 5],1342.799999999981,0.5010583280598755,0.49894167194012445,0.4252330899040325,SI,[3 1 2 4 5],11.5,10,1423.5,0.0,False,5
13,0,3,[2 1 3 4 5],1342.799999999981,0.5010583280598755,0.49894167194012445,0.4134283522248653,SI,[2 1 5 4 3],96.29999999999998,10,2015.8999999999796,0.0,False,5
13,0,4,[2 1 3 4 5],1342.799999999981,0.5010583280598755,0.49894167194012445,0.08747788332616857,SI,[5 4 3 1 2],9.099999999999994,10,2656.499999999949,0.0,False,5
14,0,0,[2 1 3 4 5],1342.799999999981,0.5010583280598755,0.49894167194012445,0.934805224606078,MI,[5 4 3 1 2],9.099999999999994,10,2656.499999999949,0.0,False,5
14,0,1,[2 1 3 4 5],1342.799999999981,0.5010583280598755,0.49894167194012445,0.5335420397232968,MI,[5 4 3 1 2],9.099999999999994,10,2656.499999999949,0.0,False,5
14,0,2,[2 1 3 4 5],1342.799999999981,0.5010583280598755,0.49894167194012445,0.8829325805830396,MI,[5 4 3 1 2],9.099999999999994,10,2656.499999999949,0.0,False,5
14,0,3,[2 1 3 4 5],1342.799999999981,0.5010583280598755,0.49894167194012445,0.3849787569709552,SI,[5 4 3 1 2],9.099999999999994,10,2656.499999999949,0.0,False,5
14,0,4,[2 1 3 4 5],1342.799999999981,0.5010583280598755,0.49894167194012445,0.07606414047850907,SI,[3 1 2 4 5],11.5,10,1423.5,0.0,False,5
15,0,0,[2 1 3 4 5],1342.799999999981,0.5010583280598755,0.49894167194012445,0.13614001309252488,SI,[2 3 1 4 5],27.599999999999994,10,1394.0000000000218,0.0,False,5
15,0,1,[2 1 3 4 5],1342.799999999981,0.5010583280598755,0.49894167194012445,0.9201583268747677,MI,[5 4 3 1 2],9.099999999999994,10,2656.499999999949,0.0,False,5
15,0,2,[2 1 3 4 5],1342.799999999981,0.5010583280598755,0.49894167194012445,0.5349864163837217,MI,[3 1 2 4 5],11.5,10,1423.5,0.0,False,5
15,0,3,[2 1 3 4 5],1342.799999999981,0.5010583280598755,0.49894167194012445,0.8787702131447535,MI,[5 4 3 1 2],9.099999999999994,10,2656.499999999949,0.0,False,5
15,0,4,[2 1 3 4 5],1342.799999999981,0.5010583280598755,0.49894167194012445,0.19095614271110595,SI,[3 1 2 4 5],11.5,10,1423.5,0.0,False,5
16,0,0,[2 1 3 4 5],1342.799999999981,0.5010583280598755,0.49894167194012445,0.16444300455112548,SI,[5 4 3 1 2],9.099999999999994,10,2656.499999999949,0.0,False,5
16,0,1,[2 1 3 4 5],1342.799999999981,0.5010583280598755,0.49894167194012445,0.8274683953408795,MI,[5 4 3 1 2],9.099999999999994,10,2656.499999999949,0.0,False,5
16,0,2,[2 1 3 4 5],1342.799999999981,0.5010583280598755,0.49894167194012445,0.680505749446723,MI,[3 1 2 4 5],11.5,10,1423.5,0.0,False,5
16,0,3,[2 1 3 4 5],1342.799999999981,0.5010583280598755,0.49894167194012445,0.08267579975965,SI,[5 4 3 1 2],9.099999999999994,10,2656.499999999949,0.0,False,5
16,0,4,[2 1 3 4 5],1342.799999999981,0.5010583280598755,0.49894167194012445,0.06809717961067652,SI,[3 1 2 4 5],11.5,10,1423.5,0.0,False,5
17,0,0,[2 1 3 4 5],1342.799999999981,0.5010583280598755,0.49894167194012445,0.8684203292144329,MI,[5 4 3 1 2],9.099999999999994,10,2656.499999999949,0.0,False,5
17,0,1,[2 1 3 4 5],1342.799999999981,0.5010583280598755,0.49894167194012445,0.7938475164116693,MI,[5 4 3 1 2],9.099999999999994,10,2656.499999999949,0.0,False,5
17,0,2,[2 1 3 4 5],1342.799999999981,0.5010583280598755,0.49894167194012445,0.13100037432819722,SI,[5 4 3 1 2],9.099999999999994,10,2656.499999999949,0.0,False,5
17,0,3,[2 1 3 4 5],1342.799999999981,0.5010583280598755,0.49894167194012445,0.6375206148395065,MI,[5 4 3 1 2],9.099999999999994,10,2656.499999999949,0.0,False,5
17,0,4,[2 1 3 4 5],1342.799999999981,0.5010583280598755,0.49894167194012445,0.47150541674688207,SI,[5 4 3 1 2],9.099999999999994,10,2656.499999999949,0.0,False,5
18,0,0,[2 1 3 4 5],1342.799999999981,0.5010583280598755,0.49894167194012445,0.7937804547787103,MI,[5 4 3 1 2],9.099999999999994,10,2656.499999999949,0.0,False,5
18,0,1,[2 1 3 4 5],1342.799999999981,0.5010583280598755,0.49894167194012445,0.5902688453305361,MI,[5 4 3 1 2],9.099999999999994,10,2656.499999999949,0.0,False,5
18,0,2,[2 1 3 4 5],1342.799999999981,0.5010583280598755,0.49894167194012445,0.9890936352998818,MI,[5 4 3 1 2],9.099999999999994,10,2656.499999999949,0.0,False,5
18,0,3,[2 1 3 4 5],1342.799999999981,0.5010583280598755,0.49894167194012445,0.9215790027080772,MI,[5 4 3 1 2],9.099999999999994,10,2656.499999999949,0.0,False,5
18,0,4,[2 1 3 4 5],1342.799999999981,0.5010583280598755,0.49894167194012445,0.348334839052593,SI,[2 1 3 5 4],13.300000000000011,10,1465.299999999992,0.0,False,5
19,0,0,[2 1 3 4 5],1342.799999999981,0.5010583280598755,0.49894167194012445,0.38000008258092055,SI,[5 4 3 1 2],9.099999999999994,10,2656.499999999949,0.0,False,5
19,0,1,[2 1 3 4 5],1342.799999999981,0.5010583280598755,0.49894167194012445,0.5754615664789282,MI,[5 4 3 1 2],9.099999999999994,10,2656.499999999949,0.0,False,5
19,0,2,[2 1 3 4 5],1342.799999999981,0.5010583280598755,0.49894167194012445,0.3835413872505553,SI,[2 1 3 5 4],13.300000000000011,10,1465.299999999992,0.0,False,5
19,0,3,[2 1 3 4 5],1342.799999999981,0.5010583280598755,0.49894167194012445,0.9920656664499999,MI,[5 4 3 1 2],9.099999999999994,10,2656.499999999949,0.0,False,5
19,0,4,[2 1 3 4 5],1342.799999999981,0.5010583280598755,0.49894167194012445,0.7356386775622168,MI,[5 4 3 1 2],9.099999999999994,10,2656.499999999949,0.0,False,5
20,0,0,[2 1 3 4 5],1342.799999999981,0.5010583280598755,0.49894167194012445,0.6494480829670691,MI,[5 4 3 1 2],9.099999999999994,10,2656.499999999949,0.0,False,5
20,0,1,[2 1 3 4 5],1342.799999999981,0.5010583280598755,0.49894167194012445,0.5117636520385506,MI,[3 1 2 4 5],11.5,10,1423.5,0.0,False,5
20,0,2,[2 1 3 4 5],1342.799999999981,0.5010583280598755,0.49894167194012445,0.8743638322631936,MI,[5 4 3 1 2],9.099999999999994,10,2656.499999999949,0.0,False,5
20,0,3,[2 1 3 4 5],1342.799999999981,0.5010583280598755,0.49894167194012445,0.2535389336784072,SI,[5 4 3 1 2],9.099999999999994,10,2656.499999999949,0.0,False,5
20,0,4,[2 1 3 4 5],1342.799999999981,0.5010583280598755,0.49894167194012445,0.7000803002586835,MI,[3 1 2 4 5],11.5,10,1423.5,0.0,False,5
21,0,0,[2 1 3 4 5],1342.799999999981,0.5010583280598755,0.49894167194012445,0.3981667236355054,SI,[5 4 3 1 2],9.099999999999994,10,2656.499999999949,0.0,False,5
21,0,1,[2 1 3 4 5],1342.799999999981,0.5010583280598755,0.49894167194012445,0.4398013425593589,SI,[2 1 3 5 4],13.300000000000011,10,1465.299999999992,0.0,False,5
21,0,2,[2 1 3 4 5],1342.799999999981,0.5010583280598755,0.49894167194012445,0.231961466365057,SI,[2 1 3 5 4],13.300000000000011,10,1465.299999999992,0.0,False,5
21,0,3,[2 1 3 4 5],1342.799999999981,0.5010583280598755,0.49894167194012445,0.23449602635518674,SI,[5 4 3 1 2],9.099999999999994,10,2656.499999999949,0.0,False,5
21,0,4,[2 1 3 4 5],1342.799999999981,0.5010583280598755,0.49894167194012445,0.21025922886972004,SI,[3 1 2 4 5],11.5,10,1423.5,0.0,False,5
22,0,0,[2 1 3 4 5],1342.799999999981,0.5010583280598755,0.49894167194012445,0.6740478512340987,MI,[5 4 3 1 2],9.099999999999994,10,2656.499999999949,0.0,False,5
22,0,1,[2 1 3 4 5],1342.799999999981,0.5010583280598755,0.49894167194012445,0.7440156967441097,MI,[5 4 3 1 2],9.099999999999994,10,2656.499999999949,0.0,False,5
22,0,2,[2 1 3 4 5],1342.799999999981,0.5010583280598755,0.49894167194012445,0.29545305283787715,SI,[5 4 3 1 2],9.099999999999994,10,2656.499999999949,0.0,False,5
22,0,3,[2 1 3 4 5],1342.799999999981,0.5010583280598755,0.49894167194012445,0.5482540842449621,MI,[5 4 3 1 2],9.099999999999994,10,2656.499999999949,0.0,False,5
22,0,4,[2 1 3 4 5],1342.799999999981,0.5010583280598755,0.49894167194012445,0.983865114580215,MI,[5 4 3 1 2],9.099999999999994,10,2656.499999999949,0.0,False,5
23,0,0,[2 1 3 4 5],1342.799999999981,0.5010583280598755,0.49894167194012445,0.5749943024342895,MI,[5 4 3 1 2],9.099999999999994,10,2656.499999999949,0.0,False,5
23,0,1,[2 1 3 4 5],1342.799999999981,0.5010583280598755,0.49894167194012445,0.4159162781702843,SI,[5 4 3 1 2],9.099999999999994,10,2656.499999999949,0.0,False,5
23,0,2,[2 1 3 4 5],1342.799999999981,0.5010583280598755,0.49894167194012445,0.8205472385255532,MI,[5 4 3 1 2],9.099999999999994,10,2656.499999999949,0.0,False,5
23,0,3,[2 1 3 4 5],1342.799999999981,0.5010583280598755,0.49894167194012445,0.3804422341205669,SI,[5 4 3 1 2],9.099999999999994,10,2656.499999999949,0.0,False,5
23,0,4,[2 1 3 4 5],1342.799999999981,0.5010583280598755,0.49894167194012445,0.6144788689617312,MI,[5 4 3 1 2],9.099999999999994,10,2656.499999999949,0.0,False,5
24,0,0,[2 1 3 4 5],1342.799999999981,0.5010583280598755,0.49894167194012445,0.4898184496621184,SI,[2 1 3 5 4],13.300000000000011,10,1465.299999999992,0.0,False,5
24,0,1,[2 1 3 4 5],1342.799999999981,0.5010583280598755,0.49894167194012445,0.5010978234720043,MI,[5 4 3 1 2],9.099999999999994,10,2656.499999999949,0.0,False,5
24,0,2,[2 1 3 4 5],1342.799999999981,0.5010583280598755,0.49894167194012445,0.5236102095760161,MI,[5 4 3 1 2],9.099999999999994,10,2656.499999999949,0.0,False,5
24,0,3,[2 1 3 4 5],1342.799999999981,0.5010583280598755,0.49894167194012445,0.6846799327815751,MI,[3 1 2 4 5],11.5,10,1423.5,0.0,False,5
24,0,4,[2 1 3 4 5],1342.799999999981,0.5010583280598755,0.49894167194012445,0.1728793378228466,SI,[5 4 3 1 2],9.099999999999994,10,2656.499999999949,0.0,False,5
25,0,0,[2 1 3 4 5],1342.799999999981,0.5010583280598755,0.49894167194012445,0.2899668886180048,SI,[5 4 3 1 2],9.099999999999994,10,2656.499999999949,0.0,False,5
25,0,1,[2 1 3 4 5],1342.799999999981,0.5010583280598755,0.49894167194012445,0.6312504011125605,MI,[5 4 3 1 2],9.099999999999994,10,2656.499999999949,0.0,False,5
25,0,2,[2 1 3 4 5],1342.799999999981,0.5010583280598755,0.49894167194012445,0.6191556044155302,MI,[5 4 3 1 2],9.099999999999994,10,2656.499999999949,0.0,False,5
25,0,3,[2 1 3 4 5],1342.799999999981,0.5010583280598755,0.49894167194012445,0.14586192123473618,SI,[5 4 3 1 2],9.099999999999994,10,2656.499999999949,0.0,False,5
25,0,4,[2 1 3 4 5],1342.799999999981,0.5010583280598755,0.49894167194012445,0.5571112135293023,MI,[5 4 3 1 2],9.099999999999994,10,2656.499999999949,0.0,False,5
26,0,0,[2 1 3 4 5],1342.799999999981,0.5010583280598755,0.49894167194012445,0.3814150253938139,SI,[5 4 3 1 2],9.099999999999994,10,2656.499999999949,0.0,False,5
26,0,1,[2 1 3 4 5],1342.799999999981,0.5010583280598755,0.49894167194012445,0.4286823339019171,SI,[5 4 3 1 2],9.099999999999994,10,2656.499999999949,0.0,False,5
26,0,2,[2 1 3 4 5],1342.799999999981,0.5010583280598755,0.49894167194012445,0.8992505266164067,MI,[3 1 2 4 5],11.5,10,1423.5,0.0,False,5
26,0,3,[2 1 3 4 5],1342.799999999981,0.5010583280598755,0.49894167194012445,0.3421297229460357,SI,[3 1 2 4 5],11.5,10,1423.5,0.0,False,5
26,0,4,[2 1 3 4 5],1342.799999999981,0.5010583280598755,0.49894167194012445,0.32234548341299807,SI,[5 4 3 1 2],9.099999999999994,10,2656.499999999949,0.0,False,5
27,0,0,[2 1 3 4 5],1342.799999999981,0.5010583280598755,0.49894167194012445,0.589370225974575,MI,[5 4 3 1 2],9.099999999999994,10,2656.499999999949,0.0,False,5
27,0,1,[2 1 3 4 5],1342.799999999981,0.5010583280598755,0.49894167194012445,0.005617746975918991,SI,[2 1 3 5 4],13.300000000000011,10,1465.299999999992,0.0,False,5
27,0,2,[2 1 3 4 5],1342.799999999981,0.5010583280598755,0.49894167194012445,0.9147045116218991,MI,[5 4 3 1 2],9.099999999999994,10,2656.499999999949,0.0,False,5
27,0,3,[2 1 3 4 5],1342.799999999981,0.5010583280598755,0.49894167194012445,0.5057013640397957,MI,[3 1 2 4 5],11.5,10,1423.5,0.0,False,5
27,0,4,[2 1 3 4 5],1342.799999999981,0.5010583280598755,0.49894167194012445,0.8453057219706058,MI,[5 4 3 1 2],9.099999999999994,10,2656.499999999949,0.0,False,5
28,0,0,[2 1 3 4 5],1342.799999999981,0.5010583280598755,0.49894167194012445,0.9325279761461996,MI,[5 4 3 1 2],9.099999999999994,10,2656.499999999949,0.0,False,5
28,0,1,[2 1 3 4 5],1342.799999999981,0.5010583280598755,0.49894167194012445,0.45624768685422057,SI,[5 4 3 1 2],9.099999999999994,10,2656.499999999949,0.0,False,5
28,0,2,[2 1 3 4 5],1342.799999999981,0.5010583280598755,0.49894167194012445,0.2590583419422938,SI,[5 4 3 1 2],9.099999999999994,10,2656.499999999949,0.0,False,5
28,0,3,[2 1 3 4 5],1342.799999999981,0.5010583280598755,0.49894167194012445,0.9395492050866604,MI,[5 4 3 1 2],9.099999999999994,10,2656.499999999949,0.0,False,5
28,0,4,[2 1 3 4 5],1342.799999999981,0.5010583280598755,0.49894167194012445,0.23957195943826493,SI,[5 4 3 1 2],9.099999999999994,10,2656.499999999949,0.0,False,5
29,0,0,[2 1 3 4 5],1342.799999999981,0.5010583280598755,0.49894167194012445,0.8961770711021478,MI,[5 4 3 1 2],9.099999999999994,10,2656.499999999949,0.0,False,5
29,0,1,[2 1 3 4 5],1342.799999999981,0.5010583280598755,0.49894167194012445,0.9111595238399102,MI,[5 4 3 1 2],9.099999999999994,10,2656.499999999949,0.0,False,5
29,0,2,[2 1 3 4 5],1342.799999999981,0.5010583280598755,0.49894167194012445,0.8601926078553871,MI,[3 1 2 4 5],11.5,10,1423.5,0.0,False,5
29,0,3,[2 1 3 4 5],1342.799999999981,0.5010583280598755,0.49894167194012445,0.24630183972310504,SI,[5 4 3 1 2],9.099999999999994,10,2656.499999999949,0.0,False,5
29,0,4,[2 1 3 4 5],1342.799999999981,0.5010583280598755,0.49894167194012445,0.09145844748065268,SI,[5 4 3 1 2],9.099999999999994,10,2656.499999999949,0.0,False,5
30,0,0,[2 1 3 4 5],1342.799999999981,0.5010583280598755,0.49894167194012445,0.06422387487099102,SI,[5 4 3 1 2],9.099999999999994,10,2656.499999999949,0.0,False,5
30,0,1,[2 1 3 4 5],1342.799999999981,0.5010583280598755,0.49894167194012445,0.2962134828454186,SI,[3 1 2 4 5],11.5,10,1423.5,0.0,False,5
30,0,2,[2 1 3 4 5],1342.799999999981,0.5010583280598755,0.49894167194012445,0.13102760980305506,SI,[2 1 3 5 4],13.300000000000011,10,1465.299999999992,0.0,False,5
30,0,3,[2 1 3 4 5],1342.799999999981,0.5010583280598755,0.49894167194012445,0.03379200136453542,SI,[5 4 3 1 2],9.099999999999994,10,2656.499999999949,0.0,False,5
30,0,4,[2 1 3 4 5],1342.799999999981,0.5010583280598755,0.49894167194012445,0.07647966666761175,SI,[2 1 3 5 4],13.300000000000011,10,1465.299999999992,0.0,False,5
31,0,0,[2 1 3 4 5],1342.799999999981,0.5010583280598755,0.49894167194012445,0.25339152563156475,SI,[5 4 3 1 2],9.099999999999994,10,2656.499999999949,0.0,False,5
31,0,1,[2 1 3 4 5],1342.799999999981,0.5010583280598755,0.49894167194012445,0.693906959115308,MI,[5 4 3 1 2],9.099999999999994,10,2656.499999999949,0.0,False,5
31,0,2,[2 1 3 4 5],1342.799999999981,0.5010583280598755,0.49894167194012445,0.6533231056860955,MI,[3 1 2 4 5],11.5,10,1423.5,0.0,False,5
31,0,3,[2 1 3 4 5],1342.799999999981,0.5010583280598755,0.49894167194012445,0.162993991119318,SI,[3 1 2 4 5],11.5,10,1423.5,0.0,False,5
31,0,4,[2 1 3 4 5],1342.799999999981,0.5010583280598755,0.49894167194012445,0.9760520362587669,MI,[5 4 3 1 2],9.099999999999994,10,2656.499999999949,0.0,False,5
32,0,0,[2 1 3 4 5],1342.799999999981,0.5010583280598755,0.49894167194012445,0.8140953083623466,MI,[5 4 3 1 2],9.099999999999994,10,2656.499999999949,0.0,False,5
32,0,1,[2 1 3 4 5],1342.799999999981,0.5010583280598755,0.49894167194012445,0.024164857946979756,SI,[5 4 3 1 2],9.099999999999994,10,2656.499999999949,0.0,False,5
32,0,2,[2 1 3 4 5],1342.799999999981,0.5010583280598755,0.49894167194012445,0.28887062684816855,SI,[5 4 3 1 2],9.099999999999994,10,2656.499999999949,0.0,False,5
32,0,3,[2 1 3 4 5],1342.799999999981,0.5010583280598755,0.49894167194012445,0.527028965081804,MI,[3 1 2 4 5],11.5,10,1423.5,0.0,False,5
32,0,4,[2 1 3 4 5],1342.799999999981,0.5010583280598755,0.49894167194012445,0.6936737482399911,MI,[5 4 3 1 2],9.099999999999994,10,2656.499999999949,0.0,False,5
33,0,0,[2 1 3 4 5],1342.799999999981,0.5010583280598755,0.49894167194012445,0.12538910639148637,SI,[5 4 3 1 2],9.099999999999994,10,2656.499999999949,0.0,False,5
33,0,1,[2 1 3 4 5],1342.799999999981,0.5010583280598755,0.49894167194012445,0.36723206713032175,SI,[5 4 3 1 2],9.099999999999994,10,2656.499999999949,0.0,False,5
33,0,2,[2 1 3 4 5],1342.799999999981,0.5010583280598755,0.49894167194012445,0.5421118369123017,MI,[5 4 3 1 2],9.099999999999994,10,2656.499999999949,0.0,False,5
33,0,3,[2 1 3 4 5],1342.799999999981,0.5010583280598755,0.49894167194012445,0.0892197081456011,SI,[5 4 3 1 2],9.099999999999994,10,2656.499999999949,0.0,False,5
33,0,4,[2 1 3 4 5],1342.799999999981,0.5010583280598755,0.49894167194012445,0.13569966117601429,SI,[5 4 3 1 2],9.099999999999994,10,2656.499999999949,0.0,False,5
34,0,0,[2 1 3 4 5],1342.799999999981,0.5010583280598755,0.49894167194012445,0.7842990436502305,MI,[3 1 2 4 5],11.5,10,1423.5,0.0,False,5
34,0,1,[2 1 3 4 5],1342.799999999981,0.5010583280598755,0.49894167194012445,0.6688979230648673,MI,[5 4 3 1 2],9.099999999999994,10,2656.499999999949,0.0,False,5
34,0,2,[2 1 3 4 5],1342.799999999981,0.5010583280598755,0.49894167194012445,0.39375045456484703,SI,[5 4 3 1 2],9.099999999999994,10,2656.499999999949,0.0,False,5
34,0,3,[2 1 3 4 5],1342.799999999981,0.5010583280598755,0.49894167194012445,0.9083462176614397,MI,[5 4 3 1 2],9.099999999999994,10,2656.499999999949,0.0,False,5
34,0,4,[2 1 3 4 5],1342.799999999981,0.5010583280598755,0.49894167194012445,0.2645374823975266,SI,[3 1 2 4 5],11.5,10,1423.5,0.0,False,5
35,0,0,[2 1 3 4 5],1342.799999999981,0.5010583280598755,0.49894167194012445,0.5431836695262272,MI,[5 4 3 1 2],9.099999999999994,10,2656.499999999949,0.0,False,5
35,0,1,[2 1 3 4 5],1342.799999999981,0.5010583280598755,0.49894167194012445,0.7725420968885056,MI,[5 4 3 1 2],9.099999999999994,10,2656.499999999949,0.0,False,5
35,0,2,[2 1 3 4 5],1342.799999999981,0.5010583280598755,0.49894167194012445,0.31434054336353845,SI,[5 4 3 1 2],9.099999999999994,10,2656.499999999949,0.0,False,5
35,0,3,[2 1 3 4 5],1342.799999999981,0.5010583280598755,0.49894167194012445,0.12651776908399193,SI,[5 4 3 1 2],9.099999999999994,10,2656.499999999949,0.0,False,5
35,0,4,[2 1 3 4 5],1342.799999999981,0.5010583280598755,0.49894167194012445,0.17956182030438805,SI,[5 4 3 1 2],9.099999999999994,10,2656.499999999949,0.0,False,5
36,0,0,[2 1 3 4 5],1342.799999999981,0.5010583280598755,0.49894167194012445,0.32272082094824195,SI,[5 4 3 1 2],9.099999999999994,10,2656.499999999949,0.0,False,5
36,0,1,[2 1 3 4 5],1342.799999999981,0.5010583280598755,0.49894167194012445,0.9898910287455699,MI,[5 4 3 1 2],9.099999999999994,10,2656.499999999949,0.0,False,5
36,0,2,[2 1 3 4 5],1342.799999999981,0.5010583280598755,0.49894167194012445,0.4984593222728154,SI,[2 3 1 4 5],27.599999999999994,10,1394.0000000000218,0.0,False,5
36,0,3,[2 1 3 4 5],1342.799999999981,0.5010583280598755,0.49894167194012445,0.15715867518778615,SI,[3 1 2 4 5],11.5,10,1423.5,0.0,False,5
36,0,4,[2 1 3 4 5],1342.799999999981,0.5010583280598755,0.49894167194012445,0.2799253079031314,SI,[2 1 3 5 4],13.300000000000011,10,1465.299999999992,0.0,False,5
37,0,0,[2 1 3 4 5],1342.799999999981,0.5010583280598755,0.49894167194012445,0.44459742119999435,SI,[2 1 3 5 4],13.300000000000011,10,1465.299999999992,0.0,False,5
37,0,1,[2 1 3 4 5],1342.799999999981,0.5010583280598755,0.49894167194012445,0.9015613185808763,MI,[3 1 2 4 5],11.5,10,1423.5,0.0,False,5
37,0,2,[2 1 3 4 5],1342.799999999981,0.5010583280598755,0.49894167194012445,0.11575259667714566,SI,[1 2 3 4 5],32.0,10,1371.8999999999287,0.0,False,5
37,0,3,[2 1 3 4 5],1342.799999999981,0.5010583280598755,0.49894167194012445,0.04458165825669824,SI,[3 1 2 4 5],11.5,10,1423.5,0.0,False,5
37,0,4,[2 1 3 4 5],1342.799999999981,0.5010583280598755,0.49894167194012445,0.3514476316100894,SI,[3 1 2 4 5],11.5,10,1423.5,0.0,False,5
38,0,0,[2 1 3 4 5],1342.799999999981,0.5010583280598755,0.49894167194012445,0.539622099913762,MI,[5 4 3 1 2],9.099999999999994,10,2656.499999999949,0.0,False,5
38,0,1,[2 1 3 4 5],1342.799999999981,0.5010583280598755,0.49894167194012445,0.9768879276474326,MI,[3 1 2 4 5],11.5,10,1423.5,0.0,False,5
38,0,2,[2 1 3 4 5],1342.799999999981,0.5010583280598755,0.49894167194012445,0.07231854301292462,SI,[3 1 2 4 5],11.5,10,1423.5,0.0,False,5
38,0,3,[2 1 3 4 5],1342.799999999981,0.5010583280598755,0.49894167194012445,0.29820452179040013,SI,[5 4 3 1 2],9.099999999999994,10,2656.499999999949,0.0,False,5
38,0,4,[2 1 3 4 5],1342.799999999981,0.5010583280598755,0.49894167194012445,0.4220346407144201,SI,[5 4 3 1 2],9.099999999999994,10,2656.499999999949,0.0,False,5
39,0,0,[2 1 3 4 5],1342.799999999981,0.5010583280598755,0.49894167194012445,0.8426877204867492,MI,[3 1 2 4 5],11.5,10,1423.5,0.0,False,5
39,0,1,[2 1 3 4 5],1342.799999999981,0.5010583280598755,0.49894167194012445,0.6320879812081047,MI,[5 4 3 1 2],9.099999999999994,10,2656.499999999949,0.0,False,5
39,0,2,[2 1 3 4 5],1342.799999999981,0.5010583280598755,0.49894167194012445,0.323626820134706,SI,[5 4 3 1 2],9.099999999999994,10,2656.499999999949,0.0,False,5
39,0,3,[2 1 3 4 5],1342.799999999981,0.5010583280598755,0.49894167194012445,0.009049915278853238,SI,[5 4 3 1 2],9.099999999999994,10,2656.499999999949,0.0,False,5
39,0,4,[2 1 3 4 5],1342.799999999981,0.5010583280598755,0.49894167194012445,0.022513976586448492,SI,[5 4 3 1 2],9.099999999999994,10,2656.499999999949,0.0,False,5
40,0,0,[2 1 3 4 5],1342.799999999981,0.5010583280598755,0.49894167194012445,0.49476004577938937,SI,[2 1 3 5 4],13.300000000000011,10,1465.299999999992,0.0,False,5
40,0,1,[2 1 3 4 5],1342.799999999981,0.5010583280598755,0.49894167194012445,0.3493937019007559,SI,[5 4 3 1 2],9.099999999999994,10,2656.499999999949,0.0,False,5
40,0,2,[2 1 3 4 5],1342.799999999981,0.5010583280598755,0.49894167194012445,0.5383113735773672,MI,[5 4 3 1 2],9.099999999999994,10,2656.499999999949,0.0,False,5
40,0,3,[2 1 3 4 5],1342.799999999981,0.5010583280598755,0.49894167194012445,0.08033157860248685,SI,[5 4 3 1 2],9.099999999999994,10,2656.499999999949,0.0,False,5
40,0,4,[2 1 3 4 5],1342.799999999981,0.5010583280598755,0.49894167194012445,0.996892093258018,MI,[5 4 3 1 2],9.099999999999994,10,2656.499999999949,0.0,False,5
41,0,0,[2 1 3 4 5],1342.799999999981,0.5010583280598755,0.49894167194012445,0.6198783256566031,MI,[5 4 3 1 2],9.099999999999994,10,2656.499999999949,0.0,False,5
41,0,1,[2 1 3 4 5],1342.799999999981,0.5010583280598755,0.49894167194012445,0.010602616230561357,SI,[2 1 3 5 4],13.300000000000011,10,1465.299999999992,0.0,False,5
41,0,2,[2 1 3 4 5],1342.799999999981,0.5010583280598755,0.49894167194012445,0.5576157193889991,MI,[3 1 2 4 5],11.5,10,1423.5,0.0,False,5
41,0,3,[2 1 3 4 5],1342.799999999981,0.5010583280598755,0.49894167194012445,0.7649926021949782,MI,[5 4 3 1 2],9.099999999999994,10,2656.499999999949,0.0,False,5
41,0,4,[2 1 3 4 5],1342.799999999981,0.5010583280598755,0.49894167194012445,0.3633204644055178,SI,[5 4 3 1 2],9.099999999999994,10,2656.499999999949,0.0,False,5
42,0,0,[2 1 3 4 5],1342.799999999981,0.5010583280598755,0.49894167194012445,0.8208565384340549,MI,[5 4 3 1 2],9.099999999999994,10,2656.499999999949,0.0,False,5
42,0,1,[2 1 3 4 5],1342.799999999981,0.5010583280598755,0.49894167194012445,0.24216996466899,SI,[3 1 2 4 5],11.5,10,1423.5,0.0,False,5
42,0,2,[2 1 3 4 5],1342.799999999981,0.5010583280598755,0.49894167194012445,0.6447815586882755,MI,[3 1 2 4 5],11.5,10,1423.5,0.0,False,5
42,0,3,[2 1 3 4 5],1342.799999999981,0.5010583280598755,0.49894167194012445,0.35638895434146345,SI,[3 1 2 4 5],11.5,10,1423.5,0.0,False,5
42,0,4,[2 1 3 4 5],1342.799999999981,0.5010583280598755,0.49894167194012445,0.4276020705156802,SI,[3 1 2 4 5],11.5,10,1423.5,0.0,False,5
43,0,0,[2 1 3 4 5],1342.799999999981,0.5010583280598755,0.49894167194012445,0.8020519518125502,MI,[5 4 3 1 2],9.099999999999994,10,2656.499999999949,0.0,False,5
43,0,1,[2 1 3 4 5],1342.799999999981,0.5010583280598755,0.49894167194012445,0.9691633203883374,MI,[5 4 3 1 2],9.099999999999994,10,2656.499999999949,0.0,False,5
43,0,2,[2 1 3 4 5],1342.799999999981,0.5010583280598755,0.49894167194012445,0.21769169887784035,SI,[5 4 3 1 2],9.099999999999994,10,2656.499999999949,0.0,False,5
43,0,3,[2 1 3 4 5],1342.799999999981,0.5010583280598755,0.49894167194012445,0.43073313658835044,SI,[5 4 3 1 2],9.099999999999994,10,2656.499999999949,0.0,False,5
43,0,4,[2 1 3 4 5],1342.799999999981,0.5010583280598755,0.49894167194012445,0.6160317038775147,MI,[5 4 3 1 2],9.099999999999994,10,2656.499999999949,0.0,False,5
44,0,0,[2 1 3 4 5],1342.799999999981,0.5010583280598755,0.49894167194012445,0.46729125215094003,SI,[5 4 3 1 2],9.099999999999994,10,2656.499999999949,0.0,False,5
44,0,1,[2 1 3 4 5],1342.799999999981,0.5010583280598755,0.49894167194012445,0.7887826853278033,MI,[5 4 3 1 2],9.099999999999994,10,2656.499999999949,0.0,False,5
44,0,2,[2 1 3 4 5],1342.799999999981,0.5010583280598755,0.49894167194012445,0.16755625104718563,SI,[5 4 3 1 2],9.099999999999994,10,2656.499999999949,0.0,False,5
44,0,3,[2 1 3 4 5],1342.799999999981,0.5010583280598755,0.49894167194012445,0.7604848183354164,MI,[5 4 3 1 2],9.099999999999994,10,2656.499999999949,0.0,False,5
44,0,4,[2 1 3 4 5],1342.799999999981,0.5010583280598755,0.49894167194012445,0.7267819585657301,MI,[5 4 3 1 2],9.099999999999994,10,2656.499999999949,0.0,False,5
45,0,0,[2 1 3 4 5],1342.799999999981,0.5010583280598755,0.49894167194012445,0.6761836240018531,MI,[5 4 3 1 2],9.099999999999994,10,2656.499999999949,0.0,False,5
45,0,1,[2 1 3 4 5],1342.799999999981,0.5010583280598755,0.49894167194012445,0.36352727794313355,SI,[3 1 2 4 5],11.5,10,1423.5,0.0,False,5
45,0,2,[2 1 3 4 5],1342.799999999981,0.5010583280598755,0.49894167194012445,0.7800440414579223,MI,[5 4 3 1 2],9.099999999999994,10,2656.499999999949,0.0,False,5
45,0,3,[2 1 3 4 5],1342.799999999981,0.5010583280598755,0.49894167194012445,0.8474813847744317,MI,[5 4 3 1 2],9.099999999999994,10,2656.499999999949,0.0,False,5
45,0,4,[2 1 3 4 5],1342.799999999981,0.5010583280598755,0.49894167194012445,0.08823191242943684,SI,[5 4 3 1 2],9.099999999999994,10,2656.499999999949,0.0,False,5
46,0,0,[2 1 3 4 5],1342.799999999981,0.5010583280598755,0.49894167194012445,0.2005673735090061,SI,[2 3 1 4 5],27.599999999999994,10,1394.0000000000218,0.0,False,5
46,0,1,[2 1 3 4 5],1342.799999999981,0.5010583280598755,0.49894167194012445,0.3419595532962685,SI,[3 1 2 4 5],11.5,10,1423.5,0.0,False,5
46,0,2,[2 1 3 4 5],1342.799999999981,0.5010583280598755,0.49894167194012445,0.09974565669935487,SI,[5 4 3 1 2],9.099999999999994,10,2656.499999999949,0.0,False,5
46,0,3,[2 1 3 4 5],1342.799999999981,0.5010583280598755,0.49894167194012445,0.3644690404789577,SI,[5 4 3 1 2],9.099999999999994,10,2656.499999999949,0.0,False,5
46,0,4,[2 1 3 4 5],1342.799999999981,0.5010583280598755,0.49894167194012445,0.21753825012713268,SI,[2 1 3 5 4],13.300000000000011,10,1465.299999999992,0.0,False,5
47,0,0,[2 1 3 4 5],1342.799999999981,0.5010583280598755,0.49894167194012445,0.21756755121499138,SI,[5 4 3 1 2],9.099999999999994,10,2656.499999999949,0.0,False,5
47,0,1,[2 1 3 4 5],1342.799999999981,0.5010583280598755,0.49894167194012445,0.23291171292372337,SI,[5 4 3 1 2],9.099999999999994,10,2656.499999999949,0.0,False,5
47,0,2,[2 1 3 4 5],1342.799999999981,0.5010583280598755,0.49894167194012445,0.09252257418154519,SI,[5 4 3 1 2],9.099999999999994,10,2656.499999999949,0.0,False,5
47,0,3,[2 1 3 4 5],1342.799999999981,0.5010583280598755,0.49894167194012445,0.6366330150836148,MI,[5 4 3 1 2],9.099999999999994,10,2656.499999999949,0.0,False,5
47,0,4,[2 1 3 4 5],1342.799999999981,0.5010583280598755,0.49894167194012445,0.825898926176725,MI,[5 4 3 1 2],9.099999999999994,10,2656.499999999949,0.0,False,5
48,0,0,[2 1 3 4 5],1342.799999999981,0.5010583280598755,0.49894167194012445,0.0742695126735996,SI,[3 1 2 4 5],11.5,10,1423.5,0.0,False,5
48,0,1,[2 1 3 4 5],1342.799999999981,0.5010583280598755,0.49894167194012445,0.8636812641509941,MI,[5 4 3 1 2],9.099999999999994,10,2656.499999999949,0.0,False,5
48,0,2,[2 1 3 4 5],1342.799999999981,0.5010583280598755,0.49894167194012445,0.817111049468808,MI,[5 4 3 1 2],9.099999999999994,10,2656.499999999949,0.0,False,5
48,0,3,[2 1 3 4 5],1342.799999999981,0.5010583280598755,0.49894167194012445,0.8109268695598791,MI,[5 4 3 1 2],9.099999999999994,10,2656.499999999949,0.0,False,5
48,0,4,[2 1 3 4 5],1342.799999999981,0.5010583280598755,0.49894167194012445,0.1187892157424284,SI,[2 3 1 4 5],27.599999999999994,10,1394.0000000000218,0.0,False,5
49,0,0,[2 1 3 4 5],1342.799999999981,0.5010583280598755,0.49894167194012445,0.15370508947913086,SI,[5 4 3 1 2],9.099999999999994,10,2656.499999999949,0.0,False,5
49,0,1,[2 1 3 4 5],1342.799999999981,0.5010583280598755,0.49894167194012445,0.9794041942275712,MI,[5 4 3 1 2],9.099999999999994,10,2656.499999999949,0.0,False,5
49,0,2,[2 1 3 4 5],1342.799999999981,0.5010583280598755,0.49894167194012445,0.36544300959833975,SI,[3 1 2 4 5],11.5,10,1423.5,0.0,False,5
49,0,3,[2 1 3 4 5],1342.799999999981,0.5010583280598755,0.49894167194012445,0.5871187613345553,MI,[5 4 3 1 2],9.099999999999994,10,2656.499999999949,0.0,False,5
49,0,4,[2 1 3 4 5],1342.799999999981,0.5010583280598755,0.49894167194012445,0.47274146196917344,SI,[2 1 3 5 4],13.300000000000011,10,1465.299999999992,0.0,False,5
50,0,0,[2 1 3 4 5],1342.799999999981,0.5010583280598755,0.49894167194012445,0.16672589466620413,SI,[2 1 5 4 3],96.29999999999998,10,2015.8999999999796,0.0,False,5
50,0,1,[2 1 3 4 5],1342.799999999981,0.5010583280598755,0.49894167194012445,0.7135906771742309,MI,[5 4 3 1 2],9.099999999999994,10,2656.499999999949,0.0,False,5
50,0,2,[2 1 3 4 5],1342.799999999981,0.5010583280598755,0.49894167194012445,0.6650306124877353,MI,[5 4 3 1 2],9.099999999999994,10,2656.499999999949,0.0,False,5
50,0,3,[2 1 3 4 5],1342.799999999981,0.5010583280598755,0.49894167194012445,0.6397734996230172,MI,[5 4 3 1 2],9.099999999999994,10,2656.499999999949,0.0,False,5
50,0,4,[2 1 3 4 5],1342.799999999981,0.5010583280598755,0.49894167194012445,0.247920399585441,SI,[5 4 3 1 2],9.099999999999994,10,2656.499999999949,0.0,False,5
0,1,0,[1 2],861.5000000000073,0.5,0.5,0.017603230970160033,SI,[2 1],49.49999999999994,10,1278.6000000000095,0.0,False,6
0,1,1,[1 2],861.5000000000073,0.5,0.5,0.2109996186851283,SI,[2 1],49.49999999999994,10,1278.6000000000095,0.0,False,6
0,1,2,[1 2],861.5000000000073,0.5,0.5,0.1434637707551525,SI,[2 1],49.49999999999994,10,1278.6000000000095,0.0,False,6
0,1,3,[1 2],861.5000000000073,0.5,0.5,0.45885185313530863,SI,[2 1],49.49999999999994,10,1278.6000000000095,0.0,False,6
0,1,4,[1 2],861.5000000000073,0.5,0.5,0.1509680508901281,SI,[2 1],49.49999999999994,10,1278.6000000000095,0.0,False,6
1,0,0,[1 2],861.5000000000073,0.5,0.5,0.08142548525147797,SI,[2 1],49.49999999999994,10,1278.6000000000095,0.0,False,6
1,0,1,[1 2],861.5000000000073,0.5,0.5,0.2964420734432449,SI,[2 1],49.49999999999994,10,1278.6000000000095,0.0,False,6
1,0,2,[1 2],861.5000000000073,0.5,0.5,0.30687720749488756,SI,[2 1],49.49999999999994,10,1278.6000000000095,0.0,False,6
1,0,3,[1 2],861.5000000000073,0.5,0.5,0.3419008553997961,SI,[2 1],49.49999999999994,10,1278.6000000000095,0.0,False,6
1,0,4,[1 2],861.5000000000073,0.5,0.5,0.21531001715568832,SI,[2 1],49.49999999999994,10,1278.6000000000095,0.0,False,6
2,0,0,[1 2],861.5000000000073,0.5,0.5,0.29378490057701667,SI,[2 1],49.49999999999994,10,1278.6000000000095,0.0,False,6
2,0,1,[1 2],861.5000000000073,0.5,0.5,0.15843907649566236,SI,[2 1],49.49999999999994,10,1278.6000000000095,0.0,False,6
2,0,2,[1 2],861.5000000000073,0.5,0.5,0.39793464434285764,SI,[2 1],49.49999999999994,10,1278.6000000000095,0.0,False,6
2,0,3,[1 2],861.5000000000073,0.5,0.5,0.27525085713684627,SI,[2 1],49.49999999999994,10,1278.6000000000095,0.0,False,6
2,0,4,[1 2],861.5000000000073,0.5,0.5,0.1551934127338287,SI,[2 1],49.49999999999994,10,1278.6000000000095,0.0,False,6
3,0,0,[1 2],861.5000000000073,0.5,0.5,0.20195831970041767,SI,[2 1],49.49999999999994,10,1278.6000000000095,0.0,False,6
3,0,1,[1 2],861.5000000000073,0.5,0.5,0.3813228210029632,SI,[2 1],49.49999999999994,10,1278.6000000000095,0.0,False,6
3,0,2,[1 2],861.5000000000073,0.5,0.5,0.019912408112307323,SI,[2 1],49.49999999999994,10,1278.6000000000095,0.0,False,6
3,0,3,[1 2],861.5000000000073,0.5,0.5,0.23316080596216338,SI,[2 1],49.49999999999994,10,1278.6000000000095,0.0,False,6
3,0,4,[1 2],861.5000000000073,0.5,0.5,0.31984121899245155,SI,[2 1],49.49999999999994,10,1278.6000000000095,0.0,False,6
4,0,0,[1 2],861.5000000000073,0.5,0.5,0.42788430500893493,SI,[2 1],49.49999999999994,10,1278.6000000000095,0.0,False,6
4,0,1,[1 2],861.5000000000073,0.5,0.5,0.339994392492285,SI,[2 1],49.49999999999994,10,1278.6000000000095,0.0,False,6
4,0,2,[1 2],861.5000000000073,0.5,0.5,0.4841258994738904,SI,[2 1],49.49999999999994,10,1278.6000000000095,0.0,False,6
4,0,3,[1 2],861.5000000000073,0.5,0.5,0.17986233316029088,SI,[2 1],49.49999999999994,10,1278.6000000000095,0.0,False,6
4,0,4,[1 2],861.5000000000073,0.5,0.5,0.0621067223907531,SI,[2 1],49.49999999999994,10,1278.6000000000095,0.0,False,6
5,0,0,[1 2],861.5000000000073,0.5,0.5,0.4785055036657522,SI,[2 1],49.49999999999994,10,1278.6000000000095,0.0,False,6
5,0,1,[1 2],861.5000000000073,0.5,0.5,0.19042650666112781,SI,[2 1],49.49999999999994,10,1278.6000000000095,0.0,False,6
5,0,2,[1 2],861.5000000000073,0.5,0.5,0.45840508070181263,SI,[2 1],49.49999999999994,10,1278.6000000000095,0.0,False,6
5,0,3,[1 2],861.5000000000073,0.5,0.5,0.010921774009593932,SI,[2 1],49.49999999999994,10,1278.6000000000095,0.0,False,6
5,0,4,[1 2],861.5000000000073,0.5,0.5,0.39733765775221797,SI,[2 1],49.49999999999994,10,1278.6000000000095,0.0,False,6
6,0,0,[1 2],861.5000000000073,0.5,0.5,0.08459792685172807,SI,[2 1],49.49999999999994,10,1278.6000000000095,0.0,False,6
6,0,1,[1 2],861.5000000000073,0.5,0.5,0.1998465466150522,SI,[2 1],49.49999999999994,10,1278.6000000000095,0.0,False,6
6,0,2,[1 2],861.5000000000073,0.5,0.5,0.09571135637035255,SI,[2 1],49.49999999999994,10,1278.6000000000095,0.0,False,6
6,0,3,[1 2],861.5000000000073,0.5,0.5,0.3616904837666466,SI,[2 1],49.49999999999994,10,1278.6000000000095,0.0,False,6
6,0,4,[1 2],861.5000000000073,0.5,0.5,0.3697376903684966,SI,[2 1],49.49999999999994,10,1278.6000000000095,0.0,False,6
7,0,0,[1 2],861.5000000000073,0.5,0.5,0.14575149878112015,SI,[2 1],49.49999999999994,10,1278.6000000000095,0.0,False,6
7,0,1,[1 2],861.5000000000073,0.5,0.5,0.2684442690690447,SI,[2 1],49.49999999999994,10,1278.6000000000095,0.0,False,6
7,0,2,[1 2],861.5000000000073,0.5,0.5,0.0004632623193847607,SI,[2 1],49.49999999999994,10,1278.6000000000095,0.0,False,6
7,0,3,[1 2],861.5000000000073,0.5,0.5,0.3278210666440753,SI,[2 1],49.49999999999994,10,1278.6000000000095,0.0,False,6
7,0,4,[1 2],861.5000000000073,0.5,0.5,0.2747511172224987,SI,[2 1],49.49999999999994,10,1278.6000000000095,0.0,False,6
8,0,0,[1 2],861.5000000000073,0.5,0.5,0.30852493526141933,SI,[2 1],49.49999999999994,10,1278.6000000000095,0.0,False,6
8,0,1,[1 2],861.5000000000073,0.5,0.5,0.1703571804832783,SI,[2 1],49.49999999999994,10,1278.6000000000095,0.0,False,6
8,0,2,[1 2],861.5000000000073,0.5,0.5,0.02275564878942382,SI,[2 1],49.49999999999994,10,1278.6000000000095,0.0,False,6
8,0,3,[1 2],861.5000000000073,0.5,0.5,0.49854088058444457,SI,[2 1],49.49999999999994,10,1278.6000000000095,0.0,False,6
8,0,4,[1 2],861.5000000000073,0.5,0.5,0.0023600265129004594,SI,[2 1],49.49999999999994,10,1278.6000000000095,0.0,False,6
9,0,0,[1 2],861.5000000000073,0.5,0.5,0.28656931989614354,SI,[2 1],49.49999999999994,10,1278.6000000000095,0.0,False,6
9,0,1,[1 2],861.5000000000073,0.5,0.5,0.4660641554978041,SI,[2 1],49.49999999999994,10,1278.6000000000095,0.0,False,6
9,0,2,[1 2],861.5000000000073,0.5,0.5,0.4620283606173109,SI,[2 1],49.49999999999994,10,1278.6000000000095,0.0,False,6
9,0,3,[1 2],861.5000000000073,0.5,0.5,0.37376347607991633,SI,[2 1],49.49999999999994,10,1278.6000000000095,0.0,False,6
9,0,4,[1 2],861.5000000000073,0.5,0.5,0.19727901598485365,SI,[2 1],49.49999999999994,10,1278.6000000000095,0.0,False,6
10,0,0,[1 2],861.5000000000073,0.5,0.5,0.30997405220384755,SI,[2 1],49.49999999999994,10,1278.6000000000095,0.0,False,6
10,0,1,[1 2],861.5000000000073,0.5,0.5,0.4098430948723517,SI,[2 1],49.49999999999994,10,1278.6000000000095,0.0,False,6
10,0,2,[1 2],861.5000000000073,0.5,0.5,0.3855634471666528,SI,[2 1],49.49999999999994,10,1278.6000000000095,0.0,False,6
10,0,3,[1 2],861.5000000000073,0.5,0.5,0.38876967347419045,SI,[2 1],49.49999999999994,10,1278.6000000000095,0.0,False,6
10,0,4,[1 2],861.5000000000073,0.5,0.5,0.2707294561848649,SI,[2 1],49.49999999999994,10,1278.6000000000095,0.0,False,6
11,0,0,[1 2],861.5000000000073,0.5,0.5,0.3798935657927358,SI,[2 1],49.49999999999994,10,1278.6000000000095,0.0,False,6
11,0,1,[1 2],861.5000000000073,0.5,0.5,0.23635610565177156,SI,[2 1],49.49999999999994,10,1278.6000000000095,0.0,False,6
11,0,2,[1 2],861.5000000000073,0.5,0.5,0.3371031569368864,SI,[2 1],49.49999999999994,10,1278.6000000000095,0.0,False,6
11,0,3,[1 2],861.5000000000073,0.5,0.5,0.1675939735115597,SI,[2 1],49.49999999999994,10,1278.6000000000095,0.0,False,6
11,0,4,[1 2],861.5000000000073,0.5,0.5,0.18344958175708326,SI,[2 1],49.49999999999994,10,1278.6000000000095,0.0,False,6
12,0,0,[1 2],861.5000000000073,0.5,0.5,0.4261100951449185,SI,[2 1],49.49999999999994,10,1278.6000000000095,0.0,False,6
12,0,1,[1 2],861.5000000000073,0.5,0.5,0.3273704548186942,SI,[2 1],49.49999999999994,10,1278.6000000000095,0.0,False,6
12,0,2,[1 2],861.5000000000073,0.5,0.5,0.2856650662748704,SI,[2 1],49.49999999999994,10,1278.6000000000095,0.0,False,6
12,0,3,[1 2],861.5000000000073,0.5,0.5,0.07243111233365529,SI,[2 1],49.49999999999994,10,1278.6000000000095,0.0,False,6
12,0,4,[1 2],861.5000000000073,0.5,0.5,0.4688623465443874,SI,[2 1],49.49999999999994,10,1278.6000000000095,0.0,False,6
13,0,0,[1 2],861.5000000000073,0.5,0.5,0.10554525967909811,SI,[2 1],49.49999999999994,10,1278.6000000000095,0.0,False,6
13,0,1,[1 2],861.5000000000073,0.5,0.5,0.36058362023720747,SI,[2 1],49.49999999999994,10,1278.6000000000095,0.0,False,6
13,0,2,[1 2],861.5000000000073,0.5,0.5,0.20805316063739354,SI,[2 1],49.49999999999994,10,1278.6000000000095,0.0,False,6
13,0,3,[1 2],861.5000000000073,0.5,0.5,0.19299633465981014,SI,[2 1],49.49999999999994,10,1278.6000000000095,0.0,False,6
13,0,4,[1 2],861.5000000000073,0.5,0.5,0.0642135442341556,SI,[2 1],49.49999999999994,10,1278.6000000000095,0.0,False,6
14,0,0,[1 2],861.5000000000073,0.5,0.5,0.4097129122544647,SI,[2 1],49.49999999999994,10,1278.6000000000095,0.0,False,6
14,0,1,[1 2],861.5000000000073,0.5,0.5,0.04205554890755381,SI,[2 1],49.49999999999994,10,1278.6000000000095,0.0,False,6
14,0,2,[1 2],861.5000000000073,0.5,0.5,0.36017218599057954,SI,[2 1],49.49999999999994,10,1278.6000000000095,0.0,False,6
14,0,3,[1 2],861.5000000000073,0.5,0.5,0.4823792728958479,SI,[2 1],49.49999999999994,10,1278.6000000000095,0.0,False,6
14,0,4,[1 2],861.5000000000073,0.5,0.5,0.288980618344307,SI,[2 1],49.49999999999994,10,1278.6000000000095,0.0,False,6
15,0,0,[1 2],861.5000000000073,0.5,0.5,0.3192916252033767,SI,[2 1],49.49999999999994,10,1278.6000000000095,0.0,False,6
15,0,1,[1 2],861.5000000000073,0.5,0.5,0.37455368748888496,SI,[2 1],49.49999999999994,10,1278.6000000000095,0.0,False,6
15,0,2,[1 2],861.5000000000073,0.5,0.5,0.19465703879662488,SI,[2 1],49.49999999999994,10,1278.6000000000095,0.0,False,6
15,0,3,[1 2],861.5000000000073,0.5,0.5,0.36369367855522006,SI,[2 1],49.49999999999994,10,1278.6000000000095,0.0,False,6
15,0,4,[1 2],861.5000000000073,0.5,0.5,0.012897978001071064,SI,[2 1],49.49999999999994,10,1278.6000000000095,0.0,False,6
16,0,0,[1 2],861.5000000000073,0.5,0.5,0.15618629899163827,SI,[2 1],49.49999999999994,10,1278.6000000000095,0.0,False,6
16,0,1,[1 2],861.5000000000073,0.5,0.5,0.42182487400889224,SI,[2 1],49.49999999999994,10,1278.6000000000095,0.0,False,6
16,0,2,[1 2],861.5000000000073,0.5,0.5,0.15446894427957925,SI,[2 1],49.49999999999994,10,1278.6000000000095,0.0,False,6
16,0,3,[1 2],861.5000000000073,0.5,0.5,0.4806922400942276,SI,[2 1],49.49999999999994,10,1278.6000000000095,0.0,False,6
16,0,4,[1 2],861.5000000000073,0.5,0.5,0.11008778523123386,SI,[2 1],49.49999999999994,10,1278.6000000000095,0.0,False,6
17,0,0,[1 2],861.5000000000073,0.5,0.5,0.06286532504946662,SI,[2 1],49.49999999999994,10,1278.6000000000095,0.0,False,6
17,0,1,[1 2],861.5000000000073,0.5,0.5,0.13414008292312152,SI,[2 1],49.49999999999994,10,1278.6000000000095,0.0,False,6
17,0,2,[1 2],861.5000000000073,0.5,0.5,0.18551430997850848,SI,[2 1],49.49999999999994,10,1278.6000000000095,0.0,False,6
17,0,3,[1 2],861.5000000000073,0.5,0.5,0.3259308357841847,SI,[2 1],49.49999999999994,10,1278.6000000000095,0.0,False,6
17,0,4,[1 2],861.5000000000073,0.5,0.5,0.40471130819630974,SI,[2 1],49.49999999999994,10,1278.6000000000095,0.0,False,6
18,0,0,[1 2],861.5000000000073,0.5,0.5,0.47218430742078277,SI,[2 1],49.49999999999994,10,1278.6000000000095,0.0,False,6
18,0,1,[1 2],861.5000000000073,0.5,0.5,0.34435808896221076,SI,[2 1],49.49999999999994,10,1278.6000000000095,0.0,False,6
18,0,2,[1 2],861.5000000000073,0.5,0.5,0.39233599695787624,SI,[2 1],49.49999999999994,10,1278.6000000000095,0.0,False,6
18,0,3,[1 2],861.5000000000073,0.5,0.5,0.2609684289415942,SI,[2 1],49.49999999999994,10,1278.6000000000095,0.0,False,6
18,0,4,[1 2],861.5000000000073,0.5,0.5,0.22492673312127975,SI,[2 1],49.49999999999994,10,1278.6000000000095,0.0,False,6
19,0,0,[1 2],861.5000000000073,0.5,0.5,0.27888402100169074,SI,[2 1],49.49999999999994,10,1278.6000000000095,0.0,False,6
19,0,1,[1 2],861.5000000000073,0.5,0.5,0.44040617302158713,SI,[2 1],49.49999999999994,10,1278.6000000000095,0.0,False,6
19,0,2,[1 2],861.5000000000073,0.5,0.5,0.24494465700007995,SI,[2 1],49.49999999999994,10,1278.6000000000095,0.0,False,6
19,0,3,[1 2],861.5000000000073,0.5,0.5,0.32754937141437235,SI,[2 1],49.49999999999994,10,1278.6000000000095,0.0,False,6
19,0,4,[1 2],861.5000000000073,0.5,0.5,0.19918308546267582,SI,[2 1],49.49999999999994,10,1278.6000000000095,0.0,False,6
20,0,0,[1 2],861.5000000000073,0.5,0.5,0.42249001305494305,SI,[2 1],49.49999999999994,10,1278.6000000000095,0.0,False,6
20,0,1,[1 2],861.5000000000073,0.5,0.5,0.33963158078970845,SI,[2 1],49.49999999999994,10,1278.6000000000095,0.0,False,6
20,0,2,[1 2],861.5000000000073,0.5,0.5,0.20825185190780804,SI,[2 1],49.49999999999994,10,1278.6000000000095,0.0,False,6
20,0,3,[1 2],861.5000000000073,0.5,0.5,0.1557685948664671,SI,[2 1],49.49999999999994,10,1278.6000000000095,0.0,False,6
20,0,4,[1 2],861.5000000000073,0.5,0.5,0.29261344065286654,SI,[2 1],49.49999999999994,10,1278.6000000000095,0.0,False,6
21,0,0,[1 2],861.5000000000073,0.5,0.5,0.10016906940819625,SI,[2 1],49.49999999999994,10,1278.6000000000095,0.0,False,6
21,0,1,[1 2],861.5000000000073,0.5,0.5,0.2987122029676875,SI,[2 1],49.49999999999994,10,1278.6000000000095,0.0,False,6
21,0,2,[1 2],861.5000000000073,0.5,0.5,0.2518015533484046,SI,[2 1],49.49999999999994,10,1278.6000000000095,0.0,False,6
21,0,3,[1 2],861.5000000000073,0.5,0.5,0.015427158536367891,SI,[2 1],49.49999999999994,10,1278.6000000000095,0.0,False,6
21,0,4,[1 2],861.5000000000073,0.5,0.5,0.054225625960876545,SI,[2 1],49.49999999999994,10,1278.6000000000095,0.0,False,6
22,0,0,[1 2],861.5000000000073,0.5,0.5,0.18505598178042393,SI,[2 1],49.49999999999994,10,1278.6000000000095,0.0,False,6
22,0,1,[1 2],861.5000000000073,0.5,0.5,0.19132710913648787,SI,[2 1],49.49999999999994,10,1278.6000000000095,0.0,False,6
22,0,2,[1 2],861.5000000000073,0.5,0.5,0.06934045506508513,SI,[2 1],49.49999999999994,10,1278.6000000000095,0.0,False,6
22,0,3,[1 2],861.5000000000073,0.5,0.5,0.20830159145554517,SI,[2 1],49.49999999999994,10,1278.6000000000095,0.0,False,6
22,0,4,[1 2],861.5000000000073,0.5,0.5,0.02275953351921578,SI,[2 1],49.49999999999994,10,1278.6000000000095,0.0,False,6
23,0,0,[1 2],861.5000000000073,0.5,0.5,0.3522832256395444,SI,[2 1],49.49999999999994,10,1278.6000000000095,0.0,False,6
23,0,1,[1 2],861.5000000000073,0.5,0.5,0.26553900248383155,SI,[2 1],49.49999999999994,10,1278.6000000000095,0.0,False,6
23,0,2,[1 2],861.5000000000073,0.5,0.5,0.2835761406416457,SI,[2 1],49.49999999999994,10,1278.6000000000095,0.0,False,6
23,0,3,[1 2],861.5000000000073,0.5,0.5,0.21735910897806787,SI,[2 1],49.49999999999994,10,1278.6000000000095,0.0,False,6
23,0,4,[1 2],861.5000000000073,0.5,0.5,0.26990146054499065,SI,[2 1],49.49999999999994,10,1278.6000000000095,0.0,False,6
24,0,0,[1 2],861.5000000000073,0.5,0.5,0.32362593141550455,SI,[2 1],49.49999999999994,10,1278.6000000000095,0.0,False,6
24,0,1,[1 2],861.5000000000073,0.5,0.5,0.39935511064694085,SI,[2 1],49.49999999999994,10,1278.6000000000095,0.0,False,6
24,0,2,[1 2],861.5000000000073,0.5,0.5,0.49597192695502834,SI,[2 1],49.49999999999994,10,1278.6000000000095,0.0,False,6
24,0,3,[1 2],861.5000000000073,0.5,0.5,0.261173645589596,SI,[2 1],49.49999999999994,10,1278.6000000000095,0.0,False,6
24,0,4,[1 2],861.5000000000073,0.5,0.5,0.1836984022522713,SI,[2 1],49.49999999999994,10,1278.6000000000095,0.0,False,6
25,0,0,[1 2],861.5000000000073,0.5,0.5,0.45001057524017607,SI,[2 1],49.49999999999994,10,1278.6000000000095,0.0,False,6
25,0,1,[1 2],861.5000000000073,0.5,0.5,0.050619884302456564,SI,[2 1],49.49999999999994,10,1278.6000000000095,0.0,False,6
25,0,2,[1 2],861.5000000000073,0.5,0.5,0.21773375578835097,SI,[2 1],49.49999999999994,10,1278.6000000000095,0.0,False,6
25,0,3,[1 2],861.5000000000073,0.5,0.5,0.06947820307075425,SI,[2 1],49.49999999999994,10,1278.6000000000095,0.0,False,6
25,0,4,[1 2],861.5000000000073,0.5,0.5,0.28581615257834625,SI,[2 1],49.49999999999994,10,1278.6000000000095,0.0,False,6
26,0,0,[1 2],861.5000000000073,0.5,0.5,0.3562772944196506,SI,[2 1],49.49999999999994,10,1278.6000000000095,0.0,False,6
26,0,1,[1 2],861.5000000000073,0.5,0.5,0.09605000610782266,SI,[2 1],49.49999999999994,10,1278.6000000000095,0.0,False,6
26,0,2,[1 2],861.5000000000073,0.5,0.5,0.1273945304400126,SI,[2 1],49.49999999999994,10,1278.6000000000095,0.0,False,6
26,0,3,[1 2],861.5000000000073,0.5,0.5,0.03887284766589871,SI,[2 1],49.49999999999994,10,1278.6000000000095,0.0,False,6
26,0,4,[1 2],861.5000000000073,0.5,0.5,0.28159941081702367,SI,[2 1],49.49999999999994,10,1278.6000000000095,0.0,False,6
27,0,0,[1 2],861.5000000000073,0.5,0.5,0.43401443217575664,SI,[2 1],49.49999999999994,10,1278.6000000000095,0.0,False,6
27,0,1,[1 2],861.5000000000073,0.5,0.5,0.11156834859915932,SI,[2 1],49.49999999999994,10,1278.6000000000095,0.0,False,6
27,0,2,[1 2],861.5000000000073,0.5,0.5,0.3744732303591787,SI,[2 1],49.49999999999994,10,1278.6000000000095,0.0,False,6
27,0,3,[1 2],861.5000000000073,0.5,0.5,0.04438767728422721,SI,[2 1],49.49999999999994,10,1278.6000000000095,0.0,False,6
27,0,4,[1 2],861.5000000000073,0.5,0.5,0.12811257612417326,SI,[2 1],49.49999999999994,10,1278.6000000000095,0.0,False,6
28,0,0,[1 2],861.5000000000073,0.5,0.5,0.1761945076812178,SI,[2 1],49.49999999999994,10,1278.6000000000095,0.0,False,6
28,0,1,[1 2],861.5000000000073,0.5,0.5,0.1459797158345597,SI,[2 1],49.49999999999994,10,1278.6000000000095,0.0,False,6
28,0,2,[1 2],861.5000000000073,0.5,0.5,0.08581586858017143,SI,[2 1],49.49999999999994,10,1278.6000000000095,0.0,False,6
28,0,3,[1 2],861.5000000000073,0.5,0.5,0.18749309170922968,SI,[2 1],49.49999999999994,10,1278.6000000000095,0.0,False,6
28,0,4,[1 2],861.5000000000073,0.5,0.5,0.11375466712630333,SI,[2 1],49.49999999999994,10,1278.6000000000095,0.0,False,6
29,0,0,[1 2],861.5000000000073,0.5,0.5,0.11266039085030088,SI,[2 1],49.49999999999994,10,1278.6000000000095,0.0,False,6
29,0,1,[1 2],861.5000000000073,0.5,0.5,0.35699902245334847,SI,[2 1],49.49999999999994,10,1278.6000000000095,0.0,False,6
29,0,2,[1 2],861.5000000000073,0.5,0.5,0.1899232055893213,SI,[2 1],49.49999999999994,10,1278.6000000000095,0.0,False,6
29,0,3,[1 2],861.5000000000073,0.5,0.5,0.24682844463978104,SI,[2 1],49.49999999999994,10,1278.6000000000095,0.0,False,6
29,0,4,[1 2],861.5000000000073,0.5,0.5,0.26361006618037697,SI,[2 1],49.49999999999994,10,1278.6000000000095,0.0,False,6
30,0,0,[1 2],861.5000000000073,0.5,0.5,0.3117431764467963,SI,[2 1],49.49999999999994,10,1278.6000000000095,0.0,False,6
30,0,1,[1 2],861.5000000000073,0.5,0.5,0.04856269470529928,SI,[2 1],49.49999999999994,10,1278.6000000000095,0.0,False,6
30,0,2,[1 2],861.5000000000073,0.5,0.5,0.14245965482853507,SI,[2 1],49.49999999999994,10,1278.6000000000095,0.0,False,6
30,0,3,[1 2],861.5000000000073,0.5,0.5,0.2216269909733023,SI,[2 1],49.49999999999994,10,1278.6000000000095,0.0,False,6
30,0,4,[1 2],861.5000000000073,0.5,0.5,0.2898986005764068,SI,[2 1],49.49999999999994,10,1278.6000000000095,0.0,False,6
31,0,0,[1 2],861.5000000000073,0.5,0.5,0.10191135070530788,SI,[2 1],49.49999999999994,10,1278.6000000000095,0.0,False,6
31,0,1,[1 2],861.5000000000073,0.5,0.5,0.34434579499996976,SI,[2 1],49.49999999999994,10,1278.6000000000095,0.0,False,6
31,0,2,[1 2],861.5000000000073,0.5,0.5,0.22790829588182016,SI,[2 1],49.49999999999994,10,1278.6000000000095,0.0,False,6
31,0,3,[1 2],861.5000000000073,0.5,0.5,0.3576522073754357,SI,[2 1],49.49999999999994,10,1278.6000000000095,0.0,False,6
31,0,4,[1 2],861.5000000000073,0.5,0.5,0.2876522229407017,SI,[2 1],49.49999999999994,10,1278.6000000000095,0.0,False,6
32,0,0,[1 2],861.5000000000073,0.5,0.5,0.46194386253549924,SI,[2 1],49.49999999999994,10,1278.6000000000095,0.0,False,6
32,0,1,[1 2],861.5000000000073,0.5,0.5,0.2920211940428169,SI,[2 1],49.49999999999994,10,1278.6000000000095,0.0,False,6
32,0,2,[1 2],861.5000000000073,0.5,0.5,0.4357772655129757,SI,[2 1],49.49999999999994,10,1278.6000000000095,0.0,False,6
32,0,3,[1 2],861.5000000000073,0.5,0.5,0.2399550141656045,SI,[2 1],49.49999999999994,10,1278.6000000000095,0.0,False,6
32,0,4,[1 2],861.5000000000073,0.5,0.5,0.24984245026096452,SI,[2 1],49.49999999999994,10,1278.6000000000095,0.0,False,6
33,0,0,[1 2],861.5000000000073,0.5,0.5,0.4075044104714064,SI,[2 1],49.49999999999994,10,1278.6000000000095,0.0,False,6
33,0,1,[1 2],861.5000000000073,0.5,0.5,0.2659662989970871,SI,[2 1],49.49999999999994,10,1278.6000000000095,0.0,False,6
33,0,2,[1 2],861.5000000000073,0.5,0.5,0.016964754351573297,SI,[2 1],49.49999999999994,10,1278.6000000000095,0.0,False,6
33,0,3,[1 2],861.5000000000073,0.5,0.5,0.050525452498613066,SI,[2 1],49.49999999999994,10,1278.6000000000095,0.0,False,6
33,0,4,[1 2],861.5000000000073,0.5,0.5,0.4265007982692285,SI,[2 1],49.49999999999994,10,1278.6000000000095,0.0,False,6
34,0,0,[1 2],861.5000000000073,0.5,0.5,0.20078176126902858,SI,[2 1],49.49999999999994,10,1278.6000000000095,0.0,False,6
34,0,1,[1 2],861.5000000000073,0.5,0.5,0.4370908211734271,SI,[2 1],49.49999999999994,10,1278.6000000000095,0.0,False,6
34,0,2,[1 2],861.5000000000073,0.5,0.5,0.3730819128615608,SI,[2 1],49.49999999999994,10,1278.6000000000095,0.0,False,6
34,0,3,[1 2],861.5000000000073,0.5,0.5,0.2863258712372856,SI,[2 1],49.49999999999994,10,1278.6000000000095,0.0,False,6
34,0,4,[1 2],861.5000000000073,0.5,0.5,0.054605314177558206,SI,[2 1],49.49999999999994,10,1278.6000000000095,0.0,False,6
35,0,0,[1 2],861.5000000000073,0.5,0.5,0.3871498369214227,SI,[2 1],49.49999999999994,10,1278.6000000000095,0.0,False,6
35,0,1,[1 2],861.5000000000073,0.5,0.5,0.15984118664340152,SI,[2 1],49.49999999999994,10,1278.6000000000095,0.0,False,6
35,0,2,[1 2],861.5000000000073,0.5,0.5,0.16643926325741176,SI,[2 1],49.49999999999994,10,1278.6000000000095,0.0,False,6
35,0,3,[1 2],861.5000000000073,0.5,0.5,0.13306757880170073,SI,[2 1],49.49999999999994,10,1278.6000000000095,0.0,False,6
35,0,4,[1 2],861.5000000000073,0.5,0.5,0.19402137370141115,SI,[2 1],49.49999999999994,10,1278.6000000000095,0.0,False,6
36,0,0,[1 2],861.5000000000073,0.5,0.5,0.4145971983344592,SI,[2 1],49.49999999999994,10,1278.6000000000095,0.0,False,6
36,0,1,[1 2],861.5000000000073,0.5,0.5,0.1463344524874861,SI,[2 1],49.49999999999994,10,1278.6000000000095,0.0,False,6
36,0,2,[1 2],861.5000000000073,0.5,0.5,0.24953354193139066,SI,[2 1],49.49999999999994,10,1278.6000000000095,0.0,False,6
36,0,3,[1 2],861.5000000000073,0.5,0.5,0.427831442421329,SI,[2 1],49.49999999999994,10,1278.6000000000095,0.0,False,6
36,0,4,[1 2],861.5000000000073,0.5,0.5,0.4610754692693154,SI,[2 1],49.49999999999994,10,1278.6000000000095,0.0,False,6
37,0,0,[1 2],861.5000000000073,0.5,0.5,0.15778849125002536,SI,[2 1],49.49999999999994,10,1278.6000000000095,0.0,False,6
37,0,1,[1 2],861.5000000000073,0.5,0.5,0.48836806983461656,SI,[2 1],49.49999999999994,10,1278.6000000000095,0.0,False,6
37,0,2,[1 2],861.5000000000073,0.5,0.5,0.2442658633027852,SI,[2 1],49.49999999999994,10,1278.6000000000095,0.0,False,6
37,0,3,[1 2],861.5000000000073,0.5,0.5,0.4256427847380494,SI,[2 1],49.49999999999994,10,1278.6000000000095,0.0,False,6
37,0,4,[1 2],861.5000000000073,0.5,0.5,0.22247609349775088,SI,[2 1],49.49999999999994,10,1278.6000000000095,0.0,False,6
38,0,0,[1 2],861.5000000000073,0.5,0.5,0.3009449931935564,SI,[2 1],49.49999999999994,10,1278.6000000000095,0.0,False,6
38,0,1,[1 2],861.5000000000073,0.5,0.5,0.06615010581290781,SI,[2 1],49.49999999999994,10,1278.6000000000095,0.0,False,6
38,0,2,[1 2],861.5000000000073,0.5,0.5,0.016027520968060593,SI,[2 1],49.49999999999994,10,1278.6000000000095,0.0,False,6
38,0,3,[1 2],861.5000000000073,0.5,0.5,0.43772341300235706,SI,[2 1],49.49999999999994,10,1278.6000000000095,0.0,False,6
38,0,4,[1 2],861.5000000000073,0.5,0.5,0.3626062810609081,SI,[2 1],49.49999999999994,10,1278.6000000000095,0.0,False,6
39,0,0,[1 2],861.5000000000073,0.5,0.5,0.010268572511498597,SI,[2 1],49.49999999999994,10,1278.6000000000095,0.0,False,6
39,0,1,[1 2],861.5000000000073,0.5,0.5,0.17035944642228606,SI,[2 1],49.49999999999994,10,1278.6000000000095,0.0,False,6
39,0,2,[1 2],861.5000000000073,0.5,0.5,0.03490831336748734,SI,[2 1],49.49999999999994,10,1278.6000000000095,0.0,False,6
39,0,3,[1 2],861.5000000000073,0.5,0.5,0.29412776739766056,SI,[2 1],49.49999999999994,10,1278.6000000000095,0.0,False,6
39,0,4,[1 2],861.5000000000073,0.5,0.5,0.06210760711397312,SI,[2 1],49.49999999999994,10,1278.6000000000095,0.0,False,6
40,0,0,[1 2],861.5000000000073,0.5,0.5,0.10752362250758318,SI,[2 1],49.49999999999994,10,1278.6000000000095,0.0,False,6
40,0,1,[1 2],861.5000000000073,0.5,0.5,0.17426298144187247,SI,[2 1],49.49999999999994,10,1278.6000000000095,0.0,False,6
40,0,2,[1 2],861.5000000000073,0.5,0.5,0.4183058531909072,SI,[2 1],49.49999999999994,10,1278.6000000000095,0.0,False,6
40,0,3,[1 2],861.5000000000073,0.5,0.5,0.3389974771148212,SI,[2 1],49.49999999999994,10,1278.6000000000095,0.0,False,6
40,0,4,[1 2],861.5000000000073,0.5,0.5,0.4772987183602583,SI,[2 1],49.49999999999994,10,1278.6000000000095,0.0,False,6
41,0,0,[1 2],861.5000000000073,0.5,0.5,0.45226860698274307,SI,[2 1],49.49999999999994,10,1278.6000000000095,0.0,False,6
41,0,1,[1 2],861.5000000000073,0.5,0.5,0.29917709458516084,SI,[2 1],49.49999999999994,10,1278.6000000000095,0.0,False,6
41,0,2,[1 2],861.5000000000073,0.5,0.5,0.24140319618551198,SI,[2 1],49.49999999999994,10,1278.6000000000095,0.0,False,6
41,0,3,[1 2],861.5000000000073,0.5,0.5,0.41176496714591426,SI,[2 1],49.49999999999994,10,1278.6000000000095,0.0,False,6
41,0,4,[1 2],861.5000000000073,0.5,0.5,0.07898576413899205,SI,[2 1],49.49999999999994,10,1278.6000000000095,0.0,False,6
42,0,0,[1 2],861.5000000000073,0.5,0.5,0.13670018577133947,SI,[2 1],49.49999999999994,10,1278.6000000000095,0.0,False,6
42,0,1,[1 2],861.5000000000073,0.5,0.5,0.4801033135480709,SI,[2 1],49.49999999999994,10,1278.6000000000095,0.0,False,6
42,0,2,[1 2],861.5000000000073,0.5,0.5,0.015934306814483823,SI,[2 1],49.49999999999994,10,1278.6000000000095,0.0,False,6
42,0,3,[1 2],861.5000000000073,0.5,0.5,0.10229113510744503,SI,[2 1],49.49999999999994,10,1278.6000000000095,0.0,False,6
42,0,4,[1 2],861.5000000000073,0.5,0.5,0.14133296187327282,SI,[2 1],49.49999999999994,10,1278.6000000000095,0.0,False,6
43,0,0,[1 2],861.5000000000073,0.5,0.5,0.20626819823289033,SI,[2 1],49.49999999999994,10,1278.6000000000095,0.0,False,6
43,0,1,[1 2],861.5000000000073,0.5,0.5,0.463256306354795,SI,[2 1],49.49999999999994,10,1278.6000000000095,0.0,False,6
43,0,2,[1 2],861.5000000000073,0.5,0.5,0.3179068947230328,SI,[2 1],49.49999999999994,10,1278.6000000000095,0.0,False,6
43,0,3,[1 2],861.5000000000073,0.5,0.5,0.14594833832029108,SI,[2 1],49.49999999999994,10,1278.6000000000095,0.0,False,6
43,0,4,[1 2],861.5000000000073,0.5,0.5,0.3547677527501827,SI,[2 1],49.49999999999994,10,1278.6000000000095,0.0,False,6
44,0,0,[1 2],861.5000000000073,0.5,0.5,0.08233740327375172,SI,[2 1],49.49999999999994,10,1278.6000000000095,0.0,False,6
44,0,1,[1 2],861.5000000000073,0.5,0.5,0.17648229164532125,SI,[2 1],49.49999999999994,10,1278.6000000000095,0.0,False,6
44,0,2,[1 2],861.5000000000073,0.5,0.5,0.24454741036311822,SI,[2 1],49.49999999999994,10,1278.6000000000095,0.0,False,6
44,0,3,[1 2],861.5000000000073,0.5,0.5,0.49051967516356243,SI,[2 1],49.49999999999994,10,1278.6000000000095,0.0,False,6
44,0,4,[1 2],861.5000000000073,0.5,0.5,0.06872900412041094,SI,[2 1],49.49999999999994,10,1278.6000000000095,0.0,False,6
45,0,0,[1 2],861.5000000000073,0.5,0.5,0.4657021972140194,SI,[2 1],49.49999999999994,10,1278.6000000000095,0.0,False,6
45,0,1,[1 2],861.5000000000073,0.5,0.5,0.2823667215042063,SI,[2 1],49.49999999999994,10,1278.6000000000095,0.0,False,6
45,0,2,[1 2],861.5000000000073,0.5,0.5,0.14190501029314107,SI,[2 1],49.49999999999994,10,1278.6000000000095,0.0,False,6
45,0,3,[1 2],861.5000000000073,0.5,0.5,0.23998166934530762,SI,[2 1],49.49999999999994,10,1278.6000000000095,0.0,False,6
45,0,4,[1 2],861.5000000000073,0.5,0.5,0.18633700798958575,SI,[2 1],49.49999999999994,10,1278.6000000000095,0.0,False,6
46,0,0,[1 2],861.5000000000073,0.5,0.5,0.29782828482407064,SI,[2 1],49.49999999999994,10,1278.6000000000095,0.0,False,6
46,0,1,[1 2],861.5000000000073,0.5,0.5,0.17596561786710807,SI,[2 1],49.49999999999994,10,1278.6000000000095,0.0,False,6
46,0,2,[1 2],861.5000000000073,0.5,0.5,0.3543891673417229,SI,[2 1],49.49999999999994,10,1278.6000000000095,0.0,False,6
46,0,3,[1 2],861.5000000000073,0.5,0.5,0.06061867890629302,SI,[2 1],49.49999999999994,10,1278.6000000000095,0.0,False,6
46,0,4,[1 2],861.5000000000073,0.5,0.5,0.18312827883375626,SI,[2 1],49.49999999999994,10,1278.6000000000095,0.0,False,6
47,0,0,[1 2],861.5000000000073,0.5,0.5,0.10837563855987331,SI,[2 1],49.49999999999994,10,1278.6000000000095,0.0,False,6
47,0,1,[1 2],861.5000000000073,0.5,0.5,0.34795935344607254,SI,[2 1],49.49999999999994,10,1278.6000000000095,0.0,False,6
47,0,2,[1 2],861.5000000000073,0.5,0.5,0.4424326323112442,SI,[2 1],49.49999999999994,10,1278.6000000000095,0.0,False,6
47,0,3,[1 2],861.5000000000073,0.5,0.5,0.11002145499515736,SI,[2 1],49.49999999999994,10,1278.6000000000095,0.0,False,6
47,0,4,[1 2],861.5000000000073,0.5,0.5,0.10267931139429054,SI,[2 1],49.49999999999994,10,1278.6000000000095,0.0,False,6
48,0,0,[1 2],861.5000000000073,0.5,0.5,0.4576747288754581,SI,[2 1],49.49999999999994,10,1278.6000000000095,0.0,False,6
48,0,1,[1 2],861.5000000000073,0.5,0.5,0.28467211459148956,SI,[2 1],49.49999999999994,10,1278.6000000000095,0.0,False,6
48,0,2,[1 2],861.5000000000073,0.5,0.5,0.07262250703416939,SI,[2 1],49.49999999999994,10,1278.6000000000095,0.0,False,6
48,0,3,[1 2],861.5000000000073,0.5,0.5,0.35509146648093537,SI,[2 1],49.49999999999994,10,1278.6000000000095,0.0,False,6
48,0,4,[1 2],861.5000000000073,0.5,0.5,0.3362655345900225,SI,[2 1],49.49999999999994,10,1278.6000000000095,0.0,False,6
49,0,0,[1 2],861.5000000000073,0.5,0.5,0.11492959068478659,SI,[2 1],49.49999999999994,10,1278.6000000000095,0.0,False,6
49,0,1,[1 2],861.5000000000073,0.5,0.5,0.25403917555590416,SI,[2 1],49.49999999999994,10,1278.6000000000095,0.0,False,6
49,0,2,[1 2],861.5000000000073,0.5,0.5,0.194863977842197,SI,[2 1],49.49999999999994,10,1278.6000000000095,0.0,False,6
49,0,3,[1 2],861.5000000000073,0.5,0.5,0.18408372703457754,SI,[2 1],49.49999999999994,10,1278.6000000000095,0.0,False,6
49,0,4,[1 2],861.5000000000073,0.5,0.5,0.39429382315667516,SI,[2 1],49.49999999999994,10,1278.6000000000095,0.0,False,6
50,0,0,[1 2],861.5000000000073,0.5,0.5,0.27219147662733234,SI,[2 1],49.49999999999994,10,1278.6000000000095,0.0,False,6
50,0,1,[1 2],861.5000000000073,0.5,0.5,0.3707049087257708,SI,[2 1],49.49999999999994,10,1278.6000000000095,0.0,False,6
50,0,2,[1 2],861.5000000000073,0.5,0.5,0.07249517759481605,SI,[2 1],49.49999999999994,10,1278.6000000000095,0.0,False,6
50,0,3,[1 2],861.5000000000073,0.5,0.5,0.40345744123730454,SI,[2 1],49.49999999999994,10,1278.6000000000095,0.0,False,6
50,0,4,[1 2],861.5000000000073,0.5,0.5,0.3666084906396301,SI,[2 1],49.49999999999994,10,1278.6000000000095,0.0,False,6
0,9,0,[3 2 1],952.5,0.5,0.5,0.2885104944258252,SI,[3 1 2],52.5,10,996.6999999999971,0.0,False,7
0,9,1,[3 2 1],952.5,0.5,0.5,0.11671486625625771,SI,[3 1 2],52.5,10,996.6999999999971,0.0,False,7
0,9,2,[3 2 1],952.5,0.5,0.5,0.39586513427029246,SI,[3 1 2],52.5,10,996.6999999999971,0.0,False,7
0,9,3,[3 2 1],952.5,0.5,0.5,0.11350141587340112,SI,[3 1 2],52.5,10,996.6999999999971,0.0,False,7
0,9,4,[3 2 1],952.5,0.5,0.5,0.2144972411293522,SI,[3 1 2],52.5,10,996.6999999999971,0.0,False,7
1,0,0,[3 2 1],952.5,0.5,0.5,0.26804130316625296,SI,[3 1 2],52.5,10,996.6999999999971,0.0,False,7
1,0,1,[3 2 1],952.5,0.5,0.5,0.6588868415220044,MI,[1 2 3],89.0,10,979.5999999999985,0.0,False,7
1,0,2,[3 2 1],952.5,0.5,0.5,0.5206836545653802,MI,[1 2 3],89.0,10,979.5999999999985,0.0,False,7
1,0,3,[3 2 1],952.5,0.5,0.5,0.09320177658699969,SI,[3 1 2],52.5,10,996.6999999999971,0.0,False,7
1,0,4,[3 2 1],952.5,0.5,0.5,0.16563134677489844,SI,[3 1 2],52.5,10,996.6999999999971,0.0,False,7
2,0,0,[3 2 1],952.5,0.5,0.5,0.1393133330428642,SI,[3 1 2],52.5,10,996.6999999999971,0.0,False,7
2,0,1,[3 2 1],952.5,0.5,0.5,0.4206796154338879,SI,[3 1 2],52.5,10,996.6999999999971,0.0,False,7
2,0,2,[3 2 1],952.5,0.5,0.5,0.3157082218794899,SI,[3 1 2],52.5,10,996.6999999999971,0.0,False,7
2,0,3,[3 2 1],952.5,0.5,0.5,0.48836219164179484,SI,[3 1 2],52.5,10,996.6999999999971,0.0,False,7
2,0,4,[3 2 1],952.5,0.5,0.5,0.11030338074136758,SI,[3 1 2],52.5,10,996.6999999999971,0.0,False,7
3,0,0,[3 2 1],952.5,0.5,0.5,0.4426194535077975,SI,[3 1 2],52.5,10,996.6999999999971,0.0,False,7
3,0,1,[3 2 1],952.5,0.5,0.5,0.1777103706126023,SI,[3 1 2],52.5,10,996.6999999999971,0.0,False,7
3,0,2,[3 2 1],952.5,0.5,0.5,0.44791302524449383,SI,[3 1 2],52.5,10,996.6999999999971,0.0,False,7
3,0,3,[3 2 1],952.5,0.5,0.5,0.2038251387816492,SI,[3 1 2],52.5,10,996.6999999999971,0.0,False,7
3,0,4,[3 2 1],952.5,0.5,0.5,0.07702889414254688,SI,[3 1 2],52.5,10,996.6999999999971,0.0,False,7
4,0,0,[3 2 1],952.5,0.5,0.5,0.35455887804079067,SI,[3 1 2],52.5,10,996.6999999999971,0.0,False,7
4,0,1,[3 2 1],952.5,0.5,0.5,0.20993472741048447,SI,[3 1 2],52.5,10,996.6999999999971,0.0,False,7
4,0,2,[3 2 1],952.5,0.5,0.5,0.36832062811030175,SI,[3 1 2],52.5,10,996.6999999999971,0.0,False,7
4,0,3,[3 2 1],952.5,0.5,0.5,0.25940232972549104,SI,[3 1 2],52.5,10,996.6999999999971,0.0,False,7
4,0,4,[3 2 1],952.5,0.5,0.5,0.20849801436025495,SI,[3 1 2],52.5,10,996.6999999999971,0.0,False,7
5,0,0,[3 2 1],952.5,0.5,0.5,0.16586502730233654,SI,[3 1 2],52.5,10,996.6999999999971,0.0,False,7
5,0,1,[3 2 1],952.5,0.5,0.5,0.3663533289283025,SI,[3 1 2],52.5,10,996.6999999999971,0.0,False,7
5,0,2,[3 2 1],952.5,0.5,0.5,0.2405420980232249,SI,[3 1 2],52.5,10,996.6999999999971,0.0,False,7
5,0,3,[3 2 1],952.5,0.5,0.5,0.469019411160961,SI,[3 1 2],52.5,10,996.6999999999971,0.0,False,7
5,0,4,[3 2 1],952.5,0.5,0.5,0.10206703233869907,SI,[3 1 2],52.5,10,996.6999999999971,0.0,False,7
6,0,0,[3 2 1],952.5,0.5,0.5,0.46886343187061486,SI,[3 1 2],52.5,10,996.6999999999971,0.0,False,7
6,0,1,[3 2 1],952.5,0.5,0.5,0.20094962553764062,SI,[3 1 2],52.5,10,996.6999999999971,0.0,False,7
6,0,2,[3 2 1],952.5,0.5,0.5,0.13445218854307484,SI,[1 2 3],89.0,10,979.5999999999985,0.0,False,7
6,0,3,[3 2 1],952.5,0.5,0.5,0.16047470192508007,SI,[3 1 2],52.5,10,996.6999999999971,0.0,False,7
6,0,4,[3 2 1],952.5,0.5,0.5,0.45620083405446743,SI,[3 1 2],52.5,10,996.6999999999971,0.0,False,7
7,0,0,[3 2 1],952.5,0.5,0.5,0.19302221418624999,SI,[3 1 2],52.5,10,996.6999999999971,0.0,False,7
7,0,1,[3 2 1],952.5,0.5,0.5,0.027384218887765654,SI,[3 1 2],52.5,10,996.6999999999971,0.0,False,7
7,0,2,[3 2 1],952.5,0.5,0.5,0.31088789739548084,SI,[3 1 2],52.5,10,996.6999999999971,0.0,False,7
7,0,3,[3 2 1],952.5,0.5,0.5,0.48203274071257507,SI,[3 1 2],52.5,10,996.6999999999971,0.0,False,7
7,0,4,[3 2 1],952.5,0.5,0.5,0.4331075126746786,SI,[3 1 2],52.5,10,996.6999999999971,0.0,False,7
8,0,0,[3 2 1],952.5,0.5,0.5,0.2951125942076229,SI,[3 1 2],52.5,10,996.6999999999971,0.0,False,7
8,0,1,[3 2 1],952.5,0.5,0.5,0.2043953699034442,SI,[3 1 2],52.5,10,996.6999999999971,0.0,False,7
8,0,2,[3 2 1],952.5,0.5,0.5,0.734403851639633,MI,[1 2 3],89.0,10,979.5999999999985,0.0,False,7
8,0,3,[3 2 1],952.5,0.5,0.5,0.27585342087507303,SI,[3 1 2],52.5,10,996.6999999999971,0.0,False,7
8,0,4,[3 2 1],952.5,0.5,0.5,0.3143234407690568,SI,[3 1 2],52.5,10,996.6999999999971,0.0,False,7
9,0,0,[3 2 1],952.5,0.5,0.5,0.43446547159121485,SI,[3 1 2],52.5,10,996.6999999999971,0.0,False,7
9,0,1,[3 2 1],952.5,0.5,0.5,0.15134716712243168,SI,[3 1 2],52.5,10,996.6999999999971,0.0,False,7
9,0,2,[3 2 1],952.5,0.5,0.5,0.4538600627784214,SI,[3 1 2],52.5,10,996.6999999999971,0.0,False,7
9,0,3,[3 2 1],952.5,0.5,0.5,0.34764377997368456,SI,[3 1 2],52.5,10,996.6999999999971,0.0,False,7
9,0,4,[3 2 1],952.5,0.5,0.5,0.9721147977864903,MI,[1 2 3],89.0,10,979.5999999999985,0.0,False,7
10,0,0,[3 2 1],952.5,0.5,0.5,0.49756278785183505,SI,[3 1 2],52.5,10,996.6999999999971,0.0,False,7
10,0,1,[3 2 1],952.5,0.5,0.5,0.08686059536445423,SI,[3 1 2],52.5,10,996.6999999999971,0.0,False,7
10,0,2,[3 2 1],952.5,0.5,0.5,0.09093732068651716,SI,[3 1 2],52.5,10,996.6999999999971,0.0,False,7
10,0,3,[3 2 1],952.5,0.5,0.5,0.4795581209056049,SI,[3 1 2],52.5,10,996.6999999999971,0.0,False,7
10,0,4,[3 2 1],952.5,0.5,0.5,0.17834714825708542,SI,[3 1 2],52.5,10,996.6999999999971,0.0,False,7
11,0,0,[3 2 1],952.5,0.5,0.5,0.36358685228454213,SI,[3 1 2],52.5,10,996.6999999999971,0.0,False,7
11,0,1,[3 2 1],952.5,0.5,0.5,0.07576643648711368,SI,[1 2 3],89.0,10,979.5999999999985,0.0,False,7
11,0,2,[3 2 1],952.5,0.5,0.5,0.19517983239948256,SI,[3 1 2],52.5,10,996.6999999999971,0.0,False,7
11,0,3,[3 2 1],952.5,0.5,0.5,0.22396927927757726,SI,[3 1 2],52.5,10,996.6999999999971,0.0,False,7
11,0,4,[3 2 1],952.5,0.5,0.5,0.6822569552385377,MI,[1 2 3],89.0,10,979.5999999999985,0.0,False,7
12,0,0,[3 2 1],952.5,0.5,0.5,0.1729232200317592,SI,[3 1 2],52.5,10,996.6999999999971,0.0,False,7
12,0,1,[3 2 1],952.5,0.5,0.5,0.1594982932680683,SI,[3 1 2],52.5,10,996.6999999999971,0.0,False,7
12,0,2,[3 2 1],952.5,0.5,0.5,0.2558743289617825,SI,[3 1 2],52.5,10,996.6999999999971,0.0,False,7
12,0,3,[3 2 1],952.5,0.5,0.5,0.4945202423486459,SI,[3 1 2],52.5,10,996.6999999999971,0.0,False,7
12,0,4,[3 2 1],952.5,0.5,0.5,0.073668512111563,SI,[3 1 2],52.5,10,996.6999999999971,0.0,False,7
13,0,0,[3 2 1],952.5,0.5,0.5,0.49566506381732456,SI,[3 1 2],52.5,10,996.6999999999971,0.0,False,7
13,0,1,[3 2 1],952.5,0.5,0.5,0.3617481697999466,SI,[3 1 2],52.5,10,996.6999999999971,0.0,False,7
13,0,2,[3 2 1],952.5,0.5,0.5,0.16295208226115643,SI,[3 1 2],52.5,10,996.6999999999971,0.0,False,7
13,0,3,[3 2 1],952.5,0.5,0.5,0.04323357107389203,SI,[3 1 2],52.5,10,996.6999999999971,0.0,False,7
13,0,4,[3 2 1],952.5,0.5,0.5,0.15167069302455782,SI,[3 1 2],52.5,10,996.6999999999971,0.0,False,7
14,0,0,[3 2 1],952.5,0.5,0.5,0.2593871418062007,SI,[3 1 2],52.5,10,996.6999999999971,0.0,False,7
14,0,1,[3 2 1],952.5,0.5,0.5,0.495985032639383,SI,[3 1 2],52.5,10,996.6999999999971,0.0,False,7
14,0,2,[3 2 1],952.5,0.5,0.5,0.3201948339908177,SI,[1 2 3],89.0,10,979.5999999999985,0.0,False,7
14,0,3,[3 2 1],952.5,0.5,0.5,0.08572589204686443,SI,[3 1 2],52.5,10,996.6999999999971,0.0,False,7
14,0,4,[3 2 1],952.5,0.5,0.5,0.15925698022223622,SI,[3 1 2],52.5,10,996.6999999999971,0.0,False,7
15,0,0,[3 2 1],952.5,0.5,0.5,0.4379087258372393,SI,[3 1 2],52.5,10,996.6999999999971,0.0,False,7
15,0,1,[3 2 1],952.5,0.5,0.5,0.7976753439102684,MI,[1 2 3],89.0,10,979.5999999999985,0.0,False,7
15,0,2,[3 2 1],952.5,0.5,0.5,0.9462070474431206,MI,[1 2 3],89.0,10,979.5999999999985,0.0,False,7
15,0,3,[3 2 1],952.5,0.5,0.5,0.12586890681904228,SI,[3 1 2],52.5,10,996.6999999999971,0.0,False,7
15,0,4,[3 2 1],952.5,0.5,0.5,0.6810623401598164,MI,[1 2 3],89.0,10,979.5999999999985,0.0,False,7
16,0,0,[3 2 1],952.5,0.5,0.5,0.17319496446313354,SI,[3 1 2],52.5,10,996.6999999999971,0.0,False,7
16,0,1,[3 2 1],952.5,0.5,0.5,0.24288812265919701,SI,[1 2 3],89.0,10,979.5999999999985,0.0,False,7
16,0,2,[3 2 1],952.5,0.5,0.5,0.40313149730048214,SI,[1 2 3],89.0,10,979.5999999999985,0.0,False,7
16,0,3,[3 2 1],952.5,0.5,0.5,0.28021764903328616,SI,[3 1 2],52.5,10,996.6999999999971,0.0,False,7
16,0,4,[3 2 1],952.5,0.5,0.5,0.9477153961506954,MI,[1 2 3],89.0,10,979.5999999999985,0.0,False,7
17,0,0,[3 2 1],952.5,0.5,0.5,0.9989557748326343,MI,[1 2 3],89.0,10,979.5999999999985,0.0,False,7
17,0,1,[3 2 1],952.5,0.5,0.5,0.16919254315590293,SI,[1 2 3],89.0,10,979.5999999999985,0.0,False,7
17,0,2,[3 2 1],952.5,0.5,0.5,0.39920551431833096,SI,[3 1 2],52.5,10,996.6999999999971,0.0,False,7
17,0,3,[3 2 1],952.5,0.5,0.5,0.23677712883221813,SI,[3 1 2],52.5,10,996.6999999999971,0.0,False,7
17,0,4,[3 2 1],952.5,0.5,0.5,0.4316084367644879,SI,[3 1 2],52.5,10,996.6999999999971,0.0,False,7
18,0,0,[3 2 1],952.5,0.5,0.5,0.4152389440850345,SI,[3 1 2],52.5,10,996.6999999999971,0.0,False,7
18,0,1,[3 2 1],952.5,0.5,0.5,0.01499213849698744,SI,[3 1 2],52.5,10,996.6999999999971,0.0,False,7
18,0,2,[3 2 1],952.5,0.5,0.5,0.49866343371117783,SI,[3 1 2],52.5,10,996.6999999999971,0.0,False,7
18,0,3,[3 2 1],952.5,0.5,0.5,0.010619672830482041,SI,[3 1 2],52.5,10,996.6999999999971,0.0,False,7
18,0,4,[3 2 1],952.5,0.5,0.5,0.24955069993282675,SI,[3 1 2],52.5,10,996.6999999999971,0.0,False,7
19,0,0,[3 2 1],952.5,0.5,0.5,0.41834925107949206,SI,[3 1 2],52.5,10,996.6999999999971,0.0,False,7
19,0,1,[3 2 1],952.5,0.5,0.5,0.028698938190444334,SI,[3 1 2],52.5,10,996.6999999999971,0.0,False,7
19,0,2,[3 2 1],952.5,0.5,0.5,0.41283617617654256,SI,[3 1 2],52.5,10,996.6999999999971,0.0,False,7
19,0,3,[3 2 1],952.5,0.5,0.5,0.700691190805213,MI,[1 2 3],89.0,10,979.5999999999985,0.0,False,7
19,0,4,[3 2 1],952.5,0.5,0.5,0.19713191924029816,SI,[3 1 2],52.5,10,996.6999999999971,0.0,False,7
20,0,0,[3 2 1],952.5,0.5,0.5,0.15673159440389828,SI,[3 1 2],52.5,10,996.6999999999971,0.0,False,7
20,0,1,[3 2 1],952.5,0.5,0.5,0.15760368372734024,SI,[3 1 2],52.5,10,996.6999999999971,0.0,False,7
20,0,2,[3 2 1],952.5,0.5,0.5,0.3306345066271399,SI,[3 1 2],52.5,10,996.6999999999971,0.0,False,7
20,0,3,[3 2 1],952.5,0.5,0.5,0.1967012059317671,SI,[3 1 2],52.5,10,996.6999999999971,0.0,False,7
20,0,4,[3 2 1],952.5,0.5,0.5,0.019738681892172427,SI,[3 1 2],52.5,10,996.6999999999971,0.0,False,7
21,0,0,[3 2 1],952.5,0.5,0.5,0.05756274015572227,SI,[3 1 2],52.5,10,996.6999999999971,0.0,False,7
21,0,1,[3 2 1],952.5,0.5,0.5,0.2106023857731666,SI,[3 1 2],52.5,10,996.6999999999971,0.0,False,7
21,0,2,[3 2 1],952.5,0.5,0.5,0.4820770314148124,SI,[3 1 2],52.5,10,996.6999999999971,0.0,False,7
21,0,3,[3 2 1],952.5,0.5,0.5,0.18557157972936544,SI,[3 1 2],52.5,10,996.6999999999971,0.0,False,7
21,0,4,[3 2 1],952.5,0.5,0.5,0.9535498362915786,MI,[1 2 3],89.0,10,979.5999999999985,0.0,False,7
22,0,0,[3 2 1],952.5,0.5,0.5,0.038900605980244696,SI,[3 1 2],52.5,10,996.6999999999971,0.0,False,7
22,0,1,[3 2 1],952.5,0.5,0.5,0.14341464938103532,SI,[3 1 2],52.5,10,996.6999999999971,0.0,False,7
22,0,2,[3 2 1],952.5,0.5,0.5,0.4517606595707122,SI,[3 1 2],52.5,10,996.6999999999971,0.0,False,7
22,0,3,[3 2 1],952.5,0.5,0.5,0.1891551131437249,SI,[3 1 2],52.5,10,996.6999999999971,0.0,False,7
22,0,4,[3 2 1],952.5,0.5,0.5,0.12625458430186198,SI,[3 1 2],52.5,10,996.6999999999971,0.0,False,7
23,0,0,[3 2 1],952.5,0.5,0.5,0.33472825794421057,SI,[3 1 2],52.5,10,996.6999999999971,0.0,False,7
23,0,1,[3 2 1],952.5,0.5,0.5,0.6512382540684118,MI,[1 2 3],89.0,10,979.5999999999985,0.0,False,7
23,0,2,[3 2 1],952.5,0.5,0.5,0.37777326673943323,SI,[3 1 2],52.5,10,996.6999999999971,0.0,False,7
23,0,3,[3 2 1],952.5,0.5,0.5,0.3645435010893353,SI,[3 1 2],52.5,10,996.6999999999971,0.0,False,7
23,0,4,[3 2 1],952.5,0.5,0.5,0.37611630465221224,SI,[3 1 2],52.5,10,996.6999999999971,0.0,False,7
24,0,0,[3 2 1],952.5,0.5,0.5,0.06869608075366229,SI,[3 1 2],52.5,10,996.6999999999971,0.0,False,7
24,0,1,[3 2 1],952.5,0.5,0.5,0.1902697099620675,SI,[3 1 2],52.5,10,996.6999999999971,0.0,False,7
24,0,2,[3 2 1],952.5,0.5,0.5,0.1732082587052438,SI,[3 1 2],52.5,10,996.6999999999971,0.0,False,7
24,0,3,[3 2 1],952.5,0.5,0.5,0.10138712033043873,SI,[3 1 2],52.5,10,996.6999999999971,0.0,False,7
24,0,4,[3 2 1],952.5,0.5,0.5,0.4285070553388274,SI,[3 1 2],52.5,10,996.6999999999971,0.0,False,7
25,0,0,[3 2 1],952.5,0.5,0.5,0.6229620678349963,MI,[1 2 3],89.0,10,979.5999999999985,0.0,False,7
25,0,1,[3 2 1],952.5,0.5,0.5,0.16290516059147642,SI,[3 1 2],52.5,10,996.6999999999971,0.0,False,7
25,0,2,[3 2 1],952.5,0.5,0.5,0.4630705854848348,SI,[3 1 2],52.5,10,996.6999999999971,0.0,False,7
25,0,3,[3 2 1],952.5,0.5,0.5,0.23099203664510148,SI,[3 1 2],52.5,10,996.6999999999971,0.0,False,7
25,0,4,[3 2 1],952.5,0.5,0.5,0.15912512193946315,SI,[3 1 2],52.5,10,996.6999999999971,0.0,False,7
26,0,0,[3 2 1],952.5,0.5,0.5,0.9926655566747955,MI,[1 2 3],89.0,10,979.5999999999985,0.0,False,7
26,0,1,[3 2 1],952.5,0.5,0.5,0.18081500709386378,SI,[3 1 2],52.5,10,996.6999999999971,0.0,False,7
26,0,2,[3 2 1],952.5,0.5,0.5,0.28643220316897167,SI,[3 1 2],52.5,10,996.6999999999971,0.0,False,7
26,0,3,[3 2 1],952.5,0.5,0.5,0.35323525636880215,SI,[3 1 2],52.5,10,996.6999999999971,0.0,False,7
26,0,4,[3 2 1],952.5,0.5,0.5,0.0559466058674174,SI,[3 1 2],52.5,10,996.6999999999971,0.0,False,7
27,0,0,[3 2 1],952.5,0.5,0.5,0.4944470433313076,SI,[3 1 2],52.5,10,996.6999999999971,0.0,False,7
27,0,1,[3 2 1],952.5,0.5,0.5,0.11561904432451753,SI,[3 1 2],52.5,10,996.6999999999971,0.0,False,7
27,0,2,[3 2 1],952.5,0.5,0.5,0.25965258348112363,SI,[3 1 2],52.5,10,996.6999999999971,0.0,False,7
27,0,3,[3 2 1],952.5,0.5,0.5,0.7374836328359586,MI,[1 2 3],89.0,10,979.5999999999985,0.0,False,7
27,0,4,[3 2 1],952.5,0.5,0.5,0.3885654593891148,SI,[3 1 2],52.5,10,996.6999999999971,0.0,False,7
28,0,0,[3 2 1],952.5,0.5,0.5,0.13617180411086627,SI,[3 1 2],52.5,10,996.6999999999971,0.0,False,7
28,0,1,[3 2 1],952.5,0.5,0.5,0.21870604282949868,SI,[3 1 2],52.5,10,996.6999999999971,0.0,False,7
28,0,2,[3 2 1],952.5,0.5,0.5,0.4512286368607571,SI,[3 1 2],52.5,10,996.6999999999971,0.0,False,7
28,0,3,[3 2 1],952.5,0.5,0.5,0.04795960803161148,SI,[3 1 2],52.5,10,996.6999999999971,0.0,False,7
28,0,4,[3 2 1],952.5,0.5,0.5,0.44425822855349917,SI,[3 1 2],52.5,10,996.6999999999971,0.0,False,7
29,0,0,[3 2 1],952.5,0.5,0.5,0.4174036391584173,SI,[3 1 2],52.5,10,996.6999999999971,0.0,False,7
29,0,1,[3 2 1],952.5,0.5,0.5,0.09066656028128617,SI,[3 1 2],52.5,10,996.6999999999971,0.0,False,7
29,0,2,[3 2 1],952.5,0.5,0.5,0.14301284104441803,SI,[3 1 2],52.5,10,996.6999999999971,0.0,False,7
29,0,3,[3 2 1],952.5,0.5,0.5,0.4836524802959943,SI,[3 1 2],52.5,10,996.6999999999971,0.0,False,7
29,0,4,[3 2 1],952.5,0.5,0.5,0.14826268366201123,SI,[3 1 2],52.5,10,996.6999999999971,0.0,False,7
30,0,0,[3 2 1],952.5,0.5,0.5,0.13745485126607548,SI,[1 2 3],89.0,10,979.5999999999985,0.0,False,7
30,0,1,[3 2 1],952.5,0.5,0.5,0.2617029909988763,SI,[3 1 2],52.5,10,996.6999999999971,0.0,False,7
30,0,2,[3 2 1],952.5,0.5,0.5,0.4546566537075305,SI,[3 1 2],52.5,10,996.6999999999971,0.0,False,7
30,0,3,[3 2 1],952.5,0.5,0.5,0.013652503560287133,SI,[3 1 2],52.5,10,996.6999999999971,0.0,False,7
30,0,4,[3 2 1],952.5,0.5,0.5,0.4912646803187708,SI,[3 1 2],52.5,10,996.6999999999971,0.0,False,7
31,0,0,[3 2 1],952.5,0.5,0.5,0.09747335183206063,SI,[3 1 2],52.5,10,996.6999999999971,0.0,False,7
31,0,1,[3 2 1],952.5,0.5,0.5,0.07133778490231646,SI,[3 1 2],52.5,10,996.6999999999971,0.0,False,7
31,0,2,[3 2 1],952.5,0.5,0.5,0.8302387721447209,MI,[1 2 3],89.0,10,979.5999999999985,0.0,False,7
31,0,3,[3 2 1],952.5,0.5,0.5,0.3687980468783385,SI,[3 1 2],52.5,10,996.6999999999971,0.0,False,7
31,0,4,[3 2 1],952.5,0.5,0.5,0.5703899820349831,MI,[1 2 3],89.0,10,979.5999999999985,0.0,False,7
32,0,0,[3 2 1],952.5,0.5,0.5,0.2940239406179077,SI,[3 1 2],52.5,10,996.6999999999971,0.0,False,7
32,0,1,[3 2 1],952.5,0.5,0.5,0.18457723443526275,SI,[3 1 2],52.5,10,996.6999999999971,0.0,False,7
32,0,2,[3 2 1],952.5,0.5,0.5,0.18212367050599476,SI,[3 1 2],52.5,10,996.6999999999971,0.0,False,7
32,0,3,[3 2 1],952.5,0.5,0.5,0.17078474111115516,SI,[1 2 3],89.0,10,979.5999999999985,0.0,False,7
32,0,4,[3 2 1],952.5,0.5,0.5,0.4256684760552162,SI,[3 1 2],52.5,10,996.6999999999971,0.0,False,7
33,0,0,[3 2 1],952.5,0.5,0.5,0.0895919658767349,SI,[3 1 2],52.5,10,996.6999999999971,0.0,False,7
33,0,1,[3 2 1],952.5,0.5,0.5,0.1753254264461761,SI,[3 1 2],52.5,10,996.6999999999971,0.0,False,7
33,0,2,[3 2 1],952.5,0.5,0.5,0.9059747444183429,MI,[1 2 3],89.0,10,979.5999999999985,0.0,False,7
33,0,3,[3 2 1],952.5,0.5,0.5,0.2934259800026946,SI,[3 1 2],52.5,10,996.6999999999971,0.0,False,7
33,0,4,[3 2 1],952.5,0.5,0.5,0.44187609777706427,SI,[3 1 2],52.5,10,996.6999999999971,0.0,False,7
34,0,0,[3 2 1],952.5,0.5,0.5,0.9341468666177775,MI,[1 2 3],89.0,10,979.5999999999985,0.0,False,7
34,0,1,[3 2 1],952.5,0.5,0.5,0.3136053437394818,SI,[3 1 2],52.5,10,996.6999999999971,0.0,False,7
34,0,2,[3 2 1],952.5,0.5,0.5,0.2229797465569615,SI,[3 1 2],52.5,10,996.6999999999971,0.0,False,7
34,0,3,[3 2 1],952.5,0.5,0.5,0.6302878324158754,MI,[1 2 3],89.0,10,979.5999999999985,0.0,False,7
34,0,4,[3 2 1],952.5,0.5,0.5,0.2755958746932894,SI,[3 1 2],52.5,10,996.6999999999971,0.0,False,7
35,0,0,[3 2 1],952.5,0.5,0.5,0.013822305306316895,SI,[3 1 2],52.5,10,996.6999999999971,0.0,False,7
35,0,1,[3 2 1],952.5,0.5,0.5,0.8412553705364003,MI,[1 2 3],89.0,10,979.5999999999985,0.0,False,7
35,0,2,[3 2 1],952.5,0.5,0.5,0.7475753676269999,MI,[1 2 3],89.0,10,979.5999999999985,0.0,False,7
35,0,3,[3 2 1],952.5,0.5,0.5,0.9968127999479373,MI,[1 2 3],89.0,10,979.5999999999985,0.0,False,7
35,0,4,[3 2 1],952.5,0.5,0.5,0.1043923338773638,SI,[3 1 2],52.5,10,996.6999999999971,0.0,False,7
36,0,0,[3 2 1],952.5,0.5,0.5,0.3963665750980536,SI,[3 1 2],52.5,10,996.6999999999971,0.0,False,7
36,0,1,[3 2 1],952.5,0.5,0.5,0.20652985133667268,SI,[3 1 2],52.5,10,996.6999999999971,0.0,False,7
36,0,2,[3 2 1],952.5,0.5,0.5,0.14294589420790715,SI,[3 1 2],52.5,10,996.6999999999971,0.0,False,7
36,0,3,[3 2 1],952.5,0.5,0.5,0.47884788673916767,SI,[3 1 2],52.5,10,996.6999999999971,0.0,False,7
36,0,4,[3 2 1],952.5,0.5,0.5,0.14783878690625585,SI,[3 1 2],52.5,10,996.6999999999971,0.0,False,7
37,0,0,[3 2 1],952.5,0.5,0.5,0.3122421848505196,SI,[3 1 2],52.5,10,996.6999999999971,0.0,False,7
37,0,1,[3 2 1],952.5,0.5,0.5,0.3835130504557578,SI,[3 1 2],52.5,10,996.6999999999971,0.0,False,7
37,0,2,[3 2 1],952.5,0.5,0.5,0.2666991645907726,SI,[3 1 2],52.5,10,996.6999999999971,0.0,False,7
37,0,3,[3 2 1],952.5,0.5,0.5,0.28713564920228807,SI,[3 1 2],52.5,10,996.6999999999971,0.0,False,7
37,0,4,[3 2 1],952.5,0.5,0.5,0.21668535689132828,SI,[3 1 2],52.5,10,996.6999999999971,0.0,False,7
38,0,0,[3 2 1],952.5,0.5,0.5,0.36738626738161084,SI,[3 1 2],52.5,10,996.6999999999971,0.0,False,7
38,0,1,[3 2 1],952.5,0.5,0.5,0.03325238935475927,SI,[3 1 2],52.5,10,996.6999999999971,0.0,False,7
38,0,2,[3 2 1],952.5,0.5,0.5,0.9269193568312697,MI,[1 2 3],89.0,10,979.5999999999985,0.0,False,7
38,0,3,[3 2 1],952.5,0.5,0.5,0.17538158847888752,SI,[3 1 2],52.5,10,996.6999999999971,0.0,False,7
38,0,4,[3 2 1],952.5,0.5,0.5,0.07999038583613505,SI,[3 1 2],52.5,10,996.6999999999971,0.0,False,7
39,0,0,[3 2 1],952.5,0.5,0.5,0.17643630331572857,SI,[1 2 3],89.0,10,979.5999999999985,0.0,False,7
39,0,1,[3 2 1],952.5,0.5,0.5,0.4731401370655822,SI,[3 1 2],52.5,10,996.6999999999971,0.0,False,7
39,0,2,[3 2 1],952.5,0.5,0.5,0.40218061959826146,SI,[3 1 2],52.5,10,996.6999999999971,0.0,False,7
39,0,3,[3 2 1],952.5,0.5,0.5,0.4000435889684185,SI,[3 1 2],52.5,10,996.6999999999971,0.0,False,7
39,0,4,[3 2 1],952.5,0.5,0.5,0.6387407505223469,MI,[1 2 3],89.0,10,979.5999999999985,0.0,False,7
40,0,0,[3 2 1],952.5,0.5,0.5,0.7117732136914515,MI,[1 2 3],89.0,10,979.5999999999985,0.0,False,7
40,0,1,[3 2 1],952.5,0.5,0.5,0.1522136569085123,SI,[3 1 2],52.5,10,996.6999999999971,0.0,False,7
40,0,2,[3 2 1],952.5,0.5,0.5,0.2224120140625231,SI,[3 1 2],52.5,10,996.6999999999971,0.0,False,7
40,0,3,[3 2 1],952.5,0.5,0.5,0.43814723974105907,SI,[3 1 2],52.5,10,996.6999999999971,0.0,False,7
40,0,4,[3 2 1],952.5,0.5,0.5,0.2504541112770797,SI,[3 1 2],52.5,10,996.6999999999971,0.0,False,7
41,0,0,[3 2 1],952.5,0.5,0.5,0.1061017153990158,SI,[3 1 2],52.5,10,996.6999999999971,0.0,False,7
41,0,1,[3 2 1],952.5,0.5,0.5,0.23324392178122244,SI,[3 1 2],52.5,10,996.6999999999971,0.0,False,7
41,0,2,[3 2 1],952.5,0.5,0.5,0.30997820321542735,SI,[3 1 2],52.5,10,996.6999999999971,0.0,False,7
41,0,3,[3 2 1],952.5,0.5,0.5,0.14178395417946477,SI,[3 1 2],52.5,10,996.6999999999971,0.0,False,7
41,0,4,[3 2 1],952.5,0.5,0.5,0.12025231801207459,SI,[3 1 2],52.5,10,996.6999999999971,0.0,False,7
42,0,0,[3 2 1],952.5,0.5,0.5,0.20940499877979046,SI,[3 1 2],52.5,10,996.6999999999971,0.0,False,7
42,0,1,[3 2 1],952.5,0.5,0.5,0.4978451465132526,SI,[3 1 2],52.5,10,996.6999999999971,0.0,False,7
42,0,2,[3 2 1],952.5,0.5,0.5,0.02580126544526562,SI,[3 1 2],52.5,10,996.6999999999971,0.0,False,7
42,0,3,[3 2 1],952.5,0.5,0.5,0.10069500838607304,SI,[3 1 2],52.5,10,996.6999999999971,0.0,False,7
42,0,4,[3 2 1],952.5,0.5,0.5,0.42406507285141193,SI,[3 1 2],52.5,10,996.6999999999971,0.0,False,7
43,0,0,[3 2 1],952.5,0.5,0.5,0.4596709060014923,SI,[3 1 2],52.5,10,996.6999999999971,0.0,False,7
43,0,1,[3 2 1],952.5,0.5,0.5,0.44283194198868536,SI,[3 1 2],52.5,10,996.6999999999971,0.0,False,7
43,0,2,[3 2 1],952.5,0.5,0.5,0.1731178134293453,SI,[3 1 2],52.5,10,996.6999999999971,0.0,False,7
43,0,3,[3 2 1],952.5,0.5,0.5,0.21601756263519667,SI,[3 1 2],52.5,10,996.6999999999971,0.0,False,7
43,0,4,[3 2 1],952.5,0.5,0.5,0.08000863748811393,SI,[3 1 2],52.5,10,996.6999999999971,0.0,False,7
44,0,0,[3 2 1],952.5,0.5,0.5,0.04334167136645606,SI,[3 1 2],52.5,10,996.6999999999971,0.0,False,7
44,0,1,[3 2 1],952.5,0.5,0.5,0.4055330395410226,SI,[3 1 2],52.5,10,996.6999999999971,0.0,False,7
44,0,2,[3 2 1],952.5,0.5,0.5,0.44358776915642173,SI,[3 1 2],52.5,10,996.6999999999971,0.0,False,7
44,0,3,[3 2 1],952.5,0.5,0.5,0.25026700532532453,SI,[3 1 2],52.5,10,996.6999999999971,0.0,False,7
44,0,4,[3 2 1],952.5,0.5,0.5,0.4899632700301002,SI,[3 1 2],52.5,10,996.6999999999971,0.0,False,7
45,0,0,[3 2 1],952.5,0.5,0.5,0.013751791054244067,SI,[3 1 2],52.5,10,996.6999999999971,0.0,False,7
45,0,1,[3 2 1],952.5,0.5,0.5,0.28042116467919764,SI,[3 1 2],52.5,10,996.6999999999971,0.0,False,7
45,0,2,[3 2 1],952.5,0.5,0.5,0.16568496473325367,SI,[3 1 2],52.5,10,996.6999999999971,0.0,False,7
45,0,3,[3 2 1],952.5,0.5,0.5,0.20914437353391246,SI,[3 1 2],52.5,10,996.6999999999971,0.0,False,7
45,0,4,[3 2 1],952.5,0.5,0.5,0.34795817820790087,SI,[3 1 2],52.5,10,996.6999999999971,0.0,False,7
46,0,0,[3 2 1],952.5,0.5,0.5,0.17155342645520033,SI,[3 1 2],52.5,10,996.6999999999971,0.0,False,7
46,0,1,[3 2 1],952.5,0.5,0.5,0.18398981402429737,SI,[3 1 2],52.5,10,996.6999999999971,0.0,False,7
46,0,2,[3 2 1],952.5,0.5,0.5,0.09549293682005588,SI,[3 1 2],52.5,10,996.6999999999971,0.0,False,7
46,0,3,[3 2 1],952.5,0.5,0.5,0.06284215992940867,SI,[3 1 2],52.5,10,996.6999999999971,0.0,False,7
46,0,4,[3 2 1],952.5,0.5,0.5,0.33699458475990207,SI,[3 1 2],52.5,10,996.6999999999971,0.0,False,7
47,0,0,[3 2 1],952.5,0.5,0.5,0.474262630241555,SI,[3 1 2],52.5,10,996.6999999999971,0.0,False,7
47,0,1,[3 2 1],952.5,0.5,0.5,0.6428930917445358,MI,[1 2 3],89.0,10,979.5999999999985,0.0,False,7
47,0,2,[3 2 1],952.5,0.5,0.5,0.20996308924197893,SI,[3 1 2],52.5,10,996.6999999999971,0.0,False,7
47,0,3,[3 2 1],952.5,0.5,0.5,0.07457410652346019,SI,[3 1 2],52.5,10,996.6999999999971,0.0,False,7
47,0,4,[3 2 1],952.5,0.5,0.5,0.10413353274230552,SI,[3 1 2],52.5,10,996.6999999999971,0.0,False,7
48,0,0,[3 2 1],952.5,0.5,0.5,0.2978959071893116,SI,[3 1 2],52.5,10,996.6999999999971,0.0,False,7
48,0,1,[3 2 1],952.5,0.5,0.5,0.10066961787525874,SI,[3 1 2],52.5,10,996.6999999999971,0.0,False,7
48,0,2,[3 2 1],952.5,0.5,0.5,0.4176121881271174,SI,[3 1 2],52.5,10,996.6999999999971,0.0,False,7
48,0,3,[3 2 1],952.5,0.5,0.5,0.0723399612562321,SI,[3 1 2],52.5,10,996.6999999999971,0.0,False,7
48,0,4,[3 2 1],952.5,0.5,0.5,0.08831570829486757,SI,[3 1 2],52.5,10,996.6999999999971,0.0,False,7
49,0,0,[3 2 1],952.5,0.5,0.5,0.33071173466453785,SI,[3 1 2],52.5,10,996.6999999999971,0.0,False,7
49,0,1,[3 2 1],952.5,0.5,0.5,0.4652378413795144,SI,[3 1 2],52.5,10,996.6999999999971,0.0,False,7
49,0,2,[3 2 1],952.5,0.5,0.5,0.3832144229722957,SI,[3 1 2],52.5,10,996.6999999999971,0.0,False,7
49,0,3,[3 2 1],952.5,0.5,0.5,0.28281323697792504,SI,[3 1 2],52.5,10,996.6999999999971,0.0,False,7
49,0,4,[3 2 1],952.5,0.5,0.5,0.45199411765408215,SI,[3 1 2],52.5,10,996.6999999999971,0.0,False,7
50,0,0,[3 2 1],952.5,0.5,0.5,0.19713154395982757,SI,[3 1 2],52.5,10,996.6999999999971,0.0,False,7
50,0,1,[3 2 1],952.5,0.5,0.5,0.40394269442411135,SI,[3 1 2],52.5,10,996.6999999999971,0.0,False,7
50,0,2,[3 2 1],952.5,0.5,0.5,0.4959338209859747,SI,[3 1 2],52.5,10,996.6999999999971,0.0,False,7
50,0,3,[3 2 1],952.5,0.5,0.5,0.535267245818152,MI,[1 2 3],89.0,10,979.5999999999985,0.0,False,7
50,0,4,[3 2 1],952.5,0.5,0.5,0.3925438918604902,SI,[3 1 2],52.5,10,996.6999999999971,0.0,False,7
0,0,0,[1 2],796.3000000000029,0.5,0.5,0.4162608502947748,SI,[2 1],116.90000000000003,10,884.4000000000015,0.0,False,8
0,0,1,[1 2],796.3000000000029,0.5,0.5,0.29960369638475726,SI,[2 1],116.90000000000003,10,884.4000000000015,0.0,False,8
0,0,2,[1 2],796.3000000000029,0.5,0.5,0.1903917585903424,SI,[2 1],116.90000000000003,10,884.4000000000015,0.0,False,8
0,0,3,[1 2],796.3000000000029,0.5,0.5,0.3579518979746523,SI,[2 1],116.90000000000003,10,884.4000000000015,0.0,False,8
0,0,4,[1 2],796.3000000000029,0.5,0.5,0.18888328968178025,SI,[2 1],116.90000000000003,10,884.4000000000015,0.0,False,8
1,0,0,[1 2],796.3000000000029,0.5,0.5,0.13898029632114872,SI,[2 1],116.90000000000003,10,884.4000000000015,0.0,False,8
1,0,1,[1 2],796.3000000000029,0.5,0.5,0.12044170453068437,SI,[2 1],116.90000000000003,10,884.4000000000015,0.0,False,8
1,0,2,[1 2],796.3000000000029,0.5,0.5,0.4830461836263932,SI,[2 1],116.90000000000003,10,884.4000000000015,0.0,False,8
1,0,3,[1 2],796.3000000000029,0.5,0.5,0.4367480785495125,SI,[2 1],116.90000000000003,10,884.4000000000015,0.0,False,8
1,0,4,[1 2],796.3000000000029,0.5,0.5,0.32166824918114933,SI,[2 1],116.90000000000003,10,884.4000000000015,0.0,False,8
2,0,0,[1 2],796.3000000000029,0.5,0.5,0.05767068911368989,SI,[2 1],116.90000000000003,10,884.4000000000015,0.0,False,8
2,0,1,[1 2],796.3000000000029,0.5,0.5,0.4983630526784141,SI,[2 1],116.90000000000003,10,884.4000000000015,0.0,False,8
2,0,2,[1 2],796.3000000000029,0.5,0.5,0.049680697607987434,SI,[2 1],116.90000000000003,10,884.4000000000015,0.0,False,8
2,0,3,[1 2],796.3000000000029,0.5,0.5,0.13534964566299956,SI,[2 1],116.90000000000003,10,884.4000000000015,0.0,False,8
2,0,4,[1 2],796.3000000000029,0.5,0.5,0.37496701670250254,SI,[2 1],116.90000000000003,10,884.4000000000015,0.0,False,8
3,0,0,[1 2],796.3000000000029,0.5,0.5,0.42019181645172354,SI,[2 1],116.90000000000003,10,884.4000000000015,0.0,False,8
3,0,1,[1 2],796.3000000000029,0.5,0.5,0.0192203118947194,SI,[2 1],116.90000000000003,10,884.4000000000015,0.0,False,8
3,0,2,[1 2],796.3000000000029,0.5,0.5,0.39332983089282747,SI,[2 1],116.90000000000003,10,884.4000000000015,0.0,False,8
3,0,3,[1 2],796.3000000000029,0.5,0.5,0.31827217815251696,SI,[2 1],116.90000000000003,10,884.4000000000015,0.0,False,8
3,0,4,[1 2],796.3000000000029,0.5,0.5,0.3582351032390855,SI,[2 1],116.90000000000003,10,884.4000000000015,0.0,False,8
4,0,0,[1 2],796.3000000000029,0.5,0.5,0.3986048908125438,SI,[2 1],116.90000000000003,10,884.4000000000015,0.0,False,8
4,0,1,[1 2],796.3000000000029,0.5,0.5,0.38076362376259043,SI,[2 1],116.90000000000003,10,884.4000000000015,0.0,False,8
4,0,2,[1 2],796.3000000000029,0.5,0.5,0.17850880232633104,SI,[2 1],116.90000000000003,10,884.4000000000015,0.0,False,8
4,0,3,[1 2],796.3000000000029,0.5,0.5,0.010028794998480084,SI,[2 1],116.90000000000003,10,884.4000000000015,0.0,False,8
4,0,4,[1 2],796.3000000000029,0.5,0.5,0.28584834656616687,SI,[2 1],116.90000000000003,10,884.4000000000015,0.0,False,8
5,0,0,[1 2],796.3000000000029,0.5,0.5,0.3020660506684283,SI,[2 1],116.90000000000003,10,884.4000000000015,0.0,False,8
5,0,1,[1 2],796.3000000000029,0.5,0.5,0.3255717266391611,SI,[2 1],116.90000000000003,10,884.4000000000015,0.0,False,8
5,0,2,[1 2],796.3000000000029,0.5,0.5,0.03942576360607131,SI,[2 1],116.90000000000003,10,884.4000000000015,0.0,False,8
5,0,3,[1 2],796.3000000000029,0.5,0.5,0.19166873044573118,SI,[2 1],116.90000000000003,10,884.4000000000015,0.0,False,8
5,0,4,[1 2],796.3000000000029,0.5,0.5,0.4344773304144809,SI,[2 1],116.90000000000003,10,884.4000000000015,0.0,False,8
6,0,0,[1 2],796.3000000000029,0.5,0.5,0.1901553884218461,SI,[2 1],116.90000000000003,10,884.4000000000015,0.0,False,8
6,0,1,[1 2],796.3000000000029,0.5,0.5,0.37711566455969814,SI,[2 1],116.90000000000003,10,884.4000000000015,0.0,False,8
6,0,2,[1 2],796.3000000000029,0.5,0.5,0.08816202513648586,SI,[2 1],116.90000000000003,10,884.4000000000015,0.0,False,8
6,0,3,[1 2],796.3000000000029,0.5,0.5,0.4198119273112364,SI,[2 1],116.90000000000003,10,884.4000000000015,0.0,False,8
6,0,4,[1 2],796.3000000000029,0.5,0.5,0.31154502255389094,SI,[2 1],116.90000000000003,10,884.4000000000015,0.0,False,8
7,0,0,[1 2],796.3000000000029,0.5,0.5,0.04543563754906643,SI,[2 1],116.90000000000003,10,884.4000000000015,0.0,False,8
7,0,1,[1 2],796.3000000000029,0.5,0.5,0.38259869563775706,SI,[2 1],116.90000000000003,10,884.4000000000015,0.0,False,8
7,0,2,[1 2],796.3000000000029,0.5,0.5,0.0726074441798884,SI,[2 1],116.90000000000003,10,884.4000000000015,0.0,False,8
7,0,3,[1 2],796.3000000000029,0.5,0.5,0.2709260540761632,SI,[2 1],116.90000000000003,10,884.4000000000015,0.0,False,8
7,0,4,[1 2],796.3000000000029,0.5,0.5,0.08914712226855137,SI,[2 1],116.90000000000003,10,884.4000000000015,0.0,False,8
8,0,0,[1 2],796.3000000000029,0.5,0.5,0.45916236390022047,SI,[2 1],116.90000000000003,10,884.4000000000015,0.0,False,8
8,0,1,[1 2],796.3000000000029,0.5,0.5,0.33050770333710244,SI,[2 1],116.90000000000003,10,884.4000000000015,0.0,False,8
8,0,2,[1 2],796.3000000000029,0.5,0.5,0.0017147525911254125,SI,[2 1],116.90000000000003,10,884.4000000000015,0.0,False,8
8,0,3,[1 2],796.3000000000029,0.5,0.5,0.3197539462744462,SI,[2 1],116.90000000000003,10,884.4000000000015,0.0,False,8
8,0,4,[1 2],796.3000000000029,0.5,0.5,0.027087467002084198,SI,[2 1],116.90000000000003,10,884.4000000000015,0.0,False,8
9,0,0,[1 2],796.3000000000029,0.5,0.5,0.38717640897199734,SI,[2 1],116.90000000000003,10,884.4000000000015,0.0,False,8
9,0,1,[1 2],796.3000000000029,0.5,0.5,0.2880686767429409,SI,[2 1],116.90000000000003,10,884.4000000000015,0.0,False,8
9,0,2,[1 2],796.3000000000029,0.5,0.5,0.43369515817028115,SI,[2 1],116.90000000000003,10,884.4000000000015,0.0,False,8
9,0,3,[1 2],796.3000000000029,0.5,0.5,0.31814885908213175,SI,[2 1],116.90000000000003,10,884.4000000000015,0.0,False,8
9,0,4,[1 2],796.3000000000029,0.5,0.5,0.11742092335498167,SI,[2 1],116.90000000000003,10,884.4000000000015,0.0,False,8
10,0,0,[1 2],796.3000000000029,0.5,0.5,0.1371999101546828,SI,[2 1],116.90000000000003,10,884.4000000000015,0.0,False,8
10,0,1,[1 2],796.3000000000029,0.5,0.5,0.493790428315773,SI,[2 1],116.90000000000003,10,884.4000000000015,0.0,False,8
10,0,2,[1 2],796.3000000000029,0.5,0.5,0.17791825865697175,SI,[2 1],116.90000000000003,10,884.4000000000015,0.0,False,8
10,0,3,[1 2],796.3000000000029,0.5,0.5,0.35662070723557493,SI,[2 1],116.90000000000003,10,884.4000000000015,0.0,False,8
10,0,4,[1 2],796.3000000000029,0.5,0.5,0.005000072267644873,SI,[2 1],116.90000000000003,10,884.4000000000015,0.0,False,8
11,0,0,[1 2],796.3000000000029,0.5,0.5,0.15533169346426956,SI,[2 1],116.90000000000003,10,884.4000000000015,0.0,False,8
11,0,1,[1 2],796.3000000000029,0.5,0.5,0.43221713757604374,SI,[2 1],116.90000000000003,10,884.4000000000015,0.0,False,8
11,0,2,[1 2],796.3000000000029,0.5,0.5,0.27855992997273404,SI,[2 1],116.90000000000003,10,884.4000000000015,0.0,False,8
11,0,3,[1 2],796.3000000000029,0.5,0.5,0.337455177395256,SI,[2 1],116.90000000000003,10,884.4000000000015,0.0,False,8
11,0,4,[1 2],796.3000000000029,0.5,0.5,0.11910990070533412,SI,[2 1],116.90000000000003,10,884.4000000000015,0.0,False,8
12,0,0,[1 2],796.3000000000029,0.5,0.5,0.1519608514211097,SI,[2 1],116.90000000000003,10,884.4000000000015,0.0,False,8
12,0,1,[1 2],796.3000000000029,0.5,0.5,0.4067895530319018,SI,[2 1],116.90000000000003,10,884.4000000000015,0.0,False,8
12,0,2,[1 2],796.3000000000029,0.5,0.5,0.34919889695417894,SI,[2 1],116.90000000000003,10,884.4000000000015,0.0,False,8
12,0,3,[1 2],796.3000000000029,0.5,0.5,0.12381137852229651,SI,[2 1],116.90000000000003,10,884.4000000000015,0.0,False,8
12,0,4,[1 2],796.3000000000029,0.5,0.5,0.16324419265174572,SI,[2 1],116.90000000000003,10,884.4000000000015,0.0,False,8
13,0,0,[1 2],796.3000000000029,0.5,0.5,0.1238009262448947,SI,[2 1],116.90000000000003,10,884.4000000000015,0.0,False,8
13,0,1,[1 2],796.3000000000029,0.5,0.5,0.025396939387202666,SI,[2 1],116.90000000000003,10,884.4000000000015,0.0,False,8
13,0,2,[1 2],796.3000000000029,0.5,0.5,0.10231590240063626,SI,[2 1],116.90000000000003,10,884.4000000000015,0.0,False,8
13,0,3,[1 2],796.3000000000029,0.5,0.5,0.06948298850392276,SI,[2 1],116.90000000000003,10,884.4000000000015,0.0,False,8
13,0,4,[1 2],796.3000000000029,0.5,0.5,0.24322216140712694,SI,[2 1],116.90000000000003,10,884.4000000000015,0.0,False,8
14,0,0,[1 2],796.3000000000029,0.5,0.5,0.25060374870890045,SI,[2 1],116.90000000000003,10,884.4000000000015,0.0,False,8
14,0,1,[1 2],796.3000000000029,0.5,0.5,0.24966135453907,SI,[2 1],116.90000000000003,10,884.4000000000015,0.0,False,8
14,0,2,[1 2],796.3000000000029,0.5,0.5,0.46258195230119137,SI,[2 1],116.90000000000003,10,884.4000000000015,0.0,False,8
14,0,3,[1 2],796.3000000000029,0.5,0.5,0.20678119043260523,SI,[2 1],116.90000000000003,10,884.4000000000015,0.0,False,8
14,0,4,[1 2],796.3000000000029,0.5,0.5,0.35919500656623204,SI,[2 1],116.90000000000003,10,884.4000000000015,0.0,False,8
15,0,0,[1 2],796.3000000000029,0.5,0.5,0.09340446955434334,SI,[2 1],116.90000000000003,10,884.4000000000015,0.0,False,8
15,0,1,[1 2],796.3000000000029,0.5,0.5,0.323214960298408,SI,[2 1],116.90000000000003,10,884.4000000000015,0.0,False,8
15,0,2,[1 2],796.3000000000029,0.5,0.5,0.23484596739786168,SI,[2 1],116.90000000000003,10,884.4000000000015,0.0,False,8
15,0,3,[1 2],796.3000000000029,0.5,0.5,0.2656727944530084,SI,[2 1],116.90000000000003,10,884.4000000000015,0.0,False,8
15,0,4,[1 2],796.3000000000029,0.5,0.5,0.46525814455157166,SI,[2 1],116.90000000000003,10,884.4000000000015,0.0,False,8
16,0,0,[1 2],796.3000000000029,0.5,0.5,0.11387028398170851,SI,[2 1],116.90000000000003,10,884.4000000000015,0.0,False,8
16,0,1,[1 2],796.3000000000029,0.5,0.5,0.2371237714777208,SI,[2 1],116.90000000000003,10,884.4000000000015,0.0,False,8
16,0,2,[1 2],796.3000000000029,0.5,0.5,0.25235500724144,SI,[2 1],116.90000000000003,10,884.4000000000015,0.0,False,8
16,0,3,[1 2],796.3000000000029,0.5,0.5,0.27879088914331296,SI,[2 1],116.90000000000003,10,884.4000000000015,0.0,False,8
16,0,4,[1 2],796.3000000000029,0.5,0.5,0.09349026646637282,SI,[2 1],116.90000000000003,10,884.4000000000015,0.0,False,8
17,0,0,[1 2],796.3000000000029,0.5,0.5,0.19509358615802586,SI,[2 1],116.90000000000003,10,884.4000000000015,0.0,False,8
17,0,1,[1 2],796.3000000000029,0.5,0.5,0.25055674160776775,SI,[2 1],116.90000000000003,10,884.4000000000015,0.0,False,8
17,0,2,[1 2],796.3000000000029,0.5,0.5,0.16362323002432966,SI,[2 1],116.90000000000003,10,884.4000000000015,0.0,False,8
17,0,3,[1 2],796.3000000000029,0.5,0.5,0.2862316496727587,SI,[2 1],116.90000000000003,10,884.4000000000015,0.0,False,8
17,0,4,[1 2],796.3000000000029,0.5,0.5,0.13803858681035286,SI,[2 1],116.90000000000003,10,884.4000000000015,0.0,False,8
18,0,0,[1 2],796.3000000000029,0.5,0.5,0.23513368979518745,SI,[2 1],116.90000000000003,10,884.4000000000015,0.0,False,8
18,0,1,[1 2],796.3000000000029,0.5,0.5,0.3053112602917034,SI,[2 1],116.90000000000003,10,884.4000000000015,0.0,False,8
18,0,2,[1 2],796.3000000000029,0.5,0.5,0.22951341421072136,SI,[2 1],116.90000000000003,10,884.4000000000015,0.0,False,8
18,0,3,[1 2],796.3000000000029,0.5,0.5,0.3290755377583877,SI,[2 1],116.90000000000003,10,884.4000000000015,0.0,False,8
18,0,4,[1 2],796.3000000000029,0.5,0.5,0.07965675000251338,SI,[2 1],116.90000000000003,10,884.4000000000015,0.0,False,8
19,0,0,[1 2],796.3000000000029,0.5,0.5,0.08071958803685475,SI,[2 1],116.90000000000003,10,884.4000000000015,0.0,False,8
19,0,1,[1 2],796.3000000000029,0.5,0.5,0.23485109305761975,SI,[2 1],116.90000000000003,10,884.4000000000015,0.0,False,8
19,0,2,[1 2],796.3000000000029,0.5,0.5,0.04597370852109384,SI,[2 1],116.90000000000003,10,884.4000000000015,0.0,False,8
19,0,3,[1 2],796.3000000000029,0.5,0.5,0.46547419602230466,SI,[2 1],116.90000000000003,10,884.4000000000015,0.0,False,8
19,0,4,[1 2],796.3000000000029,0.5,0.5,0.3981358862873621,SI,[2 1],116.90000000000003,10,884.4000000000015,0.0,False,8
20,0,0,[1 2],796.3000000000029,0.5,0.5,0.456549063305308,SI,[2 1],116.90000000000003,10,884.4000000000015,0.0,False,8
20,0,1,[1 2],796.3000000000029,0.5,0.5,0.0856875508260525,SI,[2 1],116.90000000000003,10,884.4000000000015,0.0,False,8
20,0,2,[1 2],796.3000000000029,0.5,0.5,0.36588180487830213,SI,[2 1],116.90000000000003,10,884.4000000000015,0.0,False,8
20,0,3,[1 2],796.3000000000029,0.5,0.5,0.38168423720468314,SI,[2 1],116.90000000000003,10,884.4000000000015,0.0,False,8
20,0,4,[1 2],796.3000000000029,0.5,0.5,0.08669145998225669,SI,[2 1],116.90000000000003,10,884.4000000000015,0.0,False,8
21,0,0,[1 2],796.3000000000029,0.5,0.5,0.45101477823396363,SI,[2 1],116.90000000000003,10,884.4000000000015,0.0,False,8
21,0,1,[1 2],796.3000000000029,0.5,0.5,0.16752583212672212,SI,[2 1],116.90000000000003,10,884.4000000000015,0.0,False,8
21,0,2,[1 2],796.3000000000029,0.5,0.5,0.036967830415470915,SI,[2 1],116.90000000000003,10,884.4000000000015,0.0,False,8
21,0,3,[1 2],796.3000000000029,0.5,0.5,0.2215126525637795,SI,[2 1],116.90000000000003,10,884.4000000000015,0.0,False,8
21,0,4,[1 2],796.3000000000029,0.5,0.5,0.4765407190803149,SI,[2 1],116.90000000000003,10,884.4000000000015,0.0,False,8
22,0,0,[1 2],796.3000000000029,0.5,0.5,0.13791702653512083,SI,[2 1],116.90000000000003,10,884.4000000000015,0.0,False,8
22,0,1,[1 2],796.3000000000029,0.5,0.5,0.23433277166447142,SI,[2 1],116.90000000000003,10,884.4000000000015,0.0,False,8
22,0,2,[1 2],796.3000000000029,0.5,0.5,0.29106347103103725,SI,[2 1],116.90000000000003,10,884.4000000000015,0.0,False,8
22,0,3,[1 2],796.3000000000029,0.5,0.5,0.4696134188064972,SI,[2 1],116.90000000000003,10,884.4000000000015,0.0,False,8
22,0,4,[1 2],796.3000000000029,0.5,0.5,0.1873140538527337,SI,[2 1],116.90000000000003,10,884.4000000000015,0.0,False,8
23,0,0,[1 2],796.3000000000029,0.5,0.5,0.20699187719241074,SI,[2 1],116.90000000000003,10,884.4000000000015,0.0,False,8
23,0,1,[1 2],796.3000000000029,0.5,0.5,0.298734052629397,SI,[2 1],116.90000000000003,10,884.4000000000015,0.0,False,8
23,0,2,[1 2],796.3000000000029,0.5,0.5,0.09600420183219127,SI,[2 1],116.90000000000003,10,884.4000000000015,0.0,False,8
23,0,3,[1 2],796.3000000000029,0.5,0.5,0.28790467422886834,SI,[2 1],116.90000000000003,10,884.4000000000015,0.0,False,8
23,0,4,[1 2],796.3000000000029,0.5,0.5,0.41074274999515337,SI,[2 1],116.90000000000003,10,884.4000000000015,0.0,False,8
24,0,0,[1 2],796.3000000000029,0.5,0.5,0.44088322515575096,SI,[2 1],116.90000000000003,10,884.4000000000015,0.0,False,8
24,0,1,[1 2],796.3000000000029,0.5,0.5,0.17486095326698714,SI,[2 1],116.90000000000003,10,884.4000000000015,0.0,False,8
24,0,2,[1 2],796.3000000000029,0.5,0.5,0.31132345915388604,SI,[2 1],116.90000000000003,10,884.4000000000015,0.0,False,8
24,0,3,[1 2],796.3000000000029,0.5,0.5,0.13069950282136877,SI,[2 1],116.90000000000003,10,884.4000000000015,0.0,False,8
24,0,4,[1 2],796.3000000000029,0.5,0.5,0.4008199581761993,SI,[2 1],116.90000000000003,10,884.4000000000015,0.0,False,8
25,0,0,[1 2],796.3000000000029,0.5,0.5,0.19171108278217386,SI,[2 1],116.90000000000003,10,884.4000000000015,0.0,False,8
25,0,1,[1 2],796.3000000000029,0.5,0.5,0.21700608851866954,SI,[2 1],116.90000000000003,10,884.4000000000015,0.0,False,8
25,0,2,[1 2],796.3000000000029,0.5,0.5,0.23550532820071057,SI,[2 1],116.90000000000003,10,884.4000000000015,0.0,False,8
25,0,3,[1 2],796.3000000000029,0.5,0.5,0.23674441873960106,SI,[2 1],116.90000000000003,10,884.4000000000015,0.0,False,8
25,0,4,[1 2],796.3000000000029,0.5,0.5,0.10492024504207831,SI,[2 1],116.90000000000003,10,884.4000000000015,0.0,False,8
26,0,0,[1 2],796.3000000000029,0.5,0.5,0.4574060215195904,SI,[2 1],116.90000000000003,10,884.4000000000015,0.0,False,8
26,0,1,[1 2],796.3000000000029,0.5,0.5,0.12176903819829488,SI,[2 1],116.90000000000003,10,884.4000000000015,0.0,False,8
26,0,2,[1 2],796.3000000000029,0.5,0.5,0.08805288279522039,SI,[2 1],116.90000000000003,10,884.4000000000015,0.0,False,8
26,0,3,[1 2],796.3000000000029,0.5,0.5,0.23232445615994168,SI,[2 1],116.90000000000003,10,884.4000000000015,0.0,False,8
26,0,4,[1 2],796.3000000000029,0.5,0.5,0.38678292503863665,SI,[2 1],116.90000000000003,10,884.4000000000015,0.0,False,8
27,0,0,[1 2],796.3000000000029,0.5,0.5,0.10292674507314736,SI,[2 1],116.90000000000003,10,884.4000000000015,0.0,False,8
27,0,1,[1 2],796.3000000000029,0.5,0.5,0.1522735218731791,SI,[2 1],116.90000000000003,10,884.4000000000015,0.0,False,8
27,0,2,[1 2],796.3000000000029,0.5,0.5,0.3841204188835049,SI,[2 1],116.90000000000003,10,884.4000000000015,0.0,False,8
27,0,3,[1 2],796.3000000000029,0.5,0.5,0.06470907181282215,SI,[2 1],116.90000000000003,10,884.4000000000015,0.0,False,8
27,0,4,[1 2],796.3000000000029,0.5,0.5,0.4215958598731355,SI,[2 1],116.90000000000003,10,884.4000000000015,0.0,False,8
28,0,0,[1 2],796.3000000000029,0.5,0.5,0.33653754515985657,SI,[2 1],116.90000000000003,10,884.4000000000015,0.0,False,8
28,0,1,[1 2],796.3000000000029,0.5,0.5,0.1270024607155673,SI,[2 1],116.90000000000003,10,884.4000000000015,0.0,False,8
28,0,2,[1 2],796.3000000000029,0.5,0.5,0.0538460602787173,SI,[2 1],116.90000000000003,10,884.4000000000015,0.0,False,8
28,0,3,[1 2],796.3000000000029,0.5,0.5,0.4735614336747255,SI,[2 1],116.90000000000003,10,884.4000000000015,0.0,False,8
28,0,4,[1 2],796.3000000000029,0.5,0.5,0.4995433372638157,SI,[2 1],116.90000000000003,10,884.4000000000015,0.0,False,8
29,0,0,[1 2],796.3000000000029,0.5,0.5,0.3770931451249505,SI,[2 1],116.90000000000003,10,884.4000000000015,0.0,False,8
29,0,1,[1 2],796.3000000000029,0.5,0.5,0.26527281025279337,SI,[2 1],116.90000000000003,10,884.4000000000015,0.0,False,8
29,0,2,[1 2],796.3000000000029,0.5,0.5,0.24235919669422978,SI,[2 1],116.90000000000003,10,884.4000000000015,0.0,False,8
29,0,3,[1 2],796.3000000000029,0.5,0.5,0.46439919297410426,SI,[2 1],116.90000000000003,10,884.4000000000015,0.0,False,8
29,0,4,[1 2],796.3000000000029,0.5,0.5,0.0439718296143905,SI,[2 1],116.90000000000003,10,884.4000000000015,0.0,False,8
30,0,0,[1 2],796.3000000000029,0.5,0.5,0.32478210348682746,SI,[2 1],116.90000000000003,10,884.4000000000015,0.0,False,8
30,0,1,[1 2],796.3000000000029,0.5,0.5,0.32881132140873137,SI,[2 1],116.90000000000003,10,884.4000000000015,0.0,False,8
30,0,2,[1 2],796.3000000000029,0.5,0.5,0.11505453200424809,SI,[2 1],116.90000000000003,10,884.4000000000015,0.0,False,8
30,0,3,[1 2],796.3000000000029,0.5,0.5,0.22902466796599852,SI,[2 1],116.90000000000003,10,884.4000000000015,0.0,False,8
30,0,4,[1 2],796.3000000000029,0.5,0.5,0.05735898564828601,SI,[2 1],116.90000000000003,10,884.4000000000015,0.0,False,8
31,0,0,[1 2],796.3000000000029,0.5,0.5,0.4950389440222245,SI,[2 1],116.90000000000003,10,884.4000000000015,0.0,False,8
31,0,1,[1 2],796.3000000000029,0.5,0.5,0.17204865021985716,SI,[2 1],116.90000000000003,10,884.4000000000015,0.0,False,8
31,0,2,[1 2],796.3000000000029,0.5,0.5,0.16018798677017965,SI,[2 1],116.90000000000003,10,884.4000000000015,0.0,False,8
31,0,3,[1 2],796.3000000000029,0.5,0.5,0.05394852864583921,SI,[2 1],116.90000000000003,10,884.4000000000015,0.0,False,8
31,0,4,[1 2],796.3000000000029,0.5,0.5,0.3158651426332514,SI,[2 1],116.90000000000003,10,884.4000000000015,0.0,False,8
32,0,0,[1 2],796.3000000000029,0.5,0.5,0.36076104785270013,SI,[2 1],116.90000000000003,10,884.4000000000015,0.0,False,8
32,0,1,[1 2],796.3000000000029,0.5,0.5,0.2384117826533544,SI,[2 1],116.90000000000003,10,884.4000000000015,0.0,False,8
32,0,2,[1 2],796.3000000000029,0.5,0.5,0.40849527050869694,SI,[2 1],116.90000000000003,10,884.4000000000015,0.0,False,8
32,0,3,[1 2],796.3000000000029,0.5,0.5,0.48642955406272814,SI,[2 1],116.90000000000003,10,884.4000000000015,0.0,False,8
32,0,4,[1 2],796.3000000000029,0.5,0.5,0.12038258224880494,SI,[2 1],116.90000000000003,10,884.4000000000015,0.0,False,8
33,0,0,[1 2],796.3000000000029,0.5,0.5,0.3229660724906033,SI,[2 1],116.90000000000003,10,884.4000000000015,0.0,False,8
33,0,1,[1 2],796.3000000000029,0.5,0.5,0.1232171605959177,SI,[2 1],116.90000000000003,10,884.4000000000015,0.0,False,8
33,0,2,[1 2],796.3000000000029,0.5,0.5,0.304861835471095,SI,[2 1],116.90000000000003,10,884.4000000000015,0.0,False,8
33,0,3,[1 2],796.3000000000029,0.5,0.5,0.048833296423544725,SI,[2 1],116.90000000000003,10,884.4000000000015,0.0,False,8
33,0,4,[1 2],796.3000000000029,0.5,0.5,0.007624714440900515,SI,[2 1],116.90000000000003,10,884.4000000000015,0.0,False,8
34,0,0,[1 2],796.3000000000029,0.5,0.5,0.4653095234342399,SI,[2 1],116.90000000000003,10,884.4000000000015,0.0,False,8
34,0,1,[1 2],796.3000000000029,0.5,0.5,0.11221065870447355,SI,[2 1],116.90000000000003,10,884.4000000000015,0.0,False,8
34,0,2,[1 2],796.3000000000029,0.5,0.5,0.06078722144332471,SI,[2 1],116.90000000000003,10,884.4000000000015,0.0,False,8
34,0,3,[1 2],796.3000000000029,0.5,0.5,0.11194319192108448,SI,[2 1],116.90000000000003,10,884.4000000000015,0.0,False,8
34,0,4,[1 2],796.3000000000029,0.5,0.5,0.08243040460744677,SI,[2 1],116.90000000000003,10,884.4000000000015,0.0,False,8
35,0,0,[1 2],796.3000000000029,0.5,0.5,0.4340607275367342,SI,[2 1],116.90000000000003,10,884.4000000000015,0.0,False,8
35,0,1,[1 2],796.3000000000029,0.5,0.5,0.014820969247104299,SI,[2 1],116.90000000000003,10,884.4000000000015,0.0,False,8
35,0,2,[1 2],796.3000000000029,0.5,0.5,0.3118919298696694,SI,[2 1],116.90000000000003,10,884.4000000000015,0.0,False,8
35,0,3,[1 2],796.3000000000029,0.5,0.5,0.010607806367793349,SI,[2 1],116.90000000000003,10,884.4000000000015,0.0,False,8
35,0,4,[1 2],796.3000000000029,0.5,0.5,0.3646081166483949,SI,[2 1],116.90000000000003,10,884.4000000000015,0.0,False,8
36,0,0,[1 2],796.3000000000029,0.5,0.5,0.129443556737882,SI,[2 1],116.90000000000003,10,884.4000000000015,0.0,False,8
36,0,1,[1 2],796.3000000000029,0.5,0.5,0.26824742296066073,SI,[2 1],116.90000000000003,10,884.4000000000015,0.0,False,8
36,0,2,[1 2],796.3000000000029,0.5,0.5,0.3144594672669757,SI,[2 1],116.90000000000003,10,884.4000000000015,0.0,False,8
36,0,3,[1 2],796.3000000000029,0.5,0.5,0.003137512193122638,SI,[2 1],116.90000000000003,10,884.4000000000015,0.0,False,8
36,0,4,[1 2],796.3000000000029,0.5,0.5,0.4141596723729437,SI,[2 1],116.90000000000003,10,884.4000000000015,0.0,False,8
37,0,0,[1 2],796.3000000000029,0.5,0.5,0.12966549538576655,SI,[2 1],116.90000000000003,10,884.4000000000015,0.0,False,8
37,0,1,[1 2],796.3000000000029,0.5,0.5,0.05553572797056683,SI,[2 1],116.90000000000003,10,884.4000000000015,0.0,False,8
37,0,2,[1 2],796.3000000000029,0.5,0.5,0.24469214980818177,SI,[2 1],116.90000000000003,10,884.4000000000015,0.0,False,8
37,0,3,[1 2],796.3000000000029,0.5,0.5,0.18976481283805724,SI,[2 1],116.90000000000003,10,884.4000000000015,0.0,False,8
37,0,4,[1 2],796.3000000000029,0.5,0.5,0.05212988958888698,SI,[2 1],116.90000000000003,10,884.4000000000015,0.0,False,8
38,0,0,[1 2],796.3000000000029,0.5,0.5,0.0816449508251822,SI,[2 1],116.90000000000003,10,884.4000000000015,0.0,False,8
38,0,1,[1 2],796.3000000000029,0.5,0.5,0.2553934935420401,SI,[2 1],116.90000000000003,10,884.4000000000015,0.0,False,8
38,0,2,[1 2],796.3000000000029,0.5,0.5,0.380669288786053,SI,[2 1],116.90000000000003,10,884.4000000000015,0.0,False,8
38,0,3,[1 2],796.3000000000029,0.5,0.5,0.024243465188421576,SI,[2 1],116.90000000000003,10,884.4000000000015,0.0,False,8
38,0,4,[1 2],796.3000000000029,0.5,0.5,0.15349070693640843,SI,[2 1],116.90000000000003,10,884.4000000000015,0.0,False,8
39,0,0,[1 2],796.3000000000029,0.5,0.5,0.10874559973412734,SI,[2 1],116.90000000000003,10,884.4000000000015,0.0,False,8
39,0,1,[1 2],796.3000000000029,0.5,0.5,0.46892252041655147,SI,[2 1],116.90000000000003,10,884.4000000000015,0.0,False,8
39,0,2,[1 2],796.3000000000029,0.5,0.5,0.4411900017394378,SI,[2 1],116.90000000000003,10,884.4000000000015,0.0,False,8
39,0,3,[1 2],796.3000000000029,0.5,0.5,0.4190653437741174,SI,[2 1],116.90000000000003,10,884.4000000000015,0.0,False,8
39,0,4,[1 2],796.3000000000029,0.5,0.5,0.4974168930137226,SI,[2 1],116.90000000000003,10,884.4000000000015,0.0,False,8
40,0,0,[1 2],796.3000000000029,0.5,0.5,0.38367524228007577,SI,[2 1],116.90000000000003,10,884.4000000000015,0.0,False,8
40,0,1,[1 2],796.3000000000029,0.5,0.5,0.08126169977344,SI,[2 1],116.90000000000003,10,884.4000000000015,0.0,False,8
40,0,2,[1 2],796.3000000000029,0.5,0.5,0.42659755973335667,SI,[2 1],116.90000000000003,10,884.4000000000015,0.0,False,8
40,0,3,[1 2],796.3000000000029,0.5,0.5,0.4734092561057588,SI,[2 1],116.90000000000003,10,884.4000000000015,0.0,False,8
40,0,4,[1 2],796.3000000000029,0.5,0.5,0.1766797316789045,SI,[2 1],116.90000000000003,10,884.4000000000015,0.0,False,8
41,0,0,[1 2],796.3000000000029,0.5,0.5,0.2544077280699716,SI,[2 1],116.90000000000003,10,884.4000000000015,0.0,False,8
41,0,1,[1 2],796.3000000000029,0.5,0.5,0.36150912254644485,SI,[2 1],116.90000000000003,10,884.4000000000015,0.0,False,8
41,0,2,[1 2],796.3000000000029,0.5,0.5,0.07889016564320117,SI,[2 1],116.90000000000003,10,884.4000000000015,0.0,False,8
41,0,3,[1 2],796.3000000000029,0.5,0.5,0.4381902597163694,SI,[2 1],116.90000000000003,10,884.4000000000015,0.0,False,8
41,0,4,[1 2],796.3000000000029,0.5,0.5,0.14023828435903596,SI,[2 1],116.90000000000003,10,884.4000000000015,0.0,False,8
42,0,0,[1 2],796.3000000000029,0.5,0.5,0.2611450949761147,SI,[2 1],116.90000000000003,10,884.4000000000015,0.0,False,8
42,0,1,[1 2],796.3000000000029,0.5,0.5,0.10517775535578933,SI,[2 1],116.90000000000003,10,884.4000000000015,0.0,False,8
42,0,2,[1 2],796.3000000000029,0.5,0.5,0.2587209039620175,SI,[2 1],116.90000000000003,10,884.4000000000015,0.0,False,8
42,0,3,[1 2],796.3000000000029,0.5,0.5,0.3692685548195329,SI,[2 1],116.90000000000003,10,884.4000000000015,0.0,False,8
42,0,4,[1 2],796.3000000000029,0.5,0.5,0.29320786550109934,SI,[2 1],116.90000000000003,10,884.4000000000015,0.0,False,8
43,0,0,[1 2],796.3000000000029,0.5,0.5,0.019976160735377557,SI,[2 1],116.90000000000003,10,884.4000000000015,0.0,False,8
43,0,1,[1 2],796.3000000000029,0.5,0.5,0.13127795513109108,SI,[2 1],116.90000000000003,10,884.4000000000015,0.0,False,8
43,0,2,[1 2],796.3000000000029,0.5,0.5,0.11623496592966565,SI,[2 1],116.90000000000003,10,884.4000000000015,0.0,False,8
43,0,3,[1 2],796.3000000000029,0.5,0.5,0.2702250772998379,SI,[2 1],116.90000000000003,10,884.4000000000015,0.0,False,8
43,0,4,[1 2],796.3000000000029,0.5,0.5,0.1682015835110412,SI,[2 1],116.90000000000003,10,884.4000000000015,0.0,False,8
44,0,0,[1 2],796.3000000000029,0.5,0.5,0.4687756922114703,SI,[2 1],116.90000000000003,10,884.4000000000015,0.0,False,8
44,0,1,[1 2],796.3000000000029,0.5,0.5,0.28617853234564483,SI,[2 1],116.90000000000003,10,884.4000000000015,0.0,False,8
44,0,2,[1 2],796.3000000000029,0.5,0.5,0.13912007681310434,SI,[2 1],116.90000000000003,10,884.4000000000015,0.0,False,8
44,0,3,[1 2],796.3000000000029,0.5,0.5,0.06582733736442292,SI,[2 1],116.90000000000003,10,884.4000000000015,0.0,False,8
44,0,4,[1 2],796.3000000000029,0.5,0.5,0.07545477426042868,SI,[2 1],116.90000000000003,10,884.4000000000015,0.0,False,8
45,0,0,[1 2],796.3000000000029,0.5,0.5,0.022844627292624264,SI,[2 1],116.90000000000003,10,884.4000000000015,0.0,False,8
45,0,1,[1 2],796.3000000000029,0.5,0.5,0.0926524362879737,SI,[2 1],116.90000000000003,10,884.4000000000015,0.0,False,8
45,0,2,[1 2],796.3000000000029,0.5,0.5,0.32177497758755447,SI,[2 1],116.90000000000003,10,884.4000000000015,0.0,False,8
45,0,3,[1 2],796.3000000000029,0.5,0.5,0.31010751720382457,SI,[2 1],116.90000000000003,10,884.4000000000015,0.0,False,8
45,0,4,[1 2],796.3000000000029,0.5,0.5,0.48551839962610865,SI,[2 1],116.90000000000003,10,884.4000000000015,0.0,False,8
46,0,0,[1 2],796.3000000000029,0.5,0.5,0.009552200457227267,SI,[2 1],116.90000000000003,10,884.4000000000015,0.0,False,8
46,0,1,[1 2],796.3000000000029,0.5,0.5,0.28083104441034945,SI,[2 1],116.90000000000003,10,884.4000000000015,0.0,False,8
46,0,2,[1 2],796.3000000000029,0.5,0.5,0.317865776299449,SI,[2 1],116.90000000000003,10,884.4000000000015,0.0,False,8
46,0,3,[1 2],796.3000000000029,0.5,0.5,0.18186205603863526,SI,[2 1],116.90000000000003,10,884.4000000000015,0.0,False,8
46,0,4,[1 2],796.3000000000029,0.5,0.5,0.342681224661058,SI,[2 1],116.90000000000003,10,884.4000000000015,0.0,False,8
47,0,0,[1 2],796.3000000000029,0.5,0.5,0.28226348920771305,SI,[2 1],116.90000000000003,10,884.4000000000015,0.0,False,8
47,0,1,[1 2],796.3000000000029,0.5,0.5,0.2888761202685943,SI,[2 1],116.90000000000003,10,884.4000000000015,0.0,False,8
47,0,2,[1 2],796.3000000000029,0.5,0.5,0.14303286933428394,SI,[2 1],116.90000000000003,10,884.4000000000015,0.0,False,8
47,0,3,[1 2],796.3000000000029,0.5,0.5,0.16081004512896424,SI,[2 1],116.90000000000003,10,884.4000000000015,0.0,False,8
47,0,4,[1 2],796.3000000000029,0.5,0.5,0.4097615020806389,SI,[2 1],116.90000000000003,10,884.4000000000015,0.0,False,8
48,0,0,[1 2],796.3000000000029,0.5,0.5,0.45844799015845517,SI,[2 1],116.90000000000003,10,884.4000000000015,0.0,False,8
48,0,1,[1 2],796.3000000000029,0.5,0.5,0.21858720897577233,SI,[2 1],116.90000000000003,10,884.4000000000015,0.0,False,8
48,0,2,[1 2],796.3000000000029,0.5,0.5,0.10521735537818477,SI,[2 1],116.90000000000003,10,884.4000000000015,0.0,False,8
48,0,3,[1 2],796.3000000000029,0.5,0.5,0.1746287496595037,SI,[2 1],116.90000000000003,10,884.4000000000015,0.0,False,8
48,0,4,[1 2],796.3000000000029,0.5,0.5,0.228421673760971,SI,[2 1],116.90000000000003,10,884.4000000000015,0.0,False,8
49,0,0,[1 2],796.3000000000029,0.5,0.5,0.194569117566865,SI,[2 1],116.90000000000003,10,884.4000000000015,0.0,False,8
49,0,1,[1 2],796.3000000000029,0.5,0.5,0.27147064931347487,SI,[2 1],116.90000000000003,10,884.4000000000015,0.0,False,8
49,0,2,[1 2],796.3000000000029,0.5,0.5,0.028402010938262445,SI,[2 1],116.90000000000003,10,884.4000000000015,0.0,False,8
49,0,3,[1 2],796.3000000000029,0.5,0.5,0.33324508451484414,SI,[2 1],116.90000000000003,10,884.4000000000015,0.0,False,8
49,0,4,[1 2],796.3000000000029,0.5,0.5,0.05320783428874609,SI,[2 1],116.90000000000003,10,884.4000000000015,0.0,False,8
50,0,0,[1 2],796.3000000000029,0.5,0.5,0.20458187674544115,SI,[2 1],116.90000000000003,10,884.4000000000015,0.0,False,8
50,0,1,[1 2],796.3000000000029,0.5,0.5,0.4413859494334099,SI,[2 1],116.90000000000003,10,884.4000000000015,0.0,False,8
50,0,2,[1 2],796.3000000000029,0.5,0.5,0.213253818377803,SI,[2 1],116.90000000000003,10,884.4000000000015,0.0,False,8
50,0,3,[1 2],796.3000000000029,0.5,0.5,0.08674795289962556,SI,[2 1],116.90000000000003,10,884.4000000000015,0.0,False,8
50,0,4,[1 2],796.3000000000029,0.5,0.5,0.3484876265380705,SI,[2 1],116.90000000000003,10,884.4000000000015,0.0,False,8
