generation,individual,cycle,s_before,f_ini,rho_SI_before,rho_MI_before,random,operator,best_neighbor,best_delta,num_neighbors,f_imp,eta,improved,epoch
0,0,0,[2 1 3],781.3999999999978,0.5,0.5,0.37799404132888914,SI,[2 3 1],17.30000000000001,10,795.1999999999971,0.0,False,0
0,0,1,[2 1 3],781.3999999999978,0.5,0.5,0.26923557825106126,SI,[2 3 1],17.30000000000001,10,795.1999999999971,0.0,False,0
0,0,2,[2 1 3],781.3999999999978,0.5,0.5,0.4459004429144875,SI,[2 3 1],17.30000000000001,10,795.1999999999971,0.0,False,0
0,0,3,[2 1 3],781.3999999999978,0.5,0.5,0.5055740585557267,MI,[3 1 2],60.7,10,795.399999999976,0.0,False,0
0,0,4,[2 1 3],781.3999999999978,0.5,0.5,0.2638866709525134,SI,[2 3 1],17.30000000000001,10,795.1999999999971,0.0,False,0
1,0,0,[2 1 3],781.3999999999978,0.5,0.5,0.290872445829476,SI,[2 3 1],17.30000000000001,10,795.1999999999971,0.0,False,0
1,0,1,[2 1 3],781.3999999999978,0.5,0.5,0.4824970417738299,SI,[2 3 1],17.30000000000001,10,795.1999999999971,0.0,False,0
1,0,2,[2 1 3],781.3999999999978,0.5,0.5,0.34309386439196143,SI,[2 3 1],17.30000000000001,10,795.1999999999971,0.0,False,0
1,0,3,[2 1 3],781.3999999999978,0.5,0.5,0.045497305855868864,SI,[2 3 1],17.30000000000001,10,795.1999999999971,0.0,False,0
1,0,4,[2 1 3],781.3999999999978,0.5,0.5,0.21289433940345537,SI,[2 3 1],17.30000000000001,10,795.1999999999971,0.0,False,0
2,0,0,[2 1 3],781.3999999999978,0.5,0.5,0.04206952345831805,SI,[2 3 1],17.30000000000001,10,795.1999999999971,0.0,False,0
2,0,1,[2 1 3],781.3999999999978,0.5,0.5,0.47709163344336936,SI,[2 3 1],17.30000000000001,10,795.1999999999971,0.0,False,0
2,0,2,[2 1 3],781.3999999999978,0.5,0.5,0.17322500718432365,SI,[2 3 1],17.30000000000001,10,795.1999999999971,0.0,False,0
2,0,3,[2 1 3],781.3999999999978,0.5,0.5,0.1790004486961333,SI,[2 3 1],17.30000000000001,10,795.1999999999971,0.0,False,0
2,0,4,[2 1 3],781.3999999999978,0.5,0.5,0.40858984154937605,SI,[2 3 1],17.30000000000001,10,795.1999999999971,0.0,False,0
3,0,0,[2 1 3],781.3999999999978,0.5,0.5,0.4241472474044634,SI,[2 3 1],17.30000000000001,10,795.1999999999971,0.0,False,0
3,0,1,[2 1 3],781.3999999999978,0.5,0.5,0.12159730852165651,SI,[2 3 1],17.30000000000001,10,795.1999999999971,0.0,False,0
3,0,2,[2 1 3],781.3999999999978,0.5,0.5,0.42411590028854873,SI,[2 3 1],17.30000000000001,10,795.1999999999971,0.0,False,0
3,0,3,[2 1 3],781.3999999999978,0.5,0.5,0.06104807517854138,SI,[2 3 1],17.30000000000001,10,795.1999999999971,0.0,False,0
3,0,4,[2 1 3],781.3999999999978,0.5,0.5,0.3594094026660726,SI,[2 3 1],17.30000000000001,10,795.1999999999971,0.0,False,0
4,0,0,[2 1 3],781.3999999999978,0.5,0.5,0.45593032417034773,SI,[2 3 1],17.30000000000001,10,795.1999999999971,0.0,False,0
4,0,1,[2 1 3],781.3999999999978,0.5,0.5,0.4385328583422752,SI,[2 3 1],17.30000000000001,10,795.1999999999971,0.0,False,0
4,0,2,[2 1 3],781.3999999999978,0.5,0.5,0.48946212343093976,SI,[2 3 1],17.30000000000001,10,795.1999999999971,0.0,False,0
4,0,3,[2 1 3],781.3999999999978,0.5,0.5,0.27465500116742836,SI,[2 3 1],17.30000000000001,10,795.1999999999971,0.0,False,0
4,0,4,[2 1 3],781.3999999999978,0.5,0.5,0.46191825006688925,SI,[2 3 1],17.30000000000001,10,795.1999999999971,0.0,False,0
5,0,0,[2 1 3],781.3999999999978,0.5,0.5,0.3466617383607923,SI,[2 3 1],17.30000000000001,10,795.1999999999971,0.0,False,0
5,0,1,[2 1 3],781.3999999999978,0.5,0.5,0.07740252624558597,SI,[2 3 1],17.30000000000001,10,795.1999999999971,0.0,False,0
5,0,2,[2 1 3],781.3999999999978,0.5,0.5,0.11746467977354058,SI,[2 3 1],17.30000000000001,10,795.1999999999971,0.0,False,0
5,0,3,[2 1 3],781.3999999999978,0.5,0.5,0.19608605773676346,SI,[2 3 1],17.30000000000001,10,795.1999999999971,0.0,False,0
5,0,4,[2 1 3],781.3999999999978,0.5,0.5,0.041544934861225236,SI,[2 3 1],17.30000000000001,10,795.1999999999971,0.0,False,0
6,0,0,[2 1 3],781.3999999999978,0.5,0.5,0.1240795148076197,SI,[2 3 1],17.30000000000001,10,795.1999999999971,0.0,False,0
6,0,1,[2 1 3],781.3999999999978,0.5,0.5,0.9377928280540023,MI,[3 1 2],60.7,10,795.399999999976,0.0,False,0
6,0,2,[2 1 3],781.3999999999978,0.5,0.5,0.032691350080174875,SI,[2 3 1],17.30000000000001,10,795.1999999999971,0.0,False,0
6,0,3,[2 1 3],781.3999999999978,0.5,0.5,0.06532893410547658,SI,[2 3 1],17.30000000000001,10,795.1999999999971,0.0,False,0
6,0,4,[2 1 3],781.3999999999978,0.5,0.5,0.051762518177733474,SI,[2 3 1],17.30000000000001,10,795.1999999999971,0.0,False,0
7,0,0,[2 1 3],781.3999999999978,0.5,0.5,0.549361114281272,MI,[3 1 2],60.7,10,795.399999999976,0.0,False,0
7,0,1,[2 1 3],781.3999999999978,0.5,0.5,0.4407099093455875,SI,[2 3 1],17.30000000000001,10,795.1999999999971,0.0,False,0
7,0,2,[2 1 3],781.3999999999978,0.5,0.5,0.16308090827650146,SI,[2 3 1],17.30000000000001,10,795.1999999999971,0.0,False,0
7,0,3,[2 1 3],781.3999999999978,0.5,0.5,0.24714440412568417,SI,[2 3 1],17.30000000000001,10,795.1999999999971,0.0,False,0
7,0,4,[2 1 3],781.3999999999978,0.5,0.5,0.2327680603553024,SI,[2 3 1],17.30000000000001,10,795.1999999999971,0.0,False,0
8,0,0,[2 1 3],781.3999999999978,0.5,0.5,0.1172751141923718,SI,[2 3 1],17.30000000000001,10,795.1999999999971,0.0,False,0
8,0,1,[2 1 3],781.3999999999978,0.5,0.5,0.47853379365092374,SI,[2 3 1],17.30000000000001,10,795.1999999999971,0.0,False,0
8,0,2,[2 1 3],781.3999999999978,0.5,0.5,0.2962427229765051,SI,[3 1 2],60.7,10,795.399999999976,0.0,False,0
8,0,3,[2 1 3],781.3999999999978,0.5,0.5,0.3798983452621232,SI,[2 3 1],17.30000000000001,10,795.1999999999971,0.0,False,0
8,0,4,[2 1 3],781.3999999999978,0.5,0.5,0.18939138070147055,SI,[2 3 1],17.30000000000001,10,795.1999999999971,0.0,False,0
9,0,0,[2 1 3],781.3999999999978,0.5,0.5,0.07673986083041962,SI,[2 3 1],17.30000000000001,10,795.1999999999971,0.0,False,0
9,0,1,[2 1 3],781.3999999999978,0.5,0.5,0.36889734337048463,SI,[2 3 1],17.30000000000001,10,795.1999999999971,0.0,False,0
9,0,2,[2 1 3],781.3999999999978,0.5,0.5,0.16394409071572114,SI,[2 3 1],17.30000000000001,10,795.1999999999971,0.0,False,0
9,0,3,[2 1 3],781.3999999999978,0.5,0.5,0.37915267032439093,SI,[2 3 1],17.30000000000001,10,795.1999999999971,0.0,False,0
9,0,4,[2 1 3],781.3999999999978,0.5,0.5,0.7175891482721317,MI,[3 1 2],60.7,10,795.399999999976,0.0,False,0
10,0,0,[2 1 3],781.3999999999978,0.5,0.5,0.010706196774773358,SI,[2 3 1],17.30000000000001,10,795.1999999999971,0.0,False,0
10,0,1,[2 1 3],781.3999999999978,0.5,0.5,0.42575136454399976,SI,[2 3 1],17.30000000000001,10,795.1999999999971,0.0,False,0
10,0,2,[2 1 3],781.3999999999978,0.5,0.5,0.16130655357802082,SI,[2 3 1],17.30000000000001,10,795.1999999999971,0.0,False,0
10,0,3,[2 1 3],781.3999999999978,0.5,0.5,0.8445432141774976,MI,[3 1 2],60.7,10,795.399999999976,0.0,False,0
10,0,4,[2 1 3],781.3999999999978,0.5,0.5,0.24485544886043997,SI,[2 3 1],17.30000000000001,10,795.1999999999971,0.0,False,0
11,0,0,[2 1 3],781.3999999999978,0.5,0.5,0.35998815064654,SI,[2 3 1],17.30000000000001,10,795.1999999999971,0.0,False,0
11,0,1,[2 1 3],781.3999999999978,0.5,0.5,0.6952668038797429,MI,[3 1 2],60.7,10,795.399999999976,0.0,False,0
11,0,2,[2 1 3],781.3999999999978,0.5,0.5,0.17721487526579038,SI,[2 3 1],17.30000000000001,10,795.1999999999971,0.0,False,0
11,0,3,[2 1 3],781.3999999999978,0.5,0.5,0.38844813096187925,SI,[2 3 1],17.30000000000001,10,795.1999999999971,0.0,False,0
11,0,4,[2 1 3],781.3999999999978,0.5,0.5,0.5271589036544126,MI,[3 1 2],60.7,10,795.399999999976,0.0,False,0
12,0,0,[2 1 3],781.3999999999978,0.5,0.5,0.3484037252151626,SI,[2 3 1],17.30000000000001,10,795.1999999999971,0.0,False,0
12,0,1,[2 1 3],781.3999999999978,0.5,0.5,0.4545293403420674,SI,[2 3 1],17.30000000000001,10,795.1999999999971,0.0,False,0
12,0,2,[2 1 3],781.3999999999978,0.5,0.5,0.28455966122122933,SI,[2 3 1],17.30000000000001,10,795.1999999999971,0.0,False,0
12,0,3,[2 1 3],781.3999999999978,0.5,0.5,0.06593365784920968,SI,[2 3 1],17.30000000000001,10,795.1999999999971,0.0,False,0
12,0,4,[2 1 3],781.3999999999978,0.5,0.5,0.1812107492424715,SI,[2 3 1],17.30000000000001,10,795.1999999999971,0.0,False,0
13,0,0,[2 1 3],781.3999999999978,0.5,0.5,0.07108688635559623,SI,[2 3 1],17.30000000000001,10,795.1999999999971,0.0,False,0
13,0,1,[2 1 3],781.3999999999978,0.5,0.5,0.394762888914739,SI,[2 3 1],17.30000000000001,10,795.1999999999971,0.0,False,0
13,0,2,[2 1 3],781.3999999999978,0.5,0.5,0.31699906875065187,SI,[2 3 1],17.30000000000001,10,795.1999999999971,0.0,False,0
13,0,3,[2 1 3],781.3999999999978,0.5,0.5,0.42152972452833815,SI,[2 3 1],17.30000000000001,10,795.1999999999971,0.0,False,0
13,0,4,[2 1 3],781.3999999999978,0.5,0.5,0.3092863027250762,SI,[2 3 1],17.30000000000001,10,795.1999999999971,0.0,False,0
14,0,0,[2 1 3],781.3999999999978,0.5,0.5,0.1936068636397439,SI,[2 3 1],17.30000000000001,10,795.1999999999971,0.0,False,0
14,0,1,[2 1 3],781.3999999999978,0.5,0.5,0.8096841925350741,MI,[3 1 2],60.7,10,795.399999999976,0.0,False,0
14,0,2,[2 1 3],781.3999999999978,0.5,0.5,0.44109976260046857,SI,[2 3 1],17.30000000000001,10,795.1999999999971,0.0,False,0
14,0,3,[2 1 3],781.3999999999978,0.5,0.5,0.9065923811809555,MI,[3 1 2],60.7,10,795.399999999976,0.0,False,0
14,0,4,[2 1 3],781.3999999999978,0.5,0.5,0.1924800036382729,SI,[2 3 1],17.30000000000001,10,795.1999999999971,0.0,False,0
15,0,0,[2 1 3],781.3999999999978,0.5,0.5,0.2832212638251582,SI,[2 3 1],17.30000000000001,10,795.1999999999971,0.0,False,0
15,0,1,[2 1 3],781.3999999999978,0.5,0.5,0.0635425631482206,SI,[2 3 1],17.30000000000001,10,795.1999999999971,0.0,False,0
15,0,2,[2 1 3],781.3999999999978,0.5,0.5,0.46096317195327785,SI,[2 3 1],17.30000000000001,10,795.1999999999971,0.0,False,0
15,0,3,[2 1 3],781.3999999999978,0.5,0.5,0.07819078517121247,SI,[2 3 1],17.30000000000001,10,795.1999999999971,0.0,False,0
15,0,4,[2 1 3],781.3999999999978,0.5,0.5,0.5403395011184262,MI,[3 1 2],60.7,10,795.399999999976,0.0,False,0
16,0,0,[2 1 3],781.3999999999978,0.5,0.5,0.20608873731815602,SI,[2 3 1],17.30000000000001,10,795.1999999999971,0.0,False,0
16,0,1,[2 1 3],781.3999999999978,0.5,0.5,0.2940820795014951,SI,[2 3 1],17.30000000000001,10,795.1999999999971,0.0,False,0
16,0,2,[2 1 3],781.3999999999978,0.5,0.5,0.07767926302124262,SI,[2 3 1],17.30000000000001,10,795.1999999999971,0.0,False,0
16,0,3,[2 1 3],781.3999999999978,0.5,0.5,0.04440558119223337,SI,[2 3 1],17.30000000000001,10,795.1999999999971,0.0,False,0
16,0,4,[2 1 3],781.3999999999978,0.5,0.5,0.2642067539506209,SI,[2 3 1],17.30000000000001,10,795.1999999999971,0.0,False,0
17,0,0,[2 1 3],781.3999999999978,0.5,0.5,0.486749854427199,SI,[2 3 1],17.30000000000001,10,795.1999999999971,0.0,False,0
17,0,1,[2 1 3],781.3999999999978,0.5,0.5,0.3465898951534687,SI,[2 3 1],17.30000000000001,10,795.1999999999971,0.0,False,0
17,0,2,[2 1 3],781.3999999999978,0.5,0.5,0.4608530705059517,SI,[2 3 1],17.30000000000001,10,795.1999999999971,0.0,False,0
17,0,3,[2 1 3],781.3999999999978,0.5,0.5,0.40640396113704647,SI,[2 3 1],17.30000000000001,10,795.1999999999971,0.0,False,0
17,0,4,[2 1 3],781.3999999999978,0.5,0.5,0.06554488438798278,SI,[2 3 1],17.30000000000001,10,795.1999999999971,0.0,False,0
18,0,0,[2 1 3],781.3999999999978,0.5,0.5,0.1097748327346485,SI,[3 1 2],60.7,10,795.399999999976,0.0,False,0
18,0,1,[2 1 3],781.3999999999978,0.5,0.5,0.2373165155056146,SI,[3 1 2],60.7,10,795.399999999976,0.0,False,0
18,0,2,[2 1 3],781.3999999999978,0.5,0.5,0.07901274310518513,SI,[2 3 1],17.30000000000001,10,795.1999999999971,0.0,False,0
18,0,3,[2 1 3],781.3999999999978,0.5,0.5,0.4005722005391703,SI,[2 3 1],17.30000000000001,10,795.1999999999971,0.0,False,0
18,0,4,[2 1 3],781.3999999999978,0.5,0.5,0.04244522264485062,SI,[2 3 1],17.30000000000001,10,795.1999999999971,0.0,False,0
19,0,0,[2 1 3],781.3999999999978,0.5,0.5,0.033369181303403606,SI,[2 3 1],17.30000000000001,10,795.1999999999971,0.0,False,0
19,0,1,[2 1 3],781.3999999999978,0.5,0.5,0.34057097443376905,SI,[2 3 1],17.30000000000001,10,795.1999999999971,0.0,False,0
19,0,2,[2 1 3],781.3999999999978,0.5,0.5,0.28434578583021575,SI,[2 3 1],17.30000000000001,10,795.1999999999971,0.0,False,0
19,0,3,[2 1 3],781.3999999999978,0.5,0.5,0.46156529197319207,SI,[2 3 1],17.30000000000001,10,795.1999999999971,0.0,False,0
19,0,4,[2 1 3],781.3999999999978,0.5,0.5,0.38314316306450447,SI,[2 3 1],17.30000000000001,10,795.1999999999971,0.0,False,0
20,0,0,[2 1 3],781.3999999999978,0.5,0.5,0.1670053621072738,SI,[2 3 1],17.30000000000001,10,795.1999999999971,0.0,False,0
20,0,1,[2 1 3],781.3999999999978,0.5,0.5,0.4967740845099301,SI,[2 3 1],17.30000000000001,10,795.1999999999971,0.0,False,0
20,0,2,[2 1 3],781.3999999999978,0.5,0.5,0.02390751252424772,SI,[2 3 1],17.30000000000001,10,795.1999999999971,0.0,False,0
20,0,3,[2 1 3],781.3999999999978,0.5,0.5,0.2612502837178158,SI,[2 3 1],17.30000000000001,10,795.1999999999971,0.0,False,0
20,0,4,[2 1 3],781.3999999999978,0.5,0.5,0.2160033381663382,SI,[2 3 1],17.30000000000001,10,795.1999999999971,0.0,False,0
21,0,0,[2 1 3],781.3999999999978,0.5,0.5,0.32619038465069816,SI,[2 3 1],17.30000000000001,10,795.1999999999971,0.0,False,0
21,0,1,[2 1 3],781.3999999999978,0.5,0.5,0.09930236257422898,SI,[2 3 1],17.30000000000001,10,795.1999999999971,0.0,False,0
21,0,2,[2 1 3],781.3999999999978,0.5,0.5,0.1554601245283106,SI,[2 3 1],17.30000000000001,10,795.1999999999971,0.0,False,0
21,0,3,[2 1 3],781.3999999999978,0.5,0.5,0.027498198107108296,SI,[2 3 1],17.30000000000001,10,795.1999999999971,0.0,False,0
21,0,4,[2 1 3],781.3999999999978,0.5,0.5,0.4945310600959407,SI,[2 3 1],17.30000000000001,10,795.1999999999971,0.0,False,0
22,0,0,[2 1 3],781.3999999999978,0.5,0.5,0.1908721159903759,SI,[2 3 1],17.30000000000001,10,795.1999999999971,0.0,False,0
22,0,1,[2 1 3],781.3999999999978,0.5,0.5,0.3505744013782871,SI,[2 3 1],17.30000000000001,10,795.1999999999971,0.0,False,0
22,0,2,[2 1 3],781.3999999999978,0.5,0.5,0.5126831717194116,MI,[3 1 2],60.7,10,795.399999999976,0.0,False,0
22,0,3,[2 1 3],781.3999999999978,0.5,0.5,0.32197329990441126,SI,[2 3 1],17.30000000000001,10,795.1999999999971,0.0,False,0
22,0,4,[2 1 3],781.3999999999978,0.5,0.5,0.005947852934474085,SI,[2 3 1],17.30000000000001,10,795.1999999999971,0.0,False,0
23,0,0,[2 1 3],781.3999999999978,0.5,0.5,0.5578510952816899,MI,[3 1 2],60.7,10,795.399999999976,0.0,False,0
23,0,1,[2 1 3],781.3999999999978,0.5,0.5,0.43280904436989376,SI,[2 3 1],17.30000000000001,10,795.1999999999971,0.0,False,0
23,0,2,[2 1 3],781.3999999999978,0.5,0.5,0.10082801411088149,SI,[2 3 1],17.30000000000001,10,795.1999999999971,0.0,False,0
23,0,3,[2 1 3],781.3999999999978,0.5,0.5,0.041056995837607024,SI,[3 1 2],60.7,10,795.399999999976,0.0,False,0
23,0,4,[2 1 3],781.3999999999978,0.5,0.5,0.17365533944002232,SI,[2 3 1],17.30000000000001,10,795.1999999999971,0.0,False,0
24,0,0,[2 1 3],781.3999999999978,0.5,0.5,0.006586296309507467,SI,[2 3 1],17.30000000000001,10,795.1999999999971,0.0,False,0
24,0,1,[2 1 3],781.3999999999978,0.5,0.5,0.22102508803706922,SI,[3 1 2],60.7,10,795.399999999976,0.0,False,0
24,0,2,[2 1 3],781.3999999999978,0.5,0.5,0.1879233033880996,SI,[2 3 1],17.30000000000001,10,795.1999999999971,0.0,False,0
24,0,3,[2 1 3],781.3999999999978,0.5,0.5,0.03666545187061199,SI,[2 3 1],17.30000000000001,10,795.1999999999971,0.0,False,0
24,0,4,[2 1 3],781.3999999999978,0.5,0.5,0.29250386159524244,SI,[2 3 1],17.30000000000001,10,795.1999999999971,0.0,False,0
25,0,0,[2 1 3],781.3999999999978,0.5,0.5,0.04690251258980027,SI,[2 3 1],17.30000000000001,10,795.1999999999971,0.0,False,0
25,0,1,[2 1 3],781.3999999999978,0.5,0.5,0.5139875903798662,MI,[3 1 2],60.7,10,795.399999999976,0.0,False,0
25,0,2,[2 1 3],781.3999999999978,0.5,0.5,0.19604469389803203,SI,[2 3 1],17.30000000000001,10,795.1999999999971,0.0,False,0
25,0,3,[2 1 3],781.3999999999978,0.5,0.5,0.45775683874238404,SI,[2 3 1],17.30000000000001,10,795.1999999999971,0.0,False,0
25,0,4,[2 1 3],781.3999999999978,0.5,0.5,0.36198992656859386,SI,[2 3 1],17.30000000000001,10,795.1999999999971,0.0,False,0
26,0,0,[2 1 3],781.3999999999978,0.5,0.5,0.4916433081258904,SI,[2 3 1],17.30000000000001,10,795.1999999999971,0.0,False,0
26,0,1,[2 1 3],781.3999999999978,0.5,0.5,0.18829004082023593,SI,[2 3 1],17.30000000000001,10,795.1999999999971,0.0,False,0
26,0,2,[2 1 3],781.3999999999978,0.5,0.5,0.3753336833020712,SI,[2 3 1],17.30000000000001,10,795.1999999999971,0.0,False,0
26,0,3,[2 1 3],781.3999999999978,0.5,0.5,0.3966240744806797,SI,[2 3 1],17.30000000000001,10,795.1999999999971,0.0,False,0
26,0,4,[2 1 3],781.3999999999978,0.5,0.5,0.2738830329265577,SI,[2 3 1],17.30000000000001,10,795.1999999999971,0.0,False,0
27,0,0,[2 1 3],781.3999999999978,0.5,0.5,0.22030339157025225,SI,[2 3 1],17.30000000000001,10,795.1999999999971,0.0,False,0
27,0,1,[2 1 3],781.3999999999978,0.5,0.5,0.015267482162769963,SI,[2 3 1],17.30000000000001,10,795.1999999999971,0.0,False,0
27,0,2,[2 1 3],781.3999999999978,0.5,0.5,0.4154200953268392,SI,[2 3 1],17.30000000000001,10,795.1999999999971,0.0,False,0
27,0,3,[2 1 3],781.3999999999978,0.5,0.5,0.2772970859826137,SI,[2 3 1],17.30000000000001,10,795.1999999999971,0.0,False,0
27,0,4,[2 1 3],781.3999999999978,0.5,0.5,0.3088406343712956,SI,[2 3 1],17.30000000000001,10,795.1999999999971,0.0,False,0
28,0,0,[2 1 3],781.3999999999978,0.5,0.5,0.07229158609541297,SI,[2 3 1],17.30000000000001,10,795.1999999999971,0.0,False,0
28,0,1,[2 1 3],781.3999999999978,0.5,0.5,0.2988332631240598,SI,[2 3 1],17.30000000000001,10,795.1999999999971,0.0,False,0
28,0,2,[2 1 3],781.3999999999978,0.5,0.5,0.2770642024119553,SI,[2 3 1],17.30000000000001,10,795.1999999999971,0.0,False,0
28,0,3,[2 1 3],781.3999999999978,0.5,0.5,0.40515863362167515,SI,[2 3 1],17.30000000000001,10,795.1999999999971,0.0,False,0
28,0,4,[2 1 3],781.3999999999978,0.5,0.5,0.48084786959363957,SI,[2 3 1],17.30000000000001,10,795.1999999999971,0.0,False,0
29,0,0,[2 1 3],781.3999999999978,0.5,0.5,0.19765619919168664,SI,[2 3 1],17.30000000000001,10,795.1999999999971,0.0,False,0
29,0,1,[2 1 3],781.3999999999978,0.5,0.5,0.38623244512430965,SI,[3 1 2],60.7,10,795.399999999976,0.0,False,0
29,0,2,[2 1 3],781.3999999999978,0.5,0.5,0.10924397145610787,SI,[2 3 1],17.30000000000001,10,795.1999999999971,0.0,False,0
29,0,3,[2 1 3],781.3999999999978,0.5,0.5,0.49635836776317344,SI,[2 3 1],17.30000000000001,10,795.1999999999971,0.0,False,0
29,0,4,[2 1 3],781.3999999999978,0.5,0.5,0.3742593966125166,SI,[2 3 1],17.30000000000001,10,795.1999999999971,0.0,False,0
30,0,0,[2 1 3],781.3999999999978,0.5,0.5,0.13930700936713158,SI,[2 3 1],17.30000000000001,10,795.1999999999971,0.0,False,0
30,0,1,[2 1 3],781.3999999999978,0.5,0.5,0.2887071639023301,SI,[2 3 1],17.30000000000001,10,795.1999999999971,0.0,False,0
30,0,2,[2 1 3],781.3999999999978,0.5,0.5,0.27918067993388807,SI,[2 3 1],17.30000000000001,10,795.1999999999971,0.0,False,0
30,0,3,[2 1 3],781.3999999999978,0.5,0.5,0.43581050089416107,SI,[2 3 1],17.30000000000001,10,795.1999999999971,0.0,False,0
30,0,4,[2 1 3],781.3999999999978,0.5,0.5,0.21813109698610533,SI,[2 3 1],17.30000000000001,10,795.1999999999971,0.0,False,0
31,0,0,[2 1 3],781.3999999999978,0.5,0.5,0.25763903136095767,SI,[2 3 1],17.30000000000001,10,795.1999999999971,0.0,False,0
31,0,1,[2 1 3],781.3999999999978,0.5,0.5,0.28610222750739644,SI,[2 3 1],17.30000000000001,10,795.1999999999971,0.0,False,0
31,0,2,[2 1 3],781.3999999999978,0.5,0.5,0.21984345310724085,SI,[2 3 1],17.30000000000001,10,795.1999999999971,0.0,False,0
31,0,3,[2 1 3],781.3999999999978,0.5,0.5,0.1852088522475237,SI,[2 3 1],17.30000000000001,10,795.1999999999971,0.0,False,0
31,0,4,[2 1 3],781.3999999999978,0.5,0.5,0.46472952969418535,SI,[2 3 1],17.30000000000001,10,795.1999999999971,0.0,False,0
32,0,0,[2 1 3],781.3999999999978,0.5,0.5,0.3058872968257814,SI,[2 3 1],17.30000000000001,10,795.1999999999971,0.0,False,0
32,0,1,[2 1 3],781.3999999999978,0.5,0.5,0.2858601196075231,SI,[2 3 1],17.30000000000001,10,795.1999999999971,0.0,False,0
32,0,2,[2 1 3],781.3999999999978,0.5,0.5,0.4341845322432818,SI,[2 3 1],17.30000000000001,10,795.1999999999971,0.0,False,0
32,0,3,[2 1 3],781.3999999999978,0.5,0.5,0.144549166928286,SI,[2 3 1],17.30000000000001,10,795.1999999999971,0.0,False,0
32,0,4,[2 1 3],781.3999999999978,0.5,0.5,0.3477353939296596,SI,[2 3 1],17.30000000000001,10,795.1999999999971,0.0,False,0
33,0,0,[2 1 3],781.3999999999978,0.5,0.5,0.007762003995681277,SI,[2 3 1],17.30000000000001,10,795.1999999999971,0.0,False,0
33,0,1,[2 1 3],781.3999999999978,0.5,0.5,0.2923480431688106,SI,[2 3 1],17.30000000000001,10,795.1999999999971,0.0,False,0
33,0,2,[2 1 3],781.3999999999978,0.5,0.5,0.5823287736432751,MI,[3 1 2],60.7,10,795.399999999976,0.0,False,0
33,0,3,[2 1 3],781.3999999999978,0.5,0.5,0.3212152752490661,SI,[2 3 1],17.30000000000001,10,795.1999999999971,0.0,False,0
33,0,4,[2 1 3],781.3999999999978,0.5,0.5,0.03778177279115735,SI,[2 3 1],17.30000000000001,10,795.1999999999971,0.0,False,0
34,0,0,[2 1 3],781.3999999999978,0.5,0.5,0.07846181800373142,SI,[2 3 1],17.30000000000001,10,795.1999999999971,0.0,False,0
34,0,1,[2 1 3],781.3999999999978,0.5,0.5,0.46781005869033787,SI,[2 3 1],17.30000000000001,10,795.1999999999971,0.0,False,0
34,0,2,[2 1 3],781.3999999999978,0.5,0.5,0.45435459113374677,SI,[2 3 1],17.30000000000001,10,795.1999999999971,0.0,False,0
34,0,3,[2 1 3],781.3999999999978,0.5,0.5,0.302268759613597,SI,[2 3 1],17.30000000000001,10,795.1999999999971,0.0,False,0
34,0,4,[2 1 3],781.3999999999978,0.5,0.5,0.26776781162585617,SI,[2 3 1],17.30000000000001,10,795.1999999999971,0.0,False,0
35,0,0,[2 1 3],781.3999999999978,0.5,0.5,0.36999295631759166,SI,[2 3 1],17.30000000000001,10,795.1999999999971,0.0,False,0
35,0,1,[2 1 3],781.3999999999978,0.5,0.5,0.43191716669212865,SI,[2 3 1],17.30000000000001,10,795.1999999999971,0.0,False,0
35,0,2,[2 1 3],781.3999999999978,0.5,0.5,0.2131969033417216,SI,[2 3 1],17.30000000000001,10,795.1999999999971,0.0,False,0
35,0,3,[2 1 3],781.3999999999978,0.5,0.5,0.027989791096848737,SI,[2 3 1],17.30000000000001,10,795.1999999999971,0.0,False,0
35,0,4,[2 1 3],781.3999999999978,0.5,0.5,0.037730438044764836,SI,[2 3 1],17.30000000000001,10,795.1999999999971,0.0,False,0
36,0,0,[2 1 3],781.3999999999978,0.5,0.5,0.02858601072502942,SI,[2 3 1],17.30000000000001,10,795.1999999999971,0.0,False,0
36,0,1,[2 1 3],781.3999999999978,0.5,0.5,0.004103950931520939,SI,[2 3 1],17.30000000000001,10,795.1999999999971,0.0,False,0
36,0,2,[2 1 3],781.3999999999978,0.5,0.5,0.2490217101083646,SI,[2 3 1],17.30000000000001,10,795.1999999999971,0.0,False,0
36,0,3,[2 1 3],781.3999999999978,0.5,0.5,0.32826240403386564,SI,[2 3 1],17.30000000000001,10,795.1999999999971,0.0,False,0
36,0,4,[2 1 3],781.3999999999978,0.5,0.5,0.3494106868895115,SI,[2 3 1],17.30000000000001,10,795.1999999999971,0.0,False,0
37,0,0,[2 1 3],781.3999999999978,0.5,0.5,0.27709353024699046,SI,[2 3 1],17.30000000000001,10,795.1999999999971,0.0,False,0
37,0,1,[2 1 3],781.3999999999978,0.5,0.5,0.25483233714695264,SI,[2 3 1],17.30000000000001,10,795.1999999999971,0.0,False,0
37,0,2,[2 1 3],781.3999999999978,0.5,0.5,0.28030038151412706,SI,[2 3 1],17.30000000000001,10,795.1999999999971,0.0,False,0
37,0,3,[2 1 3],781.3999999999978,0.5,0.5,0.42200193376050066,SI,[2 3 1],17.30000000000001,10,795.1999999999971,0.0,False,0
37,0,4,[2 1 3],781.3999999999978,0.5,0.5,0.03813024714588609,SI,[2 3 1],17.30000000000001,10,795.1999999999971,0.0,False,0
38,0,0,[2 1 3],781.3999999999978,0.5,0.5,0.3121570629250121,SI,[2 3 1],17.30000000000001,10,795.1999999999971,0.0,False,0
38,0,1,[2 1 3],781.3999999999978,0.5,0.5,0.23473254926289377,SI,[2 3 1],17.30000000000001,10,795.1999999999971,0.0,False,0
38,0,2,[2 1 3],781.3999999999978,0.5,0.5,0.34238887332247947,SI,[2 3 1],17.30000000000001,10,795.1999999999971,0.0,False,0
38,0,3,[2 1 3],781.3999999999978,0.5,0.5,0.005552046229815644,SI,[2 3 1],17.30000000000001,10,795.1999999999971,0.0,False,0
38,0,4,[2 1 3],781.3999999999978,0.5,0.5,0.2987654088941575,SI,[2 3 1],17.30000000000001,10,795.1999999999971,0.0,False,0
39,0,0,[2 1 3],781.3999999999978,0.5,0.5,0.06305193662896658,SI,[2 3 1],17.30000000000001,10,795.1999999999971,0.0,False,0
39,0,1,[2 1 3],781.3999999999978,0.5,0.5,0.3682928348624047,SI,[2 3 1],17.30000000000001,10,795.1999999999971,0.0,False,0
39,0,2,[2 1 3],781.3999999999978,0.5,0.5,0.353042622851525,SI,[2 3 1],17.30000000000001,10,795.1999999999971,0.0,False,0
39,0,3,[2 1 3],781.3999999999978,0.5,0.5,0.13038319589657155,SI,[2 3 1],17.30000000000001,10,795.1999999999971,0.0,False,0
39,0,4,[2 1 3],781.3999999999978,0.5,0.5,0.3104546151584997,SI,[2 3 1],17.30000000000001,10,795.1999999999971,0.0,False,0
40,0,0,[2 1 3],781.3999999999978,0.5,0.5,0.03278488069662944,SI,[2 3 1],17.30000000000001,10,795.1999999999971,0.0,False,0
40,0,1,[2 1 3],781.3999999999978,0.5,0.5,0.39912545942788724,SI,[2 3 1],17.30000000000001,10,795.1999999999971,0.0,False,0
40,0,2,[2 1 3],781.3999999999978,0.5,0.5,0.036592968376942925,SI,[2 3 1],17.30000000000001,10,795.1999999999971,0.0,False,0
40,0,3,[2 1 3],781.3999999999978,0.5,0.5,0.8796257988552815,MI,[3 1 2],60.7,10,795.399999999976,0.0,False,0
40,0,4,[2 1 3],781.3999999999978,0.5,0.5,0.45426685106008347,SI,[2 3 1],17.30000000000001,10,795.1999999999971,0.0,False,0
41,0,0,[2 1 3],781.3999999999978,0.5,0.5,0.4296223045364591,SI,[2 3 1],17.30000000000001,10,795.1999999999971,0.0,False,0
41,0,1,[2 1 3],781.3999999999978,0.5,0.5,0.31344200693109503,SI,[2 3 1],17.30000000000001,10,795.1999999999971,0.0,False,0
41,0,2,[2 1 3],781.3999999999978,0.5,0.5,0.010489658252410994,SI,[2 3 1],17.30000000000001,10,795.1999999999971,0.0,False,0
41,0,3,[2 1 3],781.3999999999978,0.5,0.5,0.06444131257429975,SI,[3 1 2],60.7,10,795.399999999976,0.0,False,0
41,0,4,[2 1 3],781.3999999999978,0.5,0.5,0.24133762428790928,SI,[2 3 1],17.30000000000001,10,795.1999999999971,0.0,False,0
42,0,0,[2 1 3],781.3999999999978,0.5,0.5,0.30165684731134135,SI,[2 3 1],17.30000000000001,10,795.1999999999971,0.0,False,0
42,0,1,[2 1 3],781.3999999999978,0.5,0.5,0.20279243378980938,SI,[2 3 1],17.30000000000001,10,795.1999999999971,0.0,False,0
42,0,2,[2 1 3],781.3999999999978,0.5,0.5,0.0874380120418885,SI,[2 3 1],17.30000000000001,10,795.1999999999971,0.0,False,0
42,0,3,[2 1 3],781.3999999999978,0.5,0.5,0.02998125229078319,SI,[2 3 1],17.30000000000001,10,795.1999999999971,0.0,False,0
42,0,4,[2 1 3],781.3999999999978,0.5,0.5,0.3536656029328338,SI,[2 3 1],17.30000000000001,10,795.1999999999971,0.0,False,0
43,0,0,[2 1 3],781.3999999999978,0.5,0.5,0.05728499577970192,SI,[2 3 1],17.30000000000001,10,795.1999999999971,0.0,False,0
43,0,1,[2 1 3],781.3999999999978,0.5,0.5,0.36582241285407235,SI,[2 3 1],17.30000000000001,10,795.1999999999971,0.0,False,0
43,0,2,[2 1 3],781.3999999999978,0.5,0.5,0.6088423220969024,MI,[3 1 2],60.7,10,795.399999999976,0.0,False,0
43,0,3,[2 1 3],781.3999999999978,0.5,0.5,0.011474882939794373,SI,[2 3 1],17.30000000000001,10,795.1999999999971,0.0,False,0
43,0,4,[2 1 3],781.3999999999978,0.5,0.5,0.021352464697478646,SI,[2 3 1],17.30000000000001,10,795.1999999999971,0.0,False,0
44,0,0,[2 1 3],781.3999999999978,0.5,0.5,0.032928402044249405,SI,[2 3 1],17.30000000000001,10,795.1999999999971,0.0,False,0
44,0,1,[2 1 3],781.3999999999978,0.5,0.5,0.21839773663776418,SI,[2 3 1],17.30000000000001,10,795.1999999999971,0.0,False,0
44,0,2,[2 1 3],781.3999999999978,0.5,0.5,0.43794118199672283,SI,[3 1 2],60.7,10,795.399999999976,0.0,False,0
44,0,3,[2 1 3],781.3999999999978,0.5,0.5,0.6916323586424202,MI,[3 1 2],60.7,10,795.399999999976,0.0,False,0
44,0,4,[2 1 3],781.3999999999978,0.5,0.5,0.44166113787541517,SI,[2 3 1],17.30000000000001,10,795.1999999999971,0.0,False,0
45,0,0,[2 1 3],781.3999999999978,0.5,0.5,0.42415754917967474,SI,[2 3 1],17.30000000000001,10,795.1999999999971,0.0,False,0
45,0,1,[2 1 3],781.3999999999978,0.5,0.5,0.016592267645690773,SI,[2 3 1],17.30000000000001,10,795.1999999999971,0.0,False,0
45,0,2,[2 1 3],781.3999999999978,0.5,0.5,0.30952235229930447,SI,[2 3 1],17.30000000000001,10,795.1999999999971,0.0,False,0
45,0,3,[2 1 3],781.3999999999978,0.5,0.5,0.2554651946977001,SI,[2 3 1],17.30000000000001,10,795.1999999999971,0.0,False,0
45,0,4,[2 1 3],781.3999999999978,0.5,0.5,0.23313798883816528,SI,[3 1 2],60.7,10,795.399999999976,0.0,False,0
46,0,0,[2 1 3],781.3999999999978,0.5,0.5,0.4218314997301027,SI,[2 3 1],17.30000000000001,10,795.1999999999971,0.0,False,0
46,0,1,[2 1 3],781.3999999999978,0.5,0.5,0.07575372646634171,SI,[2 3 1],17.30000000000001,10,795.1999999999971,0.0,False,0
46,0,2,[2 1 3],781.3999999999978,0.5,0.5,0.05907330003027855,SI,[2 3 1],17.30000000000001,10,795.1999999999971,0.0,False,0
46,0,3,[2 1 3],781.3999999999978,0.5,0.5,0.3565432139822853,SI,[2 3 1],17.30000000000001,10,795.1999999999971,0.0,False,0
46,0,4,[2 1 3],781.3999999999978,0.5,0.5,0.2836760849219625,SI,[2 3 1],17.30000000000001,10,795.1999999999971,0.0,False,0
47,0,0,[2 1 3],781.3999999999978,0.5,0.5,0.30671231936902366,SI,[2 3 1],17.30000000000001,10,795.1999999999971,0.0,False,0
47,0,1,[2 1 3],781.3999999999978,0.5,0.5,0.5771628880798269,MI,[3 1 2],60.7,10,795.399999999976,0.0,False,0
47,0,2,[2 1 3],781.3999999999978,0.5,0.5,0.034731472349757375,SI,[2 3 1],17.30000000000001,10,795.1999999999971,0.0,False,0
47,0,3,[2 1 3],781.3999999999978,0.5,0.5,0.25490989262139097,SI,[2 3 1],17.30000000000001,10,795.1999999999971,0.0,False,0
47,0,4,[2 1 3],781.3999999999978,0.5,0.5,0.19404118753125532,SI,[2 3 1],17.30000000000001,10,795.1999999999971,0.0,False,0
48,0,0,[2 1 3],781.3999999999978,0.5,0.5,0.4533651895147822,SI,[2 3 1],17.30000000000001,10,795.1999999999971,0.0,False,0
48,0,1,[2 1 3],781.3999999999978,0.5,0.5,0.04823697105607361,SI,[2 3 1],17.30000000000001,10,795.1999999999971,0.0,False,0
48,0,2,[2 1 3],781.3999999999978,0.5,0.5,0.0662032570833313,SI,[2 3 1],17.30000000000001,10,795.1999999999971,0.0,False,0
48,0,3,[2 1 3],781.3999999999978,0.5,0.5,0.36580851533860803,SI,[2 3 1],17.30000000000001,10,795.1999999999971,0.0,False,0
48,0,4,[2 1 3],781.3999999999978,0.5,0.5,0.2082508091671288,SI,[2 3 1],17.30000000000001,10,795.1999999999971,0.0,False,0
49,0,0,[2 1 3],781.3999999999978,0.5,0.5,0.06258887133232294,SI,[2 3 1],17.30000000000001,10,795.1999999999971,0.0,False,0
49,0,1,[2 1 3],781.3999999999978,0.5,0.5,0.45313296504679157,SI,[2 3 1],17.30000000000001,10,795.1999999999971,0.0,False,0
49,0,2,[2 1 3],781.3999999999978,0.5,0.5,0.16457538796470172,SI,[2 3 1],17.30000000000001,10,795.1999999999971,0.0,False,0
49,0,3,[2 1 3],781.3999999999978,0.5,0.5,0.11746868670580801,SI,[2 3 1],17.30000000000001,10,795.1999999999971,0.0,False,0
49,0,4,[2 1 3],781.3999999999978,0.5,0.5,0.9614830973425399,MI,[3 1 2],60.7,10,795.399999999976,0.0,False,0
50,0,0,[2 1 3],781.3999999999978,0.5,0.5,0.46090448746290336,SI,[2 3 1],17.30000000000001,10,795.1999999999971,0.0,False,0
50,0,1,[2 1 3],781.3999999999978,0.5,0.5,0.3247034097887127,SI,[3 1 2],60.7,10,795.399999999976,0.0,False,0
50,0,2,[2 1 3],781.3999999999978,0.5,0.5,0.13186709074797942,SI,[2 3 1],17.30000000000001,10,795.1999999999971,0.0,False,0
50,0,3,[2 1 3],781.3999999999978,0.5,0.5,0.24565618982352788,SI,[2 3 1],17.30000000000001,10,795.1999999999971,0.0,False,0
50,0,4,[2 1 3],781.3999999999978,0.5,0.5,0.3953000095040531,SI,[2 3 1],17.30000000000001,10,795.1999999999971,0.0,False,0
0,3,0,[1 2],576.7999999999993,0.5,0.5,0.35898426745849477,SI,[2 1],-26.80000000000001,10,636.8999999999905,0.0,False,1
0,3,1,[1 2],576.7999999999993,0.5,0.5,0.27922073629568356,SI,[2 1],-26.80000000000001,10,636.8999999999905,0.0,False,1
0,3,2,[1 2],576.7999999999993,0.5,0.5,0.4650914252663908,SI,[2 1],-26.80000000000001,10,636.8999999999905,0.0,False,1
0,3,3,[1 2],576.7999999999993,0.5,0.5,0.20196071168069174,SI,[2 1],-26.80000000000001,10,636.8999999999905,0.0,False,1
0,3,4,[1 2],576.7999999999993,0.5,0.5,0.27524184856408695,SI,[2 1],-26.80000000000001,10,636.8999999999905,0.0,False,1
1,0,0,[1 2],576.7999999999993,0.5,0.5,0.14681314614444407,SI,[2 1],-26.80000000000001,10,636.8999999999905,0.0,False,1
1,0,1,[1 2],576.7999999999993,0.5,0.5,0.05480262959704596,SI,[2 1],-26.80000000000001,10,636.8999999999905,0.0,False,1
1,0,2,[1 2],576.7999999999993,0.5,0.5,0.02086748293678231,SI,[2 1],-26.80000000000001,10,636.8999999999905,0.0,False,1
1,0,3,[1 2],576.7999999999993,0.5,0.5,0.36750786924347933,SI,[2 1],-26.80000000000001,10,636.8999999999905,0.0,False,1
1,0,4,[1 2],576.7999999999993,0.5,0.5,0.02740517042909807,SI,[2 1],-26.80000000000001,10,636.8999999999905,0.0,False,1
2,0,0,[1 2],576.7999999999993,0.5,0.5,0.008125472581633209,SI,[2 1],-26.80000000000001,10,636.8999999999905,0.0,False,1
2,0,1,[1 2],576.7999999999993,0.5,0.5,0.08489887023302589,SI,[2 1],-26.80000000000001,10,636.8999999999905,0.0,False,1
2,0,2,[1 2],576.7999999999993,0.5,0.5,0.2781950620017677,SI,[2 1],-26.80000000000001,10,636.8999999999905,0.0,False,1
2,0,3,[1 2],576.7999999999993,0.5,0.5,0.27463531018097975,SI,[2 1],-26.80000000000001,10,636.8999999999905,0.0,False,1
2,0,4,[1 2],576.7999999999993,0.5,0.5,0.17938288371058975,SI,[2 1],-26.80000000000001,10,636.8999999999905,0.0,False,1
3,0,0,[1 2],576.7999999999993,0.5,0.5,0.031014455248894568,SI,[2 1],-26.80000000000001,10,636.8999999999905,0.0,False,1
3,0,1,[1 2],576.7999999999993,0.5,0.5,0.1886116120999528,SI,[2 1],-26.80000000000001,10,636.8999999999905,0.0,False,1
3,0,2,[1 2],576.7999999999993,0.5,0.5,0.3870538555928279,SI,[2 1],-26.80000000000001,10,636.8999999999905,0.0,False,1
3,0,3,[1 2],576.7999999999993,0.5,0.5,0.405323785961076,SI,[2 1],-26.80000000000001,10,636.8999999999905,0.0,False,1
3,0,4,[1 2],576.7999999999993,0.5,0.5,0.1875682877982412,SI,[2 1],-26.80000000000001,10,636.8999999999905,0.0,False,1
4,0,0,[1 2],576.7999999999993,0.5,0.5,0.2680094784400481,SI,[2 1],-26.80000000000001,10,636.8999999999905,0.0,False,1
4,0,1,[1 2],576.7999999999993,0.5,0.5,0.23334190473954808,SI,[2 1],-26.80000000000001,10,636.8999999999905,0.0,False,1
4,0,2,[1 2],576.7999999999993,0.5,0.5,0.006402477792451511,SI,[2 1],-26.80000000000001,10,636.8999999999905,0.0,False,1
4,0,3,[1 2],576.7999999999993,0.5,0.5,0.15475109465815606,SI,[2 1],-26.80000000000001,10,636.8999999999905,0.0,False,1
4,0,4,[1 2],576.7999999999993,0.5,0.5,0.12039066790835673,SI,[2 1],-26.80000000000001,10,636.8999999999905,0.0,False,1
5,0,0,[1 2],576.7999999999993,0.5,0.5,0.23407391864246285,SI,[2 1],-26.80000000000001,10,636.8999999999905,0.0,False,1
5,0,1,[1 2],576.7999999999993,0.5,0.5,0.3813553964133499,SI,[2 1],-26.80000000000001,10,636.8999999999905,0.0,False,1
5,0,2,[1 2],576.7999999999993,0.5,0.5,0.2874968511344348,SI,[2 1],-26.80000000000001,10,636.8999999999905,0.0,False,1
5,0,3,[1 2],576.7999999999993,0.5,0.5,0.03409458620990646,SI,[2 1],-26.80000000000001,10,636.8999999999905,0.0,False,1
5,0,4,[1 2],576.7999999999993,0.5,0.5,0.18279641152503567,SI,[2 1],-26.80000000000001,10,636.8999999999905,0.0,False,1
6,0,0,[1 2],576.7999999999993,0.5,0.5,0.49162909786593334,SI,[2 1],-26.80000000000001,10,636.8999999999905,0.0,False,1
6,0,1,[1 2],576.7999999999993,0.5,0.5,0.21967731728672046,SI,[2 1],-26.80000000000001,10,636.8999999999905,0.0,False,1
6,0,2,[1 2],576.7999999999993,0.5,0.5,0.2835921262247201,SI,[2 1],-26.80000000000001,10,636.8999999999905,0.0,False,1
6,0,3,[1 2],576.7999999999993,0.5,0.5,0.32631286604471177,SI,[2 1],-26.80000000000001,10,636.8999999999905,0.0,False,1
6,0,4,[1 2],576.7999999999993,0.5,0.5,0.48263468328044334,SI,[2 1],-26.80000000000001,10,636.8999999999905,0.0,False,1
7,0,0,[1 2],576.7999999999993,0.5,0.5,0.03420923037688228,SI,[2 1],-26.80000000000001,10,636.8999999999905,0.0,False,1
7,0,1,[1 2],576.7999999999993,0.5,0.5,0.28717723416735197,SI,[2 1],-26.80000000000001,10,636.8999999999905,0.0,False,1
7,0,2,[1 2],576.7999999999993,0.5,0.5,0.03169483399912831,SI,[2 1],-26.80000000000001,10,636.8999999999905,0.0,False,1
7,0,3,[1 2],576.7999999999993,0.5,0.5,0.1799921544193922,SI,[2 1],-26.80000000000001,10,636.8999999999905,0.0,False,1
7,0,4,[1 2],576.7999999999993,0.5,0.5,0.2438598426018831,SI,[2 1],-26.80000000000001,10,636.8999999999905,0.0,False,1
8,0,0,[1 2],576.7999999999993,0.5,0.5,0.24584457186072173,SI,[2 1],-26.80000000000001,10,636.8999999999905,0.0,False,1
8,0,1,[1 2],576.7999999999993,0.5,0.5,0.2786533524641457,SI,[2 1],-26.80000000000001,10,636.8999999999905,0.0,False,1
8,0,2,[1 2],576.7999999999993,0.5,0.5,0.12278805259071601,SI,[2 1],-26.80000000000001,10,636.8999999999905,0.0,False,1
8,0,3,[1 2],576.7999999999993,0.5,0.5,0.46704673745652403,SI,[2 1],-26.80000000000001,10,636.8999999999905,0.0,False,1
8,0,4,[1 2],576.7999999999993,0.5,0.5,0.22105386940402294,SI,[2 1],-26.80000000000001,10,636.8999999999905,0.0,False,1
9,0,0,[1 2],576.7999999999993,0.5,0.5,0.2525107113454109,SI,[2 1],-26.80000000000001,10,636.8999999999905,0.0,False,1
9,0,1,[1 2],576.7999999999993,0.5,0.5,0.39196914925856985,SI,[2 1],-26.80000000000001,10,636.8999999999905,0.0,False,1
9,0,2,[1 2],576.7999999999993,0.5,0.5,0.009324763675231051,SI,[2 1],-26.80000000000001,10,636.8999999999905,0.0,False,1
9,0,3,[1 2],576.7999999999993,0.5,0.5,0.3572037662304879,SI,[2 1],-26.80000000000001,10,636.8999999999905,0.0,False,1
9,0,4,[1 2],576.7999999999993,0.5,0.5,0.1617358123418352,SI,[2 1],-26.80000000000001,10,636.8999999999905,0.0,False,1
10,0,0,[1 2],576.7999999999993,0.5,0.5,0.49950781229374164,SI,[2 1],-26.80000000000001,10,636.8999999999905,0.0,False,1
10,0,1,[1 2],576.7999999999993,0.5,0.5,0.07057565570196311,SI,[2 1],-26.80000000000001,10,636.8999999999905,0.0,False,1
10,0,2,[1 2],576.7999999999993,0.5,0.5,0.1424036516909737,SI,[2 1],-26.80000000000001,10,636.8999999999905,0.0,False,1
10,0,3,[1 2],576.7999999999993,0.5,0.5,0.03891791249744114,SI,[2 1],-26.80000000000001,10,636.8999999999905,0.0,False,1
10,0,4,[1 2],576.7999999999993,0.5,0.5,0.11736394534334038,SI,[2 1],-26.80000000000001,10,636.8999999999905,0.0,False,1
11,0,0,[1 2],576.7999999999993,0.5,0.5,0.42196016731744623,SI,[2 1],-26.80000000000001,10,636.8999999999905,0.0,False,1
11,0,1,[1 2],576.7999999999993,0.5,0.5,0.3904628231875428,SI,[2 1],-26.80000000000001,10,636.8999999999905,0.0,False,1
11,0,2,[1 2],576.7999999999993,0.5,0.5,0.2732333837672618,SI,[2 1],-26.80000000000001,10,636.8999999999905,0.0,False,1
11,0,3,[1 2],576.7999999999993,0.5,0.5,0.1095013424461092,SI,[2 1],-26.80000000000001,10,636.8999999999905,0.0,False,1
11,0,4,[1 2],576.7999999999993,0.5,0.5,0.4884195990109367,SI,[2 1],-26.80000000000001,10,636.8999999999905,0.0,False,1
12,0,0,[1 2],576.7999999999993,0.5,0.5,0.043579877518255206,SI,[2 1],-26.80000000000001,10,636.8999999999905,0.0,False,1
12,0,1,[1 2],576.7999999999993,0.5,0.5,0.2797801812423899,SI,[2 1],-26.80000000000001,10,636.8999999999905,0.0,False,1
12,0,2,[1 2],576.7999999999993,0.5,0.5,0.029769260150510957,SI,[2 1],-26.80000000000001,10,636.8999999999905,0.0,False,1
12,0,3,[1 2],576.7999999999993,0.5,0.5,0.2539800702651418,SI,[2 1],-26.80000000000001,10,636.8999999999905,0.0,False,1
12,0,4,[1 2],576.7999999999993,0.5,0.5,0.09354591667176537,SI,[2 1],-26.80000000000001,10,636.8999999999905,0.0,False,1
13,0,0,[1 2],576.7999999999993,0.5,0.5,0.24018544786683793,SI,[2 1],-26.80000000000001,10,636.8999999999905,0.0,False,1
13,0,1,[1 2],576.7999999999993,0.5,0.5,0.2090197925488655,SI,[2 1],-26.80000000000001,10,636.8999999999905,0.0,False,1
13,0,2,[1 2],576.7999999999993,0.5,0.5,0.12538952443205975,SI,[2 1],-26.80000000000001,10,636.8999999999905,0.0,False,1
13,0,3,[1 2],576.7999999999993,0.5,0.5,0.03447461882433345,SI,[2 1],-26.80000000000001,10,636.8999999999905,0.0,False,1
13,0,4,[1 2],576.7999999999993,0.5,0.5,0.2578098658267418,SI,[2 1],-26.80000000000001,10,636.8999999999905,0.0,False,1
14,0,0,[1 2],576.7999999999993,0.5,0.5,0.02292411003821271,SI,[2 1],-26.80000000000001,10,636.8999999999905,0.0,False,1
14,0,1,[1 2],576.7999999999993,0.5,0.5,0.17662014141987126,SI,[2 1],-26.80000000000001,10,636.8999999999905,0.0,False,1
14,0,2,[1 2],576.7999999999993,0.5,0.5,0.3415404014793014,SI,[2 1],-26.80000000000001,10,636.8999999999905,0.0,False,1
14,0,3,[1 2],576.7999999999993,0.5,0.5,0.28141493828831377,SI,[2 1],-26.80000000000001,10,636.8999999999905,0.0,False,1
14,0,4,[1 2],576.7999999999993,0.5,0.5,0.3680053555843803,SI,[2 1],-26.80000000000001,10,636.8999999999905,0.0,False,1
15,0,0,[1 2],576.7999999999993,0.5,0.5,0.3784880212671655,SI,[2 1],-26.80000000000001,10,636.8999999999905,0.0,False,1
15,0,1,[1 2],576.7999999999993,0.5,0.5,0.0069216232386745125,SI,[2 1],-26.80000000000001,10,636.8999999999905,0.0,False,1
15,0,2,[1 2],576.7999999999993,0.5,0.5,0.23619811194614848,SI,[2 1],-26.80000000000001,10,636.8999999999905,0.0,False,1
15,0,3,[1 2],576.7999999999993,0.5,0.5,0.31905568060715206,SI,[2 1],-26.80000000000001,10,636.8999999999905,0.0,False,1
15,0,4,[1 2],576.7999999999993,0.5,0.5,0.3065277062809214,SI,[2 1],-26.80000000000001,10,636.8999999999905,0.0,False,1
16,0,0,[1 2],576.7999999999993,0.5,0.5,0.33180365888717644,SI,[2 1],-26.80000000000001,10,636.8999999999905,0.0,False,1
16,0,1,[1 2],576.7999999999993,0.5,0.5,0.14674270191793715,SI,[2 1],-26.80000000000001,10,636.8999999999905,0.0,False,1
16,0,2,[1 2],576.7999999999993,0.5,0.5,0.3603044900442187,SI,[2 1],-26.80000000000001,10,636.8999999999905,0.0,False,1
16,0,3,[1 2],576.7999999999993,0.5,0.5,0.24295265149673184,SI,[2 1],-26.80000000000001,10,636.8999999999905,0.0,False,1
16,0,4,[1 2],576.7999999999993,0.5,0.5,0.16388897622660148,SI,[2 1],-26.80000000000001,10,636.8999999999905,0.0,False,1
17,0,0,[1 2],576.7999999999993,0.5,0.5,0.3755245727610763,SI,[2 1],-26.80000000000001,10,636.8999999999905,0.0,False,1
17,0,1,[1 2],576.7999999999993,0.5,0.5,0.2101139945214856,SI,[2 1],-26.80000000000001,10,636.8999999999905,0.0,False,1
17,0,2,[1 2],576.7999999999993,0.5,0.5,0.018949156173996395,SI,[2 1],-26.80000000000001,10,636.8999999999905,0.0,False,1
17,0,3,[1 2],576.7999999999993,0.5,0.5,0.3372854538473836,SI,[2 1],-26.80000000000001,10,636.8999999999905,0.0,False,1
17,0,4,[1 2],576.7999999999993,0.5,0.5,0.3207973855078545,SI,[2 1],-26.80000000000001,10,636.8999999999905,0.0,False,1
18,0,0,[1 2],576.7999999999993,0.5,0.5,0.3259024226799855,SI,[2 1],-26.80000000000001,10,636.8999999999905,0.0,False,1
18,0,1,[1 2],576.7999999999993,0.5,0.5,0.42645164511359446,SI,[2 1],-26.80000000000001,10,636.8999999999905,0.0,False,1
18,0,2,[1 2],576.7999999999993,0.5,0.5,0.4707489413819811,SI,[2 1],-26.80000000000001,10,636.8999999999905,0.0,False,1
18,0,3,[1 2],576.7999999999993,0.5,0.5,0.038887512146076664,SI,[2 1],-26.80000000000001,10,636.8999999999905,0.0,False,1
18,0,4,[1 2],576.7999999999993,0.5,0.5,0.23179736922030714,SI,[2 1],-26.80000000000001,10,636.8999999999905,0.0,False,1
19,0,0,[1 2],576.7999999999993,0.5,0.5,0.3412289091721591,SI,[2 1],-26.80000000000001,10,636.8999999999905,0.0,False,1
19,0,1,[1 2],576.7999999999993,0.5,0.5,0.259892892294854,SI,[2 1],-26.80000000000001,10,636.8999999999905,0.0,False,1
19,0,2,[1 2],576.7999999999993,0.5,0.5,0.15931327212403867,SI,[2 1],-26.80000000000001,10,636.8999999999905,0.0,False,1
19,0,3,[1 2],576.7999999999993,0.5,0.5,0.019526472654213034,SI,[2 1],-26.80000000000001,10,636.8999999999905,0.0,False,1
19,0,4,[1 2],576.7999999999993,0.5,0.5,0.3114454112633217,SI,[2 1],-26.80000000000001,10,636.8999999999905,0.0,False,1
20,0,0,[1 2],576.7999999999993,0.5,0.5,0.4817945833273042,SI,[2 1],-26.80000000000001,10,636.8999999999905,0.0,False,1
20,0,1,[1 2],576.7999999999993,0.5,0.5,0.221824574438222,SI,[2 1],-26.80000000000001,10,636.8999999999905,0.0,False,1
20,0,2,[1 2],576.7999999999993,0.5,0.5,0.1477735937533794,SI,[2 1],-26.80000000000001,10,636.8999999999905,0.0,False,1
20,0,3,[1 2],576.7999999999993,0.5,0.5,0.3223222533729414,SI,[2 1],-26.80000000000001,10,636.8999999999905,0.0,False,1
20,0,4,[1 2],576.7999999999993,0.5,0.5,0.37652454058808427,SI,[2 1],-26.80000000000001,10,636.8999999999905,0.0,False,1
21,0,0,[1 2],576.7999999999993,0.5,0.5,0.4820981967011875,SI,[2 1],-26.80000000000001,10,636.8999999999905,0.0,False,1
21,0,1,[1 2],576.7999999999993,0.5,0.5,0.19183218177927497,SI,[2 1],-26.80000000000001,10,636.8999999999905,0.0,False,1
21,0,2,[1 2],576.7999999999993,0.5,0.5,0.4273586028686249,SI,[2 1],-26.80000000000001,10,636.8999999999905,0.0,False,1
21,0,3,[1 2],576.7999999999993,0.5,0.5,0.42092345201666725,SI,[2 1],-26.80000000000001,10,636.8999999999905,0.0,False,1
21,0,4,[1 2],576.7999999999993,0.5,0.5,0.04189462823272627,SI,[2 1],-26.80000000000001,10,636.8999999999905,0.0,False,1
22,0,0,[1 2],576.7999999999993,0.5,0.5,0.1710834428519632,SI,[2 1],-26.80000000000001,10,636.8999999999905,0.0,False,1
22,0,1,[1 2],576.7999999999993,0.5,0.5,0.4357407561193144,SI,[2 1],-26.80000000000001,10,636.8999999999905,0.0,False,1
22,0,2,[1 2],576.7999999999993,0.5,0.5,0.12797280095570862,SI,[2 1],-26.80000000000001,10,636.8999999999905,0.0,False,1
22,0,3,[1 2],576.7999999999993,0.5,0.5,0.2926455938271584,SI,[2 1],-26.80000000000001,10,636.8999999999905,0.0,False,1
22,0,4,[1 2],576.7999999999993,0.5,0.5,0.10722488756731674,SI,[2 1],-26.80000000000001,10,636.8999999999905,0.0,False,1
23,0,0,[1 2],576.7999999999993,0.5,0.5,0.19488689668429526,SI,[2 1],-26.80000000000001,10,636.8999999999905,0.0,False,1
23,0,1,[1 2],576.7999999999993,0.5,0.5,0.22951951919535296,SI,[2 1],-26.80000000000001,10,636.8999999999905,0.0,False,1
23,0,2,[1 2],576.7999999999993,0.5,0.5,0.45085352681952373,SI,[2 1],-26.80000000000001,10,636.8999999999905,0.0,False,1
23,0,3,[1 2],576.7999999999993,0.5,0.5,0.030504179669676,SI,[2 1],-26.80000000000001,10,636.8999999999905,0.0,False,1
23,0,4,[1 2],576.7999999999993,0.5,0.5,0.159043631481248,SI,[2 1],-26.80000000000001,10,636.8999999999905,0.0,False,1
24,0,0,[1 2],576.7999999999993,0.5,0.5,0.1788077174889655,SI,[2 1],-26.80000000000001,10,636.8999999999905,0.0,False,1
24,0,1,[1 2],576.7999999999993,0.5,0.5,0.24436105757056703,SI,[2 1],-26.80000000000001,10,636.8999999999905,0.0,False,1
24,0,2,[1 2],576.7999999999993,0.5,0.5,0.02028749548884512,SI,[2 1],-26.80000000000001,10,636.8999999999905,0.0,False,1
24,0,3,[1 2],576.7999999999993,0.5,0.5,0.026789335066638165,SI,[2 1],-26.80000000000001,10,636.8999999999905,0.0,False,1
24,0,4,[1 2],576.7999999999993,0.5,0.5,0.20330170730489994,SI,[2 1],-26.80000000000001,10,636.8999999999905,0.0,False,1
25,0,0,[1 2],576.7999999999993,0.5,0.5,0.01986690812092251,SI,[2 1],-26.80000000000001,10,636.8999999999905,0.0,False,1
25,0,1,[1 2],576.7999999999993,0.5,0.5,0.167912102492913,SI,[2 1],-26.80000000000001,10,636.8999999999905,0.0,False,1
25,0,2,[1 2],576.7999999999993,0.5,0.5,0.4296012185259156,SI,[2 1],-26.80000000000001,10,636.8999999999905,0.0,False,1
25,0,3,[1 2],576.7999999999993,0.5,0.5,0.3667578245588575,SI,[2 1],-26.80000000000001,10,636.8999999999905,0.0,False,1
25,0,4,[1 2],576.7999999999993,0.5,0.5,0.40798325598737006,SI,[2 1],-26.80000000000001,10,636.8999999999905,0.0,False,1
26,0,0,[1 2],576.7999999999993,0.5,0.5,0.3523198821080663,SI,[2 1],-26.80000000000001,10,636.8999999999905,0.0,False,1
26,0,1,[1 2],576.7999999999993,0.5,0.5,0.08648681997710961,SI,[2 1],-26.80000000000001,10,636.8999999999905,0.0,False,1
26,0,2,[1 2],576.7999999999993,0.5,0.5,0.043116697636067625,SI,[2 1],-26.80000000000001,10,636.8999999999905,0.0,False,1
26,0,3,[1 2],576.7999999999993,0.5,0.5,0.00909838269962071,SI,[2 1],-26.80000000000001,10,636.8999999999905,0.0,False,1
26,0,4,[1 2],576.7999999999993,0.5,0.5,0.15737178511608763,SI,[2 1],-26.80000000000001,10,636.8999999999905,0.0,False,1
27,0,0,[1 2],576.7999999999993,0.5,0.5,0.005884199784457644,SI,[2 1],-26.80000000000001,10,636.8999999999905,0.0,False,1
27,0,1,[1 2],576.7999999999993,0.5,0.5,0.04652195686547067,SI,[2 1],-26.80000000000001,10,636.8999999999905,0.0,False,1
27,0,2,[1 2],576.7999999999993,0.5,0.5,0.11259576293610785,SI,[2 1],-26.80000000000001,10,636.8999999999905,0.0,False,1
27,0,3,[1 2],576.7999999999993,0.5,0.5,0.32440343408491934,SI,[2 1],-26.80000000000001,10,636.8999999999905,0.0,False,1
27,0,4,[1 2],576.7999999999993,0.5,0.5,0.3732468071308004,SI,[2 1],-26.80000000000001,10,636.8999999999905,0.0,False,1
28,0,0,[1 2],576.7999999999993,0.5,0.5,0.21665857234290387,SI,[2 1],-26.80000000000001,10,636.8999999999905,0.0,False,1
28,0,1,[1 2],576.7999999999993,0.5,0.5,0.05798289864385853,SI,[2 1],-26.80000000000001,10,636.8999999999905,0.0,False,1
28,0,2,[1 2],576.7999999999993,0.5,0.5,0.057926701146753135,SI,[2 1],-26.80000000000001,10,636.8999999999905,0.0,False,1
28,0,3,[1 2],576.7999999999993,0.5,0.5,0.4488430570541875,SI,[2 1],-26.80000000000001,10,636.8999999999905,0.0,False,1
28,0,4,[1 2],576.7999999999993,0.5,0.5,0.11165634413985948,SI,[2 1],-26.80000000000001,10,636.8999999999905,0.0,False,1
29,0,0,[1 2],576.7999999999993,0.5,0.5,0.00969847542719049,SI,[2 1],-26.80000000000001,10,636.8999999999905,0.0,False,1
29,0,1,[1 2],576.7999999999993,0.5,0.5,0.40985697154497913,SI,[2 1],-26.80000000000001,10,636.8999999999905,0.0,False,1
29,0,2,[1 2],576.7999999999993,0.5,0.5,0.03455974056936484,SI,[2 1],-26.80000000000001,10,636.8999999999905,0.0,False,1
29,0,3,[1 2],576.7999999999993,0.5,0.5,0.35362589027144364,SI,[2 1],-26.80000000000001,10,636.8999999999905,0.0,False,1
29,0,4,[1 2],576.7999999999993,0.5,0.5,0.3907357829834469,SI,[2 1],-26.80000000000001,10,636.8999999999905,0.0,False,1
30,0,0,[1 2],576.7999999999993,0.5,0.5,0.3309447703167099,SI,[2 1],-26.80000000000001,10,636.8999999999905,0.0,False,1
30,0,1,[1 2],576.7999999999993,0.5,0.5,0.03345642564133955,SI,[2 1],-26.80000000000001,10,636.8999999999905,0.0,False,1
30,0,2,[1 2],576.7999999999993,0.5,0.5,0.17716353381064576,SI,[2 1],-26.80000000000001,10,636.8999999999905,0.0,False,1
30,0,3,[1 2],576.7999999999993,0.5,0.5,0.13016253364747843,SI,[2 1],-26.80000000000001,10,636.8999999999905,0.0,False,1
30,0,4,[1 2],576.7999999999993,0.5,0.5,0.31636038278671086,SI,[2 1],-26.80000000000001,10,636.8999999999905,0.0,False,1
31,0,0,[1 2],576.7999999999993,0.5,0.5,0.4896621061722586,SI,[2 1],-26.80000000000001,10,636.8999999999905,0.0,False,1
31,0,1,[1 2],576.7999999999993,0.5,0.5,0.4434111535402193,SI,[2 1],-26.80000000000001,10,636.8999999999905,0.0,False,1
31,0,2,[1 2],576.7999999999993,0.5,0.5,0.12904253784829822,SI,[2 1],-26.80000000000001,10,636.8999999999905,0.0,False,1
31,0,3,[1 2],576.7999999999993,0.5,0.5,0.27099425605610084,SI,[2 1],-26.80000000000001,10,636.8999999999905,0.0,False,1
31,0,4,[1 2],576.7999999999993,0.5,0.5,0.37912914961356436,SI,[2 1],-26.80000000000001,10,636.8999999999905,0.0,False,1
32,0,0,[1 2],576.7999999999993,0.5,0.5,0.11475597330106502,SI,[2 1],-26.80000000000001,10,636.8999999999905,0.0,False,1
32,0,1,[1 2],576.7999999999993,0.5,0.5,0.05562820876904717,SI,[2 1],-26.80000000000001,10,636.8999999999905,0.0,False,1
32,0,2,[1 2],576.7999999999993,0.5,0.5,0.24054875753374771,SI,[2 1],-26.80000000000001,10,636.8999999999905,0.0,False,1
32,0,3,[1 2],576.7999999999993,0.5,0.5,0.3562778417755047,SI,[2 1],-26.80000000000001,10,636.8999999999905,0.0,False,1
32,0,4,[1 2],576.7999999999993,0.5,0.5,0.4052749205771444,SI,[2 1],-26.80000000000001,10,636.8999999999905,0.0,False,1
33,0,0,[1 2],576.7999999999993,0.5,0.5,0.35013463039703085,SI,[2 1],-26.80000000000001,10,636.8999999999905,0.0,False,1
33,0,1,[1 2],576.7999999999993,0.5,0.5,0.09396715754925122,SI,[2 1],-26.80000000000001,10,636.8999999999905,0.0,False,1
33,0,2,[1 2],576.7999999999993,0.5,0.5,0.24478310315789265,SI,[2 1],-26.80000000000001,10,636.8999999999905,0.0,False,1
33,0,3,[1 2],576.7999999999993,0.5,0.5,0.2042454828085769,SI,[2 1],-26.80000000000001,10,636.8999999999905,0.0,False,1
33,0,4,[1 2],576.7999999999993,0.5,0.5,0.3533488628642343,SI,[2 1],-26.80000000000001,10,636.8999999999905,0.0,False,1
34,0,0,[1 2],576.7999999999993,0.5,0.5,0.28676291726797853,SI,[2 1],-26.80000000000001,10,636.8999999999905,0.0,False,1
34,0,1,[1 2],576.7999999999993,0.5,0.5,0.19711100424999362,SI,[2 1],-26.80000000000001,10,636.8999999999905,0.0,False,1
34,0,2,[1 2],576.7999999999993,0.5,0.5,0.1035599590685724,SI,[2 1],-26.80000000000001,10,636.8999999999905,0.0,False,1
34,0,3,[1 2],576.7999999999993,0.5,0.5,0.1720153421589713,SI,[2 1],-26.80000000000001,10,636.8999999999905,0.0,False,1
34,0,4,[1 2],576.7999999999993,0.5,0.5,0.27371508100840614,SI,[2 1],-26.80000000000001,10,636.8999999999905,0.0,False,1
35,0,0,[1 2],576.7999999999993,0.5,0.5,0.3558689007058974,SI,[2 1],-26.80000000000001,10,636.8999999999905,0.0,False,1
35,0,1,[1 2],576.7999999999993,0.5,0.5,0.10514867173874975,SI,[2 1],-26.80000000000001,10,636.8999999999905,0.0,False,1
35,0,2,[1 2],576.7999999999993,0.5,0.5,0.23386437679664018,SI,[2 1],-26.80000000000001,10,636.8999999999905,0.0,False,1
35,0,3,[1 2],576.7999999999993,0.5,0.5,0.47161301608014017,SI,[2 1],-26.80000000000001,10,636.8999999999905,0.0,False,1
35,0,4,[1 2],576.7999999999993,0.5,0.5,0.2328412579633149,SI,[2 1],-26.80000000000001,10,636.8999999999905,0.0,False,1
36,0,0,[1 2],576.7999999999993,0.5,0.5,0.3464831544485505,SI,[2 1],-26.80000000000001,10,636.8999999999905,0.0,False,1
36,0,1,[1 2],576.7999999999993,0.5,0.5,0.4950555719668698,SI,[2 1],-26.80000000000001,10,636.8999999999905,0.0,False,1
36,0,2,[1 2],576.7999999999993,0.5,0.5,0.45018645532366375,SI,[2 1],-26.80000000000001,10,636.8999999999905,0.0,False,1
36,0,3,[1 2],576.7999999999993,0.5,0.5,0.008869359774525964,SI,[2 1],-26.80000000000001,10,636.8999999999905,0.0,False,1
36,0,4,[1 2],576.7999999999993,0.5,0.5,0.1884974781540283,SI,[2 1],-26.80000000000001,10,636.8999999999905,0.0,False,1
37,0,0,[1 2],576.7999999999993,0.5,0.5,0.49895542633965506,SI,[2 1],-26.80000000000001,10,636.8999999999905,0.0,False,1
37,0,1,[1 2],576.7999999999993,0.5,0.5,0.038405548555291436,SI,[2 1],-26.80000000000001,10,636.8999999999905,0.0,False,1
37,0,2,[1 2],576.7999999999993,0.5,0.5,0.08168932755401936,SI,[2 1],-26.80000000000001,10,636.8999999999905,0.0,False,1
37,0,3,[1 2],576.7999999999993,0.5,0.5,0.3504584898004215,SI,[2 1],-26.80000000000001,10,636.8999999999905,0.0,False,1
37,0,4,[1 2],576.7999999999993,0.5,0.5,0.08428122812312577,SI,[2 1],-26.80000000000001,10,636.8999999999905,0.0,False,1
38,0,0,[1 2],576.7999999999993,0.5,0.5,0.35374417302790107,SI,[2 1],-26.80000000000001,10,636.8999999999905,0.0,False,1
38,0,1,[1 2],576.7999999999993,0.5,0.5,0.25433815837373064,SI,[2 1],-26.80000000000001,10,636.8999999999905,0.0,False,1
38,0,2,[1 2],576.7999999999993,0.5,0.5,0.26016076000153654,SI,[2 1],-26.80000000000001,10,636.8999999999905,0.0,False,1
38,0,3,[1 2],576.7999999999993,0.5,0.5,0.013995849690802697,SI,[2 1],-26.80000000000001,10,636.8999999999905,0.0,False,1
38,0,4,[1 2],576.7999999999993,0.5,0.5,0.38644341858515197,SI,[2 1],-26.80000000000001,10,636.8999999999905,0.0,False,1
39,0,0,[1 2],576.7999999999993,0.5,0.5,0.4147627244379053,SI,[2 1],-26.80000000000001,10,636.8999999999905,0.0,False,1
39,0,1,[1 2],576.7999999999993,0.5,0.5,0.18129691172682927,SI,[2 1],-26.80000000000001,10,636.8999999999905,0.0,False,1
39,0,2,[1 2],576.7999999999993,0.5,0.5,0.4088330582453321,SI,[2 1],-26.80000000000001,10,636.8999999999905,0.0,False,1
39,0,3,[1 2],576.7999999999993,0.5,0.5,0.09258277205206777,SI,[2 1],-26.80000000000001,10,636.8999999999905,0.0,False,1
39,0,4,[1 2],576.7999999999993,0.5,0.5,0.25854481163188636,SI,[2 1],-26.80000000000001,10,636.8999999999905,0.0,False,1
40,0,0,[1 2],576.7999999999993,0.5,0.5,0.14024789789961745,SI,[2 1],-26.80000000000001,10,636.8999999999905,0.0,False,1
40,0,1,[1 2],576.7999999999993,0.5,0.5,0.4151793328394132,SI,[2 1],-26.80000000000001,10,636.8999999999905,0.0,False,1
40,0,2,[1 2],576.7999999999993,0.5,0.5,0.2491349155306647,SI,[2 1],-26.80000000000001,10,636.8999999999905,0.0,False,1
40,0,3,[1 2],576.7999999999993,0.5,0.5,0.08761823203263763,SI,[2 1],-26.80000000000001,10,636.8999999999905,0.0,False,1
40,0,4,[1 2],576.7999999999993,0.5,0.5,0.015922286647525152,SI,[2 1],-26.80000000000001,10,636.8999999999905,0.0,False,1
41,0,0,[1 2],576.7999999999993,0.5,0.5,0.22065192211198792,SI,[2 1],-26.80000000000001,10,636.8999999999905,0.0,False,1
41,0,1,[1 2],576.7999999999993,0.5,0.5,0.39435639332041017,SI,[2 1],-26.80000000000001,10,636.8999999999905,0.0,False,1
41,0,2,[1 2],576.7999999999993,0.5,0.5,0.38149345106610233,SI,[2 1],-26.80000000000001,10,636.8999999999905,0.0,False,1
41,0,3,[1 2],576.7999999999993,0.5,0.5,0.36302722781133334,SI,[2 1],-26.80000000000001,10,636.8999999999905,0.0,False,1
41,0,4,[1 2],576.7999999999993,0.5,0.5,0.3583401985306407,SI,[2 1],-26.80000000000001,10,636.8999999999905,0.0,False,1
42,0,0,[1 2],576.7999999999993,0.5,0.5,0.46839684088425226,SI,[2 1],-26.80000000000001,10,636.8999999999905,0.0,False,1
42,0,1,[1 2],576.7999999999993,0.5,0.5,0.048479247376489454,SI,[2 1],-26.80000000000001,10,636.8999999999905,0.0,False,1
42,0,2,[1 2],576.7999999999993,0.5,0.5,0.23949937108496977,SI,[2 1],-26.80000000000001,10,636.8999999999905,0.0,False,1
42,0,3,[1 2],576.7999999999993,0.5,0.5,0.32687966169637617,SI,[2 1],-26.80000000000001,10,636.8999999999905,0.0,False,1
42,0,4,[1 2],576.7999999999993,0.5,0.5,0.4577672481627686,SI,[2 1],-26.80000000000001,10,636.8999999999905,0.0,False,1
43,0,0,[1 2],576.7999999999993,0.5,0.5,0.2528842195637221,SI,[2 1],-26.80000000000001,10,636.8999999999905,0.0,False,1
43,0,1,[1 2],576.7999999999993,0.5,0.5,0.012668603582618121,SI,[2 1],-26.80000000000001,10,636.8999999999905,0.0,False,1
43,0,2,[1 2],576.7999999999993,0.5,0.5,0.3951268137511479,SI,[2 1],-26.80000000000001,10,636.8999999999905,0.0,False,1
43,0,3,[1 2],576.7999999999993,0.5,0.5,0.3340441843602824,SI,[2 1],-26.80000000000001,10,636.8999999999905,0.0,False,1
43,0,4,[1 2],576.7999999999993,0.5,0.5,0.33053100827851156,SI,[2 1],-26.80000000000001,10,636.8999999999905,0.0,False,1
44,0,0,[1 2],576.7999999999993,0.5,0.5,0.497463914895675,SI,[2 1],-26.80000000000001,10,636.8999999999905,0.0,False,1
44,0,1,[1 2],576.7999999999993,0.5,0.5,0.10166228313657599,SI,[2 1],-26.80000000000001,10,636.8999999999905,0.0,False,1
44,0,2,[1 2],576.7999999999993,0.5,0.5,0.1868545542497947,SI,[2 1],-26.80000000000001,10,636.8999999999905,0.0,False,1
44,0,3,[1 2],576.7999999999993,0.5,0.5,0.4589335039284288,SI,[2 1],-26.80000000000001,10,636.8999999999905,0.0,False,1
44,0,4,[1 2],576.7999999999993,0.5,0.5,0.3297608630726293,SI,[2 1],-26.80000000000001,10,636.8999999999905,0.0,False,1
45,0,0,[1 2],576.7999999999993,0.5,0.5,0.012624004887684004,SI,[2 1],-26.80000000000001,10,636.8999999999905,0.0,False,1
45,0,1,[1 2],576.7999999999993,0.5,0.5,0.4870656761681419,SI,[2 1],-26.80000000000001,10,636.8999999999905,0.0,False,1
45,0,2,[1 2],576.7999999999993,0.5,0.5,0.26203093229795205,SI,[2 1],-26.80000000000001,10,636.8999999999905,0.0,False,1
45,0,3,[1 2],576.7999999999993,0.5,0.5,0.1854602460600513,SI,[2 1],-26.80000000000001,10,636.8999999999905,0.0,False,1
45,0,4,[1 2],576.7999999999993,0.5,0.5,0.07575786063483969,SI,[2 1],-26.80000000000001,10,636.8999999999905,0.0,False,1
46,0,0,[1 2],576.7999999999993,0.5,0.5,0.34104800276919534,SI,[2 1],-26.80000000000001,10,636.8999999999905,0.0,False,1
46,0,1,[1 2],576.7999999999993,0.5,0.5,0.21057812217079908,SI,[2 1],-26.80000000000001,10,636.8999999999905,0.0,False,1
46,0,2,[1 2],576.7999999999993,0.5,0.5,0.30700773140191107,SI,[2 1],-26.80000000000001,10,636.8999999999905,0.0,False,1
46,0,3,[1 2],576.7999999999993,0.5,0.5,0.27708106445790814,SI,[2 1],-26.80000000000001,10,636.8999999999905,0.0,False,1
46,0,4,[1 2],576.7999999999993,0.5,0.5,0.30208190873974006,SI,[2 1],-26.80000000000001,10,636.8999999999905,0.0,False,1
47,0,0,[1 2],576.7999999999993,0.5,0.5,0.34965440446163143,SI,[2 1],-26.80000000000001,10,636.8999999999905,0.0,False,1
47,0,1,[1 2],576.7999999999993,0.5,0.5,0.21903178364121312,SI,[2 1],-26.80000000000001,10,636.8999999999905,0.0,False,1
47,0,2,[1 2],576.7999999999993,0.5,0.5,0.17583857796777258,SI,[2 1],-26.80000000000001,10,636.8999999999905,0.0,False,1
47,0,3,[1 2],576.7999999999993,0.5,0.5,0.2422677395147541,SI,[2 1],-26.80000000000001,10,636.8999999999905,0.0,False,1
47,0,4,[1 2],576.7999999999993,0.5,0.5,0.1359356541476262,SI,[2 1],-26.80000000000001,10,636.8999999999905,0.0,False,1
48,0,0,[1 2],576.7999999999993,0.5,0.5,0.049540406956926075,SI,[2 1],-26.80000000000001,10,636.8999999999905,0.0,False,1
48,0,1,[1 2],576.7999999999993,0.5,0.5,0.01492452333387062,SI,[2 1],-26.80000000000001,10,636.8999999999905,0.0,False,1
48,0,2,[1 2],576.7999999999993,0.5,0.5,0.20795546162296563,SI,[2 1],-26.80000000000001,10,636.8999999999905,0.0,False,1
48,0,3,[1 2],576.7999999999993,0.5,0.5,0.2424852008280265,SI,[2 1],-26.80000000000001,10,636.8999999999905,0.0,False,1
48,0,4,[1 2],576.7999999999993,0.5,0.5,0.16626039656433733,SI,[2 1],-26.80000000000001,10,636.8999999999905,0.0,False,1
49,0,0,[1 2],576.7999999999993,0.5,0.5,0.0014057205922854976,SI,[2 1],-26.80000000000001,10,636.8999999999905,0.0,False,1
49,0,1,[1 2],576.7999999999993,0.5,0.5,0.07692068535649443,SI,[2 1],-26.80000000000001,10,636.8999999999905,0.0,False,1
49,0,2,[1 2],576.7999999999993,0.5,0.5,0.09099978637748585,SI,[2 1],-26.80000000000001,10,636.8999999999905,0.0,False,1
49,0,3,[1 2],576.7999999999993,0.5,0.5,0.23321647456419914,SI,[2 1],-26.80000000000001,10,636.8999999999905,0.0,False,1
49,0,4,[1 2],576.7999999999993,0.5,0.5,0.475396322630948,SI,[2 1],-26.80000000000001,10,636.8999999999905,0.0,False,1
50,0,0,[1 2],576.7999999999993,0.5,0.5,0.409301863221767,SI,[2 1],-26.80000000000001,10,636.8999999999905,0.0,False,1
50,0,1,[1 2],576.7999999999993,0.5,0.5,0.28814981791287075,SI,[2 1],-26.80000000000001,10,636.8999999999905,0.0,False,1
50,0,2,[1 2],576.7999999999993,0.5,0.5,0.3904815992998564,SI,[2 1],-26.80000000000001,10,636.8999999999905,0.0,False,1
50,0,3,[1 2],576.7999999999993,0.5,0.5,0.03456203406663183,SI,[2 1],-26.80000000000001,10,636.8999999999905,0.0,False,1
50,0,4,[1 2],576.7999999999993,0.5,0.5,0.45651031018712185,SI,[2 1],-26.80000000000001,10,636.8999999999905,0.0,False,1
0,11,0,[3 1 4 2 5],3068.1999999999534,0.5,0.5,0.3724127898139774,SI,[3 1 4 5 2],-321.80000000000007,10,2761.5999999999804,0.09992829672119735,True,2
0,11,1,[3 1 4 5 2],2761.5999999999804,0.5,0.5,0.08261637383012432,SI,[3 1 5 4 2],101.39999999999998,10,2985.999999999982,0.0,False,2
0,11,2,[3 1 4 5 2],2761.5999999999804,0.5,0.5,0.6250910279106078,MI,[3 5 4 1 2],35.299999999999955,10,3735.199999999986,0.0,False,2
0,11,3,[3 1 4 5 2],2761.5999999999804,0.5,0.5,0.02848592958658247,SI,[5 4 1 3 2],22.799999999999955,10,4543.400000000009,0.0,False,2
0,11,4,[3 1 4 5 2],2761.5999999999804,0.5,0.5,0.6227114622022978,MI,[5 4 1 3 2],22.799999999999955,10,4543.400000000009,0.0,False,2
1,0,0,[3 1 4 5 2],2761.5999999999804,0.504946980502507,0.4950530194974929,0.328862764084229,SI,[5 4 1 3 2],22.799999999999955,10,4543.400000000009,0.0,False,2
1,0,1,[3 1 4 5 2],2761.5999999999804,0.504946980502507,0.4950530194974929,0.8661307821003353,MI,[5 4 1 3 2],22.799999999999955,10,4543.400000000009,0.0,False,2
1,0,2,[3 1 4 5 2],2761.5999999999804,0.504946980502507,0.4950530194974929,0.18542502784884607,SI,[5 4 1 3 2],22.799999999999955,10,4543.400000000009,0.0,False,2
1,0,3,[3 1 4 5 2],2761.5999999999804,0.504946980502507,0.4950530194974929,0.7638340501501079,MI,[3 5 4 1 2],35.299999999999955,10,3735.199999999986,0.0,False,2
1,0,4,[3 1 4 5 2],2761.5999999999804,0.504946980502507,0.4950530194974929,0.004404281156963119,SI,[5 4 1 3 2],22.799999999999955,10,4543.400000000009,0.0,False,2
2,0,0,[3 1 4 5 2],2761.5999999999804,0.5049469805025071,0.495053019497493,0.4686546972780623,SI,[5 4 1 3 2],22.799999999999955,10,4543.400000000009,0.0,False,2
2,0,1,[3 1 4 5 2],2761.5999999999804,0.5049469805025071,0.495053019497493,0.6435729799076174,MI,[3 5 4 1 2],35.299999999999955,10,3735.199999999986,0.0,False,2
2,0,2,[3 1 4 5 2],2761.5999999999804,0.5049469805025071,0.495053019497493,0.7054725135030486,MI,[3 5 4 1 2],35.299999999999955,10,3735.199999999986,0.0,False,2
2,0,3,[3 1 4 5 2],2761.5999999999804,0.5049469805025071,0.495053019497493,0.06277440350318886,SI,[5 4 1 3 2],22.799999999999955,10,4543.400000000009,0.0,False,2
2,0,4,[3 1 4 5 2],2761.5999999999804,0.5049469805025071,0.495053019497493,0.7802251997437804,MI,[5 4 1 3 2],22.799999999999955,10,4543.400000000009,0.0,False,2
3,0,0,[3 1 4 5 2],2761.5999999999804,0.5049469805025071,0.495053019497493,0.7334520428335667,MI,[2 5 4 1 3],57.30000000000001,10,4209.000000000036,0.0,False,2
3,0,1,[3 1 4 5 2],2761.5999999999804,0.5049469805025071,0.495053019497493,0.11456114457522681,SI,[3 5 4 1 2],35.299999999999955,10,3735.199999999986,0.0,False,2
3,0,2,[3 1 4 5 2],2761.5999999999804,0.5049469805025071,0.495053019497493,0.0801106692990996,SI,[3 5 4 1 2],35.299999999999955,10,3735.199999999986,0.0,False,2
3,0,3,[3 1 4 5 2],2761.5999999999804,0.5049469805025071,0.495053019497493,0.08787528796958921,SI,[5 4 1 3 2],22.799999999999955,10,4543.400000000009,0.0,False,2
3,0,4,[3 1 4 5 2],2761.5999999999804,0.5049469805025071,0.495053019497493,0.796875354503717,MI,[5 4 1 3 2],22.799999999999955,10,4543.400000000009,0.0,False,2
4,0,0,[3 1 4 5 2],2761.5999999999804,0.5049469805025071,0.495053019497493,0.9871780198979011,MI,[5 4 1 3 2],22.799999999999955,10,4543.400000000009,0.0,False,2
4,0,1,[3 1 4 5 2],2761.5999999999804,0.5049469805025071,0.495053019497493,0.2717569405682082,SI,[5 4 1 3 2],22.799999999999955,10,4543.400000000009,0.0,False,2
4,0,2,[3 1 4 5 2],2761.5999999999804,0.5049469805025071,0.495053019497493,0.10888321082022379,SI,[5 4 1 3 2],22.799999999999955,10,4543.400000000009,0.0,False,2
4,0,3,[3 1 4 5 2],2761.5999999999804,0.5049469805025071,0.495053019497493,0.971219637842871,MI,[5 4 1 3 2],22.799999999999955,10,4543.400000000009,0.0,False,2
4,0,4,[3 1 4 5 2],2761.5999999999804,0.5049469805025071,0.495053019497493,0.9654669975487833,MI,[5 4 1 3 2],22.799999999999955,10,4543.400000000009,0.0,False,2
5,0,0,[3 1 4 5 2],2761.5999999999804,0.5049469805025071,0.495053019497493,0.8905050921113552,MI,[3 5 4 1 2],35.299999999999955,10,3735.199999999986,0.0,False,2
5,0,1,[3 1 4 5 2],2761.5999999999804,0.5049469805025071,0.495053019497493,0.4576172396486977,SI,[5 4 1 3 2],22.799999999999955,10,4543.400000000009,0.0,False,2
5,0,2,[3 1 4 5 2],2761.5999999999804,0.5049469805025071,0.495053019497493,0.4151524595152628,SI,[5 4 1 3 2],22.799999999999955,10,4543.400000000009,0.0,False,2
5,0,3,[3 1 4 5 2],2761.5999999999804,0.5049469805025071,0.495053019497493,0.5836129502570129,MI,[3 5 4 1 2],35.299999999999955,10,3735.199999999986,0.0,False,2
5,0,4,[3 1 4 5 2],2761.5999999999804,0.5049469805025071,0.495053019497493,0.8971905767934156,MI,[3 5 4 1 2],35.299999999999955,10,3735.199999999986,0.0,False,2
6,0,0,[3 1 4 5 2],2761.5999999999804,0.5049469805025071,0.495053019497493,0.8150201586687787,MI,[5 4 1 3 2],22.799999999999955,10,4543.400000000009,0.0,False,2
6,0,1,[3 1 4 5 2],2761.5999999999804,0.5049469805025071,0.495053019497493,0.9158115626344627,MI,[5 4 1 3 2],22.799999999999955,10,4543.400000000009,0.0,False,2
6,0,2,[3 1 4 5 2],2761.5999999999804,0.5049469805025071,0.495053019497493,0.3124719029577818,SI,[5 4 1 3 2],22.799999999999955,10,4543.400000000009,0.0,False,2
6,0,3,[3 1 4 5 2],2761.5999999999804,0.5049469805025071,0.495053019497493,0.15607579392187076,SI,[5 4 1 3 2],22.799999999999955,10,4543.400000000009,0.0,False,2
6,0,4,[3 1 4 5 2],2761.5999999999804,0.5049469805025071,0.495053019497493,0.9231075147406633,MI,[5 4 1 3 2],22.799999999999955,10,4543.400000000009,0.0,False,2
7,0,0,[3 1 4 5 2],2761.5999999999804,0.5049469805025071,0.495053019497493,0.21234149865488383,SI,[3 4 1 5 2],73.19999999999999,10,3454.6999999999825,0.0,False,2
7,0,1,[3 1 4 5 2],2761.5999999999804,0.5049469805025071,0.495053019497493,0.6579648554340682,MI,[5 4 1 3 2],22.799999999999955,10,4543.400000000009,0.0,False,2
7,0,2,[3 1 4 5 2],2761.5999999999804,0.5049469805025071,0.495053019497493,0.09287027315234142,SI,[5 4 1 3 2],22.799999999999955,10,4543.400000000009,0.0,False,2
7,0,3,[3 1 4 5 2],2761.5999999999804,0.5049469805025071,0.495053019497493,0.5382261959290551,MI,[5 4 1 3 2],22.799999999999955,10,4543.400000000009,0.0,False,2
7,0,4,[3 1 4 5 2],2761.5999999999804,0.5049469805025071,0.495053019497493,0.19706290751369182,SI,[5 4 1 3 2],22.799999999999955,10,4543.400000000009,0.0,False,2
8,0,0,[3 1 4 5 2],2761.5999999999804,0.5049469805025071,0.495053019497493,0.35569295992635874,SI,[5 4 1 3 2],22.799999999999955,10,4543.400000000009,0.0,False,2
8,0,1,[3 1 4 5 2],2761.5999999999804,0.5049469805025071,0.495053019497493,0.45707582365042365,SI,[5 4 1 3 2],22.799999999999955,10,4543.400000000009,0.0,False,2
8,0,2,[3 1 4 5 2],2761.5999999999804,0.5049469805025071,0.495053019497493,0.4487314693255928,SI,[2 5 4 1 3],57.30000000000001,10,4209.000000000036,0.0,False,2
8,0,3,[3 1 4 5 2],2761.5999999999804,0.5049469805025071,0.495053019497493,0.6388864080629163,MI,[5 4 1 3 2],22.799999999999955,10,4543.400000000009,0.0,False,2
8,0,4,[3 1 4 5 2],2761.5999999999804,0.5049469805025071,0.495053019497493,0.6822423869053946,MI,[5 4 1 3 2],22.799999999999955,10,4543.400000000009,0.0,False,2
9,0,0,[3 1 4 5 2],2761.5999999999804,0.5049469805025071,0.495053019497493,0.2455243081861056,SI,[5 4 1 3 2],22.799999999999955,10,4543.400000000009,0.0,False,2
9,0,1,[3 1 4 5 2],2761.5999999999804,0.5049469805025071,0.495053019497493,0.7164117805514459,MI,[5 4 1 3 2],22.799999999999955,10,4543.400000000009,0.0,False,2
9,0,2,[3 1 4 5 2],2761.5999999999804,0.5049469805025071,0.495053019497493,0.15169962926887848,SI,[5 4 1 3 2],22.799999999999955,10,4543.400000000009,0.0,False,2
9,0,3,[3 1 4 5 2],2761.5999999999804,0.5049469805025071,0.495053019497493,0.5544312194525614,MI,[5 4 1 3 2],22.799999999999955,10,4543.400000000009,0.0,False,2
9,0,4,[3 1 4 5 2],2761.5999999999804,0.5049469805025071,0.495053019497493,0.1351705233523326,SI,[5 4 1 3 2],22.799999999999955,10,4543.400000000009,0.0,False,2
10,0,0,[3 1 4 5 2],2761.5999999999804,0.5049469805025071,0.495053019497493,0.6769715005265367,MI,[3 5 4 1 2],35.299999999999955,10,3735.199999999986,0.0,False,2
10,0,1,[3 1 4 5 2],2761.5999999999804,0.5049469805025071,0.495053019497493,0.6263967273134003,MI,[3 5 4 1 2],35.299999999999955,10,3735.199999999986,0.0,False,2
10,0,2,[3 1 4 5 2],2761.5999999999804,0.5049469805025071,0.495053019497493,0.31631885678421756,SI,[5 4 1 3 2],22.799999999999955,10,4543.400000000009,0.0,False,2
10,0,3,[3 1 4 5 2],2761.5999999999804,0.5049469805025071,0.495053019497493,0.8845349906556187,MI,[5 4 1 3 2],22.799999999999955,10,4543.400000000009,0.0,False,2
10,0,4,[3 1 4 5 2],2761.5999999999804,0.5049469805025071,0.495053019497493,0.12770024523969947,SI,[3 5 4 1 2],35.299999999999955,10,3735.199999999986,0.0,False,2
11,0,0,[3 1 4 5 2],2761.5999999999804,0.5049469805025071,0.495053019497493,0.3960027777272719,SI,[3 1 5 4 2],101.39999999999998,10,2985.999999999982,0.0,False,2
11,0,1,[3 1 4 5 2],2761.5999999999804,0.5049469805025071,0.495053019497493,0.9261797259643834,MI,[5 4 1 3 2],22.799999999999955,10,4543.400000000009,0.0,False,2
11,0,2,[3 1 4 5 2],2761.5999999999804,0.5049469805025071,0.495053019497493,0.9188663435575353,MI,[5 4 1 3 2],22.799999999999955,10,4543.400000000009,0.0,False,2
11,0,3,[3 1 4 5 2],2761.5999999999804,0.5049469805025071,0.495053019497493,0.8117659247182722,MI,[5 4 1 3 2],22.799999999999955,10,4543.400000000009,0.0,False,2
11,0,4,[3 1 4 5 2],2761.5999999999804,0.5049469805025071,0.495053019497493,0.7911862880909017,MI,[5 4 1 3 2],22.799999999999955,10,4543.400000000009,0.0,False,2
12,0,0,[3 1 4 5 2],2761.5999999999804,0.5049469805025071,0.495053019497493,0.183821843038675,SI,[5 4 1 3 2],22.799999999999955,10,4543.400000000009,0.0,False,2
12,0,1,[3 1 4 5 2],2761.5999999999804,0.5049469805025071,0.495053019497493,0.8509861067846793,MI,[5 4 1 3 2],22.799999999999955,10,4543.400000000009,0.0,False,2
12,0,2,[3 1 4 5 2],2761.5999999999804,0.5049469805025071,0.495053019497493,0.2588034106605236,SI,[5 4 1 3 2],22.799999999999955,10,4543.400000000009,0.0,False,2
12,0,3,[3 1 4 5 2],2761.5999999999804,0.5049469805025071,0.495053019497493,0.7836489729463197,MI,[3 5 4 1 2],35.299999999999955,10,3735.199999999986,0.0,False,2
12,0,4,[3 1 4 5 2],2761.5999999999804,0.5049469805025071,0.495053019497493,0.3321117993848146,SI,[2 5 4 1 3],57.30000000000001,10,4209.000000000036,0.0,False,2
13,0,0,[3 1 4 5 2],2761.5999999999804,0.5049469805025071,0.495053019497493,0.7205897064782987,MI,[5 4 1 3 2],22.799999999999955,10,4543.400000000009,0.0,False,2
13,0,1,[3 1 4 5 2],2761.5999999999804,0.5049469805025071,0.495053019497493,0.6943775807919597,MI,[5 4 1 3 2],22.799999999999955,10,4543.400000000009,0.0,False,2
13,0,2,[3 1 4 5 2],2761.5999999999804,0.5049469805025071,0.495053019497493,0.11660001454331836,SI,[5 4 1 3 2],22.799999999999955,10,4543.400000000009,0.0,False,2
13,0,3,[3 1 4 5 2],2761.5999999999804,0.5049469805025071,0.495053019497493,0.9221815773769585,MI,[5 4 1 3 2],22.799999999999955,10,4543.400000000009,0.0,False,2
13,0,4,[3 1 4 5 2],2761.5999999999804,0.5049469805025071,0.495053019497493,0.5541012349494122,MI,[5 4 1 3 2],22.799999999999955,10,4543.400000000009,0.0,False,2
14,0,0,[3 1 4 5 2],2761.5999999999804,0.5049469805025071,0.495053019497493,0.9739250751609879,MI,[5 4 1 3 2],22.799999999999955,10,4543.400000000009,0.0,False,2
14,0,1,[3 1 4 5 2],2761.5999999999804,0.5049469805025071,0.495053019497493,0.6758414719151444,MI,[5 4 1 3 2],22.799999999999955,10,4543.400000000009,0.0,False,2
14,0,2,[3 1 4 5 2],2761.5999999999804,0.5049469805025071,0.495053019497493,0.8706027192586421,MI,[5 4 1 3 2],22.799999999999955,10,4543.400000000009,0.0,False,2
14,0,3,[3 1 4 5 2],2761.5999999999804,0.5049469805025071,0.495053019497493,0.47402307112832465,SI,[5 4 1 3 2],22.799999999999955,10,4543.400000000009,0.0,False,2
14,0,4,[3 1 4 5 2],2761.5999999999804,0.5049469805025071,0.495053019497493,0.8097273791329344,MI,[5 4 1 3 2],22.799999999999955,10,4543.400000000009,0.0,False,2
15,0,0,[3 1 4 5 2],2761.5999999999804,0.5049469805025071,0.495053019497493,0.22169851007357977,SI,[5 4 1 3 2],22.799999999999955,10,4543.400000000009,0.0,False,2
15,0,1,[3 1 4 5 2],2761.5999999999804,0.5049469805025071,0.495053019497493,0.3451835542042301,SI,[5 4 1 3 2],22.799999999999955,10,4543.400000000009,0.0,False,2
15,0,2,[3 1 4 5 2],2761.5999999999804,0.5049469805025071,0.495053019497493,0.12068988387827062,SI,[5 4 1 3 2],22.799999999999955,10,4543.400000000009,0.0,False,2
15,0,3,[3 1 4 5 2],2761.5999999999804,0.5049469805025071,0.495053019497493,0.16528989114551773,SI,[3 5 4 1 2],35.299999999999955,10,3735.199999999986,0.0,False,2
15,0,4,[3 1 4 5 2],2761.5999999999804,0.5049469805025071,0.495053019497493,0.5159457210605046,MI,[2 5 4 1 3],57.30000000000001,10,4209.000000000036,0.0,False,2
16,0,0,[3 1 4 5 2],2761.5999999999804,0.5049469805025071,0.495053019497493,0.19565984028398475,SI,[5 4 1 3 2],22.799999999999955,10,4543.400000000009,0.0,False,2
16,0,1,[3 1 4 5 2],2761.5999999999804,0.5049469805025071,0.495053019497493,0.09409781456963551,SI,[5 4 1 3 2],22.799999999999955,10,4543.400000000009,0.0,False,2
16,0,2,[3 1 4 5 2],2761.5999999999804,0.5049469805025071,0.495053019497493,0.514451876678289,MI,[3 5 4 1 2],35.299999999999955,10,3735.199999999986,0.0,False,2
16,0,3,[3 1 4 5 2],2761.5999999999804,0.5049469805025071,0.495053019497493,0.7943499814833124,MI,[5 4 1 3 2],22.799999999999955,10,4543.400000000009,0.0,False,2
16,0,4,[3 1 4 5 2],2761.5999999999804,0.5049469805025071,0.495053019497493,0.8810085120085345,MI,[5 4 1 3 2],22.799999999999955,10,4543.400000000009,0.0,False,2
17,0,0,[3 1 4 5 2],2761.5999999999804,0.5049469805025071,0.495053019497493,0.08276696233658576,SI,[3 5 4 1 2],35.299999999999955,10,3735.199999999986,0.0,False,2
17,0,1,[3 1 4 5 2],2761.5999999999804,0.5049469805025071,0.495053019497493,0.033467408582916414,SI,[2 5 4 1 3],57.30000000000001,10,4209.000000000036,0.0,False,2
17,0,2,[3 1 4 5 2],2761.5999999999804,0.5049469805025071,0.495053019497493,0.31279534121928,SI,[5 4 1 3 2],22.799999999999955,10,4543.400000000009,0.0,False,2
17,0,3,[3 1 4 5 2],2761.5999999999804,0.5049469805025071,0.495053019497493,0.7350801658740221,MI,[3 5 4 1 2],35.299999999999955,10,3735.199999999986,0.0,False,2
17,0,4,[3 1 4 5 2],2761.5999999999804,0.5049469805025071,0.495053019497493,0.3658260394202866,SI,[5 4 1 3 2],22.799999999999955,10,4543.400000000009,0.0,False,2
18,0,0,[3 1 4 5 2],2761.5999999999804,0.5049469805025071,0.495053019497493,0.9230436765559487,MI,[5 4 1 3 2],22.799999999999955,10,4543.400000000009,0.0,False,2
18,0,1,[3 1 4 5 2],2761.5999999999804,0.5049469805025071,0.495053019497493,0.6768922361878652,MI,[5 4 1 3 2],22.799999999999955,10,4543.400000000009,0.0,False,2
18,0,2,[3 1 4 5 2],2761.5999999999804,0.5049469805025071,0.495053019497493,0.8643777057855998,MI,[5 4 1 3 2],22.799999999999955,10,4543.400000000009,0.0,False,2
18,0,3,[3 1 4 5 2],2761.5999999999804,0.5049469805025071,0.495053019497493,0.6007104937569696,MI,[3 5 4 1 2],35.299999999999955,10,3735.199999999986,0.0,False,2
18,0,4,[3 1 4 5 2],2761.5999999999804,0.5049469805025071,0.495053019497493,0.6579511179603439,MI,[5 4 1 3 2],22.799999999999955,10,4543.400000000009,0.0,False,2
19,0,0,[3 1 4 5 2],2761.5999999999804,0.5049469805025071,0.495053019497493,0.518755368522748,MI,[5 4 1 3 2],22.799999999999955,10,4543.400000000009,0.0,False,2
19,0,1,[3 1 4 5 2],2761.5999999999804,0.5049469805025071,0.495053019497493,0.5702267054727888,MI,[5 4 1 3 2],22.799999999999955,10,4543.400000000009,0.0,False,2
19,0,2,[3 1 4 5 2],2761.5999999999804,0.5049469805025071,0.495053019497493,0.37882166271303375,SI,[5 4 1 3 2],22.799999999999955,10,4543.400000000009,0.0,False,2
19,0,3,[3 1 4 5 2],2761.5999999999804,0.5049469805025071,0.495053019497493,0.647567827703618,MI,[5 4 1 3 2],22.799999999999955,10,4543.400000000009,0.0,False,2
19,0,4,[3 1 4 5 2],2761.5999999999804,0.5049469805025071,0.495053019497493,0.2964425067854476,SI,[4 1 3 5 2],175.39999999999998,10,4265.999999999996,0.0,False,2
20,0,0,[3 1 4 5 2],2761.5999999999804,0.5049469805025071,0.495053019497493,0.1764192521655874,SI,[3 5 4 1 2],35.299999999999955,10,3735.199999999986,0.0,False,2
20,0,1,[3 1 4 5 2],2761.5999999999804,0.5049469805025071,0.495053019497493,0.002175208803421702,SI,[5 4 1 3 2],22.799999999999955,10,4543.400000000009,0.0,False,2
20,0,2,[3 1 4 5 2],2761.5999999999804,0.5049469805025071,0.495053019497493,0.8067094040075564,MI,[5 4 1 3 2],22.799999999999955,10,4543.400000000009,0.0,False,2
20,0,3,[3 1 4 5 2],2761.5999999999804,0.5049469805025071,0.495053019497493,0.2715518173917647,SI,[2 5 4 1 3],57.30000000000001,10,4209.000000000036,0.0,False,2
20,0,4,[3 1 4 5 2],2761.5999999999804,0.5049469805025071,0.495053019497493,0.9337275889191922,MI,[3 5 4 1 2],35.299999999999955,10,3735.199999999986,0.0,False,2
21,0,0,[3 1 4 5 2],2761.5999999999804,0.5049469805025071,0.495053019497493,0.8260619878100196,MI,[5 4 1 3 2],22.799999999999955,10,4543.400000000009,0.0,False,2
21,0,1,[3 1 4 5 2],2761.5999999999804,0.5049469805025071,0.495053019497493,0.5904297933752068,MI,[5 4 1 3 2],22.799999999999955,10,4543.400000000009,0.0,False,2
21,0,2,[3 1 4 5 2],2761.5999999999804,0.5049469805025071,0.495053019497493,0.8754048636815674,MI,[5 4 1 3 2],22.799999999999955,10,4543.400000000009,0.0,False,2
21,0,3,[3 1 4 5 2],2761.5999999999804,0.5049469805025071,0.495053019497493,0.03754044253875288,SI,[5 4 1 3 2],22.799999999999955,10,4543.400000000009,0.0,False,2
21,0,4,[3 1 4 5 2],2761.5999999999804,0.5049469805025071,0.495053019497493,0.4299790126904872,SI,[5 4 1 3 2],22.799999999999955,10,4543.400000000009,0.0,False,2
22,0,0,[3 1 4 5 2],2761.5999999999804,0.5049469805025071,0.495053019497493,0.47029195823929415,SI,[5 4 1 3 2],22.799999999999955,10,4543.400000000009,0.0,False,2
22,0,1,[3 1 4 5 2],2761.5999999999804,0.5049469805025071,0.495053019497493,0.7119559536330003,MI,[5 4 1 3 2],22.799999999999955,10,4543.400000000009,0.0,False,2
22,0,2,[3 1 4 5 2],2761.5999999999804,0.5049469805025071,0.495053019497493,0.488619891757086,SI,[5 4 1 3 2],22.799999999999955,10,4543.400000000009,0.0,False,2
22,0,3,[3 1 4 5 2],2761.5999999999804,0.5049469805025071,0.495053019497493,0.8026630238396292,MI,[5 4 1 3 2],22.799999999999955,10,4543.400000000009,0.0,False,2
22,0,4,[3 1 4 5 2],2761.5999999999804,0.5049469805025071,0.495053019497493,0.7141183150424819,MI,[5 4 1 3 2],22.799999999999955,10,4543.400000000009,0.0,False,2
23,0,0,[3 1 4 5 2],2761.5999999999804,0.5049469805025071,0.495053019497493,0.4035792545019652,SI,[2 5 4 1 3],57.30000000000001,10,4209.000000000036,0.0,False,2
23,0,1,[3 1 4 5 2],2761.5999999999804,0.5049469805025071,0.495053019497493,0.9262043071618695,MI,[5 4 1 3 2],22.799999999999955,10,4543.400000000009,0.0,False,2
23,0,2,[3 1 4 5 2],2761.5999999999804,0.5049469805025071,0.495053019497493,0.888863288145756,MI,[5 4 1 3 2],22.799999999999955,10,4543.400000000009,0.0,False,2
23,0,3,[3 1 4 5 2],2761.5999999999804,0.5049469805025071,0.495053019497493,0.11012349705604452,SI,[5 4 1 3 2],22.799999999999955,10,4543.400000000009,0.0,False,2
23,0,4,[3 1 4 5 2],2761.5999999999804,0.5049469805025071,0.495053019497493,0.7751497419587711,MI,[5 4 1 3 2],22.799999999999955,10,4543.400000000009,0.0,False,2
24,0,0,[3 1 4 5 2],2761.5999999999804,0.5049469805025071,0.495053019497493,0.4661378481182642,SI,[5 4 1 3 2],22.799999999999955,10,4543.400000000009,0.0,False,2
24,0,1,[3 1 4 5 2],2761.5999999999804,0.5049469805025071,0.495053019497493,0.07895095587814827,SI,[3 5 4 1 2],35.299999999999955,10,3735.199999999986,0.0,False,2
24,0,2,[3 1 4 5 2],2761.5999999999804,0.5049469805025071,0.495053019497493,0.3518242210765312,SI,[5 4 1 3 2],22.799999999999955,10,4543.400000000009,0.0,False,2
24,0,3,[3 1 4 5 2],2761.5999999999804,0.5049469805025071,0.495053019497493,0.3034419818023707,SI,[5 4 1 3 2],22.799999999999955,10,4543.400000000009,0.0,False,2
24,0,4,[3 1 4 5 2],2761.5999999999804,0.5049469805025071,0.495053019497493,0.3262379481777904,SI,[5 4 1 3 2],22.799999999999955,10,4543.400000000009,0.0,False,2
25,0,0,[3 1 4 5 2],2761.5999999999804,0.5049469805025071,0.495053019497493,0.25332747903877817,SI,[5 4 1 3 2],22.799999999999955,10,4543.400000000009,0.0,False,2
25,0,1,[3 1 4 5 2],2761.5999999999804,0.5049469805025071,0.495053019497493,0.022561011683043586,SI,[5 4 1 3 2],22.799999999999955,10,4543.400000000009,0.0,False,2
25,0,2,[3 1 4 5 2],2761.5999999999804,0.5049469805025071,0.495053019497493,0.8836073214590094,MI,[5 4 1 3 2],22.799999999999955,10,4543.400000000009,0.0,False,2
25,0,3,[3 1 4 5 2],2761.5999999999804,0.5049469805025071,0.495053019497493,0.5799703045565241,MI,[5 4 1 3 2],22.799999999999955,10,4543.400000000009,0.0,False,2
25,0,4,[3 1 4 5 2],2761.5999999999804,0.5049469805025071,0.495053019497493,0.2741901670796367,SI,[5 4 1 3 2],22.799999999999955,10,4543.400000000009,0.0,False,2
26,0,0,[3 1 4 5 2],2761.5999999999804,0.5049469805025071,0.495053019497493,0.38252684187500696,SI,[3 5 4 1 2],35.299999999999955,10,3735.199999999986,0.0,False,2
26,0,1,[3 1 4 5 2],2761.5999999999804,0.5049469805025071,0.495053019497493,0.5421837726686705,MI,[2 5 4 1 3],57.30000000000001,10,4209.000000000036,0.0,False,2
26,0,2,[3 1 4 5 2],2761.5999999999804,0.5049469805025071,0.495053019497493,0.8168678808629085,MI,[5 4 1 3 2],22.799999999999955,10,4543.400000000009,0.0,False,2
26,0,3,[3 1 4 5 2],2761.5999999999804,0.5049469805025071,0.495053019497493,0.53902522082193,MI,[5 4 1 3 2],22.799999999999955,10,4543.400000000009,0.0,False,2
26,0,4,[3 1 4 5 2],2761.5999999999804,0.5049469805025071,0.495053019497493,0.1799510275627848,SI,[5 4 1 3 2],22.799999999999955,10,4543.400000000009,0.0,False,2
27,0,0,[3 1 4 5 2],2761.5999999999804,0.5049469805025071,0.495053019497493,0.8477739352515838,MI,[5 4 1 3 2],22.799999999999955,10,4543.400000000009,0.0,False,2
27,0,1,[3 1 4 5 2],2761.5999999999804,0.5049469805025071,0.495053019497493,0.462963473362773,SI,[5 4 1 3 2],22.799999999999955,10,4543.400000000009,0.0,False,2
27,0,2,[3 1 4 5 2],2761.5999999999804,0.5049469805025071,0.495053019497493,0.43719882283625733,SI,[5 4 1 3 2],22.799999999999955,10,4543.400000000009,0.0,False,2
27,0,3,[3 1 4 5 2],2761.5999999999804,0.5049469805025071,0.495053019497493,0.766858868984561,MI,[5 4 1 3 2],22.799999999999955,10,4543.400000000009,0.0,False,2
27,0,4,[3 1 4 5 2],2761.5999999999804,0.5049469805025071,0.495053019497493,0.038745009256933804,SI,[5 4 1 3 2],22.799999999999955,10,4543.400000000009,0.0,False,2
28,0,0,[3 1 4 5 2],2761.5999999999804,0.5049469805025071,0.495053019497493,0.5992236491532417,MI,[5 4 1 3 2],22.799999999999955,10,4543.400000000009,0.0,False,2
28,0,1,[3 1 4 5 2],2761.5999999999804,0.5049469805025071,0.495053019497493,0.7163595307361689,MI,[5 4 1 3 2],22.799999999999955,10,4543.400000000009,0.0,False,2
28,0,2,[3 1 4 5 2],2761.5999999999804,0.5049469805025071,0.495053019497493,0.13635336437489765,SI,[5 4 1 3 2],22.799999999999955,10,4543.400000000009,0.0,False,2
28,0,3,[3 1 4 5 2],2761.5999999999804,0.5049469805025071,0.495053019497493,0.4944424720417464,SI,[5 4 1 3 2],22.799999999999955,10,4543.400000000009,0.0,False,2
28,0,4,[3 1 4 5 2],2761.5999999999804,0.5049469805025071,0.495053019497493,0.11208853272496933,SI,[5 4 1 3 2],22.799999999999955,10,4543.400000000009,0.0,False,2
29,0,0,[3 1 4 5 2],2761.5999999999804,0.5049469805025071,0.495053019497493,0.46220702076823206,SI,[5 4 1 3 2],22.799999999999955,10,4543.400000000009,0.0,False,2
29,0,1,[3 1 4 5 2],2761.5999999999804,0.5049469805025071,0.495053019497493,0.8887727689399175,MI,[5 4 1 3 2],22.799999999999955,10,4543.400000000009,0.0,False,2
29,0,2,[3 1 4 5 2],2761.5999999999804,0.5049469805025071,0.495053019497493,0.574995500725113,MI,[5 4 1 3 2],22.799999999999955,10,4543.400000000009,0.0,False,2
29,0,3,[3 1 4 5 2],2761.5999999999804,0.5049469805025071,0.495053019497493,0.07140223677217028,SI,[5 4 1 3 2],22.799999999999955,10,4543.400000000009,0.0,False,2
29,0,4,[3 1 4 5 2],2761.5999999999804,0.5049469805025071,0.495053019497493,0.6866027982462057,MI,[5 4 1 3 2],22.799999999999955,10,4543.400000000009,0.0,False,2
30,0,0,[3 1 4 5 2],2761.5999999999804,0.5049469805025071,0.495053019497493,0.6215447405760267,MI,[3 5 4 1 2],35.299999999999955,10,3735.199999999986,0.0,False,2
30,0,1,[3 1 4 5 2],2761.5999999999804,0.5049469805025071,0.495053019497493,0.6212516540466534,MI,[5 4 1 3 2],22.799999999999955,10,4543.400000000009,0.0,False,2
30,0,2,[3 1 4 5 2],2761.5999999999804,0.5049469805025071,0.495053019497493,0.711426304287384,MI,[3 5 4 1 2],35.299999999999955,10,3735.199999999986,0.0,False,2
30,0,3,[3 1 4 5 2],2761.5999999999804,0.5049469805025071,0.495053019497493,0.747581080235281,MI,[3 5 4 1 2],35.299999999999955,10,3735.199999999986,0.0,False,2
30,0,4,[3 1 4 5 2],2761.5999999999804,0.5049469805025071,0.495053019497493,0.030022115077634415,SI,[3 4 1 5 2],73.19999999999999,10,3454.6999999999825,0.0,False,2
31,0,0,[3 1 4 5 2],2761.5999999999804,0.5049469805025071,0.495053019497493,0.4606558673199379,SI,[5 4 1 3 2],22.799999999999955,10,4543.400000000009,0.0,False,2
31,0,1,[3 1 4 5 2],2761.5999999999804,0.5049469805025071,0.495053019497493,0.4430127477902138,SI,[5 4 1 3 2],22.799999999999955,10,4543.400000000009,0.0,False,2
31,0,2,[3 1 4 5 2],2761.5999999999804,0.5049469805025071,0.495053019497493,0.8793096393645023,MI,[5 4 1 3 2],22.799999999999955,10,4543.400000000009,0.0,False,2
31,0,3,[3 1 4 5 2],2761.5999999999804,0.5049469805025071,0.495053019497493,0.37606910787194137,SI,[3 5 4 1 2],35.299999999999955,10,3735.199999999986,0.0,False,2
31,0,4,[3 1 4 5 2],2761.5999999999804,0.5049469805025071,0.495053019497493,0.2612871992262932,SI,[3 5 4 1 2],35.299999999999955,10,3735.199999999986,0.0,False,2
32,0,0,[3 1 4 5 2],2761.5999999999804,0.5049469805025071,0.495053019497493,0.8065303383759584,MI,[5 4 1 3 2],22.799999999999955,10,4543.400000000009,0.0,False,2
32,0,1,[3 1 4 5 2],2761.5999999999804,0.5049469805025071,0.495053019497493,0.3850061588291712,SI,[3 5 4 1 2],35.299999999999955,10,3735.199999999986,0.0,False,2
32,0,2,[3 1 4 5 2],2761.5999999999804,0.5049469805025071,0.495053019497493,0.5362946527544864,MI,[5 4 1 3 2],22.799999999999955,10,4543.400000000009,0.0,False,2
32,0,3,[3 1 4 5 2],2761.5999999999804,0.5049469805025071,0.495053019497493,0.7582351886794707,MI,[5 4 1 3 2],22.799999999999955,10,4543.400000000009,0.0,False,2
32,0,4,[3 1 4 5 2],2761.5999999999804,0.5049469805025071,0.495053019497493,0.4110572413429785,SI,[5 4 1 3 2],22.799999999999955,10,4543.400000000009,0.0,False,2
33,0,0,[3 1 4 5 2],2761.5999999999804,0.5049469805025071,0.495053019497493,0.05559654391768365,SI,[5 4 1 3 2],22.799999999999955,10,4543.400000000009,0.0,False,2
33,0,1,[3 1 4 5 2],2761.5999999999804,0.5049469805025071,0.495053019497493,0.13472211986786975,SI,[3 5 4 1 2],35.299999999999955,10,3735.199999999986,0.0,False,2
33,0,2,[3 1 4 5 2],2761.5999999999804,0.5049469805025071,0.495053019497493,0.28293504021268623,SI,[3 5 4 1 2],35.299999999999955,10,3735.199999999986,0.0,False,2
33,0,3,[3 1 4 5 2],2761.5999999999804,0.5049469805025071,0.495053019497493,0.6169235548036183,MI,[5 4 1 3 2],22.799999999999955,10,4543.400000000009,0.0,False,2
33,0,4,[3 1 4 5 2],2761.5999999999804,0.5049469805025071,0.495053019497493,0.5274006044559066,MI,[2 5 4 1 3],57.30000000000001,10,4209.000000000036,0.0,False,2
34,0,0,[3 1 4 5 2],2761.5999999999804,0.5049469805025071,0.495053019497493,0.7410827063218445,MI,[5 4 1 3 2],22.799999999999955,10,4543.400000000009,0.0,False,2
34,0,1,[3 1 4 5 2],2761.5999999999804,0.5049469805025071,0.495053019497493,0.9777693861666623,MI,[5 4 1 3 2],22.799999999999955,10,4543.400000000009,0.0,False,2
34,0,2,[3 1 4 5 2],2761.5999999999804,0.5049469805025071,0.495053019497493,0.0371445697365711,SI,[3 5 4 1 2],35.299999999999955,10,3735.199999999986,0.0,False,2
34,0,3,[3 1 4 5 2],2761.5999999999804,0.5049469805025071,0.495053019497493,0.6656377793142882,MI,[5 4 1 3 2],22.799999999999955,10,4543.400000000009,0.0,False,2
34,0,4,[3 1 4 5 2],2761.5999999999804,0.5049469805025071,0.495053019497493,0.3701847459160724,SI,[3 4 1 5 2],73.19999999999999,10,3454.6999999999825,0.0,False,2
35,0,0,[3 1 4 5 2],2761.5999999999804,0.5049469805025071,0.495053019497493,0.3243915587829045,SI,[3 5 4 1 2],35.299999999999955,10,3735.199999999986,0.0,False,2
35,0,1,[3 1 4 5 2],2761.5999999999804,0.5049469805025071,0.495053019497493,0.7481685209827793,MI,[5 4 1 3 2],22.799999999999955,10,4543.400000000009,0.0,False,2
35,0,2,[3 1 4 5 2],2761.5999999999804,0.5049469805025071,0.495053019497493,0.7209760160255534,MI,[5 4 1 3 2],22.799999999999955,10,4543.400000000009,0.0,False,2
35,0,3,[3 1 4 5 2],2761.5999999999804,0.5049469805025071,0.495053019497493,0.27486725717946936,SI,[5 4 1 3 2],22.799999999999955,10,4543.400000000009,0.0,False,2
35,0,4,[3 1 4 5 2],2761.5999999999804,0.5049469805025071,0.495053019497493,0.4713336877655262,SI,[5 4 1 3 2],22.799999999999955,10,4543.400000000009,0.0,False,2
36,0,0,[3 1 4 5 2],2761.5999999999804,0.5049469805025071,0.495053019497493,0.0901899252905316,SI,[5 4 1 3 2],22.799999999999955,10,4543.400000000009,0.0,False,2
36,0,1,[3 1 4 5 2],2761.5999999999804,0.5049469805025071,0.495053019497493,0.48600633729419485,SI,[3 5 4 1 2],35.299999999999955,10,3735.199999999986,0.0,False,2
36,0,2,[3 1 4 5 2],2761.5999999999804,0.5049469805025071,0.495053019497493,0.04981356096695411,SI,[5 4 1 3 2],22.799999999999955,10,4543.400000000009,0.0,False,2
36,0,3,[3 1 4 5 2],2761.5999999999804,0.5049469805025071,0.495053019497493,0.6225969420791317,MI,[3 5 4 1 2],35.299999999999955,10,3735.199999999986,0.0,False,2
36,0,4,[3 1 4 5 2],2761.5999999999804,0.5049469805025071,0.495053019497493,0.6023852716063359,MI,[5 4 1 3 2],22.799999999999955,10,4543.400000000009,0.0,False,2
37,0,0,[3 1 4 5 2],2761.5999999999804,0.5049469805025071,0.495053019497493,0.5902984301943627,MI,[5 4 1 3 2],22.799999999999955,10,4543.400000000009,0.0,False,2
37,0,1,[3 1 4 5 2],2761.5999999999804,0.5049469805025071,0.495053019497493,0.2999634846558772,SI,[5 4 1 3 2],22.799999999999955,10,4543.400000000009,0.0,False,2
37,0,2,[3 1 4 5 2],2761.5999999999804,0.5049469805025071,0.495053019497493,0.6575400507957381,MI,[2 5 4 1 3],57.30000000000001,10,4209.000000000036,0.0,False,2
37,0,3,[3 1 4 5 2],2761.5999999999804,0.5049469805025071,0.495053019497493,0.2463738516345585,SI,[5 4 1 3 2],22.799999999999955,10,4543.400000000009,0.0,False,2
37,0,4,[3 1 4 5 2],2761.5999999999804,0.5049469805025071,0.495053019497493,0.973390836598054,MI,[5 4 1 3 2],22.799999999999955,10,4543.400000000009,0.0,False,2
38,0,0,[3 1 4 5 2],2761.5999999999804,0.5049469805025071,0.495053019497493,0.7267965157959306,MI,[3 5 4 1 2],35.299999999999955,10,3735.199999999986,0.0,False,2
38,0,1,[3 1 4 5 2],2761.5999999999804,0.5049469805025071,0.495053019497493,0.3319003613806598,SI,[5 4 1 3 2],22.799999999999955,10,4543.400000000009,0.0,False,2
38,0,2,[3 1 4 5 2],2761.5999999999804,0.5049469805025071,0.495053019497493,0.3707044971185368,SI,[5 4 1 3 2],22.799999999999955,10,4543.400000000009,0.0,False,2
38,0,3,[3 1 4 5 2],2761.5999999999804,0.5049469805025071,0.495053019497493,0.17889418047409889,SI,[3 5 4 1 2],35.299999999999955,10,3735.199999999986,0.0,False,2
38,0,4,[3 1 4 5 2],2761.5999999999804,0.5049469805025071,0.495053019497493,0.729333033190627,MI,[3 5 4 1 2],35.299999999999955,10,3735.199999999986,0.0,False,2
39,0,0,[3 1 4 5 2],2761.5999999999804,0.5049469805025071,0.495053019497493,0.2879494327281904,SI,[5 4 1 3 2],22.799999999999955,10,4543.400000000009,0.0,False,2
39,0,1,[3 1 4 5 2],2761.5999999999804,0.5049469805025071,0.495053019497493,0.3975510040420519,SI,[3 5 4 1 2],35.299999999999955,10,3735.199999999986,0.0,False,2
39,0,2,[3 1 4 5 2],2761.5999999999804,0.5049469805025071,0.495053019497493,0.10317571819075078,SI,[5 4 1 3 2],22.799999999999955,10,4543.400000000009,0.0,False,2
39,0,3,[3 1 4 5 2],2761.5999999999804,0.5049469805025071,0.495053019497493,0.47883114960853246,SI,[5 4 1 3 2],22.799999999999955,10,4543.400000000009,0.0,False,2
39,0,4,[3 1 4 5 2],2761.5999999999804,0.5049469805025071,0.495053019497493,0.49353483238698403,SI,[5 4 1 3 2],22.799999999999955,10,4543.400000000009,0.0,False,2
40,0,0,[3 1 4 5 2],2761.5999999999804,0.5049469805025071,0.495053019497493,0.46525081661318324,SI,[5 4 1 3 2],22.799999999999955,10,4543.400000000009,0.0,False,2
40,0,1,[3 1 4 5 2],2761.5999999999804,0.5049469805025071,0.495053019497493,0.9372837722589182,MI,[3 5 4 1 2],35.299999999999955,10,3735.199999999986,0.0,False,2
40,0,2,[3 1 4 5 2],2761.5999999999804,0.5049469805025071,0.495053019497493,0.4718639220755553,SI,[5 4 1 3 2],22.799999999999955,10,4543.400000000009,0.0,False,2
40,0,3,[3 1 4 5 2],2761.5999999999804,0.5049469805025071,0.495053019497493,0.5608232725168825,MI,[3 5 4 1 2],35.299999999999955,10,3735.199999999986,0.0,False,2
40,0,4,[3 1 4 5 2],2761.5999999999804,0.5049469805025071,0.495053019497493,0.29941108443697084,SI,[2 5 4 1 3],57.30000000000001,10,4209.000000000036,0.0,False,2
41,0,0,[3 1 4 5 2],2761.5999999999804,0.5049469805025071,0.495053019497493,0.07301936750002347,SI,[3 5 4 1 2],35.299999999999955,10,3735.199999999986,0.0,False,2
41,0,1,[3 1 4 5 2],2761.5999999999804,0.5049469805025071,0.495053019497493,0.3274828080638471,SI,[2 5 4 1 3],57.30000000000001,10,4209.000000000036,0.0,False,2
41,0,2,[3 1 4 5 2],2761.5999999999804,0.5049469805025071,0.495053019497493,0.5076599220293198,MI,[5 4 1 3 2],22.799999999999955,10,4543.400000000009,0.0,False,2
41,0,3,[3 1 4 5 2],2761.5999999999804,0.5049469805025071,0.495053019497493,0.7593157153558269,MI,[3 5 4 1 2],35.299999999999955,10,3735.199999999986,0.0,False,2
41,0,4,[3 1 4 5 2],2761.5999999999804,0.5049469805025071,0.495053019497493,0.3715026754986184,SI,[2 5 4 1 3],57.30000000000001,10,4209.000000000036,0.0,False,2
42,0,0,[3 1 4 5 2],2761.5999999999804,0.5049469805025071,0.495053019497493,0.36822404399018693,SI,[5 4 1 3 2],22.799999999999955,10,4543.400000000009,0.0,False,2
42,0,1,[3 1 4 5 2],2761.5999999999804,0.5049469805025071,0.495053019497493,0.7204880436427182,MI,[3 5 4 1 2],35.299999999999955,10,3735.199999999986,0.0,False,2
42,0,2,[3 1 4 5 2],2761.5999999999804,0.5049469805025071,0.495053019497493,0.7671249832742284,MI,[5 4 1 3 2],22.799999999999955,10,4543.400000000009,0.0,False,2
42,0,3,[3 1 4 5 2],2761.5999999999804,0.5049469805025071,0.495053019497493,0.24779328916347998,SI,[5 4 1 3 2],22.799999999999955,10,4543.400000000009,0.0,False,2
42,0,4,[3 1 4 5 2],2761.5999999999804,0.5049469805025071,0.495053019497493,0.12939239733973495,SI,[3 5 4 1 2],35.299999999999955,10,3735.199999999986,0.0,False,2
43,0,0,[3 1 4 5 2],2761.5999999999804,0.5049469805025071,0.495053019497493,0.6782195622083952,MI,[5 4 1 3 2],22.799999999999955,10,4543.400000000009,0.0,False,2
43,0,1,[3 1 4 5 2],2761.5999999999804,0.5049469805025071,0.495053019497493,0.30049593246723094,SI,[3 5 4 1 2],35.299999999999955,10,3735.199999999986,0.0,False,2
43,0,2,[3 1 4 5 2],2761.5999999999804,0.5049469805025071,0.495053019497493,0.915652029528066,MI,[5 4 1 3 2],22.799999999999955,10,4543.400000000009,0.0,False,2
43,0,3,[3 1 4 5 2],2761.5999999999804,0.5049469805025071,0.495053019497493,0.5631473455384802,MI,[5 4 1 3 2],22.799999999999955,10,4543.400000000009,0.0,False,2
43,0,4,[3 1 4 5 2],2761.5999999999804,0.5049469805025071,0.495053019497493,0.4696193801963655,SI,[2 5 4 1 3],57.30000000000001,10,4209.000000000036,0.0,False,2
44,0,0,[3 1 4 5 2],2761.5999999999804,0.5049469805025071,0.495053019497493,0.609051783802613,MI,[5 4 1 3 2],22.799999999999955,10,4543.400000000009,0.0,False,2
44,0,1,[3 1 4 5 2],2761.5999999999804,0.5049469805025071,0.495053019497493,0.7936447677694397,MI,[5 4 1 3 2],22.799999999999955,10,4543.400000000009,0.0,False,2
44,0,2,[3 1 4 5 2],2761.5999999999804,0.5049469805025071,0.495053019497493,0.3544552679027959,SI,[3 5 4 1 2],35.299999999999955,10,3735.199999999986,0.0,False,2
44,0,3,[3 1 4 5 2],2761.5999999999804,0.5049469805025071,0.495053019497493,0.721690693960849,MI,[3 5 4 1 2],35.299999999999955,10,3735.199999999986,0.0,False,2
44,0,4,[3 1 4 5 2],2761.5999999999804,0.5049469805025071,0.495053019497493,0.7454476190719007,MI,[5 4 1 3 2],22.799999999999955,10,4543.400000000009,0.0,False,2
45,0,0,[3 1 4 5 2],2761.5999999999804,0.5049469805025071,0.495053019497493,0.11912102180170125,SI,[5 4 1 3 2],22.799999999999955,10,4543.400000000009,0.0,False,2
45,0,1,[3 1 4 5 2],2761.5999999999804,0.5049469805025071,0.495053019497493,0.4177657420405507,SI,[5 4 1 3 2],22.799999999999955,10,4543.400000000009,0.0,False,2
45,0,2,[3 1 4 5 2],2761.5999999999804,0.5049469805025071,0.495053019497493,0.5602226964252496,MI,[5 4 1 3 2],22.799999999999955,10,4543.400000000009,0.0,False,2
45,0,3,[3 1 4 5 2],2761.5999999999804,0.5049469805025071,0.495053019497493,0.6934247127989168,MI,[5 4 1 3 2],22.799999999999955,10,4543.400000000009,0.0,False,2
45,0,4,[3 1 4 5 2],2761.5999999999804,0.5049469805025071,0.495053019497493,0.40492408840605376,SI,[3 5 4 1 2],35.299999999999955,10,3735.199999999986,0.0,False,2
46,0,0,[3 1 4 5 2],2761.5999999999804,0.5049469805025071,0.495053019497493,0.27788504285458504,SI,[3 5 4 1 2],35.299999999999955,10,3735.199999999986,0.0,False,2
46,0,1,[3 1 4 5 2],2761.5999999999804,0.5049469805025071,0.495053019497493,0.6179715140443425,MI,[3 5 4 1 2],35.299999999999955,10,3735.199999999986,0.0,False,2
46,0,2,[3 1 4 5 2],2761.5999999999804,0.5049469805025071,0.495053019497493,0.3526283575257051,SI,[3 5 4 1 2],35.299999999999955,10,3735.199999999986,0.0,False,2
46,0,3,[3 1 4 5 2],2761.5999999999804,0.5049469805025071,0.495053019497493,0.9792265288631639,MI,[3 5 4 1 2],35.299999999999955,10,3735.199999999986,0.0,False,2
46,0,4,[3 1 4 5 2],2761.5999999999804,0.5049469805025071,0.495053019497493,0.8369756661135277,MI,[3 5 4 1 2],35.299999999999955,10,3735.199999999986,0.0,False,2
47,0,0,[3 1 4 5 2],2761.5999999999804,0.5049469805025071,0.495053019497493,0.49878792830826557,SI,[5 4 1 3 2],22.799999999999955,10,4543.400000000009,0.0,False,2
47,0,1,[3 1 4 5 2],2761.5999999999804,0.5049469805025071,0.495053019497493,0.5938803934587895,MI,[2 5 4 1 3],57.30000000000001,10,4209.000000000036,0.0,False,2
47,0,2,[3 1 4 5 2],2761.5999999999804,0.5049469805025071,0.495053019497493,0.9422142449179671,MI,[5 4 1 3 2],22.799999999999955,10,4543.400000000009,0.0,False,2
47,0,3,[3 1 4 5 2],2761.5999999999804,0.5049469805025071,0.495053019497493,0.9497848080151823,MI,[5 4 1 3 2],22.799999999999955,10,4543.400000000009,0.0,False,2
47,0,4,[3 1 4 5 2],2761.5999999999804,0.5049469805025071,0.495053019497493,0.772832104178185,MI,[5 4 1 3 2],22.799999999999955,10,4543.400000000009,0.0,False,2
48,0,0,[3 1 4 5 2],2761.5999999999804,0.5049469805025071,0.495053019497493,0.7291437328938449,MI,[5 4 1 3 2],22.799999999999955,10,4543.400000000009,0.0,False,2
48,0,1,[3 1 4 5 2],2761.5999999999804,0.5049469805025071,0.495053019497493,0.8468347087596017,MI,[2 5 4 1 3],57.30000000000001,10,4209.000000000036,0.0,False,2
48,0,2,[3 1 4 5 2],2761.5999999999804,0.5049469805025071,0.495053019497493,0.6128205881400838,MI,[5 4 1 3 2],22.799999999999955,10,4543.400000000009,0.0,False,2
48,0,3,[3 1 4 5 2],2761.5999999999804,0.5049469805025071,0.495053019497493,0.2535544939155153,SI,[5 4 1 3 2],22.799999999999955,10,4543.400000000009,0.0,False,2
48,0,4,[3 1 4 5 2],2761.5999999999804,0.5049469805025071,0.495053019497493,0.07496845570100319,SI,[3 5 4 1 2],35.299999999999955,10,3735.199999999986,0.0,False,2
49,0,0,[3 1 4 5 2],2761.5999999999804,0.5049469805025071,0.495053019497493,0.6620738533797581,MI,[2 5 4 1 3],57.30000000000001,10,4209.000000000036,0.0,False,2
49,0,1,[3 1 4 5 2],2761.5999999999804,0.5049469805025071,0.495053019497493,0.01739429066178655,SI,[3 5 4 1 2],35.299999999999955,10,3735.199999999986,0.0,False,2
49,0,2,[3 1 4 5 2],2761.5999999999804,0.5049469805025071,0.495053019497493,0.48669526741823943,SI,[5 4 1 3 2],22.799999999999955,10,4543.400000000009,0.0,False,2
49,0,3,[3 1 4 5 2],2761.5999999999804,0.5049469805025071,0.495053019497493,0.15633464111962492,SI,[5 4 1 3 2],22.799999999999955,10,4543.400000000009,0.0,False,2
49,0,4,[3 1 4 5 2],2761.5999999999804,0.5049469805025071,0.495053019497493,0.6613921790604442,MI,[5 4 1 3 2],22.799999999999955,10,4543.400000000009,0.0,False,2
50,0,0,[3 1 4 5 2],2761.5999999999804,0.5049469805025071,0.495053019497493,0.11083532861654688,SI,[5 4 1 3 2],22.799999999999955,10,4543.400000000009,0.0,False,2
50,0,1,[3 1 4 5 2],2761.5999999999804,0.5049469805025071,0.495053019497493,0.186583562842924,SI,[2 5 4 1 3],57.30000000000001,10,4209.000000000036,0.0,False,2
50,0,2,[3 1 4 5 2],2761.5999999999804,0.5049469805025071,0.495053019497493,0.2677154522169365,SI,[5 4 1 3 2],22.799999999999955,10,4543.400000000009,0.0,False,2
50,0,3,[3 1 4 5 2],2761.5999999999804,0.5049469805025071,0.495053019497493,0.9851275879626424,MI,[2 5 4 1 3],57.30000000000001,10,4209.000000000036,0.0,False,2
50,0,4,[3 1 4 5 2],2761.5999999999804,0.5049469805025071,0.495053019497493,0.6712336670557242,MI,[5 4 1 3 2],22.799999999999955,10,4543.400000000009,0.0,False,2
0,2,0,[1 3 2 4 5],2277.599999999955,0.5,0.5,0.24284441136545487,SI,[1 3 5 4 2],-233.69999999999993,10,2497.6999999999607,0.0,False,3
0,2,1,[1 3 2 4 5],2277.599999999955,0.5,0.5,0.5380737828735829,MI,[1 3 5 4 2],-233.69999999999993,10,2497.6999999999607,0.0,False,3
0,2,2,[1 3 2 4 5],2277.599999999955,0.5,0.5,0.7968286437976109,MI,[1 3 5 4 2],-233.69999999999993,10,2497.6999999999607,0.0,False,3
0,2,3,[1 3 2 4 5],2277.599999999955,0.5,0.5,0.14224684868275894,SI,[1 3 5 4 2],-233.69999999999993,10,2497.6999999999607,0.0,False,3
0,2,4,[1 3 2 4 5],2277.599999999955,0.5,0.5,0.853738248281815,MI,[1 3 5 4 2],-233.69999999999993,10,2497.6999999999607,0.0,False,3
1,0,0,[2 1 4 5 3],1755.1999999999643,0.5,0.5,0.5404651565522473,MI,[3 5 4 1 2],-62.19999999999993,10,3397.299999999963,0.0,False,3
1,0,1,[2 1 4 5 3],1755.1999999999643,0.5,0.5,0.17523954667377295,SI,[2 1 3 5 4],0.30000000000001137,10,1747.6999999999643,0.004273017319963624,True,3
1,0,2,[2 1 3 5 4],1747.6999999999643,0.5,0.5,0.27474198251391524,SI,[2 4 5 3 1],-44.69999999999999,10,2568.2999999999593,0.0,False,3
1,0,3,[2 1 3 5 4],1747.6999999999643,0.5,0.5,0.4616266421169337,SI,[4 5 3 1 2],-62.50000000000006,10,3419.799999999963,0.0,False,3
1,0,4,[2 1 3 5 4],1747.6999999999643,0.5,0.5,0.7169351667356962,MI,[4 5 3 1 2],-62.50000000000006,10,3419.799999999963,0.0,False,3
2,0,0,[2 1 3 5 4],1747.6999999999643,0.5002135596116062,0.4997864403883937,0.5408958515818066,MI,[2 4 5 3 1],-44.69999999999999,10,2568.2999999999593,0.0,False,3
2,0,1,[2 1 3 5 4],1747.6999999999643,0.5002135596116062,0.4997864403883937,0.7738785701100639,MI,[4 5 3 1 2],-62.50000000000006,10,3419.799999999963,0.0,False,3
2,0,2,[2 1 3 5 4],1747.6999999999643,0.5002135596116062,0.4997864403883937,0.5867223246051236,MI,[2 1 4 5 3],-0.30000000000001137,10,1755.1999999999643,0.0,False,3
2,0,3,[2 1 3 5 4],1747.6999999999643,0.5002135596116062,0.4997864403883937,0.3668238555812513,SI,[4 5 3 1 2],-62.50000000000006,10,3419.799999999963,0.0,False,3
2,0,4,[2 1 3 5 4],1747.6999999999643,0.5002135596116062,0.4997864403883937,0.5692691661598357,MI,[2 4 5 3 1],-44.69999999999999,10,2568.2999999999593,0.0,False,3
3,0,0,[2 1 3 5 4],1747.6999999999643,0.5002135596116063,0.49978644038839376,0.36451003657207304,SI,[4 5 3 1 2],-62.50000000000006,10,3419.799999999963,0.0,False,3
3,0,1,[2 1 3 5 4],1747.6999999999643,0.5002135596116063,0.49978644038839376,0.6988044155074257,MI,[4 5 3 1 2],-62.50000000000006,10,3419.799999999963,0.0,False,3
3,0,2,[2 1 3 5 4],1747.6999999999643,0.5002135596116063,0.49978644038839376,0.6191334486815423,MI,[2 1 4 5 3],-0.30000000000001137,10,1755.1999999999643,0.0,False,3
3,0,3,[2 1 3 5 4],1747.6999999999643,0.5002135596116063,0.49978644038839376,0.7373193270743833,MI,[4 5 3 1 2],-62.50000000000006,10,3419.799999999963,0.0,False,3
3,0,4,[2 1 3 5 4],1747.6999999999643,0.5002135596116063,0.49978644038839376,0.5015551318134454,MI,[2 4 5 3 1],-44.69999999999999,10,2568.2999999999593,0.0,False,3
4,0,0,[2 1 3 5 4],1747.6999999999643,0.5002135596116063,0.49978644038839376,0.20640648350034085,SI,[4 5 3 1 2],-62.50000000000006,10,3419.799999999963,0.0,False,3
4,0,1,[2 1 3 5 4],1747.6999999999643,0.5002135596116063,0.49978644038839376,0.3165764210232975,SI,[4 5 3 1 2],-62.50000000000006,10,3419.799999999963,0.0,False,3
4,0,2,[2 1 3 5 4],1747.6999999999643,0.5002135596116063,0.49978644038839376,0.6106608756065133,MI,[4 5 3 1 2],-62.50000000000006,10,3419.799999999963,0.0,False,3
4,0,3,[2 1 3 5 4],1747.6999999999643,0.5002135596116063,0.49978644038839376,0.167789515298843,SI,[4 5 3 1 2],-62.50000000000006,10,3419.799999999963,0.0,False,3
4,0,4,[2 1 3 5 4],1747.6999999999643,0.5002135596116063,0.49978644038839376,0.771632399744713,MI,[2 1 4 5 3],-0.30000000000001137,10,1755.1999999999643,0.0,False,3
5,0,0,[2 1 3 5 4],1747.6999999999643,0.5002135596116063,0.49978644038839376,0.5057215218702824,MI,[4 5 3 1 2],-62.50000000000006,10,3419.799999999963,0.0,False,3
5,0,1,[2 1 3 5 4],1747.6999999999643,0.5002135596116063,0.49978644038839376,0.29887898109512756,SI,[2 4 5 3 1],-44.69999999999999,10,2568.2999999999593,0.0,False,3
5,0,2,[2 1 3 5 4],1747.6999999999643,0.5002135596116063,0.49978644038839376,0.7988918425724425,MI,[4 5 3 1 2],-62.50000000000006,10,3419.799999999963,0.0,False,3
5,0,3,[2 1 3 5 4],1747.6999999999643,0.5002135596116063,0.49978644038839376,0.7274505912391146,MI,[4 5 3 1 2],-62.50000000000006,10,3419.799999999963,0.0,False,3
5,0,4,[2 1 3 5 4],1747.6999999999643,0.5002135596116063,0.49978644038839376,0.22475647215243844,SI,[4 5 3 1 2],-62.50000000000006,10,3419.799999999963,0.0,False,3
6,0,0,[2 1 3 5 4],1747.6999999999643,0.5002135596116063,0.49978644038839376,0.6184313975699061,MI,[4 5 3 1 2],-62.50000000000006,10,3419.799999999963,0.0,False,3
6,0,1,[2 1 3 5 4],1747.6999999999643,0.5002135596116063,0.49978644038839376,0.010817481462387812,SI,[4 5 3 1 2],-62.50000000000006,10,3419.799999999963,0.0,False,3
6,0,2,[2 1 3 5 4],1747.6999999999643,0.5002135596116063,0.49978644038839376,0.8317124103427264,MI,[4 5 3 1 2],-62.50000000000006,10,3419.799999999963,0.0,False,3
6,0,3,[2 1 3 5 4],1747.6999999999643,0.5002135596116063,0.49978644038839376,0.011287384836623726,SI,[4 5 3 1 2],-62.50000000000006,10,3419.799999999963,0.0,False,3
6,0,4,[2 1 3 5 4],1747.6999999999643,0.5002135596116063,0.49978644038839376,0.9214824195063288,MI,[4 5 3 1 2],-62.50000000000006,10,3419.799999999963,0.0,False,3
7,0,0,[2 1 3 5 4],1747.6999999999643,0.5002135596116063,0.49978644038839376,0.5430443111917485,MI,[4 5 3 1 2],-62.50000000000006,10,3419.799999999963,0.0,False,3
7,0,1,[2 1 3 5 4],1747.6999999999643,0.5002135596116063,0.49978644038839376,0.3319870593873677,SI,[4 5 3 1 2],-62.50000000000006,10,3419.799999999963,0.0,False,3
7,0,2,[2 1 3 5 4],1747.6999999999643,0.5002135596116063,0.49978644038839376,0.89954842977951,MI,[4 5 3 1 2],-62.50000000000006,10,3419.799999999963,0.0,False,3
7,0,3,[2 1 3 5 4],1747.6999999999643,0.5002135596116063,0.49978644038839376,0.5942301789945023,MI,[2 4 5 3 1],-44.69999999999999,10,2568.2999999999593,0.0,False,3
7,0,4,[2 1 3 5 4],1747.6999999999643,0.5002135596116063,0.49978644038839376,0.2984890610376225,SI,[4 5 3 1 2],-62.50000000000006,10,3419.799999999963,0.0,False,3
8,0,0,[2 1 3 5 4],1747.6999999999643,0.5002135596116063,0.49978644038839376,0.6626504291256605,MI,[4 5 3 1 2],-62.50000000000006,10,3419.799999999963,0.0,False,3
8,0,1,[2 1 3 5 4],1747.6999999999643,0.5002135596116063,0.49978644038839376,0.07332110449842888,SI,[2 4 5 3 1],-44.69999999999999,10,2568.2999999999593,0.0,False,3
8,0,2,[2 1 3 5 4],1747.6999999999643,0.5002135596116063,0.49978644038839376,0.5708279016099256,MI,[4 5 3 1 2],-62.50000000000006,10,3419.799999999963,0.0,False,3
8,0,3,[2 1 3 5 4],1747.6999999999643,0.5002135596116063,0.49978644038839376,0.7847131106477091,MI,[4 5 3 1 2],-62.50000000000006,10,3419.799999999963,0.0,False,3
8,0,4,[2 1 3 5 4],1747.6999999999643,0.5002135596116063,0.49978644038839376,0.48578280034403176,SI,[4 5 3 1 2],-62.50000000000006,10,3419.799999999963,0.0,False,3
9,0,0,[2 1 3 5 4],1747.6999999999643,0.5002135596116063,0.49978644038839376,0.04612752418030297,SI,[4 5 3 1 2],-62.50000000000006,10,3419.799999999963,0.0,False,3
9,0,1,[2 1 3 5 4],1747.6999999999643,0.5002135596116063,0.49978644038839376,0.39114158880697913,SI,[4 5 3 1 2],-62.50000000000006,10,3419.799999999963,0.0,False,3
9,0,2,[2 1 3 5 4],1747.6999999999643,0.5002135596116063,0.49978644038839376,0.2360947916853141,SI,[4 5 3 1 2],-62.50000000000006,10,3419.799999999963,0.0,False,3
9,0,3,[2 1 3 5 4],1747.6999999999643,0.5002135596116063,0.49978644038839376,0.7450288428072852,MI,[4 5 3 1 2],-62.50000000000006,10,3419.799999999963,0.0,False,3
9,0,4,[2 1 3 5 4],1747.6999999999643,0.5002135596116063,0.49978644038839376,0.5445519873988579,MI,[4 5 3 1 2],-62.50000000000006,10,3419.799999999963,0.0,False,3
10,0,0,[2 1 3 5 4],1747.6999999999643,0.5002135596116063,0.49978644038839376,0.486693044842892,SI,[2 4 5 3 1],-44.69999999999999,10,2568.2999999999593,0.0,False,3
10,0,1,[2 1 3 5 4],1747.6999999999643,0.5002135596116063,0.49978644038839376,0.7085661011516778,MI,[4 5 3 1 2],-62.50000000000006,10,3419.799999999963,0.0,False,3
10,0,2,[2 1 3 5 4],1747.6999999999643,0.5002135596116063,0.49978644038839376,0.5928837217881411,MI,[4 5 3 1 2],-62.50000000000006,10,3419.799999999963,0.0,False,3
10,0,3,[2 1 3 5 4],1747.6999999999643,0.5002135596116063,0.49978644038839376,0.4375944888038168,SI,[4 5 3 1 2],-62.50000000000006,10,3419.799999999963,0.0,False,3
10,0,4,[2 1 3 5 4],1747.6999999999643,0.5002135596116063,0.49978644038839376,0.932000332085404,MI,[4 5 3 1 2],-62.50000000000006,10,3419.799999999963,0.0,False,3
11,0,0,[2 1 3 5 4],1747.6999999999643,0.5002135596116063,0.49978644038839376,0.7278228703589955,MI,[2 1 4 5 3],-0.30000000000001137,10,1755.1999999999643,0.0,False,3
11,0,1,[2 1 3 5 4],1747.6999999999643,0.5002135596116063,0.49978644038839376,0.17098816545311613,SI,[4 5 3 1 2],-62.50000000000006,10,3419.799999999963,0.0,False,3
11,0,2,[2 1 3 5 4],1747.6999999999643,0.5002135596116063,0.49978644038839376,0.8830288646536755,MI,[2 4 5 3 1],-44.69999999999999,10,2568.2999999999593,0.0,False,3
11,0,3,[2 1 3 5 4],1747.6999999999643,0.5002135596116063,0.49978644038839376,0.8567689668463908,MI,[2 1 4 5 3],-0.30000000000001137,10,1755.1999999999643,0.0,False,3
11,0,4,[2 1 3 5 4],1747.6999999999643,0.5002135596116063,0.49978644038839376,0.9492822190881052,MI,[4 5 3 1 2],-62.50000000000006,10,3419.799999999963,0.0,False,3
12,0,0,[2 1 3 5 4],1747.6999999999643,0.5002135596116063,0.49978644038839376,0.5786183278773798,MI,[2 4 5 3 1],-44.69999999999999,10,2568.2999999999593,0.0,False,3
12,0,1,[2 1 3 5 4],1747.6999999999643,0.5002135596116063,0.49978644038839376,0.04668333661762458,SI,[4 5 3 1 2],-62.50000000000006,10,3419.799999999963,0.0,False,3
12,0,2,[2 1 3 5 4],1747.6999999999643,0.5002135596116063,0.49978644038839376,0.6735983056866517,MI,[2 4 5 3 1],-44.69999999999999,10,2568.2999999999593,0.0,False,3
12,0,3,[2 1 3 5 4],1747.6999999999643,0.5002135596116063,0.49978644038839376,0.28316323826186307,SI,[4 5 3 1 2],-62.50000000000006,10,3419.799999999963,0.0,False,3
12,0,4,[2 1 3 5 4],1747.6999999999643,0.5002135596116063,0.49978644038839376,0.2671188375518242,SI,[4 5 3 1 2],-62.50000000000006,10,3419.799999999963,0.0,False,3
13,0,0,[2 1 3 5 4],1747.6999999999643,0.5002135596116063,0.49978644038839376,0.9982610980632164,MI,[2 4 5 3 1],-44.69999999999999,10,2568.2999999999593,0.0,False,3
13,0,1,[2 1 3 5 4],1747.6999999999643,0.5002135596116063,0.49978644038839376,0.8788943996994898,MI,[2 4 5 3 1],-44.69999999999999,10,2568.2999999999593,0.0,False,3
13,0,2,[2 1 3 5 4],1747.6999999999643,0.5002135596116063,0.49978644038839376,0.15214550408071603,SI,[4 5 3 1 2],-62.50000000000006,10,3419.799999999963,0.0,False,3
13,0,3,[2 1 3 5 4],1747.6999999999643,0.5002135596116063,0.49978644038839376,0.722016024991011,MI,[4 5 3 1 2],-62.50000000000006,10,3419.799999999963,0.0,False,3
13,0,4,[2 1 3 5 4],1747.6999999999643,0.5002135596116063,0.49978644038839376,0.9779781944860723,MI,[4 5 3 1 2],-62.50000000000006,10,3419.799999999963,0.0,False,3
14,0,0,[2 1 3 5 4],1747.6999999999643,0.5002135596116063,0.49978644038839376,0.9706909623748107,MI,[4 5 3 1 2],-62.50000000000006,10,3419.799999999963,0.0,False,3
14,0,1,[2 1 3 5 4],1747.6999999999643,0.5002135596116063,0.49978644038839376,0.7161415749378469,MI,[2 4 5 3 1],-44.69999999999999,10,2568.2999999999593,0.0,False,3
14,0,2,[2 1 3 5 4],1747.6999999999643,0.5002135596116063,0.49978644038839376,0.8097181659318656,MI,[2 1 4 5 3],-0.30000000000001137,10,1755.1999999999643,0.0,False,3
14,0,3,[2 1 3 5 4],1747.6999999999643,0.5002135596116063,0.49978644038839376,0.2827336523393398,SI,[2 4 5 3 1],-44.69999999999999,10,2568.2999999999593,0.0,False,3
14,0,4,[2 1 3 5 4],1747.6999999999643,0.5002135596116063,0.49978644038839376,0.891599586726857,MI,[4 5 3 1 2],-62.50000000000006,10,3419.799999999963,0.0,False,3
15,0,0,[2 1 3 5 4],1747.6999999999643,0.5002135596116063,0.49978644038839376,0.20584033488605136,SI,[4 5 3 1 2],-62.50000000000006,10,3419.799999999963,0.0,False,3
15,0,1,[2 1 3 5 4],1747.6999999999643,0.5002135596116063,0.49978644038839376,0.9505306790363229,MI,[2 4 5 3 1],-44.69999999999999,10,2568.2999999999593,0.0,False,3
15,0,2,[2 1 3 5 4],1747.6999999999643,0.5002135596116063,0.49978644038839376,0.9170206168037306,MI,[2 1 4 5 3],-0.30000000000001137,10,1755.1999999999643,0.0,False,3
15,0,3,[2 1 3 5 4],1747.6999999999643,0.5002135596116063,0.49978644038839376,0.5699015720545296,MI,[4 5 3 1 2],-62.50000000000006,10,3419.799999999963,0.0,False,3
15,0,4,[2 1 3 5 4],1747.6999999999643,0.5002135596116063,0.49978644038839376,0.18827133220354697,SI,[4 5 3 1 2],-62.50000000000006,10,3419.799999999963,0.0,False,3
16,0,0,[2 1 3 5 4],1747.6999999999643,0.5002135596116063,0.49978644038839376,0.023326625706474258,SI,[2 4 5 3 1],-44.69999999999999,10,2568.2999999999593,0.0,False,3
16,0,1,[2 1 3 5 4],1747.6999999999643,0.5002135596116063,0.49978644038839376,0.6639596401064988,MI,[4 5 3 1 2],-62.50000000000006,10,3419.799999999963,0.0,False,3
16,0,2,[2 1 3 5 4],1747.6999999999643,0.5002135596116063,0.49978644038839376,0.0179361344532164,SI,[4 5 3 1 2],-62.50000000000006,10,3419.799999999963,0.0,False,3
16,0,3,[2 1 3 5 4],1747.6999999999643,0.5002135596116063,0.49978644038839376,0.285282074231471,SI,[4 5 3 1 2],-62.50000000000006,10,3419.799999999963,0.0,False,3
16,0,4,[2 1 3 5 4],1747.6999999999643,0.5002135596116063,0.49978644038839376,0.9523557683551267,MI,[4 5 3 1 2],-62.50000000000006,10,3419.799999999963,0.0,False,3
17,0,0,[2 1 3 5 4],1747.6999999999643,0.5002135596116063,0.49978644038839376,0.21801361756635962,SI,[4 5 3 1 2],-62.50000000000006,10,3419.799999999963,0.0,False,3
17,0,1,[2 1 3 5 4],1747.6999999999643,0.5002135596116063,0.49978644038839376,0.587334434492594,MI,[4 5 3 1 2],-62.50000000000006,10,3419.799999999963,0.0,False,3
17,0,2,[2 1 3 5 4],1747.6999999999643,0.5002135596116063,0.49978644038839376,0.9528271918527896,MI,[4 5 3 1 2],-62.50000000000006,10,3419.799999999963,0.0,False,3
17,0,3,[2 1 3 5 4],1747.6999999999643,0.5002135596116063,0.49978644038839376,0.7276378146216648,MI,[4 5 3 1 2],-62.50000000000006,10,3419.799999999963,0.0,False,3
17,0,4,[2 1 3 5 4],1747.6999999999643,0.5002135596116063,0.49978644038839376,0.6792163617635335,MI,[2 4 5 3 1],-44.69999999999999,10,2568.2999999999593,0.0,False,3
18,0,0,[2 1 3 5 4],1747.6999999999643,0.5002135596116063,0.49978644038839376,0.9706757347752304,MI,[4 5 3 1 2],-62.50000000000006,10,3419.799999999963,0.0,False,3
18,0,1,[2 1 3 5 4],1747.6999999999643,0.5002135596116063,0.49978644038839376,0.5961377796084447,MI,[4 5 3 1 2],-62.50000000000006,10,3419.799999999963,0.0,False,3
18,0,2,[2 1 3 5 4],1747.6999999999643,0.5002135596116063,0.49978644038839376,0.49509498152869114,SI,[4 5 3 1 2],-62.50000000000006,10,3419.799999999963,0.0,False,3
18,0,3,[2 1 3 5 4],1747.6999999999643,0.5002135596116063,0.49978644038839376,0.27801798431571845,SI,[4 5 3 1 2],-62.50000000000006,10,3419.799999999963,0.0,False,3
18,0,4,[2 1 3 5 4],1747.6999999999643,0.5002135596116063,0.49978644038839376,0.08811232467592267,SI,[4 5 3 1 2],-62.50000000000006,10,3419.799999999963,0.0,False,3
19,0,0,[2 1 3 5 4],1747.6999999999643,0.5002135596116063,0.49978644038839376,0.1058005690331375,SI,[4 5 3 1 2],-62.50000000000006,10,3419.799999999963,0.0,False,3
19,0,1,[2 1 3 5 4],1747.6999999999643,0.5002135596116063,0.49978644038839376,0.8703710466122517,MI,[4 5 3 1 2],-62.50000000000006,10,3419.799999999963,0.0,False,3
19,0,2,[2 1 3 5 4],1747.6999999999643,0.5002135596116063,0.49978644038839376,0.4502168070046988,SI,[4 5 3 1 2],-62.50000000000006,10,3419.799999999963,0.0,False,3
19,0,3,[2 1 3 5 4],1747.6999999999643,0.5002135596116063,0.49978644038839376,0.8415234636052523,MI,[2 4 5 3 1],-44.69999999999999,10,2568.2999999999593,0.0,False,3
19,0,4,[2 1 3 5 4],1747.6999999999643,0.5002135596116063,0.49978644038839376,0.9234380072510903,MI,[4 5 3 1 2],-62.50000000000006,10,3419.799999999963,0.0,False,3
20,0,0,[2 1 3 5 4],1747.6999999999643,0.5002135596116063,0.49978644038839376,0.1766824119051188,SI,[4 5 3 1 2],-62.50000000000006,10,3419.799999999963,0.0,False,3
20,0,1,[2 1 3 5 4],1747.6999999999643,0.5002135596116063,0.49978644038839376,0.5122969074228259,MI,[4 5 3 1 2],-62.50000000000006,10,3419.799999999963,0.0,False,3
20,0,2,[2 1 3 5 4],1747.6999999999643,0.5002135596116063,0.49978644038839376,0.5613432911057256,MI,[4 5 3 1 2],-62.50000000000006,10,3419.799999999963,0.0,False,3
20,0,3,[2 1 3 5 4],1747.6999999999643,0.5002135596116063,0.49978644038839376,0.3296533663650436,SI,[4 5 3 1 2],-62.50000000000006,10,3419.799999999963,0.0,False,3
20,0,4,[2 1 3 5 4],1747.6999999999643,0.5002135596116063,0.49978644038839376,0.8799586398641467,MI,[4 5 3 1 2],-62.50000000000006,10,3419.799999999963,0.0,False,3
21,0,0,[2 1 3 5 4],1747.6999999999643,0.5002135596116063,0.49978644038839376,0.671013315766842,MI,[4 5 3 1 2],-62.50000000000006,10,3419.799999999963,0.0,False,3
21,0,1,[2 1 3 5 4],1747.6999999999643,0.5002135596116063,0.49978644038839376,0.24199608189213417,SI,[4 5 3 1 2],-62.50000000000006,10,3419.799999999963,0.0,False,3
21,0,2,[2 1 3 5 4],1747.6999999999643,0.5002135596116063,0.49978644038839376,0.9356213470081749,MI,[4 5 3 1 2],-62.50000000000006,10,3419.799999999963,0.0,False,3
21,0,3,[2 1 3 5 4],1747.6999999999643,0.5002135596116063,0.49978644038839376,0.8950359076506825,MI,[4 5 3 1 2],-62.50000000000006,10,3419.799999999963,0.0,False,3
21,0,4,[2 1 3 5 4],1747.6999999999643,0.5002135596116063,0.49978644038839376,0.6341468872827813,MI,[2 1 4 5 3],-0.30000000000001137,10,1755.1999999999643,0.0,False,3
22,0,0,[2 1 3 5 4],1747.6999999999643,0.5002135596116063,0.49978644038839376,0.7171397803255293,MI,[4 5 3 1 2],-62.50000000000006,10,3419.799999999963,0.0,False,3
22,0,1,[2 1 3 5 4],1747.6999999999643,0.5002135596116063,0.49978644038839376,0.031212502397535258,SI,[4 5 3 1 2],-62.50000000000006,10,3419.799999999963,0.0,False,3
22,0,2,[2 1 3 5 4],1747.6999999999643,0.5002135596116063,0.49978644038839376,0.39498164988699214,SI,[4 5 3 1 2],-62.50000000000006,10,3419.799999999963,0.0,False,3
22,0,3,[2 1 3 5 4],1747.6999999999643,0.5002135596116063,0.49978644038839376,0.46444364431950114,SI,[4 5 3 1 2],-62.50000000000006,10,3419.799999999963,0.0,False,3
22,0,4,[2 1 3 5 4],1747.6999999999643,0.5002135596116063,0.49978644038839376,0.9815469275064106,MI,[4 5 3 1 2],-62.50000000000006,10,3419.799999999963,0.0,False,3
23,0,0,[2 1 3 5 4],1747.6999999999643,0.5002135596116063,0.49978644038839376,0.9902695278393786,MI,[2 4 5 3 1],-44.69999999999999,10,2568.2999999999593,0.0,False,3
23,0,1,[2 1 3 5 4],1747.6999999999643,0.5002135596116063,0.49978644038839376,0.08941156258133931,SI,[4 5 3 1 2],-62.50000000000006,10,3419.799999999963,0.0,False,3
23,0,2,[2 1 3 5 4],1747.6999999999643,0.5002135596116063,0.49978644038839376,0.21807302530804085,SI,[4 5 3 1 2],-62.50000000000006,10,3419.799999999963,0.0,False,3
23,0,3,[2 1 3 5 4],1747.6999999999643,0.5002135596116063,0.49978644038839376,0.800238691269936,MI,[2 1 4 5 3],-0.30000000000001137,10,1755.1999999999643,0.0,False,3
23,0,4,[2 1 3 5 4],1747.6999999999643,0.5002135596116063,0.49978644038839376,0.6213256379835012,MI,[4 5 3 1 2],-62.50000000000006,10,3419.799999999963,0.0,False,3
24,0,0,[2 1 3 5 4],1747.6999999999643,0.5002135596116063,0.49978644038839376,0.5782646004954151,MI,[4 5 3 1 2],-62.50000000000006,10,3419.799999999963,0.0,False,3
24,0,1,[2 1 3 5 4],1747.6999999999643,0.5002135596116063,0.49978644038839376,0.36235048237412404,SI,[2 4 5 3 1],-44.69999999999999,10,2568.2999999999593,0.0,False,3
24,0,2,[2 1 3 5 4],1747.6999999999643,0.5002135596116063,0.49978644038839376,0.4063674312847082,SI,[4 5 3 1 2],-62.50000000000006,10,3419.799999999963,0.0,False,3
24,0,3,[2 1 3 5 4],1747.6999999999643,0.5002135596116063,0.49978644038839376,0.42719226168964475,SI,[4 5 3 1 2],-62.50000000000006,10,3419.799999999963,0.0,False,3
24,0,4,[2 1 3 5 4],1747.6999999999643,0.5002135596116063,0.49978644038839376,0.628821903684345,MI,[4 5 3 1 2],-62.50000000000006,10,3419.799999999963,0.0,False,3
25,0,0,[2 1 3 5 4],1747.6999999999643,0.5002135596116063,0.49978644038839376,0.07849087115999576,SI,[2 4 5 3 1],-44.69999999999999,10,2568.2999999999593,0.0,False,3
25,0,1,[2 1 3 5 4],1747.6999999999643,0.5002135596116063,0.49978644038839376,0.8117939846495918,MI,[4 5 3 1 2],-62.50000000000006,10,3419.799999999963,0.0,False,3
25,0,2,[2 1 3 5 4],1747.6999999999643,0.5002135596116063,0.49978644038839376,0.8051094513322851,MI,[4 5 3 1 2],-62.50000000000006,10,3419.799999999963,0.0,False,3
25,0,3,[2 1 3 5 4],1747.6999999999643,0.5002135596116063,0.49978644038839376,0.07793237195292946,SI,[4 5 3 1 2],-62.50000000000006,10,3419.799999999963,0.0,False,3
25,0,4,[2 1 3 5 4],1747.6999999999643,0.5002135596116063,0.49978644038839376,0.938739955529388,MI,[4 5 3 1 2],-62.50000000000006,10,3419.799999999963,0.0,False,3
26,0,0,[2 1 3 5 4],1747.6999999999643,0.5002135596116063,0.49978644038839376,0.15769361325189812,SI,[2 4 5 3 1],-44.69999999999999,10,2568.2999999999593,0.0,False,3
26,0,1,[2 1 3 5 4],1747.6999999999643,0.5002135596116063,0.49978644038839376,0.945374203995935,MI,[4 5 3 1 2],-62.50000000000006,10,3419.799999999963,0.0,False,3
26,0,2,[2 1 3 5 4],1747.6999999999643,0.5002135596116063,0.49978644038839376,0.8669251163828648,MI,[4 5 3 1 2],-62.50000000000006,10,3419.799999999963,0.0,False,3
26,0,3,[2 1 3 5 4],1747.6999999999643,0.5002135596116063,0.49978644038839376,0.6030633584317037,MI,[4 5 3 1 2],-62.50000000000006,10,3419.799999999963,0.0,False,3
26,0,4,[2 1 3 5 4],1747.6999999999643,0.5002135596116063,0.49978644038839376,0.36549789569316427,SI,[4 5 3 1 2],-62.50000000000006,10,3419.799999999963,0.0,False,3
27,0,0,[2 1 3 5 4],1747.6999999999643,0.5002135596116063,0.49978644038839376,0.479454862556585,SI,[4 5 3 1 2],-62.50000000000006,10,3419.799999999963,0.0,False,3
27,0,1,[2 1 3 5 4],1747.6999999999643,0.5002135596116063,0.49978644038839376,0.5733184233273064,MI,[4 5 3 1 2],-62.50000000000006,10,3419.799999999963,0.0,False,3
27,0,2,[2 1 3 5 4],1747.6999999999643,0.5002135596116063,0.49978644038839376,0.4814517460388209,SI,[4 5 3 1 2],-62.50000000000006,10,3419.799999999963,0.0,False,3
27,0,3,[2 1 3 5 4],1747.6999999999643,0.5002135596116063,0.49978644038839376,0.8219973255059105,MI,[4 5 3 1 2],-62.50000000000006,10,3419.799999999963,0.0,False,3
27,0,4,[2 1 3 5 4],1747.6999999999643,0.5002135596116063,0.49978644038839376,0.8278948197149631,MI,[4 5 3 1 2],-62.50000000000006,10,3419.799999999963,0.0,False,3
28,0,0,[2 1 3 5 4],1747.6999999999643,0.5002135596116063,0.49978644038839376,0.4393162224337117,SI,[4 5 3 1 2],-62.50000000000006,10,3419.799999999963,0.0,False,3
28,0,1,[2 1 3 5 4],1747.6999999999643,0.5002135596116063,0.49978644038839376,0.22292333523912233,SI,[4 5 3 1 2],-62.50000000000006,10,3419.799999999963,0.0,False,3
28,0,2,[2 1 3 5 4],1747.6999999999643,0.5002135596116063,0.49978644038839376,0.22041781713992137,SI,[4 5 3 1 2],-62.50000000000006,10,3419.799999999963,0.0,False,3
28,0,3,[2 1 3 5 4],1747.6999999999643,0.5002135596116063,0.49978644038839376,0.6391717851852465,MI,[2 4 5 3 1],-44.69999999999999,10,2568.2999999999593,0.0,False,3
28,0,4,[2 1 3 5 4],1747.6999999999643,0.5002135596116063,0.49978644038839376,0.23280315131066143,SI,[4 5 3 1 2],-62.50000000000006,10,3419.799999999963,0.0,False,3
29,0,0,[2 1 3 5 4],1747.6999999999643,0.5002135596116063,0.49978644038839376,0.009088506304141042,SI,[2 4 5 3 1],-44.69999999999999,10,2568.2999999999593,0.0,False,3
29,0,1,[2 1 3 5 4],1747.6999999999643,0.5002135596116063,0.49978644038839376,0.9895533940370003,MI,[4 5 3 1 2],-62.50000000000006,10,3419.799999999963,0.0,False,3
29,0,2,[2 1 3 5 4],1747.6999999999643,0.5002135596116063,0.49978644038839376,0.7059260258306918,MI,[4 5 3 1 2],-62.50000000000006,10,3419.799999999963,0.0,False,3
29,0,3,[2 1 3 5 4],1747.6999999999643,0.5002135596116063,0.49978644038839376,0.858779958631615,MI,[4 5 3 1 2],-62.50000000000006,10,3419.799999999963,0.0,False,3
29,0,4,[2 1 3 5 4],1747.6999999999643,0.5002135596116063,0.49978644038839376,0.3579709438122166,SI,[4 5 3 1 2],-62.50000000000006,10,3419.799999999963,0.0,False,3
30,0,0,[2 1 3 5 4],1747.6999999999643,0.5002135596116063,0.49978644038839376,0.4570145598735852,SI,[4 5 3 1 2],-62.50000000000006,10,3419.799999999963,0.0,False,3
30,0,1,[2 1 3 5 4],1747.6999999999643,0.5002135596116063,0.49978644038839376,0.830071315232188,MI,[2 4 5 3 1],-44.69999999999999,10,2568.2999999999593,0.0,False,3
30,0,2,[2 1 3 5 4],1747.6999999999643,0.5002135596116063,0.49978644038839376,0.37876141038509237,SI,[4 5 3 1 2],-62.50000000000006,10,3419.799999999963,0.0,False,3
30,0,3,[2 1 3 5 4],1747.6999999999643,0.5002135596116063,0.49978644038839376,0.9665892793257779,MI,[4 5 3 1 2],-62.50000000000006,10,3419.799999999963,0.0,False,3
30,0,4,[2 1 3 5 4],1747.6999999999643,0.5002135596116063,0.49978644038839376,0.7044858868512921,MI,[4 5 3 1 2],-62.50000000000006,10,3419.799999999963,0.0,False,3
31,0,0,[2 1 3 5 4],1747.6999999999643,0.5002135596116063,0.49978644038839376,0.4295815118608277,SI,[4 5 3 1 2],-62.50000000000006,10,3419.799999999963,0.0,False,3
31,0,1,[2 1 3 5 4],1747.6999999999643,0.5002135596116063,0.49978644038839376,0.8290626654303257,MI,[2 1 4 5 3],-0.30000000000001137,10,1755.1999999999643,0.0,False,3
31,0,2,[2 1 3 5 4],1747.6999999999643,0.5002135596116063,0.49978644038839376,0.8288707416338265,MI,[4 5 3 1 2],-62.50000000000006,10,3419.799999999963,0.0,False,3
31,0,3,[2 1 3 5 4],1747.6999999999643,0.5002135596116063,0.49978644038839376,0.830399558287276,MI,[2 4 5 3 1],-44.69999999999999,10,2568.2999999999593,0.0,False,3
31,0,4,[2 1 3 5 4],1747.6999999999643,0.5002135596116063,0.49978644038839376,0.26218755511128555,SI,[4 5 3 1 2],-62.50000000000006,10,3419.799999999963,0.0,False,3
32,0,0,[2 1 3 5 4],1747.6999999999643,0.5002135596116063,0.49978644038839376,0.26384732302099634,SI,[2 4 5 3 1],-44.69999999999999,10,2568.2999999999593,0.0,False,3
32,0,1,[2 1 3 5 4],1747.6999999999643,0.5002135596116063,0.49978644038839376,0.1159048658273587,SI,[4 5 3 1 2],-62.50000000000006,10,3419.799999999963,0.0,False,3
32,0,2,[2 1 3 5 4],1747.6999999999643,0.5002135596116063,0.49978644038839376,0.4263773219978534,SI,[4 5 3 1 2],-62.50000000000006,10,3419.799999999963,0.0,False,3
32,0,3,[2 1 3 5 4],1747.6999999999643,0.5002135596116063,0.49978644038839376,0.5595608262325975,MI,[4 5 3 1 2],-62.50000000000006,10,3419.799999999963,0.0,False,3
32,0,4,[2 1 3 5 4],1747.6999999999643,0.5002135596116063,0.49978644038839376,0.2640398615169576,SI,[4 5 3 1 2],-62.50000000000006,10,3419.799999999963,0.0,False,3
33,0,0,[2 1 3 5 4],1747.6999999999643,0.5002135596116063,0.49978644038839376,0.97261827049324,MI,[2 4 5 3 1],-44.69999999999999,10,2568.2999999999593,0.0,False,3
33,0,1,[2 1 3 5 4],1747.6999999999643,0.5002135596116063,0.49978644038839376,0.5357846514402089,MI,[4 5 3 1 2],-62.50000000000006,10,3419.799999999963,0.0,False,3
33,0,2,[2 1 3 5 4],1747.6999999999643,0.5002135596116063,0.49978644038839376,0.9668066896982387,MI,[2 4 5 3 1],-44.69999999999999,10,2568.2999999999593,0.0,False,3
33,0,3,[2 1 3 5 4],1747.6999999999643,0.5002135596116063,0.49978644038839376,0.4048314408807768,SI,[2 1 4 5 3],-0.30000000000001137,10,1755.1999999999643,0.0,False,3
33,0,4,[2 1 3 5 4],1747.6999999999643,0.5002135596116063,0.49978644038839376,0.6176217422280654,MI,[2 4 5 3 1],-44.69999999999999,10,2568.2999999999593,0.0,False,3
34,0,0,[2 1 3 5 4],1747.6999999999643,0.5002135596116063,0.49978644038839376,0.9289338956792206,MI,[4 5 3 1 2],-62.50000000000006,10,3419.799999999963,0.0,False,3
34,0,1,[2 1 3 5 4],1747.6999999999643,0.5002135596116063,0.49978644038839376,0.8263113667364255,MI,[4 5 3 1 2],-62.50000000000006,10,3419.799999999963,0.0,False,3
34,0,2,[2 1 3 5 4],1747.6999999999643,0.5002135596116063,0.49978644038839376,0.9150727511449009,MI,[4 5 3 1 2],-62.50000000000006,10,3419.799999999963,0.0,False,3
34,0,3,[2 1 3 5 4],1747.6999999999643,0.5002135596116063,0.49978644038839376,0.19783651552229975,SI,[4 5 3 1 2],-62.50000000000006,10,3419.799999999963,0.0,False,3
34,0,4,[2 1 3 5 4],1747.6999999999643,0.5002135596116063,0.49978644038839376,0.6776249658974123,MI,[2 4 5 3 1],-44.69999999999999,10,2568.2999999999593,0.0,False,3
35,0,0,[2 1 3 5 4],1747.6999999999643,0.5002135596116063,0.49978644038839376,0.5175325477108983,MI,[2 4 5 3 1],-44.69999999999999,10,2568.2999999999593,0.0,False,3
35,0,1,[2 1 3 5 4],1747.6999999999643,0.5002135596116063,0.49978644038839376,0.947121592353807,MI,[4 5 3 1 2],-62.50000000000006,10,3419.799999999963,0.0,False,3
35,0,2,[2 1 3 5 4],1747.6999999999643,0.5002135596116063,0.49978644038839376,0.9152372267533869,MI,[4 5 3 1 2],-62.50000000000006,10,3419.799999999963,0.0,False,3
35,0,3,[2 1 3 5 4],1747.6999999999643,0.5002135596116063,0.49978644038839376,0.02600538825569554,SI,[2 1 4 5 3],-0.30000000000001137,10,1755.1999999999643,0.0,False,3
35,0,4,[2 1 3 5 4],1747.6999999999643,0.5002135596116063,0.49978644038839376,0.7027924648537164,MI,[2 4 5 3 1],-44.69999999999999,10,2568.2999999999593,0.0,False,3
36,0,0,[2 1 3 5 4],1747.6999999999643,0.5002135596116063,0.49978644038839376,0.9675168257747013,MI,[4 5 3 1 2],-62.50000000000006,10,3419.799999999963,0.0,False,3
36,0,1,[2 1 3 5 4],1747.6999999999643,0.5002135596116063,0.49978644038839376,0.9187417962246622,MI,[4 5 3 1 2],-62.50000000000006,10,3419.799999999963,0.0,False,3
36,0,2,[2 1 3 5 4],1747.6999999999643,0.5002135596116063,0.49978644038839376,0.6086017863669395,MI,[4 5 3 1 2],-62.50000000000006,10,3419.799999999963,0.0,False,3
36,0,3,[2 1 3 5 4],1747.6999999999643,0.5002135596116063,0.49978644038839376,0.4910133246482479,SI,[4 5 3 1 2],-62.50000000000006,10,3419.799999999963,0.0,False,3
36,0,4,[2 1 3 5 4],1747.6999999999643,0.5002135596116063,0.49978644038839376,0.5810613042314491,MI,[2 4 5 3 1],-44.69999999999999,10,2568.2999999999593,0.0,False,3
37,0,0,[2 1 3 5 4],1747.6999999999643,0.5002135596116063,0.49978644038839376,0.6689946262963118,MI,[4 5 3 1 2],-62.50000000000006,10,3419.799999999963,0.0,False,3
37,0,1,[2 1 3 5 4],1747.6999999999643,0.5002135596116063,0.49978644038839376,0.23925174298513008,SI,[4 5 3 1 2],-62.50000000000006,10,3419.799999999963,0.0,False,3
37,0,2,[2 1 3 5 4],1747.6999999999643,0.5002135596116063,0.49978644038839376,0.528443672394789,MI,[4 5 3 1 2],-62.50000000000006,10,3419.799999999963,0.0,False,3
37,0,3,[2 1 3 5 4],1747.6999999999643,0.5002135596116063,0.49978644038839376,0.19762020853662532,SI,[4 5 3 1 2],-62.50000000000006,10,3419.799999999963,0.0,False,3
37,0,4,[2 1 3 5 4],1747.6999999999643,0.5002135596116063,0.49978644038839376,0.3713107314894508,SI,[4 5 3 1 2],-62.50000000000006,10,3419.799999999963,0.0,False,3
38,0,0,[2 1 3 5 4],1747.6999999999643,0.5002135596116063,0.49978644038839376,0.5992625060682747,MI,[2 4 5 3 1],-44.69999999999999,10,2568.2999999999593,0.0,False,3
38,0,1,[2 1 3 5 4],1747.6999999999643,0.5002135596116063,0.49978644038839376,0.44720673102154385,SI,[4 5 3 1 2],-62.50000000000006,10,3419.799999999963,0.0,False,3
38,0,2,[2 1 3 5 4],1747.6999999999643,0.5002135596116063,0.49978644038839376,0.006059121732669315,SI,[2 4 5 3 1],-44.69999999999999,10,2568.2999999999593,0.0,False,3
38,0,3,[2 1 3 5 4],1747.6999999999643,0.5002135596116063,0.49978644038839376,0.7348600222986506,MI,[4 5 3 1 2],-62.50000000000006,10,3419.799999999963,0.0,False,3
38,0,4,[2 1 3 5 4],1747.6999999999643,0.5002135596116063,0.49978644038839376,0.5428270215781202,MI,[2 4 5 3 1],-44.69999999999999,10,2568.2999999999593,0.0,False,3
39,0,0,[2 1 3 5 4],1747.6999999999643,0.5002135596116063,0.49978644038839376,0.30431805934635203,SI,[4 5 3 1 2],-62.50000000000006,10,3419.799999999963,0.0,False,3
39,0,1,[2 1 3 5 4],1747.6999999999643,0.5002135596116063,0.49978644038839376,0.7871121189120864,MI,[2 4 5 3 1],-44.69999999999999,10,2568.2999999999593,0.0,False,3
39,0,2,[2 1 3 5 4],1747.6999999999643,0.5002135596116063,0.49978644038839376,0.5518748336815956,MI,[4 5 3 1 2],-62.50000000000006,10,3419.799999999963,0.0,False,3
39,0,3,[2 1 3 5 4],1747.6999999999643,0.5002135596116063,0.49978644038839376,0.9410735050237902,MI,[2 1 4 5 3],-0.30000000000001137,10,1755.1999999999643,0.0,False,3
39,0,4,[2 1 3 5 4],1747.6999999999643,0.5002135596116063,0.49978644038839376,0.5495622141557701,MI,[2 4 5 3 1],-44.69999999999999,10,2568.2999999999593,0.0,False,3
40,0,0,[2 1 3 5 4],1747.6999999999643,0.5002135596116063,0.49978644038839376,0.36854766625664725,SI,[2 4 5 3 1],-44.69999999999999,10,2568.2999999999593,0.0,False,3
40,0,1,[2 1 3 5 4],1747.6999999999643,0.5002135596116063,0.49978644038839376,0.0958559011676613,SI,[4 5 3 1 2],-62.50000000000006,10,3419.799999999963,0.0,False,3
40,0,2,[2 1 3 5 4],1747.6999999999643,0.5002135596116063,0.49978644038839376,0.7652159843572546,MI,[4 5 3 1 2],-62.50000000000006,10,3419.799999999963,0.0,False,3
40,0,3,[2 1 3 5 4],1747.6999999999643,0.5002135596116063,0.49978644038839376,0.6097212688999668,MI,[4 5 3 1 2],-62.50000000000006,10,3419.799999999963,0.0,False,3
40,0,4,[2 1 3 5 4],1747.6999999999643,0.5002135596116063,0.49978644038839376,0.6065740142041416,MI,[4 5 3 1 2],-62.50000000000006,10,3419.799999999963,0.0,False,3
41,0,0,[2 1 3 5 4],1747.6999999999643,0.5002135596116063,0.49978644038839376,0.7664121301476933,MI,[2 1 4 5 3],-0.30000000000001137,10,1755.1999999999643,0.0,False,3
41,0,1,[2 1 3 5 4],1747.6999999999643,0.5002135596116063,0.49978644038839376,0.11554811141256816,SI,[4 5 3 1 2],-62.50000000000006,10,3419.799999999963,0.0,False,3
41,0,2,[2 1 3 5 4],1747.6999999999643,0.5002135596116063,0.49978644038839376,0.28495559085927635,SI,[1 2 3 5 4],0.5999999999999659,10,1822.8999999999614,0.0,False,3
41,0,3,[2 1 3 5 4],1747.6999999999643,0.5002135596116063,0.49978644038839376,0.26316173568433976,SI,[4 5 3 1 2],-62.50000000000006,10,3419.799999999963,0.0,False,3
41,0,4,[2 1 3 5 4],1747.6999999999643,0.5002135596116063,0.49978644038839376,0.7370062155245909,MI,[2 4 5 3 1],-44.69999999999999,10,2568.2999999999593,0.0,False,3
42,0,0,[2 1 3 5 4],1747.6999999999643,0.5002135596116063,0.49978644038839376,0.38122614251184395,SI,[4 5 3 1 2],-62.50000000000006,10,3419.799999999963,0.0,False,3
42,0,1,[2 1 3 5 4],1747.6999999999643,0.5002135596116063,0.49978644038839376,0.9890063214630276,MI,[2 4 5 3 1],-44.69999999999999,10,2568.2999999999593,0.0,False,3
42,0,2,[2 1 3 5 4],1747.6999999999643,0.5002135596116063,0.49978644038839376,0.19462302944623033,SI,[4 5 3 1 2],-62.50000000000006,10,3419.799999999963,0.0,False,3
42,0,3,[2 1 3 5 4],1747.6999999999643,0.5002135596116063,0.49978644038839376,0.4654199680484786,SI,[4 5 3 1 2],-62.50000000000006,10,3419.799999999963,0.0,False,3
42,0,4,[2 1 3 5 4],1747.6999999999643,0.5002135596116063,0.49978644038839376,0.579649796350009,MI,[4 5 3 1 2],-62.50000000000006,10,3419.799999999963,0.0,False,3
43,0,0,[2 1 3 5 4],1747.6999999999643,0.5002135596116063,0.49978644038839376,0.5768367999478228,MI,[4 5 3 1 2],-62.50000000000006,10,3419.799999999963,0.0,False,3
43,0,1,[2 1 3 5 4],1747.6999999999643,0.5002135596116063,0.49978644038839376,0.4030216071803856,SI,[4 5 3 1 2],-62.50000000000006,10,3419.799999999963,0.0,False,3
43,0,2,[2 1 3 5 4],1747.6999999999643,0.5002135596116063,0.49978644038839376,0.10970725853948227,SI,[4 5 3 1 2],-62.50000000000006,10,3419.799999999963,0.0,False,3
43,0,3,[2 1 3 5 4],1747.6999999999643,0.5002135596116063,0.49978644038839376,0.2959529903239555,SI,[4 5 3 1 2],-62.50000000000006,10,3419.799999999963,0.0,False,3
43,0,4,[2 1 3 5 4],1747.6999999999643,0.5002135596116063,0.49978644038839376,0.32774708087153714,SI,[4 5 3 1 2],-62.50000000000006,10,3419.799999999963,0.0,False,3
44,0,0,[2 1 3 5 4],1747.6999999999643,0.5002135596116063,0.49978644038839376,0.8059441570978455,MI,[4 5 3 1 2],-62.50000000000006,10,3419.799999999963,0.0,False,3
44,0,1,[2 1 3 5 4],1747.6999999999643,0.5002135596116063,0.49978644038839376,0.8036326217878529,MI,[2 1 4 5 3],-0.30000000000001137,10,1755.1999999999643,0.0,False,3
44,0,2,[2 1 3 5 4],1747.6999999999643,0.5002135596116063,0.49978644038839376,0.5112656997005887,MI,[4 5 3 1 2],-62.50000000000006,10,3419.799999999963,0.0,False,3
44,0,3,[2 1 3 5 4],1747.6999999999643,0.5002135596116063,0.49978644038839376,0.487799004912878,SI,[4 5 3 1 2],-62.50000000000006,10,3419.799999999963,0.0,False,3
44,0,4,[2 1 3 5 4],1747.6999999999643,0.5002135596116063,0.49978644038839376,0.6687322156763881,MI,[4 5 3 1 2],-62.50000000000006,10,3419.799999999963,0.0,False,3
45,0,0,[2 1 3 5 4],1747.6999999999643,0.5002135596116063,0.49978644038839376,0.7244005086384684,MI,[4 5 3 1 2],-62.50000000000006,10,3419.799999999963,0.0,False,3
45,0,1,[2 1 3 5 4],1747.6999999999643,0.5002135596116063,0.49978644038839376,0.3065001018405058,SI,[4 5 3 1 2],-62.50000000000006,10,3419.799999999963,0.0,False,3
45,0,2,[2 1 3 5 4],1747.6999999999643,0.5002135596116063,0.49978644038839376,0.18468368034456173,SI,[4 5 3 1 2],-62.50000000000006,10,3419.799999999963,0.0,False,3
45,0,3,[2 1 3 5 4],1747.6999999999643,0.5002135596116063,0.49978644038839376,0.02253230040712939,SI,[4 5 3 1 2],-62.50000000000006,10,3419.799999999963,0.0,False,3
45,0,4,[2 1 3 5 4],1747.6999999999643,0.5002135596116063,0.49978644038839376,0.611373202157566,MI,[4 5 3 1 2],-62.50000000000006,10,3419.799999999963,0.0,False,3
46,0,0,[2 1 3 5 4],1747.6999999999643,0.5002135596116063,0.49978644038839376,0.7116763074460283,MI,[4 5 3 1 2],-62.50000000000006,10,3419.799999999963,0.0,False,3
46,0,1,[2 1 3 5 4],1747.6999999999643,0.5002135596116063,0.49978644038839376,0.6977828549819076,MI,[4 5 3 1 2],-62.50000000000006,10,3419.799999999963,0.0,False,3
46,0,2,[2 1 3 5 4],1747.6999999999643,0.5002135596116063,0.49978644038839376,0.04882408862719656,SI,[2 4 5 3 1],-44.69999999999999,10,2568.2999999999593,0.0,False,3
46,0,3,[2 1 3 5 4],1747.6999999999643,0.5002135596116063,0.49978644038839376,0.452550829718809,SI,[4 5 3 1 2],-62.50000000000006,10,3419.799999999963,0.0,False,3
46,0,4,[2 1 3 5 4],1747.6999999999643,0.5002135596116063,0.49978644038839376,0.9442376751722925,MI,[2 1 4 5 3],-0.30000000000001137,10,1755.1999999999643,0.0,False,3
47,0,0,[2 1 3 5 4],1747.6999999999643,0.5002135596116063,0.49978644038839376,0.6736444338982216,MI,[2 4 5 3 1],-44.69999999999999,10,2568.2999999999593,0.0,False,3
47,0,1,[2 1 3 5 4],1747.6999999999643,0.5002135596116063,0.49978644038839376,0.9357554323334539,MI,[4 5 3 1 2],-62.50000000000006,10,3419.799999999963,0.0,False,3
47,0,2,[2 1 3 5 4],1747.6999999999643,0.5002135596116063,0.49978644038839376,0.42388321161196907,SI,[4 5 3 1 2],-62.50000000000006,10,3419.799999999963,0.0,False,3
47,0,3,[2 1 3 5 4],1747.6999999999643,0.5002135596116063,0.49978644038839376,0.610120035750553,MI,[4 5 3 1 2],-62.50000000000006,10,3419.799999999963,0.0,False,3
47,0,4,[2 1 3 5 4],1747.6999999999643,0.5002135596116063,0.49978644038839376,0.224701378175438,SI,[4 5 3 1 2],-62.50000000000006,10,3419.799999999963,0.0,False,3
48,0,0,[2 1 3 5 4],1747.6999999999643,0.5002135596116063,0.49978644038839376,0.9804507896109887,MI,[4 5 3 1 2],-62.50000000000006,10,3419.799999999963,0.0,False,3
48,0,1,[2 1 3 5 4],1747.6999999999643,0.5002135596116063,0.49978644038839376,0.05718304055812562,SI,[4 5 3 1 2],-62.50000000000006,10,3419.799999999963,0.0,False,3
48,0,2,[2 1 3 5 4],1747.6999999999643,0.5002135596116063,0.49978644038839376,0.6040237035551368,MI,[2 4 5 3 1],-44.69999999999999,10,2568.2999999999593,0.0,False,3
48,0,3,[2 1 3 5 4],1747.6999999999643,0.5002135596116063,0.49978644038839376,0.018404834404113224,SI,[4 5 3 1 2],-62.50000000000006,10,3419.799999999963,0.0,False,3
48,0,4,[2 1 3 5 4],1747.6999999999643,0.5002135596116063,0.49978644038839376,0.3573107471172824,SI,[2 4 5 3 1],-44.69999999999999,10,2568.2999999999593,0.0,False,3
49,0,0,[2 1 3 5 4],1747.6999999999643,0.5002135596116063,0.49978644038839376,0.9208873894537185,MI,[4 5 3 1 2],-62.50000000000006,10,3419.799999999963,0.0,False,3
49,0,1,[2 1 3 5 4],1747.6999999999643,0.5002135596116063,0.49978644038839376,0.8617555856448063,MI,[2 1 4 5 3],-0.30000000000001137,10,1755.1999999999643,0.0,False,3
49,0,2,[2 1 3 5 4],1747.6999999999643,0.5002135596116063,0.49978644038839376,0.6268391430775421,MI,[4 5 3 1 2],-62.50000000000006,10,3419.799999999963,0.0,False,3
49,0,3,[2 1 3 5 4],1747.6999999999643,0.5002135596116063,0.49978644038839376,0.23457697910209774,SI,[4 5 3 1 2],-62.50000000000006,10,3419.799999999963,0.0,False,3
49,0,4,[2 1 3 5 4],1747.6999999999643,0.5002135596116063,0.49978644038839376,0.9299330900672357,MI,[2 4 5 3 1],-44.69999999999999,10,2568.2999999999593,0.0,False,3
50,0,0,[2 1 3 5 4],1747.6999999999643,0.5002135596116063,0.49978644038839376,0.987248093222464,MI,[4 5 3 1 2],-62.50000000000006,10,3419.799999999963,0.0,False,3
50,0,1,[2 1 3 5 4],1747.6999999999643,0.5002135596116063,0.49978644038839376,0.31283137159401186,SI,[4 5 3 1 2],-62.50000000000006,10,3419.799999999963,0.0,False,3
50,0,2,[2 1 3 5 4],1747.6999999999643,0.5002135596116063,0.49978644038839376,0.4760233140483645,SI,[4 5 3 1 2],-62.50000000000006,10,3419.799999999963,0.0,False,3
50,0,3,[2 1 3 5 4],1747.6999999999643,0.5002135596116063,0.49978644038839376,0.7700546347089259,MI,[2 4 5 3 1],-44.69999999999999,10,2568.2999999999593,0.0,False,3
50,0,4,[2 1 3 5 4],1747.6999999999643,0.5002135596116063,0.49978644038839376,0.8935332908496089,MI,[4 5 3 1 2],-62.50000000000006,10,3419.799999999963,0.0,False,3
51,0,0,[2 1 3 5 4],1747.6999999999643,0.5002135596116063,0.49978644038839376,0.730273340476628,MI,[2 4 5 3 1],-44.69999999999999,10,2568.2999999999593,0.0,False,3
51,0,1,[2 1 3 5 4],1747.6999999999643,0.5002135596116063,0.49978644038839376,0.9327883066927446,MI,[4 5 3 1 2],-62.50000000000006,10,3419.799999999963,0.0,False,3
51,0,2,[2 1 3 5 4],1747.6999999999643,0.5002135596116063,0.49978644038839376,0.3896769783840994,SI,[4 5 3 1 2],-62.50000000000006,10,3419.799999999963,0.0,False,3
51,0,3,[2 1 3 5 4],1747.6999999999643,0.5002135596116063,0.49978644038839376,0.24750175097211158,SI,[2 1 4 5 3],-0.30000000000001137,10,1755.1999999999643,0.0,False,3
51,0,4,[2 1 3 5 4],1747.6999999999643,0.5002135596116063,0.49978644038839376,0.10316900190991796,SI,[4 5 3 1 2],-62.50000000000006,10,3419.799999999963,0.0,False,3
0,15,0,[3 2 1 4 5],3913.6000000000095,0.5,0.5,0.7592045695664718,MI,[3 4 1 2 5],-269.80000000000007,10,3351.000000000022,0.1437551103842974,True,4
0,15,1,[3 4 1 2 5],3351.000000000022,0.5,0.5,0.49462755980204776,SI,[3 1 4 2 5],-48.60000000000002,10,2572.000000000011,0.2324679200238752,True,4
0,15,2,[3 1 4 2 5],2572.000000000011,0.5,0.5,0.14384814078317232,SI,[3 4 1 2 5],48.60000000000002,10,3351.000000000022,0.0,False,4
0,15,3,[3 1 4 2 5],2572.000000000011,0.5,0.5,0.12490403296539876,SI,[4 1 3 2 5],47.09999999999991,10,4091.6000000000167,0.0,False,4
0,15,4,[3 1 4 2 5],2572.000000000011,0.5,0.5,0.13285722680020684,SI,[3 4 1 2 5],48.60000000000002,10,3351.000000000022,0.0,False,4
1,0,0,[3 1 4 2 5],2572.000000000011,0.5042748122018773,0.49572518779812275,0.8730315654318518,MI,[4 1 3 2 5],47.09999999999991,10,4091.6000000000167,0.0,False,4
1,0,1,[3 1 4 2 5],2572.000000000011,0.5042748122018773,0.49572518779812275,0.7391181334693216,MI,[4 1 3 2 5],47.09999999999991,10,4091.6000000000167,0.0,False,4
1,0,2,[3 1 4 2 5],2572.000000000011,0.5042748122018773,0.49572518779812275,0.8071904928797022,MI,[4 1 3 2 5],47.09999999999991,10,4091.6000000000167,0.0,False,4
1,0,3,[3 1 4 2 5],2572.000000000011,0.5042748122018773,0.49572518779812275,0.9928619948721086,MI,[4 1 3 2 5],47.09999999999991,10,4091.6000000000167,0.0,False,4
1,0,4,[3 1 4 2 5],2572.000000000011,0.5042748122018773,0.49572518779812275,0.2522801774036536,SI,[3 4 1 2 5],48.60000000000002,10,3351.000000000022,0.0,False,4
2,0,0,[3 1 4 2 5],2572.000000000011,0.5042748122018773,0.49572518779812275,0.1467322075093419,SI,[4 1 3 2 5],47.09999999999991,10,4091.6000000000167,0.0,False,4
2,0,1,[3 1 4 2 5],2572.000000000011,0.5042748122018773,0.49572518779812275,0.4029103780006106,SI,[3 4 1 2 5],48.60000000000002,10,3351.000000000022,0.0,False,4
2,0,2,[3 1 4 2 5],2572.000000000011,0.5042748122018773,0.49572518779812275,0.24085819864526248,SI,[3 4 1 2 5],48.60000000000002,10,3351.000000000022,0.0,False,4
2,0,3,[3 1 4 2 5],2572.000000000011,0.5042748122018773,0.49572518779812275,0.9582818243407655,MI,[4 1 3 2 5],47.09999999999991,10,4091.6000000000167,0.0,False,4
2,0,4,[3 1 4 2 5],2572.000000000011,0.5042748122018773,0.49572518779812275,0.7259780000692285,MI,[4 1 3 2 5],47.09999999999991,10,4091.6000000000167,0.0,False,4
3,0,0,[3 1 4 2 5],2572.000000000011,0.5042748122018773,0.49572518779812275,0.00625074572271922,SI,[4 1 3 2 5],47.09999999999991,10,4091.6000000000167,0.0,False,4
3,0,1,[3 1 4 2 5],2572.000000000011,0.5042748122018773,0.49572518779812275,0.26959394981643814,SI,[3 4 1 2 5],48.60000000000002,10,3351.000000000022,0.0,False,4
3,0,2,[3 1 4 2 5],2572.000000000011,0.5042748122018773,0.49572518779812275,0.7694417575226976,MI,[4 1 3 2 5],47.09999999999991,10,4091.6000000000167,0.0,False,4
3,0,3,[3 1 4 2 5],2572.000000000011,0.5042748122018773,0.49572518779812275,0.47180827318187046,SI,[3 1 4 5 2],65.59999999999997,10,2767.400000000016,0.0,False,4
3,0,4,[3 1 4 2 5],2572.000000000011,0.5042748122018773,0.49572518779812275,0.34113766138295887,SI,[4 1 3 2 5],47.09999999999991,10,4091.6000000000167,0.0,False,4
4,0,0,[3 1 4 2 5],2572.000000000011,0.5042748122018773,0.49572518779812275,0.9186768526179777,MI,[4 1 3 2 5],47.09999999999991,10,4091.6000000000167,0.0,False,4
4,0,1,[3 1 4 2 5],2572.000000000011,0.5042748122018773,0.49572518779812275,0.047733804140371094,SI,[1 3 4 2 5],112.69999999999999,10,3566.5000000000255,0.0,False,4
4,0,2,[3 1 4 2 5],2572.000000000011,0.5042748122018773,0.49572518779812275,0.6917928756865676,MI,[4 1 3 2 5],47.09999999999991,10,4091.6000000000167,0.0,False,4
4,0,3,[3 1 4 2 5],2572.000000000011,0.5042748122018773,0.49572518779812275,0.4297076045184435,SI,[3 4 1 2 5],48.60000000000002,10,3351.000000000022,0.0,False,4
4,0,4,[3 1 4 2 5],2572.000000000011,0.5042748122018773,0.49572518779812275,0.08826703283370041,SI,[4 1 3 2 5],47.09999999999991,10,4091.6000000000167,0.0,False,4
5,0,0,[3 1 4 2 5],2572.000000000011,0.5042748122018773,0.49572518779812275,0.6010907814595695,MI,[4 1 3 2 5],47.09999999999991,10,4091.6000000000167,0.0,False,4
5,0,1,[3 1 4 2 5],2572.000000000011,0.5042748122018773,0.49572518779812275,0.21144267469136246,SI,[3 1 4 5 2],65.59999999999997,10,2767.400000000016,0.0,False,4
5,0,2,[3 1 4 2 5],2572.000000000011,0.5042748122018773,0.49572518779812275,0.37716185836047456,SI,[3 4 1 2 5],48.60000000000002,10,3351.000000000022,0.0,False,4
5,0,3,[3 1 4 2 5],2572.000000000011,0.5042748122018773,0.49572518779812275,0.21010806128866277,SI,[3 1 4 5 2],65.59999999999997,10,2767.400000000016,0.0,False,4
5,0,4,[3 1 4 2 5],2572.000000000011,0.5042748122018773,0.49572518779812275,0.798541509034782,MI,[4 1 3 2 5],47.09999999999991,10,4091.6000000000167,0.0,False,4
6,0,0,[3 1 4 2 5],2572.000000000011,0.5042748122018773,0.49572518779812275,0.1808076371108539,SI,[4 1 3 2 5],47.09999999999991,10,4091.6000000000167,0.0,False,4
6,0,1,[3 1 4 2 5],2572.000000000011,0.5042748122018773,0.49572518779812275,0.09077514914978801,SI,[4 1 3 2 5],47.09999999999991,10,4091.6000000000167,0.0,False,4
6,0,2,[3 1 4 2 5],2572.000000000011,0.5042748122018773,0.49572518779812275,0.7927175434941965,MI,[4 1 3 2 5],47.09999999999991,10,4091.6000000000167,0.0,False,4
6,0,3,[3 1 4 2 5],2572.000000000011,0.5042748122018773,0.49572518779812275,0.09162383518650052,SI,[1 3 4 2 5],112.69999999999999,10,3566.5000000000255,0.0,False,4
6,0,4,[3 1 4 2 5],2572.000000000011,0.5042748122018773,0.49572518779812275,0.9102486880493343,MI,[4 1 3 2 5],47.09999999999991,10,4091.6000000000167,0.0,False,4
7,0,0,[3 1 4 2 5],2572.000000000011,0.5042748122018773,0.49572518779812275,0.08110372844321967,SI,[4 1 3 2 5],47.09999999999991,10,4091.6000000000167,0.0,False,4
7,0,1,[3 1 4 2 5],2572.000000000011,0.5042748122018773,0.49572518779812275,0.36261971237491264,SI,[4 1 3 2 5],47.09999999999991,10,4091.6000000000167,0.0,False,4
7,0,2,[3 1 4 2 5],2572.000000000011,0.5042748122018773,0.49572518779812275,0.5322172303742957,MI,[4 1 3 2 5],47.09999999999991,10,4091.6000000000167,0.0,False,4
7,0,3,[3 1 4 2 5],2572.000000000011,0.5042748122018773,0.49572518779812275,0.9527964666930405,MI,[4 1 3 2 5],47.09999999999991,10,4091.6000000000167,0.0,False,4
7,0,4,[3 1 4 2 5],2572.000000000011,0.5042748122018773,0.49572518779812275,0.05915266751664228,SI,[1 3 4 2 5],112.69999999999999,10,3566.5000000000255,0.0,False,4
8,0,0,[3 1 4 2 5],2572.000000000011,0.5042748122018773,0.49572518779812275,0.1469917465159869,SI,[3 1 4 5 2],65.59999999999997,10,2767.400000000016,0.0,False,4
8,0,1,[3 1 4 2 5],2572.000000000011,0.5042748122018773,0.49572518779812275,0.36425067884196205,SI,[3 4 1 2 5],48.60000000000002,10,3351.000000000022,0.0,False,4
8,0,2,[3 1 4 2 5],2572.000000000011,0.5042748122018773,0.49572518779812275,0.2822133514183063,SI,[3 4 1 2 5],48.60000000000002,10,3351.000000000022,0.0,False,4
8,0,3,[3 1 4 2 5],2572.000000000011,0.5042748122018773,0.49572518779812275,0.675137844370147,MI,[4 1 3 2 5],47.09999999999991,10,4091.6000000000167,0.0,False,4
8,0,4,[3 1 4 2 5],2572.000000000011,0.5042748122018773,0.49572518779812275,0.3994458873847553,SI,[4 1 3 2 5],47.09999999999991,10,4091.6000000000167,0.0,False,4
9,0,0,[3 1 4 2 5],2572.000000000011,0.5042748122018773,0.49572518779812275,0.9757969224227427,MI,[4 1 3 2 5],47.09999999999991,10,4091.6000000000167,0.0,False,4
9,0,1,[3 1 4 2 5],2572.000000000011,0.5042748122018773,0.49572518779812275,0.8821981904933228,MI,[4 1 3 2 5],47.09999999999991,10,4091.6000000000167,0.0,False,4
9,0,2,[3 1 4 2 5],2572.000000000011,0.5042748122018773,0.49572518779812275,0.4243686152436176,SI,[4 1 3 2 5],47.09999999999991,10,4091.6000000000167,0.0,False,4
9,0,3,[3 1 4 2 5],2572.000000000011,0.5042748122018773,0.49572518779812275,0.25404448901209087,SI,[3 4 1 2 5],48.60000000000002,10,3351.000000000022,0.0,False,4
9,0,4,[3 1 4 2 5],2572.000000000011,0.5042748122018773,0.49572518779812275,0.4149577183910732,SI,[1 3 4 2 5],112.69999999999999,10,3566.5000000000255,0.0,False,4
10,0,0,[3 1 4 2 5],2572.000000000011,0.5042748122018773,0.49572518779812275,0.4918490129129498,SI,[4 1 3 2 5],47.09999999999991,10,4091.6000000000167,0.0,False,4
10,0,1,[3 1 4 2 5],2572.000000000011,0.5042748122018773,0.49572518779812275,0.10906094484181283,SI,[3 4 1 2 5],48.60000000000002,10,3351.000000000022,0.0,False,4
10,0,2,[3 1 4 2 5],2572.000000000011,0.5042748122018773,0.49572518779812275,0.09448446747657557,SI,[3 1 4 5 2],65.59999999999997,10,2767.400000000016,0.0,False,4
10,0,3,[3 1 4 2 5],2572.000000000011,0.5042748122018773,0.49572518779812275,0.013944390604236911,SI,[4 1 3 2 5],47.09999999999991,10,4091.6000000000167,0.0,False,4
10,0,4,[3 1 4 2 5],2572.000000000011,0.5042748122018773,0.49572518779812275,0.6391648330374596,MI,[4 1 3 2 5],47.09999999999991,10,4091.6000000000167,0.0,False,4
11,0,0,[3 1 4 2 5],2572.000000000011,0.5042748122018773,0.49572518779812275,0.7149562497031922,MI,[4 1 3 2 5],47.09999999999991,10,4091.6000000000167,0.0,False,4
11,0,1,[3 1 4 2 5],2572.000000000011,0.5042748122018773,0.49572518779812275,0.2653602661222625,SI,[3 4 1 2 5],48.60000000000002,10,3351.000000000022,0.0,False,4
11,0,2,[3 1 4 2 5],2572.000000000011,0.5042748122018773,0.49572518779812275,0.4054137981677468,SI,[4 1 3 2 5],47.09999999999991,10,4091.6000000000167,0.0,False,4
11,0,3,[3 1 4 2 5],2572.000000000011,0.5042748122018773,0.49572518779812275,0.7669185070071827,MI,[4 1 3 2 5],47.09999999999991,10,4091.6000000000167,0.0,False,4
11,0,4,[3 1 4 2 5],2572.000000000011,0.5042748122018773,0.49572518779812275,0.07124681519876364,SI,[4 1 3 2 5],47.09999999999991,10,4091.6000000000167,0.0,False,4
12,0,0,[3 1 4 2 5],2572.000000000011,0.5042748122018773,0.49572518779812275,0.3004817743301357,SI,[4 1 3 2 5],47.09999999999991,10,4091.6000000000167,0.0,False,4
12,0,1,[3 1 4 2 5],2572.000000000011,0.5042748122018773,0.49572518779812275,0.6876750237387892,MI,[4 1 3 2 5],47.09999999999991,10,4091.6000000000167,0.0,False,4
12,0,2,[3 1 4 2 5],2572.000000000011,0.5042748122018773,0.49572518779812275,0.7316070794024077,MI,[4 1 3 2 5],47.09999999999991,10,4091.6000000000167,0.0,False,4
12,0,3,[3 1 4 2 5],2572.000000000011,0.5042748122018773,0.49572518779812275,0.2362974634883559,SI,[4 1 3 2 5],47.09999999999991,10,4091.6000000000167,0.0,False,4
12,0,4,[3 1 4 2 5],2572.000000000011,0.5042748122018773,0.49572518779812275,0.5190185395570533,MI,[4 1 3 2 5],47.09999999999991,10,4091.6000000000167,0.0,False,4
13,0,0,[3 1 4 2 5],2572.000000000011,0.5042748122018773,0.49572518779812275,0.7719187289272484,MI,[4 1 3 2 5],47.09999999999991,10,4091.6000000000167,0.0,False,4
13,0,1,[3 1 4 2 5],2572.000000000011,0.5042748122018773,0.49572518779812275,0.030410434668615594,SI,[4 1 3 2 5],47.09999999999991,10,4091.6000000000167,0.0,False,4
13,0,2,[3 1 4 2 5],2572.000000000011,0.5042748122018773,0.49572518779812275,0.0817334963498535,SI,[3 4 1 2 5],48.60000000000002,10,3351.000000000022,0.0,False,4
13,0,3,[3 1 4 2 5],2572.000000000011,0.5042748122018773,0.49572518779812275,0.0777333945594354,SI,[5 2 4 1 3],115.9,10,4486.500000000022,0.0,False,4
13,0,4,[3 1 4 2 5],2572.000000000011,0.5042748122018773,0.49572518779812275,0.42848929833250005,SI,[3 4 1 2 5],48.60000000000002,10,3351.000000000022,0.0,False,4
14,0,0,[3 1 4 2 5],2572.000000000011,0.5042748122018773,0.49572518779812275,0.18742792793178809,SI,[3 1 4 5 2],65.59999999999997,10,2767.400000000016,0.0,False,4
14,0,1,[3 1 4 2 5],2572.000000000011,0.5042748122018773,0.49572518779812275,0.4367800327355895,SI,[4 1 3 2 5],47.09999999999991,10,4091.6000000000167,0.0,False,4
14,0,2,[3 1 4 2 5],2572.000000000011,0.5042748122018773,0.49572518779812275,0.5667147681774864,MI,[4 1 3 2 5],47.09999999999991,10,4091.6000000000167,0.0,False,4
14,0,3,[3 1 4 2 5],2572.000000000011,0.5042748122018773,0.49572518779812275,0.6262359927440333,MI,[4 1 3 2 5],47.09999999999991,10,4091.6000000000167,0.0,False,4
14,0,4,[3 1 4 2 5],2572.000000000011,0.5042748122018773,0.49572518779812275,0.42009076440359594,SI,[4 1 3 2 5],47.09999999999991,10,4091.6000000000167,0.0,False,4
15,0,0,[3 1 4 2 5],2572.000000000011,0.5042748122018773,0.49572518779812275,0.8202403168298139,MI,[4 1 3 2 5],47.09999999999991,10,4091.6000000000167,0.0,False,4
15,0,1,[3 1 4 2 5],2572.000000000011,0.5042748122018773,0.49572518779812275,0.3819362336374571,SI,[4 1 3 2 5],47.09999999999991,10,4091.6000000000167,0.0,False,4
15,0,2,[3 1 4 2 5],2572.000000000011,0.5042748122018773,0.49572518779812275,0.03858368812804469,SI,[3 1 4 5 2],65.59999999999997,10,2767.400000000016,0.0,False,4
15,0,3,[3 1 4 2 5],2572.000000000011,0.5042748122018773,0.49572518779812275,0.7772065727114114,MI,[4 1 3 2 5],47.09999999999991,10,4091.6000000000167,0.0,False,4
15,0,4,[3 1 4 2 5],2572.000000000011,0.5042748122018773,0.49572518779812275,0.3562154697628933,SI,[3 4 1 2 5],48.60000000000002,10,3351.000000000022,0.0,False,4
16,0,0,[3 1 4 2 5],2572.000000000011,0.5042748122018773,0.49572518779812275,0.7200965716119112,MI,[4 1 3 2 5],47.09999999999991,10,4091.6000000000167,0.0,False,4
16,0,1,[3 1 4 2 5],2572.000000000011,0.5042748122018773,0.49572518779812275,0.1992158810378798,SI,[3 4 1 2 5],48.60000000000002,10,3351.000000000022,0.0,False,4
16,0,2,[3 1 4 2 5],2572.000000000011,0.5042748122018773,0.49572518779812275,0.2604751223446823,SI,[4 1 3 2 5],47.09999999999991,10,4091.6000000000167,0.0,False,4
16,0,3,[3 1 4 2 5],2572.000000000011,0.5042748122018773,0.49572518779812275,0.204152327058993,SI,[4 1 3 2 5],47.09999999999991,10,4091.6000000000167,0.0,False,4
16,0,4,[3 1 4 2 5],2572.000000000011,0.5042748122018773,0.49572518779812275,0.6263394611922362,MI,[4 1 3 2 5],47.09999999999991,10,4091.6000000000167,0.0,False,4
17,0,0,[3 1 4 2 5],2572.000000000011,0.5042748122018773,0.49572518779812275,0.20988037267926873,SI,[4 1 3 2 5],47.09999999999991,10,4091.6000000000167,0.0,False,4
17,0,1,[3 1 4 2 5],2572.000000000011,0.5042748122018773,0.49572518779812275,0.7706981973158413,MI,[4 1 3 2 5],47.09999999999991,10,4091.6000000000167,0.0,False,4
17,0,2,[3 1 4 2 5],2572.000000000011,0.5042748122018773,0.49572518779812275,0.05439454580988734,SI,[4 1 3 2 5],47.09999999999991,10,4091.6000000000167,0.0,False,4
17,0,3,[3 1 4 2 5],2572.000000000011,0.5042748122018773,0.49572518779812275,0.19687185317274403,SI,[4 1 3 2 5],47.09999999999991,10,4091.6000000000167,0.0,False,4
17,0,4,[3 1 4 2 5],2572.000000000011,0.5042748122018773,0.49572518779812275,0.814178838701833,MI,[4 1 3 2 5],47.09999999999991,10,4091.6000000000167,0.0,False,4
18,0,0,[3 1 4 2 5],2572.000000000011,0.5042748122018773,0.49572518779812275,0.4259398645424729,SI,[4 1 3 2 5],47.09999999999991,10,4091.6000000000167,0.0,False,4
18,0,1,[3 1 4 2 5],2572.000000000011,0.5042748122018773,0.49572518779812275,0.05111991914637848,SI,[3 4 1 2 5],48.60000000000002,10,3351.000000000022,0.0,False,4
18,0,2,[3 1 4 2 5],2572.000000000011,0.5042748122018773,0.49572518779812275,0.573310718472735,MI,[4 1 3 2 5],47.09999999999991,10,4091.6000000000167,0.0,False,4
18,0,3,[3 1 4 2 5],2572.000000000011,0.5042748122018773,0.49572518779812275,0.7242519036252252,MI,[4 1 3 2 5],47.09999999999991,10,4091.6000000000167,0.0,False,4
18,0,4,[3 1 4 2 5],2572.000000000011,0.5042748122018773,0.49572518779812275,0.4863034728459622,SI,[3 4 1 2 5],48.60000000000002,10,3351.000000000022,0.0,False,4
19,0,0,[3 1 4 2 5],2572.000000000011,0.5042748122018773,0.49572518779812275,0.8507516089934115,MI,[4 1 3 2 5],47.09999999999991,10,4091.6000000000167,0.0,False,4
19,0,1,[3 1 4 2 5],2572.000000000011,0.5042748122018773,0.49572518779812275,0.28980747383284544,SI,[4 1 3 2 5],47.09999999999991,10,4091.6000000000167,0.0,False,4
19,0,2,[3 1 4 2 5],2572.000000000011,0.5042748122018773,0.49572518779812275,0.9243077798232857,MI,[4 1 3 2 5],47.09999999999991,10,4091.6000000000167,0.0,False,4
19,0,3,[3 1 4 2 5],2572.000000000011,0.5042748122018773,0.49572518779812275,0.20577186144944215,SI,[4 1 3 2 5],47.09999999999991,10,4091.6000000000167,0.0,False,4
19,0,4,[3 1 4 2 5],2572.000000000011,0.5042748122018773,0.49572518779812275,0.9540395337719887,MI,[4 1 3 2 5],47.09999999999991,10,4091.6000000000167,0.0,False,4
20,0,0,[3 1 4 2 5],2572.000000000011,0.5042748122018773,0.49572518779812275,0.10222214594837775,SI,[3 4 1 2 5],48.60000000000002,10,3351.000000000022,0.0,False,4
20,0,1,[3 1 4 2 5],2572.000000000011,0.5042748122018773,0.49572518779812275,0.5754471834058644,MI,[3 2 4 1 5],318.3999999999999,10,4421.3000000000175,0.0,False,4
20,0,2,[3 1 4 2 5],2572.000000000011,0.5042748122018773,0.49572518779812275,0.4295512853863853,SI,[4 1 3 2 5],47.09999999999991,10,4091.6000000000167,0.0,False,4
20,0,3,[3 1 4 2 5],2572.000000000011,0.5042748122018773,0.49572518779812275,0.40568697724418057,SI,[4 1 3 2 5],47.09999999999991,10,4091.6000000000167,0.0,False,4
20,0,4,[3 1 4 2 5],2572.000000000011,0.5042748122018773,0.49572518779812275,0.34264452563161607,SI,[1 3 4 2 5],112.69999999999999,10,3566.5000000000255,0.0,False,4
21,0,0,[3 1 4 2 5],2572.000000000011,0.5042748122018773,0.49572518779812275,0.7261920561273215,MI,[4 1 3 2 5],47.09999999999991,10,4091.6000000000167,0.0,False,4
21,0,1,[3 1 4 2 5],2572.000000000011,0.5042748122018773,0.49572518779812275,0.4247502163042398,SI,[4 1 3 2 5],47.09999999999991,10,4091.6000000000167,0.0,False,4
21,0,2,[3 1 4 2 5],2572.000000000011,0.5042748122018773,0.49572518779812275,0.49659364348535073,SI,[4 1 3 2 5],47.09999999999991,10,4091.6000000000167,0.0,False,4
21,0,3,[3 1 4 2 5],2572.000000000011,0.5042748122018773,0.49572518779812275,0.9373752388625776,MI,[4 1 3 2 5],47.09999999999991,10,4091.6000000000167,0.0,False,4
21,0,4,[3 1 4 2 5],2572.000000000011,0.5042748122018773,0.49572518779812275,0.40601503778774695,SI,[4 1 3 2 5],47.09999999999991,10,4091.6000000000167,0.0,False,4
22,0,0,[3 1 4 2 5],2572.000000000011,0.5042748122018773,0.49572518779812275,0.5128535961868038,MI,[4 1 3 2 5],47.09999999999991,10,4091.6000000000167,0.0,False,4
22,0,1,[3 1 4 2 5],2572.000000000011,0.5042748122018773,0.49572518779812275,0.1799053558831455,SI,[3 4 1 2 5],48.60000000000002,10,3351.000000000022,0.0,False,4
22,0,2,[3 1 4 2 5],2572.000000000011,0.5042748122018773,0.49572518779812275,0.13715883701760123,SI,[4 1 3 2 5],47.09999999999991,10,4091.6000000000167,0.0,False,4
22,0,3,[3 1 4 2 5],2572.000000000011,0.5042748122018773,0.49572518779812275,0.4258587533203745,SI,[4 1 3 2 5],47.09999999999991,10,4091.6000000000167,0.0,False,4
22,0,4,[3 1 4 2 5],2572.000000000011,0.5042748122018773,0.49572518779812275,0.3495501999177818,SI,[3 1 4 5 2],65.59999999999997,10,2767.400000000016,0.0,False,4
23,0,0,[3 1 4 2 5],2572.000000000011,0.5042748122018773,0.49572518779812275,0.3540019021891432,SI,[5 2 4 1 3],115.9,10,4486.500000000022,0.0,False,4
23,0,1,[3 1 4 2 5],2572.000000000011,0.5042748122018773,0.49572518779812275,0.16128650517100218,SI,[3 4 1 2 5],48.60000000000002,10,3351.000000000022,0.0,False,4
23,0,2,[3 1 4 2 5],2572.000000000011,0.5042748122018773,0.49572518779812275,0.509873122810057,MI,[4 1 3 2 5],47.09999999999991,10,4091.6000000000167,0.0,False,4
23,0,3,[3 1 4 2 5],2572.000000000011,0.5042748122018773,0.49572518779812275,0.5047934518189698,MI,[4 1 3 2 5],47.09999999999991,10,4091.6000000000167,0.0,False,4
23,0,4,[3 1 4 2 5],2572.000000000011,0.5042748122018773,0.49572518779812275,0.46521999210536136,SI,[4 1 3 2 5],47.09999999999991,10,4091.6000000000167,0.0,False,4
24,0,0,[3 1 4 2 5],2572.000000000011,0.5042748122018773,0.49572518779812275,0.8761826506707321,MI,[4 1 3 2 5],47.09999999999991,10,4091.6000000000167,0.0,False,4
24,0,1,[3 1 4 2 5],2572.000000000011,0.5042748122018773,0.49572518779812275,0.1878597883298394,SI,[4 1 3 2 5],47.09999999999991,10,4091.6000000000167,0.0,False,4
24,0,2,[3 1 4 2 5],2572.000000000011,0.5042748122018773,0.49572518779812275,0.834496839174352,MI,[4 1 3 2 5],47.09999999999991,10,4091.6000000000167,0.0,False,4
24,0,3,[3 1 4 2 5],2572.000000000011,0.5042748122018773,0.49572518779812275,0.40252964757263565,SI,[4 1 3 2 5],47.09999999999991,10,4091.6000000000167,0.0,False,4
24,0,4,[3 1 4 2 5],2572.000000000011,0.5042748122018773,0.49572518779812275,0.9014742050051248,MI,[4 1 3 2 5],47.09999999999991,10,4091.6000000000167,0.0,False,4
25,0,0,[3 1 4 2 5],2572.000000000011,0.5042748122018773,0.49572518779812275,0.25690162496527214,SI,[4 1 3 2 5],47.09999999999991,10,4091.6000000000167,0.0,False,4
25,0,1,[3 1 4 2 5],2572.000000000011,0.5042748122018773,0.49572518779812275,0.3084243714621646,SI,[3 4 1 2 5],48.60000000000002,10,3351.000000000022,0.0,False,4
25,0,2,[3 1 4 2 5],2572.000000000011,0.5042748122018773,0.49572518779812275,0.983390025815131,MI,[4 1 3 2 5],47.09999999999991,10,4091.6000000000167,0.0,False,4
25,0,3,[3 1 4 2 5],2572.000000000011,0.5042748122018773,0.49572518779812275,0.7122608622659786,MI,[4 1 3 2 5],47.09999999999991,10,4091.6000000000167,0.0,False,4
25,0,4,[3 1 4 2 5],2572.000000000011,0.5042748122018773,0.49572518779812275,0.6479822272381205,MI,[4 1 3 2 5],47.09999999999991,10,4091.6000000000167,0.0,False,4
26,0,0,[3 1 4 2 5],2572.000000000011,0.5042748122018773,0.49572518779812275,0.5704629603331024,MI,[5 2 4 1 3],115.9,10,4486.500000000022,0.0,False,4
26,0,1,[3 1 4 2 5],2572.000000000011,0.5042748122018773,0.49572518779812275,0.071010665824768,SI,[3 4 1 2 5],48.60000000000002,10,3351.000000000022,0.0,False,4
26,0,2,[3 1 4 2 5],2572.000000000011,0.5042748122018773,0.49572518779812275,0.24369126610553193,SI,[3 4 1 2 5],48.60000000000002,10,3351.000000000022,0.0,False,4
26,0,3,[3 1 4 2 5],2572.000000000011,0.5042748122018773,0.49572518779812275,0.5565563239333073,MI,[4 1 3 2 5],47.09999999999991,10,4091.6000000000167,0.0,False,4
26,0,4,[3 1 4 2 5],2572.000000000011,0.5042748122018773,0.49572518779812275,0.4725658479261372,SI,[4 1 3 2 5],47.09999999999991,10,4091.6000000000167,0.0,False,4
27,0,0,[3 1 4 2 5],2572.000000000011,0.5042748122018773,0.49572518779812275,0.4686384734818868,SI,[3 4 1 2 5],48.60000000000002,10,3351.000000000022,0.0,False,4
27,0,1,[3 1 4 2 5],2572.000000000011,0.5042748122018773,0.49572518779812275,0.547325879143164,MI,[4 1 3 2 5],47.09999999999991,10,4091.6000000000167,0.0,False,4
27,0,2,[3 1 4 2 5],2572.000000000011,0.5042748122018773,0.49572518779812275,0.29008390198861256,SI,[1 3 4 2 5],112.69999999999999,10,3566.5000000000255,0.0,False,4
27,0,3,[3 1 4 2 5],2572.000000000011,0.5042748122018773,0.49572518779812275,0.10715974664085193,SI,[3 4 1 2 5],48.60000000000002,10,3351.000000000022,0.0,False,4
27,0,4,[3 1 4 2 5],2572.000000000011,0.5042748122018773,0.49572518779812275,0.1691666838071192,SI,[1 3 4 2 5],112.69999999999999,10,3566.5000000000255,0.0,False,4
28,0,0,[3 1 4 2 5],2572.000000000011,0.5042748122018773,0.49572518779812275,0.17999746705668573,SI,[4 1 3 2 5],47.09999999999991,10,4091.6000000000167,0.0,False,4
28,0,1,[3 1 4 2 5],2572.000000000011,0.5042748122018773,0.49572518779812275,0.2946392506689425,SI,[3 4 1 2 5],48.60000000000002,10,3351.000000000022,0.0,False,4
28,0,2,[3 1 4 2 5],2572.000000000011,0.5042748122018773,0.49572518779812275,0.9360084559428302,MI,[4 1 3 2 5],47.09999999999991,10,4091.6000000000167,0.0,False,4
28,0,3,[3 1 4 2 5],2572.000000000011,0.5042748122018773,0.49572518779812275,0.1388118076722189,SI,[3 1 4 5 2],65.59999999999997,10,2767.400000000016,0.0,False,4
28,0,4,[3 1 4 2 5],2572.000000000011,0.5042748122018773,0.49572518779812275,0.1504038653739811,SI,[3 4 1 2 5],48.60000000000002,10,3351.000000000022,0.0,False,4
29,0,0,[3 1 4 2 5],2572.000000000011,0.5042748122018773,0.49572518779812275,0.3166581213871136,SI,[4 1 3 2 5],47.09999999999991,10,4091.6000000000167,0.0,False,4
29,0,1,[3 1 4 2 5],2572.000000000011,0.5042748122018773,0.49572518779812275,0.44528234371589004,SI,[3 4 1 2 5],48.60000000000002,10,3351.000000000022,0.0,False,4
29,0,2,[3 1 4 2 5],2572.000000000011,0.5042748122018773,0.49572518779812275,0.1169926475148656,SI,[3 4 1 2 5],48.60000000000002,10,3351.000000000022,0.0,False,4
29,0,3,[3 1 4 2 5],2572.000000000011,0.5042748122018773,0.49572518779812275,0.3403175615107562,SI,[3 1 4 5 2],65.59999999999997,10,2767.400000000016,0.0,False,4
29,0,4,[3 1 4 2 5],2572.000000000011,0.5042748122018773,0.49572518779812275,0.5915249684355856,MI,[4 1 3 2 5],47.09999999999991,10,4091.6000000000167,0.0,False,4
30,0,0,[3 1 4 2 5],2572.000000000011,0.5042748122018773,0.49572518779812275,0.693057799413325,MI,[4 1 3 2 5],47.09999999999991,10,4091.6000000000167,0.0,False,4
30,0,1,[3 1 4 2 5],2572.000000000011,0.5042748122018773,0.49572518779812275,0.2963448218750304,SI,[3 4 1 2 5],48.60000000000002,10,3351.000000000022,0.0,False,4
30,0,2,[3 1 4 2 5],2572.000000000011,0.5042748122018773,0.49572518779812275,0.16032429807381687,SI,[4 1 3 2 5],47.09999999999991,10,4091.6000000000167,0.0,False,4
30,0,3,[3 1 4 2 5],2572.000000000011,0.5042748122018773,0.49572518779812275,0.39145829229552087,SI,[3 4 1 2 5],48.60000000000002,10,3351.000000000022,0.0,False,4
30,0,4,[3 1 4 2 5],2572.000000000011,0.5042748122018773,0.49572518779812275,0.4777325750090139,SI,[4 1 3 2 5],47.09999999999991,10,4091.6000000000167,0.0,False,4
31,0,0,[3 1 4 2 5],2572.000000000011,0.5042748122018773,0.49572518779812275,0.9530590526759845,MI,[4 1 3 2 5],47.09999999999991,10,4091.6000000000167,0.0,False,4
31,0,1,[3 1 4 2 5],2572.000000000011,0.5042748122018773,0.49572518779812275,0.2282538694040983,SI,[4 1 3 2 5],47.09999999999991,10,4091.6000000000167,0.0,False,4
31,0,2,[3 1 4 2 5],2572.000000000011,0.5042748122018773,0.49572518779812275,0.193268661559303,SI,[4 1 3 2 5],47.09999999999991,10,4091.6000000000167,0.0,False,4
31,0,3,[3 1 4 2 5],2572.000000000011,0.5042748122018773,0.49572518779812275,0.763162625274192,MI,[4 1 3 2 5],47.09999999999991,10,4091.6000000000167,0.0,False,4
31,0,4,[3 1 4 2 5],2572.000000000011,0.5042748122018773,0.49572518779812275,0.5415627079608497,MI,[4 1 3 2 5],47.09999999999991,10,4091.6000000000167,0.0,False,4
32,0,0,[3 1 4 2 5],2572.000000000011,0.5042748122018773,0.49572518779812275,0.16530110709872858,SI,[4 1 3 2 5],47.09999999999991,10,4091.6000000000167,0.0,False,4
32,0,1,[3 1 4 2 5],2572.000000000011,0.5042748122018773,0.49572518779812275,0.2884995662783245,SI,[3 4 1 2 5],48.60000000000002,10,3351.000000000022,0.0,False,4
32,0,2,[3 1 4 2 5],2572.000000000011,0.5042748122018773,0.49572518779812275,0.1996540220547166,SI,[4 1 3 2 5],47.09999999999991,10,4091.6000000000167,0.0,False,4
32,0,3,[3 1 4 2 5],2572.000000000011,0.5042748122018773,0.49572518779812275,0.3941578141199782,SI,[3 4 1 2 5],48.60000000000002,10,3351.000000000022,0.0,False,4
32,0,4,[3 1 4 2 5],2572.000000000011,0.5042748122018773,0.49572518779812275,0.8376017114367633,MI,[4 1 3 2 5],47.09999999999991,10,4091.6000000000167,0.0,False,4
33,0,0,[3 1 4 2 5],2572.000000000011,0.5042748122018773,0.49572518779812275,0.12183230435967496,SI,[1 3 4 2 5],112.69999999999999,10,3566.5000000000255,0.0,False,4
33,0,1,[3 1 4 2 5],2572.000000000011,0.5042748122018773,0.49572518779812275,0.27776403093379853,SI,[4 1 3 2 5],47.09999999999991,10,4091.6000000000167,0.0,False,4
33,0,2,[3 1 4 2 5],2572.000000000011,0.5042748122018773,0.49572518779812275,0.8392481016769544,MI,[4 1 3 2 5],47.09999999999991,10,4091.6000000000167,0.0,False,4
33,0,3,[3 1 4 2 5],2572.000000000011,0.5042748122018773,0.49572518779812275,0.4341031299982908,SI,[3 4 1 2 5],48.60000000000002,10,3351.000000000022,0.0,False,4
33,0,4,[3 1 4 2 5],2572.000000000011,0.5042748122018773,0.49572518779812275,0.09692861131425368,SI,[3 1 4 5 2],65.59999999999997,10,2767.400000000016,0.0,False,4
34,0,0,[3 1 4 2 5],2572.000000000011,0.5042748122018773,0.49572518779812275,0.8333715477124235,MI,[4 1 3 2 5],47.09999999999991,10,4091.6000000000167,0.0,False,4
34,0,1,[3 1 4 2 5],2572.000000000011,0.5042748122018773,0.49572518779812275,0.33992876140464545,SI,[3 4 1 2 5],48.60000000000002,10,3351.000000000022,0.0,False,4
34,0,2,[3 1 4 2 5],2572.000000000011,0.5042748122018773,0.49572518779812275,0.6287884201382918,MI,[4 1 3 2 5],47.09999999999991,10,4091.6000000000167,0.0,False,4
34,0,3,[3 1 4 2 5],2572.000000000011,0.5042748122018773,0.49572518779812275,0.11460798457342536,SI,[4 1 3 2 5],47.09999999999991,10,4091.6000000000167,0.0,False,4
34,0,4,[3 1 4 2 5],2572.000000000011,0.5042748122018773,0.49572518779812275,0.40457025052169293,SI,[4 1 3 2 5],47.09999999999991,10,4091.6000000000167,0.0,False,4
35,0,0,[3 1 4 2 5],2572.000000000011,0.5042748122018773,0.49572518779812275,0.5080788155330077,MI,[4 1 3 2 5],47.09999999999991,10,4091.6000000000167,0.0,False,4
35,0,1,[3 1 4 2 5],2572.000000000011,0.5042748122018773,0.49572518779812275,0.8812685365562439,MI,[4 1 3 2 5],47.09999999999991,10,4091.6000000000167,0.0,False,4
35,0,2,[3 1 4 2 5],2572.000000000011,0.5042748122018773,0.49572518779812275,0.9560082282429057,MI,[4 1 3 2 5],47.09999999999991,10,4091.6000000000167,0.0,False,4
35,0,3,[3 1 4 2 5],2572.000000000011,0.5042748122018773,0.49572518779812275,0.5941336236307536,MI,[4 1 3 2 5],47.09999999999991,10,4091.6000000000167,0.0,False,4
35,0,4,[3 1 4 2 5],2572.000000000011,0.5042748122018773,0.49572518779812275,0.8506883875592445,MI,[4 1 3 2 5],47.09999999999991,10,4091.6000000000167,0.0,False,4
36,0,0,[3 1 4 2 5],2572.000000000011,0.5042748122018773,0.49572518779812275,0.061815597145302936,SI,[1 3 4 2 5],112.69999999999999,10,3566.5000000000255,0.0,False,4
36,0,1,[3 1 4 2 5],2572.000000000011,0.5042748122018773,0.49572518779812275,0.9611129967417195,MI,[4 1 3 2 5],47.09999999999991,10,4091.6000000000167,0.0,False,4
36,0,2,[3 1 4 2 5],2572.000000000011,0.5042748122018773,0.49572518779812275,0.36240630292880316,SI,[4 1 3 2 5],47.09999999999991,10,4091.6000000000167,0.0,False,4
36,0,3,[3 1 4 2 5],2572.000000000011,0.5042748122018773,0.49572518779812275,0.5631739994723147,MI,[4 1 3 2 5],47.09999999999991,10,4091.6000000000167,0.0,False,4
36,0,4,[3 1 4 2 5],2572.000000000011,0.5042748122018773,0.49572518779812275,0.9910786378348301,MI,[4 1 3 2 5],47.09999999999991,10,4091.6000000000167,0.0,False,4
37,0,0,[3 1 4 2 5],2572.000000000011,0.5042748122018773,0.49572518779812275,0.532581406021924,MI,[4 1 3 2 5],47.09999999999991,10,4091.6000000000167,0.0,False,4
37,0,1,[3 1 4 2 5],2572.000000000011,0.5042748122018773,0.49572518779812275,0.3659532731642342,SI,[4 1 3 2 5],47.09999999999991,10,4091.6000000000167,0.0,False,4
37,0,2,[3 1 4 2 5],2572.000000000011,0.5042748122018773,0.49572518779812275,0.17270911690115498,SI,[4 1 3 2 5],47.09999999999991,10,4091.6000000000167,0.0,False,4
37,0,3,[3 1 4 2 5],2572.000000000011,0.5042748122018773,0.49572518779812275,0.7699751981910234,MI,[4 1 3 2 5],47.09999999999991,10,4091.6000000000167,0.0,False,4
37,0,4,[3 1 4 2 5],2572.000000000011,0.5042748122018773,0.49572518779812275,0.344198834142178,SI,[3 1 4 5 2],65.59999999999997,10,2767.400000000016,0.0,False,4
38,0,0,[3 1 4 2 5],2572.000000000011,0.5042748122018773,0.49572518779812275,0.06640349830434267,SI,[4 1 3 2 5],47.09999999999991,10,4091.6000000000167,0.0,False,4
38,0,1,[3 1 4 2 5],2572.000000000011,0.5042748122018773,0.49572518779812275,0.6480141872618123,MI,[4 1 3 2 5],47.09999999999991,10,4091.6000000000167,0.0,False,4
38,0,2,[3 1 4 2 5],2572.000000000011,0.5042748122018773,0.49572518779812275,0.10077420828091233,SI,[4 1 3 2 5],47.09999999999991,10,4091.6000000000167,0.0,False,4
38,0,3,[3 1 4 2 5],2572.000000000011,0.5042748122018773,0.49572518779812275,0.3061396688749193,SI,[1 3 4 2 5],112.69999999999999,10,3566.5000000000255,0.0,False,4
38,0,4,[3 1 4 2 5],2572.000000000011,0.5042748122018773,0.49572518779812275,0.8764576817932427,MI,[4 1 3 2 5],47.09999999999991,10,4091.6000000000167,0.0,False,4
39,0,0,[3 1 4 2 5],2572.000000000011,0.5042748122018773,0.49572518779812275,0.37430339086706776,SI,[4 1 3 2 5],47.09999999999991,10,4091.6000000000167,0.0,False,4
39,0,1,[3 1 4 2 5],2572.000000000011,0.5042748122018773,0.49572518779812275,0.46286738666135074,SI,[3 1 4 5 2],65.59999999999997,10,2767.400000000016,0.0,False,4
39,0,2,[3 1 4 2 5],2572.000000000011,0.5042748122018773,0.49572518779812275,0.08984963529045831,SI,[4 1 3 2 5],47.09999999999991,10,4091.6000000000167,0.0,False,4
39,0,3,[3 1 4 2 5],2572.000000000011,0.5042748122018773,0.49572518779812275,0.5378242546632687,MI,[4 1 3 2 5],47.09999999999991,10,4091.6000000000167,0.0,False,4
39,0,4,[3 1 4 2 5],2572.000000000011,0.5042748122018773,0.49572518779812275,0.11037087098422227,SI,[4 1 3 2 5],47.09999999999991,10,4091.6000000000167,0.0,False,4
40,0,0,[3 1 4 2 5],2572.000000000011,0.5042748122018773,0.49572518779812275,0.043184836286789485,SI,[4 1 3 2 5],47.09999999999991,10,4091.6000000000167,0.0,False,4
40,0,1,[3 1 4 2 5],2572.000000000011,0.5042748122018773,0.49572518779812275,0.391386357533697,SI,[1 3 4 2 5],112.69999999999999,10,3566.5000000000255,0.0,False,4
40,0,2,[3 1 4 2 5],2572.000000000011,0.5042748122018773,0.49572518779812275,0.3947965337515821,SI,[4 1 3 2 5],47.09999999999991,10,4091.6000000000167,0.0,False,4
40,0,3,[3 1 4 2 5],2572.000000000011,0.5042748122018773,0.49572518779812275,0.4092605822170283,SI,[1 3 4 2 5],112.69999999999999,10,3566.5000000000255,0.0,False,4
40,0,4,[3 1 4 2 5],2572.000000000011,0.5042748122018773,0.49572518779812275,0.7602733147060379,MI,[5 2 4 1 3],115.9,10,4486.500000000022,0.0,False,4
41,0,0,[3 1 4 2 5],2572.000000000011,0.5042748122018773,0.49572518779812275,0.0793504601024605,SI,[4 1 3 2 5],47.09999999999991,10,4091.6000000000167,0.0,False,4
41,0,1,[3 1 4 2 5],2572.000000000011,0.5042748122018773,0.49572518779812275,0.9530025482597336,MI,[4 1 3 2 5],47.09999999999991,10,4091.6000000000167,0.0,False,4
41,0,2,[3 1 4 2 5],2572.000000000011,0.5042748122018773,0.49572518779812275,0.2098632986534018,SI,[3 4 1 2 5],48.60000000000002,10,3351.000000000022,0.0,False,4
41,0,3,[3 1 4 2 5],2572.000000000011,0.5042748122018773,0.49572518779812275,0.8045072608512983,MI,[5 2 4 1 3],115.9,10,4486.500000000022,0.0,False,4
41,0,4,[3 1 4 2 5],2572.000000000011,0.5042748122018773,0.49572518779812275,0.19681034199060488,SI,[4 1 3 2 5],47.09999999999991,10,4091.6000000000167,0.0,False,4
42,0,0,[3 1 4 2 5],2572.000000000011,0.5042748122018773,0.49572518779812275,0.3212315455099367,SI,[3 4 1 2 5],48.60000000000002,10,3351.000000000022,0.0,False,4
42,0,1,[3 1 4 2 5],2572.000000000011,0.5042748122018773,0.49572518779812275,0.6421064996045969,MI,[4 1 3 2 5],47.09999999999991,10,4091.6000000000167,0.0,False,4
42,0,2,[3 1 4 2 5],2572.000000000011,0.5042748122018773,0.49572518779812275,0.07700289968912954,SI,[4 1 3 2 5],47.09999999999991,10,4091.6000000000167,0.0,False,4
42,0,3,[3 1 4 2 5],2572.000000000011,0.5042748122018773,0.49572518779812275,0.8459334140878498,MI,[4 1 3 2 5],47.09999999999991,10,4091.6000000000167,0.0,False,4
42,0,4,[3 1 4 2 5],2572.000000000011,0.5042748122018773,0.49572518779812275,0.24534517129447153,SI,[1 3 4 2 5],112.69999999999999,10,3566.5000000000255,0.0,False,4
43,0,0,[3 1 4 2 5],2572.000000000011,0.5042748122018773,0.49572518779812275,0.2829984348156228,SI,[4 1 3 2 5],47.09999999999991,10,4091.6000000000167,0.0,False,4
43,0,1,[3 1 4 2 5],2572.000000000011,0.5042748122018773,0.49572518779812275,0.39796677604562813,SI,[4 1 3 2 5],47.09999999999991,10,4091.6000000000167,0.0,False,4
43,0,2,[3 1 4 2 5],2572.000000000011,0.5042748122018773,0.49572518779812275,0.31886393142200586,SI,[4 1 3 2 5],47.09999999999991,10,4091.6000000000167,0.0,False,4
43,0,3,[3 1 4 2 5],2572.000000000011,0.5042748122018773,0.49572518779812275,0.36457410811166235,SI,[3 1 4 5 2],65.59999999999997,10,2767.400000000016,0.0,False,4
43,0,4,[3 1 4 2 5],2572.000000000011,0.5042748122018773,0.49572518779812275,0.5482397726580471,MI,[4 1 3 2 5],47.09999999999991,10,4091.6000000000167,0.0,False,4
44,0,0,[3 1 4 2 5],2572.000000000011,0.5042748122018773,0.49572518779812275,0.9999387614969197,MI,[4 1 3 2 5],47.09999999999991,10,4091.6000000000167,0.0,False,4
44,0,1,[3 1 4 2 5],2572.000000000011,0.5042748122018773,0.49572518779812275,0.48760525791953735,SI,[1 3 4 2 5],112.69999999999999,10,3566.5000000000255,0.0,False,4
44,0,2,[3 1 4 2 5],2572.000000000011,0.5042748122018773,0.49572518779812275,0.4242653606699107,SI,[4 1 3 2 5],47.09999999999991,10,4091.6000000000167,0.0,False,4
44,0,3,[3 1 4 2 5],2572.000000000011,0.5042748122018773,0.49572518779812275,0.9730910201322412,MI,[4 1 3 2 5],47.09999999999991,10,4091.6000000000167,0.0,False,4
44,0,4,[3 1 4 2 5],2572.000000000011,0.5042748122018773,0.49572518779812275,0.41942702929165776,SI,[4 1 3 2 5],47.09999999999991,10,4091.6000000000167,0.0,False,4
45,0,0,[3 1 4 2 5],2572.000000000011,0.5042748122018773,0.49572518779812275,0.4048723690723469,SI,[1 3 4 2 5],112.69999999999999,10,3566.5000000000255,0.0,False,4
45,0,1,[3 1 4 2 5],2572.000000000011,0.5042748122018773,0.49572518779812275,0.19293002923747427,SI,[4 1 3 2 5],47.09999999999991,10,4091.6000000000167,0.0,False,4
45,0,2,[3 1 4 2 5],2572.000000000011,0.5042748122018773,0.49572518779812275,0.2789435376839349,SI,[4 1 3 2 5],47.09999999999991,10,4091.6000000000167,0.0,False,4
45,0,3,[3 1 4 2 5],2572.000000000011,0.5042748122018773,0.49572518779812275,0.6226263621107628,MI,[4 1 3 2 5],47.09999999999991,10,4091.6000000000167,0.0,False,4
45,0,4,[3 1 4 2 5],2572.000000000011,0.5042748122018773,0.49572518779812275,0.45978823663860124,SI,[4 1 3 2 5],47.09999999999991,10,4091.6000000000167,0.0,False,4
46,0,0,[3 1 4 2 5],2572.000000000011,0.5042748122018773,0.49572518779812275,0.4932010236653893,SI,[3 1 4 5 2],65.59999999999997,10,2767.400000000016,0.0,False,4
46,0,1,[3 1 4 2 5],2572.000000000011,0.5042748122018773,0.49572518779812275,0.43499638947722563,SI,[3 4 1 2 5],48.60000000000002,10,3351.000000000022,0.0,False,4
46,0,2,[3 1 4 2 5],2572.000000000011,0.5042748122018773,0.49572518779812275,0.17229619048152978,SI,[4 1 3 2 5],47.09999999999991,10,4091.6000000000167,0.0,False,4
46,0,3,[3 1 4 2 5],2572.000000000011,0.5042748122018773,0.49572518779812275,0.24140850149797843,SI,[4 1 3 2 5],47.09999999999991,10,4091.6000000000167,0.0,False,4
46,0,4,[3 1 4 2 5],2572.000000000011,0.5042748122018773,0.49572518779812275,0.42593198564243917,SI,[3 4 1 2 5],48.60000000000002,10,3351.000000000022,0.0,False,4
47,0,0,[3 1 4 2 5],2572.000000000011,0.5042748122018773,0.49572518779812275,0.43032601647055224,SI,[4 1 3 2 5],47.09999999999991,10,4091.6000000000167,0.0,False,4
47,0,1,[3 1 4 2 5],2572.000000000011,0.5042748122018773,0.49572518779812275,0.0966358918503174,SI,[3 4 1 2 5],48.60000000000002,10,3351.000000000022,0.0,False,4
47,0,2,[3 1 4 2 5],2572.000000000011,0.5042748122018773,0.49572518779812275,0.02630196851921851,SI,[4 1 3 2 5],47.09999999999991,10,4091.6000000000167,0.0,False,4
47,0,3,[3 1 4 2 5],2572.000000000011,0.5042748122018773,0.49572518779812275,0.06322818352478388,SI,[4 1 3 2 5],47.09999999999991,10,4091.6000000000167,0.0,False,4
47,0,4,[3 1 4 2 5],2572.000000000011,0.5042748122018773,0.49572518779812275,0.8750739619688465,MI,[4 1 3 2 5],47.09999999999991,10,4091.6000000000167,0.0,False,4
48,0,0,[3 1 4 2 5],2572.000000000011,0.5042748122018773,0.49572518779812275,0.12129097277359002,SI,[4 1 3 2 5],47.09999999999991,10,4091.6000000000167,0.0,False,4
48,0,1,[3 1 4 2 5],2572.000000000011,0.5042748122018773,0.49572518779812275,0.10205256801685181,SI,[3 4 1 2 5],48.60000000000002,10,3351.000000000022,0.0,False,4
48,0,2,[3 1 4 2 5],2572.000000000011,0.5042748122018773,0.49572518779812275,0.6901427887545463,MI,[4 1 3 2 5],47.09999999999991,10,4091.6000000000167,0.0,False,4
48,0,3,[3 1 4 2 5],2572.000000000011,0.5042748122018773,0.49572518779812275,0.49452229732350883,SI,[3 4 1 2 5],48.60000000000002,10,3351.000000000022,0.0,False,4
48,0,4,[3 1 4 2 5],2572.000000000011,0.5042748122018773,0.49572518779812275,0.5641560379401592,MI,[4 1 3 2 5],47.09999999999991,10,4091.6000000000167,0.0,False,4
49,0,0,[3 1 4 2 5],2572.000000000011,0.5042748122018773,0.49572518779812275,0.3773100055230102,SI,[4 1 3 2 5],47.09999999999991,10,4091.6000000000167,0.0,False,4
49,0,1,[3 1 4 2 5],2572.000000000011,0.5042748122018773,0.49572518779812275,0.835883901206426,MI,[4 1 3 2 5],47.09999999999991,10,4091.6000000000167,0.0,False,4
49,0,2,[3 1 4 2 5],2572.000000000011,0.5042748122018773,0.49572518779812275,0.23900179021186296,SI,[1 3 4 2 5],112.69999999999999,10,3566.5000000000255,0.0,False,4
49,0,3,[3 1 4 2 5],2572.000000000011,0.5042748122018773,0.49572518779812275,0.8030519298104388,MI,[4 1 3 2 5],47.09999999999991,10,4091.6000000000167,0.0,False,4
49,0,4,[3 1 4 2 5],2572.000000000011,0.5042748122018773,0.49572518779812275,0.9484948291730627,MI,[4 1 3 2 5],47.09999999999991,10,4091.6000000000167,0.0,False,4
50,0,0,[3 1 4 2 5],2572.000000000011,0.5042748122018773,0.49572518779812275,0.8637275797942873,MI,[4 1 3 2 5],47.09999999999991,10,4091.6000000000167,0.0,False,4
50,0,1,[3 1 4 2 5],2572.000000000011,0.5042748122018773,0.49572518779812275,0.035843585087829366,SI,[4 1 3 2 5],47.09999999999991,10,4091.6000000000167,0.0,False,4
50,0,2,[3 1 4 2 5],2572.000000000011,0.5042748122018773,0.49572518779812275,0.009304080659844338,SI,[4 1 3 2 5],47.09999999999991,10,4091.6000000000167,0.0,False,4
50,0,3,[3 1 4 2 5],2572.000000000011,0.5042748122018773,0.49572518779812275,0.037090456826516904,SI,[4 1 3 2 5],47.09999999999991,10,4091.6000000000167,0.0,False,4
50,0,4,[3 1 4 2 5],2572.000000000011,0.5042748122018773,0.49572518779812275,0.7929714696416394,MI,[4 1 3 2 5],47.09999999999991,10,4091.6000000000167,0.0,False,4
0,0,0,[1 3 2 5 4],1507.5999999999804,0.5,0.5,0.12870341080305536,SI,[1 3 4 5 2],52.599999999999994,10,1856.5999999999767,0.0,False,5
0,0,1,[1 3 2 5 4],1507.5999999999804,0.5,0.5,0.14148044564792916,SI,[1 3 2 4 5],-5.800000000000068,10,1365.1999999999716,0.09445476253648885,True,5
0,0,2,[1 3 2 4 5],1365.1999999999716,0.5,0.5,0.4954712735490351,SI,[2 3 1 4 5],-13.899999999999977,10,1394.0000000000218,0.0,False,5
0,0,3,[1 3 2 4 5],1365.1999999999716,0.5,0.5,0.494901500643364,SI,[1 2 3 4 5],-12.899999999999977,10,1371.8999999999287,0.0,False,5
0,0,4,[1 3 2 4 5],1365.1999999999716,0.5,0.5,0.8510531205914943,MI,[2 3 1 4 5],-13.899999999999977,10,1394.0000000000218,0.0,False,5
1,0,0,[1 3 2 4 5],1365.1999999999716,0.5046785470220263,0.4953214529779737,0.7706212526398406,MI,[2 3 1 4 5],-13.899999999999977,10,1394.0000000000218,0.0,False,5
1,0,1,[1 3 2 4 5],1365.1999999999716,0.5046785470220263,0.4953214529779737,0.9325808375302636,MI,[2 3 1 4 5],-13.899999999999977,10,1394.0000000000218,0.0,False,5
1,0,2,[1 3 2 4 5],1365.1999999999716,0.5046785470220263,0.4953214529779737,0.40935836046353735,SI,[2 3 1 4 5],-13.899999999999977,10,1394.0000000000218,0.0,False,5
1,0,3,[1 3 2 4 5],1365.1999999999716,0.5046785470220263,0.4953214529779737,0.006416412035978647,SI,[3 1 2 4 5],-26.80000000000001,10,1423.5,0.0,False,5
1,0,4,[1 3 2 4 5],1365.1999999999716,0.5046785470220263,0.4953214529779737,0.26215657255421165,SI,[2 3 1 4 5],-13.899999999999977,10,1394.0000000000218,0.0,False,5
2,0,0,[2 1 3 4 5],1342.799999999981,0.5046785470220263,0.4953214529779737,0.46905919892181624,SI,[2 3 1 4 5],27.599999999999994,10,1394.0000000000218,0.0,False,5
2,0,1,[2 1 3 4 5],1342.799999999981,0.5046785470220263,0.4953214529779737,0.48108679074784355,SI,[5 4 3 1 2],9.099999999999994,10,2656.499999999949,0.0,False,5
2,0,2,[2 1 3 4 5],1342.799999999981,0.5046785470220263,0.4953214529779737,0.0003005102172402019,SI,[5 4 3 1 2],9.099999999999994,10,2656.499999999949,0.0,False,5
2,0,3,[2 1 3 4 5],1342.799999999981,0.5046785470220263,0.4953214529779737,0.0654263181602871,SI,[5 4 3 1 2],9.099999999999994,10,2656.499999999949,0.0,False,5
2,0,4,[2 1 3 4 5],1342.799999999981,0.5046785470220263,0.4953214529779737,0.2276387760121198,SI,[5 4 3 1 2],9.099999999999994,10,2656.499999999949,0.0,False,5
3,0,0,[2 1 3 4 5],1342.799999999981,0.5046785470220263,0.4953214529779737,0.8609805130163919,MI,[5 4 3 1 2],9.099999999999994,10,2656.499999999949,0.0,False,5
3,0,1,[2 1 3 4 5],1342.799999999981,0.5046785470220263,0.4953214529779737,0.17919883327996422,SI,[5 4 3 1 2],9.099999999999994,10,2656.499999999949,0.0,False,5
3,0,2,[2 1 3 4 5],1342.799999999981,0.5046785470220263,0.4953214529779737,0.432869573218318,SI,[5 4 3 1 2],9.099999999999994,10,2656.499999999949,0.0,False,5
3,0,3,[2 1 3 4 5],1342.799999999981,0.5046785470220263,0.4953214529779737,0.6091576388911333,MI,[3 1 2 4 5],11.5,10,1423.5,0.0,False,5
3,0,4,[2 1 3 4 5],1342.799999999981,0.5046785470220263,0.4953214529779737,0.758059466232523,MI,[5 4 3 1 2],9.099999999999994,10,2656.499999999949,0.0,False,5
4,0,0,[2 1 3 4 5],1342.799999999981,0.5046785470220263,0.4953214529779737,0.7089103625878956,MI,[3 1 2 4 5],11.5,10,1423.5,0.0,False,5
4,0,1,[2 1 3 4 5],1342.799999999981,0.5046785470220263,0.4953214529779737,0.38257248259113397,SI,[2 1 3 5 4],13.300000000000011,10,1465.299999999992,0.0,False,5
4,0,2,[2 1 3 4 5],1342.799999999981,0.5046785470220263,0.4953214529779737,0.16068979358204638,SI,[5 4 3 1 2],9.099999999999994,10,2656.499999999949,0.0,False,5
4,0,3,[2 1 3 4 5],1342.799999999981,0.5046785470220263,0.4953214529779737,0.08378909236203302,SI,[3 1 2 4 5],11.5,10,1423.5,0.0,False,5
4,0,4,[2 1 3 4 5],1342.799999999981,0.5046785470220263,0.4953214529779737,0.07580984482546482,SI,[5 4 3 1 2],9.099999999999994,10,2656.499999999949,0.0,False,5
5,0,0,[2 1 3 4 5],1342.799999999981,0.5046785470220263,0.4953214529779737,0.6026234844477973,MI,[3 1 2 4 5],11.5,10,1423.5,0.0,False,5
5,0,1,[2 1 3 4 5],1342.799999999981,0.5046785470220263,0.4953214529779737,0.4005558541572961,SI,[5 4 3 1 2],9.099999999999994,10,2656.499999999949,0.0,False,5
5,0,2,[2 1 3 4 5],1342.799999999981,0.5046785470220263,0.4953214529779737,0.3252826529945825,SI,[1 2 3 4 5],32.0,10,1371.8999999999287,0.0,False,5
5,0,3,[2 1 3 4 5],1342.799999999981,0.5046785470220263,0.4953214529779737,0.43230737600351876,SI,[1 2 3 4 5],32.0,10,1371.8999999999287,0.0,False,5
5,0,4,[2 1 3 4 5],1342.799999999981,0.5046785470220263,0.4953214529779737,0.7578535127618061,MI,[5 4 3 1 2],9.099999999999994,10,2656.499999999949,0.0,False,5
6,0,0,[2 1 3 4 5],1342.799999999981,0.5046785470220263,0.4953214529779737,0.095150594124923,SI,[5 4 3 1 2],9.099999999999994,10,2656.499999999949,0.0,False,5
6,0,1,[2 1 3 4 5],1342.799999999981,0.5046785470220263,0.4953214529779737,0.45378243273364505,SI,[5 4 3 1 2],9.099999999999994,10,2656.499999999949,0.0,False,5
6,0,2,[2 1 3 4 5],1342.799999999981,0.5046785470220263,0.4953214529779737,0.5381240818695258,MI,[5 4 3 1 2],9.099999999999994,10,2656.499999999949,0.0,False,5
6,0,3,[2 1 3 4 5],1342.799999999981,0.5046785470220263,0.4953214529779737,0.18435414548984008,SI,[3 1 2 4 5],11.5,10,1423.5,0.0,False,5
6,0,4,[2 1 3 4 5],1342.799999999981,0.5046785470220263,0.4953214529779737,0.7320618538828305,MI,[5 4 3 1 2],9.099999999999994,10,2656.499999999949,0.0,False,5
7,0,0,[2 1 3 4 5],1342.799999999981,0.5046785470220263,0.4953214529779737,0.633145453900783,MI,[3 1 2 4 5],11.5,10,1423.5,0.0,False,5
7,0,1,[2 1 3 4 5],1342.799999999981,0.5046785470220263,0.4953214529779737,0.2153596354891537,SI,[3 1 2 4 5],11.5,10,1423.5,0.0,False,5
7,0,2,[2 1 3 4 5],1342.799999999981,0.5046785470220263,0.4953214529779737,0.75641772830211,MI,[3 1 2 4 5],11.5,10,1423.5,0.0,False,5
7,0,3,[2 1 3 4 5],1342.799999999981,0.5046785470220263,0.4953214529779737,0.3699558392691802,SI,[5 4 3 1 2],9.099999999999994,10,2656.499999999949,0.0,False,5
7,0,4,[2 1 3 4 5],1342.799999999981,0.5046785470220263,0.4953214529779737,0.8688099518817839,MI,[5 4 3 1 2],9.099999999999994,10,2656.499999999949,0.0,False,5
8,0,0,[2 1 3 4 5],1342.799999999981,0.5046785470220263,0.4953214529779737,0.30411321856138607,SI,[5 4 3 1 2],9.099999999999994,10,2656.499999999949,0.0,False,5
8,0,1,[2 1 3 4 5],1342.799999999981,0.5046785470220263,0.4953214529779737,0.04430845375229042,SI,[5 4 3 1 2],9.099999999999994,10,2656.499999999949,0.0,False,5
8,0,2,[2 1 3 4 5],1342.799999999981,0.5046785470220263,0.4953214529779737,0.3201565308250859,SI,[5 4 3 1 2],9.099999999999994,10,2656.499999999949,0.0,False,5
8,0,3,[2 1 3 4 5],1342.799999999981,0.5046785470220263,0.4953214529779737,0.36623509738816096,SI,[5 4 3 1 2],9.099999999999994,10,2656.499999999949,0.0,False,5
8,0,4,[2 1 3 4 5],1342.799999999981,0.5046785470220263,0.4953214529779737,0.9308669751629758,MI,[5 4 3 1 2],9.099999999999994,10,2656.499999999949,0.0,False,5
9,0,0,[2 1 3 4 5],1342.799999999981,0.5046785470220263,0.4953214529779737,0.09096482319354604,SI,[5 4 3 1 2],9.099999999999994,10,2656.499999999949,0.0,False,5
9,0,1,[2 1 3 4 5],1342.799999999981,0.5046785470220263,0.4953214529779737,0.024699513434454534,SI,[3 1 2 4 5],11.5,10,1423.5,0.0,False,5
9,0,2,[2 1 3 4 5],1342.799999999981,0.5046785470220263,0.4953214529779737,0.8681849678760518,MI,[3 1 2 4 5],11.5,10,1423.5,0.0,False,5
9,0,3,[2 1 3 4 5],1342.799999999981,0.5046785470220263,0.4953214529779737,0.03732656296110237,SI,[2 3 1 4 5],27.599999999999994,10,1394.0000000000218,0.0,False,5
9,0,4,[2 1 3 4 5],1342.799999999981,0.5046785470220263,0.4953214529779737,0.1256406355121379,SI,[5 4 3 1 2],9.099999999999994,10,2656.499999999949,0.0,False,5
10,0,0,[2 1 3 4 5],1342.799999999981,0.5046785470220263,0.4953214529779737,0.43081229338135674,SI,[5 4 3 1 2],9.099999999999994,10,2656.499999999949,0.0,False,5
10,0,1,[2 1 3 4 5],1342.799999999981,0.5046785470220263,0.4953214529779737,0.6408920089098078,MI,[3 1 2 4 5],11.5,10,1423.5,0.0,False,5
10,0,2,[2 1 3 4 5],1342.799999999981,0.5046785470220263,0.4953214529779737,0.08075496555263495,SI,[5 4 3 1 2],9.099999999999994,10,2656.499999999949,0.0,False,5
10,0,3,[2 1 3 4 5],1342.799999999981,0.5046785470220263,0.4953214529779737,0.09974812330314486,SI,[3 1 2 4 5],11.5,10,1423.5,0.0,False,5
10,0,4,[2 1 3 4 5],1342.799999999981,0.5046785470220263,0.4953214529779737,0.14739176145536448,SI,[2 1 3 5 4],13.300000000000011,10,1465.299999999992,0.0,False,5
11,0,0,[2 1 3 4 5],1342.799999999981,0.5046785470220263,0.4953214529779737,0.055304392481583586,SI,[5 4 3 1 2],9.099999999999994,10,2656.499999999949,0.0,False,5
11,0,1,[2 1 3 4 5],1342.799999999981,0.5046785470220263,0.4953214529779737,0.6129869969262238,MI,[5 4 3 1 2],9.099999999999994,10,2656.499999999949,0.0,False,5
11,0,2,[2 1 3 4 5],1342.799999999981,0.5046785470220263,0.4953214529779737,0.28594888670988927,SI,[3 1 2 4 5],11.5,10,1423.5,0.0,False,5
11,0,3,[2 1 3 4 5],1342.799999999981,0.5046785470220263,0.4953214529779737,0.8050134291531784,MI,[5 4 3 1 2],9.099999999999994,10,2656.499999999949,0.0,False,5
11,0,4,[2 1 3 4 5],1342.799999999981,0.5046785470220263,0.4953214529779737,0.6975462209411988,MI,[5 4 3 1 2],9.099999999999994,10,2656.499999999949,0.0,False,5
12,0,0,[2 1 3 4 5],1342.799999999981,0.5046785470220263,0.4953214529779737,0.19295236387256354,SI,[5 4 3 1 2],9.099999999999994,10,2656.499999999949,0.0,False,5
12,0,1,[2 1 3 4 5],1342.799999999981,0.5046785470220263,0.4953214529779737,0.7158115889432588,MI,[5 4 3 1 2],9.099999999999994,10,2656.499999999949,0.0,False,5
12,0,2,[2 1 3 4 5],1342.799999999981,0.5046785470220263,0.4953214529779737,0.6558856942468162,MI,[5 4 3 1 2],9.099999999999994,10,2656.499999999949,0.0,False,5
12,0,3,[2 1 3 4 5],1342.799999999981,0.5046785470220263,0.4953214529779737,0.3457242384367747,SI,[5 4 3 1 2],9.099999999999994,10,2656.499999999949,0.0,False,5
12,0,4,[2 1 3 4 5],1342.799999999981,0.5046785470220263,0.4953214529779737,0.8935089090349165,MI,[5 4 3 1 2],9.099999999999994,10,2656.499999999949,0.0,False,5
13,0,0,[2 1 3 4 5],1342.799999999981,0.5046785470220263,0.4953214529779737,0.729992127254581,MI,[5 4 3 1 2],9.099999999999994,10,2656.499999999949,0.0,False,5
13,0,1,[2 1 3 4 5],1342.799999999981,0.5046785470220263,0.4953214529779737,0.8433608249050754,MI,[3 1 2 4 5],11.5,10,1423.5,0.0,False,5
13,0,2,[2 1 3 4 5],1342.799999999981,0.5046785470220263,0.4953214529779737,0.7044412690010275,MI,[3 1 2 4 5],11.5,10,1423.5,0.0,False,5
13,0,3,[2 1 3 4 5],1342.799999999981,0.5046785470220263,0.4953214529779737,0.11544436228670607,SI,[5 4 3 1 2],9.099999999999994,10,2656.499999999949,0.0,False,5
13,0,4,[2 1 3 4 5],1342.799999999981,0.5046785470220263,0.4953214529779737,0.3135988366307474,SI,[5 4 3 1 2],9.099999999999994,10,2656.499999999949,0.0,False,5
14,0,0,[2 1 3 4 5],1342.799999999981,0.5046785470220263,0.4953214529779737,0.7188912902106156,MI,[5 4 3 1 2],9.099999999999994,10,2656.499999999949,0.0,False,5
14,0,1,[2 1 3 4 5],1342.799999999981,0.5046785470220263,0.4953214529779737,0.0272176438714824,SI,[5 4 3 1 2],9.099999999999994,10,2656.499999999949,0.0,False,5
14,0,2,[2 1 3 4 5],1342.799999999981,0.5046785470220263,0.4953214529779737,0.27527102444073215,SI,[3 1 2 4 5],11.5,10,1423.5,0.0,False,5
14,0,3,[2 1 3 4 5],1342.799999999981,0.5046785470220263,0.4953214529779737,0.058388751713193576,SI,[5 4 3 1 2],9.099999999999994,10,2656.499999999949,0.0,False,5
14,0,4,[2 1 3 4 5],1342.799999999981,0.5046785470220263,0.4953214529779737,0.7038969110574573,MI,[3 1 2 4 5],11.5,10,1423.5,0.0,False,5
15,0,0,[2 1 3 4 5],1342.799999999981,0.5046785470220263,0.4953214529779737,0.12166940564634132,SI,[3 1 2 4 5],11.5,10,1423.5,0.0,False,5
15,0,1,[2 1 3 4 5],1342.799999999981,0.5046785470220263,0.4953214529779737,0.37119008415086163,SI,[5 4 3 1 2],9.099999999999994,10,2656.499999999949,0.0,False,5
15,0,2,[2 1 3 4 5],1342.799999999981,0.5046785470220263,0.4953214529779737,0.0167572885652455,SI,[3 1 2 4 5],11.5,10,1423.5,0.0,False,5
15,0,3,[2 1 3 4 5],1342.799999999981,0.5046785470220263,0.4953214529779737,0.03998366339035542,SI,[3 1 2 4 5],11.5,10,1423.5,0.0,False,5
15,0,4,[2 1 3 4 5],1342.799999999981,0.5046785470220263,0.4953214529779737,0.5746023077738838,MI,[3 1 2 4 5],11.5,10,1423.5,0.0,False,5
16,0,0,[2 1 3 4 5],1342.799999999981,0.5046785470220263,0.4953214529779737,0.3076017803529677,SI,[3 1 2 4 5],11.5,10,1423.5,0.0,False,5
16,0,1,[2 1 3 4 5],1342.799999999981,0.5046785470220263,0.4953214529779737,0.071346686383843,SI,[3 1 2 4 5],11.5,10,1423.5,0.0,False,5
16,0,2,[2 1 3 4 5],1342.799999999981,0.5046785470220263,0.4953214529779737,0.26327392905083513,SI,[2 1 3 5 4],13.300000000000011,10,1465.299999999992,0.0,False,5
16,0,3,[2 1 3 4 5],1342.799999999981,0.5046785470220263,0.4953214529779737,0.5144856960478956,MI,[3 1 2 4 5],11.5,10,1423.5,0.0,False,5
16,0,4,[2 1 3 4 5],1342.799999999981,0.5046785470220263,0.4953214529779737,0.19893397285355585,SI,[5 4 3 1 2],9.099999999999994,10,2656.499999999949,0.0,False,5
17,0,0,[2 1 3 4 5],1342.799999999981,0.5046785470220263,0.4953214529779737,0.5177931636955467,MI,[5 4 3 1 2],9.099999999999994,10,2656.499999999949,0.0,False,5
17,0,1,[2 1 3 4 5],1342.799999999981,0.5046785470220263,0.4953214529779737,0.8599939632548146,MI,[5 4 3 1 2],9.099999999999994,10,2656.499999999949,0.0,False,5
17,0,2,[2 1 3 4 5],1342.799999999981,0.5046785470220263,0.4953214529779737,0.19708606318199917,SI,[3 1 2 4 5],11.5,10,1423.5,0.0,False,5
17,0,3,[2 1 3 4 5],1342.799999999981,0.5046785470220263,0.4953214529779737,0.3509647137238555,SI,[5 4 3 1 2],9.099999999999994,10,2656.499999999949,0.0,False,5
17,0,4,[2 1 3 4 5],1342.799999999981,0.5046785470220263,0.4953214529779737,0.9237088111162638,MI,[5 4 3 1 2],9.099999999999994,10,2656.499999999949,0.0,False,5
18,0,0,[2 1 3 4 5],1342.799999999981,0.5046785470220263,0.4953214529779737,0.24398175071943617,SI,[5 4 3 1 2],9.099999999999994,10,2656.499999999949,0.0,False,5
18,0,1,[2 1 3 4 5],1342.799999999981,0.5046785470220263,0.4953214529779737,0.1522533805974624,SI,[3 1 2 4 5],11.5,10,1423.5,0.0,False,5
18,0,2,[2 1 3 4 5],1342.799999999981,0.5046785470220263,0.4953214529779737,0.26263182066619006,SI,[5 4 3 1 2],9.099999999999994,10,2656.499999999949,0.0,False,5
18,0,3,[2 1 3 4 5],1342.799999999981,0.5046785470220263,0.4953214529779737,0.05941443253727052,SI,[3 1 2 4 5],11.5,10,1423.5,0.0,False,5
18,0,4,[2 1 3 4 5],1342.799999999981,0.5046785470220263,0.4953214529779737,0.8477258500236046,MI,[5 4 3 1 2],9.099999999999994,10,2656.499999999949,0.0,False,5
19,0,0,[2 1 3 4 5],1342.799999999981,0.5046785470220263,0.4953214529779737,0.5657170045390029,MI,[5 4 3 1 2],9.099999999999994,10,2656.499999999949,0.0,False,5
19,0,1,[2 1 3 4 5],1342.799999999981,0.5046785470220263,0.4953214529779737,0.8017821326447686,MI,[3 1 2 4 5],11.5,10,1423.5,0.0,False,5
19,0,2,[2 1 3 4 5],1342.799999999981,0.5046785470220263,0.4953214529779737,0.978931588165536,MI,[3 1 2 4 5],11.5,10,1423.5,0.0,False,5
19,0,3,[2 1 3 4 5],1342.799999999981,0.5046785470220263,0.4953214529779737,0.19251132006851723,SI,[5 4 3 1 2],9.099999999999994,10,2656.499999999949,0.0,False,5
19,0,4,[2 1 3 4 5],1342.799999999981,0.5046785470220263,0.4953214529779737,0.17328469456230555,SI,[1 2 3 4 5],32.0,10,1371.8999999999287,0.0,False,5
20,0,0,[2 1 3 4 5],1342.799999999981,0.5046785470220263,0.4953214529779737,0.40605448393348187,SI,[5 4 3 1 2],9.099999999999994,10,2656.499999999949,0.0,False,5
20,0,1,[2 1 3 4 5],1342.799999999981,0.5046785470220263,0.4953214529779737,0.24462228126687857,SI,[5 4 3 1 2],9.099999999999994,10,2656.499999999949,0.0,False,5
20,0,2,[2 1 3 4 5],1342.799999999981,0.5046785470220263,0.4953214529779737,0.48863409604013275,SI,[5 4 3 1 2],9.099999999999994,10,2656.499999999949,0.0,False,5
20,0,3,[2 1 3 4 5],1342.799999999981,0.5046785470220263,0.4953214529779737,0.037624858210146495,SI,[2 1 3 5 4],13.300000000000011,10,1465.299999999992,0.0,False,5
20,0,4,[2 1 3 4 5],1342.799999999981,0.5046785470220263,0.4953214529779737,0.5113684940084632,MI,[5 4 3 1 2],9.099999999999994,10,2656.499999999949,0.0,False,5
21,0,0,[2 1 3 4 5],1342.799999999981,0.5046785470220263,0.4953214529779737,0.2966747981001354,SI,[5 4 3 1 2],9.099999999999994,10,2656.499999999949,0.0,False,5
21,0,1,[2 1 3 4 5],1342.799999999981,0.5046785470220263,0.4953214529779737,0.28879920762387445,SI,[3 1 2 4 5],11.5,10,1423.5,0.0,False,5
21,0,2,[2 1 3 4 5],1342.799999999981,0.5046785470220263,0.4953214529779737,0.5878305125772827,MI,[3 1 2 4 5],11.5,10,1423.5,0.0,False,5
21,0,3,[2 1 3 4 5],1342.799999999981,0.5046785470220263,0.4953214529779737,0.8333211384119938,MI,[5 4 3 1 2],9.099999999999994,10,2656.499999999949,0.0,False,5
21,0,4,[2 1 3 4 5],1342.799999999981,0.5046785470220263,0.4953214529779737,0.799956168349461,MI,[3 1 2 4 5],11.5,10,1423.5,0.0,False,5
22,0,0,[2 1 3 4 5],1342.799999999981,0.5046785470220263,0.4953214529779737,0.836895115277992,MI,[5 4 3 1 2],9.099999999999994,10,2656.499999999949,0.0,False,5
22,0,1,[2 1 3 4 5],1342.799999999981,0.5046785470220263,0.4953214529779737,0.7302842703764457,MI,[5 4 3 1 2],9.099999999999994,10,2656.499999999949,0.0,False,5
22,0,2,[2 1 3 4 5],1342.799999999981,0.5046785470220263,0.4953214529779737,0.6093841348883756,MI,[5 4 3 1 2],9.099999999999994,10,2656.499999999949,0.0,False,5
22,0,3,[2 1 3 4 5],1342.799999999981,0.5046785470220263,0.4953214529779737,0.1191921350444699,SI,[5 4 3 1 2],9.099999999999994,10,2656.499999999949,0.0,False,5
22,0,4,[2 1 3 4 5],1342.799999999981,0.5046785470220263,0.4953214529779737,0.6489908147917556,MI,[5 4 3 1 2],9.099999999999994,10,2656.499999999949,0.0,False,5
23,0,0,[2 1 3 4 5],1342.799999999981,0.5046785470220263,0.4953214529779737,0.7494253172279393,MI,[5 4 3 1 2],9.099999999999994,10,2656.499999999949,0.0,False,5
23,0,1,[2 1 3 4 5],1342.799999999981,0.5046785470220263,0.4953214529779737,0.8397220248499572,MI,[5 4 3 1 2],9.099999999999994,10,2656.499999999949,0.0,False,5
23,0,2,[2 1 3 4 5],1342.799999999981,0.5046785470220263,0.4953214529779737,0.6387884700919757,MI,[3 1 2 4 5],11.5,10,1423.5,0.0,False,5
23,0,3,[2 1 3 4 5],1342.799999999981,0.5046785470220263,0.4953214529779737,0.011354677671343683,SI,[5 4 3 1 2],9.099999999999994,10,2656.499999999949,0.0,False,5
23,0,4,[2 1 3 4 5],1342.799999999981,0.5046785470220263,0.4953214529779737,0.7861824948747118,MI,[5 4 3 1 2],9.099999999999994,10,2656.499999999949,0.0,False,5
24,0,0,[2 1 3 4 5],1342.799999999981,0.5046785470220263,0.4953214529779737,0.7543977851048735,MI,[5 4 3 1 2],9.099999999999994,10,2656.499999999949,0.0,False,5
24,0,1,[2 1 3 4 5],1342.799999999981,0.5046785470220263,0.4953214529779737,0.07097413085087667,SI,[2 3 1 4 5],27.599999999999994,10,1394.0000000000218,0.0,False,5
24,0,2,[2 1 3 4 5],1342.799999999981,0.5046785470220263,0.4953214529779737,0.8921911107525304,MI,[5 4 3 1 2],9.099999999999994,10,2656.499999999949,0.0,False,5
24,0,3,[2 1 3 4 5],1342.799999999981,0.5046785470220263,0.4953214529779737,0.7169679961319438,MI,[5 4 3 1 2],9.099999999999994,10,2656.499999999949,0.0,False,5
24,0,4,[2 1 3 4 5],1342.799999999981,0.5046785470220263,0.4953214529779737,0.06764140450982936,SI,[5 4 3 1 2],9.099999999999994,10,2656.499999999949,0.0,False,5
25,0,0,[2 1 3 4 5],1342.799999999981,0.5046785470220263,0.4953214529779737,0.46680941840842194,SI,[5 4 3 1 2],9.099999999999994,10,2656.499999999949,0.0,False,5
25,0,1,[2 1 3 4 5],1342.799999999981,0.5046785470220263,0.4953214529779737,0.4126902517743385,SI,[5 4 3 1 2],9.099999999999994,10,2656.499999999949,0.0,False,5
25,0,2,[2 1 3 4 5],1342.799999999981,0.5046785470220263,0.4953214529779737,0.9156217151564281,MI,[5 4 3 1 2],9.099999999999994,10,2656.499999999949,0.0,False,5
25,0,3,[2 1 3 4 5],1342.799999999981,0.5046785470220263,0.4953214529779737,0.40017632781498447,SI,[2 3 1 4 5],27.599999999999994,10,1394.0000000000218,0.0,False,5
25,0,4,[2 1 3 4 5],1342.799999999981,0.5046785470220263,0.4953214529779737,0.8673036208865262,MI,[3 1 2 4 5],11.5,10,1423.5,0.0,False,5
26,0,0,[2 1 3 4 5],1342.799999999981,0.5046785470220263,0.4953214529779737,0.9519103135194993,MI,[3 1 2 4 5],11.5,10,1423.5,0.0,False,5
26,0,1,[2 1 3 4 5],1342.799999999981,0.5046785470220263,0.4953214529779737,0.4787722947014905,SI,[5 4 3 1 2],9.099999999999994,10,2656.499999999949,0.0,False,5
26,0,2,[2 1 3 4 5],1342.799999999981,0.5046785470220263,0.4953214529779737,0.4922919299228632,SI,[2 3 1 4 5],27.599999999999994,10,1394.0000000000218,0.0,False,5
26,0,3,[2 1 3 4 5],1342.799999999981,0.5046785470220263,0.4953214529779737,0.680924492456125,MI,[3 1 2 4 5],11.5,10,1423.5,0.0,False,5
26,0,4,[2 1 3 4 5],1342.799999999981,0.5046785470220263,0.4953214529779737,0.9982959294251126,MI,[3 1 2 4 5],11.5,10,1423.5,0.0,False,5
27,0,0,[2 1 3 4 5],1342.799999999981,0.5046785470220263,0.4953214529779737,0.9964098244036915,MI,[3 1 2 4 5],11.5,10,1423.5,0.0,False,5
27,0,1,[2 1 3 4 5],1342.799999999981,0.5046785470220263,0.4953214529779737,0.6750019198648013,MI,[5 4 3 1 2],9.099999999999994,10,2656.499999999949,0.0,False,5
27,0,2,[2 1 3 4 5],1342.799999999981,0.5046785470220263,0.4953214529779737,0.8419296035095819,MI,[5 4 3 1 2],9.099999999999994,10,2656.499999999949,0.0,False,5
27,0,3,[2 1 3 4 5],1342.799999999981,0.5046785470220263,0.4953214529779737,0.9473323798902556,MI,[5 4 3 1 2],9.099999999999994,10,2656.499999999949,0.0,False,5
27,0,4,[2 1 3 4 5],1342.799999999981,0.5046785470220263,0.4953214529779737,0.6591147073546971,MI,[3 1 2 4 5],11.5,10,1423.5,0.0,False,5
28,0,0,[2 1 3 4 5],1342.799999999981,0.5046785470220263,0.4953214529779737,0.8612409267818195,MI,[5 4 3 1 2],9.099999999999994,10,2656.499999999949,0.0,False,5
28,0,1,[2 1 3 4 5],1342.799999999981,0.5046785470220263,0.4953214529779737,0.38308295405344606,SI,[5 4 3 1 2],9.099999999999994,10,2656.499999999949,0.0,False,5
28,0,2,[2 1 3 4 5],1342.799999999981,0.5046785470220263,0.4953214529779737,0.2949256979220102,SI,[5 4 3 1 2],9.099999999999994,10,2656.499999999949,0.0,False,5
28,0,3,[2 1 3 4 5],1342.799999999981,0.5046785470220263,0.4953214529779737,0.02329994250252232,SI,[5 4 3 1 2],9.099999999999994,10,2656.499999999949,0.0,False,5
28,0,4,[2 1 3 4 5],1342.799999999981,0.5046785470220263,0.4953214529779737,0.3282761810803796,SI,[3 1 2 4 5],11.5,10,1423.5,0.0,False,5
29,0,0,[2 1 3 4 5],1342.799999999981,0.5046785470220263,0.4953214529779737,0.10155875828137495,SI,[2 1 3 5 4],13.300000000000011,10,1465.299999999992,0.0,False,5
29,0,1,[2 1 3 4 5],1342.799999999981,0.5046785470220263,0.4953214529779737,0.7273468062050593,MI,[5 4 3 1 2],9.099999999999994,10,2656.499999999949,0.0,False,5
29,0,2,[2 1 3 4 5],1342.799999999981,0.5046785470220263,0.4953214529779737,0.6419806875195571,MI,[5 4 3 1 2],9.099999999999994,10,2656.499999999949,0.0,False,5
29,0,3,[2 1 3 4 5],1342.799999999981,0.5046785470220263,0.4953214529779737,0.9861956215015244,MI,[5 4 3 1 2],9.099999999999994,10,2656.499999999949,0.0,False,5
29,0,4,[2 1 3 4 5],1342.799999999981,0.5046785470220263,0.4953214529779737,0.49181869962013436,SI,[2 3 1 4 5],27.599999999999994,10,1394.0000000000218,0.0,False,5
30,0,0,[2 1 3 4 5],1342.799999999981,0.5046785470220263,0.4953214529779737,0.26449105887442514,SI,[5 4 3 1 2],9.099999999999994,10,2656.499999999949,0.0,False,5
30,0,1,[2 1 3 4 5],1342.799999999981,0.5046785470220263,0.4953214529779737,0.3973995102061544,SI,[5 4 3 1 2],9.099999999999994,10,2656.499999999949,0.0,False,5
30,0,2,[2 1 3 4 5],1342.799999999981,0.5046785470220263,0.4953214529779737,0.07127146437093512,SI,[2 1 3 5 4],13.300000000000011,10,1465.299999999992,0.0,False,5
30,0,3,[2 1 3 4 5],1342.799999999981,0.5046785470220263,0.4953214529779737,0.32403126609665334,SI,[3 1 2 4 5],11.5,10,1423.5,0.0,False,5
30,0,4,[2 1 3 4 5],1342.799999999981,0.5046785470220263,0.4953214529779737,0.16944485289215871,SI,[5 4 3 1 2],9.099999999999994,10,2656.499999999949,0.0,False,5
31,0,0,[2 1 3 4 5],1342.799999999981,0.5046785470220263,0.4953214529779737,0.10711799883346307,SI,[2 3 1 4 5],27.599999999999994,10,1394.0000000000218,0.0,False,5
31,0,1,[2 1 3 4 5],1342.799999999981,0.5046785470220263,0.4953214529779737,0.4928520195545123,SI,[5 4 3 1 2],9.099999999999994,10,2656.499999999949,0.0,False,5
31,0,2,[2 1 3 4 5],1342.799999999981,0.5046785470220263,0.4953214529779737,0.29430247078415295,SI,[2 3 1 4 5],27.599999999999994,10,1394.0000000000218,0.0,False,5
31,0,3,[2 1 3 4 5],1342.799999999981,0.5046785470220263,0.4953214529779737,0.2726910294613004,SI,[3 1 2 4 5],11.5,10,1423.5,0.0,False,5
31,0,4,[2 1 3 4 5],1342.799999999981,0.5046785470220263,0.4953214529779737,0.9195313541000165,MI,[5 4 3 1 2],9.099999999999994,10,2656.499999999949,0.0,False,5
32,0,0,[2 1 3 4 5],1342.799999999981,0.5046785470220263,0.4953214529779737,0.8577878683273735,MI,[3 1 2 4 5],11.5,10,1423.5,0.0,False,5
32,0,1,[2 1 3 4 5],1342.799999999981,0.5046785470220263,0.4953214529779737,0.31128421348107893,SI,[5 4 3 1 2],9.099999999999994,10,2656.499999999949,0.0,False,5
32,0,2,[2 1 3 4 5],1342.799999999981,0.5046785470220263,0.4953214529779737,0.7393668108184205,MI,[3 1 2 4 5],11.5,10,1423.5,0.0,False,5
32,0,3,[2 1 3 4 5],1342.799999999981,0.5046785470220263,0.4953214529779737,0.04211274517411123,SI,[5 4 3 1 2],9.099999999999994,10,2656.499999999949,0.0,False,5
32,0,4,[2 1 3 4 5],1342.799999999981,0.5046785470220263,0.4953214529779737,0.21551437578307509,SI,[3 1 2 4 5],11.5,10,1423.5,0.0,False,5
33,0,0,[2 1 3 4 5],1342.799999999981,0.5046785470220263,0.4953214529779737,0.7997579987182194,MI,[5 4 3 1 2],9.099999999999994,10,2656.499999999949,0.0,False,5
33,0,1,[2 1 3 4 5],1342.799999999981,0.5046785470220263,0.4953214529779737,0.952133588086939,MI,[5 4 3 1 2],9.099999999999994,10,2656.499999999949,0.0,False,5
33,0,2,[2 1 3 4 5],1342.799999999981,0.5046785470220263,0.4953214529779737,0.6969586731857428,MI,[5 4 3 1 2],9.099999999999994,10,2656.499999999949,0.0,False,5
33,0,3,[2 1 3 4 5],1342.799999999981,0.5046785470220263,0.4953214529779737,0.16038612961578702,SI,[5 4 3 1 2],9.099999999999994,10,2656.499999999949,0.0,False,5
33,0,4,[2 1 3 4 5],1342.799999999981,0.5046785470220263,0.4953214529779737,0.7984109046301155,MI,[5 4 3 1 2],9.099999999999994,10,2656.499999999949,0.0,False,5
34,0,0,[2 1 3 4 5],1342.799999999981,0.5046785470220263,0.4953214529779737,0.9440900079080228,MI,[5 4 3 1 2],9.099999999999994,10,2656.499999999949,0.0,False,5
34,0,1,[2 1 3 4 5],1342.799999999981,0.5046785470220263,0.4953214529779737,0.24577073219559387,SI,[5 4 3 1 2],9.099999999999994,10,2656.499999999949,0.0,False,5
34,0,2,[2 1 3 4 5],1342.799999999981,0.5046785470220263,0.4953214529779737,0.3355737787567922,SI,[5 4 3 1 2],9.099999999999994,10,2656.499999999949,0.0,False,5
34,0,3,[2 1 3 4 5],1342.799999999981,0.5046785470220263,0.4953214529779737,0.1513402156857665,SI,[5 4 3 1 2],9.099999999999994,10,2656.499999999949,0.0,False,5
34,0,4,[2 1 3 4 5],1342.799999999981,0.5046785470220263,0.4953214529779737,0.44505785015034405,SI,[3 1 2 4 5],11.5,10,1423.5,0.0,False,5
35,0,0,[2 1 3 4 5],1342.799999999981,0.5046785470220263,0.4953214529779737,0.3595441697584846,SI,[5 4 3 1 2],9.099999999999994,10,2656.499999999949,0.0,False,5
35,0,1,[2 1 3 4 5],1342.799999999981,0.5046785470220263,0.4953214529779737,0.98924005317492,MI,[5 4 3 1 2],9.099999999999994,10,2656.499999999949,0.0,False,5
35,0,2,[2 1 3 4 5],1342.799999999981,0.5046785470220263,0.4953214529779737,0.15135347441117497,SI,[5 4 3 1 2],9.099999999999994,10,2656.499999999949,0.0,False,5
35,0,3,[2 1 3 4 5],1342.799999999981,0.5046785470220263,0.4953214529779737,0.7237820463320106,MI,[5 4 3 1 2],9.099999999999994,10,2656.499999999949,0.0,False,5
35,0,4,[2 1 3 4 5],1342.799999999981,0.5046785470220263,0.4953214529779737,0.6536718610561928,MI,[3 1 2 4 5],11.5,10,1423.5,0.0,False,5
36,0,0,[2 1 3 4 5],1342.799999999981,0.5046785470220263,0.4953214529779737,0.3823187503918565,SI,[3 1 2 4 5],11.5,10,1423.5,0.0,False,5
36,0,1,[2 1 3 4 5],1342.799999999981,0.5046785470220263,0.4953214529779737,0.20552209150354628,SI,[3 1 2 4 5],11.5,10,1423.5,0.0,False,5
36,0,2,[2 1 3 4 5],1342.799999999981,0.5046785470220263,0.4953214529779737,0.10802301942792791,SI,[5 4 3 1 2],9.099999999999994,10,2656.499999999949,0.0,False,5
36,0,3,[2 1 3 4 5],1342.799999999981,0.5046785470220263,0.4953214529779737,0.33739333601467625,SI,[2 1 5 4 3],96.29999999999998,10,2015.8999999999796,0.0,False,5
36,0,4,[2 1 3 4 5],1342.799999999981,0.5046785470220263,0.4953214529779737,0.2346166341746737,SI,[5 4 3 1 2],9.099999999999994,10,2656.499999999949,0.0,False,5
37,0,0,[2 1 3 4 5],1342.799999999981,0.5046785470220263,0.4953214529779737,0.3251631904344615,SI,[2 1 3 5 4],13.300000000000011,10,1465.299999999992,0.0,False,5
37,0,1,[2 1 3 4 5],1342.799999999981,0.5046785470220263,0.4953214529779737,0.9000799089821861,MI,[5 4 3 1 2],9.099999999999994,10,2656.499999999949,0.0,False,5
37,0,2,[2 1 3 4 5],1342.799999999981,0.5046785470220263,0.4953214529779737,0.029907727515631755,SI,[5 4 3 1 2],9.099999999999994,10,2656.499999999949,0.0,False,5
37,0,3,[2 1 3 4 5],1342.799999999981,0.5046785470220263,0.4953214529779737,0.9935909574550745,MI,[5 4 3 1 2],9.099999999999994,10,2656.499999999949,0.0,False,5
37,0,4,[2 1 3 4 5],1342.799999999981,0.5046785470220263,0.4953214529779737,0.5085552547706033,MI,[3 1 2 4 5],11.5,10,1423.5,0.0,False,5
38,0,0,[2 1 3 4 5],1342.799999999981,0.5046785470220263,0.4953214529779737,0.616171282029907,MI,[5 4 3 1 2],9.099999999999994,10,2656.499999999949,0.0,False,5
38,0,1,[2 1 3 4 5],1342.799999999981,0.5046785470220263,0.4953214529779737,0.3741372810503646,SI,[5 4 3 1 2],9.099999999999994,10,2656.499999999949,0.0,False,5
38,0,2,[2 1 3 4 5],1342.799999999981,0.5046785470220263,0.4953214529779737,0.1377501644192234,SI,[5 4 3 1 2],9.099999999999994,10,2656.499999999949,0.0,False,5
38,0,3,[2 1 3 4 5],1342.799999999981,0.5046785470220263,0.4953214529779737,0.08775337943062345,SI,[5 4 3 1 2],9.099999999999994,10,2656.499999999949,0.0,False,5
38,0,4,[2 1 3 4 5],1342.799999999981,0.5046785470220263,0.4953214529779737,0.014202257941272278,SI,[5 4 3 1 2],9.099999999999994,10,2656.499999999949,0.0,False,5
39,0,0,[2 1 3 4 5],1342.799999999981,0.5046785470220263,0.4953214529779737,0.16078799766118068,SI,[5 4 3 1 2],9.099999999999994,10,2656.499999999949,0.0,False,5
39,0,1,[2 1 3 4 5],1342.799999999981,0.5046785470220263,0.4953214529779737,0.902846378124938,MI,[5 4 3 1 2],9.099999999999994,10,2656.499999999949,0.0,False,5
39,0,2,[2 1 3 4 5],1342.799999999981,0.5046785470220263,0.4953214529779737,0.11394074076525595,SI,[5 4 3 1 2],9.099999999999994,10,2656.499999999949,0.0,False,5
39,0,3,[2 1 3 4 5],1342.799999999981,0.5046785470220263,0.4953214529779737,0.5800944287671911,MI,[3 1 2 4 5],11.5,10,1423.5,0.0,False,5
39,0,4,[2 1 3 4 5],1342.799999999981,0.5046785470220263,0.4953214529779737,0.3204552193588023,SI,[5 4 3 1 2],9.099999999999994,10,2656.499999999949,0.0,False,5
40,0,0,[2 1 3 4 5],1342.799999999981,0.5046785470220263,0.4953214529779737,0.34898415312571907,SI,[2 3 1 4 5],27.599999999999994,10,1394.0000000000218,0.0,False,5
40,0,1,[2 1 3 4 5],1342.799999999981,0.5046785470220263,0.4953214529779737,0.3461289540850555,SI,[2 1 3 5 4],13.300000000000011,10,1465.299999999992,0.0,False,5
40,0,2,[2 1 3 4 5],1342.799999999981,0.5046785470220263,0.4953214529779737,0.03469978564947562,SI,[5 4 3 1 2],9.099999999999994,10,2656.499999999949,0.0,False,5
40,0,3,[2 1 3 4 5],1342.799999999981,0.5046785470220263,0.4953214529779737,0.931923647254554,MI,[3 1 2 4 5],11.5,10,1423.5,0.0,False,5
40,0,4,[2 1 3 4 5],1342.799999999981,0.5046785470220263,0.4953214529779737,0.29188373204395557,SI,[5 4 3 1 2],9.099999999999994,10,2656.499999999949,0.0,False,5
41,0,0,[2 1 3 4 5],1342.799999999981,0.5046785470220263,0.4953214529779737,0.41836593644787967,SI,[3 1 2 4 5],11.5,10,1423.5,0.0,False,5
41,0,1,[2 1 3 4 5],1342.799999999981,0.5046785470220263,0.4953214529779737,0.6488151447478285,MI,[3 1 2 4 5],11.5,10,1423.5,0.0,False,5
41,0,2,[2 1 3 4 5],1342.799999999981,0.5046785470220263,0.4953214529779737,0.5527758293979639,MI,[5 4 3 1 2],9.099999999999994,10,2656.499999999949,0.0,False,5
41,0,3,[2 1 3 4 5],1342.799999999981,0.5046785470220263,0.4953214529779737,0.4532980295114666,SI,[5 4 3 1 2],9.099999999999994,10,2656.499999999949,0.0,False,5
41,0,4,[2 1 3 4 5],1342.799999999981,0.5046785470220263,0.4953214529779737,0.8686520187244839,MI,[5 4 3 1 2],9.099999999999994,10,2656.499999999949,0.0,False,5
42,0,0,[2 1 3 4 5],1342.799999999981,0.5046785470220263,0.4953214529779737,0.8728866703687896,MI,[5 4 3 1 2],9.099999999999994,10,2656.499999999949,0.0,False,5
42,0,1,[2 1 3 4 5],1342.799999999981,0.5046785470220263,0.4953214529779737,0.34529540873260356,SI,[3 1 2 4 5],11.5,10,1423.5,0.0,False,5
42,0,2,[2 1 3 4 5],1342.799999999981,0.5046785470220263,0.4953214529779737,0.46930498604129856,SI,[3 1 2 4 5],11.5,10,1423.5,0.0,False,5
42,0,3,[2 1 3 4 5],1342.799999999981,0.5046785470220263,0.4953214529779737,0.5090316552252371,MI,[2 1 5 4 3],96.29999999999998,10,2015.8999999999796,0.0,False,5
42,0,4,[2 1 3 4 5],1342.799999999981,0.5046785470220263,0.4953214529779737,0.7327775511406065,MI,[3 1 2 4 5],11.5,10,1423.5,0.0,False,5
43,0,0,[2 1 3 4 5],1342.799999999981,0.5046785470220263,0.4953214529779737,0.17049376780857894,SI,[5 4 3 1 2],9.099999999999994,10,2656.499999999949,0.0,False,5
43,0,1,[2 1 3 4 5],1342.799999999981,0.5046785470220263,0.4953214529779737,0.671288799954822,MI,[3 1 2 4 5],11.5,10,1423.5,0.0,False,5
43,0,2,[2 1 3 4 5],1342.799999999981,0.5046785470220263,0.4953214529779737,0.5535130634492547,MI,[3 1 2 4 5],11.5,10,1423.5,0.0,False,5
43,0,3,[2 1 3 4 5],1342.799999999981,0.5046785470220263,0.4953214529779737,0.20714305265084165,SI,[3 1 2 4 5],11.5,10,1423.5,0.0,False,5
43,0,4,[2 1 3 4 5],1342.799999999981,0.5046785470220263,0.4953214529779737,0.010309839306582469,SI,[2 1 3 5 4],13.300000000000011,10,1465.299999999992,0.0,False,5
44,0,0,[2 1 3 4 5],1342.799999999981,0.5046785470220263,0.4953214529779737,0.46578165962834017,SI,[5 4 3 1 2],9.099999999999994,10,2656.499999999949,0.0,False,5
44,0,1,[2 1 3 4 5],1342.799999999981,0.5046785470220263,0.4953214529779737,0.04652873871007468,SI,[2 1 3 5 4],13.300000000000011,10,1465.299999999992,0.0,False,5
44,0,2,[2 1 3 4 5],1342.799999999981,0.5046785470220263,0.4953214529779737,0.945163771054403,MI,[5 4 3 1 2],9.099999999999994,10,2656.499999999949,0.0,False,5
44,0,3,[2 1 3 4 5],1342.799999999981,0.5046785470220263,0.4953214529779737,0.1164438358452623,SI,[3 1 2 4 5],11.5,10,1423.5,0.0,False,5
44,0,4,[2 1 3 4 5],1342.799999999981,0.5046785470220263,0.4953214529779737,0.04945189111647286,SI,[5 4 3 1 2],9.099999999999994,10,2656.499999999949,0.0,False,5
45,0,0,[2 1 3 4 5],1342.799999999981,0.5046785470220263,0.4953214529779737,0.8659747573199823,MI,[5 4 3 1 2],9.099999999999994,10,2656.499999999949,0.0,False,5
45,0,1,[2 1 3 4 5],1342.799999999981,0.5046785470220263,0.4953214529779737,0.04492607723257913,SI,[3 1 2 4 5],11.5,10,1423.5,0.0,False,5
45,0,2,[2 1 3 4 5],1342.799999999981,0.5046785470220263,0.4953214529779737,0.30128689205737946,SI,[2 1 3 5 4],13.300000000000011,10,1465.299999999992,0.0,False,5
45,0,3,[2 1 3 4 5],1342.799999999981,0.5046785470220263,0.4953214529779737,0.8408586316139567,MI,[5 4 3 1 2],9.099999999999994,10,2656.499999999949,0.0,False,5
45,0,4,[2 1 3 4 5],1342.799999999981,0.5046785470220263,0.4953214529779737,0.1703646143765244,SI,[5 4 3 1 2],9.099999999999994,10,2656.499999999949,0.0,False,5
46,0,0,[2 1 3 4 5],1342.799999999981,0.5046785470220263,0.4953214529779737,0.8354932855517787,MI,[5 4 3 1 2],9.099999999999994,10,2656.499999999949,0.0,False,5
46,0,1,[2 1 3 4 5],1342.799999999981,0.5046785470220263,0.4953214529779737,0.03047309062886072,SI,[5 4 3 1 2],9.099999999999994,10,2656.499999999949,0.0,False,5
46,0,2,[2 1 3 4 5],1342.799999999981,0.5046785470220263,0.4953214529779737,0.19631385118971456,SI,[5 4 3 1 2],9.099999999999994,10,2656.499999999949,0.0,False,5
46,0,3,[2 1 3 4 5],1342.799999999981,0.5046785470220263,0.4953214529779737,0.9294352759619919,MI,[5 4 3 1 2],9.099999999999994,10,2656.499999999949,0.0,False,5
46,0,4,[2 1 3 4 5],1342.799999999981,0.5046785470220263,0.4953214529779737,0.14649138449567523,SI,[5 4 3 1 2],9.099999999999994,10,2656.499999999949,0.0,False,5
47,0,0,[2 1 3 4 5],1342.799999999981,0.5046785470220263,0.4953214529779737,0.5878459090839139,MI,[5 4 3 1 2],9.099999999999994,10,2656.499999999949,0.0,False,5
47,0,1,[2 1 3 4 5],1342.799999999981,0.5046785470220263,0.4953214529779737,0.1825998131622376,SI,[5 4 3 1 2],9.099999999999994,10,2656.499999999949,0.0,False,5
47,0,2,[2 1 3 4 5],1342.799999999981,0.5046785470220263,0.4953214529779737,0.09986175641862449,SI,[3 1 2 4 5],11.5,10,1423.5,0.0,False,5
47,0,3,[2 1 3 4 5],1342.799999999981,0.5046785470220263,0.4953214529779737,0.575548761423353,MI,[5 4 3 1 2],9.099999999999994,10,2656.499999999949,0.0,False,5
47,0,4,[2 1 3 4 5],1342.799999999981,0.5046785470220263,0.4953214529779737,0.7831255282406985,MI,[5 4 3 1 2],9.099999999999994,10,2656.499999999949,0.0,False,5
48,0,0,[2 1 3 4 5],1342.799999999981,0.5046785470220263,0.4953214529779737,0.08600741035112802,SI,[5 4 3 1 2],9.099999999999994,10,2656.499999999949,0.0,False,5
48,0,1,[2 1 3 4 5],1342.799999999981,0.5046785470220263,0.4953214529779737,0.828706224223861,MI,[5 4 3 1 2],9.099999999999994,10,2656.499999999949,0.0,False,5
48,0,2,[2 1 3 4 5],1342.799999999981,0.5046785470220263,0.4953214529779737,0.7069022755811318,MI,[3 1 2 4 5],11.5,10,1423.5,0.0,False,5
48,0,3,[2 1 3 4 5],1342.799999999981,0.5046785470220263,0.4953214529779737,0.31713994784660327,SI,[5 4 3 1 2],9.099999999999994,10,2656.499999999949,0.0,False,5
48,0,4,[2 1 3 4 5],1342.799999999981,0.5046785470220263,0.4953214529779737,0.5839086764633759,MI,[5 4 3 1 2],9.099999999999994,10,2656.499999999949,0.0,False,5
49,0,0,[2 1 3 4 5],1342.799999999981,0.5046785470220263,0.4953214529779737,0.7113063197608237,MI,[5 4 3 1 2],9.099999999999994,10,2656.499999999949,0.0,False,5
49,0,1,[2 1 3 4 5],1342.799999999981,0.5046785470220263,0.4953214529779737,0.06986753481693586,SI,[5 4 3 1 2],9.099999999999994,10,2656.499999999949,0.0,False,5
49,0,2,[2 1 3 4 5],1342.799999999981,0.5046785470220263,0.4953214529779737,0.19184469251520964,SI,[5 4 3 1 2],9.099999999999994,10,2656.499999999949,0.0,False,5
49,0,3,[2 1 3 4 5],1342.799999999981,0.5046785470220263,0.4953214529779737,0.9694095153501787,MI,[5 4 3 1 2],9.099999999999994,10,2656.499999999949,0.0,False,5
49,0,4,[2 1 3 4 5],1342.799999999981,0.5046785470220263,0.4953214529779737,0.7661301766006839,MI,[5 4 3 1 2],9.099999999999994,10,2656.499999999949,0.0,False,5
50,0,0,[2 1 3 4 5],1342.799999999981,0.5046785470220263,0.4953214529779737,0.9799006807331065,MI,[5 4 3 1 2],9.099999999999994,10,2656.499999999949,0.0,False,5
50,0,1,[2 1 3 4 5],1342.799999999981,0.5046785470220263,0.4953214529779737,0.2324832559465585,SI,[2 1 3 5 4],13.300000000000011,10,1465.299999999992,0.0,False,5
50,0,2,[2 1 3 4 5],1342.799999999981,0.5046785470220263,0.4953214529779737,0.6219357755932245,MI,[5 4 3 1 2],9.099999999999994,10,2656.499999999949,0.0,False,5
50,0,3,[2 1 3 4 5],1342.799999999981,0.5046785470220263,0.4953214529779737,0.8678909236423965,MI,[5 4 3 1 2],9.099999999999994,10,2656.499999999949,0.0,False,5
50,0,4,[2 1 3 4 5],1342.799999999981,0.5046785470220263,0.4953214529779737,0.7021681890207518,MI,[5 4 3 1 2],9.099999999999994,10,2656.499999999949,0.0,False,5
51,0,0,[2 1 3 4 5],1342.799999999981,0.5046785470220263,0.4953214529779737,0.03872269116297433,SI,[2 1 3 5 4],13.300000000000011,10,1465.299999999992,0.0,False,5
51,0,1,[2 1 3 4 5],1342.799999999981,0.5046785470220263,0.4953214529779737,0.07382633356085355,SI,[2 1 3 5 4],13.300000000000011,10,1465.299999999992,0.0,False,5
51,0,2,[2 1 3 4 5],1342.799999999981,0.5046785470220263,0.4953214529779737,0.7840662932721093,MI,[5 4 3 1 2],9.099999999999994,10,2656.499999999949,0.0,False,5
51,0,3,[2 1 3 4 5],1342.799999999981,0.5046785470220263,0.4953214529779737,0.07875132606890567,SI,[3 1 2 4 5],11.5,10,1423.5,0.0,False,5
51,0,4,[2 1 3 4 5],1342.799999999981,0.5046785470220263,0.4953214529779737,0.4359161885731889,SI,[5 4 3 1 2],9.099999999999994,10,2656.499999999949,0.0,False,5
52,0,0,[2 1 3 4 5],1342.799999999981,0.5046785470220263,0.4953214529779737,0.0921457807296514,SI,[3 1 2 4 5],11.5,10,1423.5,0.0,False,5
52,0,1,[2 1 3 4 5],1342.799999999981,0.5046785470220263,0.4953214529779737,0.5942374657475067,MI,[5 4 3 1 2],9.099999999999994,10,2656.499999999949,0.0,False,5
52,0,2,[2 1 3 4 5],1342.799999999981,0.5046785470220263,0.4953214529779737,0.06962271759545924,SI,[5 4 3 1 2],9.099999999999994,10,2656.499999999949,0.0,False,5
52,0,3,[2 1 3 4 5],1342.799999999981,0.5046785470220263,0.4953214529779737,0.25299645899261336,SI,[5 4 3 1 2],9.099999999999994,10,2656.499999999949,0.0,False,5
52,0,4,[2 1 3 4 5],1342.799999999981,0.5046785470220263,0.4953214529779737,0.923988610489045,MI,[5 4 3 1 2],9.099999999999994,10,2656.499999999949,0.0,False,5
0,3,0,[1 2],861.5000000000073,0.5,0.5,0.2961404021172829,SI,[2 1],49.49999999999994,10,1278.6000000000095,0.0,False,6
0,3,1,[1 2],861.5000000000073,0.5,0.5,0.050090446763187746,SI,[2 1],49.49999999999994,10,1278.6000000000095,0.0,False,6
0,3,2,[1 2],861.5000000000073,0.5,0.5,0.3060346323838481,SI,[2 1],49.49999999999994,10,1278.6000000000095,0.0,False,6
0,3,3,[1 2],861.5000000000073,0.5,0.5,0.25573419813783804,SI,[2 1],49.49999999999994,10,1278.6000000000095,0.0,False,6
0,3,4,[1 2],861.5000000000073,0.5,0.5,0.28653164841985235,SI,[2 1],49.49999999999994,10,1278.6000000000095,0.0,False,6
1,0,0,[1 2],861.5000000000073,0.5,0.5,0.14475052147052037,SI,[2 1],49.49999999999994,10,1278.6000000000095,0.0,False,6
1,0,1,[1 2],861.5000000000073,0.5,0.5,0.18705857490263855,SI,[2 1],49.49999999999994,10,1278.6000000000095,0.0,False,6
1,0,2,[1 2],861.5000000000073,0.5,0.5,0.22299336815338378,SI,[2 1],49.49999999999994,10,1278.6000000000095,0.0,False,6
1,0,3,[1 2],861.5000000000073,0.5,0.5,0.12869400970214862,SI,[2 1],49.49999999999994,10,1278.6000000000095,0.0,False,6
1,0,4,[1 2],861.5000000000073,0.5,0.5,0.3181597328062429,SI,[2 1],49.49999999999994,10,1278.6000000000095,0.0,False,6
2,0,0,[1 2],861.5000000000073,0.5,0.5,0.4682895339918536,SI,[2 1],49.49999999999994,10,1278.6000000000095,0.0,False,6
2,0,1,[1 2],861.5000000000073,0.5,0.5,0.18350694179505977,SI,[2 1],49.49999999999994,10,1278.6000000000095,0.0,False,6
2,0,2,[1 2],861.5000000000073,0.5,0.5,0.08110209723233919,SI,[2 1],49.49999999999994,10,1278.6000000000095,0.0,False,6
2,0,3,[1 2],861.5000000000073,0.5,0.5,0.015053660899098209,SI,[2 1],49.49999999999994,10,1278.6000000000095,0.0,False,6
2,0,4,[1 2],861.5000000000073,0.5,0.5,0.3058521170011106,SI,[2 1],49.49999999999994,10,1278.6000000000095,0.0,False,6
3,0,0,[1 2],861.5000000000073,0.5,0.5,0.42650835122437236,SI,[2 1],49.49999999999994,10,1278.6000000000095,0.0,False,6
3,0,1,[1 2],861.5000000000073,0.5,0.5,0.2399120557401606,SI,[2 1],49.49999999999994,10,1278.6000000000095,0.0,False,6
3,0,2,[1 2],861.5000000000073,0.5,0.5,0.0844169395727753,SI,[2 1],49.49999999999994,10,1278.6000000000095,0.0,False,6
3,0,3,[1 2],861.5000000000073,0.5,0.5,0.28863699006903987,SI,[2 1],49.49999999999994,10,1278.6000000000095,0.0,False,6
3,0,4,[1 2],861.5000000000073,0.5,0.5,0.15162178321626452,SI,[2 1],49.49999999999994,10,1278.6000000000095,0.0,False,6
4,0,0,[1 2],861.5000000000073,0.5,0.5,0.34993052944609426,SI,[2 1],49.49999999999994,10,1278.6000000000095,0.0,False,6
4,0,1,[1 2],861.5000000000073,0.5,0.5,0.11007169142137219,SI,[2 1],49.49999999999994,10,1278.6000000000095,0.0,False,6
4,0,2,[1 2],861.5000000000073,0.5,0.5,0.05714201691174059,SI,[2 1],49.49999999999994,10,1278.6000000000095,0.0,False,6
4,0,3,[1 2],861.5000000000073,0.5,0.5,0.30896557921960244,SI,[2 1],49.49999999999994,10,1278.6000000000095,0.0,False,6
4,0,4,[1 2],861.5000000000073,0.5,0.5,0.01585177247104197,SI,[2 1],49.49999999999994,10,1278.6000000000095,0.0,False,6
5,0,0,[1 2],861.5000000000073,0.5,0.5,0.44967771508145205,SI,[2 1],49.49999999999994,10,1278.6000000000095,0.0,False,6
5,0,1,[1 2],861.5000000000073,0.5,0.5,0.33336012461158293,SI,[2 1],49.49999999999994,10,1278.6000000000095,0.0,False,6
5,0,2,[1 2],861.5000000000073,0.5,0.5,0.18996926624914934,SI,[2 1],49.49999999999994,10,1278.6000000000095,0.0,False,6
5,0,3,[1 2],861.5000000000073,0.5,0.5,0.34992891548826355,SI,[2 1],49.49999999999994,10,1278.6000000000095,0.0,False,6
5,0,4,[1 2],861.5000000000073,0.5,0.5,0.43909048521579075,SI,[2 1],49.49999999999994,10,1278.6000000000095,0.0,False,6
6,0,0,[1 2],861.5000000000073,0.5,0.5,0.3980383035199706,SI,[2 1],49.49999999999994,10,1278.6000000000095,0.0,False,6
6,0,1,[1 2],861.5000000000073,0.5,0.5,0.09816423400212371,SI,[2 1],49.49999999999994,10,1278.6000000000095,0.0,False,6
6,0,2,[1 2],861.5000000000073,0.5,0.5,0.029684623496129325,SI,[2 1],49.49999999999994,10,1278.6000000000095,0.0,False,6
6,0,3,[1 2],861.5000000000073,0.5,0.5,0.30287259004110967,SI,[2 1],49.49999999999994,10,1278.6000000000095,0.0,False,6
6,0,4,[1 2],861.5000000000073,0.5,0.5,0.2319272068500221,SI,[2 1],49.49999999999994,10,1278.6000000000095,0.0,False,6
7,0,0,[1 2],861.5000000000073,0.5,0.5,0.37435469346393835,SI,[2 1],49.49999999999994,10,1278.6000000000095,0.0,False,6
7,0,1,[1 2],861.5000000000073,0.5,0.5,0.16491610906020016,SI,[2 1],49.49999999999994,10,1278.6000000000095,0.0,False,6
7,0,2,[1 2],861.5000000000073,0.5,0.5,0.24642979264787512,SI,[2 1],49.49999999999994,10,1278.6000000000095,0.0,False,6
7,0,3,[1 2],861.5000000000073,0.5,0.5,0.38894691376955903,SI,[2 1],49.49999999999994,10,1278.6000000000095,0.0,False,6
7,0,4,[1 2],861.5000000000073,0.5,0.5,0.3914567385316078,SI,[2 1],49.49999999999994,10,1278.6000000000095,0.0,False,6
8,0,0,[1 2],861.5000000000073,0.5,0.5,0.38016672636086646,SI,[2 1],49.49999999999994,10,1278.6000000000095,0.0,False,6
8,0,1,[1 2],861.5000000000073,0.5,0.5,0.20738129728980692,SI,[2 1],49.49999999999994,10,1278.6000000000095,0.0,False,6
8,0,2,[1 2],861.5000000000073,0.5,0.5,0.2612403799813616,SI,[2 1],49.49999999999994,10,1278.6000000000095,0.0,False,6
8,0,3,[1 2],861.5000000000073,0.5,0.5,0.3024323828456501,SI,[2 1],49.49999999999994,10,1278.6000000000095,0.0,False,6
8,0,4,[1 2],861.5000000000073,0.5,0.5,0.12978330908918845,SI,[2 1],49.49999999999994,10,1278.6000000000095,0.0,False,6
9,0,0,[1 2],861.5000000000073,0.5,0.5,0.06789250830992222,SI,[2 1],49.49999999999994,10,1278.6000000000095,0.0,False,6
9,0,1,[1 2],861.5000000000073,0.5,0.5,0.09358985520528451,SI,[2 1],49.49999999999994,10,1278.6000000000095,0.0,False,6
9,0,2,[1 2],861.5000000000073,0.5,0.5,0.14929077865531037,SI,[2 1],49.49999999999994,10,1278.6000000000095,0.0,False,6
9,0,3,[1 2],861.5000000000073,0.5,0.5,0.04987253274492287,SI,[2 1],49.49999999999994,10,1278.6000000000095,0.0,False,6
9,0,4,[1 2],861.5000000000073,0.5,0.5,0.34152993904586726,SI,[2 1],49.49999999999994,10,1278.6000000000095,0.0,False,6
10,0,0,[1 2],861.5000000000073,0.5,0.5,0.2364235297234858,SI,[2 1],49.49999999999994,10,1278.6000000000095,0.0,False,6
10,0,1,[1 2],861.5000000000073,0.5,0.5,0.2443658152210988,SI,[2 1],49.49999999999994,10,1278.6000000000095,0.0,False,6
10,0,2,[1 2],861.5000000000073,0.5,0.5,0.01871691026341904,SI,[2 1],49.49999999999994,10,1278.6000000000095,0.0,False,6
10,0,3,[1 2],861.5000000000073,0.5,0.5,0.4861279992631946,SI,[2 1],49.49999999999994,10,1278.6000000000095,0.0,False,6
10,0,4,[1 2],861.5000000000073,0.5,0.5,0.4222314321910383,SI,[2 1],49.49999999999994,10,1278.6000000000095,0.0,False,6
11,0,0,[1 2],861.5000000000073,0.5,0.5,0.31990780560472076,SI,[2 1],49.49999999999994,10,1278.6000000000095,0.0,False,6
11,0,1,[1 2],861.5000000000073,0.5,0.5,0.012618965081853784,SI,[2 1],49.49999999999994,10,1278.6000000000095,0.0,False,6
11,0,2,[1 2],861.5000000000073,0.5,0.5,0.4630986440674686,SI,[2 1],49.49999999999994,10,1278.6000000000095,0.0,False,6
11,0,3,[1 2],861.5000000000073,0.5,0.5,0.12264919247404782,SI,[2 1],49.49999999999994,10,1278.6000000000095,0.0,False,6
11,0,4,[1 2],861.5000000000073,0.5,0.5,0.34092954016742805,SI,[2 1],49.49999999999994,10,1278.6000000000095,0.0,False,6
12,0,0,[1 2],861.5000000000073,0.5,0.5,0.4159221327846522,SI,[2 1],49.49999999999994,10,1278.6000000000095,0.0,False,6
12,0,1,[1 2],861.5000000000073,0.5,0.5,0.3009757238883062,SI,[2 1],49.49999999999994,10,1278.6000000000095,0.0,False,6
12,0,2,[1 2],861.5000000000073,0.5,0.5,0.32719136067897414,SI,[2 1],49.49999999999994,10,1278.6000000000095,0.0,False,6
12,0,3,[1 2],861.5000000000073,0.5,0.5,0.48174287975897623,SI,[2 1],49.49999999999994,10,1278.6000000000095,0.0,False,6
12,0,4,[1 2],861.5000000000073,0.5,0.5,0.1737044918854571,SI,[2 1],49.49999999999994,10,1278.6000000000095,0.0,False,6
13,0,0,[1 2],861.5000000000073,0.5,0.5,0.4586347944235072,SI,[2 1],49.49999999999994,10,1278.6000000000095,0.0,False,6
13,0,1,[1 2],861.5000000000073,0.5,0.5,0.3196908590729186,SI,[2 1],49.49999999999994,10,1278.6000000000095,0.0,False,6
13,0,2,[1 2],861.5000000000073,0.5,0.5,0.039713469301197346,SI,[2 1],49.49999999999994,10,1278.6000000000095,0.0,False,6
13,0,3,[1 2],861.5000000000073,0.5,0.5,0.033454144244191464,SI,[2 1],49.49999999999994,10,1278.6000000000095,0.0,False,6
13,0,4,[1 2],861.5000000000073,0.5,0.5,0.020423687039725857,SI,[2 1],49.49999999999994,10,1278.6000000000095,0.0,False,6
14,0,0,[1 2],861.5000000000073,0.5,0.5,0.41815843700719746,SI,[2 1],49.49999999999994,10,1278.6000000000095,0.0,False,6
14,0,1,[1 2],861.5000000000073,0.5,0.5,0.4683911997624086,SI,[2 1],49.49999999999994,10,1278.6000000000095,0.0,False,6
14,0,2,[1 2],861.5000000000073,0.5,0.5,0.35070617271214155,SI,[2 1],49.49999999999994,10,1278.6000000000095,0.0,False,6
14,0,3,[1 2],861.5000000000073,0.5,0.5,0.4838336246747018,SI,[2 1],49.49999999999994,10,1278.6000000000095,0.0,False,6
14,0,4,[1 2],861.5000000000073,0.5,0.5,0.22668786931789164,SI,[2 1],49.49999999999994,10,1278.6000000000095,0.0,False,6
15,0,0,[1 2],861.5000000000073,0.5,0.5,0.35636187423340404,SI,[2 1],49.49999999999994,10,1278.6000000000095,0.0,False,6
15,0,1,[1 2],861.5000000000073,0.5,0.5,0.3537146796193251,SI,[2 1],49.49999999999994,10,1278.6000000000095,0.0,False,6
15,0,2,[1 2],861.5000000000073,0.5,0.5,0.4168926771584599,SI,[2 1],49.49999999999994,10,1278.6000000000095,0.0,False,6
15,0,3,[1 2],861.5000000000073,0.5,0.5,0.08892252490844832,SI,[2 1],49.49999999999994,10,1278.6000000000095,0.0,False,6
15,0,4,[1 2],861.5000000000073,0.5,0.5,0.4312917428504015,SI,[2 1],49.49999999999994,10,1278.6000000000095,0.0,False,6
16,0,0,[1 2],861.5000000000073,0.5,0.5,0.3856723643005636,SI,[2 1],49.49999999999994,10,1278.6000000000095,0.0,False,6
16,0,1,[1 2],861.5000000000073,0.5,0.5,0.16962098967636563,SI,[2 1],49.49999999999994,10,1278.6000000000095,0.0,False,6
16,0,2,[1 2],861.5000000000073,0.5,0.5,0.35778558052475595,SI,[2 1],49.49999999999994,10,1278.6000000000095,0.0,False,6
16,0,3,[1 2],861.5000000000073,0.5,0.5,0.06815541998746766,SI,[2 1],49.49999999999994,10,1278.6000000000095,0.0,False,6
16,0,4,[1 2],861.5000000000073,0.5,0.5,0.3342935998870138,SI,[2 1],49.49999999999994,10,1278.6000000000095,0.0,False,6
17,0,0,[1 2],861.5000000000073,0.5,0.5,0.42524702753380994,SI,[2 1],49.49999999999994,10,1278.6000000000095,0.0,False,6
17,0,1,[1 2],861.5000000000073,0.5,0.5,0.008961687856073874,SI,[2 1],49.49999999999994,10,1278.6000000000095,0.0,False,6
17,0,2,[1 2],861.5000000000073,0.5,0.5,0.07486578815774503,SI,[2 1],49.49999999999994,10,1278.6000000000095,0.0,False,6
17,0,3,[1 2],861.5000000000073,0.5,0.5,0.09816366491993345,SI,[2 1],49.49999999999994,10,1278.6000000000095,0.0,False,6
17,0,4,[1 2],861.5000000000073,0.5,0.5,0.2640623952875122,SI,[2 1],49.49999999999994,10,1278.6000000000095,0.0,False,6
18,0,0,[1 2],861.5000000000073,0.5,0.5,0.23079330459132374,SI,[2 1],49.49999999999994,10,1278.6000000000095,0.0,False,6
18,0,1,[1 2],861.5000000000073,0.5,0.5,0.28477695783532186,SI,[2 1],49.49999999999994,10,1278.6000000000095,0.0,False,6
18,0,2,[1 2],861.5000000000073,0.5,0.5,0.319602846756578,SI,[2 1],49.49999999999994,10,1278.6000000000095,0.0,False,6
18,0,3,[1 2],861.5000000000073,0.5,0.5,0.01246298996494366,SI,[2 1],49.49999999999994,10,1278.6000000000095,0.0,False,6
18,0,4,[1 2],861.5000000000073,0.5,0.5,0.4179874151798074,SI,[2 1],49.49999999999994,10,1278.6000000000095,0.0,False,6
19,0,0,[1 2],861.5000000000073,0.5,0.5,0.11619166923104929,SI,[2 1],49.49999999999994,10,1278.6000000000095,0.0,False,6
19,0,1,[1 2],861.5000000000073,0.5,0.5,0.3766227297204652,SI,[2 1],49.49999999999994,10,1278.6000000000095,0.0,False,6
19,0,2,[1 2],861.5000000000073,0.5,0.5,0.10048135881906861,SI,[2 1],49.49999999999994,10,1278.6000000000095,0.0,False,6
19,0,3,[1 2],861.5000000000073,0.5,0.5,0.003580815809117621,SI,[2 1],49.49999999999994,10,1278.6000000000095,0.0,False,6
19,0,4,[1 2],861.5000000000073,0.5,0.5,0.21193826379542147,SI,[2 1],49.49999999999994,10,1278.6000000000095,0.0,False,6
20,0,0,[1 2],861.5000000000073,0.5,0.5,0.33870745014035053,SI,[2 1],49.49999999999994,10,1278.6000000000095,0.0,False,6
20,0,1,[1 2],861.5000000000073,0.5,0.5,0.06501405400731897,SI,[2 1],49.49999999999994,10,1278.6000000000095,0.0,False,6
20,0,2,[1 2],861.5000000000073,0.5,0.5,0.445330351362365,SI,[2 1],49.49999999999994,10,1278.6000000000095,0.0,False,6
20,0,3,[1 2],861.5000000000073,0.5,0.5,0.10678861381511295,SI,[2 1],49.49999999999994,10,1278.6000000000095,0.0,False,6
20,0,4,[1 2],861.5000000000073,0.5,0.5,0.44202587254282066,SI,[2 1],49.49999999999994,10,1278.6000000000095,0.0,False,6
21,0,0,[1 2],861.5000000000073,0.5,0.5,0.1147651314989222,SI,[2 1],49.49999999999994,10,1278.6000000000095,0.0,False,6
21,0,1,[1 2],861.5000000000073,0.5,0.5,0.2826895605649077,SI,[2 1],49.49999999999994,10,1278.6000000000095,0.0,False,6
21,0,2,[1 2],861.5000000000073,0.5,0.5,0.2150891533361352,SI,[2 1],49.49999999999994,10,1278.6000000000095,0.0,False,6
21,0,3,[1 2],861.5000000000073,0.5,0.5,0.4659896243683693,SI,[2 1],49.49999999999994,10,1278.6000000000095,0.0,False,6
21,0,4,[1 2],861.5000000000073,0.5,0.5,0.40171150195961003,SI,[2 1],49.49999999999994,10,1278.6000000000095,0.0,False,6
22,0,0,[1 2],861.5000000000073,0.5,0.5,0.22495994213645776,SI,[2 1],49.49999999999994,10,1278.6000000000095,0.0,False,6
22,0,1,[1 2],861.5000000000073,0.5,0.5,0.12375034596341006,SI,[2 1],49.49999999999994,10,1278.6000000000095,0.0,False,6
22,0,2,[1 2],861.5000000000073,0.5,0.5,0.4389765657503367,SI,[2 1],49.49999999999994,10,1278.6000000000095,0.0,False,6
22,0,3,[1 2],861.5000000000073,0.5,0.5,0.14572832650627277,SI,[2 1],49.49999999999994,10,1278.6000000000095,0.0,False,6
22,0,4,[1 2],861.5000000000073,0.5,0.5,0.4191454358467298,SI,[2 1],49.49999999999994,10,1278.6000000000095,0.0,False,6
23,0,0,[1 2],861.5000000000073,0.5,0.5,0.28716752739901064,SI,[2 1],49.49999999999994,10,1278.6000000000095,0.0,False,6
23,0,1,[1 2],861.5000000000073,0.5,0.5,0.29586684861304,SI,[2 1],49.49999999999994,10,1278.6000000000095,0.0,False,6
23,0,2,[1 2],861.5000000000073,0.5,0.5,0.37241714650962376,SI,[2 1],49.49999999999994,10,1278.6000000000095,0.0,False,6
23,0,3,[1 2],861.5000000000073,0.5,0.5,0.13458777167516744,SI,[2 1],49.49999999999994,10,1278.6000000000095,0.0,False,6
23,0,4,[1 2],861.5000000000073,0.5,0.5,0.47725301383874175,SI,[2 1],49.49999999999994,10,1278.6000000000095,0.0,False,6
24,0,0,[1 2],861.5000000000073,0.5,0.5,0.46899972413907376,SI,[2 1],49.49999999999994,10,1278.6000000000095,0.0,False,6
24,0,1,[1 2],861.5000000000073,0.5,0.5,0.3357917674963149,SI,[2 1],49.49999999999994,10,1278.6000000000095,0.0,False,6
24,0,2,[1 2],861.5000000000073,0.5,0.5,0.19442789720964593,SI,[2 1],49.49999999999994,10,1278.6000000000095,0.0,False,6
24,0,3,[1 2],861.5000000000073,0.5,0.5,0.13903069005500046,SI,[2 1],49.49999999999994,10,1278.6000000000095,0.0,False,6
24,0,4,[1 2],861.5000000000073,0.5,0.5,0.15558603405210458,SI,[2 1],49.49999999999994,10,1278.6000000000095,0.0,False,6
25,0,0,[1 2],861.5000000000073,0.5,0.5,0.43005583828476235,SI,[2 1],49.49999999999994,10,1278.6000000000095,0.0,False,6
25,0,1,[1 2],861.5000000000073,0.5,0.5,0.11815127375678791,SI,[2 1],49.49999999999994,10,1278.6000000000095,0.0,False,6
25,0,2,[1 2],861.5000000000073,0.5,0.5,0.09043709154218726,SI,[2 1],49.49999999999994,10,1278.6000000000095,0.0,False,6
25,0,3,[1 2],861.5000000000073,0.5,0.5,0.09549625481224511,SI,[2 1],49.49999999999994,10,1278.6000000000095,0.0,False,6
25,0,4,[1 2],861.5000000000073,0.5,0.5,0.3994843790366087,SI,[2 1],49.49999999999994,10,1278.6000000000095,0.0,False,6
26,0,0,[1 2],861.5000000000073,0.5,0.5,0.22316582143013797,SI,[2 1],49.49999999999994,10,1278.6000000000095,0.0,False,6
26,0,1,[1 2],861.5000000000073,0.5,0.5,0.4179696318354925,SI,[2 1],49.49999999999994,10,1278.6000000000095,0.0,False,6
26,0,2,[1 2],861.5000000000073,0.5,0.5,0.4104799001625491,SI,[2 1],49.49999999999994,10,1278.6000000000095,0.0,False,6
26,0,3,[1 2],861.5000000000073,0.5,0.5,0.40969242537251704,SI,[2 1],49.49999999999994,10,1278.6000000000095,0.0,False,6
26,0,4,[1 2],861.5000000000073,0.5,0.5,0.40799548223414805,SI,[2 1],49.49999999999994,10,1278.6000000000095,0.0,False,6
27,0,0,[1 2],861.5000000000073,0.5,0.5,0.18692600945472937,SI,[2 1],49.49999999999994,10,1278.6000000000095,0.0,False,6
27,0,1,[1 2],861.5000000000073,0.5,0.5,0.3655361912059517,SI,[2 1],49.49999999999994,10,1278.6000000000095,0.0,False,6
27,0,2,[1 2],861.5000000000073,0.5,0.5,0.15281786073474235,SI,[2 1],49.49999999999994,10,1278.6000000000095,0.0,False,6
27,0,3,[1 2],861.5000000000073,0.5,0.5,0.09947569053173766,SI,[2 1],49.49999999999994,10,1278.6000000000095,0.0,False,6
27,0,4,[1 2],861.5000000000073,0.5,0.5,0.35430780202128387,SI,[2 1],49.49999999999994,10,1278.6000000000095,0.0,False,6
28,0,0,[1 2],861.5000000000073,0.5,0.5,0.46769051857915445,SI,[2 1],49.49999999999994,10,1278.6000000000095,0.0,False,6
28,0,1,[1 2],861.5000000000073,0.5,0.5,0.04666601827342187,SI,[2 1],49.49999999999994,10,1278.6000000000095,0.0,False,6
28,0,2,[1 2],861.5000000000073,0.5,0.5,0.047267197977457265,SI,[2 1],49.49999999999994,10,1278.6000000000095,0.0,False,6
28,0,3,[1 2],861.5000000000073,0.5,0.5,0.19152808393334575,SI,[2 1],49.49999999999994,10,1278.6000000000095,0.0,False,6
28,0,4,[1 2],861.5000000000073,0.5,0.5,0.49822442486776175,SI,[2 1],49.49999999999994,10,1278.6000000000095,0.0,False,6
29,0,0,[1 2],861.5000000000073,0.5,0.5,0.0031917306174903404,SI,[2 1],49.49999999999994,10,1278.6000000000095,0.0,False,6
29,0,1,[1 2],861.5000000000073,0.5,0.5,0.15467839623943358,SI,[2 1],49.49999999999994,10,1278.6000000000095,0.0,False,6
29,0,2,[1 2],861.5000000000073,0.5,0.5,0.3568520394213468,SI,[2 1],49.49999999999994,10,1278.6000000000095,0.0,False,6
29,0,3,[1 2],861.5000000000073,0.5,0.5,0.30137425066630397,SI,[2 1],49.49999999999994,10,1278.6000000000095,0.0,False,6
29,0,4,[1 2],861.5000000000073,0.5,0.5,0.25599027432571975,SI,[2 1],49.49999999999994,10,1278.6000000000095,0.0,False,6
30,0,0,[1 2],861.5000000000073,0.5,0.5,0.4158026973003103,SI,[2 1],49.49999999999994,10,1278.6000000000095,0.0,False,6
30,0,1,[1 2],861.5000000000073,0.5,0.5,0.36299464704543793,SI,[2 1],49.49999999999994,10,1278.6000000000095,0.0,False,6
30,0,2,[1 2],861.5000000000073,0.5,0.5,0.34890688129601555,SI,[2 1],49.49999999999994,10,1278.6000000000095,0.0,False,6
30,0,3,[1 2],861.5000000000073,0.5,0.5,0.1582823956442342,SI,[2 1],49.49999999999994,10,1278.6000000000095,0.0,False,6
30,0,4,[1 2],861.5000000000073,0.5,0.5,0.14104571310237823,SI,[2 1],49.49999999999994,10,1278.6000000000095,0.0,False,6
31,0,0,[1 2],861.5000000000073,0.5,0.5,0.3813247653561067,SI,[2 1],49.49999999999994,10,1278.6000000000095,0.0,False,6
31,0,1,[1 2],861.5000000000073,0.5,0.5,0.06575234648290462,SI,[2 1],49.49999999999994,10,1278.6000000000095,0.0,False,6
31,0,2,[1 2],861.5000000000073,0.5,0.5,0.31263328955012204,SI,[2 1],49.49999999999994,10,1278.6000000000095,0.0,False,6
31,0,3,[1 2],861.5000000000073,0.5,0.5,0.45168240699883977,SI,[2 1],49.49999999999994,10,1278.6000000000095,0.0,False,6
31,0,4,[1 2],861.5000000000073,0.5,0.5,0.4813029940981428,SI,[2 1],49.49999999999994,10,1278.6000000000095,0.0,False,6
32,0,0,[1 2],861.5000000000073,0.5,0.5,0.06906191891693436,SI,[2 1],49.49999999999994,10,1278.6000000000095,0.0,False,6
32,0,1,[1 2],861.5000000000073,0.5,0.5,0.15465849205536997,SI,[2 1],49.49999999999994,10,1278.6000000000095,0.0,False,6
32,0,2,[1 2],861.5000000000073,0.5,0.5,0.28471872797924236,SI,[2 1],49.49999999999994,10,1278.6000000000095,0.0,False,6
32,0,3,[1 2],861.5000000000073,0.5,0.5,0.19128622847014687,SI,[2 1],49.49999999999994,10,1278.6000000000095,0.0,False,6
32,0,4,[1 2],861.5000000000073,0.5,0.5,0.49689457319181307,SI,[2 1],49.49999999999994,10,1278.6000000000095,0.0,False,6
33,0,0,[1 2],861.5000000000073,0.5,0.5,0.3080763965296327,SI,[2 1],49.49999999999994,10,1278.6000000000095,0.0,False,6
33,0,1,[1 2],861.5000000000073,0.5,0.5,0.418582387637892,SI,[2 1],49.49999999999994,10,1278.6000000000095,0.0,False,6
33,0,2,[1 2],861.5000000000073,0.5,0.5,0.015217859834732783,SI,[2 1],49.49999999999994,10,1278.6000000000095,0.0,False,6
33,0,3,[1 2],861.5000000000073,0.5,0.5,0.0004383491119894778,SI,[2 1],49.49999999999994,10,1278.6000000000095,0.0,False,6
33,0,4,[1 2],861.5000000000073,0.5,0.5,0.3230524496114998,SI,[2 1],49.49999999999994,10,1278.6000000000095,0.0,False,6
34,0,0,[1 2],861.5000000000073,0.5,0.5,0.062016877622147915,SI,[2 1],49.49999999999994,10,1278.6000000000095,0.0,False,6
34,0,1,[1 2],861.5000000000073,0.5,0.5,0.142192053852499,SI,[2 1],49.49999999999994,10,1278.6000000000095,0.0,False,6
34,0,2,[1 2],861.5000000000073,0.5,0.5,0.24899412431655477,SI,[2 1],49.49999999999994,10,1278.6000000000095,0.0,False,6
34,0,3,[1 2],861.5000000000073,0.5,0.5,0.35783804851741663,SI,[2 1],49.49999999999994,10,1278.6000000000095,0.0,False,6
34,0,4,[1 2],861.5000000000073,0.5,0.5,0.27906373342045954,SI,[2 1],49.49999999999994,10,1278.6000000000095,0.0,False,6
35,0,0,[1 2],861.5000000000073,0.5,0.5,0.45314684758214474,SI,[2 1],49.49999999999994,10,1278.6000000000095,0.0,False,6
35,0,1,[1 2],861.5000000000073,0.5,0.5,0.10066355334630084,SI,[2 1],49.49999999999994,10,1278.6000000000095,0.0,False,6
35,0,2,[1 2],861.5000000000073,0.5,0.5,0.20738262242392824,SI,[2 1],49.49999999999994,10,1278.6000000000095,0.0,False,6
35,0,3,[1 2],861.5000000000073,0.5,0.5,0.44988987992021134,SI,[2 1],49.49999999999994,10,1278.6000000000095,0.0,False,6
35,0,4,[1 2],861.5000000000073,0.5,0.5,0.38262438759672923,SI,[2 1],49.49999999999994,10,1278.6000000000095,0.0,False,6
36,0,0,[1 2],861.5000000000073,0.5,0.5,0.15503727675403134,SI,[2 1],49.49999999999994,10,1278.6000000000095,0.0,False,6
36,0,1,[1 2],861.5000000000073,0.5,0.5,0.3463864614685933,SI,[2 1],49.49999999999994,10,1278.6000000000095,0.0,False,6
36,0,2,[1 2],861.5000000000073,0.5,0.5,0.11809615715269006,SI,[2 1],49.49999999999994,10,1278.6000000000095,0.0,False,6
36,0,3,[1 2],861.5000000000073,0.5,0.5,0.04299044322558365,SI,[2 1],49.49999999999994,10,1278.6000000000095,0.0,False,6
36,0,4,[1 2],861.5000000000073,0.5,0.5,0.2587232867823783,SI,[2 1],49.49999999999994,10,1278.6000000000095,0.0,False,6
37,0,0,[1 2],861.5000000000073,0.5,0.5,0.34607029164140346,SI,[2 1],49.49999999999994,10,1278.6000000000095,0.0,False,6
37,0,1,[1 2],861.5000000000073,0.5,0.5,0.4540520917649927,SI,[2 1],49.49999999999994,10,1278.6000000000095,0.0,False,6
37,0,2,[1 2],861.5000000000073,0.5,0.5,0.3559119743198885,SI,[2 1],49.49999999999994,10,1278.6000000000095,0.0,False,6
37,0,3,[1 2],861.5000000000073,0.5,0.5,0.16791343235592526,SI,[2 1],49.49999999999994,10,1278.6000000000095,0.0,False,6
37,0,4,[1 2],861.5000000000073,0.5,0.5,0.08425558736026462,SI,[2 1],49.49999999999994,10,1278.6000000000095,0.0,False,6
38,0,0,[1 2],861.5000000000073,0.5,0.5,0.3608840614187272,SI,[2 1],49.49999999999994,10,1278.6000000000095,0.0,False,6
38,0,1,[1 2],861.5000000000073,0.5,0.5,0.28649770116894346,SI,[2 1],49.49999999999994,10,1278.6000000000095,0.0,False,6
38,0,2,[1 2],861.5000000000073,0.5,0.5,0.3109291349764097,SI,[2 1],49.49999999999994,10,1278.6000000000095,0.0,False,6
38,0,3,[1 2],861.5000000000073,0.5,0.5,0.43367238617560155,SI,[2 1],49.49999999999994,10,1278.6000000000095,0.0,False,6
38,0,4,[1 2],861.5000000000073,0.5,0.5,0.17187702584725684,SI,[2 1],49.49999999999994,10,1278.6000000000095,0.0,False,6
39,0,0,[1 2],861.5000000000073,0.5,0.5,0.4812007952347874,SI,[2 1],49.49999999999994,10,1278.6000000000095,0.0,False,6
39,0,1,[1 2],861.5000000000073,0.5,0.5,0.4117390941323261,SI,[2 1],49.49999999999994,10,1278.6000000000095,0.0,False,6
39,0,2,[1 2],861.5000000000073,0.5,0.5,0.21651131706931326,SI,[2 1],49.49999999999994,10,1278.6000000000095,0.0,False,6
39,0,3,[1 2],861.5000000000073,0.5,0.5,0.09300809942390087,SI,[2 1],49.49999999999994,10,1278.6000000000095,0.0,False,6
39,0,4,[1 2],861.5000000000073,0.5,0.5,0.38981747127417066,SI,[2 1],49.49999999999994,10,1278.6000000000095,0.0,False,6
40,0,0,[1 2],861.5000000000073,0.5,0.5,0.027803293922609384,SI,[2 1],49.49999999999994,10,1278.6000000000095,0.0,False,6
40,0,1,[1 2],861.5000000000073,0.5,0.5,0.056798239210501755,SI,[2 1],49.49999999999994,10,1278.6000000000095,0.0,False,6
40,0,2,[1 2],861.5000000000073,0.5,0.5,0.2982237920354779,SI,[2 1],49.49999999999994,10,1278.6000000000095,0.0,False,6
40,0,3,[1 2],861.5000000000073,0.5,0.5,0.1635370151344171,SI,[2 1],49.49999999999994,10,1278.6000000000095,0.0,False,6
40,0,4,[1 2],861.5000000000073,0.5,0.5,0.3364416358454664,SI,[2 1],49.49999999999994,10,1278.6000000000095,0.0,False,6
41,0,0,[1 2],861.5000000000073,0.5,0.5,0.18349591242807517,SI,[2 1],49.49999999999994,10,1278.6000000000095,0.0,False,6
41,0,1,[1 2],861.5000000000073,0.5,0.5,0.3795112447201743,SI,[2 1],49.49999999999994,10,1278.6000000000095,0.0,False,6
41,0,2,[1 2],861.5000000000073,0.5,0.5,0.35319876427780617,SI,[2 1],49.49999999999994,10,1278.6000000000095,0.0,False,6
41,0,3,[1 2],861.5000000000073,0.5,0.5,0.2246976875939264,SI,[2 1],49.49999999999994,10,1278.6000000000095,0.0,False,6
41,0,4,[1 2],861.5000000000073,0.5,0.5,0.38520295453078657,SI,[2 1],49.49999999999994,10,1278.6000000000095,0.0,False,6
42,0,0,[1 2],861.5000000000073,0.5,0.5,0.3620516645698518,SI,[2 1],49.49999999999994,10,1278.6000000000095,0.0,False,6
42,0,1,[1 2],861.5000000000073,0.5,0.5,0.16768850532456303,SI,[2 1],49.49999999999994,10,1278.6000000000095,0.0,False,6
42,0,2,[1 2],861.5000000000073,0.5,0.5,0.13829233510437,SI,[2 1],49.49999999999994,10,1278.6000000000095,0.0,False,6
42,0,3,[1 2],861.5000000000073,0.5,0.5,0.48385281117424217,SI,[2 1],49.49999999999994,10,1278.6000000000095,0.0,False,6
42,0,4,[1 2],861.5000000000073,0.5,0.5,0.18772324137087903,SI,[2 1],49.49999999999994,10,1278.6000000000095,0.0,False,6
43,0,0,[1 2],861.5000000000073,0.5,0.5,0.3739385513002058,SI,[2 1],49.49999999999994,10,1278.6000000000095,0.0,False,6
43,0,1,[1 2],861.5000000000073,0.5,0.5,0.22843910522741162,SI,[2 1],49.49999999999994,10,1278.6000000000095,0.0,False,6
43,0,2,[1 2],861.5000000000073,0.5,0.5,0.035577271602794336,SI,[2 1],49.49999999999994,10,1278.6000000000095,0.0,False,6
43,0,3,[1 2],861.5000000000073,0.5,0.5,0.38921903919824064,SI,[2 1],49.49999999999994,10,1278.6000000000095,0.0,False,6
43,0,4,[1 2],861.5000000000073,0.5,0.5,0.23409672870963527,SI,[2 1],49.49999999999994,10,1278.6000000000095,0.0,False,6
44,0,0,[1 2],861.5000000000073,0.5,0.5,0.3529474689381301,SI,[2 1],49.49999999999994,10,1278.6000000000095,0.0,False,6
44,0,1,[1 2],861.5000000000073,0.5,0.5,0.3756795479641497,SI,[2 1],49.49999999999994,10,1278.6000000000095,0.0,False,6
44,0,2,[1 2],861.5000000000073,0.5,0.5,0.46186590034872865,SI,[2 1],49.49999999999994,10,1278.6000000000095,0.0,False,6
44,0,3,[1 2],861.5000000000073,0.5,0.5,0.11413680531625414,SI,[2 1],49.49999999999994,10,1278.6000000000095,0.0,False,6
44,0,4,[1 2],861.5000000000073,0.5,0.5,0.14996607624528158,SI,[2 1],49.49999999999994,10,1278.6000000000095,0.0,False,6
45,0,0,[1 2],861.5000000000073,0.5,0.5,0.3742241626187379,SI,[2 1],49.49999999999994,10,1278.6000000000095,0.0,False,6
45,0,1,[1 2],861.5000000000073,0.5,0.5,0.38443991597350136,SI,[2 1],49.49999999999994,10,1278.6000000000095,0.0,False,6
45,0,2,[1 2],861.5000000000073,0.5,0.5,0.3241400673767355,SI,[2 1],49.49999999999994,10,1278.6000000000095,0.0,False,6
45,0,3,[1 2],861.5000000000073,0.5,0.5,0.27907095579709207,SI,[2 1],49.49999999999994,10,1278.6000000000095,0.0,False,6
45,0,4,[1 2],861.5000000000073,0.5,0.5,0.41224025951679977,SI,[2 1],49.49999999999994,10,1278.6000000000095,0.0,False,6
46,0,0,[1 2],861.5000000000073,0.5,0.5,0.406555480610971,SI,[2 1],49.49999999999994,10,1278.6000000000095,0.0,False,6
46,0,1,[1 2],861.5000000000073,0.5,0.5,0.03812147920656073,SI,[2 1],49.49999999999994,10,1278.6000000000095,0.0,False,6
46,0,2,[1 2],861.5000000000073,0.5,0.5,0.1028025863726959,SI,[2 1],49.49999999999994,10,1278.6000000000095,0.0,False,6
46,0,3,[1 2],861.5000000000073,0.5,0.5,0.35364366597750707,SI,[2 1],49.49999999999994,10,1278.6000000000095,0.0,False,6
46,0,4,[1 2],861.5000000000073,0.5,0.5,0.352854217241521,SI,[2 1],49.49999999999994,10,1278.6000000000095,0.0,False,6
47,0,0,[1 2],861.5000000000073,0.5,0.5,0.3385006058920965,SI,[2 1],49.49999999999994,10,1278.6000000000095,0.0,False,6
47,0,1,[1 2],861.5000000000073,0.5,0.5,0.4516195565417448,SI,[2 1],49.49999999999994,10,1278.6000000000095,0.0,False,6
47,0,2,[1 2],861.5000000000073,0.5,0.5,0.1175946007990396,SI,[2 1],49.49999999999994,10,1278.6000000000095,0.0,False,6
47,0,3,[1 2],861.5000000000073,0.5,0.5,0.19549821267228096,SI,[2 1],49.49999999999994,10,1278.6000000000095,0.0,False,6
47,0,4,[1 2],861.5000000000073,0.5,0.5,0.18373051502803606,SI,[2 1],49.49999999999994,10,1278.6000000000095,0.0,False,6
48,0,0,[1 2],861.5000000000073,0.5,0.5,0.3118522385130429,SI,[2 1],49.49999999999994,10,1278.6000000000095,0.0,False,6
48,0,1,[1 2],861.5000000000073,0.5,0.5,0.35328049606012735,SI,[2 1],49.49999999999994,10,1278.6000000000095,0.0,False,6
48,0,2,[1 2],861.5000000000073,0.5,0.5,0.1859449555047652,SI,[2 1],49.49999999999994,10,1278.6000000000095,0.0,False,6
48,0,3,[1 2],861.5000000000073,0.5,0.5,0.3495809083391629,SI,[2 1],49.49999999999994,10,1278.6000000000095,0.0,False,6
48,0,4,[1 2],861.5000000000073,0.5,0.5,0.061290886655764654,SI,[2 1],49.49999999999994,10,1278.6000000000095,0.0,False,6
49,0,0,[1 2],861.5000000000073,0.5,0.5,0.220653139731253,SI,[2 1],49.49999999999994,10,1278.6000000000095,0.0,False,6
49,0,1,[1 2],861.5000000000073,0.5,0.5,0.021836786192449442,SI,[2 1],49.49999999999994,10,1278.6000000000095,0.0,False,6
49,0,2,[1 2],861.5000000000073,0.5,0.5,0.49490838609897525,SI,[2 1],49.49999999999994,10,1278.6000000000095,0.0,False,6
49,0,3,[1 2],861.5000000000073,0.5,0.5,0.06053192474292335,SI,[2 1],49.49999999999994,10,1278.6000000000095,0.0,False,6
49,0,4,[1 2],861.5000000000073,0.5,0.5,0.18837408232201458,SI,[2 1],49.49999999999994,10,1278.6000000000095,0.0,False,6
50,0,0,[1 2],861.5000000000073,0.5,0.5,0.27262214871693047,SI,[2 1],49.49999999999994,10,1278.6000000000095,0.0,False,6
50,0,1,[1 2],861.5000000000073,0.5,0.5,0.022159589062745733,SI,[2 1],49.49999999999994,10,1278.6000000000095,0.0,False,6
50,0,2,[1 2],861.5000000000073,0.5,0.5,0.4735780645233961,SI,[2 1],49.49999999999994,10,1278.6000000000095,0.0,False,6
50,0,3,[1 2],861.5000000000073,0.5,0.5,0.24910778525596877,SI,[2 1],49.49999999999994,10,1278.6000000000095,0.0,False,6
50,0,4,[1 2],861.5000000000073,0.5,0.5,0.2543433742372315,SI,[2 1],49.49999999999994,10,1278.6000000000095,0.0,False,6
0,0,0,[3 2 1],952.5,0.5,0.5,0.40859528035667236,SI,[3 1 2],52.5,10,996.6999999999971,0.0,False,7
0,0,1,[3 2 1],952.5,0.5,0.5,0.33064460940725293,SI,[3 1 2],52.5,10,996.6999999999971,0.0,False,7
0,0,2,[3 2 1],952.5,0.5,0.5,0.15556867081324965,SI,[3 1 2],52.5,10,996.6999999999971,0.0,False,7
0,0,3,[3 2 1],952.5,0.5,0.5,0.4076690170609395,SI,[3 1 2],52.5,10,996.6999999999971,0.0,False,7
0,0,4,[3 2 1],952.5,0.5,0.5,0.38561347683735603,SI,[3 1 2],52.5,10,996.6999999999971,0.0,False,7
1,0,0,[3 2 1],952.5,0.5,0.5,0.06969569086296612,SI,[3 1 2],52.5,10,996.6999999999971,0.0,False,7
1,0,1,[3 2 1],952.5,0.5,0.5,0.16413437444926304,SI,[3 1 2],52.5,10,996.6999999999971,0.0,False,7
1,0,2,[3 2 1],952.5,0.5,0.5,0.34352449214027125,SI,[3 1 2],52.5,10,996.6999999999971,0.0,False,7
1,0,3,[3 2 1],952.5,0.5,0.5,0.3198833944827799,SI,[3 1 2],52.5,10,996.6999999999971,0.0,False,7
1,0,4,[3 2 1],952.5,0.5,0.5,0.8490424883815189,MI,[1 2 3],89.0,10,979.5999999999985,0.0,False,7
2,0,0,[3 2 1],952.5,0.5,0.5,0.08268172279254293,SI,[3 1 2],52.5,10,996.6999999999971,0.0,False,7
2,0,1,[3 2 1],952.5,0.5,0.5,0.2924697526301,SI,[3 1 2],52.5,10,996.6999999999971,0.0,False,7
2,0,2,[3 2 1],952.5,0.5,0.5,0.32076087718418456,SI,[3 1 2],52.5,10,996.6999999999971,0.0,False,7
2,0,3,[3 2 1],952.5,0.5,0.5,0.15280538987922476,SI,[3 1 2],52.5,10,996.6999999999971,0.0,False,7
2,0,4,[3 2 1],952.5,0.5,0.5,0.18206661900077714,SI,[3 1 2],52.5,10,996.6999999999971,0.0,False,7
3,0,0,[3 2 1],952.5,0.5,0.5,0.3176019843162652,SI,[3 1 2],52.5,10,996.6999999999971,0.0,False,7
3,0,1,[3 2 1],952.5,0.5,0.5,0.0246253500408955,SI,[3 1 2],52.5,10,996.6999999999971,0.0,False,7
3,0,2,[3 2 1],952.5,0.5,0.5,0.4440675875621537,SI,[3 1 2],52.5,10,996.6999999999971,0.0,False,7
3,0,3,[3 2 1],952.5,0.5,0.5,0.37647199254802166,SI,[3 1 2],52.5,10,996.6999999999971,0.0,False,7
3,0,4,[3 2 1],952.5,0.5,0.5,0.014804782981704734,SI,[3 1 2],52.5,10,996.6999999999971,0.0,False,7
4,0,0,[3 2 1],952.5,0.5,0.5,0.2641480985904989,SI,[3 1 2],52.5,10,996.6999999999971,0.0,False,7
4,0,1,[3 2 1],952.5,0.5,0.5,0.1225026226493483,SI,[3 1 2],52.5,10,996.6999999999971,0.0,False,7
4,0,2,[3 2 1],952.5,0.5,0.5,0.05372431486845697,SI,[3 1 2],52.5,10,996.6999999999971,0.0,False,7
4,0,3,[3 2 1],952.5,0.5,0.5,0.3471037597911315,SI,[3 1 2],52.5,10,996.6999999999971,0.0,False,7
4,0,4,[3 2 1],952.5,0.5,0.5,0.3368144813028696,SI,[3 1 2],52.5,10,996.6999999999971,0.0,False,7
5,0,0,[3 2 1],952.5,0.5,0.5,0.528831089030659,MI,[1 2 3],89.0,10,979.5999999999985,0.0,False,7
5,0,1,[3 2 1],952.5,0.5,0.5,0.11456739879307809,SI,[3 1 2],52.5,10,996.6999999999971,0.0,False,7
5,0,2,[3 2 1],952.5,0.5,0.5,0.3512304317128704,SI,[3 1 2],52.5,10,996.6999999999971,0.0,False,7
5,0,3,[3 2 1],952.5,0.5,0.5,0.14119156205385797,SI,[3 1 2],52.5,10,996.6999999999971,0.0,False,7
5,0,4,[3 2 1],952.5,0.5,0.5,0.21391061689268853,SI,[3 1 2],52.5,10,996.6999999999971,0.0,False,7
6,0,0,[3 2 1],952.5,0.5,0.5,0.06267537640612997,SI,[3 1 2],52.5,10,996.6999999999971,0.0,False,7
6,0,1,[3 2 1],952.5,0.5,0.5,0.22269396388055718,SI,[3 1 2],52.5,10,996.6999999999971,0.0,False,7
6,0,2,[3 2 1],952.5,0.5,0.5,0.10963012292864005,SI,[1 2 3],89.0,10,979.5999999999985,0.0,False,7
6,0,3,[3 2 1],952.5,0.5,0.5,0.7264364698619752,MI,[1 2 3],89.0,10,979.5999999999985,0.0,False,7
6,0,4,[3 2 1],952.5,0.5,0.5,0.005006729971554935,SI,[1 2 3],89.0,10,979.5999999999985,0.0,False,7
7,0,0,[3 2 1],952.5,0.5,0.5,0.45723794632083514,SI,[3 1 2],52.5,10,996.6999999999971,0.0,False,7
7,0,1,[3 2 1],952.5,0.5,0.5,0.6647524823914409,MI,[1 2 3],89.0,10,979.5999999999985,0.0,False,7
7,0,2,[3 2 1],952.5,0.5,0.5,0.3934500826798435,SI,[3 1 2],52.5,10,996.6999999999971,0.0,False,7
7,0,3,[3 2 1],952.5,0.5,0.5,0.2849561707244924,SI,[3 1 2],52.5,10,996.6999999999971,0.0,False,7
7,0,4,[3 2 1],952.5,0.5,0.5,0.39307252695523076,SI,[3 1 2],52.5,10,996.6999999999971,0.0,False,7
8,0,0,[3 2 1],952.5,0.5,0.5,0.1355292332971526,SI,[3 1 2],52.5,10,996.6999999999971,0.0,False,7
8,0,1,[3 2 1],952.5,0.5,0.5,0.30600516869922934,SI,[3 1 2],52.5,10,996.6999999999971,0.0,False,7
8,0,2,[3 2 1],952.5,0.5,0.5,0.30050677720373664,SI,[3 1 2],52.5,10,996.6999999999971,0.0,False,7
8,0,3,[3 2 1],952.5,0.5,0.5,0.33731183199963644,SI,[3 1 2],52.5,10,996.6999999999971,0.0,False,7
8,0,4,[3 2 1],952.5,0.5,0.5,0.014943928811307683,SI,[3 1 2],52.5,10,996.6999999999971,0.0,False,7
9,0,0,[3 2 1],952.5,0.5,0.5,0.06644032541248335,SI,[1 2 3],89.0,10,979.5999999999985,0.0,False,7
9,0,1,[3 2 1],952.5,0.5,0.5,0.011245921527471281,SI,[3 1 2],52.5,10,996.6999999999971,0.0,False,7
9,0,2,[3 2 1],952.5,0.5,0.5,0.635367912617975,MI,[1 2 3],89.0,10,979.5999999999985,0.0,False,7
9,0,3,[3 2 1],952.5,0.5,0.5,0.1182192619833714,SI,[3 1 2],52.5,10,996.6999999999971,0.0,False,7
9,0,4,[3 2 1],952.5,0.5,0.5,0.004605890256120571,SI,[3 1 2],52.5,10,996.6999999999971,0.0,False,7
10,0,0,[3 2 1],952.5,0.5,0.5,0.4457118430123306,SI,[3 1 2],52.5,10,996.6999999999971,0.0,False,7
10,0,1,[3 2 1],952.5,0.5,0.5,0.08174988976046083,SI,[3 1 2],52.5,10,996.6999999999971,0.0,False,7
10,0,2,[3 2 1],952.5,0.5,0.5,0.27655616231990543,SI,[3 1 2],52.5,10,996.6999999999971,0.0,False,7
10,0,3,[3 2 1],952.5,0.5,0.5,0.23329459297666055,SI,[3 1 2],52.5,10,996.6999999999971,0.0,False,7
10,0,4,[3 2 1],952.5,0.5,0.5,0.04023362137990261,SI,[3 1 2],52.5,10,996.6999999999971,0.0,False,7
11,0,0,[3 2 1],952.5,0.5,0.5,0.10180959248560773,SI,[3 1 2],52.5,10,996.6999999999971,0.0,False,7
11,0,1,[3 2 1],952.5,0.5,0.5,0.42722670386119255,SI,[3 1 2],52.5,10,996.6999999999971,0.0,False,7
11,0,2,[3 2 1],952.5,0.5,0.5,0.20887471366222932,SI,[3 1 2],52.5,10,996.6999999999971,0.0,False,7
11,0,3,[3 2 1],952.5,0.5,0.5,0.07962505024879074,SI,[3 1 2],52.5,10,996.6999999999971,0.0,False,7
11,0,4,[3 2 1],952.5,0.5,0.5,0.36685151736348054,SI,[3 1 2],52.5,10,996.6999999999971,0.0,False,7
12,0,0,[3 2 1],952.5,0.5,0.5,0.703751594148729,MI,[1 2 3],89.0,10,979.5999999999985,0.0,False,7
12,0,1,[3 2 1],952.5,0.5,0.5,0.253559271288067,SI,[3 1 2],52.5,10,996.6999999999971,0.0,False,7
12,0,2,[3 2 1],952.5,0.5,0.5,0.28974810281559016,SI,[3 1 2],52.5,10,996.6999999999971,0.0,False,7
12,0,3,[3 2 1],952.5,0.5,0.5,0.17198772494797754,SI,[3 1 2],52.5,10,996.6999999999971,0.0,False,7
12,0,4,[3 2 1],952.5,0.5,0.5,0.5474696047924192,MI,[1 2 3],89.0,10,979.5999999999985,0.0,False,7
13,0,0,[3 2 1],952.5,0.5,0.5,0.1684641303774589,SI,[3 1 2],52.5,10,996.6999999999971,0.0,False,7
13,0,1,[3 2 1],952.5,0.5,0.5,0.2860590611507776,SI,[3 1 2],52.5,10,996.6999999999971,0.0,False,7
13,0,2,[3 2 1],952.5,0.5,0.5,0.33537678497570345,SI,[3 1 2],52.5,10,996.6999999999971,0.0,False,7
13,0,3,[3 2 1],952.5,0.5,0.5,0.38968684012990584,SI,[3 1 2],52.5,10,996.6999999999971,0.0,False,7
13,0,4,[3 2 1],952.5,0.5,0.5,0.5961812576490088,MI,[1 2 3],89.0,10,979.5999999999985,0.0,False,7
14,0,0,[3 2 1],952.5,0.5,0.5,0.10528922727490797,SI,[3 1 2],52.5,10,996.6999999999971,0.0,False,7
14,0,1,[3 2 1],952.5,0.5,0.5,0.008803879877249732,SI,[3 1 2],52.5,10,996.6999999999971,0.0,False,7
14,0,2,[3 2 1],952.5,0.5,0.5,0.24283887038609364,SI,[3 1 2],52.5,10,996.6999999999971,0.0,False,7
14,0,3,[3 2 1],952.5,0.5,0.5,0.35187006561236855,SI,[3 1 2],52.5,10,996.6999999999971,0.0,False,7
14,0,4,[3 2 1],952.5,0.5,0.5,0.5163716632846213,MI,[1 2 3],89.0,10,979.5999999999985,0.0,False,7
15,0,0,[3 2 1],952.5,0.5,0.5,0.25773824598318973,SI,[3 1 2],52.5,10,996.6999999999971,0.0,False,7
15,0,1,[3 2 1],952.5,0.5,0.5,0.4716060829636599,SI,[3 1 2],52.5,10,996.6999999999971,0.0,False,7
15,0,2,[3 2 1],952.5,0.5,0.5,0.03234972338141051,SI,[3 1 2],52.5,10,996.6999999999971,0.0,False,7
15,0,3,[3 2 1],952.5,0.5,0.5,0.42228686480220357,SI,[3 1 2],52.5,10,996.6999999999971,0.0,False,7
15,0,4,[3 2 1],952.5,0.5,0.5,0.6714101885971442,MI,[1 2 3],89.0,10,979.5999999999985,0.0,False,7
16,0,0,[3 2 1],952.5,0.5,0.5,0.10044648712692383,SI,[3 1 2],52.5,10,996.6999999999971,0.0,False,7
16,0,1,[3 2 1],952.5,0.5,0.5,0.23581164335707294,SI,[1 2 3],89.0,10,979.5999999999985,0.0,False,7
16,0,2,[3 2 1],952.5,0.5,0.5,0.04268957286649255,SI,[3 1 2],52.5,10,996.6999999999971,0.0,False,7
16,0,3,[3 2 1],952.5,0.5,0.5,0.23651016435179095,SI,[1 2 3],89.0,10,979.5999999999985,0.0,False,7
16,0,4,[3 2 1],952.5,0.5,0.5,0.1534440250283451,SI,[3 1 2],52.5,10,996.6999999999971,0.0,False,7
17,0,0,[3 2 1],952.5,0.5,0.5,0.3570876487081114,SI,[3 1 2],52.5,10,996.6999999999971,0.0,False,7
17,0,1,[3 2 1],952.5,0.5,0.5,0.2322463614987712,SI,[3 1 2],52.5,10,996.6999999999971,0.0,False,7
17,0,2,[3 2 1],952.5,0.5,0.5,0.48980031442374383,SI,[3 1 2],52.5,10,996.6999999999971,0.0,False,7
17,0,3,[3 2 1],952.5,0.5,0.5,0.15820694791047385,SI,[3 1 2],52.5,10,996.6999999999971,0.0,False,7
17,0,4,[3 2 1],952.5,0.5,0.5,0.2718577270568122,SI,[1 2 3],89.0,10,979.5999999999985,0.0,False,7
18,0,0,[3 2 1],952.5,0.5,0.5,0.5779461898996521,MI,[1 2 3],89.0,10,979.5999999999985,0.0,False,7
18,0,1,[3 2 1],952.5,0.5,0.5,0.7136202459069807,MI,[1 2 3],89.0,10,979.5999999999985,0.0,False,7
18,0,2,[3 2 1],952.5,0.5,0.5,0.12921334740674084,SI,[3 1 2],52.5,10,996.6999999999971,0.0,False,7
18,0,3,[3 2 1],952.5,0.5,0.5,0.8703185325481197,MI,[1 2 3],89.0,10,979.5999999999985,0.0,False,7
18,0,4,[3 2 1],952.5,0.5,0.5,0.24809174613387652,SI,[3 1 2],52.5,10,996.6999999999971,0.0,False,7
19,0,0,[3 2 1],952.5,0.5,0.5,0.6575103033851368,MI,[1 2 3],89.0,10,979.5999999999985,0.0,False,7
19,0,1,[3 2 1],952.5,0.5,0.5,0.356283590579934,SI,[3 1 2],52.5,10,996.6999999999971,0.0,False,7
19,0,2,[3 2 1],952.5,0.5,0.5,0.33269870939819346,SI,[3 1 2],52.5,10,996.6999999999971,0.0,False,7
19,0,3,[3 2 1],952.5,0.5,0.5,0.4910263710385838,SI,[3 1 2],52.5,10,996.6999999999971,0.0,False,7
19,0,4,[3 2 1],952.5,0.5,0.5,0.2373634604799929,SI,[3 1 2],52.5,10,996.6999999999971,0.0,False,7
20,0,0,[3 2 1],952.5,0.5,0.5,0.3053265986258106,SI,[3 1 2],52.5,10,996.6999999999971,0.0,False,7
20,0,1,[3 2 1],952.5,0.5,0.5,0.2580915277783651,SI,[3 1 2],52.5,10,996.6999999999971,0.0,False,7
20,0,2,[3 2 1],952.5,0.5,0.5,0.3207727450743293,SI,[3 1 2],52.5,10,996.6999999999971,0.0,False,7
20,0,3,[3 2 1],952.5,0.5,0.5,0.19795009487808013,SI,[3 1 2],52.5,10,996.6999999999971,0.0,False,7
20,0,4,[3 2 1],952.5,0.5,0.5,0.38111751616333966,SI,[3 1 2],52.5,10,996.6999999999971,0.0,False,7
21,0,0,[3 2 1],952.5,0.5,0.5,0.2515674768805676,SI,[3 1 2],52.5,10,996.6999999999971,0.0,False,7
21,0,1,[3 2 1],952.5,0.5,0.5,0.4765889667893989,SI,[3 1 2],52.5,10,996.6999999999971,0.0,False,7
21,0,2,[3 2 1],952.5,0.5,0.5,0.11140365359747695,SI,[3 1 2],52.5,10,996.6999999999971,0.0,False,7
21,0,3,[3 2 1],952.5,0.5,0.5,0.12814164686027085,SI,[3 1 2],52.5,10,996.6999999999971,0.0,False,7
21,0,4,[3 2 1],952.5,0.5,0.5,0.2183294372349165,SI,[3 1 2],52.5,10,996.6999999999971,0.0,False,7
22,0,0,[3 2 1],952.5,0.5,0.5,0.01573794055296751,SI,[3 1 2],52.5,10,996.6999999999971,0.0,False,7
22,0,1,[3 2 1],952.5,0.5,0.5,0.1778681812793188,SI,[3 1 2],52.5,10,996.6999999999971,0.0,False,7
22,0,2,[3 2 1],952.5,0.5,0.5,0.4436735510634786,SI,[3 1 2],52.5,10,996.6999999999971,0.0,False,7
22,0,3,[3 2 1],952.5,0.5,0.5,0.33877313235369644,SI,[3 1 2],52.5,10,996.6999999999971,0.0,False,7
22,0,4,[3 2 1],952.5,0.5,0.5,0.022828647874948094,SI,[3 1 2],52.5,10,996.6999999999971,0.0,False,7
23,0,0,[3 2 1],952.5,0.5,0.5,0.2762346902002474,SI,[3 1 2],52.5,10,996.6999999999971,0.0,False,7
23,0,1,[3 2 1],952.5,0.5,0.5,0.2529288213772155,SI,[3 1 2],52.5,10,996.6999999999971,0.0,False,7
23,0,2,[3 2 1],952.5,0.5,0.5,0.43988231213144435,SI,[3 1 2],52.5,10,996.6999999999971,0.0,False,7
23,0,3,[3 2 1],952.5,0.5,0.5,0.9652557937268799,MI,[1 2 3],89.0,10,979.5999999999985,0.0,False,7
23,0,4,[3 2 1],952.5,0.5,0.5,0.6865709292028517,MI,[1 2 3],89.0,10,979.5999999999985,0.0,False,7
24,0,0,[3 2 1],952.5,0.5,0.5,0.02708860559998938,SI,[3 1 2],52.5,10,996.6999999999971,0.0,False,7
24,0,1,[3 2 1],952.5,0.5,0.5,0.21125875390886795,SI,[3 1 2],52.5,10,996.6999999999971,0.0,False,7
24,0,2,[3 2 1],952.5,0.5,0.5,0.27030811951027445,SI,[3 1 2],52.5,10,996.6999999999971,0.0,False,7
24,0,3,[3 2 1],952.5,0.5,0.5,0.9659206573561879,MI,[1 2 3],89.0,10,979.5999999999985,0.0,False,7
24,0,4,[3 2 1],952.5,0.5,0.5,0.3827786251799854,SI,[3 1 2],52.5,10,996.6999999999971,0.0,False,7
25,0,0,[3 2 1],952.5,0.5,0.5,0.12750177499274418,SI,[3 1 2],52.5,10,996.6999999999971,0.0,False,7
25,0,1,[3 2 1],952.5,0.5,0.5,0.2463259534426836,SI,[3 1 2],52.5,10,996.6999999999971,0.0,False,7
25,0,2,[3 2 1],952.5,0.5,0.5,0.07226063651148851,SI,[3 1 2],52.5,10,996.6999999999971,0.0,False,7
25,0,3,[3 2 1],952.5,0.5,0.5,0.017577280145276375,SI,[3 1 2],52.5,10,996.6999999999971,0.0,False,7
25,0,4,[3 2 1],952.5,0.5,0.5,0.2707872901837062,SI,[3 1 2],52.5,10,996.6999999999971,0.0,False,7
26,0,0,[3 2 1],952.5,0.5,0.5,0.03701042497254303,SI,[3 1 2],52.5,10,996.6999999999971,0.0,False,7
26,0,1,[3 2 1],952.5,0.5,0.5,0.33642874341270124,SI,[3 1 2],52.5,10,996.6999999999971,0.0,False,7
26,0,2,[3 2 1],952.5,0.5,0.5,0.416158631926289,SI,[3 1 2],52.5,10,996.6999999999971,0.0,False,7
26,0,3,[3 2 1],952.5,0.5,0.5,0.7152469485800091,MI,[1 2 3],89.0,10,979.5999999999985,0.0,False,7
26,0,4,[3 2 1],952.5,0.5,0.5,0.25998777173680454,SI,[3 1 2],52.5,10,996.6999999999971,0.0,False,7
27,0,0,[3 2 1],952.5,0.5,0.5,0.3042746690090523,SI,[1 2 3],89.0,10,979.5999999999985,0.0,False,7
27,0,1,[3 2 1],952.5,0.5,0.5,0.09321976644219143,SI,[3 1 2],52.5,10,996.6999999999971,0.0,False,7
27,0,2,[3 2 1],952.5,0.5,0.5,0.4292313084208442,SI,[3 1 2],52.5,10,996.6999999999971,0.0,False,7
27,0,3,[3 2 1],952.5,0.5,0.5,0.48783995815599124,SI,[3 1 2],52.5,10,996.6999999999971,0.0,False,7
27,0,4,[3 2 1],952.5,0.5,0.5,0.39361925545064724,SI,[3 1 2],52.5,10,996.6999999999971,0.0,False,7
28,0,0,[3 2 1],952.5,0.5,0.5,0.2515506897170906,SI,[3 1 2],52.5,10,996.6999999999971,0.0,False,7
28,0,1,[3 2 1],952.5,0.5,0.5,0.07170157007165323,SI,[3 1 2],52.5,10,996.6999999999971,0.0,False,7
28,0,2,[3 2 1],952.5,0.5,0.5,0.38433478775608587,SI,[3 1 2],52.5,10,996.6999999999971,0.0,False,7
28,0,3,[3 2 1],952.5,0.5,0.5,0.15702260870194107,SI,[3 1 2],52.5,10,996.6999999999971,0.0,False,7
28,0,4,[3 2 1],952.5,0.5,0.5,0.33928963684465274,SI,[3 1 2],52.5,10,996.6999999999971,0.0,False,7
29,0,0,[3 2 1],952.5,0.5,0.5,0.8272857954483861,MI,[1 2 3],89.0,10,979.5999999999985,0.0,False,7
29,0,1,[3 2 1],952.5,0.5,0.5,0.44137500068343327,SI,[3 1 2],52.5,10,996.6999999999971,0.0,False,7
29,0,2,[3 2 1],952.5,0.5,0.5,0.49058972674580914,SI,[3 1 2],52.5,10,996.6999999999971,0.0,False,7
29,0,3,[3 2 1],952.5,0.5,0.5,0.27257023736364316,SI,[3 1 2],52.5,10,996.6999999999971,0.0,False,7
29,0,4,[3 2 1],952.5,0.5,0.5,0.37429507830731534,SI,[3 1 2],52.5,10,996.6999999999971,0.0,False,7
30,0,0,[3 2 1],952.5,0.5,0.5,0.3752141789294867,SI,[1 2 3],89.0,10,979.5999999999985,0.0,False,7
30,0,1,[3 2 1],952.5,0.5,0.5,0.4317514486056122,SI,[3 1 2],52.5,10,996.6999999999971,0.0,False,7
30,0,2,[3 2 1],952.5,0.5,0.5,0.8478312849045421,MI,[1 2 3],89.0,10,979.5999999999985,0.0,False,7
30,0,3,[3 2 1],952.5,0.5,0.5,0.03208224802086879,SI,[3 1 2],52.5,10,996.6999999999971,0.0,False,7
30,0,4,[3 2 1],952.5,0.5,0.5,0.46536105277840856,SI,[3 1 2],52.5,10,996.6999999999971,0.0,False,7
31,0,0,[3 2 1],952.5,0.5,0.5,0.3896485996823368,SI,[3 1 2],52.5,10,996.6999999999971,0.0,False,7
31,0,1,[3 2 1],952.5,0.5,0.5,0.005384478093740208,SI,[3 1 2],52.5,10,996.6999999999971,0.0,False,7
31,0,2,[3 2 1],952.5,0.5,0.5,0.02786381468267707,SI,[3 1 2],52.5,10,996.6999999999971,0.0,False,7
31,0,3,[3 2 1],952.5,0.5,0.5,0.34060999694576966,SI,[3 1 2],52.5,10,996.6999999999971,0.0,False,7
31,0,4,[3 2 1],952.5,0.5,0.5,0.9196603813559276,MI,[1 2 3],89.0,10,979.5999999999985,0.0,False,7
32,0,0,[3 2 1],952.5,0.5,0.5,0.4772711188763591,SI,[3 1 2],52.5,10,996.6999999999971,0.0,False,7
32,0,1,[3 2 1],952.5,0.5,0.5,0.37248570259825486,SI,[3 1 2],52.5,10,996.6999999999971,0.0,False,7
32,0,2,[3 2 1],952.5,0.5,0.5,0.28305262532843445,SI,[3 1 2],52.5,10,996.6999999999971,0.0,False,7
32,0,3,[3 2 1],952.5,0.5,0.5,0.3376990865926365,SI,[3 1 2],52.5,10,996.6999999999971,0.0,False,7
32,0,4,[3 2 1],952.5,0.5,0.5,0.16431390121410516,SI,[3 1 2],52.5,10,996.6999999999971,0.0,False,7
33,0,0,[3 2 1],952.5,0.5,0.5,0.16184592287095978,SI,[3 1 2],52.5,10,996.6999999999971,0.0,False,7
33,0,1,[3 2 1],952.5,0.5,0.5,0.20169027950682095,SI,[3 1 2],52.5,10,996.6999999999971,0.0,False,7
33,0,2,[3 2 1],952.5,0.5,0.5,0.40696694834549063,SI,[3 1 2],52.5,10,996.6999999999971,0.0,False,7
33,0,3,[3 2 1],952.5,0.5,0.5,0.2896290014923213,SI,[3 1 2],52.5,10,996.6999999999971,0.0,False,7
33,0,4,[3 2 1],952.5,0.5,0.5,0.21231221818085366,SI,[3 1 2],52.5,10,996.6999999999971,0.0,False,7
34,0,0,[3 2 1],952.5,0.5,0.5,0.34232682825323923,SI,[3 1 2],52.5,10,996.6999999999971,0.0,False,7
34,0,1,[3 2 1],952.5,0.5,0.5,0.11644582138046677,SI,[3 1 2],52.5,10,996.6999999999971,0.0,False,7
34,0,2,[3 2 1],952.5,0.5,0.5,0.03665783415284374,SI,[3 1 2],52.5,10,996.6999999999971,0.0,False,7
34,0,3,[3 2 1],952.5,0.5,0.5,0.11311934531541523,SI,[3 1 2],52.5,10,996.6999999999971,0.0,False,7
34,0,4,[3 2 1],952.5,0.5,0.5,0.24749382608499115,SI,[3 1 2],52.5,10,996.6999999999971,0.0,False,7
35,0,0,[3 2 1],952.5,0.5,0.5,0.4040255155918724,SI,[1 2 3],89.0,10,979.5999999999985,0.0,False,7
35,0,1,[3 2 1],952.5,0.5,0.5,0.4204299446608827,SI,[3 1 2],52.5,10,996.6999999999971,0.0,False,7
35,0,2,[3 2 1],952.5,0.5,0.5,0.45011317412550955,SI,[3 1 2],52.5,10,996.6999999999971,0.0,False,7
35,0,3,[3 2 1],952.5,0.5,0.5,0.7793329993358794,MI,[1 2 3],89.0,10,979.5999999999985,0.0,False,7
35,0,4,[3 2 1],952.5,0.5,0.5,0.1817790528457569,SI,[3 1 2],52.5,10,996.6999999999971,0.0,False,7
36,0,0,[3 2 1],952.5,0.5,0.5,0.08199359047086552,SI,[3 1 2],52.5,10,996.6999999999971,0.0,False,7
36,0,1,[3 2 1],952.5,0.5,0.5,0.5791502670787982,MI,[1 2 3],89.0,10,979.5999999999985,0.0,False,7
36,0,2,[3 2 1],952.5,0.5,0.5,0.34393377632044864,SI,[3 1 2],52.5,10,996.6999999999971,0.0,False,7
36,0,3,[3 2 1],952.5,0.5,0.5,0.5460220159994866,MI,[1 2 3],89.0,10,979.5999999999985,0.0,False,7
36,0,4,[3 2 1],952.5,0.5,0.5,0.2975489909342417,SI,[3 1 2],52.5,10,996.6999999999971,0.0,False,7
37,0,0,[3 2 1],952.5,0.5,0.5,0.09006676449947137,SI,[3 1 2],52.5,10,996.6999999999971,0.0,False,7
37,0,1,[3 2 1],952.5,0.5,0.5,0.6753952648604867,MI,[1 2 3],89.0,10,979.5999999999985,0.0,False,7
37,0,2,[3 2 1],952.5,0.5,0.5,0.5077748479211137,MI,[1 2 3],89.0,10,979.5999999999985,0.0,False,7
37,0,3,[3 2 1],952.5,0.5,0.5,0.2880800189710103,SI,[3 1 2],52.5,10,996.6999999999971,0.0,False,7
37,0,4,[3 2 1],952.5,0.5,0.5,0.45640085074482706,SI,[3 1 2],52.5,10,996.6999999999971,0.0,False,7
38,0,0,[3 2 1],952.5,0.5,0.5,0.03787875787804029,SI,[3 1 2],52.5,10,996.6999999999971,0.0,False,7
38,0,1,[3 2 1],952.5,0.5,0.5,0.28015673677349096,SI,[3 1 2],52.5,10,996.6999999999971,0.0,False,7
38,0,2,[3 2 1],952.5,0.5,0.5,0.1711842658544328,SI,[3 1 2],52.5,10,996.6999999999971,0.0,False,7
38,0,3,[3 2 1],952.5,0.5,0.5,0.4616453136166635,SI,[3 1 2],52.5,10,996.6999999999971,0.0,False,7
38,0,4,[3 2 1],952.5,0.5,0.5,0.08011243346337193,SI,[3 1 2],52.5,10,996.6999999999971,0.0,False,7
39,0,0,[3 2 1],952.5,0.5,0.5,0.579136782314917,MI,[1 2 3],89.0,10,979.5999999999985,0.0,False,7
39,0,1,[3 2 1],952.5,0.5,0.5,0.0395102402805978,SI,[3 1 2],52.5,10,996.6999999999971,0.0,False,7
39,0,2,[3 2 1],952.5,0.5,0.5,0.3616152118876852,SI,[3 1 2],52.5,10,996.6999999999971,0.0,False,7
39,0,3,[3 2 1],952.5,0.5,0.5,0.11762482607590252,SI,[3 1 2],52.5,10,996.6999999999971,0.0,False,7
39,0,4,[3 2 1],952.5,0.5,0.5,0.3335105952763595,SI,[3 1 2],52.5,10,996.6999999999971,0.0,False,7
40,0,0,[3 2 1],952.5,0.5,0.5,0.2685427173163901,SI,[3 1 2],52.5,10,996.6999999999971,0.0,False,7
40,0,1,[3 2 1],952.5,0.5,0.5,0.24270286953612918,SI,[3 1 2],52.5,10,996.6999999999971,0.0,False,7
40,0,2,[3 2 1],952.5,0.5,0.5,0.23657662570390747,SI,[3 1 2],52.5,10,996.6999999999971,0.0,False,7
40,0,3,[3 2 1],952.5,0.5,0.5,0.47626009551131965,SI,[3 1 2],52.5,10,996.6999999999971,0.0,False,7
40,0,4,[3 2 1],952.5,0.5,0.5,0.24514869935813122,SI,[3 1 2],52.5,10,996.6999999999971,0.0,False,7
41,0,0,[3 2 1],952.5,0.5,0.5,0.4293141052292143,SI,[3 1 2],52.5,10,996.6999999999971,0.0,False,7
41,0,1,[3 2 1],952.5,0.5,0.5,0.8685122620879805,MI,[1 2 3],89.0,10,979.5999999999985,0.0,False,7
41,0,2,[3 2 1],952.5,0.5,0.5,0.2310345028450066,SI,[3 1 2],52.5,10,996.6999999999971,0.0,False,7
41,0,3,[3 2 1],952.5,0.5,0.5,0.1148500957534766,SI,[3 1 2],52.5,10,996.6999999999971,0.0,False,7
41,0,4,[3 2 1],952.5,0.5,0.5,0.30321376402534217,SI,[3 1 2],52.5,10,996.6999999999971,0.0,False,7
42,0,0,[3 2 1],952.5,0.5,0.5,0.10159441277539272,SI,[3 1 2],52.5,10,996.6999999999971,0.0,False,7
42,0,1,[3 2 1],952.5,0.5,0.5,0.13083342966742817,SI,[3 1 2],52.5,10,996.6999999999971,0.0,False,7
42,0,2,[3 2 1],952.5,0.5,0.5,0.1707494940005142,SI,[3 1 2],52.5,10,996.6999999999971,0.0,False,7
42,0,3,[3 2 1],952.5,0.5,0.5,0.12240482626854365,SI,[3 1 2],52.5,10,996.6999999999971,0.0,False,7
42,0,4,[3 2 1],952.5,0.5,0.5,0.6210326281806334,MI,[1 2 3],89.0,10,979.5999999999985,0.0,False,7
43,0,0,[3 2 1],952.5,0.5,0.5,0.4211473572153893,SI,[3 1 2],52.5,10,996.6999999999971,0.0,False,7
43,0,1,[3 2 1],952.5,0.5,0.5,0.4702297566980639,SI,[3 1 2],52.5,10,996.6999999999971,0.0,False,7
43,0,2,[3 2 1],952.5,0.5,0.5,0.2768209251509225,SI,[3 1 2],52.5,10,996.6999999999971,0.0,False,7
43,0,3,[3 2 1],952.5,0.5,0.5,0.3823246137571249,SI,[3 1 2],52.5,10,996.6999999999971,0.0,False,7
43,0,4,[3 2 1],952.5,0.5,0.5,0.25984326837444105,SI,[3 1 2],52.5,10,996.6999999999971,0.0,False,7
44,0,0,[3 2 1],952.5,0.5,0.5,0.6144825045939966,MI,[1 2 3],89.0,10,979.5999999999985,0.0,False,7
44,0,1,[3 2 1],952.5,0.5,0.5,0.0677010280616347,SI,[3 1 2],52.5,10,996.6999999999971,0.0,False,7
44,0,2,[3 2 1],952.5,0.5,0.5,0.4011571080139166,SI,[3 1 2],52.5,10,996.6999999999971,0.0,False,7
44,0,3,[3 2 1],952.5,0.5,0.5,0.37259898072103337,SI,[3 1 2],52.5,10,996.6999999999971,0.0,False,7
44,0,4,[3 2 1],952.5,0.5,0.5,0.7626022267721859,MI,[1 2 3],89.0,10,979.5999999999985,0.0,False,7
45,0,0,[3 2 1],952.5,0.5,0.5,0.3319362863409828,SI,[3 1 2],52.5,10,996.6999999999971,0.0,False,7
45,0,1,[3 2 1],952.5,0.5,0.5,0.3034700840570381,SI,[1 2 3],89.0,10,979.5999999999985,0.0,False,7
45,0,2,[3 2 1],952.5,0.5,0.5,0.48407635906515956,SI,[3 1 2],52.5,10,996.6999999999971,0.0,False,7
45,0,3,[3 2 1],952.5,0.5,0.5,0.24760893548850338,SI,[3 1 2],52.5,10,996.6999999999971,0.0,False,7
45,0,4,[3 2 1],952.5,0.5,0.5,0.19355049075133524,SI,[3 1 2],52.5,10,996.6999999999971,0.0,False,7
46,0,0,[3 2 1],952.5,0.5,0.5,0.004314747853808809,SI,[3 1 2],52.5,10,996.6999999999971,0.0,False,7
46,0,1,[3 2 1],952.5,0.5,0.5,0.8703332913033257,MI,[1 2 3],89.0,10,979.5999999999985,0.0,False,7
46,0,2,[3 2 1],952.5,0.5,0.5,0.2530931363412823,SI,[3 1 2],52.5,10,996.6999999999971,0.0,False,7
46,0,3,[3 2 1],952.5,0.5,0.5,0.41857113032517457,SI,[3 1 2],52.5,10,996.6999999999971,0.0,False,7
46,0,4,[3 2 1],952.5,0.5,0.5,0.4954171835578648,SI,[3 1 2],52.5,10,996.6999999999971,0.0,False,7
47,0,0,[3 2 1],952.5,0.5,0.5,0.33842344438356675,SI,[3 1 2],52.5,10,996.6999999999971,0.0,False,7
47,0,1,[3 2 1],952.5,0.5,0.5,0.17991220867799407,SI,[3 1 2],52.5,10,996.6999999999971,0.0,False,7
47,0,2,[3 2 1],952.5,0.5,0.5,0.1650946367754067,SI,[3 1 2],52.5,10,996.6999999999971,0.0,False,7
47,0,3,[3 2 1],952.5,0.5,0.5,0.4005508934629617,SI,[3 1 2],52.5,10,996.6999999999971,0.0,False,7
47,0,4,[3 2 1],952.5,0.5,0.5,0.40551060674471373,SI,[3 1 2],52.5,10,996.6999999999971,0.0,False,7
48,0,0,[3 2 1],952.5,0.5,0.5,0.5078215147018614,MI,[1 2 3],89.0,10,979.5999999999985,0.0,False,7
48,0,1,[3 2 1],952.5,0.5,0.5,0.09790641297752556,SI,[3 1 2],52.5,10,996.6999999999971,0.0,False,7
48,0,2,[3 2 1],952.5,0.5,0.5,0.1760093166632769,SI,[3 1 2],52.5,10,996.6999999999971,0.0,False,7
48,0,3,[3 2 1],952.5,0.5,0.5,0.2789774203158307,SI,[3 1 2],52.5,10,996.6999999999971,0.0,False,7
48,0,4,[3 2 1],952.5,0.5,0.5,0.1478235833279281,SI,[3 1 2],52.5,10,996.6999999999971,0.0,False,7
49,0,0,[3 2 1],952.5,0.5,0.5,0.24460113207499867,SI,[3 1 2],52.5,10,996.6999999999971,0.0,False,7
49,0,1,[3 2 1],952.5,0.5,0.5,0.1804633812121772,SI,[3 1 2],52.5,10,996.6999999999971,0.0,False,7
49,0,2,[3 2 1],952.5,0.5,0.5,0.8829911989174946,MI,[1 2 3],89.0,10,979.5999999999985,0.0,False,7
49,0,3,[3 2 1],952.5,0.5,0.5,0.4743207558884085,SI,[3 1 2],52.5,10,996.6999999999971,0.0,False,7
49,0,4,[3 2 1],952.5,0.5,0.5,0.13306819442242546,SI,[3 1 2],52.5,10,996.6999999999971,0.0,False,7
50,0,0,[3 2 1],952.5,0.5,0.5,0.41879552669152054,SI,[3 1 2],52.5,10,996.6999999999971,0.0,False,7
50,0,1,[3 2 1],952.5,0.5,0.5,0.25187716795607806,SI,[3 1 2],52.5,10,996.6999999999971,0.0,False,7
50,0,2,[3 2 1],952.5,0.5,0.5,0.2965754832552253,SI,[3 1 2],52.5,10,996.6999999999971,0.0,False,7
50,0,3,[3 2 1],952.5,0.5,0.5,0.42501715795412853,SI,[3 1 2],52.5,10,996.6999999999971,0.0,False,7
50,0,4,[3 2 1],952.5,0.5,0.5,0.32214712269978185,SI,[3 1 2],52.5,10,996.6999999999971,0.0,False,7
0,1,0,[1 2],796.3000000000029,0.5,0.5,0.43232933761931003,SI,[2 1],116.90000000000003,10,884.4000000000015,0.0,False,8
0,1,1,[1 2],796.3000000000029,0.5,0.5,0.14768094460178116,SI,[2 1],116.90000000000003,10,884.4000000000015,0.0,False,8
0,1,2,[1 2],796.3000000000029,0.5,0.5,0.1435668574895682,SI,[2 1],116.90000000000003,10,884.4000000000015,0.0,False,8
0,1,3,[1 2],796.3000000000029,0.5,0.5,0.24549754206921348,SI,[2 1],116.90000000000003,10,884.4000000000015,0.0,False,8
0,1,4,[1 2],796.3000000000029,0.5,0.5,0.36554856535311975,SI,[2 1],116.90000000000003,10,884.4000000000015,0.0,False,8
1,0,0,[1 2],796.3000000000029,0.5,0.5,0.3955119353549752,SI,[2 1],116.90000000000003,10,884.4000000000015,0.0,False,8
1,0,1,[1 2],796.3000000000029,0.5,0.5,0.299515644527668,SI,[2 1],116.90000000000003,10,884.4000000000015,0.0,False,8
1,0,2,[1 2],796.3000000000029,0.5,0.5,0.42556877246398284,SI,[2 1],116.90000000000003,10,884.4000000000015,0.0,False,8
1,0,3,[1 2],796.3000000000029,0.5,0.5,0.47223006817568636,SI,[2 1],116.90000000000003,10,884.4000000000015,0.0,False,8
1,0,4,[1 2],796.3000000000029,0.5,0.5,0.15412527566781242,SI,[2 1],116.90000000000003,10,884.4000000000015,0.0,False,8
2,0,0,[1 2],796.3000000000029,0.5,0.5,0.2738459529468602,SI,[2 1],116.90000000000003,10,884.4000000000015,0.0,False,8
2,0,1,[1 2],796.3000000000029,0.5,0.5,0.1369487465560737,SI,[2 1],116.90000000000003,10,884.4000000000015,0.0,False,8
2,0,2,[1 2],796.3000000000029,0.5,0.5,0.01924223065489794,SI,[2 1],116.90000000000003,10,884.4000000000015,0.0,False,8
2,0,3,[1 2],796.3000000000029,0.5,0.5,0.36679499344648636,SI,[2 1],116.90000000000003,10,884.4000000000015,0.0,False,8
2,0,4,[1 2],796.3000000000029,0.5,0.5,0.00611864405930429,SI,[2 1],116.90000000000003,10,884.4000000000015,0.0,False,8
3,0,0,[1 2],796.3000000000029,0.5,0.5,0.4692286268866046,SI,[2 1],116.90000000000003,10,884.4000000000015,0.0,False,8
3,0,1,[1 2],796.3000000000029,0.5,0.5,0.43299556872387046,SI,[2 1],116.90000000000003,10,884.4000000000015,0.0,False,8
3,0,2,[1 2],796.3000000000029,0.5,0.5,0.08545294232697187,SI,[2 1],116.90000000000003,10,884.4000000000015,0.0,False,8
3,0,3,[1 2],796.3000000000029,0.5,0.5,0.3863929818662497,SI,[2 1],116.90000000000003,10,884.4000000000015,0.0,False,8
3,0,4,[1 2],796.3000000000029,0.5,0.5,0.12546634423847602,SI,[2 1],116.90000000000003,10,884.4000000000015,0.0,False,8
4,0,0,[1 2],796.3000000000029,0.5,0.5,0.19619897646180295,SI,[2 1],116.90000000000003,10,884.4000000000015,0.0,False,8
4,0,1,[1 2],796.3000000000029,0.5,0.5,0.19696391719776007,SI,[2 1],116.90000000000003,10,884.4000000000015,0.0,False,8
4,0,2,[1 2],796.3000000000029,0.5,0.5,0.08767562246817018,SI,[2 1],116.90000000000003,10,884.4000000000015,0.0,False,8
4,0,3,[1 2],796.3000000000029,0.5,0.5,0.19162379055339518,SI,[2 1],116.90000000000003,10,884.4000000000015,0.0,False,8
4,0,4,[1 2],796.3000000000029,0.5,0.5,0.008751443277456805,SI,[2 1],116.90000000000003,10,884.4000000000015,0.0,False,8
5,0,0,[1 2],796.3000000000029,0.5,0.5,0.23093331318260724,SI,[2 1],116.90000000000003,10,884.4000000000015,0.0,False,8
5,0,1,[1 2],796.3000000000029,0.5,0.5,0.33097064726232406,SI,[2 1],116.90000000000003,10,884.4000000000015,0.0,False,8
5,0,2,[1 2],796.3000000000029,0.5,0.5,0.40699386016118766,SI,[2 1],116.90000000000003,10,884.4000000000015,0.0,False,8
5,0,3,[1 2],796.3000000000029,0.5,0.5,0.23770143032549773,SI,[2 1],116.90000000000003,10,884.4000000000015,0.0,False,8
5,0,4,[1 2],796.3000000000029,0.5,0.5,0.21404552700189494,SI,[2 1],116.90000000000003,10,884.4000000000015,0.0,False,8
6,0,0,[1 2],796.3000000000029,0.5,0.5,0.1384095637970909,SI,[2 1],116.90000000000003,10,884.4000000000015,0.0,False,8
6,0,1,[1 2],796.3000000000029,0.5,0.5,0.27723486539419184,SI,[2 1],116.90000000000003,10,884.4000000000015,0.0,False,8
6,0,2,[1 2],796.3000000000029,0.5,0.5,0.44582615825796956,SI,[2 1],116.90000000000003,10,884.4000000000015,0.0,False,8
6,0,3,[1 2],796.3000000000029,0.5,0.5,0.38794497078521906,SI,[2 1],116.90000000000003,10,884.4000000000015,0.0,False,8
6,0,4,[1 2],796.3000000000029,0.5,0.5,0.30948564340552986,SI,[2 1],116.90000000000003,10,884.4000000000015,0.0,False,8
7,0,0,[1 2],796.3000000000029,0.5,0.5,0.29537770011170306,SI,[2 1],116.90000000000003,10,884.4000000000015,0.0,False,8
7,0,1,[1 2],796.3000000000029,0.5,0.5,0.4677320626427576,SI,[2 1],116.90000000000003,10,884.4000000000015,0.0,False,8
7,0,2,[1 2],796.3000000000029,0.5,0.5,0.3528694753168442,SI,[2 1],116.90000000000003,10,884.4000000000015,0.0,False,8
7,0,3,[1 2],796.3000000000029,0.5,0.5,0.13353844693956363,SI,[2 1],116.90000000000003,10,884.4000000000015,0.0,False,8
7,0,4,[1 2],796.3000000000029,0.5,0.5,0.027516133977147583,SI,[2 1],116.90000000000003,10,884.4000000000015,0.0,False,8
8,0,0,[1 2],796.3000000000029,0.5,0.5,0.40478692119888704,SI,[2 1],116.90000000000003,10,884.4000000000015,0.0,False,8
8,0,1,[1 2],796.3000000000029,0.5,0.5,0.24078585667114905,SI,[2 1],116.90000000000003,10,884.4000000000015,0.0,False,8
8,0,2,[1 2],796.3000000000029,0.5,0.5,0.31080260659140524,SI,[2 1],116.90000000000003,10,884.4000000000015,0.0,False,8
8,0,3,[1 2],796.3000000000029,0.5,0.5,0.040171141632163065,SI,[2 1],116.90000000000003,10,884.4000000000015,0.0,False,8
8,0,4,[1 2],796.3000000000029,0.5,0.5,0.4259257579575092,SI,[2 1],116.90000000000003,10,884.4000000000015,0.0,False,8
9,0,0,[1 2],796.3000000000029,0.5,0.5,0.4178884889046056,SI,[2 1],116.90000000000003,10,884.4000000000015,0.0,False,8
9,0,1,[1 2],796.3000000000029,0.5,0.5,0.37074068579160646,SI,[2 1],116.90000000000003,10,884.4000000000015,0.0,False,8
9,0,2,[1 2],796.3000000000029,0.5,0.5,0.17884541503423868,SI,[2 1],116.90000000000003,10,884.4000000000015,0.0,False,8
9,0,3,[1 2],796.3000000000029,0.5,0.5,0.21811620856374847,SI,[2 1],116.90000000000003,10,884.4000000000015,0.0,False,8
9,0,4,[1 2],796.3000000000029,0.5,0.5,0.08086071633160552,SI,[2 1],116.90000000000003,10,884.4000000000015,0.0,False,8
10,0,0,[1 2],796.3000000000029,0.5,0.5,0.4131004158849024,SI,[2 1],116.90000000000003,10,884.4000000000015,0.0,False,8
10,0,1,[1 2],796.3000000000029,0.5,0.5,0.38009503146714685,SI,[2 1],116.90000000000003,10,884.4000000000015,0.0,False,8
10,0,2,[1 2],796.3000000000029,0.5,0.5,0.261956461319246,SI,[2 1],116.90000000000003,10,884.4000000000015,0.0,False,8
10,0,3,[1 2],796.3000000000029,0.5,0.5,0.3916292396605251,SI,[2 1],116.90000000000003,10,884.4000000000015,0.0,False,8
10,0,4,[1 2],796.3000000000029,0.5,0.5,0.4321605748613956,SI,[2 1],116.90000000000003,10,884.4000000000015,0.0,False,8
11,0,0,[1 2],796.3000000000029,0.5,0.5,0.1550881786064009,SI,[2 1],116.90000000000003,10,884.4000000000015,0.0,False,8
11,0,1,[1 2],796.3000000000029,0.5,0.5,0.005626468444280275,SI,[2 1],116.90000000000003,10,884.4000000000015,0.0,False,8
11,0,2,[1 2],796.3000000000029,0.5,0.5,0.214180433032234,SI,[2 1],116.90000000000003,10,884.4000000000015,0.0,False,8
11,0,3,[1 2],796.3000000000029,0.5,0.5,0.13234553754041556,SI,[2 1],116.90000000000003,10,884.4000000000015,0.0,False,8
11,0,4,[1 2],796.3000000000029,0.5,0.5,0.16274991594133847,SI,[2 1],116.90000000000003,10,884.4000000000015,0.0,False,8
12,0,0,[1 2],796.3000000000029,0.5,0.5,0.13451715841571044,SI,[2 1],116.90000000000003,10,884.4000000000015,0.0,False,8
12,0,1,[1 2],796.3000000000029,0.5,0.5,0.31649613305909485,SI,[2 1],116.90000000000003,10,884.4000000000015,0.0,False,8
12,0,2,[1 2],796.3000000000029,0.5,0.5,0.28619190484513646,SI,[2 1],116.90000000000003,10,884.4000000000015,0.0,False,8
12,0,3,[1 2],796.3000000000029,0.5,0.5,0.025946446627322595,SI,[2 1],116.90000000000003,10,884.4000000000015,0.0,False,8
12,0,4,[1 2],796.3000000000029,0.5,0.5,0.4194744412125835,SI,[2 1],116.90000000000003,10,884.4000000000015,0.0,False,8
13,0,0,[1 2],796.3000000000029,0.5,0.5,0.43079315005474883,SI,[2 1],116.90000000000003,10,884.4000000000015,0.0,False,8
13,0,1,[1 2],796.3000000000029,0.5,0.5,0.26430298572523925,SI,[2 1],116.90000000000003,10,884.4000000000015,0.0,False,8
13,0,2,[1 2],796.3000000000029,0.5,0.5,0.374640866443791,SI,[2 1],116.90000000000003,10,884.4000000000015,0.0,False,8
13,0,3,[1 2],796.3000000000029,0.5,0.5,0.07619564167475457,SI,[2 1],116.90000000000003,10,884.4000000000015,0.0,False,8
13,0,4,[1 2],796.3000000000029,0.5,0.5,0.3172146682109822,SI,[2 1],116.90000000000003,10,884.4000000000015,0.0,False,8
14,0,0,[1 2],796.3000000000029,0.5,0.5,0.35365517670265556,SI,[2 1],116.90000000000003,10,884.4000000000015,0.0,False,8
14,0,1,[1 2],796.3000000000029,0.5,0.5,0.2807616976816266,SI,[2 1],116.90000000000003,10,884.4000000000015,0.0,False,8
14,0,2,[1 2],796.3000000000029,0.5,0.5,0.26681542830159155,SI,[2 1],116.90000000000003,10,884.4000000000015,0.0,False,8
14,0,3,[1 2],796.3000000000029,0.5,0.5,0.057750589427379984,SI,[2 1],116.90000000000003,10,884.4000000000015,0.0,False,8
14,0,4,[1 2],796.3000000000029,0.5,0.5,0.46778058090896935,SI,[2 1],116.90000000000003,10,884.4000000000015,0.0,False,8
15,0,0,[1 2],796.3000000000029,0.5,0.5,0.04508938538433338,SI,[2 1],116.90000000000003,10,884.4000000000015,0.0,False,8
15,0,1,[1 2],796.3000000000029,0.5,0.5,0.14505550596338856,SI,[2 1],116.90000000000003,10,884.4000000000015,0.0,False,8
15,0,2,[1 2],796.3000000000029,0.5,0.5,0.07082934573767474,SI,[2 1],116.90000000000003,10,884.4000000000015,0.0,False,8
15,0,3,[1 2],796.3000000000029,0.5,0.5,0.09097684923893923,SI,[2 1],116.90000000000003,10,884.4000000000015,0.0,False,8
15,0,4,[1 2],796.3000000000029,0.5,0.5,0.3886690298744322,SI,[2 1],116.90000000000003,10,884.4000000000015,0.0,False,8
16,0,0,[1 2],796.3000000000029,0.5,0.5,0.09413668401058783,SI,[2 1],116.90000000000003,10,884.4000000000015,0.0,False,8
16,0,1,[1 2],796.3000000000029,0.5,0.5,0.07509600558279639,SI,[2 1],116.90000000000003,10,884.4000000000015,0.0,False,8
16,0,2,[1 2],796.3000000000029,0.5,0.5,0.35735914797470303,SI,[2 1],116.90000000000003,10,884.4000000000015,0.0,False,8
16,0,3,[1 2],796.3000000000029,0.5,0.5,0.31442297566974287,SI,[2 1],116.90000000000003,10,884.4000000000015,0.0,False,8
16,0,4,[1 2],796.3000000000029,0.5,0.5,0.4505772904059484,SI,[2 1],116.90000000000003,10,884.4000000000015,0.0,False,8
17,0,0,[1 2],796.3000000000029,0.5,0.5,0.42427165456817106,SI,[2 1],116.90000000000003,10,884.4000000000015,0.0,False,8
17,0,1,[1 2],796.3000000000029,0.5,0.5,0.29274135044909166,SI,[2 1],116.90000000000003,10,884.4000000000015,0.0,False,8
17,0,2,[1 2],796.3000000000029,0.5,0.5,0.21591292518243788,SI,[2 1],116.90000000000003,10,884.4000000000015,0.0,False,8
17,0,3,[1 2],796.3000000000029,0.5,0.5,0.4310699071831756,SI,[2 1],116.90000000000003,10,884.4000000000015,0.0,False,8
17,0,4,[1 2],796.3000000000029,0.5,0.5,0.060830216434098694,SI,[2 1],116.90000000000003,10,884.4000000000015,0.0,False,8
18,0,0,[1 2],796.3000000000029,0.5,0.5,0.3622245914694102,SI,[2 1],116.90000000000003,10,884.4000000000015,0.0,False,8
18,0,1,[1 2],796.3000000000029,0.5,0.5,0.13362293772009748,SI,[2 1],116.90000000000003,10,884.4000000000015,0.0,False,8
18,0,2,[1 2],796.3000000000029,0.5,0.5,0.41421245250892924,SI,[2 1],116.90000000000003,10,884.4000000000015,0.0,False,8
18,0,3,[1 2],796.3000000000029,0.5,0.5,0.44751447524312815,SI,[2 1],116.90000000000003,10,884.4000000000015,0.0,False,8
18,0,4,[1 2],796.3000000000029,0.5,0.5,0.4518864807013634,SI,[2 1],116.90000000000003,10,884.4000000000015,0.0,False,8
19,0,0,[1 2],796.3000000000029,0.5,0.5,0.3055130368295581,SI,[2 1],116.90000000000003,10,884.4000000000015,0.0,False,8
19,0,1,[1 2],796.3000000000029,0.5,0.5,0.3493016999396531,SI,[2 1],116.90000000000003,10,884.4000000000015,0.0,False,8
19,0,2,[1 2],796.3000000000029,0.5,0.5,0.2758668262765388,SI,[2 1],116.90000000000003,10,884.4000000000015,0.0,False,8
19,0,3,[1 2],796.3000000000029,0.5,0.5,0.3593721392982405,SI,[2 1],116.90000000000003,10,884.4000000000015,0.0,False,8
19,0,4,[1 2],796.3000000000029,0.5,0.5,0.10560665976585115,SI,[2 1],116.90000000000003,10,884.4000000000015,0.0,False,8
20,0,0,[1 2],796.3000000000029,0.5,0.5,0.269821273890012,SI,[2 1],116.90000000000003,10,884.4000000000015,0.0,False,8
20,0,1,[1 2],796.3000000000029,0.5,0.5,0.10597807364643386,SI,[2 1],116.90000000000003,10,884.4000000000015,0.0,False,8
20,0,2,[1 2],796.3000000000029,0.5,0.5,0.40647174903095984,SI,[2 1],116.90000000000003,10,884.4000000000015,0.0,False,8
20,0,3,[1 2],796.3000000000029,0.5,0.5,0.45674025691497355,SI,[2 1],116.90000000000003,10,884.4000000000015,0.0,False,8
20,0,4,[1 2],796.3000000000029,0.5,0.5,0.22177284620518856,SI,[2 1],116.90000000000003,10,884.4000000000015,0.0,False,8
21,0,0,[1 2],796.3000000000029,0.5,0.5,0.4711712513205514,SI,[2 1],116.90000000000003,10,884.4000000000015,0.0,False,8
21,0,1,[1 2],796.3000000000029,0.5,0.5,0.14090485803206332,SI,[2 1],116.90000000000003,10,884.4000000000015,0.0,False,8
21,0,2,[1 2],796.3000000000029,0.5,0.5,0.32116678988338354,SI,[2 1],116.90000000000003,10,884.4000000000015,0.0,False,8
21,0,3,[1 2],796.3000000000029,0.5,0.5,0.44721916944014983,SI,[2 1],116.90000000000003,10,884.4000000000015,0.0,False,8
21,0,4,[1 2],796.3000000000029,0.5,0.5,0.21537660896473942,SI,[2 1],116.90000000000003,10,884.4000000000015,0.0,False,8
22,0,0,[1 2],796.3000000000029,0.5,0.5,0.0749362368455343,SI,[2 1],116.90000000000003,10,884.4000000000015,0.0,False,8
22,0,1,[1 2],796.3000000000029,0.5,0.5,0.10751997221101406,SI,[2 1],116.90000000000003,10,884.4000000000015,0.0,False,8
22,0,2,[1 2],796.3000000000029,0.5,0.5,0.010281176068212106,SI,[2 1],116.90000000000003,10,884.4000000000015,0.0,False,8
22,0,3,[1 2],796.3000000000029,0.5,0.5,0.33433486461917183,SI,[2 1],116.90000000000003,10,884.4000000000015,0.0,False,8
22,0,4,[1 2],796.3000000000029,0.5,0.5,0.07676395733284636,SI,[2 1],116.90000000000003,10,884.4000000000015,0.0,False,8
23,0,0,[1 2],796.3000000000029,0.5,0.5,0.2962345527304021,SI,[2 1],116.90000000000003,10,884.4000000000015,0.0,False,8
23,0,1,[1 2],796.3000000000029,0.5,0.5,0.2405599515080452,SI,[2 1],116.90000000000003,10,884.4000000000015,0.0,False,8
23,0,2,[1 2],796.3000000000029,0.5,0.5,0.45415168204267253,SI,[2 1],116.90000000000003,10,884.4000000000015,0.0,False,8
23,0,3,[1 2],796.3000000000029,0.5,0.5,0.4232220973984534,SI,[2 1],116.90000000000003,10,884.4000000000015,0.0,False,8
23,0,4,[1 2],796.3000000000029,0.5,0.5,0.11729324072200098,SI,[2 1],116.90000000000003,10,884.4000000000015,0.0,False,8
24,0,0,[1 2],796.3000000000029,0.5,0.5,0.3870367801105752,SI,[2 1],116.90000000000003,10,884.4000000000015,0.0,False,8
24,0,1,[1 2],796.3000000000029,0.5,0.5,0.4828668633406079,SI,[2 1],116.90000000000003,10,884.4000000000015,0.0,False,8
24,0,2,[1 2],796.3000000000029,0.5,0.5,0.2093389359038179,SI,[2 1],116.90000000000003,10,884.4000000000015,0.0,False,8
24,0,3,[1 2],796.3000000000029,0.5,0.5,0.1240319345789399,SI,[2 1],116.90000000000003,10,884.4000000000015,0.0,False,8
24,0,4,[1 2],796.3000000000029,0.5,0.5,0.43838321244077605,SI,[2 1],116.90000000000003,10,884.4000000000015,0.0,False,8
25,0,0,[1 2],796.3000000000029,0.5,0.5,0.15372175830155477,SI,[2 1],116.90000000000003,10,884.4000000000015,0.0,False,8
25,0,1,[1 2],796.3000000000029,0.5,0.5,0.48583342861181,SI,[2 1],116.90000000000003,10,884.4000000000015,0.0,False,8
25,0,2,[1 2],796.3000000000029,0.5,0.5,0.30189171112825786,SI,[2 1],116.90000000000003,10,884.4000000000015,0.0,False,8
25,0,3,[1 2],796.3000000000029,0.5,0.5,0.2994447452152458,SI,[2 1],116.90000000000003,10,884.4000000000015,0.0,False,8
25,0,4,[1 2],796.3000000000029,0.5,0.5,0.13924435213913622,SI,[2 1],116.90000000000003,10,884.4000000000015,0.0,False,8
26,0,0,[1 2],796.3000000000029,0.5,0.5,0.20662222870574942,SI,[2 1],116.90000000000003,10,884.4000000000015,0.0,False,8
26,0,1,[1 2],796.3000000000029,0.5,0.5,0.2520381412536076,SI,[2 1],116.90000000000003,10,884.4000000000015,0.0,False,8
26,0,2,[1 2],796.3000000000029,0.5,0.5,0.38373021621540815,SI,[2 1],116.90000000000003,10,884.4000000000015,0.0,False,8
26,0,3,[1 2],796.3000000000029,0.5,0.5,0.4912526752164291,SI,[2 1],116.90000000000003,10,884.4000000000015,0.0,False,8
26,0,4,[1 2],796.3000000000029,0.5,0.5,0.4148740303681201,SI,[2 1],116.90000000000003,10,884.4000000000015,0.0,False,8
27,0,0,[1 2],796.3000000000029,0.5,0.5,0.4909071762892535,SI,[2 1],116.90000000000003,10,884.4000000000015,0.0,False,8
27,0,1,[1 2],796.3000000000029,0.5,0.5,0.22511519565305338,SI,[2 1],116.90000000000003,10,884.4000000000015,0.0,False,8
27,0,2,[1 2],796.3000000000029,0.5,0.5,0.46470644763399316,SI,[2 1],116.90000000000003,10,884.4000000000015,0.0,False,8
27,0,3,[1 2],796.3000000000029,0.5,0.5,0.012389119754052436,SI,[2 1],116.90000000000003,10,884.4000000000015,0.0,False,8
27,0,4,[1 2],796.3000000000029,0.5,0.5,0.29878617592501633,SI,[2 1],116.90000000000003,10,884.4000000000015,0.0,False,8
28,0,0,[1 2],796.3000000000029,0.5,0.5,0.32503604762834415,SI,[2 1],116.90000000000003,10,884.4000000000015,0.0,False,8
28,0,1,[1 2],796.3000000000029,0.5,0.5,0.11232583262702212,SI,[2 1],116.90000000000003,10,884.4000000000015,0.0,False,8
28,0,2,[1 2],796.3000000000029,0.5,0.5,0.3728016754763781,SI,[2 1],116.90000000000003,10,884.4000000000015,0.0,False,8
28,0,3,[1 2],796.3000000000029,0.5,0.5,0.31071822458562426,SI,[2 1],116.90000000000003,10,884.4000000000015,0.0,False,8
28,0,4,[1 2],796.3000000000029,0.5,0.5,0.013286016560282832,SI,[2 1],116.90000000000003,10,884.4000000000015,0.0,False,8
29,0,0,[1 2],796.3000000000029,0.5,0.5,0.20309780141001355,SI,[2 1],116.90000000000003,10,884.4000000000015,0.0,False,8
29,0,1,[1 2],796.3000000000029,0.5,0.5,0.20269552049007256,SI,[2 1],116.90000000000003,10,884.4000000000015,0.0,False,8
29,0,2,[1 2],796.3000000000029,0.5,0.5,0.49904734548388674,SI,[2 1],116.90000000000003,10,884.4000000000015,0.0,False,8
29,0,3,[1 2],796.3000000000029,0.5,0.5,0.42949080772006465,SI,[2 1],116.90000000000003,10,884.4000000000015,0.0,False,8
29,0,4,[1 2],796.3000000000029,0.5,0.5,0.3762750753232472,SI,[2 1],116.90000000000003,10,884.4000000000015,0.0,False,8
30,0,0,[1 2],796.3000000000029,0.5,0.5,0.006217343136829312,SI,[2 1],116.90000000000003,10,884.4000000000015,0.0,False,8
30,0,1,[1 2],796.3000000000029,0.5,0.5,0.07475971384348212,SI,[2 1],116.90000000000003,10,884.4000000000015,0.0,False,8
30,0,2,[1 2],796.3000000000029,0.5,0.5,0.1921633875255664,SI,[2 1],116.90000000000003,10,884.4000000000015,0.0,False,8
30,0,3,[1 2],796.3000000000029,0.5,0.5,0.23324349549109313,SI,[2 1],116.90000000000003,10,884.4000000000015,0.0,False,8
30,0,4,[1 2],796.3000000000029,0.5,0.5,0.07617067686219903,SI,[2 1],116.90000000000003,10,884.4000000000015,0.0,False,8
31,0,0,[1 2],796.3000000000029,0.5,0.5,0.07189832549741593,SI,[2 1],116.90000000000003,10,884.4000000000015,0.0,False,8
31,0,1,[1 2],796.3000000000029,0.5,0.5,0.4943418377257979,SI,[2 1],116.90000000000003,10,884.4000000000015,0.0,False,8
31,0,2,[1 2],796.3000000000029,0.5,0.5,0.4118087650626924,SI,[2 1],116.90000000000003,10,884.4000000000015,0.0,False,8
31,0,3,[1 2],796.3000000000029,0.5,0.5,0.48744387040234183,SI,[2 1],116.90000000000003,10,884.4000000000015,0.0,False,8
31,0,4,[1 2],796.3000000000029,0.5,0.5,0.07300883363831834,SI,[2 1],116.90000000000003,10,884.4000000000015,0.0,False,8
32,0,0,[1 2],796.3000000000029,0.5,0.5,0.4955069378570136,SI,[2 1],116.90000000000003,10,884.4000000000015,0.0,False,8
32,0,1,[1 2],796.3000000000029,0.5,0.5,0.4944604322141404,SI,[2 1],116.90000000000003,10,884.4000000000015,0.0,False,8
32,0,2,[1 2],796.3000000000029,0.5,0.5,0.20533277565368202,SI,[2 1],116.90000000000003,10,884.4000000000015,0.0,False,8
32,0,3,[1 2],796.3000000000029,0.5,0.5,0.4282191785769017,SI,[2 1],116.90000000000003,10,884.4000000000015,0.0,False,8
32,0,4,[1 2],796.3000000000029,0.5,0.5,0.0007446398347772387,SI,[2 1],116.90000000000003,10,884.4000000000015,0.0,False,8
33,0,0,[1 2],796.3000000000029,0.5,0.5,0.11097660028994383,SI,[2 1],116.90000000000003,10,884.4000000000015,0.0,False,8
33,0,1,[1 2],796.3000000000029,0.5,0.5,0.0384086758234341,SI,[2 1],116.90000000000003,10,884.4000000000015,0.0,False,8
33,0,2,[1 2],796.3000000000029,0.5,0.5,0.4266388946878098,SI,[2 1],116.90000000000003,10,884.4000000000015,0.0,False,8
33,0,3,[1 2],796.3000000000029,0.5,0.5,0.21402122443696625,SI,[2 1],116.90000000000003,10,884.4000000000015,0.0,False,8
33,0,4,[1 2],796.3000000000029,0.5,0.5,0.13840226317258364,SI,[2 1],116.90000000000003,10,884.4000000000015,0.0,False,8
34,0,0,[1 2],796.3000000000029,0.5,0.5,0.4800832704048108,SI,[2 1],116.90000000000003,10,884.4000000000015,0.0,False,8
34,0,1,[1 2],796.3000000000029,0.5,0.5,0.157374541476217,SI,[2 1],116.90000000000003,10,884.4000000000015,0.0,False,8
34,0,2,[1 2],796.3000000000029,0.5,0.5,0.3274452993485879,SI,[2 1],116.90000000000003,10,884.4000000000015,0.0,False,8
34,0,3,[1 2],796.3000000000029,0.5,0.5,0.49837789577981684,SI,[2 1],116.90000000000003,10,884.4000000000015,0.0,False,8
34,0,4,[1 2],796.3000000000029,0.5,0.5,0.11212374384437185,SI,[2 1],116.90000000000003,10,884.4000000000015,0.0,False,8
35,0,0,[1 2],796.3000000000029,0.5,0.5,0.43065528581365475,SI,[2 1],116.90000000000003,10,884.4000000000015,0.0,False,8
35,0,1,[1 2],796.3000000000029,0.5,0.5,0.28694891360894614,SI,[2 1],116.90000000000003,10,884.4000000000015,0.0,False,8
35,0,2,[1 2],796.3000000000029,0.5,0.5,0.3225414551594036,SI,[2 1],116.90000000000003,10,884.4000000000015,0.0,False,8
35,0,3,[1 2],796.3000000000029,0.5,0.5,0.4230475130068816,SI,[2 1],116.90000000000003,10,884.4000000000015,0.0,False,8
35,0,4,[1 2],796.3000000000029,0.5,0.5,0.23897381707271326,SI,[2 1],116.90000000000003,10,884.4000000000015,0.0,False,8
36,0,0,[1 2],796.3000000000029,0.5,0.5,0.09070704845494526,SI,[2 1],116.90000000000003,10,884.4000000000015,0.0,False,8
36,0,1,[1 2],796.3000000000029,0.5,0.5,0.09601667385213497,SI,[2 1],116.90000000000003,10,884.4000000000015,0.0,False,8
36,0,2,[1 2],796.3000000000029,0.5,0.5,0.11475418609948229,SI,[2 1],116.90000000000003,10,884.4000000000015,0.0,False,8
36,0,3,[1 2],796.3000000000029,0.5,0.5,0.4043160628912721,SI,[2 1],116.90000000000003,10,884.4000000000015,0.0,False,8
36,0,4,[1 2],796.3000000000029,0.5,0.5,0.42397844600283174,SI,[2 1],116.90000000000003,10,884.4000000000015,0.0,False,8
37,0,0,[1 2],796.3000000000029,0.5,0.5,0.4979290040024442,SI,[2 1],116.90000000000003,10,884.4000000000015,0.0,False,8
37,0,1,[1 2],796.3000000000029,0.5,0.5,0.1998446590923082,SI,[2 1],116.90000000000003,10,884.4000000000015,0.0,False,8
37,0,2,[1 2],796.3000000000029,0.5,0.5,0.2799192323785201,SI,[2 1],116.90000000000003,10,884.4000000000015,0.0,False,8
37,0,3,[1 2],796.3000000000029,0.5,0.5,0.18374740708993587,SI,[2 1],116.90000000000003,10,884.4000000000015,0.0,False,8
37,0,4,[1 2],796.3000000000029,0.5,0.5,0.05955396121114653,SI,[2 1],116.90000000000003,10,884.4000000000015,0.0,False,8
38,0,0,[1 2],796.3000000000029,0.5,0.5,0.03553344108245726,SI,[2 1],116.90000000000003,10,884.4000000000015,0.0,False,8
38,0,1,[1 2],796.3000000000029,0.5,0.5,0.25290341025359475,SI,[2 1],116.90000000000003,10,884.4000000000015,0.0,False,8
38,0,2,[1 2],796.3000000000029,0.5,0.5,0.16090458824542342,SI,[2 1],116.90000000000003,10,884.4000000000015,0.0,False,8
38,0,3,[1 2],796.3000000000029,0.5,0.5,0.35578966008238844,SI,[2 1],116.90000000000003,10,884.4000000000015,0.0,False,8
38,0,4,[1 2],796.3000000000029,0.5,0.5,0.10765812635348948,SI,[2 1],116.90000000000003,10,884.4000000000015,0.0,False,8
39,0,0,[1 2],796.3000000000029,0.5,0.5,0.002161805788151061,SI,[2 1],116.90000000000003,10,884.4000000000015,0.0,False,8
39,0,1,[1 2],796.3000000000029,0.5,0.5,0.06511122834288441,SI,[2 1],116.90000000000003,10,884.4000000000015,0.0,False,8
39,0,2,[1 2],796.3000000000029,0.5,0.5,0.29100932534296364,SI,[2 1],116.90000000000003,10,884.4000000000015,0.0,False,8
39,0,3,[1 2],796.3000000000029,0.5,0.5,0.05183709830758132,SI,[2 1],116.90000000000003,10,884.4000000000015,0.0,False,8
39,0,4,[1 2],796.3000000000029,0.5,0.5,0.2724496292347949,SI,[2 1],116.90000000000003,10,884.4000000000015,0.0,False,8
40,0,0,[1 2],796.3000000000029,0.5,0.5,0.08843571406161466,SI,[2 1],116.90000000000003,10,884.4000000000015,0.0,False,8
40,0,1,[1 2],796.3000000000029,0.5,0.5,0.079496235444376,SI,[2 1],116.90000000000003,10,884.4000000000015,0.0,False,8
40,0,2,[1 2],796.3000000000029,0.5,0.5,0.14072565774273782,SI,[2 1],116.90000000000003,10,884.4000000000015,0.0,False,8
40,0,3,[1 2],796.3000000000029,0.5,0.5,0.48753927952759313,SI,[2 1],116.90000000000003,10,884.4000000000015,0.0,False,8
40,0,4,[1 2],796.3000000000029,0.5,0.5,0.1891379374727009,SI,[2 1],116.90000000000003,10,884.4000000000015,0.0,False,8
41,0,0,[1 2],796.3000000000029,0.5,0.5,0.36568606249369007,SI,[2 1],116.90000000000003,10,884.4000000000015,0.0,False,8
41,0,1,[1 2],796.3000000000029,0.5,0.5,0.3807055660684121,SI,[2 1],116.90000000000003,10,884.4000000000015,0.0,False,8
41,0,2,[1 2],796.3000000000029,0.5,0.5,0.07656046555417662,SI,[2 1],116.90000000000003,10,884.4000000000015,0.0,False,8
41,0,3,[1 2],796.3000000000029,0.5,0.5,0.09671407698785672,SI,[2 1],116.90000000000003,10,884.4000000000015,0.0,False,8
41,0,4,[1 2],796.3000000000029,0.5,0.5,0.10093449183407233,SI,[2 1],116.90000000000003,10,884.4000000000015,0.0,False,8
42,0,0,[1 2],796.3000000000029,0.5,0.5,0.04934668701100098,SI,[2 1],116.90000000000003,10,884.4000000000015,0.0,False,8
42,0,1,[1 2],796.3000000000029,0.5,0.5,0.05765816764780052,SI,[2 1],116.90000000000003,10,884.4000000000015,0.0,False,8
42,0,2,[1 2],796.3000000000029,0.5,0.5,0.48877604000127417,SI,[2 1],116.90000000000003,10,884.4000000000015,0.0,False,8
42,0,3,[1 2],796.3000000000029,0.5,0.5,0.1162693915266465,SI,[2 1],116.90000000000003,10,884.4000000000015,0.0,False,8
42,0,4,[1 2],796.3000000000029,0.5,0.5,0.18407526684270836,SI,[2 1],116.90000000000003,10,884.4000000000015,0.0,False,8
43,0,0,[1 2],796.3000000000029,0.5,0.5,0.46573309291092424,SI,[2 1],116.90000000000003,10,884.4000000000015,0.0,False,8
43,0,1,[1 2],796.3000000000029,0.5,0.5,0.12105865305299923,SI,[2 1],116.90000000000003,10,884.4000000000015,0.0,False,8
43,0,2,[1 2],796.3000000000029,0.5,0.5,0.021272637518107373,SI,[2 1],116.90000000000003,10,884.4000000000015,0.0,False,8
43,0,3,[1 2],796.3000000000029,0.5,0.5,0.2645047495046601,SI,[2 1],116.90000000000003,10,884.4000000000015,0.0,False,8
43,0,4,[1 2],796.3000000000029,0.5,0.5,0.11268705784389499,SI,[2 1],116.90000000000003,10,884.4000000000015,0.0,False,8
44,0,0,[1 2],796.3000000000029,0.5,0.5,0.3371231249577137,SI,[2 1],116.90000000000003,10,884.4000000000015,0.0,False,8
44,0,1,[1 2],796.3000000000029,0.5,0.5,0.24506604547874056,SI,[2 1],116.90000000000003,10,884.4000000000015,0.0,False,8
44,0,2,[1 2],796.3000000000029,0.5,0.5,0.3811905171464579,SI,[2 1],116.90000000000003,10,884.4000000000015,0.0,False,8
44,0,3,[1 2],796.3000000000029,0.5,0.5,0.23926895665600612,SI,[2 1],116.90000000000003,10,884.4000000000015,0.0,False,8
44,0,4,[1 2],796.3000000000029,0.5,0.5,0.0036419539505919696,SI,[2 1],116.90000000000003,10,884.4000000000015,0.0,False,8
45,0,0,[1 2],796.3000000000029,0.5,0.5,0.4116423204408528,SI,[2 1],116.90000000000003,10,884.4000000000015,0.0,False,8
45,0,1,[1 2],796.3000000000029,0.5,0.5,0.10691197016387977,SI,[2 1],116.90000000000003,10,884.4000000000015,0.0,False,8
45,0,2,[1 2],796.3000000000029,0.5,0.5,0.23610351678614505,SI,[2 1],116.90000000000003,10,884.4000000000015,0.0,False,8
45,0,3,[1 2],796.3000000000029,0.5,0.5,0.44395589223627174,SI,[2 1],116.90000000000003,10,884.4000000000015,0.0,False,8
45,0,4,[1 2],796.3000000000029,0.5,0.5,0.028252520552913607,SI,[2 1],116.90000000000003,10,884.4000000000015,0.0,False,8
46,0,0,[1 2],796.3000000000029,0.5,0.5,0.12165333543711743,SI,[2 1],116.90000000000003,10,884.4000000000015,0.0,False,8
46,0,1,[1 2],796.3000000000029,0.5,0.5,0.41901435080730365,SI,[2 1],116.90000000000003,10,884.4000000000015,0.0,False,8
46,0,2,[1 2],796.3000000000029,0.5,0.5,0.1853982860961858,SI,[2 1],116.90000000000003,10,884.4000000000015,0.0,False,8
46,0,3,[1 2],796.3000000000029,0.5,0.5,0.13148858880532976,SI,[2 1],116.90000000000003,10,884.4000000000015,0.0,False,8
46,0,4,[1 2],796.3000000000029,0.5,0.5,0.2948637047055155,SI,[2 1],116.90000000000003,10,884.4000000000015,0.0,False,8
47,0,0,[1 2],796.3000000000029,0.5,0.5,0.14099829924108354,SI,[2 1],116.90000000000003,10,884.4000000000015,0.0,False,8
47,0,1,[1 2],796.3000000000029,0.5,0.5,0.39090859659960575,SI,[2 1],116.90000000000003,10,884.4000000000015,0.0,False,8
47,0,2,[1 2],796.3000000000029,0.5,0.5,0.29103117598717887,SI,[2 1],116.90000000000003,10,884.4000000000015,0.0,False,8
47,0,3,[1 2],796.3000000000029,0.5,0.5,0.3921785509535588,SI,[2 1],116.90000000000003,10,884.4000000000015,0.0,False,8
47,0,4,[1 2],796.3000000000029,0.5,0.5,0.05718690364664025,SI,[2 1],116.90000000000003,10,884.4000000000015,0.0,False,8
48,0,0,[1 2],796.3000000000029,0.5,0.5,0.3739305623271346,SI,[2 1],116.90000000000003,10,884.4000000000015,0.0,False,8
48,0,1,[1 2],796.3000000000029,0.5,0.5,0.35793658100230064,SI,[2 1],116.90000000000003,10,884.4000000000015,0.0,False,8
48,0,2,[1 2],796.3000000000029,0.5,0.5,0.29183732357362624,SI,[2 1],116.90000000000003,10,884.4000000000015,0.0,False,8
48,0,3,[1 2],796.3000000000029,0.5,0.5,0.11324810713445665,SI,[2 1],116.90000000000003,10,884.4000000000015,0.0,False,8
48,0,4,[1 2],796.3000000000029,0.5,0.5,0.10676067095440744,SI,[2 1],116.90000000000003,10,884.4000000000015,0.0,False,8
49,0,0,[1 2],796.3000000000029,0.5,0.5,0.3297969580943606,SI,[2 1],116.90000000000003,10,884.4000000000015,0.0,False,8
49,0,1,[1 2],796.3000000000029,0.5,0.5,0.019931216860008094,SI,[2 1],116.90000000000003,10,884.4000000000015,0.0,False,8
49,0,2,[1 2],796.3000000000029,0.5,0.5,0.4487523500900571,SI,[2 1],116.90000000000003,10,884.4000000000015,0.0,False,8
49,0,3,[1 2],796.3000000000029,0.5,0.5,0.25696897223380233,SI,[2 1],116.90000000000003,10,884.4000000000015,0.0,False,8
49,0,4,[1 2],796.3000000000029,0.5,0.5,0.021480278171918443,SI,[2 1],116.90000000000003,10,884.4000000000015,0.0,False,8
50,0,0,[1 2],796.3000000000029,0.5,0.5,0.4464864676871533,SI,[2 1],116.90000000000003,10,884.4000000000015,0.0,False,8
50,0,1,[1 2],796.3000000000029,0.5,0.5,0.13333493603160984,SI,[2 1],116.90000000000003,10,884.4000000000015,0.0,False,8
50,0,2,[1 2],796.3000000000029,0.5,0.5,0.41781713539301346,SI,[2 1],116.90000000000003,10,884.4000000000015,0.0,False,8
50,0,3,[1 2],796.3000000000029,0.5,0.5,0.3089719138658422,SI,[2 1],116.90000000000003,10,884.4000000000015,0.0,False,8
50,0,4,[1 2],796.3000000000029,0.5,0.5,0.08333026166910051,SI,[2 1],116.90000000000003,10,884.4000000000015,0.0,False,8
