generation,individual,cycle,s_before,f_ini,rho_SI_before,rho_MI_before,random,operator,best_neighbor,best_delta,num_neighbors,f_imp,eta,improved,epoch
0,2,0,[2 1 3],781.3999999999978,0.5,0.5,0.32213079320417937,SI,[2 3 1],17.30000000000001,10,795.1999999999971,0.0,False,0
0,2,1,[2 1 3],781.3999999999978,0.5,0.5,0.18817251529331425,SI,[2 3 1],17.30000000000001,10,795.1999999999971,0.0,False,0
0,2,2,[2 1 3],781.3999999999978,0.5,0.5,0.37473850501777617,SI,[2 3 1],17.30000000000001,10,795.1999999999971,0.0,False,0
0,2,3,[2 1 3],781.3999999999978,0.5,0.5,0.49557304995344886,SI,[2 3 1],17.30000000000001,10,795.1999999999971,0.0,False,0
0,2,4,[2 1 3],781.3999999999978,0.5,0.5,0.2978329731825041,SI,[2 3 1],17.30000000000001,10,795.1999999999971,0.0,False,0
1,0,0,[2 1 3],781.3999999999978,0.5,0.5,0.2528705036510319,SI,[2 3 1],17.30000000000001,10,795.1999999999971,0.0,False,0
1,0,1,[2 1 3],781.3999999999978,0.5,0.5,0.5581390360444564,MI,[3 1 2],60.7,10,795.399999999976,0.0,False,0
1,0,2,[2 1 3],781.3999999999978,0.5,0.5,0.9939907991547068,MI,[3 1 2],60.7,10,795.399999999976,0.0,False,0
1,0,3,[2 1 3],781.3999999999978,0.5,0.5,0.48937638298162045,SI,[2 3 1],17.30000000000001,10,795.1999999999971,0.0,False,0
1,0,4,[2 1 3],781.3999999999978,0.5,0.5,0.19896958719907143,SI,[2 3 1],17.30000000000001,10,795.1999999999971,0.0,False,0
2,0,0,[2 1 3],781.3999999999978,0.5,0.5,0.5105734567091103,MI,[3 1 2],60.7,10,795.399999999976,0.0,False,0
2,0,1,[2 1 3],781.3999999999978,0.5,0.5,0.22267343556083397,SI,[2 3 1],17.30000000000001,10,795.1999999999971,0.0,False,0
2,0,2,[2 1 3],781.3999999999978,0.5,0.5,0.972352246657025,MI,[3 1 2],60.7,10,795.399999999976,0.0,False,0
2,0,3,[2 1 3],781.3999999999978,0.5,0.5,0.14063775803023226,SI,[2 3 1],17.30000000000001,10,795.1999999999971,0.0,False,0
2,0,4,[2 1 3],781.3999999999978,0.5,0.5,0.3206162913806707,SI,[2 3 1],17.30000000000001,10,795.1999999999971,0.0,False,0
3,0,0,[2 1 3],781.3999999999978,0.5,0.5,0.01523932716921439,SI,[2 3 1],17.30000000000001,10,795.1999999999971,0.0,False,0
3,0,1,[2 1 3],781.3999999999978,0.5,0.5,0.2496807456199419,SI,[2 3 1],17.30000000000001,10,795.1999999999971,0.0,False,0
3,0,2,[2 1 3],781.3999999999978,0.5,0.5,0.0009277946734095321,SI,[2 3 1],17.30000000000001,10,795.1999999999971,0.0,False,0
3,0,3,[2 1 3],781.3999999999978,0.5,0.5,0.3277593725150175,SI,[2 3 1],17.30000000000001,10,795.1999999999971,0.0,False,0
3,0,4,[2 1 3],781.3999999999978,0.5,0.5,0.3553733861562527,SI,[3 1 2],60.7,10,795.399999999976,0.0,False,0
4,0,0,[2 1 3],781.3999999999978,0.5,0.5,0.37444881632598737,SI,[2 3 1],17.30000000000001,10,795.1999999999971,0.0,False,0
4,0,1,[2 1 3],781.3999999999978,0.5,0.5,0.24713289586965081,SI,[3 1 2],60.7,10,795.399999999976,0.0,False,0
4,0,2,[2 1 3],781.3999999999978,0.5,0.5,0.015949314462442077,SI,[2 3 1],17.30000000000001,10,795.1999999999971,0.0,False,0
4,0,3,[2 1 3],781.3999999999978,0.5,0.5,0.09127513143575283,SI,[2 3 1],17.30000000000001,10,795.1999999999971,0.0,False,0
4,0,4,[2 1 3],781.3999999999978,0.5,0.5,0.4904461969124767,SI,[3 1 2],60.7,10,795.399999999976,0.0,False,0
5,0,0,[2 1 3],781.3999999999978,0.5,0.5,0.20047940293800415,SI,[2 3 1],17.30000000000001,10,795.1999999999971,0.0,False,0
5,0,1,[2 1 3],781.3999999999978,0.5,0.5,0.36517505209970813,SI,[2 3 1],17.30000000000001,10,795.1999999999971,0.0,False,0
5,0,2,[2 1 3],781.3999999999978,0.5,0.5,0.2102215629876546,SI,[2 3 1],17.30000000000001,10,795.1999999999971,0.0,False,0
5,0,3,[2 1 3],781.3999999999978,0.5,0.5,0.4420573347185923,SI,[2 3 1],17.30000000000001,10,795.1999999999971,0.0,False,0
5,0,4,[2 1 3],781.3999999999978,0.5,0.5,0.03517751682105519,SI,[2 3 1],17.30000000000001,10,795.1999999999971,0.0,False,0
6,0,0,[2 1 3],781.3999999999978,0.5,0.5,0.41882708390576784,SI,[2 3 1],17.30000000000001,10,795.1999999999971,0.0,False,0
6,0,1,[2 1 3],781.3999999999978,0.5,0.5,0.17709173356768482,SI,[2 3 1],17.30000000000001,10,795.1999999999971,0.0,False,0
6,0,2,[2 1 3],781.3999999999978,0.5,0.5,0.022725679243034147,SI,[2 3 1],17.30000000000001,10,795.1999999999971,0.0,False,0
6,0,3,[2 1 3],781.3999999999978,0.5,0.5,0.4677924340395744,SI,[2 3 1],17.30000000000001,10,795.1999999999971,0.0,False,0
6,0,4,[2 1 3],781.3999999999978,0.5,0.5,0.4239384985166462,SI,[2 3 1],17.30000000000001,10,795.1999999999971,0.0,False,0
7,0,0,[2 1 3],781.3999999999978,0.5,0.5,0.23415212398969154,SI,[2 3 1],17.30000000000001,10,795.1999999999971,0.0,False,0
7,0,1,[2 1 3],781.3999999999978,0.5,0.5,0.4534352643469163,SI,[2 3 1],17.30000000000001,10,795.1999999999971,0.0,False,0
7,0,2,[2 1 3],781.3999999999978,0.5,0.5,0.2537104372248158,SI,[2 3 1],17.30000000000001,10,795.1999999999971,0.0,False,0
7,0,3,[2 1 3],781.3999999999978,0.5,0.5,0.3255505611235361,SI,[2 3 1],17.30000000000001,10,795.1999999999971,0.0,False,0
7,0,4,[2 1 3],781.3999999999978,0.5,0.5,0.16925381750409685,SI,[2 3 1],17.30000000000001,10,795.1999999999971,0.0,False,0
8,0,0,[2 1 3],781.3999999999978,0.5,0.5,0.45124567988980846,SI,[2 3 1],17.30000000000001,10,795.1999999999971,0.0,False,0
8,0,1,[2 1 3],781.3999999999978,0.5,0.5,0.10566425178836147,SI,[2 3 1],17.30000000000001,10,795.1999999999971,0.0,False,0
8,0,2,[2 1 3],781.3999999999978,0.5,0.5,0.8008910736723807,MI,[3 1 2],60.7,10,795.399999999976,0.0,False,0
8,0,3,[2 1 3],781.3999999999978,0.5,0.5,0.436138357946224,SI,[2 3 1],17.30000000000001,10,795.1999999999971,0.0,False,0
8,0,4,[2 1 3],781.3999999999978,0.5,0.5,0.1560442369135605,SI,[2 3 1],17.30000000000001,10,795.1999999999971,0.0,False,0
9,0,0,[2 1 3],781.3999999999978,0.5,0.5,0.1862665923197705,SI,[2 3 1],17.30000000000001,10,795.1999999999971,0.0,False,0
9,0,1,[2 1 3],781.3999999999978,0.5,0.5,0.24819921694724678,SI,[2 3 1],17.30000000000001,10,795.1999999999971,0.0,False,0
9,0,2,[2 1 3],781.3999999999978,0.5,0.5,0.16248570041115595,SI,[2 3 1],17.30000000000001,10,795.1999999999971,0.0,False,0
9,0,3,[2 1 3],781.3999999999978,0.5,0.5,0.2986408944193504,SI,[2 3 1],17.30000000000001,10,795.1999999999971,0.0,False,0
9,0,4,[2 1 3],781.3999999999978,0.5,0.5,0.42031880408883904,SI,[3 1 2],60.7,10,795.399999999976,0.0,False,0
10,0,0,[2 1 3],781.3999999999978,0.5,0.5,0.42376159057398066,SI,[2 3 1],17.30000000000001,10,795.1999999999971,0.0,False,0
10,0,1,[2 1 3],781.3999999999978,0.5,0.5,0.046661140008123936,SI,[2 3 1],17.30000000000001,10,795.1999999999971,0.0,False,0
10,0,2,[2 1 3],781.3999999999978,0.5,0.5,0.9273170227816596,MI,[3 1 2],60.7,10,795.399999999976,0.0,False,0
10,0,3,[2 1 3],781.3999999999978,0.5,0.5,0.09300806492973035,SI,[2 3 1],17.30000000000001,10,795.1999999999971,0.0,False,0
10,0,4,[2 1 3],781.3999999999978,0.5,0.5,0.007680152972362686,SI,[2 3 1],17.30000000000001,10,795.1999999999971,0.0,False,0
11,0,0,[2 1 3],781.3999999999978,0.5,0.5,0.40493781400179607,SI,[2 3 1],17.30000000000001,10,795.1999999999971,0.0,False,0
11,0,1,[2 1 3],781.3999999999978,0.5,0.5,0.4863130884404617,SI,[2 3 1],17.30000000000001,10,795.1999999999971,0.0,False,0
11,0,2,[2 1 3],781.3999999999978,0.5,0.5,0.5190695052957909,MI,[3 1 2],60.7,10,795.399999999976,0.0,False,0
11,0,3,[2 1 3],781.3999999999978,0.5,0.5,0.19282185536047425,SI,[2 3 1],17.30000000000001,10,795.1999999999971,0.0,False,0
11,0,4,[2 1 3],781.3999999999978,0.5,0.5,0.2921546476170036,SI,[2 3 1],17.30000000000001,10,795.1999999999971,0.0,False,0
12,0,0,[2 1 3],781.3999999999978,0.5,0.5,0.3795326615245286,SI,[2 3 1],17.30000000000001,10,795.1999999999971,0.0,False,0
12,0,1,[2 1 3],781.3999999999978,0.5,0.5,0.07474217889814327,SI,[2 3 1],17.30000000000001,10,795.1999999999971,0.0,False,0
12,0,2,[2 1 3],781.3999999999978,0.5,0.5,0.4991980487218841,SI,[2 3 1],17.30000000000001,10,795.1999999999971,0.0,False,0
12,0,3,[2 1 3],781.3999999999978,0.5,0.5,0.46269494576147163,SI,[2 3 1],17.30000000000001,10,795.1999999999971,0.0,False,0
12,0,4,[2 1 3],781.3999999999978,0.5,0.5,0.22916533646737802,SI,[2 3 1],17.30000000000001,10,795.1999999999971,0.0,False,0
13,0,0,[2 1 3],781.3999999999978,0.5,0.5,0.4856759716935132,SI,[2 3 1],17.30000000000001,10,795.1999999999971,0.0,False,0
13,0,1,[2 1 3],781.3999999999978,0.5,0.5,0.3764034080362424,SI,[2 3 1],17.30000000000001,10,795.1999999999971,0.0,False,0
13,0,2,[2 1 3],781.3999999999978,0.5,0.5,0.33101192680542946,SI,[2 3 1],17.30000000000001,10,795.1999999999971,0.0,False,0
13,0,3,[2 1 3],781.3999999999978,0.5,0.5,0.25486083906118373,SI,[2 3 1],17.30000000000001,10,795.1999999999971,0.0,False,0
13,0,4,[2 1 3],781.3999999999978,0.5,0.5,0.3146297057730211,SI,[2 3 1],17.30000000000001,10,795.1999999999971,0.0,False,0
14,0,0,[2 1 3],781.3999999999978,0.5,0.5,0.1400933194140085,SI,[2 3 1],17.30000000000001,10,795.1999999999971,0.0,False,0
14,0,1,[2 1 3],781.3999999999978,0.5,0.5,0.7126147698119861,MI,[3 1 2],60.7,10,795.399999999976,0.0,False,0
14,0,2,[2 1 3],781.3999999999978,0.5,0.5,0.06207424665622918,SI,[2 3 1],17.30000000000001,10,795.1999999999971,0.0,False,0
14,0,3,[2 1 3],781.3999999999978,0.5,0.5,0.8651482336803564,MI,[3 1 2],60.7,10,795.399999999976,0.0,False,0
14,0,4,[2 1 3],781.3999999999978,0.5,0.5,0.14707259768518932,SI,[2 3 1],17.30000000000001,10,795.1999999999971,0.0,False,0
15,0,0,[2 1 3],781.3999999999978,0.5,0.5,0.2892070530118541,SI,[2 3 1],17.30000000000001,10,795.1999999999971,0.0,False,0
15,0,1,[2 1 3],781.3999999999978,0.5,0.5,0.22443056859329158,SI,[2 3 1],17.30000000000001,10,795.1999999999971,0.0,False,0
15,0,2,[2 1 3],781.3999999999978,0.5,0.5,0.04438630433708757,SI,[2 3 1],17.30000000000001,10,795.1999999999971,0.0,False,0
15,0,3,[2 1 3],781.3999999999978,0.5,0.5,0.04756387090714154,SI,[2 3 1],17.30000000000001,10,795.1999999999971,0.0,False,0
15,0,4,[2 1 3],781.3999999999978,0.5,0.5,0.9329063958907081,MI,[3 1 2],60.7,10,795.399999999976,0.0,False,0
16,0,0,[2 1 3],781.3999999999978,0.5,0.5,0.357685148884507,SI,[2 3 1],17.30000000000001,10,795.1999999999971,0.0,False,0
16,0,1,[2 1 3],781.3999999999978,0.5,0.5,0.0546327384230576,SI,[2 3 1],17.30000000000001,10,795.1999999999971,0.0,False,0
16,0,2,[2 1 3],781.3999999999978,0.5,0.5,0.2511380099762348,SI,[2 3 1],17.30000000000001,10,795.1999999999971,0.0,False,0
16,0,3,[2 1 3],781.3999999999978,0.5,0.5,0.13966872397639518,SI,[2 3 1],17.30000000000001,10,795.1999999999971,0.0,False,0
16,0,4,[2 1 3],781.3999999999978,0.5,0.5,0.00807662224350647,SI,[2 3 1],17.30000000000001,10,795.1999999999971,0.0,False,0
17,0,0,[2 1 3],781.3999999999978,0.5,0.5,0.9731143682588895,MI,[3 1 2],60.7,10,795.399999999976,0.0,False,0
17,0,1,[2 1 3],781.3999999999978,0.5,0.5,0.3672672490543828,SI,[2 3 1],17.30000000000001,10,795.1999999999971,0.0,False,0
17,0,2,[2 1 3],781.3999999999978,0.5,0.5,0.05826095530815778,SI,[2 3 1],17.30000000000001,10,795.1999999999971,0.0,False,0
17,0,3,[2 1 3],781.3999999999978,0.5,0.5,0.27206320515579807,SI,[2 3 1],17.30000000000001,10,795.1999999999971,0.0,False,0
17,0,4,[2 1 3],781.3999999999978,0.5,0.5,0.18201612843512283,SI,[2 3 1],17.30000000000001,10,795.1999999999971,0.0,False,0
18,0,0,[2 1 3],781.3999999999978,0.5,0.5,0.22444250431631751,SI,[2 3 1],17.30000000000001,10,795.1999999999971,0.0,False,0
18,0,1,[2 1 3],781.3999999999978,0.5,0.5,0.06641557228798312,SI,[2 3 1],17.30000000000001,10,795.1999999999971,0.0,False,0
18,0,2,[2 1 3],781.3999999999978,0.5,0.5,0.28441039967736004,SI,[2 3 1],17.30000000000001,10,795.1999999999971,0.0,False,0
18,0,3,[2 1 3],781.3999999999978,0.5,0.5,0.21690735400371197,SI,[2 3 1],17.30000000000001,10,795.1999999999971,0.0,False,0
18,0,4,[2 1 3],781.3999999999978,0.5,0.5,0.956229490881503,MI,[3 1 2],60.7,10,795.399999999976,0.0,False,0
19,0,0,[2 1 3],781.3999999999978,0.5,0.5,0.1890210224667671,SI,[2 3 1],17.30000000000001,10,795.1999999999971,0.0,False,0
19,0,1,[2 1 3],781.3999999999978,0.5,0.5,0.03426912611656563,SI,[2 3 1],17.30000000000001,10,795.1999999999971,0.0,False,0
19,0,2,[2 1 3],781.3999999999978,0.5,0.5,0.1992451136743072,SI,[2 3 1],17.30000000000001,10,795.1999999999971,0.0,False,0
19,0,3,[2 1 3],781.3999999999978,0.5,0.5,0.20347723637946102,SI,[3 1 2],60.7,10,795.399999999976,0.0,False,0
19,0,4,[2 1 3],781.3999999999978,0.5,0.5,0.313344345865349,SI,[2 3 1],17.30000000000001,10,795.1999999999971,0.0,False,0
20,0,0,[2 1 3],781.3999999999978,0.5,0.5,0.42756237806728203,SI,[2 3 1],17.30000000000001,10,795.1999999999971,0.0,False,0
20,0,1,[2 1 3],781.3999999999978,0.5,0.5,0.2905572593945219,SI,[2 3 1],17.30000000000001,10,795.1999999999971,0.0,False,0
20,0,2,[2 1 3],781.3999999999978,0.5,0.5,0.20614106239513563,SI,[2 3 1],17.30000000000001,10,795.1999999999971,0.0,False,0
20,0,3,[2 1 3],781.3999999999978,0.5,0.5,0.15908322936920305,SI,[2 3 1],17.30000000000001,10,795.1999999999971,0.0,False,0
20,0,4,[2 1 3],781.3999999999978,0.5,0.5,0.3128268188179688,SI,[2 3 1],17.30000000000001,10,795.1999999999971,0.0,False,0
21,0,0,[2 1 3],781.3999999999978,0.5,0.5,0.46898452682631653,SI,[2 3 1],17.30000000000001,10,795.1999999999971,0.0,False,0
21,0,1,[2 1 3],781.3999999999978,0.5,0.5,0.13592490542343172,SI,[2 3 1],17.30000000000001,10,795.1999999999971,0.0,False,0
21,0,2,[2 1 3],781.3999999999978,0.5,0.5,0.2276897655119574,SI,[2 3 1],17.30000000000001,10,795.1999999999971,0.0,False,0
21,0,3,[2 1 3],781.3999999999978,0.5,0.5,0.2725434083013275,SI,[2 3 1],17.30000000000001,10,795.1999999999971,0.0,False,0
21,0,4,[2 1 3],781.3999999999978,0.5,0.5,0.14703702731357537,SI,[2 3 1],17.30000000000001,10,795.1999999999971,0.0,False,0
22,0,0,[2 1 3],781.3999999999978,0.5,0.5,0.3612545948563285,SI,[2 3 1],17.30000000000001,10,795.1999999999971,0.0,False,0
22,0,1,[2 1 3],781.3999999999978,0.5,0.5,0.49571753746036207,SI,[2 3 1],17.30000000000001,10,795.1999999999971,0.0,False,0
22,0,2,[2 1 3],781.3999999999978,0.5,0.5,0.13993669780592488,SI,[2 3 1],17.30000000000001,10,795.1999999999971,0.0,False,0
22,0,3,[2 1 3],781.3999999999978,0.5,0.5,0.1482626816995315,SI,[2 3 1],17.30000000000001,10,795.1999999999971,0.0,False,0
22,0,4,[2 1 3],781.3999999999978,0.5,0.5,0.49090505856183864,SI,[2 3 1],17.30000000000001,10,795.1999999999971,0.0,False,0
23,0,0,[2 1 3],781.3999999999978,0.5,0.5,0.2968502144474644,SI,[2 3 1],17.30000000000001,10,795.1999999999971,0.0,False,0
23,0,1,[2 1 3],781.3999999999978,0.5,0.5,0.7690207408460793,MI,[3 1 2],60.7,10,795.399999999976,0.0,False,0
23,0,2,[2 1 3],781.3999999999978,0.5,0.5,0.0072520138529051925,SI,[2 3 1],17.30000000000001,10,795.1999999999971,0.0,False,0
23,0,3,[2 1 3],781.3999999999978,0.5,0.5,0.4902947476101531,SI,[2 3 1],17.30000000000001,10,795.1999999999971,0.0,False,0
23,0,4,[2 1 3],781.3999999999978,0.5,0.5,0.26751838182458954,SI,[2 3 1],17.30000000000001,10,795.1999999999971,0.0,False,0
24,0,0,[2 1 3],781.3999999999978,0.5,0.5,0.05051087973554991,SI,[2 3 1],17.30000000000001,10,795.1999999999971,0.0,False,0
24,0,1,[2 1 3],781.3999999999978,0.5,0.5,0.18327074198252735,SI,[2 3 1],17.30000000000001,10,795.1999999999971,0.0,False,0
24,0,2,[2 1 3],781.3999999999978,0.5,0.5,0.4787852173745044,SI,[2 3 1],17.30000000000001,10,795.1999999999971,0.0,False,0
24,0,3,[2 1 3],781.3999999999978,0.5,0.5,0.23259453140123154,SI,[2 3 1],17.30000000000001,10,795.1999999999971,0.0,False,0
24,0,4,[2 1 3],781.3999999999978,0.5,0.5,0.34706151462406376,SI,[2 3 1],17.30000000000001,10,795.1999999999971,0.0,False,0
25,0,0,[2 1 3],781.3999999999978,0.5,0.5,0.3631848771237145,SI,[2 3 1],17.30000000000001,10,795.1999999999971,0.0,False,0
25,0,1,[2 1 3],781.3999999999978,0.5,0.5,0.18323313151581577,SI,[2 3 1],17.30000000000001,10,795.1999999999971,0.0,False,0
25,0,2,[2 1 3],781.3999999999978,0.5,0.5,0.3768752797402646,SI,[2 3 1],17.30000000000001,10,795.1999999999971,0.0,False,0
25,0,3,[2 1 3],781.3999999999978,0.5,0.5,0.9963920374284393,MI,[3 1 2],60.7,10,795.399999999976,0.0,False,0
25,0,4,[2 1 3],781.3999999999978,0.5,0.5,0.09255628805239868,SI,[2 3 1],17.30000000000001,10,795.1999999999971,0.0,False,0
26,0,0,[2 1 3],781.3999999999978,0.5,0.5,0.4904699010257234,SI,[2 3 1],17.30000000000001,10,795.1999999999971,0.0,False,0
26,0,1,[2 1 3],781.3999999999978,0.5,0.5,0.00220895975867208,SI,[2 3 1],17.30000000000001,10,795.1999999999971,0.0,False,0
26,0,2,[2 1 3],781.3999999999978,0.5,0.5,0.09238857477619933,SI,[2 3 1],17.30000000000001,10,795.1999999999971,0.0,False,0
26,0,3,[2 1 3],781.3999999999978,0.5,0.5,0.2235137528988228,SI,[2 3 1],17.30000000000001,10,795.1999999999971,0.0,False,0
26,0,4,[2 1 3],781.3999999999978,0.5,0.5,0.21722633058102814,SI,[2 3 1],17.30000000000001,10,795.1999999999971,0.0,False,0
27,0,0,[2 1 3],781.3999999999978,0.5,0.5,0.28486608259441326,SI,[2 3 1],17.30000000000001,10,795.1999999999971,0.0,False,0
27,0,1,[2 1 3],781.3999999999978,0.5,0.5,0.43487326016323335,SI,[2 3 1],17.30000000000001,10,795.1999999999971,0.0,False,0
27,0,2,[2 1 3],781.3999999999978,0.5,0.5,0.13086426226739345,SI,[2 3 1],17.30000000000001,10,795.1999999999971,0.0,False,0
27,0,3,[2 1 3],781.3999999999978,0.5,0.5,0.13163714667129323,SI,[2 3 1],17.30000000000001,10,795.1999999999971,0.0,False,0
27,0,4,[2 1 3],781.3999999999978,0.5,0.5,0.3399032876497211,SI,[2 3 1],17.30000000000001,10,795.1999999999971,0.0,False,0
28,0,0,[2 1 3],781.3999999999978,0.5,0.5,0.029320122698393347,SI,[2 3 1],17.30000000000001,10,795.1999999999971,0.0,False,0
28,0,1,[2 1 3],781.3999999999978,0.5,0.5,0.24257564475283755,SI,[2 3 1],17.30000000000001,10,795.1999999999971,0.0,False,0
28,0,2,[2 1 3],781.3999999999978,0.5,0.5,0.2862289343711132,SI,[2 3 1],17.30000000000001,10,795.1999999999971,0.0,False,0
28,0,3,[2 1 3],781.3999999999978,0.5,0.5,0.2605030743783574,SI,[2 3 1],17.30000000000001,10,795.1999999999971,0.0,False,0
28,0,4,[2 1 3],781.3999999999978,0.5,0.5,0.26168344783686437,SI,[2 3 1],17.30000000000001,10,795.1999999999971,0.0,False,0
29,0,0,[2 1 3],781.3999999999978,0.5,0.5,0.023514435944906098,SI,[2 3 1],17.30000000000001,10,795.1999999999971,0.0,False,0
29,0,1,[2 1 3],781.3999999999978,0.5,0.5,0.2837792709467023,SI,[2 3 1],17.30000000000001,10,795.1999999999971,0.0,False,0
29,0,2,[2 1 3],781.3999999999978,0.5,0.5,0.06581013852687634,SI,[2 3 1],17.30000000000001,10,795.1999999999971,0.0,False,0
29,0,3,[2 1 3],781.3999999999978,0.5,0.5,0.33719910604718595,SI,[2 3 1],17.30000000000001,10,795.1999999999971,0.0,False,0
29,0,4,[2 1 3],781.3999999999978,0.5,0.5,0.12909665537415438,SI,[3 1 2],60.7,10,795.399999999976,0.0,False,0
30,0,0,[2 1 3],781.3999999999978,0.5,0.5,0.02705892932893217,SI,[2 3 1],17.30000000000001,10,795.1999999999971,0.0,False,0
30,0,1,[2 1 3],781.3999999999978,0.5,0.5,0.278493326014735,SI,[2 3 1],17.30000000000001,10,795.1999999999971,0.0,False,0
30,0,2,[2 1 3],781.3999999999978,0.5,0.5,0.23724763142820937,SI,[2 3 1],17.30000000000001,10,795.1999999999971,0.0,False,0
30,0,3,[2 1 3],781.3999999999978,0.5,0.5,0.3977752570653307,SI,[2 3 1],17.30000000000001,10,795.1999999999971,0.0,False,0
30,0,4,[2 1 3],781.3999999999978,0.5,0.5,0.34942156698952986,SI,[2 3 1],17.30000000000001,10,795.1999999999971,0.0,False,0
31,0,0,[2 1 3],781.3999999999978,0.5,0.5,0.3818564790967792,SI,[2 3 1],17.30000000000001,10,795.1999999999971,0.0,False,0
31,0,1,[2 1 3],781.3999999999978,0.5,0.5,0.038068015240351194,SI,[2 3 1],17.30000000000001,10,795.1999999999971,0.0,False,0
31,0,2,[2 1 3],781.3999999999978,0.5,0.5,0.42012779982866466,SI,[2 3 1],17.30000000000001,10,795.1999999999971,0.0,False,0
31,0,3,[2 1 3],781.3999999999978,0.5,0.5,0.10759936461840514,SI,[2 3 1],17.30000000000001,10,795.1999999999971,0.0,False,0
31,0,4,[2 1 3],781.3999999999978,0.5,0.5,0.05565440877701444,SI,[2 3 1],17.30000000000001,10,795.1999999999971,0.0,False,0
32,0,0,[2 1 3],781.3999999999978,0.5,0.5,0.14991257960919635,SI,[2 3 1],17.30000000000001,10,795.1999999999971,0.0,False,0
32,0,1,[2 1 3],781.3999999999978,0.5,0.5,0.2395068112960962,SI,[2 3 1],17.30000000000001,10,795.1999999999971,0.0,False,0
32,0,2,[2 1 3],781.3999999999978,0.5,0.5,0.5580209794135145,MI,[3 1 2],60.7,10,795.399999999976,0.0,False,0
32,0,3,[2 1 3],781.3999999999978,0.5,0.5,0.36595742501613004,SI,[2 3 1],17.30000000000001,10,795.1999999999971,0.0,False,0
32,0,4,[2 1 3],781.3999999999978,0.5,0.5,0.1001647442798349,SI,[2 3 1],17.30000000000001,10,795.1999999999971,0.0,False,0
33,0,0,[2 1 3],781.3999999999978,0.5,0.5,0.2896377134812853,SI,[2 3 1],17.30000000000001,10,795.1999999999971,0.0,False,0
33,0,1,[2 1 3],781.3999999999978,0.5,0.5,0.39666025463820975,SI,[2 3 1],17.30000000000001,10,795.1999999999971,0.0,False,0
33,0,2,[2 1 3],781.3999999999978,0.5,0.5,0.13711124665270347,SI,[2 3 1],17.30000000000001,10,795.1999999999971,0.0,False,0
33,0,3,[2 1 3],781.3999999999978,0.5,0.5,0.1333970685188508,SI,[2 3 1],17.30000000000001,10,795.1999999999971,0.0,False,0
33,0,4,[2 1 3],781.3999999999978,0.5,0.5,0.021361929521203527,SI,[2 3 1],17.30000000000001,10,795.1999999999971,0.0,False,0
34,0,0,[2 1 3],781.3999999999978,0.5,0.5,0.3711666922193484,SI,[2 3 1],17.30000000000001,10,795.1999999999971,0.0,False,0
34,0,1,[2 1 3],781.3999999999978,0.5,0.5,0.8746623886889272,MI,[3 1 2],60.7,10,795.399999999976,0.0,False,0
34,0,2,[2 1 3],781.3999999999978,0.5,0.5,0.9942295879015206,MI,[3 1 2],60.7,10,795.399999999976,0.0,False,0
34,0,3,[2 1 3],781.3999999999978,0.5,0.5,0.26024066701018633,SI,[2 3 1],17.30000000000001,10,795.1999999999971,0.0,False,0
34,0,4,[2 1 3],781.3999999999978,0.5,0.5,0.4866745942995364,SI,[2 3 1],17.30000000000001,10,795.1999999999971,0.0,False,0
35,0,0,[2 1 3],781.3999999999978,0.5,0.5,0.2603816041730499,SI,[2 3 1],17.30000000000001,10,795.1999999999971,0.0,False,0
35,0,1,[2 1 3],781.3999999999978,0.5,0.5,0.317715958375121,SI,[2 3 1],17.30000000000001,10,795.1999999999971,0.0,False,0
35,0,2,[2 1 3],781.3999999999978,0.5,0.5,0.05860188729894189,SI,[2 3 1],17.30000000000001,10,795.1999999999971,0.0,False,0
35,0,3,[2 1 3],781.3999999999978,0.5,0.5,0.2264540157887195,SI,[2 3 1],17.30000000000001,10,795.1999999999971,0.0,False,0
35,0,4,[2 1 3],781.3999999999978,0.5,0.5,0.3336102906544205,SI,[3 1 2],60.7,10,795.399999999976,0.0,False,0
36,0,0,[2 1 3],781.3999999999978,0.5,0.5,0.31340060303023054,SI,[3 1 2],60.7,10,795.399999999976,0.0,False,0
36,0,1,[2 1 3],781.3999999999978,0.5,0.5,0.08978739902413202,SI,[2 3 1],17.30000000000001,10,795.1999999999971,0.0,False,0
36,0,2,[2 1 3],781.3999999999978,0.5,0.5,0.09818478283582088,SI,[2 3 1],17.30000000000001,10,795.1999999999971,0.0,False,0
36,0,3,[2 1 3],781.3999999999978,0.5,0.5,0.32854760299736974,SI,[2 3 1],17.30000000000001,10,795.1999999999971,0.0,False,0
36,0,4,[2 1 3],781.3999999999978,0.5,0.5,0.03337396990349484,SI,[2 3 1],17.30000000000001,10,795.1999999999971,0.0,False,0
37,0,0,[2 1 3],781.3999999999978,0.5,0.5,0.3592333558491082,SI,[2 3 1],17.30000000000001,10,795.1999999999971,0.0,False,0
37,0,1,[2 1 3],781.3999999999978,0.5,0.5,0.7461416162184265,MI,[3 1 2],60.7,10,795.399999999976,0.0,False,0
37,0,2,[2 1 3],781.3999999999978,0.5,0.5,0.46567185271778644,SI,[2 3 1],17.30000000000001,10,795.1999999999971,0.0,False,0
37,0,3,[2 1 3],781.3999999999978,0.5,0.5,0.4206670926705992,SI,[2 3 1],17.30000000000001,10,795.1999999999971,0.0,False,0
37,0,4,[2 1 3],781.3999999999978,0.5,0.5,0.47239430579936514,SI,[2 3 1],17.30000000000001,10,795.1999999999971,0.0,False,0
38,0,0,[2 1 3],781.3999999999978,0.5,0.5,0.03672205256066585,SI,[2 3 1],17.30000000000001,10,795.1999999999971,0.0,False,0
38,0,1,[2 1 3],781.3999999999978,0.5,0.5,0.36837902568613423,SI,[2 3 1],17.30000000000001,10,795.1999999999971,0.0,False,0
38,0,2,[2 1 3],781.3999999999978,0.5,0.5,0.3492464060400494,SI,[2 3 1],17.30000000000001,10,795.1999999999971,0.0,False,0
38,0,3,[2 1 3],781.3999999999978,0.5,0.5,0.12611413216216427,SI,[2 3 1],17.30000000000001,10,795.1999999999971,0.0,False,0
38,0,4,[2 1 3],781.3999999999978,0.5,0.5,0.16056637281842567,SI,[2 3 1],17.30000000000001,10,795.1999999999971,0.0,False,0
39,0,0,[2 1 3],781.3999999999978,0.5,0.5,0.15465082313892076,SI,[2 3 1],17.30000000000001,10,795.1999999999971,0.0,False,0
39,0,1,[2 1 3],781.3999999999978,0.5,0.5,0.32865000873493255,SI,[2 3 1],17.30000000000001,10,795.1999999999971,0.0,False,0
39,0,2,[2 1 3],781.3999999999978,0.5,0.5,0.3228574185885006,SI,[2 3 1],17.30000000000001,10,795.1999999999971,0.0,False,0
39,0,3,[2 1 3],781.3999999999978,0.5,0.5,0.41056594237119626,SI,[2 3 1],17.30000000000001,10,795.1999999999971,0.0,False,0
39,0,4,[2 1 3],781.3999999999978,0.5,0.5,0.450665203079497,SI,[2 3 1],17.30000000000001,10,795.1999999999971,0.0,False,0
40,0,0,[2 1 3],781.3999999999978,0.5,0.5,0.3491541263199007,SI,[2 3 1],17.30000000000001,10,795.1999999999971,0.0,False,0
40,0,1,[2 1 3],781.3999999999978,0.5,0.5,0.1990813983027484,SI,[2 3 1],17.30000000000001,10,795.1999999999971,0.0,False,0
40,0,2,[2 1 3],781.3999999999978,0.5,0.5,0.8312459739969024,MI,[3 1 2],60.7,10,795.399999999976,0.0,False,0
40,0,3,[2 1 3],781.3999999999978,0.5,0.5,0.1341537654073679,SI,[2 3 1],17.30000000000001,10,795.1999999999971,0.0,False,0
40,0,4,[2 1 3],781.3999999999978,0.5,0.5,0.3463338456299029,SI,[3 1 2],60.7,10,795.399999999976,0.0,False,0
41,0,0,[2 1 3],781.3999999999978,0.5,0.5,0.38097194507905574,SI,[2 3 1],17.30000000000001,10,795.1999999999971,0.0,False,0
41,0,1,[2 1 3],781.3999999999978,0.5,0.5,0.7613243885489955,MI,[3 1 2],60.7,10,795.399999999976,0.0,False,0
41,0,2,[2 1 3],781.3999999999978,0.5,0.5,0.8118065692318198,MI,[3 1 2],60.7,10,795.399999999976,0.0,False,0
41,0,3,[2 1 3],781.3999999999978,0.5,0.5,0.7904799694890589,MI,[3 1 2],60.7,10,795.399999999976,0.0,False,0
41,0,4,[2 1 3],781.3999999999978,0.5,0.5,0.35139464902389694,SI,[2 3 1],17.30000000000001,10,795.1999999999971,0.0,False,0
42,0,0,[2 1 3],781.3999999999978,0.5,0.5,0.6808297308751956,MI,[3 1 2],60.7,10,795.399999999976,0.0,False,0
42,0,1,[2 1 3],781.3999999999978,0.5,0.5,0.2506458230880322,SI,[2 3 1],17.30000000000001,10,795.1999999999971,0.0,False,0
42,0,2,[2 1 3],781.3999999999978,0.5,0.5,0.4081730338335764,SI,[2 3 1],17.30000000000001,10,795.1999999999971,0.0,False,0
42,0,3,[2 1 3],781.3999999999978,0.5,0.5,0.2487917907881887,SI,[2 3 1],17.30000000000001,10,795.1999999999971,0.0,False,0
42,0,4,[2 1 3],781.3999999999978,0.5,0.5,0.10375286690007379,SI,[3 1 2],60.7,10,795.399999999976,0.0,False,0
43,0,0,[2 1 3],781.3999999999978,0.5,0.5,0.1605709390034572,SI,[2 3 1],17.30000000000001,10,795.1999999999971,0.0,False,0
43,0,1,[2 1 3],781.3999999999978,0.5,0.5,0.3279027055882119,SI,[2 3 1],17.30000000000001,10,795.1999999999971,0.0,False,0
43,0,2,[2 1 3],781.3999999999978,0.5,0.5,0.4069458395776936,SI,[2 3 1],17.30000000000001,10,795.1999999999971,0.0,False,0
43,0,3,[2 1 3],781.3999999999978,0.5,0.5,0.1063306016454012,SI,[2 3 1],17.30000000000001,10,795.1999999999971,0.0,False,0
43,0,4,[2 1 3],781.3999999999978,0.5,0.5,0.4833396399622093,SI,[2 3 1],17.30000000000001,10,795.1999999999971,0.0,False,0
44,0,0,[2 1 3],781.3999999999978,0.5,0.5,0.6618159092579554,MI,[3 1 2],60.7,10,795.399999999976,0.0,False,0
44,0,1,[2 1 3],781.3999999999978,0.5,0.5,0.44594026975848866,SI,[2 3 1],17.30000000000001,10,795.1999999999971,0.0,False,0
44,0,2,[2 1 3],781.3999999999978,0.5,0.5,0.26251387412347826,SI,[3 1 2],60.7,10,795.399999999976,0.0,False,0
44,0,3,[2 1 3],781.3999999999978,0.5,0.5,0.4949614603795556,SI,[2 3 1],17.30000000000001,10,795.1999999999971,0.0,False,0
44,0,4,[2 1 3],781.3999999999978,0.5,0.5,0.08036049275347812,SI,[2 3 1],17.30000000000001,10,795.1999999999971,0.0,False,0
45,0,0,[2 1 3],781.3999999999978,0.5,0.5,0.07833396443760099,SI,[2 3 1],17.30000000000001,10,795.1999999999971,0.0,False,0
45,0,1,[2 1 3],781.3999999999978,0.5,0.5,0.259202314845812,SI,[2 3 1],17.30000000000001,10,795.1999999999971,0.0,False,0
45,0,2,[2 1 3],781.3999999999978,0.5,0.5,0.1779937520526087,SI,[2 3 1],17.30000000000001,10,795.1999999999971,0.0,False,0
45,0,3,[2 1 3],781.3999999999978,0.5,0.5,0.0989375992652679,SI,[2 3 1],17.30000000000001,10,795.1999999999971,0.0,False,0
45,0,4,[2 1 3],781.3999999999978,0.5,0.5,0.09322332488065088,SI,[2 3 1],17.30000000000001,10,795.1999999999971,0.0,False,0
46,0,0,[2 1 3],781.3999999999978,0.5,0.5,0.7163331486550916,MI,[3 1 2],60.7,10,795.399999999976,0.0,False,0
46,0,1,[2 1 3],781.3999999999978,0.5,0.5,0.10812819804693408,SI,[2 3 1],17.30000000000001,10,795.1999999999971,0.0,False,0
46,0,2,[2 1 3],781.3999999999978,0.5,0.5,0.1492595176720004,SI,[2 3 1],17.30000000000001,10,795.1999999999971,0.0,False,0
46,0,3,[2 1 3],781.3999999999978,0.5,0.5,0.39999802464549206,SI,[2 3 1],17.30000000000001,10,795.1999999999971,0.0,False,0
46,0,4,[2 1 3],781.3999999999978,0.5,0.5,0.23134581773517593,SI,[2 3 1],17.30000000000001,10,795.1999999999971,0.0,False,0
47,0,0,[2 1 3],781.3999999999978,0.5,0.5,0.24060953117418338,SI,[2 3 1],17.30000000000001,10,795.1999999999971,0.0,False,0
47,0,1,[2 1 3],781.3999999999978,0.5,0.5,0.039918263250524055,SI,[2 3 1],17.30000000000001,10,795.1999999999971,0.0,False,0
47,0,2,[2 1 3],781.3999999999978,0.5,0.5,0.19565978654401373,SI,[2 3 1],17.30000000000001,10,795.1999999999971,0.0,False,0
47,0,3,[2 1 3],781.3999999999978,0.5,0.5,0.49977472019019986,SI,[2 3 1],17.30000000000001,10,795.1999999999971,0.0,False,0
47,0,4,[2 1 3],781.3999999999978,0.5,0.5,0.3924685889729519,SI,[2 3 1],17.30000000000001,10,795.1999999999971,0.0,False,0
48,0,0,[2 1 3],781.3999999999978,0.5,0.5,0.4057158455409663,SI,[2 3 1],17.30000000000001,10,795.1999999999971,0.0,False,0
48,0,1,[2 1 3],781.3999999999978,0.5,0.5,0.07166512656626944,SI,[3 1 2],60.7,10,795.399999999976,0.0,False,0
48,0,2,[2 1 3],781.3999999999978,0.5,0.5,0.0596758084026755,SI,[2 3 1],17.30000000000001,10,795.1999999999971,0.0,False,0
48,0,3,[2 1 3],781.3999999999978,0.5,0.5,0.18494116772348468,SI,[2 3 1],17.30000000000001,10,795.1999999999971,0.0,False,0
48,0,4,[2 1 3],781.3999999999978,0.5,0.5,0.3945478909295076,SI,[2 3 1],17.30000000000001,10,795.1999999999971,0.0,False,0
49,0,0,[2 1 3],781.3999999999978,0.5,0.5,0.504419202656277,MI,[3 1 2],60.7,10,795.399999999976,0.0,False,0
49,0,1,[2 1 3],781.3999999999978,0.5,0.5,0.9332994769337083,MI,[3 1 2],60.7,10,795.399999999976,0.0,False,0
49,0,2,[2 1 3],781.3999999999978,0.5,0.5,0.9809673798225268,MI,[3 1 2],60.7,10,795.399999999976,0.0,False,0
49,0,3,[2 1 3],781.3999999999978,0.5,0.5,0.2746450444785743,SI,[2 3 1],17.30000000000001,10,795.1999999999971,0.0,False,0
49,0,4,[2 1 3],781.3999999999978,0.5,0.5,0.44503100711735855,SI,[2 3 1],17.30000000000001,10,795.1999999999971,0.0,False,0
50,0,0,[2 1 3],781.3999999999978,0.5,0.5,0.27092728475636507,SI,[2 3 1],17.30000000000001,10,795.1999999999971,0.0,False,0
50,0,1,[2 1 3],781.3999999999978,0.5,0.5,0.3678669759074953,SI,[2 3 1],17.30000000000001,10,795.1999999999971,0.0,False,0
50,0,2,[2 1 3],781.3999999999978,0.5,0.5,0.2289100142542091,SI,[2 3 1],17.30000000000001,10,795.1999999999971,0.0,False,0
50,0,3,[2 1 3],781.3999999999978,0.5,0.5,0.2151709481096472,SI,[2 3 1],17.30000000000001,10,795.1999999999971,0.0,False,0
50,0,4,[2 1 3],781.3999999999978,0.5,0.5,0.2556512408583437,SI,[2 3 1],17.30000000000001,10,795.1999999999971,0.0,False,0
0,0,0,[1 2],576.7999999999993,0.5,0.5,0.03285270102073301,SI,[2 1],-26.80000000000001,10,636.8999999999905,0.0,False,1
0,0,1,[1 2],576.7999999999993,0.5,0.5,0.0009073815059493784,SI,[2 1],-26.80000000000001,10,636.8999999999905,0.0,False,1
0,0,2,[1 2],576.7999999999993,0.5,0.5,0.04018570809639144,SI,[2 1],-26.80000000000001,10,636.8999999999905,0.0,False,1
0,0,3,[1 2],576.7999999999993,0.5,0.5,0.003985571728652104,SI,[2 1],-26.80000000000001,10,636.8999999999905,0.0,False,1
0,0,4,[1 2],576.7999999999993,0.5,0.5,0.16971626809046014,SI,[2 1],-26.80000000000001,10,636.8999999999905,0.0,False,1
1,0,0,[1 2],576.7999999999993,0.5,0.5,0.4448999564400494,SI,[2 1],-26.80000000000001,10,636.8999999999905,0.0,False,1
1,0,1,[1 2],576.7999999999993,0.5,0.5,0.27691113662528477,SI,[2 1],-26.80000000000001,10,636.8999999999905,0.0,False,1
1,0,2,[1 2],576.7999999999993,0.5,0.5,0.06966078804508347,SI,[2 1],-26.80000000000001,10,636.8999999999905,0.0,False,1
1,0,3,[1 2],576.7999999999993,0.5,0.5,0.23333653064072413,SI,[2 1],-26.80000000000001,10,636.8999999999905,0.0,False,1
1,0,4,[1 2],576.7999999999993,0.5,0.5,0.4642217181820093,SI,[2 1],-26.80000000000001,10,636.8999999999905,0.0,False,1
2,0,0,[1 2],576.7999999999993,0.5,0.5,0.47207402864165415,SI,[2 1],-26.80000000000001,10,636.8999999999905,0.0,False,1
2,0,1,[1 2],576.7999999999993,0.5,0.5,0.07291729653389856,SI,[2 1],-26.80000000000001,10,636.8999999999905,0.0,False,1
2,0,2,[1 2],576.7999999999993,0.5,0.5,0.18637586396584505,SI,[2 1],-26.80000000000001,10,636.8999999999905,0.0,False,1
2,0,3,[1 2],576.7999999999993,0.5,0.5,0.40883235868482404,SI,[2 1],-26.80000000000001,10,636.8999999999905,0.0,False,1
2,0,4,[1 2],576.7999999999993,0.5,0.5,0.1536965949447503,SI,[2 1],-26.80000000000001,10,636.8999999999905,0.0,False,1
3,0,0,[1 2],576.7999999999993,0.5,0.5,0.289220027644185,SI,[2 1],-26.80000000000001,10,636.8999999999905,0.0,False,1
3,0,1,[1 2],576.7999999999993,0.5,0.5,0.28533204473148,SI,[2 1],-26.80000000000001,10,636.8999999999905,0.0,False,1
3,0,2,[1 2],576.7999999999993,0.5,0.5,0.31536266763836285,SI,[2 1],-26.80000000000001,10,636.8999999999905,0.0,False,1
3,0,3,[1 2],576.7999999999993,0.5,0.5,0.34943400103875044,SI,[2 1],-26.80000000000001,10,636.8999999999905,0.0,False,1
3,0,4,[1 2],576.7999999999993,0.5,0.5,0.36365062348086385,SI,[2 1],-26.80000000000001,10,636.8999999999905,0.0,False,1
4,0,0,[1 2],576.7999999999993,0.5,0.5,0.15698430680849407,SI,[2 1],-26.80000000000001,10,636.8999999999905,0.0,False,1
4,0,1,[1 2],576.7999999999993,0.5,0.5,0.3294172464589593,SI,[2 1],-26.80000000000001,10,636.8999999999905,0.0,False,1
4,0,2,[1 2],576.7999999999993,0.5,0.5,0.23208181843920084,SI,[2 1],-26.80000000000001,10,636.8999999999905,0.0,False,1
4,0,3,[1 2],576.7999999999993,0.5,0.5,0.2278066924972385,SI,[2 1],-26.80000000000001,10,636.8999999999905,0.0,False,1
4,0,4,[1 2],576.7999999999993,0.5,0.5,0.30794203465621595,SI,[2 1],-26.80000000000001,10,636.8999999999905,0.0,False,1
5,0,0,[1 2],576.7999999999993,0.5,0.5,0.1655959601561393,SI,[2 1],-26.80000000000001,10,636.8999999999905,0.0,False,1
5,0,1,[1 2],576.7999999999993,0.5,0.5,0.16461211783464935,SI,[2 1],-26.80000000000001,10,636.8999999999905,0.0,False,1
5,0,2,[1 2],576.7999999999993,0.5,0.5,0.42879679936947446,SI,[2 1],-26.80000000000001,10,636.8999999999905,0.0,False,1
5,0,3,[1 2],576.7999999999993,0.5,0.5,0.16484638888561198,SI,[2 1],-26.80000000000001,10,636.8999999999905,0.0,False,1
5,0,4,[1 2],576.7999999999993,0.5,0.5,0.47862161045509344,SI,[2 1],-26.80000000000001,10,636.8999999999905,0.0,False,1
6,0,0,[1 2],576.7999999999993,0.5,0.5,0.412094970320262,SI,[2 1],-26.80000000000001,10,636.8999999999905,0.0,False,1
6,0,1,[1 2],576.7999999999993,0.5,0.5,0.16650765392354439,SI,[2 1],-26.80000000000001,10,636.8999999999905,0.0,False,1
6,0,2,[1 2],576.7999999999993,0.5,0.5,0.17710104913684288,SI,[2 1],-26.80000000000001,10,636.8999999999905,0.0,False,1
6,0,3,[1 2],576.7999999999993,0.5,0.5,0.47946555505756194,SI,[2 1],-26.80000000000001,10,636.8999999999905,0.0,False,1
6,0,4,[1 2],576.7999999999993,0.5,0.5,0.20947070196749207,SI,[2 1],-26.80000000000001,10,636.8999999999905,0.0,False,1
7,0,0,[1 2],576.7999999999993,0.5,0.5,0.17063380210956092,SI,[2 1],-26.80000000000001,10,636.8999999999905,0.0,False,1
7,0,1,[1 2],576.7999999999993,0.5,0.5,0.002428562308405491,SI,[2 1],-26.80000000000001,10,636.8999999999905,0.0,False,1
7,0,2,[1 2],576.7999999999993,0.5,0.5,0.1722399676863694,SI,[2 1],-26.80000000000001,10,636.8999999999905,0.0,False,1
7,0,3,[1 2],576.7999999999993,0.5,0.5,0.430325998846979,SI,[2 1],-26.80000000000001,10,636.8999999999905,0.0,False,1
7,0,4,[1 2],576.7999999999993,0.5,0.5,0.17451216761495358,SI,[2 1],-26.80000000000001,10,636.8999999999905,0.0,False,1
8,0,0,[1 2],576.7999999999993,0.5,0.5,0.09962954085097742,SI,[2 1],-26.80000000000001,10,636.8999999999905,0.0,False,1
8,0,1,[1 2],576.7999999999993,0.5,0.5,0.3584281971466239,SI,[2 1],-26.80000000000001,10,636.8999999999905,0.0,False,1
8,0,2,[1 2],576.7999999999993,0.5,0.5,0.43447650415841854,SI,[2 1],-26.80000000000001,10,636.8999999999905,0.0,False,1
8,0,3,[1 2],576.7999999999993,0.5,0.5,0.3176425256733101,SI,[2 1],-26.80000000000001,10,636.8999999999905,0.0,False,1
8,0,4,[1 2],576.7999999999993,0.5,0.5,0.4076439799849715,SI,[2 1],-26.80000000000001,10,636.8999999999905,0.0,False,1
9,0,0,[1 2],576.7999999999993,0.5,0.5,0.3594878796078381,SI,[2 1],-26.80000000000001,10,636.8999999999905,0.0,False,1
9,0,1,[1 2],576.7999999999993,0.5,0.5,0.3624880771964166,SI,[2 1],-26.80000000000001,10,636.8999999999905,0.0,False,1
9,0,2,[1 2],576.7999999999993,0.5,0.5,0.46479145912430275,SI,[2 1],-26.80000000000001,10,636.8999999999905,0.0,False,1
9,0,3,[1 2],576.7999999999993,0.5,0.5,0.2228157816810713,SI,[2 1],-26.80000000000001,10,636.8999999999905,0.0,False,1
9,0,4,[1 2],576.7999999999993,0.5,0.5,0.37903370784641544,SI,[2 1],-26.80000000000001,10,636.8999999999905,0.0,False,1
10,0,0,[1 2],576.7999999999993,0.5,0.5,0.05837237273618168,SI,[2 1],-26.80000000000001,10,636.8999999999905,0.0,False,1
10,0,1,[1 2],576.7999999999993,0.5,0.5,0.023163573169109664,SI,[2 1],-26.80000000000001,10,636.8999999999905,0.0,False,1
10,0,2,[1 2],576.7999999999993,0.5,0.5,0.19571060312326405,SI,[2 1],-26.80000000000001,10,636.8999999999905,0.0,False,1
10,0,3,[1 2],576.7999999999993,0.5,0.5,0.019053283734801196,SI,[2 1],-26.80000000000001,10,636.8999999999905,0.0,False,1
10,0,4,[1 2],576.7999999999993,0.5,0.5,0.35218511743389647,SI,[2 1],-26.80000000000001,10,636.8999999999905,0.0,False,1
11,0,0,[1 2],576.7999999999993,0.5,0.5,0.20973592618166814,SI,[2 1],-26.80000000000001,10,636.8999999999905,0.0,False,1
11,0,1,[1 2],576.7999999999993,0.5,0.5,0.41729273731840166,SI,[2 1],-26.80000000000001,10,636.8999999999905,0.0,False,1
11,0,2,[1 2],576.7999999999993,0.5,0.5,0.08143912706676593,SI,[2 1],-26.80000000000001,10,636.8999999999905,0.0,False,1
11,0,3,[1 2],576.7999999999993,0.5,0.5,0.48746684880835145,SI,[2 1],-26.80000000000001,10,636.8999999999905,0.0,False,1
11,0,4,[1 2],576.7999999999993,0.5,0.5,0.28704456249486887,SI,[2 1],-26.80000000000001,10,636.8999999999905,0.0,False,1
12,0,0,[1 2],576.7999999999993,0.5,0.5,0.03933000665264408,SI,[2 1],-26.80000000000001,10,636.8999999999905,0.0,False,1
12,0,1,[1 2],576.7999999999993,0.5,0.5,0.17401678837279855,SI,[2 1],-26.80000000000001,10,636.8999999999905,0.0,False,1
12,0,2,[1 2],576.7999999999993,0.5,0.5,0.18142584375115556,SI,[2 1],-26.80000000000001,10,636.8999999999905,0.0,False,1
12,0,3,[1 2],576.7999999999993,0.5,0.5,0.15853588068308033,SI,[2 1],-26.80000000000001,10,636.8999999999905,0.0,False,1
12,0,4,[1 2],576.7999999999993,0.5,0.5,0.25916870659223357,SI,[2 1],-26.80000000000001,10,636.8999999999905,0.0,False,1
13,0,0,[1 2],576.7999999999993,0.5,0.5,0.11509082152612848,SI,[2 1],-26.80000000000001,10,636.8999999999905,0.0,False,1
13,0,1,[1 2],576.7999999999993,0.5,0.5,0.17272722029496923,SI,[2 1],-26.80000000000001,10,636.8999999999905,0.0,False,1
13,0,2,[1 2],576.7999999999993,0.5,0.5,0.29577818841438264,SI,[2 1],-26.80000000000001,10,636.8999999999905,0.0,False,1
13,0,3,[1 2],576.7999999999993,0.5,0.5,0.4445260385084475,SI,[2 1],-26.80000000000001,10,636.8999999999905,0.0,False,1
13,0,4,[1 2],576.7999999999993,0.5,0.5,0.02409347454078392,SI,[2 1],-26.80000000000001,10,636.8999999999905,0.0,False,1
14,0,0,[1 2],576.7999999999993,0.5,0.5,0.03903926007648195,SI,[2 1],-26.80000000000001,10,636.8999999999905,0.0,False,1
14,0,1,[1 2],576.7999999999993,0.5,0.5,0.018343555438054437,SI,[2 1],-26.80000000000001,10,636.8999999999905,0.0,False,1
14,0,2,[1 2],576.7999999999993,0.5,0.5,0.01605244829205621,SI,[2 1],-26.80000000000001,10,636.8999999999905,0.0,False,1
14,0,3,[1 2],576.7999999999993,0.5,0.5,0.3168762548831743,SI,[2 1],-26.80000000000001,10,636.8999999999905,0.0,False,1
14,0,4,[1 2],576.7999999999993,0.5,0.5,0.2566105727355623,SI,[2 1],-26.80000000000001,10,636.8999999999905,0.0,False,1
15,0,0,[1 2],576.7999999999993,0.5,0.5,0.09107441504478242,SI,[2 1],-26.80000000000001,10,636.8999999999905,0.0,False,1
15,0,1,[1 2],576.7999999999993,0.5,0.5,0.14111875406477237,SI,[2 1],-26.80000000000001,10,636.8999999999905,0.0,False,1
15,0,2,[1 2],576.7999999999993,0.5,0.5,0.2165792261407573,SI,[2 1],-26.80000000000001,10,636.8999999999905,0.0,False,1
15,0,3,[1 2],576.7999999999993,0.5,0.5,0.3396387650768963,SI,[2 1],-26.80000000000001,10,636.8999999999905,0.0,False,1
15,0,4,[1 2],576.7999999999993,0.5,0.5,0.0445445208976436,SI,[2 1],-26.80000000000001,10,636.8999999999905,0.0,False,1
16,0,0,[1 2],576.7999999999993,0.5,0.5,0.18660657444379913,SI,[2 1],-26.80000000000001,10,636.8999999999905,0.0,False,1
16,0,1,[1 2],576.7999999999993,0.5,0.5,0.4637774266554837,SI,[2 1],-26.80000000000001,10,636.8999999999905,0.0,False,1
16,0,2,[1 2],576.7999999999993,0.5,0.5,0.216165163210692,SI,[2 1],-26.80000000000001,10,636.8999999999905,0.0,False,1
16,0,3,[1 2],576.7999999999993,0.5,0.5,0.32029410143666837,SI,[2 1],-26.80000000000001,10,636.8999999999905,0.0,False,1
16,0,4,[1 2],576.7999999999993,0.5,0.5,0.0038092954196750073,SI,[2 1],-26.80000000000001,10,636.8999999999905,0.0,False,1
17,0,0,[1 2],576.7999999999993,0.5,0.5,0.11732612765534178,SI,[2 1],-26.80000000000001,10,636.8999999999905,0.0,False,1
17,0,1,[1 2],576.7999999999993,0.5,0.5,0.21309827196553832,SI,[2 1],-26.80000000000001,10,636.8999999999905,0.0,False,1
17,0,2,[1 2],576.7999999999993,0.5,0.5,0.37390941299707325,SI,[2 1],-26.80000000000001,10,636.8999999999905,0.0,False,1
17,0,3,[1 2],576.7999999999993,0.5,0.5,0.22502364616529047,SI,[2 1],-26.80000000000001,10,636.8999999999905,0.0,False,1
17,0,4,[1 2],576.7999999999993,0.5,0.5,0.03863134743535601,SI,[2 1],-26.80000000000001,10,636.8999999999905,0.0,False,1
18,0,0,[1 2],576.7999999999993,0.5,0.5,0.19740528132597324,SI,[2 1],-26.80000000000001,10,636.8999999999905,0.0,False,1
18,0,1,[1 2],576.7999999999993,0.5,0.5,0.3639532294216665,SI,[2 1],-26.80000000000001,10,636.8999999999905,0.0,False,1
18,0,2,[1 2],576.7999999999993,0.5,0.5,0.19979665114829293,SI,[2 1],-26.80000000000001,10,636.8999999999905,0.0,False,1
18,0,3,[1 2],576.7999999999993,0.5,0.5,0.018675340908587912,SI,[2 1],-26.80000000000001,10,636.8999999999905,0.0,False,1
18,0,4,[1 2],576.7999999999993,0.5,0.5,0.37551632840255844,SI,[2 1],-26.80000000000001,10,636.8999999999905,0.0,False,1
19,0,0,[1 2],576.7999999999993,0.5,0.5,0.02589088856372712,SI,[2 1],-26.80000000000001,10,636.8999999999905,0.0,False,1
19,0,1,[1 2],576.7999999999993,0.5,0.5,0.10113640950377745,SI,[2 1],-26.80000000000001,10,636.8999999999905,0.0,False,1
19,0,2,[1 2],576.7999999999993,0.5,0.5,0.2317903846846785,SI,[2 1],-26.80000000000001,10,636.8999999999905,0.0,False,1
19,0,3,[1 2],576.7999999999993,0.5,0.5,0.301108985637748,SI,[2 1],-26.80000000000001,10,636.8999999999905,0.0,False,1
19,0,4,[1 2],576.7999999999993,0.5,0.5,0.26059410629638846,SI,[2 1],-26.80000000000001,10,636.8999999999905,0.0,False,1
20,0,0,[1 2],576.7999999999993,0.5,0.5,0.2516176312205973,SI,[2 1],-26.80000000000001,10,636.8999999999905,0.0,False,1
20,0,1,[1 2],576.7999999999993,0.5,0.5,0.46458305536487465,SI,[2 1],-26.80000000000001,10,636.8999999999905,0.0,False,1
20,0,2,[1 2],576.7999999999993,0.5,0.5,0.16067317938278025,SI,[2 1],-26.80000000000001,10,636.8999999999905,0.0,False,1
20,0,3,[1 2],576.7999999999993,0.5,0.5,0.19610493451148114,SI,[2 1],-26.80000000000001,10,636.8999999999905,0.0,False,1
20,0,4,[1 2],576.7999999999993,0.5,0.5,0.42722938277172817,SI,[2 1],-26.80000000000001,10,636.8999999999905,0.0,False,1
21,0,0,[1 2],576.7999999999993,0.5,0.5,0.27850377830355166,SI,[2 1],-26.80000000000001,10,636.8999999999905,0.0,False,1
21,0,1,[1 2],576.7999999999993,0.5,0.5,0.30284223690658063,SI,[2 1],-26.80000000000001,10,636.8999999999905,0.0,False,1
21,0,2,[1 2],576.7999999999993,0.5,0.5,0.25088574299262645,SI,[2 1],-26.80000000000001,10,636.8999999999905,0.0,False,1
21,0,3,[1 2],576.7999999999993,0.5,0.5,0.11655681889607761,SI,[2 1],-26.80000000000001,10,636.8999999999905,0.0,False,1
21,0,4,[1 2],576.7999999999993,0.5,0.5,0.03559716470142793,SI,[2 1],-26.80000000000001,10,636.8999999999905,0.0,False,1
22,0,0,[1 2],576.7999999999993,0.5,0.5,0.471145012148524,SI,[2 1],-26.80000000000001,10,636.8999999999905,0.0,False,1
22,0,1,[1 2],576.7999999999993,0.5,0.5,0.3546340972404699,SI,[2 1],-26.80000000000001,10,636.8999999999905,0.0,False,1
22,0,2,[1 2],576.7999999999993,0.5,0.5,0.37600195981359974,SI,[2 1],-26.80000000000001,10,636.8999999999905,0.0,False,1
22,0,3,[1 2],576.7999999999993,0.5,0.5,0.4910818658443935,SI,[2 1],-26.80000000000001,10,636.8999999999905,0.0,False,1
22,0,4,[1 2],576.7999999999993,0.5,0.5,0.1481730575282998,SI,[2 1],-26.80000000000001,10,636.8999999999905,0.0,False,1
23,0,0,[1 2],576.7999999999993,0.5,0.5,0.073518258029319,SI,[2 1],-26.80000000000001,10,636.8999999999905,0.0,False,1
23,0,1,[1 2],576.7999999999993,0.5,0.5,0.04551197793702799,SI,[2 1],-26.80000000000001,10,636.8999999999905,0.0,False,1
23,0,2,[1 2],576.7999999999993,0.5,0.5,0.03323553467659024,SI,[2 1],-26.80000000000001,10,636.8999999999905,0.0,False,1
23,0,3,[1 2],576.7999999999993,0.5,0.5,0.43448826364117765,SI,[2 1],-26.80000000000001,10,636.8999999999905,0.0,False,1
23,0,4,[1 2],576.7999999999993,0.5,0.5,0.4117125331239351,SI,[2 1],-26.80000000000001,10,636.8999999999905,0.0,False,1
24,0,0,[1 2],576.7999999999993,0.5,0.5,0.37289339312037173,SI,[2 1],-26.80000000000001,10,636.8999999999905,0.0,False,1
24,0,1,[1 2],576.7999999999993,0.5,0.5,0.06492307756257087,SI,[2 1],-26.80000000000001,10,636.8999999999905,0.0,False,1
24,0,2,[1 2],576.7999999999993,0.5,0.5,0.28091147187288057,SI,[2 1],-26.80000000000001,10,636.8999999999905,0.0,False,1
24,0,3,[1 2],576.7999999999993,0.5,0.5,0.28810957349703625,SI,[2 1],-26.80000000000001,10,636.8999999999905,0.0,False,1
24,0,4,[1 2],576.7999999999993,0.5,0.5,0.1316962719621001,SI,[2 1],-26.80000000000001,10,636.8999999999905,0.0,False,1
25,0,0,[1 2],576.7999999999993,0.5,0.5,0.10604878294686992,SI,[2 1],-26.80000000000001,10,636.8999999999905,0.0,False,1
25,0,1,[1 2],576.7999999999993,0.5,0.5,0.4956732364607993,SI,[2 1],-26.80000000000001,10,636.8999999999905,0.0,False,1
25,0,2,[1 2],576.7999999999993,0.5,0.5,0.08193293153473302,SI,[2 1],-26.80000000000001,10,636.8999999999905,0.0,False,1
25,0,3,[1 2],576.7999999999993,0.5,0.5,0.27611123106797786,SI,[2 1],-26.80000000000001,10,636.8999999999905,0.0,False,1
25,0,4,[1 2],576.7999999999993,0.5,0.5,0.4545282556474247,SI,[2 1],-26.80000000000001,10,636.8999999999905,0.0,False,1
26,0,0,[1 2],576.7999999999993,0.5,0.5,0.3187596189260027,SI,[2 1],-26.80000000000001,10,636.8999999999905,0.0,False,1
26,0,1,[1 2],576.7999999999993,0.5,0.5,0.00568398611368337,SI,[2 1],-26.80000000000001,10,636.8999999999905,0.0,False,1
26,0,2,[1 2],576.7999999999993,0.5,0.5,0.47164453248558946,SI,[2 1],-26.80000000000001,10,636.8999999999905,0.0,False,1
26,0,3,[1 2],576.7999999999993,0.5,0.5,0.432746891431498,SI,[2 1],-26.80000000000001,10,636.8999999999905,0.0,False,1
26,0,4,[1 2],576.7999999999993,0.5,0.5,0.4859802542476599,SI,[2 1],-26.80000000000001,10,636.8999999999905,0.0,False,1
27,0,0,[1 2],576.7999999999993,0.5,0.5,0.17674144589994167,SI,[2 1],-26.80000000000001,10,636.8999999999905,0.0,False,1
27,0,1,[1 2],576.7999999999993,0.5,0.5,0.4458756145934569,SI,[2 1],-26.80000000000001,10,636.8999999999905,0.0,False,1
27,0,2,[1 2],576.7999999999993,0.5,0.5,0.21583587298411555,SI,[2 1],-26.80000000000001,10,636.8999999999905,0.0,False,1
27,0,3,[1 2],576.7999999999993,0.5,0.5,0.2742575327897302,SI,[2 1],-26.80000000000001,10,636.8999999999905,0.0,False,1
27,0,4,[1 2],576.7999999999993,0.5,0.5,0.12918497768524972,SI,[2 1],-26.80000000000001,10,636.8999999999905,0.0,False,1
28,0,0,[1 2],576.7999999999993,0.5,0.5,0.13750128007064932,SI,[2 1],-26.80000000000001,10,636.8999999999905,0.0,False,1
28,0,1,[1 2],576.7999999999993,0.5,0.5,0.38770294388008375,SI,[2 1],-26.80000000000001,10,636.8999999999905,0.0,False,1
28,0,2,[1 2],576.7999999999993,0.5,0.5,0.4325403886543111,SI,[2 1],-26.80000000000001,10,636.8999999999905,0.0,False,1
28,0,3,[1 2],576.7999999999993,0.5,0.5,0.07798111177058464,SI,[2 1],-26.80000000000001,10,636.8999999999905,0.0,False,1
28,0,4,[1 2],576.7999999999993,0.5,0.5,0.30055618451779853,SI,[2 1],-26.80000000000001,10,636.8999999999905,0.0,False,1
29,0,0,[1 2],576.7999999999993,0.5,0.5,0.1629178136424112,SI,[2 1],-26.80000000000001,10,636.8999999999905,0.0,False,1
29,0,1,[1 2],576.7999999999993,0.5,0.5,0.09458938853473053,SI,[2 1],-26.80000000000001,10,636.8999999999905,0.0,False,1
29,0,2,[1 2],576.7999999999993,0.5,0.5,0.2987605845652993,SI,[2 1],-26.80000000000001,10,636.8999999999905,0.0,False,1
29,0,3,[1 2],576.7999999999993,0.5,0.5,0.032586232311553665,SI,[2 1],-26.80000000000001,10,636.8999999999905,0.0,False,1
29,0,4,[1 2],576.7999999999993,0.5,0.5,0.27921662398234715,SI,[2 1],-26.80000000000001,10,636.8999999999905,0.0,False,1
30,0,0,[1 2],576.7999999999993,0.5,0.5,0.20894699308554876,SI,[2 1],-26.80000000000001,10,636.8999999999905,0.0,False,1
30,0,1,[1 2],576.7999999999993,0.5,0.5,0.24829464314482552,SI,[2 1],-26.80000000000001,10,636.8999999999905,0.0,False,1
30,0,2,[1 2],576.7999999999993,0.5,0.5,0.17650731956474075,SI,[2 1],-26.80000000000001,10,636.8999999999905,0.0,False,1
30,0,3,[1 2],576.7999999999993,0.5,0.5,0.028143992326644107,SI,[2 1],-26.80000000000001,10,636.8999999999905,0.0,False,1
30,0,4,[1 2],576.7999999999993,0.5,0.5,0.25913350734641494,SI,[2 1],-26.80000000000001,10,636.8999999999905,0.0,False,1
31,0,0,[1 2],576.7999999999993,0.5,0.5,0.2520685761447009,SI,[2 1],-26.80000000000001,10,636.8999999999905,0.0,False,1
31,0,1,[1 2],576.7999999999993,0.5,0.5,0.06257218898319783,SI,[2 1],-26.80000000000001,10,636.8999999999905,0.0,False,1
31,0,2,[1 2],576.7999999999993,0.5,0.5,0.03174508439278678,SI,[2 1],-26.80000000000001,10,636.8999999999905,0.0,False,1
31,0,3,[1 2],576.7999999999993,0.5,0.5,0.2426790648499897,SI,[2 1],-26.80000000000001,10,636.8999999999905,0.0,False,1
31,0,4,[1 2],576.7999999999993,0.5,0.5,0.1844468618042885,SI,[2 1],-26.80000000000001,10,636.8999999999905,0.0,False,1
32,0,0,[1 2],576.7999999999993,0.5,0.5,0.1364446532493443,SI,[2 1],-26.80000000000001,10,636.8999999999905,0.0,False,1
32,0,1,[1 2],576.7999999999993,0.5,0.5,0.12434177398010049,SI,[2 1],-26.80000000000001,10,636.8999999999905,0.0,False,1
32,0,2,[1 2],576.7999999999993,0.5,0.5,0.2988157673986984,SI,[2 1],-26.80000000000001,10,636.8999999999905,0.0,False,1
32,0,3,[1 2],576.7999999999993,0.5,0.5,0.1986727852186423,SI,[2 1],-26.80000000000001,10,636.8999999999905,0.0,False,1
32,0,4,[1 2],576.7999999999993,0.5,0.5,0.07140857330426365,SI,[2 1],-26.80000000000001,10,636.8999999999905,0.0,False,1
33,0,0,[1 2],576.7999999999993,0.5,0.5,0.08828587471451099,SI,[2 1],-26.80000000000001,10,636.8999999999905,0.0,False,1
33,0,1,[1 2],576.7999999999993,0.5,0.5,0.14874007771415843,SI,[2 1],-26.80000000000001,10,636.8999999999905,0.0,False,1
33,0,2,[1 2],576.7999999999993,0.5,0.5,0.28352534597240575,SI,[2 1],-26.80000000000001,10,636.8999999999905,0.0,False,1
33,0,3,[1 2],576.7999999999993,0.5,0.5,0.2270206705830896,SI,[2 1],-26.80000000000001,10,636.8999999999905,0.0,False,1
33,0,4,[1 2],576.7999999999993,0.5,0.5,0.04697755161956518,SI,[2 1],-26.80000000000001,10,636.8999999999905,0.0,False,1
34,0,0,[1 2],576.7999999999993,0.5,0.5,0.13883865062318912,SI,[2 1],-26.80000000000001,10,636.8999999999905,0.0,False,1
34,0,1,[1 2],576.7999999999993,0.5,0.5,0.4468265033429881,SI,[2 1],-26.80000000000001,10,636.8999999999905,0.0,False,1
34,0,2,[1 2],576.7999999999993,0.5,0.5,0.4359806584073186,SI,[2 1],-26.80000000000001,10,636.8999999999905,0.0,False,1
34,0,3,[1 2],576.7999999999993,0.5,0.5,0.2173035560056673,SI,[2 1],-26.80000000000001,10,636.8999999999905,0.0,False,1
34,0,4,[1 2],576.7999999999993,0.5,0.5,0.3860274864481307,SI,[2 1],-26.80000000000001,10,636.8999999999905,0.0,False,1
35,0,0,[1 2],576.7999999999993,0.5,0.5,0.08320581200957233,SI,[2 1],-26.80000000000001,10,636.8999999999905,0.0,False,1
35,0,1,[1 2],576.7999999999993,0.5,0.5,0.10876037976468789,SI,[2 1],-26.80000000000001,10,636.8999999999905,0.0,False,1
35,0,2,[1 2],576.7999999999993,0.5,0.5,0.4738691795425205,SI,[2 1],-26.80000000000001,10,636.8999999999905,0.0,False,1
35,0,3,[1 2],576.7999999999993,0.5,0.5,0.17815953930410877,SI,[2 1],-26.80000000000001,10,636.8999999999905,0.0,False,1
35,0,4,[1 2],576.7999999999993,0.5,0.5,0.4592657267716982,SI,[2 1],-26.80000000000001,10,636.8999999999905,0.0,False,1
36,0,0,[1 2],576.7999999999993,0.5,0.5,0.4446277911061083,SI,[2 1],-26.80000000000001,10,636.8999999999905,0.0,False,1
36,0,1,[1 2],576.7999999999993,0.5,0.5,0.08951798183311899,SI,[2 1],-26.80000000000001,10,636.8999999999905,0.0,False,1
36,0,2,[1 2],576.7999999999993,0.5,0.5,0.4499516717956259,SI,[2 1],-26.80000000000001,10,636.8999999999905,0.0,False,1
36,0,3,[1 2],576.7999999999993,0.5,0.5,0.29675490623364575,SI,[2 1],-26.80000000000001,10,636.8999999999905,0.0,False,1
36,0,4,[1 2],576.7999999999993,0.5,0.5,0.20952512583545624,SI,[2 1],-26.80000000000001,10,636.8999999999905,0.0,False,1
37,0,0,[1 2],576.7999999999993,0.5,0.5,0.367028191691254,SI,[2 1],-26.80000000000001,10,636.8999999999905,0.0,False,1
37,0,1,[1 2],576.7999999999993,0.5,0.5,0.07278771474645529,SI,[2 1],-26.80000000000001,10,636.8999999999905,0.0,False,1
37,0,2,[1 2],576.7999999999993,0.5,0.5,0.14840745825627455,SI,[2 1],-26.80000000000001,10,636.8999999999905,0.0,False,1
37,0,3,[1 2],576.7999999999993,0.5,0.5,0.12018085635086106,SI,[2 1],-26.80000000000001,10,636.8999999999905,0.0,False,1
37,0,4,[1 2],576.7999999999993,0.5,0.5,0.10423487861120351,SI,[2 1],-26.80000000000001,10,636.8999999999905,0.0,False,1
38,0,0,[1 2],576.7999999999993,0.5,0.5,0.39166939014572655,SI,[2 1],-26.80000000000001,10,636.8999999999905,0.0,False,1
38,0,1,[1 2],576.7999999999993,0.5,0.5,0.4351773967816627,SI,[2 1],-26.80000000000001,10,636.8999999999905,0.0,False,1
38,0,2,[1 2],576.7999999999993,0.5,0.5,0.2011914810232771,SI,[2 1],-26.80000000000001,10,636.8999999999905,0.0,False,1
38,0,3,[1 2],576.7999999999993,0.5,0.5,0.16408739746348788,SI,[2 1],-26.80000000000001,10,636.8999999999905,0.0,False,1
38,0,4,[1 2],576.7999999999993,0.5,0.5,0.26999471442433143,SI,[2 1],-26.80000000000001,10,636.8999999999905,0.0,False,1
39,0,0,[1 2],576.7999999999993,0.5,0.5,0.46497127891103474,SI,[2 1],-26.80000000000001,10,636.8999999999905,0.0,False,1
39,0,1,[1 2],576.7999999999993,0.5,0.5,0.03163153634368632,SI,[2 1],-26.80000000000001,10,636.8999999999905,0.0,False,1
39,0,2,[1 2],576.7999999999993,0.5,0.5,0.02264692259627621,SI,[2 1],-26.80000000000001,10,636.8999999999905,0.0,False,1
39,0,3,[1 2],576.7999999999993,0.5,0.5,0.33382322330883507,SI,[2 1],-26.80000000000001,10,636.8999999999905,0.0,False,1
39,0,4,[1 2],576.7999999999993,0.5,0.5,0.40530063804698835,SI,[2 1],-26.80000000000001,10,636.8999999999905,0.0,False,1
40,0,0,[1 2],576.7999999999993,0.5,0.5,0.41612080529122786,SI,[2 1],-26.80000000000001,10,636.8999999999905,0.0,False,1
40,0,1,[1 2],576.7999999999993,0.5,0.5,0.3836570204544426,SI,[2 1],-26.80000000000001,10,636.8999999999905,0.0,False,1
40,0,2,[1 2],576.7999999999993,0.5,0.5,0.4295827447144318,SI,[2 1],-26.80000000000001,10,636.8999999999905,0.0,False,1
40,0,3,[1 2],576.7999999999993,0.5,0.5,0.3842641283167635,SI,[2 1],-26.80000000000001,10,636.8999999999905,0.0,False,1
40,0,4,[1 2],576.7999999999993,0.5,0.5,0.3607094663077658,SI,[2 1],-26.80000000000001,10,636.8999999999905,0.0,False,1
41,0,0,[1 2],576.7999999999993,0.5,0.5,0.4369162495549699,SI,[2 1],-26.80000000000001,10,636.8999999999905,0.0,False,1
41,0,1,[1 2],576.7999999999993,0.5,0.5,0.251162008913964,SI,[2 1],-26.80000000000001,10,636.8999999999905,0.0,False,1
41,0,2,[1 2],576.7999999999993,0.5,0.5,0.05403815685581015,SI,[2 1],-26.80000000000001,10,636.8999999999905,0.0,False,1
41,0,3,[1 2],576.7999999999993,0.5,0.5,0.3512113402024877,SI,[2 1],-26.80000000000001,10,636.8999999999905,0.0,False,1
41,0,4,[1 2],576.7999999999993,0.5,0.5,0.06924278488085689,SI,[2 1],-26.80000000000001,10,636.8999999999905,0.0,False,1
42,0,0,[1 2],576.7999999999993,0.5,0.5,0.21178415641084336,SI,[2 1],-26.80000000000001,10,636.8999999999905,0.0,False,1
42,0,1,[1 2],576.7999999999993,0.5,0.5,0.30954509016911724,SI,[2 1],-26.80000000000001,10,636.8999999999905,0.0,False,1
42,0,2,[1 2],576.7999999999993,0.5,0.5,0.0798361873206701,SI,[2 1],-26.80000000000001,10,636.8999999999905,0.0,False,1
42,0,3,[1 2],576.7999999999993,0.5,0.5,0.07071683329389633,SI,[2 1],-26.80000000000001,10,636.8999999999905,0.0,False,1
42,0,4,[1 2],576.7999999999993,0.5,0.5,0.4200535959952796,SI,[2 1],-26.80000000000001,10,636.8999999999905,0.0,False,1
43,0,0,[1 2],576.7999999999993,0.5,0.5,0.07092909903704858,SI,[2 1],-26.80000000000001,10,636.8999999999905,0.0,False,1
43,0,1,[1 2],576.7999999999993,0.5,0.5,0.3254991478771797,SI,[2 1],-26.80000000000001,10,636.8999999999905,0.0,False,1
43,0,2,[1 2],576.7999999999993,0.5,0.5,0.037404366651369814,SI,[2 1],-26.80000000000001,10,636.8999999999905,0.0,False,1
43,0,3,[1 2],576.7999999999993,0.5,0.5,0.47794355299652,SI,[2 1],-26.80000000000001,10,636.8999999999905,0.0,False,1
43,0,4,[1 2],576.7999999999993,0.5,0.5,0.4968160244549983,SI,[2 1],-26.80000000000001,10,636.8999999999905,0.0,False,1
44,0,0,[1 2],576.7999999999993,0.5,0.5,0.1356879630835024,SI,[2 1],-26.80000000000001,10,636.8999999999905,0.0,False,1
44,0,1,[1 2],576.7999999999993,0.5,0.5,0.1432127721009543,SI,[2 1],-26.80000000000001,10,636.8999999999905,0.0,False,1
44,0,2,[1 2],576.7999999999993,0.5,0.5,0.22922223393534646,SI,[2 1],-26.80000000000001,10,636.8999999999905,0.0,False,1
44,0,3,[1 2],576.7999999999993,0.5,0.5,0.12659966981535464,SI,[2 1],-26.80000000000001,10,636.8999999999905,0.0,False,1
44,0,4,[1 2],576.7999999999993,0.5,0.5,0.08304804796803544,SI,[2 1],-26.80000000000001,10,636.8999999999905,0.0,False,1
45,0,0,[1 2],576.7999999999993,0.5,0.5,0.4757033282121198,SI,[2 1],-26.80000000000001,10,636.8999999999905,0.0,False,1
45,0,1,[1 2],576.7999999999993,0.5,0.5,0.29409430418460736,SI,[2 1],-26.80000000000001,10,636.8999999999905,0.0,False,1
45,0,2,[1 2],576.7999999999993,0.5,0.5,0.3128880118000956,SI,[2 1],-26.80000000000001,10,636.8999999999905,0.0,False,1
45,0,3,[1 2],576.7999999999993,0.5,0.5,0.3841239808859207,SI,[2 1],-26.80000000000001,10,636.8999999999905,0.0,False,1
45,0,4,[1 2],576.7999999999993,0.5,0.5,0.44430971460047053,SI,[2 1],-26.80000000000001,10,636.8999999999905,0.0,False,1
46,0,0,[1 2],576.7999999999993,0.5,0.5,0.037140793163714436,SI,[2 1],-26.80000000000001,10,636.8999999999905,0.0,False,1
46,0,1,[1 2],576.7999999999993,0.5,0.5,0.08406994548539215,SI,[2 1],-26.80000000000001,10,636.8999999999905,0.0,False,1
46,0,2,[1 2],576.7999999999993,0.5,0.5,0.2859285720777601,SI,[2 1],-26.80000000000001,10,636.8999999999905,0.0,False,1
46,0,3,[1 2],576.7999999999993,0.5,0.5,0.4757220923660065,SI,[2 1],-26.80000000000001,10,636.8999999999905,0.0,False,1
46,0,4,[1 2],576.7999999999993,0.5,0.5,0.14996736741674022,SI,[2 1],-26.80000000000001,10,636.8999999999905,0.0,False,1
47,0,0,[1 2],576.7999999999993,0.5,0.5,0.1200777322807911,SI,[2 1],-26.80000000000001,10,636.8999999999905,0.0,False,1
47,0,1,[1 2],576.7999999999993,0.5,0.5,0.1838447919747086,SI,[2 1],-26.80000000000001,10,636.8999999999905,0.0,False,1
47,0,2,[1 2],576.7999999999993,0.5,0.5,0.43594374819175263,SI,[2 1],-26.80000000000001,10,636.8999999999905,0.0,False,1
47,0,3,[1 2],576.7999999999993,0.5,0.5,0.2726284488994529,SI,[2 1],-26.80000000000001,10,636.8999999999905,0.0,False,1
47,0,4,[1 2],576.7999999999993,0.5,0.5,0.45246403049615547,SI,[2 1],-26.80000000000001,10,636.8999999999905,0.0,False,1
48,0,0,[1 2],576.7999999999993,0.5,0.5,0.4788071394523904,SI,[2 1],-26.80000000000001,10,636.8999999999905,0.0,False,1
48,0,1,[1 2],576.7999999999993,0.5,0.5,0.12512965410541177,SI,[2 1],-26.80000000000001,10,636.8999999999905,0.0,False,1
48,0,2,[1 2],576.7999999999993,0.5,0.5,0.09874578327662131,SI,[2 1],-26.80000000000001,10,636.8999999999905,0.0,False,1
48,0,3,[1 2],576.7999999999993,0.5,0.5,0.08711322787064846,SI,[2 1],-26.80000000000001,10,636.8999999999905,0.0,False,1
48,0,4,[1 2],576.7999999999993,0.5,0.5,0.2070732956010235,SI,[2 1],-26.80000000000001,10,636.8999999999905,0.0,False,1
49,0,0,[1 2],576.7999999999993,0.5,0.5,0.15725733087033822,SI,[2 1],-26.80000000000001,10,636.8999999999905,0.0,False,1
49,0,1,[1 2],576.7999999999993,0.5,0.5,0.34381659913819484,SI,[2 1],-26.80000000000001,10,636.8999999999905,0.0,False,1
49,0,2,[1 2],576.7999999999993,0.5,0.5,0.36844107206300813,SI,[2 1],-26.80000000000001,10,636.8999999999905,0.0,False,1
49,0,3,[1 2],576.7999999999993,0.5,0.5,0.33526837990161884,SI,[2 1],-26.80000000000001,10,636.8999999999905,0.0,False,1
49,0,4,[1 2],576.7999999999993,0.5,0.5,0.26106806994089604,SI,[2 1],-26.80000000000001,10,636.8999999999905,0.0,False,1
50,0,0,[1 2],576.7999999999993,0.5,0.5,0.3233721846535087,SI,[2 1],-26.80000000000001,10,636.8999999999905,0.0,False,1
50,0,1,[1 2],576.7999999999993,0.5,0.5,0.029444838469508405,SI,[2 1],-26.80000000000001,10,636.8999999999905,0.0,False,1
50,0,2,[1 2],576.7999999999993,0.5,0.5,0.09233968734793041,SI,[2 1],-26.80000000000001,10,636.8999999999905,0.0,False,1
50,0,3,[1 2],576.7999999999993,0.5,0.5,0.02338937896672888,SI,[2 1],-26.80000000000001,10,636.8999999999905,0.0,False,1
50,0,4,[1 2],576.7999999999993,0.5,0.5,0.4558014110791825,SI,[2 1],-26.80000000000001,10,636.8999999999905,0.0,False,1
0,1,0,[2 3 1 4 5],2766.000000000011,0.5,0.5,0.7222652847280185,MI,[5 4 1 3 2],-140.50000000000006,10,4543.400000000009,0.0,False,2
0,1,1,[2 3 1 4 5],2766.000000000011,0.5,0.5,0.18180435105389425,SI,[5 4 1 3 2],-140.50000000000006,10,4543.400000000009,0.0,False,2
0,1,2,[2 3 1 4 5],2766.000000000011,0.5,0.5,0.11069778282554621,SI,[5 4 1 3 2],-140.50000000000006,10,4543.400000000009,0.0,False,2
0,1,3,[2 3 1 4 5],2766.000000000011,0.5,0.5,0.2922505864082148,SI,[5 4 1 3 2],-140.50000000000006,10,4543.400000000009,0.0,False,2
0,1,4,[2 3 1 4 5],2766.000000000011,0.5,0.5,0.5739428078706662,MI,[2 5 4 1 3],-104.00000000000006,10,4209.000000000036,0.0,False,2
1,0,0,[2 3 1 4 5],2766.000000000011,0.5,0.5,0.039743703374373274,SI,[5 4 1 3 2],-140.50000000000006,10,4543.400000000009,0.0,False,2
1,0,1,[2 3 1 4 5],2766.000000000011,0.5,0.5,0.4025765708519884,SI,[5 4 1 3 2],-140.50000000000006,10,4543.400000000009,0.0,False,2
1,0,2,[2 3 1 4 5],2766.000000000011,0.5,0.5,0.31916383299613715,SI,[5 4 1 3 2],-140.50000000000006,10,4543.400000000009,0.0,False,2
1,0,3,[2 3 1 4 5],2766.000000000011,0.5,0.5,0.7726517252441061,MI,[5 4 1 3 2],-140.50000000000006,10,4543.400000000009,0.0,False,2
1,0,4,[2 3 1 4 5],2766.000000000011,0.5,0.5,0.5040842368749775,MI,[2 5 4 1 3],-104.00000000000006,10,4209.000000000036,0.0,False,2
2,0,0,[3 1 4 5 2],2761.5999999999804,0.5,0.5,0.841333470010422,MI,[3 5 4 1 2],35.299999999999955,10,3735.199999999986,0.0,False,2
2,0,1,[3 1 4 5 2],2761.5999999999804,0.5,0.5,0.5061300621404777,MI,[5 4 1 3 2],22.799999999999955,10,4543.400000000009,0.0,False,2
2,0,2,[3 1 4 5 2],2761.5999999999804,0.5,0.5,0.23812437016405086,SI,[5 4 1 3 2],22.799999999999955,10,4543.400000000009,0.0,False,2
2,0,3,[3 1 4 5 2],2761.5999999999804,0.5,0.5,0.04321998375964564,SI,[5 4 1 3 2],22.799999999999955,10,4543.400000000009,0.0,False,2
2,0,4,[3 1 4 5 2],2761.5999999999804,0.5,0.5,0.13239137130109235,SI,[5 4 1 3 2],22.799999999999955,10,4543.400000000009,0.0,False,2
3,0,0,[3 1 4 5 2],2761.5999999999804,0.5,0.5,0.23712968038326288,SI,[3 4 1 5 2],73.19999999999999,10,3454.6999999999825,0.0,False,2
3,0,1,[3 1 4 5 2],2761.5999999999804,0.5,0.5,0.9524746219058431,MI,[5 4 1 3 2],22.799999999999955,10,4543.400000000009,0.0,False,2
3,0,2,[3 1 4 5 2],2761.5999999999804,0.5,0.5,0.6980168122726059,MI,[3 5 4 1 2],35.299999999999955,10,3735.199999999986,0.0,False,2
3,0,3,[3 1 4 5 2],2761.5999999999804,0.5,0.5,0.11879728574373982,SI,[2 5 4 1 3],57.30000000000001,10,4209.000000000036,0.0,False,2
3,0,4,[3 1 4 5 2],2761.5999999999804,0.5,0.5,0.8800634650443264,MI,[5 4 1 3 2],22.799999999999955,10,4543.400000000009,0.0,False,2
4,0,0,[3 1 4 5 2],2761.5999999999804,0.5,0.5,0.028375111499782002,SI,[3 5 4 1 2],35.299999999999955,10,3735.199999999986,0.0,False,2
4,0,1,[3 1 4 5 2],2761.5999999999804,0.5,0.5,0.2511724764368435,SI,[5 4 1 3 2],22.799999999999955,10,4543.400000000009,0.0,False,2
4,0,2,[3 1 4 5 2],2761.5999999999804,0.5,0.5,0.2667335537117743,SI,[5 4 1 3 2],22.799999999999955,10,4543.400000000009,0.0,False,2
4,0,3,[3 1 4 5 2],2761.5999999999804,0.5,0.5,0.8447270584461872,MI,[5 4 1 3 2],22.799999999999955,10,4543.400000000009,0.0,False,2
4,0,4,[3 1 4 5 2],2761.5999999999804,0.5,0.5,0.08406109074418222,SI,[5 4 1 3 2],22.799999999999955,10,4543.400000000009,0.0,False,2
5,0,0,[3 1 4 5 2],2761.5999999999804,0.5,0.5,0.0962634267113115,SI,[5 4 1 3 2],22.799999999999955,10,4543.400000000009,0.0,False,2
5,0,1,[3 1 4 5 2],2761.5999999999804,0.5,0.5,0.7202238775759021,MI,[5 4 1 3 2],22.799999999999955,10,4543.400000000009,0.0,False,2
5,0,2,[3 1 4 5 2],2761.5999999999804,0.5,0.5,0.37033104599938416,SI,[5 4 1 3 2],22.799999999999955,10,4543.400000000009,0.0,False,2
5,0,3,[3 1 4 5 2],2761.5999999999804,0.5,0.5,0.7980798206009663,MI,[5 4 1 3 2],22.799999999999955,10,4543.400000000009,0.0,False,2
5,0,4,[3 1 4 5 2],2761.5999999999804,0.5,0.5,0.3480602362151072,SI,[5 4 1 3 2],22.799999999999955,10,4543.400000000009,0.0,False,2
6,0,0,[3 1 4 5 2],2761.5999999999804,0.5,0.5,0.6829729239595254,MI,[5 4 1 3 2],22.799999999999955,10,4543.400000000009,0.0,False,2
6,0,1,[3 1 4 5 2],2761.5999999999804,0.5,0.5,0.6582199253725047,MI,[5 4 1 3 2],22.799999999999955,10,4543.400000000009,0.0,False,2
6,0,2,[3 1 4 5 2],2761.5999999999804,0.5,0.5,0.6640575934581687,MI,[5 4 1 3 2],22.799999999999955,10,4543.400000000009,0.0,False,2
6,0,3,[3 1 4 5 2],2761.5999999999804,0.5,0.5,0.647297575532258,MI,[5 4 1 3 2],22.799999999999955,10,4543.400000000009,0.0,False,2
6,0,4,[3 1 4 5 2],2761.5999999999804,0.5,0.5,0.12848332041256283,SI,[5 4 1 3 2],22.799999999999955,10,4543.400000000009,0.0,False,2
7,0,0,[3 1 4 5 2],2761.5999999999804,0.5,0.5,0.7835399834398079,MI,[5 4 1 3 2],22.799999999999955,10,4543.400000000009,0.0,False,2
7,0,1,[3 1 4 5 2],2761.5999999999804,0.5,0.5,0.8896717896329739,MI,[5 4 1 3 2],22.799999999999955,10,4543.400000000009,0.0,False,2
7,0,2,[3 1 4 5 2],2761.5999999999804,0.5,0.5,0.010049299995947392,SI,[5 4 1 3 2],22.799999999999955,10,4543.400000000009,0.0,False,2
7,0,3,[3 1 4 5 2],2761.5999999999804,0.5,0.5,0.8781871824456807,MI,[5 4 1 3 2],22.799999999999955,10,4543.400000000009,0.0,False,2
7,0,4,[3 1 4 5 2],2761.5999999999804,0.5,0.5,0.022771190904167238,SI,[5 4 1 3 2],22.799999999999955,10,4543.400000000009,0.0,False,2
8,0,0,[3 1 4 5 2],2761.5999999999804,0.5,0.5,0.527444391774824,MI,[3 5 4 1 2],35.299999999999955,10,3735.199999999986,0.0,False,2
8,0,1,[3 1 4 5 2],2761.5999999999804,0.5,0.5,0.9705770579123759,MI,[3 5 4 1 2],35.299999999999955,10,3735.199999999986,0.0,False,2
8,0,2,[3 1 4 5 2],2761.5999999999804,0.5,0.5,0.10345595823590159,SI,[5 4 1 3 2],22.799999999999955,10,4543.400000000009,0.0,False,2
8,0,3,[3 1 4 5 2],2761.5999999999804,0.5,0.5,0.9536959557897577,MI,[3 5 4 1 2],35.299999999999955,10,3735.199999999986,0.0,False,2
8,0,4,[3 1 4 5 2],2761.5999999999804,0.5,0.5,0.6627670685867642,MI,[5 4 1 3 2],22.799999999999955,10,4543.400000000009,0.0,False,2
9,0,0,[3 1 4 5 2],2761.5999999999804,0.5,0.5,0.27981594444758706,SI,[5 4 1 3 2],22.799999999999955,10,4543.400000000009,0.0,False,2
9,0,1,[3 1 4 5 2],2761.5999999999804,0.5,0.5,0.20601019070057047,SI,[5 4 1 3 2],22.799999999999955,10,4543.400000000009,0.0,False,2
9,0,2,[3 1 4 5 2],2761.5999999999804,0.5,0.5,0.7199052736089865,MI,[3 5 4 1 2],35.299999999999955,10,3735.199999999986,0.0,False,2
9,0,3,[3 1 4 5 2],2761.5999999999804,0.5,0.5,0.9537253708757416,MI,[3 5 4 1 2],35.299999999999955,10,3735.199999999986,0.0,False,2
9,0,4,[3 1 4 5 2],2761.5999999999804,0.5,0.5,0.7668992045547484,MI,[5 4 1 3 2],22.799999999999955,10,4543.400000000009,0.0,False,2
10,0,0,[3 1 4 5 2],2761.5999999999804,0.5,0.5,0.1252002426208314,SI,[2 5 4 1 3],57.30000000000001,10,4209.000000000036,0.0,False,2
10,0,1,[3 1 4 5 2],2761.5999999999804,0.5,0.5,0.5619282116171691,MI,[3 5 4 1 2],35.299999999999955,10,3735.199999999986,0.0,False,2
10,0,2,[3 1 4 5 2],2761.5999999999804,0.5,0.5,0.1466776742869904,SI,[3 4 1 5 2],73.19999999999999,10,3454.6999999999825,0.0,False,2
10,0,3,[3 1 4 5 2],2761.5999999999804,0.5,0.5,0.3522767167246501,SI,[5 4 1 3 2],22.799999999999955,10,4543.400000000009,0.0,False,2
10,0,4,[3 1 4 5 2],2761.5999999999804,0.5,0.5,0.11506112075786168,SI,[2 5 4 1 3],57.30000000000001,10,4209.000000000036,0.0,False,2
11,0,0,[3 1 4 5 2],2761.5999999999804,0.5,0.5,0.862949349481704,MI,[5 4 1 3 2],22.799999999999955,10,4543.400000000009,0.0,False,2
11,0,1,[3 1 4 5 2],2761.5999999999804,0.5,0.5,0.9195249246707823,MI,[5 4 1 3 2],22.799999999999955,10,4543.400000000009,0.0,False,2
11,0,2,[3 1 4 5 2],2761.5999999999804,0.5,0.5,0.05510172324919105,SI,[5 4 1 3 2],22.799999999999955,10,4543.400000000009,0.0,False,2
11,0,3,[3 1 4 5 2],2761.5999999999804,0.5,0.5,0.5861702807976652,MI,[5 4 1 3 2],22.799999999999955,10,4543.400000000009,0.0,False,2
11,0,4,[3 1 4 5 2],2761.5999999999804,0.5,0.5,0.8718573760117716,MI,[3 5 4 1 2],35.299999999999955,10,3735.199999999986,0.0,False,2
12,0,0,[3 1 4 5 2],2761.5999999999804,0.5,0.5,0.5117186925162368,MI,[5 4 1 3 2],22.799999999999955,10,4543.400000000009,0.0,False,2
12,0,1,[3 1 4 5 2],2761.5999999999804,0.5,0.5,0.8678672705507449,MI,[5 4 1 3 2],22.799999999999955,10,4543.400000000009,0.0,False,2
12,0,2,[3 1 4 5 2],2761.5999999999804,0.5,0.5,0.5376343424324795,MI,[5 4 1 3 2],22.799999999999955,10,4543.400000000009,0.0,False,2
12,0,3,[3 1 4 5 2],2761.5999999999804,0.5,0.5,0.2688112142959622,SI,[5 4 1 3 2],22.799999999999955,10,4543.400000000009,0.0,False,2
12,0,4,[3 1 4 5 2],2761.5999999999804,0.5,0.5,0.8113752207903214,MI,[5 4 1 3 2],22.799999999999955,10,4543.400000000009,0.0,False,2
13,0,0,[3 1 4 5 2],2761.5999999999804,0.5,0.5,0.27537484233351206,SI,[5 4 1 3 2],22.799999999999955,10,4543.400000000009,0.0,False,2
13,0,1,[3 1 4 5 2],2761.5999999999804,0.5,0.5,0.4993717398529587,SI,[5 4 1 3 2],22.799999999999955,10,4543.400000000009,0.0,False,2
13,0,2,[3 1 4 5 2],2761.5999999999804,0.5,0.5,0.0019864275660187447,SI,[5 4 1 3 2],22.799999999999955,10,4543.400000000009,0.0,False,2
13,0,3,[3 1 4 5 2],2761.5999999999804,0.5,0.5,0.8030556710088262,MI,[3 5 4 1 2],35.299999999999955,10,3735.199999999986,0.0,False,2
13,0,4,[3 1 4 5 2],2761.5999999999804,0.5,0.5,0.39705738061949025,SI,[5 4 1 3 2],22.799999999999955,10,4543.400000000009,0.0,False,2
14,0,0,[3 1 4 5 2],2761.5999999999804,0.5,0.5,0.5659124154087678,MI,[3 5 4 1 2],35.299999999999955,10,3735.199999999986,0.0,False,2
14,0,1,[3 1 4 5 2],2761.5999999999804,0.5,0.5,0.8347626696997827,MI,[5 4 1 3 2],22.799999999999955,10,4543.400000000009,0.0,False,2
14,0,2,[3 1 4 5 2],2761.5999999999804,0.5,0.5,0.82571086461986,MI,[5 4 1 3 2],22.799999999999955,10,4543.400000000009,0.0,False,2
14,0,3,[3 1 4 5 2],2761.5999999999804,0.5,0.5,0.6162773000935863,MI,[3 5 4 1 2],35.299999999999955,10,3735.199999999986,0.0,False,2
14,0,4,[3 1 4 5 2],2761.5999999999804,0.5,0.5,0.9518109669942509,MI,[3 5 4 1 2],35.299999999999955,10,3735.199999999986,0.0,False,2
15,0,0,[3 1 4 5 2],2761.5999999999804,0.5,0.5,0.17033563443608113,SI,[3 5 4 1 2],35.299999999999955,10,3735.199999999986,0.0,False,2
15,0,1,[3 1 4 5 2],2761.5999999999804,0.5,0.5,0.1408643347728038,SI,[5 4 1 3 2],22.799999999999955,10,4543.400000000009,0.0,False,2
15,0,2,[3 1 4 5 2],2761.5999999999804,0.5,0.5,0.04622762496956345,SI,[5 4 1 3 2],22.799999999999955,10,4543.400000000009,0.0,False,2
15,0,3,[3 1 4 5 2],2761.5999999999804,0.5,0.5,0.24723769958449293,SI,[5 4 1 3 2],22.799999999999955,10,4543.400000000009,0.0,False,2
15,0,4,[3 1 4 5 2],2761.5999999999804,0.5,0.5,0.4542486001505459,SI,[5 4 1 3 2],22.799999999999955,10,4543.400000000009,0.0,False,2
16,0,0,[3 1 4 5 2],2761.5999999999804,0.5,0.5,0.35272061395220977,SI,[3 5 4 1 2],35.299999999999955,10,3735.199999999986,0.0,False,2
16,0,1,[3 1 4 5 2],2761.5999999999804,0.5,0.5,0.014085393060167206,SI,[5 4 1 3 2],22.799999999999955,10,4543.400000000009,0.0,False,2
16,0,2,[3 1 4 5 2],2761.5999999999804,0.5,0.5,0.5944147352262545,MI,[5 4 1 3 2],22.799999999999955,10,4543.400000000009,0.0,False,2
16,0,3,[3 1 4 5 2],2761.5999999999804,0.5,0.5,0.9286470716101979,MI,[5 4 1 3 2],22.799999999999955,10,4543.400000000009,0.0,False,2
16,0,4,[3 1 4 5 2],2761.5999999999804,0.5,0.5,0.9940841370376697,MI,[5 4 1 3 2],22.799999999999955,10,4543.400000000009,0.0,False,2
17,0,0,[3 1 4 5 2],2761.5999999999804,0.5,0.5,0.18750812574762443,SI,[5 4 1 3 2],22.799999999999955,10,4543.400000000009,0.0,False,2
17,0,1,[3 1 4 5 2],2761.5999999999804,0.5,0.5,0.1691441308111865,SI,[3 1 5 4 2],101.39999999999998,10,2985.999999999982,0.0,False,2
17,0,2,[3 1 4 5 2],2761.5999999999804,0.5,0.5,0.11817341449494811,SI,[5 4 1 3 2],22.799999999999955,10,4543.400000000009,0.0,False,2
17,0,3,[3 1 4 5 2],2761.5999999999804,0.5,0.5,0.8409206843377459,MI,[3 5 4 1 2],35.299999999999955,10,3735.199999999986,0.0,False,2
17,0,4,[3 1 4 5 2],2761.5999999999804,0.5,0.5,0.2794390679051658,SI,[5 4 1 3 2],22.799999999999955,10,4543.400000000009,0.0,False,2
18,0,0,[3 1 4 5 2],2761.5999999999804,0.5,0.5,0.9334035738875788,MI,[2 5 4 1 3],57.30000000000001,10,4209.000000000036,0.0,False,2
18,0,1,[3 1 4 5 2],2761.5999999999804,0.5,0.5,0.09512991098795232,SI,[5 4 1 3 2],22.799999999999955,10,4543.400000000009,0.0,False,2
18,0,2,[3 1 4 5 2],2761.5999999999804,0.5,0.5,0.9506010415180274,MI,[5 4 1 3 2],22.799999999999955,10,4543.400000000009,0.0,False,2
18,0,3,[3 1 4 5 2],2761.5999999999804,0.5,0.5,0.8644054735302574,MI,[5 4 1 3 2],22.799999999999955,10,4543.400000000009,0.0,False,2
18,0,4,[3 1 4 5 2],2761.5999999999804,0.5,0.5,0.8640203154506586,MI,[3 5 4 1 2],35.299999999999955,10,3735.199999999986,0.0,False,2
19,0,0,[3 1 4 5 2],2761.5999999999804,0.5,0.5,0.6555660076700294,MI,[5 4 1 3 2],22.799999999999955,10,4543.400000000009,0.0,False,2
19,0,1,[3 1 4 5 2],2761.5999999999804,0.5,0.5,0.5148210331326164,MI,[5 4 1 3 2],22.799999999999955,10,4543.400000000009,0.0,False,2
19,0,2,[3 1 4 5 2],2761.5999999999804,0.5,0.5,0.1898170396256802,SI,[5 4 1 3 2],22.799999999999955,10,4543.400000000009,0.0,False,2
19,0,3,[3 1 4 5 2],2761.5999999999804,0.5,0.5,0.6234720210687734,MI,[5 4 1 3 2],22.799999999999955,10,4543.400000000009,0.0,False,2
19,0,4,[3 1 4 5 2],2761.5999999999804,0.5,0.5,0.5690180665848839,MI,[3 5 4 1 2],35.299999999999955,10,3735.199999999986,0.0,False,2
20,0,0,[3 1 4 5 2],2761.5999999999804,0.5,0.5,0.4908775206090372,SI,[5 4 1 3 2],22.799999999999955,10,4543.400000000009,0.0,False,2
20,0,1,[3 1 4 5 2],2761.5999999999804,0.5,0.5,0.7906245153911927,MI,[3 5 4 1 2],35.299999999999955,10,3735.199999999986,0.0,False,2
20,0,2,[3 1 4 5 2],2761.5999999999804,0.5,0.5,0.6182135907088587,MI,[5 4 1 3 2],22.799999999999955,10,4543.400000000009,0.0,False,2
20,0,3,[3 1 4 5 2],2761.5999999999804,0.5,0.5,0.5452813312373835,MI,[5 4 1 3 2],22.799999999999955,10,4543.400000000009,0.0,False,2
20,0,4,[3 1 4 5 2],2761.5999999999804,0.5,0.5,0.9153658052147677,MI,[5 4 1 3 2],22.799999999999955,10,4543.400000000009,0.0,False,2
21,0,0,[3 1 4 5 2],2761.5999999999804,0.5,0.5,0.28742476326948496,SI,[5 4 1 3 2],22.799999999999955,10,4543.400000000009,0.0,False,2
21,0,1,[3 1 4 5 2],2761.5999999999804,0.5,0.5,0.7339926663818188,MI,[5 4 1 3 2],22.799999999999955,10,4543.400000000009,0.0,False,2
21,0,2,[3 1 4 5 2],2761.5999999999804,0.5,0.5,0.49632445138607106,SI,[3 5 4 1 2],35.299999999999955,10,3735.199999999986,0.0,False,2
21,0,3,[3 1 4 5 2],2761.5999999999804,0.5,0.5,0.5861224301537994,MI,[3 5 4 1 2],35.299999999999955,10,3735.199999999986,0.0,False,2
21,0,4,[3 1 4 5 2],2761.5999999999804,0.5,0.5,0.967525424483729,MI,[5 4 1 3 2],22.799999999999955,10,4543.400000000009,0.0,False,2
22,0,0,[3 1 4 5 2],2761.5999999999804,0.5,0.5,0.26012507857645584,SI,[5 4 1 3 2],22.799999999999955,10,4543.400000000009,0.0,False,2
22,0,1,[3 1 4 5 2],2761.5999999999804,0.5,0.5,0.6192551627383354,MI,[5 4 1 3 2],22.799999999999955,10,4543.400000000009,0.0,False,2
22,0,2,[3 1 4 5 2],2761.5999999999804,0.5,0.5,0.806903303547526,MI,[5 4 1 3 2],22.799999999999955,10,4543.400000000009,0.0,False,2
22,0,3,[3 1 4 5 2],2761.5999999999804,0.5,0.5,0.9308155770159648,MI,[5 4 1 3 2],22.799999999999955,10,4543.400000000009,0.0,False,2
22,0,4,[3 1 4 5 2],2761.5999999999804,0.5,0.5,0.4815204687790312,SI,[2 5 4 1 3],57.30000000000001,10,4209.000000000036,0.0,False,2
23,0,0,[3 1 4 5 2],2761.5999999999804,0.5,0.5,0.6005859422046976,MI,[5 4 1 3 2],22.799999999999955,10,4543.400000000009,0.0,False,2
23,0,1,[3 1 4 5 2],2761.5999999999804,0.5,0.5,0.4621994628966637,SI,[5 4 1 3 2],22.799999999999955,10,4543.400000000009,0.0,False,2
23,0,2,[3 1 4 5 2],2761.5999999999804,0.5,0.5,0.7680423919884187,MI,[3 5 4 1 2],35.299999999999955,10,3735.199999999986,0.0,False,2
23,0,3,[3 1 4 5 2],2761.5999999999804,0.5,0.5,0.4995452988304112,SI,[5 4 1 3 2],22.799999999999955,10,4543.400000000009,0.0,False,2
23,0,4,[3 1 4 5 2],2761.5999999999804,0.5,0.5,0.5025784893282619,MI,[3 5 4 1 2],35.299999999999955,10,3735.199999999986,0.0,False,2
24,0,0,[3 1 4 5 2],2761.5999999999804,0.5,0.5,0.7774205699780282,MI,[5 4 1 3 2],22.799999999999955,10,4543.400000000009,0.0,False,2
24,0,1,[3 1 4 5 2],2761.5999999999804,0.5,0.5,0.04651647014663207,SI,[3 5 4 1 2],35.299999999999955,10,3735.199999999986,0.0,False,2
24,0,2,[3 1 4 5 2],2761.5999999999804,0.5,0.5,0.974201972651735,MI,[3 5 4 1 2],35.299999999999955,10,3735.199999999986,0.0,False,2
24,0,3,[3 1 4 5 2],2761.5999999999804,0.5,0.5,0.5194013754112174,MI,[5 4 1 3 2],22.799999999999955,10,4543.400000000009,0.0,False,2
24,0,4,[3 1 4 5 2],2761.5999999999804,0.5,0.5,0.31091256382215215,SI,[3 5 4 1 2],35.299999999999955,10,3735.199999999986,0.0,False,2
25,0,0,[3 1 4 5 2],2761.5999999999804,0.5,0.5,0.5899054590070462,MI,[3 5 4 1 2],35.299999999999955,10,3735.199999999986,0.0,False,2
25,0,1,[3 1 4 5 2],2761.5999999999804,0.5,0.5,0.3541245510010682,SI,[5 4 1 3 2],22.799999999999955,10,4543.400000000009,0.0,False,2
25,0,2,[3 1 4 5 2],2761.5999999999804,0.5,0.5,0.7412385847888852,MI,[5 4 1 3 2],22.799999999999955,10,4543.400000000009,0.0,False,2
25,0,3,[3 1 4 5 2],2761.5999999999804,0.5,0.5,0.023885894667969643,SI,[3 5 4 1 2],35.299999999999955,10,3735.199999999986,0.0,False,2
25,0,4,[3 1 4 5 2],2761.5999999999804,0.5,0.5,0.2485777161900915,SI,[3 1 5 4 2],101.39999999999998,10,2985.999999999982,0.0,False,2
26,0,0,[3 1 4 5 2],2761.5999999999804,0.5,0.5,0.6289916842896868,MI,[3 5 4 1 2],35.299999999999955,10,3735.199999999986,0.0,False,2
26,0,1,[3 1 4 5 2],2761.5999999999804,0.5,0.5,0.023059064629014525,SI,[3 5 4 1 2],35.299999999999955,10,3735.199999999986,0.0,False,2
26,0,2,[3 1 4 5 2],2761.5999999999804,0.5,0.5,0.7614416382872677,MI,[5 4 1 3 2],22.799999999999955,10,4543.400000000009,0.0,False,2
26,0,3,[3 1 4 5 2],2761.5999999999804,0.5,0.5,0.7868526175223595,MI,[5 4 1 3 2],22.799999999999955,10,4543.400000000009,0.0,False,2
26,0,4,[3 1 4 5 2],2761.5999999999804,0.5,0.5,0.9968512040954953,MI,[3 5 4 1 2],35.299999999999955,10,3735.199999999986,0.0,False,2
27,0,0,[3 1 4 5 2],2761.5999999999804,0.5,0.5,0.1449065774575271,SI,[5 4 1 3 2],22.799999999999955,10,4543.400000000009,0.0,False,2
27,0,1,[3 1 4 5 2],2761.5999999999804,0.5,0.5,0.7346106887054479,MI,[5 4 1 3 2],22.799999999999955,10,4543.400000000009,0.0,False,2
27,0,2,[3 1 4 5 2],2761.5999999999804,0.5,0.5,0.66685939911874,MI,[5 4 1 3 2],22.799999999999955,10,4543.400000000009,0.0,False,2
27,0,3,[3 1 4 5 2],2761.5999999999804,0.5,0.5,0.30578480470600433,SI,[5 4 1 3 2],22.799999999999955,10,4543.400000000009,0.0,False,2
27,0,4,[3 1 4 5 2],2761.5999999999804,0.5,0.5,0.4720064742959248,SI,[3 5 4 1 2],35.299999999999955,10,3735.199999999986,0.0,False,2
28,0,0,[3 1 4 5 2],2761.5999999999804,0.5,0.5,0.8138396980954582,MI,[5 4 1 3 2],22.799999999999955,10,4543.400000000009,0.0,False,2
28,0,1,[3 1 4 5 2],2761.5999999999804,0.5,0.5,0.6012226281858184,MI,[5 4 1 3 2],22.799999999999955,10,4543.400000000009,0.0,False,2
28,0,2,[3 1 4 5 2],2761.5999999999804,0.5,0.5,0.7164550848944666,MI,[3 5 4 1 2],35.299999999999955,10,3735.199999999986,0.0,False,2
28,0,3,[3 1 4 5 2],2761.5999999999804,0.5,0.5,0.8659552586212361,MI,[5 4 1 3 2],22.799999999999955,10,4543.400000000009,0.0,False,2
28,0,4,[3 1 4 5 2],2761.5999999999804,0.5,0.5,0.7084427756809795,MI,[3 5 4 1 2],35.299999999999955,10,3735.199999999986,0.0,False,2
29,0,0,[3 1 4 5 2],2761.5999999999804,0.5,0.5,0.5242344719520413,MI,[5 4 1 3 2],22.799999999999955,10,4543.400000000009,0.0,False,2
29,0,1,[3 1 4 5 2],2761.5999999999804,0.5,0.5,0.6080499478950888,MI,[3 5 4 1 2],35.299999999999955,10,3735.199999999986,0.0,False,2
29,0,2,[3 1 4 5 2],2761.5999999999804,0.5,0.5,0.7519184311856247,MI,[5 4 1 3 2],22.799999999999955,10,4543.400000000009,0.0,False,2
29,0,3,[3 1 4 5 2],2761.5999999999804,0.5,0.5,0.0521035166838556,SI,[5 4 1 3 2],22.799999999999955,10,4543.400000000009,0.0,False,2
29,0,4,[3 1 4 5 2],2761.5999999999804,0.5,0.5,0.5549665750562013,MI,[3 5 4 1 2],35.299999999999955,10,3735.199999999986,0.0,False,2
30,0,0,[3 1 4 5 2],2761.5999999999804,0.5,0.5,0.6263019525005543,MI,[5 4 1 3 2],22.799999999999955,10,4543.400000000009,0.0,False,2
30,0,1,[3 1 4 5 2],2761.5999999999804,0.5,0.5,0.16666902048373178,SI,[5 4 1 3 2],22.799999999999955,10,4543.400000000009,0.0,False,2
30,0,2,[3 1 4 5 2],2761.5999999999804,0.5,0.5,0.4358014792023882,SI,[5 4 1 3 2],22.799999999999955,10,4543.400000000009,0.0,False,2
30,0,3,[3 1 4 5 2],2761.5999999999804,0.5,0.5,0.7715417731239493,MI,[5 4 1 3 2],22.799999999999955,10,4543.400000000009,0.0,False,2
30,0,4,[3 1 4 5 2],2761.5999999999804,0.5,0.5,0.35787480718041986,SI,[5 4 1 3 2],22.799999999999955,10,4543.400000000009,0.0,False,2
31,0,0,[3 1 4 5 2],2761.5999999999804,0.5,0.5,0.8101439572861252,MI,[5 4 1 3 2],22.799999999999955,10,4543.400000000009,0.0,False,2
31,0,1,[3 1 4 5 2],2761.5999999999804,0.5,0.5,0.9085160313729008,MI,[5 4 1 3 2],22.799999999999955,10,4543.400000000009,0.0,False,2
31,0,2,[3 1 4 5 2],2761.5999999999804,0.5,0.5,0.2512004372756187,SI,[5 4 1 3 2],22.799999999999955,10,4543.400000000009,0.0,False,2
31,0,3,[3 1 4 5 2],2761.5999999999804,0.5,0.5,0.6165123628659637,MI,[3 5 4 1 2],35.299999999999955,10,3735.199999999986,0.0,False,2
31,0,4,[3 1 4 5 2],2761.5999999999804,0.5,0.5,0.20526585760144467,SI,[5 4 1 3 2],22.799999999999955,10,4543.400000000009,0.0,False,2
32,0,0,[3 1 4 5 2],2761.5999999999804,0.5,0.5,0.8378913651568868,MI,[5 4 1 3 2],22.799999999999955,10,4543.400000000009,0.0,False,2
32,0,1,[3 1 4 5 2],2761.5999999999804,0.5,0.5,0.08642017893354259,SI,[3 5 4 1 2],35.299999999999955,10,3735.199999999986,0.0,False,2
32,0,2,[3 1 4 5 2],2761.5999999999804,0.5,0.5,0.5100936748285001,MI,[3 5 4 1 2],35.299999999999955,10,3735.199999999986,0.0,False,2
32,0,3,[3 1 4 5 2],2761.5999999999804,0.5,0.5,0.6943841028069578,MI,[5 4 1 3 2],22.799999999999955,10,4543.400000000009,0.0,False,2
32,0,4,[3 1 4 5 2],2761.5999999999804,0.5,0.5,0.5682460624266538,MI,[5 4 1 3 2],22.799999999999955,10,4543.400000000009,0.0,False,2
33,0,0,[3 1 4 5 2],2761.5999999999804,0.5,0.5,0.9122182314742098,MI,[2 5 4 1 3],57.30000000000001,10,4209.000000000036,0.0,False,2
33,0,1,[3 1 4 5 2],2761.5999999999804,0.5,0.5,0.9680162333023287,MI,[5 4 1 3 2],22.799999999999955,10,4543.400000000009,0.0,False,2
33,0,2,[3 1 4 5 2],2761.5999999999804,0.5,0.5,0.7334141000029617,MI,[3 5 4 1 2],35.299999999999955,10,3735.199999999986,0.0,False,2
33,0,3,[3 1 4 5 2],2761.5999999999804,0.5,0.5,0.1821229800883749,SI,[5 4 1 3 2],22.799999999999955,10,4543.400000000009,0.0,False,2
33,0,4,[3 1 4 5 2],2761.5999999999804,0.5,0.5,0.7258923546991792,MI,[5 4 1 3 2],22.799999999999955,10,4543.400000000009,0.0,False,2
34,0,0,[3 1 4 5 2],2761.5999999999804,0.5,0.5,0.30761374511680695,SI,[5 4 1 3 2],22.799999999999955,10,4543.400000000009,0.0,False,2
34,0,1,[3 1 4 5 2],2761.5999999999804,0.5,0.5,0.14852992406733823,SI,[5 4 1 3 2],22.799999999999955,10,4543.400000000009,0.0,False,2
34,0,2,[3 1 4 5 2],2761.5999999999804,0.5,0.5,0.5934316208210575,MI,[5 4 1 3 2],22.799999999999955,10,4543.400000000009,0.0,False,2
34,0,3,[3 1 4 5 2],2761.5999999999804,0.5,0.5,0.7737538450354733,MI,[5 4 1 3 2],22.799999999999955,10,4543.400000000009,0.0,False,2
34,0,4,[3 1 4 5 2],2761.5999999999804,0.5,0.5,0.18818225220599605,SI,[3 5 4 1 2],35.299999999999955,10,3735.199999999986,0.0,False,2
35,0,0,[3 1 4 5 2],2761.5999999999804,0.5,0.5,0.09012497388986962,SI,[3 1 5 4 2],101.39999999999998,10,2985.999999999982,0.0,False,2
35,0,1,[3 1 4 5 2],2761.5999999999804,0.5,0.5,0.5674914320928652,MI,[5 4 1 3 2],22.799999999999955,10,4543.400000000009,0.0,False,2
35,0,2,[3 1 4 5 2],2761.5999999999804,0.5,0.5,0.9466483694232554,MI,[3 5 4 1 2],35.299999999999955,10,3735.199999999986,0.0,False,2
35,0,3,[3 1 4 5 2],2761.5999999999804,0.5,0.5,0.9572385247948969,MI,[5 4 1 3 2],22.799999999999955,10,4543.400000000009,0.0,False,2
35,0,4,[3 1 4 5 2],2761.5999999999804,0.5,0.5,0.3035567039724275,SI,[2 5 4 1 3],57.30000000000001,10,4209.000000000036,0.0,False,2
36,0,0,[3 1 4 5 2],2761.5999999999804,0.5,0.5,0.3696934649630622,SI,[5 4 1 3 2],22.799999999999955,10,4543.400000000009,0.0,False,2
36,0,1,[3 1 4 5 2],2761.5999999999804,0.5,0.5,0.7977386864916711,MI,[5 4 1 3 2],22.799999999999955,10,4543.400000000009,0.0,False,2
36,0,2,[3 1 4 5 2],2761.5999999999804,0.5,0.5,0.5128598842181605,MI,[5 4 1 3 2],22.799999999999955,10,4543.400000000009,0.0,False,2
36,0,3,[3 1 4 5 2],2761.5999999999804,0.5,0.5,0.29205755817789714,SI,[5 4 1 3 2],22.799999999999955,10,4543.400000000009,0.0,False,2
36,0,4,[3 1 4 5 2],2761.5999999999804,0.5,0.5,0.8846750744509694,MI,[5 4 1 3 2],22.799999999999955,10,4543.400000000009,0.0,False,2
37,0,0,[3 1 4 5 2],2761.5999999999804,0.5,0.5,0.04142335762403293,SI,[3 5 4 1 2],35.299999999999955,10,3735.199999999986,0.0,False,2
37,0,1,[3 1 4 5 2],2761.5999999999804,0.5,0.5,0.48935906352238456,SI,[5 4 1 3 2],22.799999999999955,10,4543.400000000009,0.0,False,2
37,0,2,[3 1 4 5 2],2761.5999999999804,0.5,0.5,0.6527781074714347,MI,[3 5 4 1 2],35.299999999999955,10,3735.199999999986,0.0,False,2
37,0,3,[3 1 4 5 2],2761.5999999999804,0.5,0.5,0.0972049601967121,SI,[5 4 1 3 2],22.799999999999955,10,4543.400000000009,0.0,False,2
37,0,4,[3 1 4 5 2],2761.5999999999804,0.5,0.5,0.4420527006801185,SI,[5 4 1 3 2],22.799999999999955,10,4543.400000000009,0.0,False,2
38,0,0,[3 1 4 5 2],2761.5999999999804,0.5,0.5,0.02670043641194697,SI,[5 4 1 3 2],22.799999999999955,10,4543.400000000009,0.0,False,2
38,0,1,[3 1 4 5 2],2761.5999999999804,0.5,0.5,0.6466191644329616,MI,[5 4 1 3 2],22.799999999999955,10,4543.400000000009,0.0,False,2
38,0,2,[3 1 4 5 2],2761.5999999999804,0.5,0.5,0.5778477904484461,MI,[5 4 1 3 2],22.799999999999955,10,4543.400000000009,0.0,False,2
38,0,3,[3 1 4 5 2],2761.5999999999804,0.5,0.5,0.914014080518444,MI,[4 1 3 5 2],175.39999999999998,10,4265.999999999996,0.0,False,2
38,0,4,[3 1 4 5 2],2761.5999999999804,0.5,0.5,0.5066248722953091,MI,[5 4 1 3 2],22.799999999999955,10,4543.400000000009,0.0,False,2
39,0,0,[3 1 4 5 2],2761.5999999999804,0.5,0.5,0.8368528392596815,MI,[5 4 1 3 2],22.799999999999955,10,4543.400000000009,0.0,False,2
39,0,1,[3 1 4 5 2],2761.5999999999804,0.5,0.5,0.0984898905216719,SI,[5 4 1 3 2],22.799999999999955,10,4543.400000000009,0.0,False,2
39,0,2,[3 1 4 5 2],2761.5999999999804,0.5,0.5,0.07413459429552971,SI,[5 4 1 3 2],22.799999999999955,10,4543.400000000009,0.0,False,2
39,0,3,[3 1 4 5 2],2761.5999999999804,0.5,0.5,0.7558094710851911,MI,[3 5 4 1 2],35.299999999999955,10,3735.199999999986,0.0,False,2
39,0,4,[3 1 4 5 2],2761.5999999999804,0.5,0.5,0.7920605323086953,MI,[5 4 1 3 2],22.799999999999955,10,4543.400000000009,0.0,False,2
40,0,0,[3 1 4 5 2],2761.5999999999804,0.5,0.5,0.8297122219047567,MI,[5 4 1 3 2],22.799999999999955,10,4543.400000000009,0.0,False,2
40,0,1,[3 1 4 5 2],2761.5999999999804,0.5,0.5,0.7116667986454283,MI,[5 4 1 3 2],22.799999999999955,10,4543.400000000009,0.0,False,2
40,0,2,[3 1 4 5 2],2761.5999999999804,0.5,0.5,0.5984554189751098,MI,[3 5 4 1 2],35.299999999999955,10,3735.199999999986,0.0,False,2
40,0,3,[3 1 4 5 2],2761.5999999999804,0.5,0.5,0.8514037035217216,MI,[5 4 1 3 2],22.799999999999955,10,4543.400000000009,0.0,False,2
40,0,4,[3 1 4 5 2],2761.5999999999804,0.5,0.5,0.5150336530180062,MI,[5 4 1 3 2],22.799999999999955,10,4543.400000000009,0.0,False,2
41,0,0,[3 1 4 5 2],2761.5999999999804,0.5,0.5,0.7669548352691961,MI,[5 4 1 3 2],22.799999999999955,10,4543.400000000009,0.0,False,2
41,0,1,[3 1 4 5 2],2761.5999999999804,0.5,0.5,0.9193992716995105,MI,[5 4 1 3 2],22.799999999999955,10,4543.400000000009,0.0,False,2
41,0,2,[3 1 4 5 2],2761.5999999999804,0.5,0.5,0.1772360945655208,SI,[5 4 1 3 2],22.799999999999955,10,4543.400000000009,0.0,False,2
41,0,3,[3 1 4 5 2],2761.5999999999804,0.5,0.5,0.9717332542480637,MI,[5 4 1 3 2],22.799999999999955,10,4543.400000000009,0.0,False,2
41,0,4,[3 1 4 5 2],2761.5999999999804,0.5,0.5,0.9032418582035138,MI,[3 5 4 1 2],35.299999999999955,10,3735.199999999986,0.0,False,2
42,0,0,[3 1 4 5 2],2761.5999999999804,0.5,0.5,0.6145430898044056,MI,[2 5 4 1 3],57.30000000000001,10,4209.000000000036,0.0,False,2
42,0,1,[3 1 4 5 2],2761.5999999999804,0.5,0.5,0.6028963924869347,MI,[5 4 1 3 2],22.799999999999955,10,4543.400000000009,0.0,False,2
42,0,2,[3 1 4 5 2],2761.5999999999804,0.5,0.5,0.17701826997581338,SI,[5 4 1 3 2],22.799999999999955,10,4543.400000000009,0.0,False,2
42,0,3,[3 1 4 5 2],2761.5999999999804,0.5,0.5,0.14136952728691077,SI,[5 4 1 3 2],22.799999999999955,10,4543.400000000009,0.0,False,2
42,0,4,[3 1 4 5 2],2761.5999999999804,0.5,0.5,0.11254065005528768,SI,[3 5 4 1 2],35.299999999999955,10,3735.199999999986,0.0,False,2
43,0,0,[3 1 4 5 2],2761.5999999999804,0.5,0.5,0.617503025671338,MI,[5 4 1 3 2],22.799999999999955,10,4543.400000000009,0.0,False,2
43,0,1,[3 1 4 5 2],2761.5999999999804,0.5,0.5,0.46935401441595026,SI,[5 4 1 3 2],22.799999999999955,10,4543.400000000009,0.0,False,2
43,0,2,[3 1 4 5 2],2761.5999999999804,0.5,0.5,0.9547092739971199,MI,[5 4 1 3 2],22.799999999999955,10,4543.400000000009,0.0,False,2
43,0,3,[3 1 4 5 2],2761.5999999999804,0.5,0.5,0.7968802149517225,MI,[3 5 4 1 2],35.299999999999955,10,3735.199999999986,0.0,False,2
43,0,4,[3 1 4 5 2],2761.5999999999804,0.5,0.5,0.9910615780357053,MI,[5 4 1 3 2],22.799999999999955,10,4543.400000000009,0.0,False,2
44,0,0,[3 1 4 5 2],2761.5999999999804,0.5,0.5,0.9677605823875072,MI,[5 4 1 3 2],22.799999999999955,10,4543.400000000009,0.0,False,2
44,0,1,[3 1 4 5 2],2761.5999999999804,0.5,0.5,0.19271511474953518,SI,[5 4 1 3 2],22.799999999999955,10,4543.400000000009,0.0,False,2
44,0,2,[3 1 4 5 2],2761.5999999999804,0.5,0.5,0.30286400096035304,SI,[3 5 4 1 2],35.299999999999955,10,3735.199999999986,0.0,False,2
44,0,3,[3 1 4 5 2],2761.5999999999804,0.5,0.5,0.7901723870267023,MI,[5 4 1 3 2],22.799999999999955,10,4543.400000000009,0.0,False,2
44,0,4,[3 1 4 5 2],2761.5999999999804,0.5,0.5,0.7270374560021486,MI,[3 5 4 1 2],35.299999999999955,10,3735.199999999986,0.0,False,2
45,0,0,[3 1 4 5 2],2761.5999999999804,0.5,0.5,0.3180895338948613,SI,[5 4 1 3 2],22.799999999999955,10,4543.400000000009,0.0,False,2
45,0,1,[3 1 4 5 2],2761.5999999999804,0.5,0.5,0.21633385396340366,SI,[5 4 1 3 2],22.799999999999955,10,4543.400000000009,0.0,False,2
45,0,2,[3 1 4 5 2],2761.5999999999804,0.5,0.5,0.6893154098049089,MI,[3 5 4 1 2],35.299999999999955,10,3735.199999999986,0.0,False,2
45,0,3,[3 1 4 5 2],2761.5999999999804,0.5,0.5,0.5555855743709823,MI,[5 4 1 3 2],22.799999999999955,10,4543.400000000009,0.0,False,2
45,0,4,[3 1 4 5 2],2761.5999999999804,0.5,0.5,0.29124760765005275,SI,[3 5 4 1 2],35.299999999999955,10,3735.199999999986,0.0,False,2
46,0,0,[3 1 4 5 2],2761.5999999999804,0.5,0.5,0.6543593860429934,MI,[3 5 4 1 2],35.299999999999955,10,3735.199999999986,0.0,False,2
46,0,1,[3 1 4 5 2],2761.5999999999804,0.5,0.5,0.09272702368407759,SI,[3 5 4 1 2],35.299999999999955,10,3735.199999999986,0.0,False,2
46,0,2,[3 1 4 5 2],2761.5999999999804,0.5,0.5,0.6020102736260837,MI,[3 5 4 1 2],35.299999999999955,10,3735.199999999986,0.0,False,2
46,0,3,[3 1 4 5 2],2761.5999999999804,0.5,0.5,0.12105621133597078,SI,[5 4 1 3 2],22.799999999999955,10,4543.400000000009,0.0,False,2
46,0,4,[3 1 4 5 2],2761.5999999999804,0.5,0.5,0.16038178424776406,SI,[3 5 4 1 2],35.299999999999955,10,3735.199999999986,0.0,False,2
47,0,0,[3 1 4 5 2],2761.5999999999804,0.5,0.5,0.0559606977054089,SI,[3 5 4 1 2],35.299999999999955,10,3735.199999999986,0.0,False,2
47,0,1,[3 1 4 5 2],2761.5999999999804,0.5,0.5,0.6926825130009682,MI,[5 4 1 3 2],22.799999999999955,10,4543.400000000009,0.0,False,2
47,0,2,[3 1 4 5 2],2761.5999999999804,0.5,0.5,0.06557296034897564,SI,[3 1 5 4 2],101.39999999999998,10,2985.999999999982,0.0,False,2
47,0,3,[3 1 4 5 2],2761.5999999999804,0.5,0.5,0.5547766110895488,MI,[3 5 4 1 2],35.299999999999955,10,3735.199999999986,0.0,False,2
47,0,4,[3 1 4 5 2],2761.5999999999804,0.5,0.5,0.04298123879785476,SI,[3 5 4 1 2],35.299999999999955,10,3735.199999999986,0.0,False,2
48,0,0,[3 1 4 5 2],2761.5999999999804,0.5,0.5,0.2063745576504159,SI,[3 5 4 1 2],35.299999999999955,10,3735.199999999986,0.0,False,2
48,0,1,[3 1 4 5 2],2761.5999999999804,0.5,0.5,0.9441428042073792,MI,[5 4 1 3 2],22.799999999999955,10,4543.400000000009,0.0,False,2
48,0,2,[3 1 4 5 2],2761.5999999999804,0.5,0.5,0.28195456324055546,SI,[5 4 1 3 2],22.799999999999955,10,4543.400000000009,0.0,False,2
48,0,3,[3 1 4 5 2],2761.5999999999804,0.5,0.5,0.6019850944070813,MI,[3 5 4 1 2],35.299999999999955,10,3735.199999999986,0.0,False,2
48,0,4,[3 1 4 5 2],2761.5999999999804,0.5,0.5,0.03997219720647771,SI,[5 4 1 3 2],22.799999999999955,10,4543.400000000009,0.0,False,2
49,0,0,[3 1 4 5 2],2761.5999999999804,0.5,0.5,0.388333534058775,SI,[5 4 1 3 2],22.799999999999955,10,4543.400000000009,0.0,False,2
49,0,1,[3 1 4 5 2],2761.5999999999804,0.5,0.5,0.27917067758500114,SI,[3 5 4 1 2],35.299999999999955,10,3735.199999999986,0.0,False,2
49,0,2,[3 1 4 5 2],2761.5999999999804,0.5,0.5,0.8894161758378066,MI,[5 4 1 3 2],22.799999999999955,10,4543.400000000009,0.0,False,2
49,0,3,[3 1 4 5 2],2761.5999999999804,0.5,0.5,0.45443152589079694,SI,[3 5 4 1 2],35.299999999999955,10,3735.199999999986,0.0,False,2
49,0,4,[3 1 4 5 2],2761.5999999999804,0.5,0.5,0.941514503311266,MI,[5 4 1 3 2],22.799999999999955,10,4543.400000000009,0.0,False,2
50,0,0,[3 1 4 5 2],2761.5999999999804,0.5,0.5,0.937698883588052,MI,[5 4 1 3 2],22.799999999999955,10,4543.400000000009,0.0,False,2
50,0,1,[3 1 4 5 2],2761.5999999999804,0.5,0.5,0.6050657387902502,MI,[5 4 1 3 2],22.799999999999955,10,4543.400000000009,0.0,False,2
50,0,2,[3 1 4 5 2],2761.5999999999804,0.5,0.5,0.6432354988139849,MI,[3 5 4 1 2],35.299999999999955,10,3735.199999999986,0.0,False,2
50,0,3,[3 1 4 5 2],2761.5999999999804,0.5,0.5,0.5625203903878991,MI,[5 4 1 3 2],22.799999999999955,10,4543.400000000009,0.0,False,2
50,0,4,[3 1 4 5 2],2761.5999999999804,0.5,0.5,0.9787054909542477,MI,[5 4 1 3 2],22.799999999999955,10,4543.400000000009,0.0,False,2
51,0,0,[3 1 4 5 2],2761.5999999999804,0.5,0.5,0.5874900080375142,MI,[3 5 4 1 2],35.299999999999955,10,3735.199999999986,0.0,False,2
51,0,1,[3 1 4 5 2],2761.5999999999804,0.5,0.5,0.7369902074302777,MI,[5 4 1 3 2],22.799999999999955,10,4543.400000000009,0.0,False,2
51,0,2,[3 1 4 5 2],2761.5999999999804,0.5,0.5,0.6504480685482348,MI,[5 4 1 3 2],22.799999999999955,10,4543.400000000009,0.0,False,2
51,0,3,[3 1 4 5 2],2761.5999999999804,0.5,0.5,0.4946618414842602,SI,[5 4 1 3 2],22.799999999999955,10,4543.400000000009,0.0,False,2
51,0,4,[3 1 4 5 2],2761.5999999999804,0.5,0.5,0.9755634094419676,MI,[3 5 4 1 2],35.299999999999955,10,3735.199999999986,0.0,False,2
52,0,0,[3 1 4 5 2],2761.5999999999804,0.5,0.5,0.15665862883684534,SI,[5 4 1 3 2],22.799999999999955,10,4543.400000000009,0.0,False,2
52,0,1,[3 1 4 5 2],2761.5999999999804,0.5,0.5,0.01616594447621822,SI,[5 4 1 3 2],22.799999999999955,10,4543.400000000009,0.0,False,2
52,0,2,[3 1 4 5 2],2761.5999999999804,0.5,0.5,0.5115031392594523,MI,[3 5 4 1 2],35.299999999999955,10,3735.199999999986,0.0,False,2
52,0,3,[3 1 4 5 2],2761.5999999999804,0.5,0.5,0.9327286915442813,MI,[5 4 1 3 2],22.799999999999955,10,4543.400000000009,0.0,False,2
52,0,4,[3 1 4 5 2],2761.5999999999804,0.5,0.5,0.9985932262292542,MI,[5 4 1 3 2],22.799999999999955,10,4543.400000000009,0.0,False,2
0,2,0,[1 2 4 5 3],1830.3999999999614,0.5,0.5,0.08594093510420886,SI,[3 5 4 2 1],-44.39999999999992,10,3257.6999999999607,0.0,False,3
0,2,1,[1 2 4 5 3],1830.3999999999614,0.5,0.5,0.1107113340010003,SI,[1 3 5 4 2],-90.79999999999995,10,2497.6999999999607,0.0,False,3
0,2,2,[1 2 4 5 3],1830.3999999999614,0.5,0.5,0.9359606283662962,MI,[1 3 5 4 2],-90.79999999999995,10,2497.6999999999607,0.0,False,3
0,2,3,[1 2 4 5 3],1830.3999999999614,0.5,0.5,0.10376098016823876,SI,[1 3 5 4 2],-90.79999999999995,10,2497.6999999999607,0.0,False,3
0,2,4,[1 2 4 5 3],1830.3999999999614,0.5,0.5,0.7585611703030571,MI,[1 3 5 4 2],-90.79999999999995,10,2497.6999999999607,0.0,False,3
1,0,0,[2 1 3 4 5],1754.4999999999636,0.5,0.5,0.9051936708085814,MI,[5 4 3 1 2],-64.60000000000002,10,3399.399999999965,0.0,False,3
1,0,1,[2 1 3 4 5],1754.4999999999636,0.5,0.5,0.34205087282661306,SI,[5 4 3 1 2],-64.60000000000002,10,3399.399999999965,0.0,False,3
1,0,2,[2 1 3 4 5],1754.4999999999636,0.5,0.5,0.7889298137110503,MI,[2 5 4 3 1],-46.799999999999955,10,2554.699999999968,0.0,False,3
1,0,3,[2 1 3 4 5],1754.4999999999636,0.5,0.5,0.16901231033305697,SI,[5 4 3 1 2],-64.60000000000002,10,3399.399999999965,0.0,False,3
1,0,4,[2 1 3 4 5],1754.4999999999636,0.5,0.5,0.22637728425818582,SI,[2 5 4 3 1],-46.799999999999955,10,2554.699999999968,0.0,False,3
2,0,0,[2 1 5 4 3],1748.399999999965,0.5,0.5,0.07229946586479663,SI,[3 4 5 1 2],-62.19999999999993,10,3417.69999999995,0.0,False,3
2,0,1,[2 1 5 4 3],1748.399999999965,0.5,0.5,0.35584978715974547,SI,[3 4 5 1 2],-62.19999999999993,10,3417.69999999995,0.0,False,3
2,0,2,[2 1 5 4 3],1748.399999999965,0.5,0.5,0.6070406608258021,MI,[3 4 5 1 2],-62.19999999999993,10,3417.69999999995,0.0,False,3
2,0,3,[2 1 5 4 3],1748.399999999965,0.5,0.5,0.6769618754004776,MI,[3 4 5 1 2],-62.19999999999993,10,3417.69999999995,0.0,False,3
2,0,4,[2 1 5 4 3],1748.399999999965,0.5,0.5,0.7941932465311382,MI,[2 1 3 4 5],2.3999999999999773,10,1754.4999999999636,0.0,False,3
3,0,0,[2 1 5 4 3],1748.399999999965,0.5,0.5,0.8387337697125796,MI,[2 3 4 5 1],-44.39999999999998,10,2566.899999999958,0.0,False,3
3,0,1,[2 1 5 4 3],1748.399999999965,0.5,0.5,0.23291780737304557,SI,[2 3 4 5 1],-44.39999999999998,10,2566.899999999958,0.0,False,3
3,0,2,[2 1 5 4 3],1748.399999999965,0.5,0.5,0.44380158978292716,SI,[3 4 5 1 2],-62.19999999999993,10,3417.69999999995,0.0,False,3
3,0,3,[2 1 5 4 3],1748.399999999965,0.5,0.5,0.4729360405539026,SI,[3 4 5 1 2],-62.19999999999993,10,3417.69999999995,0.0,False,3
3,0,4,[2 1 5 4 3],1748.399999999965,0.5,0.5,0.963314901461356,MI,[2 3 4 5 1],-44.39999999999998,10,2566.899999999958,0.0,False,3
4,0,0,[2 1 5 4 3],1748.399999999965,0.5,0.5,0.8762138407687132,MI,[3 4 5 1 2],-62.19999999999993,10,3417.69999999995,0.0,False,3
4,0,1,[2 1 5 4 3],1748.399999999965,0.5,0.5,0.2297556582538134,SI,[3 4 5 1 2],-62.19999999999993,10,3417.69999999995,0.0,False,3
4,0,2,[2 1 5 4 3],1748.399999999965,0.5,0.5,0.6509602769187806,MI,[3 4 5 1 2],-62.19999999999993,10,3417.69999999995,0.0,False,3
4,0,3,[2 1 5 4 3],1748.399999999965,0.5,0.5,0.8137996520749762,MI,[3 4 5 1 2],-62.19999999999993,10,3417.69999999995,0.0,False,3
4,0,4,[2 1 5 4 3],1748.399999999965,0.5,0.5,0.1303083808448381,SI,[3 4 5 1 2],-62.19999999999993,10,3417.69999999995,0.0,False,3
5,0,0,[2 1 5 4 3],1748.399999999965,0.5,0.5,0.4314892554016865,SI,[2 3 4 5 1],-44.39999999999998,10,2566.899999999958,0.0,False,3
5,0,1,[2 1 5 4 3],1748.399999999965,0.5,0.5,0.997534472382427,MI,[3 4 5 1 2],-62.19999999999993,10,3417.69999999995,0.0,False,3
5,0,2,[2 1 5 4 3],1748.399999999965,0.5,0.5,0.7945270683717612,MI,[3 4 5 1 2],-62.19999999999993,10,3417.69999999995,0.0,False,3
5,0,3,[2 1 5 4 3],1748.399999999965,0.5,0.5,0.6136008361651158,MI,[3 4 5 1 2],-62.19999999999993,10,3417.69999999995,0.0,False,3
5,0,4,[2 1 5 4 3],1748.399999999965,0.5,0.5,0.03824011050527554,SI,[3 4 5 1 2],-62.19999999999993,10,3417.69999999995,0.0,False,3
6,0,0,[2 1 5 4 3],1748.399999999965,0.5,0.5,0.5442909100719965,MI,[2 3 4 5 1],-44.39999999999998,10,2566.899999999958,0.0,False,3
6,0,1,[2 1 5 4 3],1748.399999999965,0.5,0.5,0.7979144113952598,MI,[3 4 5 1 2],-62.19999999999993,10,3417.69999999995,0.0,False,3
6,0,2,[2 1 5 4 3],1748.399999999965,0.5,0.5,0.9746654838598168,MI,[3 4 5 1 2],-62.19999999999993,10,3417.69999999995,0.0,False,3
6,0,3,[2 1 5 4 3],1748.399999999965,0.5,0.5,0.2034510695119608,SI,[3 4 5 1 2],-62.19999999999993,10,3417.69999999995,0.0,False,3
6,0,4,[2 1 5 4 3],1748.399999999965,0.5,0.5,0.5744100993145075,MI,[3 4 5 1 2],-62.19999999999993,10,3417.69999999995,0.0,False,3
7,0,0,[2 1 3 5 4],1747.6999999999643,0.5,0.5,0.3913266148224114,SI,[2 4 5 3 1],-44.69999999999999,10,2568.2999999999593,0.0,False,3
7,0,1,[2 1 3 5 4],1747.6999999999643,0.5,0.5,0.814934417550294,MI,[4 5 3 1 2],-62.50000000000006,10,3419.799999999963,0.0,False,3
7,0,2,[2 1 3 5 4],1747.6999999999643,0.5,0.5,0.8310992710485107,MI,[2 4 5 3 1],-44.69999999999999,10,2568.2999999999593,0.0,False,3
7,0,3,[2 1 3 5 4],1747.6999999999643,0.5,0.5,0.010552560306509862,SI,[4 5 3 1 2],-62.50000000000006,10,3419.799999999963,0.0,False,3
7,0,4,[2 1 3 5 4],1747.6999999999643,0.5,0.5,0.09814611249409422,SI,[2 1 4 5 3],-0.30000000000001137,10,1755.1999999999643,0.0,False,3
8,0,0,[2 1 3 5 4],1747.6999999999643,0.5,0.5,0.7870890054554314,MI,[4 5 3 1 2],-62.50000000000006,10,3419.799999999963,0.0,False,3
8,0,1,[2 1 3 5 4],1747.6999999999643,0.5,0.5,0.87643677340051,MI,[4 5 3 1 2],-62.50000000000006,10,3419.799999999963,0.0,False,3
8,0,2,[2 1 3 5 4],1747.6999999999643,0.5,0.5,0.5048757984364366,MI,[4 5 3 1 2],-62.50000000000006,10,3419.799999999963,0.0,False,3
8,0,3,[2 1 3 5 4],1747.6999999999643,0.5,0.5,0.49230716300830635,SI,[4 5 3 1 2],-62.50000000000006,10,3419.799999999963,0.0,False,3
8,0,4,[2 1 3 5 4],1747.6999999999643,0.5,0.5,0.25336292938555094,SI,[4 5 3 1 2],-62.50000000000006,10,3419.799999999963,0.0,False,3
9,0,0,[2 1 3 5 4],1747.6999999999643,0.5,0.5,0.23809808822162737,SI,[4 5 3 1 2],-62.50000000000006,10,3419.799999999963,0.0,False,3
9,0,1,[2 1 3 5 4],1747.6999999999643,0.5,0.5,0.8159266996594869,MI,[2 4 5 3 1],-44.69999999999999,10,2568.2999999999593,0.0,False,3
9,0,2,[2 1 3 5 4],1747.6999999999643,0.5,0.5,0.05216415916824313,SI,[4 5 3 1 2],-62.50000000000006,10,3419.799999999963,0.0,False,3
9,0,3,[2 1 3 5 4],1747.6999999999643,0.5,0.5,0.09759512100441536,SI,[4 5 3 1 2],-62.50000000000006,10,3419.799999999963,0.0,False,3
9,0,4,[2 1 3 5 4],1747.6999999999643,0.5,0.5,0.23517348412951156,SI,[2 4 5 3 1],-44.69999999999999,10,2568.2999999999593,0.0,False,3
10,0,0,[2 1 3 5 4],1747.6999999999643,0.5,0.5,0.8514725480865142,MI,[4 5 3 1 2],-62.50000000000006,10,3419.799999999963,0.0,False,3
10,0,1,[2 1 3 5 4],1747.6999999999643,0.5,0.5,0.9795866625607672,MI,[2 4 5 3 1],-44.69999999999999,10,2568.2999999999593,0.0,False,3
10,0,2,[2 1 3 5 4],1747.6999999999643,0.5,0.5,0.13701403216544927,SI,[4 5 3 1 2],-62.50000000000006,10,3419.799999999963,0.0,False,3
10,0,3,[2 1 3 5 4],1747.6999999999643,0.5,0.5,0.8697077680574562,MI,[4 5 3 1 2],-62.50000000000006,10,3419.799999999963,0.0,False,3
10,0,4,[2 1 3 5 4],1747.6999999999643,0.5,0.5,0.6962499915907246,MI,[2 4 5 3 1],-44.69999999999999,10,2568.2999999999593,0.0,False,3
11,0,0,[2 1 3 5 4],1747.6999999999643,0.5,0.5,0.19732996744683873,SI,[4 5 3 1 2],-62.50000000000006,10,3419.799999999963,0.0,False,3
11,0,1,[2 1 3 5 4],1747.6999999999643,0.5,0.5,0.2041854252959413,SI,[2 4 5 3 1],-44.69999999999999,10,2568.2999999999593,0.0,False,3
11,0,2,[2 1 3 5 4],1747.6999999999643,0.5,0.5,0.6369775794048325,MI,[4 5 3 1 2],-62.50000000000006,10,3419.799999999963,0.0,False,3
11,0,3,[2 1 3 5 4],1747.6999999999643,0.5,0.5,0.4223032018991846,SI,[4 5 3 1 2],-62.50000000000006,10,3419.799999999963,0.0,False,3
11,0,4,[2 1 3 5 4],1747.6999999999643,0.5,0.5,0.5556475964545593,MI,[4 5 3 1 2],-62.50000000000006,10,3419.799999999963,0.0,False,3
12,0,0,[2 1 3 5 4],1747.6999999999643,0.5,0.5,0.5070444372649473,MI,[4 5 3 1 2],-62.50000000000006,10,3419.799999999963,0.0,False,3
12,0,1,[2 1 3 5 4],1747.6999999999643,0.5,0.5,0.6306528527644713,MI,[2 4 5 3 1],-44.69999999999999,10,2568.2999999999593,0.0,False,3
12,0,2,[2 1 3 5 4],1747.6999999999643,0.5,0.5,0.7059624364059177,MI,[4 5 3 1 2],-62.50000000000006,10,3419.799999999963,0.0,False,3
12,0,3,[2 1 3 5 4],1747.6999999999643,0.5,0.5,0.6344041124138018,MI,[4 5 3 1 2],-62.50000000000006,10,3419.799999999963,0.0,False,3
12,0,4,[2 1 3 5 4],1747.6999999999643,0.5,0.5,0.8108654943144158,MI,[2 4 5 3 1],-44.69999999999999,10,2568.2999999999593,0.0,False,3
13,0,0,[2 1 3 5 4],1747.6999999999643,0.5,0.5,0.6184282749130503,MI,[4 5 3 1 2],-62.50000000000006,10,3419.799999999963,0.0,False,3
13,0,1,[2 1 3 5 4],1747.6999999999643,0.5,0.5,0.4658501351188483,SI,[4 5 3 1 2],-62.50000000000006,10,3419.799999999963,0.0,False,3
13,0,2,[2 1 3 5 4],1747.6999999999643,0.5,0.5,0.19144239315228329,SI,[4 5 3 1 2],-62.50000000000006,10,3419.799999999963,0.0,False,3
13,0,3,[2 1 3 5 4],1747.6999999999643,0.5,0.5,0.33070071058601136,SI,[4 5 3 1 2],-62.50000000000006,10,3419.799999999963,0.0,False,3
13,0,4,[2 1 3 5 4],1747.6999999999643,0.5,0.5,0.8642702556996031,MI,[2 4 5 3 1],-44.69999999999999,10,2568.2999999999593,0.0,False,3
14,0,0,[2 1 3 5 4],1747.6999999999643,0.5,0.5,0.2507129418046772,SI,[4 5 3 1 2],-62.50000000000006,10,3419.799999999963,0.0,False,3
14,0,1,[2 1 3 5 4],1747.6999999999643,0.5,0.5,0.8824628881318504,MI,[4 5 3 1 2],-62.50000000000006,10,3419.799999999963,0.0,False,3
14,0,2,[2 1 3 5 4],1747.6999999999643,0.5,0.5,0.8947992224529284,MI,[4 5 3 1 2],-62.50000000000006,10,3419.799999999963,0.0,False,3
14,0,3,[2 1 3 5 4],1747.6999999999643,0.5,0.5,0.32610413090582635,SI,[4 5 3 1 2],-62.50000000000006,10,3419.799999999963,0.0,False,3
14,0,4,[2 1 3 5 4],1747.6999999999643,0.5,0.5,0.6754239575300367,MI,[2 1 4 5 3],-0.30000000000001137,10,1755.1999999999643,0.0,False,3
15,0,0,[2 1 3 5 4],1747.6999999999643,0.5,0.5,0.9894325287534643,MI,[4 5 3 1 2],-62.50000000000006,10,3419.799999999963,0.0,False,3
15,0,1,[2 1 3 5 4],1747.6999999999643,0.5,0.5,0.17012715319396,SI,[4 5 3 1 2],-62.50000000000006,10,3419.799999999963,0.0,False,3
15,0,2,[2 1 3 5 4],1747.6999999999643,0.5,0.5,0.5618350761960763,MI,[4 5 3 1 2],-62.50000000000006,10,3419.799999999963,0.0,False,3
15,0,3,[2 1 3 5 4],1747.6999999999643,0.5,0.5,0.5526368416022087,MI,[4 5 3 1 2],-62.50000000000006,10,3419.799999999963,0.0,False,3
15,0,4,[2 1 3 5 4],1747.6999999999643,0.5,0.5,0.2662141074415879,SI,[4 5 3 1 2],-62.50000000000006,10,3419.799999999963,0.0,False,3
16,0,0,[2 1 3 5 4],1747.6999999999643,0.5,0.5,0.6657029838415334,MI,[4 5 3 1 2],-62.50000000000006,10,3419.799999999963,0.0,False,3
16,0,1,[2 1 3 5 4],1747.6999999999643,0.5,0.5,0.6767087008593387,MI,[2 4 5 3 1],-44.69999999999999,10,2568.2999999999593,0.0,False,3
16,0,2,[2 1 3 5 4],1747.6999999999643,0.5,0.5,0.6208212997621636,MI,[2 1 4 5 3],-0.30000000000001137,10,1755.1999999999643,0.0,False,3
16,0,3,[2 1 3 5 4],1747.6999999999643,0.5,0.5,0.4054339910069219,SI,[4 5 3 1 2],-62.50000000000006,10,3419.799999999963,0.0,False,3
16,0,4,[2 1 3 5 4],1747.6999999999643,0.5,0.5,0.7833608274346608,MI,[4 5 3 1 2],-62.50000000000006,10,3419.799999999963,0.0,False,3
17,0,0,[2 1 3 5 4],1747.6999999999643,0.5,0.5,0.39935835014763377,SI,[4 5 3 1 2],-62.50000000000006,10,3419.799999999963,0.0,False,3
17,0,1,[2 1 3 5 4],1747.6999999999643,0.5,0.5,0.4818682418822119,SI,[2 4 5 3 1],-44.69999999999999,10,2568.2999999999593,0.0,False,3
17,0,2,[2 1 3 5 4],1747.6999999999643,0.5,0.5,0.19214988139072675,SI,[2 4 5 3 1],-44.69999999999999,10,2568.2999999999593,0.0,False,3
17,0,3,[2 1 3 5 4],1747.6999999999643,0.5,0.5,0.5220710004609014,MI,[4 5 3 1 2],-62.50000000000006,10,3419.799999999963,0.0,False,3
17,0,4,[2 1 3 5 4],1747.6999999999643,0.5,0.5,0.810231067336442,MI,[4 5 3 1 2],-62.50000000000006,10,3419.799999999963,0.0,False,3
18,0,0,[2 1 3 5 4],1747.6999999999643,0.5,0.5,0.07483678133671456,SI,[4 5 3 1 2],-62.50000000000006,10,3419.799999999963,0.0,False,3
18,0,1,[2 1 3 5 4],1747.6999999999643,0.5,0.5,0.9230960007871569,MI,[2 4 5 3 1],-44.69999999999999,10,2568.2999999999593,0.0,False,3
18,0,2,[2 1 3 5 4],1747.6999999999643,0.5,0.5,0.15362455063503344,SI,[4 5 3 1 2],-62.50000000000006,10,3419.799999999963,0.0,False,3
18,0,3,[2 1 3 5 4],1747.6999999999643,0.5,0.5,0.228239163043101,SI,[4 5 3 1 2],-62.50000000000006,10,3419.799999999963,0.0,False,3
18,0,4,[2 1 3 5 4],1747.6999999999643,0.5,0.5,0.9033879322380832,MI,[2 4 5 3 1],-44.69999999999999,10,2568.2999999999593,0.0,False,3
19,0,0,[2 1 3 5 4],1747.6999999999643,0.5,0.5,0.16262004765839178,SI,[2 4 5 3 1],-44.69999999999999,10,2568.2999999999593,0.0,False,3
19,0,1,[2 1 3 5 4],1747.6999999999643,0.5,0.5,0.3434204224899158,SI,[4 5 3 1 2],-62.50000000000006,10,3419.799999999963,0.0,False,3
19,0,2,[2 1 3 5 4],1747.6999999999643,0.5,0.5,0.6345767971694242,MI,[4 5 3 1 2],-62.50000000000006,10,3419.799999999963,0.0,False,3
19,0,3,[2 1 3 5 4],1747.6999999999643,0.5,0.5,0.7191341775352897,MI,[4 5 3 1 2],-62.50000000000006,10,3419.799999999963,0.0,False,3
19,0,4,[2 1 3 5 4],1747.6999999999643,0.5,0.5,0.8135809436554357,MI,[2 4 5 3 1],-44.69999999999999,10,2568.2999999999593,0.0,False,3
20,0,0,[2 1 3 5 4],1747.6999999999643,0.5,0.5,0.9753857362704033,MI,[4 5 3 1 2],-62.50000000000006,10,3419.799999999963,0.0,False,3
20,0,1,[2 1 3 5 4],1747.6999999999643,0.5,0.5,0.8879240625613755,MI,[2 1 4 5 3],-0.30000000000001137,10,1755.1999999999643,0.0,False,3
20,0,2,[2 1 3 5 4],1747.6999999999643,0.5,0.5,0.17542923143289535,SI,[4 5 3 1 2],-62.50000000000006,10,3419.799999999963,0.0,False,3
20,0,3,[2 1 3 5 4],1747.6999999999643,0.5,0.5,0.055442841109759056,SI,[4 5 3 1 2],-62.50000000000006,10,3419.799999999963,0.0,False,3
20,0,4,[2 1 3 5 4],1747.6999999999643,0.5,0.5,0.0996327799338742,SI,[4 5 3 1 2],-62.50000000000006,10,3419.799999999963,0.0,False,3
21,0,0,[2 1 3 5 4],1747.6999999999643,0.5,0.5,0.3648709312785634,SI,[4 5 3 1 2],-62.50000000000006,10,3419.799999999963,0.0,False,3
21,0,1,[2 1 3 5 4],1747.6999999999643,0.5,0.5,0.6020150758183528,MI,[4 5 3 1 2],-62.50000000000006,10,3419.799999999963,0.0,False,3
21,0,2,[2 1 3 5 4],1747.6999999999643,0.5,0.5,0.4916052678985968,SI,[2 1 4 5 3],-0.30000000000001137,10,1755.1999999999643,0.0,False,3
21,0,3,[2 1 3 5 4],1747.6999999999643,0.5,0.5,0.9029044840322649,MI,[4 5 3 1 2],-62.50000000000006,10,3419.799999999963,0.0,False,3
21,0,4,[2 1 3 5 4],1747.6999999999643,0.5,0.5,0.7767660475884244,MI,[4 5 3 1 2],-62.50000000000006,10,3419.799999999963,0.0,False,3
22,0,0,[2 1 3 5 4],1747.6999999999643,0.5,0.5,0.31529407873387416,SI,[4 5 3 1 2],-62.50000000000006,10,3419.799999999963,0.0,False,3
22,0,1,[2 1 3 5 4],1747.6999999999643,0.5,0.5,0.6809450694616137,MI,[4 5 3 1 2],-62.50000000000006,10,3419.799999999963,0.0,False,3
22,0,2,[2 1 3 5 4],1747.6999999999643,0.5,0.5,0.6761171728403812,MI,[4 5 3 1 2],-62.50000000000006,10,3419.799999999963,0.0,False,3
22,0,3,[2 1 3 5 4],1747.6999999999643,0.5,0.5,0.21777018088656896,SI,[4 5 3 1 2],-62.50000000000006,10,3419.799999999963,0.0,False,3
22,0,4,[2 1 3 5 4],1747.6999999999643,0.5,0.5,0.9191359941567347,MI,[4 5 3 1 2],-62.50000000000006,10,3419.799999999963,0.0,False,3
23,0,0,[2 1 3 5 4],1747.6999999999643,0.5,0.5,0.3972920355086875,SI,[2 4 5 3 1],-44.69999999999999,10,2568.2999999999593,0.0,False,3
23,0,1,[2 1 3 5 4],1747.6999999999643,0.5,0.5,0.9613318613277095,MI,[2 4 5 3 1],-44.69999999999999,10,2568.2999999999593,0.0,False,3
23,0,2,[2 1 3 5 4],1747.6999999999643,0.5,0.5,0.7285783872616848,MI,[2 4 5 3 1],-44.69999999999999,10,2568.2999999999593,0.0,False,3
23,0,3,[2 1 3 5 4],1747.6999999999643,0.5,0.5,0.0005750541110356444,SI,[2 4 5 3 1],-44.69999999999999,10,2568.2999999999593,0.0,False,3
23,0,4,[2 1 3 5 4],1747.6999999999643,0.5,0.5,0.5656052614348023,MI,[4 5 3 1 2],-62.50000000000006,10,3419.799999999963,0.0,False,3
24,0,0,[2 1 3 5 4],1747.6999999999643,0.5,0.5,0.07732403408427624,SI,[4 5 3 1 2],-62.50000000000006,10,3419.799999999963,0.0,False,3
24,0,1,[2 1 3 5 4],1747.6999999999643,0.5,0.5,0.45839296098253934,SI,[2 4 5 3 1],-44.69999999999999,10,2568.2999999999593,0.0,False,3
24,0,2,[2 1 3 5 4],1747.6999999999643,0.5,0.5,0.024231983863553963,SI,[2 4 5 3 1],-44.69999999999999,10,2568.2999999999593,0.0,False,3
24,0,3,[2 1 3 5 4],1747.6999999999643,0.5,0.5,0.5381023278161824,MI,[4 5 3 1 2],-62.50000000000006,10,3419.799999999963,0.0,False,3
24,0,4,[2 1 3 5 4],1747.6999999999643,0.5,0.5,0.005879259570291895,SI,[4 5 3 1 2],-62.50000000000006,10,3419.799999999963,0.0,False,3
25,0,0,[2 1 3 5 4],1747.6999999999643,0.5,0.5,0.09680085485983614,SI,[4 5 3 1 2],-62.50000000000006,10,3419.799999999963,0.0,False,3
25,0,1,[2 1 3 5 4],1747.6999999999643,0.5,0.5,0.49954663280269207,SI,[2 4 5 3 1],-44.69999999999999,10,2568.2999999999593,0.0,False,3
25,0,2,[2 1 3 5 4],1747.6999999999643,0.5,0.5,0.20336038901896603,SI,[4 5 3 1 2],-62.50000000000006,10,3419.799999999963,0.0,False,3
25,0,3,[2 1 3 5 4],1747.6999999999643,0.5,0.5,0.7014319963455238,MI,[4 5 3 1 2],-62.50000000000006,10,3419.799999999963,0.0,False,3
25,0,4,[2 1 3 5 4],1747.6999999999643,0.5,0.5,0.29315768356747807,SI,[4 5 3 1 2],-62.50000000000006,10,3419.799999999963,0.0,False,3
26,0,0,[2 1 3 5 4],1747.6999999999643,0.5,0.5,0.8552463115994218,MI,[2 4 5 3 1],-44.69999999999999,10,2568.2999999999593,0.0,False,3
26,0,1,[2 1 3 5 4],1747.6999999999643,0.5,0.5,0.5943611192967762,MI,[4 5 3 1 2],-62.50000000000006,10,3419.799999999963,0.0,False,3
26,0,2,[2 1 3 5 4],1747.6999999999643,0.5,0.5,0.0793948887271484,SI,[4 5 3 1 2],-62.50000000000006,10,3419.799999999963,0.0,False,3
26,0,3,[2 1 3 5 4],1747.6999999999643,0.5,0.5,0.8366786133326658,MI,[4 5 3 1 2],-62.50000000000006,10,3419.799999999963,0.0,False,3
26,0,4,[2 1 3 5 4],1747.6999999999643,0.5,0.5,0.490809148839919,SI,[4 5 3 1 2],-62.50000000000006,10,3419.799999999963,0.0,False,3
27,0,0,[2 1 3 5 4],1747.6999999999643,0.5,0.5,0.20962847100005932,SI,[4 5 3 1 2],-62.50000000000006,10,3419.799999999963,0.0,False,3
27,0,1,[2 1 3 5 4],1747.6999999999643,0.5,0.5,0.3564196309180353,SI,[2 4 5 3 1],-44.69999999999999,10,2568.2999999999593,0.0,False,3
27,0,2,[2 1 3 5 4],1747.6999999999643,0.5,0.5,0.9040940016007968,MI,[4 5 3 1 2],-62.50000000000006,10,3419.799999999963,0.0,False,3
27,0,3,[2 1 3 5 4],1747.6999999999643,0.5,0.5,0.9748799418965249,MI,[4 5 3 1 2],-62.50000000000006,10,3419.799999999963,0.0,False,3
27,0,4,[2 1 3 5 4],1747.6999999999643,0.5,0.5,0.4082015096480309,SI,[4 5 3 1 2],-62.50000000000006,10,3419.799999999963,0.0,False,3
28,0,0,[2 1 3 5 4],1747.6999999999643,0.5,0.5,0.8962532126829446,MI,[2 4 5 3 1],-44.69999999999999,10,2568.2999999999593,0.0,False,3
28,0,1,[2 1 3 5 4],1747.6999999999643,0.5,0.5,0.11526017726603699,SI,[4 5 3 1 2],-62.50000000000006,10,3419.799999999963,0.0,False,3
28,0,2,[2 1 3 5 4],1747.6999999999643,0.5,0.5,0.8171794220925812,MI,[2 4 5 3 1],-44.69999999999999,10,2568.2999999999593,0.0,False,3
28,0,3,[2 1 3 5 4],1747.6999999999643,0.5,0.5,0.33845407320529,SI,[4 5 3 1 2],-62.50000000000006,10,3419.799999999963,0.0,False,3
28,0,4,[2 1 3 5 4],1747.6999999999643,0.5,0.5,0.9365242843854669,MI,[2 1 4 5 3],-0.30000000000001137,10,1755.1999999999643,0.0,False,3
29,0,0,[2 1 3 5 4],1747.6999999999643,0.5,0.5,0.6864852364201521,MI,[2 4 5 3 1],-44.69999999999999,10,2568.2999999999593,0.0,False,3
29,0,1,[2 1 3 5 4],1747.6999999999643,0.5,0.5,0.29116514965546547,SI,[4 5 3 1 2],-62.50000000000006,10,3419.799999999963,0.0,False,3
29,0,2,[2 1 3 5 4],1747.6999999999643,0.5,0.5,0.5502062706698272,MI,[4 5 3 1 2],-62.50000000000006,10,3419.799999999963,0.0,False,3
29,0,3,[2 1 3 5 4],1747.6999999999643,0.5,0.5,0.5471108810039994,MI,[4 5 3 1 2],-62.50000000000006,10,3419.799999999963,0.0,False,3
29,0,4,[2 1 3 5 4],1747.6999999999643,0.5,0.5,0.7236401792307603,MI,[4 5 3 1 2],-62.50000000000006,10,3419.799999999963,0.0,False,3
30,0,0,[2 1 3 5 4],1747.6999999999643,0.5,0.5,0.9420628426381791,MI,[2 4 5 3 1],-44.69999999999999,10,2568.2999999999593,0.0,False,3
30,0,1,[2 1 3 5 4],1747.6999999999643,0.5,0.5,0.3639150761891361,SI,[4 5 3 1 2],-62.50000000000006,10,3419.799999999963,0.0,False,3
30,0,2,[2 1 3 5 4],1747.6999999999643,0.5,0.5,0.5951387695894805,MI,[2 4 5 3 1],-44.69999999999999,10,2568.2999999999593,0.0,False,3
30,0,3,[2 1 3 5 4],1747.6999999999643,0.5,0.5,0.531109117958525,MI,[2 1 4 5 3],-0.30000000000001137,10,1755.1999999999643,0.0,False,3
30,0,4,[2 1 3 5 4],1747.6999999999643,0.5,0.5,0.07302261012091604,SI,[4 5 3 1 2],-62.50000000000006,10,3419.799999999963,0.0,False,3
31,0,0,[2 1 3 5 4],1747.6999999999643,0.5,0.5,0.976621913022611,MI,[4 5 3 1 2],-62.50000000000006,10,3419.799999999963,0.0,False,3
31,0,1,[2 1 3 5 4],1747.6999999999643,0.5,0.5,0.6358983579071674,MI,[4 5 3 1 2],-62.50000000000006,10,3419.799999999963,0.0,False,3
31,0,2,[2 1 3 5 4],1747.6999999999643,0.5,0.5,0.11615100464785133,SI,[4 5 3 1 2],-62.50000000000006,10,3419.799999999963,0.0,False,3
31,0,3,[2 1 3 5 4],1747.6999999999643,0.5,0.5,0.959438926591562,MI,[2 4 5 3 1],-44.69999999999999,10,2568.2999999999593,0.0,False,3
31,0,4,[2 1 3 5 4],1747.6999999999643,0.5,0.5,0.6884580832968192,MI,[4 5 3 1 2],-62.50000000000006,10,3419.799999999963,0.0,False,3
32,0,0,[2 1 3 5 4],1747.6999999999643,0.5,0.5,0.7649462503664209,MI,[2 4 5 3 1],-44.69999999999999,10,2568.2999999999593,0.0,False,3
32,0,1,[2 1 3 5 4],1747.6999999999643,0.5,0.5,0.5603687763929439,MI,[2 4 5 3 1],-44.69999999999999,10,2568.2999999999593,0.0,False,3
32,0,2,[2 1 3 5 4],1747.6999999999643,0.5,0.5,0.5652733305674422,MI,[2 4 5 3 1],-44.69999999999999,10,2568.2999999999593,0.0,False,3
32,0,3,[2 1 3 5 4],1747.6999999999643,0.5,0.5,0.9955883722038499,MI,[2 4 5 3 1],-44.69999999999999,10,2568.2999999999593,0.0,False,3
32,0,4,[2 1 3 5 4],1747.6999999999643,0.5,0.5,0.32491899587818174,SI,[4 5 3 1 2],-62.50000000000006,10,3419.799999999963,0.0,False,3
33,0,0,[2 1 3 5 4],1747.6999999999643,0.5,0.5,0.9527711406226296,MI,[4 5 3 1 2],-62.50000000000006,10,3419.799999999963,0.0,False,3
33,0,1,[2 1 3 5 4],1747.6999999999643,0.5,0.5,0.8062292312264827,MI,[4 5 3 1 2],-62.50000000000006,10,3419.799999999963,0.0,False,3
33,0,2,[2 1 3 5 4],1747.6999999999643,0.5,0.5,0.7229707916693571,MI,[4 5 3 1 2],-62.50000000000006,10,3419.799999999963,0.0,False,3
33,0,3,[2 1 3 5 4],1747.6999999999643,0.5,0.5,0.19667509893451018,SI,[4 5 3 1 2],-62.50000000000006,10,3419.799999999963,0.0,False,3
33,0,4,[2 1 3 5 4],1747.6999999999643,0.5,0.5,0.5958937342542823,MI,[2 4 5 3 1],-44.69999999999999,10,2568.2999999999593,0.0,False,3
34,0,0,[2 1 3 5 4],1747.6999999999643,0.5,0.5,0.8686197580214262,MI,[4 5 3 1 2],-62.50000000000006,10,3419.799999999963,0.0,False,3
34,0,1,[2 1 3 5 4],1747.6999999999643,0.5,0.5,0.4496771790943529,SI,[4 5 3 1 2],-62.50000000000006,10,3419.799999999963,0.0,False,3
34,0,2,[2 1 3 5 4],1747.6999999999643,0.5,0.5,0.37822271647013683,SI,[4 5 3 1 2],-62.50000000000006,10,3419.799999999963,0.0,False,3
34,0,3,[2 1 3 5 4],1747.6999999999643,0.5,0.5,0.6269446034085968,MI,[4 5 3 1 2],-62.50000000000006,10,3419.799999999963,0.0,False,3
34,0,4,[2 1 3 5 4],1747.6999999999643,0.5,0.5,0.6659159444404615,MI,[4 5 3 1 2],-62.50000000000006,10,3419.799999999963,0.0,False,3
35,0,0,[2 1 3 5 4],1747.6999999999643,0.5,0.5,0.7344716194838453,MI,[4 5 3 1 2],-62.50000000000006,10,3419.799999999963,0.0,False,3
35,0,1,[2 1 3 5 4],1747.6999999999643,0.5,0.5,0.9992491913255325,MI,[2 1 4 5 3],-0.30000000000001137,10,1755.1999999999643,0.0,False,3
35,0,2,[2 1 3 5 4],1747.6999999999643,0.5,0.5,0.1253625255142471,SI,[4 5 3 1 2],-62.50000000000006,10,3419.799999999963,0.0,False,3
35,0,3,[2 1 3 5 4],1747.6999999999643,0.5,0.5,0.793250012008156,MI,[2 1 4 5 3],-0.30000000000001137,10,1755.1999999999643,0.0,False,3
35,0,4,[2 1 3 5 4],1747.6999999999643,0.5,0.5,0.6536004202876036,MI,[4 5 3 1 2],-62.50000000000006,10,3419.799999999963,0.0,False,3
36,0,0,[2 1 3 5 4],1747.6999999999643,0.5,0.5,0.5200471950635448,MI,[2 1 4 5 3],-0.30000000000001137,10,1755.1999999999643,0.0,False,3
36,0,1,[2 1 3 5 4],1747.6999999999643,0.5,0.5,0.21038726299756916,SI,[4 5 3 1 2],-62.50000000000006,10,3419.799999999963,0.0,False,3
36,0,2,[2 1 3 5 4],1747.6999999999643,0.5,0.5,0.70187180031853,MI,[2 4 5 3 1],-44.69999999999999,10,2568.2999999999593,0.0,False,3
36,0,3,[2 1 3 5 4],1747.6999999999643,0.5,0.5,0.23552972604468436,SI,[2 4 5 3 1],-44.69999999999999,10,2568.2999999999593,0.0,False,3
36,0,4,[2 1 3 5 4],1747.6999999999643,0.5,0.5,0.7616476539804655,MI,[2 1 4 5 3],-0.30000000000001137,10,1755.1999999999643,0.0,False,3
37,0,0,[2 1 3 5 4],1747.6999999999643,0.5,0.5,0.2658625850106888,SI,[4 5 3 1 2],-62.50000000000006,10,3419.799999999963,0.0,False,3
37,0,1,[2 1 3 5 4],1747.6999999999643,0.5,0.5,0.6909146203295613,MI,[4 5 3 1 2],-62.50000000000006,10,3419.799999999963,0.0,False,3
37,0,2,[2 1 3 5 4],1747.6999999999643,0.5,0.5,0.08386413605600085,SI,[4 5 3 1 2],-62.50000000000006,10,3419.799999999963,0.0,False,3
37,0,3,[2 1 3 5 4],1747.6999999999643,0.5,0.5,0.3199983215017769,SI,[4 5 3 1 2],-62.50000000000006,10,3419.799999999963,0.0,False,3
37,0,4,[2 1 3 5 4],1747.6999999999643,0.5,0.5,0.08473973772799581,SI,[4 5 3 1 2],-62.50000000000006,10,3419.799999999963,0.0,False,3
38,0,0,[2 1 3 5 4],1747.6999999999643,0.5,0.5,0.5674934074311759,MI,[4 5 3 1 2],-62.50000000000006,10,3419.799999999963,0.0,False,3
38,0,1,[2 1 3 5 4],1747.6999999999643,0.5,0.5,0.5970364023731747,MI,[2 4 5 3 1],-44.69999999999999,10,2568.2999999999593,0.0,False,3
38,0,2,[2 1 3 5 4],1747.6999999999643,0.5,0.5,0.2865962239124614,SI,[4 5 3 1 2],-62.50000000000006,10,3419.799999999963,0.0,False,3
38,0,3,[2 1 3 5 4],1747.6999999999643,0.5,0.5,0.8383871341314229,MI,[4 5 3 1 2],-62.50000000000006,10,3419.799999999963,0.0,False,3
38,0,4,[2 1 3 5 4],1747.6999999999643,0.5,0.5,0.15947201391636057,SI,[2 4 5 3 1],-44.69999999999999,10,2568.2999999999593,0.0,False,3
39,0,0,[2 1 3 5 4],1747.6999999999643,0.5,0.5,0.5719519600480506,MI,[2 4 5 3 1],-44.69999999999999,10,2568.2999999999593,0.0,False,3
39,0,1,[2 1 3 5 4],1747.6999999999643,0.5,0.5,0.3937288717378632,SI,[2 4 5 3 1],-44.69999999999999,10,2568.2999999999593,0.0,False,3
39,0,2,[2 1 3 5 4],1747.6999999999643,0.5,0.5,0.6907275707979842,MI,[2 4 5 3 1],-44.69999999999999,10,2568.2999999999593,0.0,False,3
39,0,3,[2 1 3 5 4],1747.6999999999643,0.5,0.5,0.4356543756643563,SI,[4 5 3 1 2],-62.50000000000006,10,3419.799999999963,0.0,False,3
39,0,4,[2 1 3 5 4],1747.6999999999643,0.5,0.5,0.7631018313814782,MI,[4 5 3 1 2],-62.50000000000006,10,3419.799999999963,0.0,False,3
40,0,0,[2 1 3 5 4],1747.6999999999643,0.5,0.5,0.731200377013333,MI,[2 4 5 3 1],-44.69999999999999,10,2568.2999999999593,0.0,False,3
40,0,1,[2 1 3 5 4],1747.6999999999643,0.5,0.5,0.9618807078728221,MI,[2 4 5 3 1],-44.69999999999999,10,2568.2999999999593,0.0,False,3
40,0,2,[2 1 3 5 4],1747.6999999999643,0.5,0.5,0.5536825373854547,MI,[2 4 5 3 1],-44.69999999999999,10,2568.2999999999593,0.0,False,3
40,0,3,[2 1 3 5 4],1747.6999999999643,0.5,0.5,0.540876107483398,MI,[2 4 5 3 1],-44.69999999999999,10,2568.2999999999593,0.0,False,3
40,0,4,[2 1 3 5 4],1747.6999999999643,0.5,0.5,0.4294862798293888,SI,[4 5 3 1 2],-62.50000000000006,10,3419.799999999963,0.0,False,3
41,0,0,[2 1 3 5 4],1747.6999999999643,0.5,0.5,0.39224426771008936,SI,[4 5 3 1 2],-62.50000000000006,10,3419.799999999963,0.0,False,3
41,0,1,[2 1 3 5 4],1747.6999999999643,0.5,0.5,0.498170407033542,SI,[4 5 3 1 2],-62.50000000000006,10,3419.799999999963,0.0,False,3
41,0,2,[2 1 3 5 4],1747.6999999999643,0.5,0.5,0.5274517726256245,MI,[4 5 3 1 2],-62.50000000000006,10,3419.799999999963,0.0,False,3
41,0,3,[2 1 3 5 4],1747.6999999999643,0.5,0.5,0.702591965954264,MI,[4 5 3 1 2],-62.50000000000006,10,3419.799999999963,0.0,False,3
41,0,4,[2 1 3 5 4],1747.6999999999643,0.5,0.5,0.5508496747259791,MI,[2 4 5 3 1],-44.69999999999999,10,2568.2999999999593,0.0,False,3
42,0,0,[2 1 3 5 4],1747.6999999999643,0.5,0.5,0.19768614315855648,SI,[2 4 5 3 1],-44.69999999999999,10,2568.2999999999593,0.0,False,3
42,0,1,[2 1 3 5 4],1747.6999999999643,0.5,0.5,0.24692015414725543,SI,[4 5 3 1 2],-62.50000000000006,10,3419.799999999963,0.0,False,3
42,0,2,[2 1 3 5 4],1747.6999999999643,0.5,0.5,0.0464998087702273,SI,[4 5 3 1 2],-62.50000000000006,10,3419.799999999963,0.0,False,3
42,0,3,[2 1 3 5 4],1747.6999999999643,0.5,0.5,0.7289226845620667,MI,[4 5 3 1 2],-62.50000000000006,10,3419.799999999963,0.0,False,3
42,0,4,[2 1 3 5 4],1747.6999999999643,0.5,0.5,0.024654677679740722,SI,[4 5 3 1 2],-62.50000000000006,10,3419.799999999963,0.0,False,3
43,0,0,[2 1 3 5 4],1747.6999999999643,0.5,0.5,0.313318560540213,SI,[4 5 3 1 2],-62.50000000000006,10,3419.799999999963,0.0,False,3
43,0,1,[2 1 3 5 4],1747.6999999999643,0.5,0.5,0.43824859644541514,SI,[2 4 5 3 1],-44.69999999999999,10,2568.2999999999593,0.0,False,3
43,0,2,[2 1 3 5 4],1747.6999999999643,0.5,0.5,0.8486869973585109,MI,[4 5 3 1 2],-62.50000000000006,10,3419.799999999963,0.0,False,3
43,0,3,[2 1 3 5 4],1747.6999999999643,0.5,0.5,0.4680139931367152,SI,[4 5 3 1 2],-62.50000000000006,10,3419.799999999963,0.0,False,3
43,0,4,[2 1 3 5 4],1747.6999999999643,0.5,0.5,0.8650198640352327,MI,[4 5 3 1 2],-62.50000000000006,10,3419.799999999963,0.0,False,3
44,0,0,[2 1 3 5 4],1747.6999999999643,0.5,0.5,0.6172707405639531,MI,[4 5 3 1 2],-62.50000000000006,10,3419.799999999963,0.0,False,3
44,0,1,[2 1 3 5 4],1747.6999999999643,0.5,0.5,0.47629253401738636,SI,[4 5 3 1 2],-62.50000000000006,10,3419.799999999963,0.0,False,3
44,0,2,[2 1 3 5 4],1747.6999999999643,0.5,0.5,0.2994098441521804,SI,[2 1 4 5 3],-0.30000000000001137,10,1755.1999999999643,0.0,False,3
44,0,3,[2 1 3 5 4],1747.6999999999643,0.5,0.5,0.8106425987143091,MI,[2 1 4 5 3],-0.30000000000001137,10,1755.1999999999643,0.0,False,3
44,0,4,[2 1 3 5 4],1747.6999999999643,0.5,0.5,0.2619371262240051,SI,[4 5 3 1 2],-62.50000000000006,10,3419.799999999963,0.0,False,3
45,0,0,[2 1 3 5 4],1747.6999999999643,0.5,0.5,0.8811684792806687,MI,[2 4 5 3 1],-44.69999999999999,10,2568.2999999999593,0.0,False,3
45,0,1,[2 1 3 5 4],1747.6999999999643,0.5,0.5,0.9813909068386208,MI,[2 4 5 3 1],-44.69999999999999,10,2568.2999999999593,0.0,False,3
45,0,2,[2 1 3 5 4],1747.6999999999643,0.5,0.5,0.726987915472062,MI,[4 5 3 1 2],-62.50000000000006,10,3419.799999999963,0.0,False,3
45,0,3,[2 1 3 5 4],1747.6999999999643,0.5,0.5,0.005283794414139398,SI,[4 5 3 1 2],-62.50000000000006,10,3419.799999999963,0.0,False,3
45,0,4,[2 1 3 5 4],1747.6999999999643,0.5,0.5,0.5258215043428838,MI,[2 4 5 3 1],-44.69999999999999,10,2568.2999999999593,0.0,False,3
46,0,0,[2 1 3 5 4],1747.6999999999643,0.5,0.5,0.8698341893202136,MI,[4 5 3 1 2],-62.50000000000006,10,3419.799999999963,0.0,False,3
46,0,1,[2 1 3 5 4],1747.6999999999643,0.5,0.5,0.7074615655428941,MI,[2 4 5 3 1],-44.69999999999999,10,2568.2999999999593,0.0,False,3
46,0,2,[2 1 3 5 4],1747.6999999999643,0.5,0.5,0.5299274591663351,MI,[2 4 5 3 1],-44.69999999999999,10,2568.2999999999593,0.0,False,3
46,0,3,[2 1 3 5 4],1747.6999999999643,0.5,0.5,0.012543839544148061,SI,[2 4 5 3 1],-44.69999999999999,10,2568.2999999999593,0.0,False,3
46,0,4,[2 1 3 5 4],1747.6999999999643,0.5,0.5,0.5362366122103989,MI,[4 5 3 1 2],-62.50000000000006,10,3419.799999999963,0.0,False,3
47,0,0,[2 1 3 5 4],1747.6999999999643,0.5,0.5,0.6234154980938351,MI,[2 4 5 3 1],-44.69999999999999,10,2568.2999999999593,0.0,False,3
47,0,1,[2 1 3 5 4],1747.6999999999643,0.5,0.5,0.11848443117152485,SI,[4 5 3 1 2],-62.50000000000006,10,3419.799999999963,0.0,False,3
47,0,2,[2 1 3 5 4],1747.6999999999643,0.5,0.5,0.2564808611705759,SI,[2 4 5 3 1],-44.69999999999999,10,2568.2999999999593,0.0,False,3
47,0,3,[2 1 3 5 4],1747.6999999999643,0.5,0.5,0.7463199495864211,MI,[4 5 3 1 2],-62.50000000000006,10,3419.799999999963,0.0,False,3
47,0,4,[2 1 3 5 4],1747.6999999999643,0.5,0.5,0.6813634792725954,MI,[4 5 3 1 2],-62.50000000000006,10,3419.799999999963,0.0,False,3
48,0,0,[2 1 3 5 4],1747.6999999999643,0.5,0.5,0.530176888846744,MI,[2 4 5 3 1],-44.69999999999999,10,2568.2999999999593,0.0,False,3
48,0,1,[2 1 3 5 4],1747.6999999999643,0.5,0.5,0.603753317848316,MI,[4 5 3 1 2],-62.50000000000006,10,3419.799999999963,0.0,False,3
48,0,2,[2 1 3 5 4],1747.6999999999643,0.5,0.5,0.4537023542599614,SI,[2 4 5 3 1],-44.69999999999999,10,2568.2999999999593,0.0,False,3
48,0,3,[2 1 3 5 4],1747.6999999999643,0.5,0.5,0.40329258326023887,SI,[4 5 3 1 2],-62.50000000000006,10,3419.799999999963,0.0,False,3
48,0,4,[2 1 3 5 4],1747.6999999999643,0.5,0.5,0.6504309006218921,MI,[2 4 5 3 1],-44.69999999999999,10,2568.2999999999593,0.0,False,3
49,0,0,[2 1 3 5 4],1747.6999999999643,0.5,0.5,0.6451687819280243,MI,[4 5 3 1 2],-62.50000000000006,10,3419.799999999963,0.0,False,3
49,0,1,[2 1 3 5 4],1747.6999999999643,0.5,0.5,0.9736217556128627,MI,[4 5 3 1 2],-62.50000000000006,10,3419.799999999963,0.0,False,3
49,0,2,[2 1 3 5 4],1747.6999999999643,0.5,0.5,0.14747764977319588,SI,[2 4 5 3 1],-44.69999999999999,10,2568.2999999999593,0.0,False,3
49,0,3,[2 1 3 5 4],1747.6999999999643,0.5,0.5,0.47006764808406276,SI,[4 5 3 1 2],-62.50000000000006,10,3419.799999999963,0.0,False,3
49,0,4,[2 1 3 5 4],1747.6999999999643,0.5,0.5,0.9395196269010225,MI,[2 4 5 3 1],-44.69999999999999,10,2568.2999999999593,0.0,False,3
50,0,0,[2 1 3 5 4],1747.6999999999643,0.5,0.5,0.23970815866683348,SI,[4 5 3 1 2],-62.50000000000006,10,3419.799999999963,0.0,False,3
50,0,1,[2 1 3 5 4],1747.6999999999643,0.5,0.5,0.5965970610303418,MI,[2 4 5 3 1],-44.69999999999999,10,2568.2999999999593,0.0,False,3
50,0,2,[2 1 3 5 4],1747.6999999999643,0.5,0.5,0.8501135511269483,MI,[2 4 5 3 1],-44.69999999999999,10,2568.2999999999593,0.0,False,3
50,0,3,[2 1 3 5 4],1747.6999999999643,0.5,0.5,0.7882434768183367,MI,[4 5 3 1 2],-62.50000000000006,10,3419.799999999963,0.0,False,3
50,0,4,[2 1 3 5 4],1747.6999999999643,0.5,0.5,0.4869981122043193,SI,[4 5 3 1 2],-62.50000000000006,10,3419.799999999963,0.0,False,3
51,0,0,[2 1 3 5 4],1747.6999999999643,0.5,0.5,0.14732942338871868,SI,[4 5 3 1 2],-62.50000000000006,10,3419.799999999963,0.0,False,3
51,0,1,[2 1 3 5 4],1747.6999999999643,0.5,0.5,0.17382689879973612,SI,[4 5 3 1 2],-62.50000000000006,10,3419.799999999963,0.0,False,3
51,0,2,[2 1 3 5 4],1747.6999999999643,0.5,0.5,0.8259794451886482,MI,[4 5 3 1 2],-62.50000000000006,10,3419.799999999963,0.0,False,3
51,0,3,[2 1 3 5 4],1747.6999999999643,0.5,0.5,0.2702951017695785,SI,[4 5 3 1 2],-62.50000000000006,10,3419.799999999963,0.0,False,3
51,0,4,[2 1 3 5 4],1747.6999999999643,0.5,0.5,0.8068967896530616,MI,[2 4 5 3 1],-44.69999999999999,10,2568.2999999999593,0.0,False,3
52,0,0,[2 1 3 5 4],1747.6999999999643,0.5,0.5,0.8410021011870956,MI,[4 5 3 1 2],-62.50000000000006,10,3419.799999999963,0.0,False,3
52,0,1,[2 1 3 5 4],1747.6999999999643,0.5,0.5,0.43909731947525776,SI,[2 4 5 3 1],-44.69999999999999,10,2568.2999999999593,0.0,False,3
52,0,2,[2 1 3 5 4],1747.6999999999643,0.5,0.5,0.6167687298289138,MI,[4 5 3 1 2],-62.50000000000006,10,3419.799999999963,0.0,False,3
52,0,3,[2 1 3 5 4],1747.6999999999643,0.5,0.5,0.5100946129536255,MI,[4 5 3 1 2],-62.50000000000006,10,3419.799999999963,0.0,False,3
52,0,4,[2 1 3 5 4],1747.6999999999643,0.5,0.5,0.47606116469436344,SI,[4 5 3 1 2],-62.50000000000006,10,3419.799999999963,0.0,False,3
53,0,0,[2 1 3 5 4],1747.6999999999643,0.5,0.5,0.162371855068159,SI,[4 5 3 1 2],-62.50000000000006,10,3419.799999999963,0.0,False,3
53,0,1,[2 1 3 5 4],1747.6999999999643,0.5,0.5,0.3085008261492592,SI,[4 5 3 1 2],-62.50000000000006,10,3419.799999999963,0.0,False,3
53,0,2,[2 1 3 5 4],1747.6999999999643,0.5,0.5,0.8134902120381966,MI,[2 1 4 5 3],-0.30000000000001137,10,1755.1999999999643,0.0,False,3
53,0,3,[2 1 3 5 4],1747.6999999999643,0.5,0.5,0.7227564792349948,MI,[4 5 3 1 2],-62.50000000000006,10,3419.799999999963,0.0,False,3
53,0,4,[2 1 3 5 4],1747.6999999999643,0.5,0.5,0.6310248899730104,MI,[2 1 4 5 3],-0.30000000000001137,10,1755.1999999999643,0.0,False,3
54,0,0,[2 1 3 5 4],1747.6999999999643,0.5,0.5,0.7640790837642021,MI,[4 5 3 1 2],-62.50000000000006,10,3419.799999999963,0.0,False,3
54,0,1,[2 1 3 5 4],1747.6999999999643,0.5,0.5,0.7123450905290334,MI,[2 1 4 5 3],-0.30000000000001137,10,1755.1999999999643,0.0,False,3
54,0,2,[2 1 3 5 4],1747.6999999999643,0.5,0.5,0.41186625365889884,SI,[4 5 3 1 2],-62.50000000000006,10,3419.799999999963,0.0,False,3
54,0,3,[2 1 3 5 4],1747.6999999999643,0.5,0.5,0.19211880898131306,SI,[4 5 3 1 2],-62.50000000000006,10,3419.799999999963,0.0,False,3
54,0,4,[2 1 3 5 4],1747.6999999999643,0.5,0.5,0.24812865407009366,SI,[4 5 3 1 2],-62.50000000000006,10,3419.799999999963,0.0,False,3
55,0,0,[2 1 3 5 4],1747.6999999999643,0.5,0.5,0.975775329016108,MI,[4 5 3 1 2],-62.50000000000006,10,3419.799999999963,0.0,False,3
55,0,1,[2 1 3 5 4],1747.6999999999643,0.5,0.5,0.5190412029415921,MI,[4 5 3 1 2],-62.50000000000006,10,3419.799999999963,0.0,False,3
55,0,2,[2 1 3 5 4],1747.6999999999643,0.5,0.5,0.49135198606509456,SI,[4 5 3 1 2],-62.50000000000006,10,3419.799999999963,0.0,False,3
55,0,3,[2 1 3 5 4],1747.6999999999643,0.5,0.5,0.6922288132716925,MI,[2 1 4 5 3],-0.30000000000001137,10,1755.1999999999643,0.0,False,3
55,0,4,[2 1 3 5 4],1747.6999999999643,0.5,0.5,0.47933276610138953,SI,[2 4 5 3 1],-44.69999999999999,10,2568.2999999999593,0.0,False,3
56,0,0,[2 1 3 5 4],1747.6999999999643,0.5,0.5,0.5501967657888858,MI,[4 5 3 1 2],-62.50000000000006,10,3419.799999999963,0.0,False,3
56,0,1,[2 1 3 5 4],1747.6999999999643,0.5,0.5,0.1207414941831293,SI,[4 5 3 1 2],-62.50000000000006,10,3419.799999999963,0.0,False,3
56,0,2,[2 1 3 5 4],1747.6999999999643,0.5,0.5,0.7922003516836319,MI,[2 4 5 3 1],-44.69999999999999,10,2568.2999999999593,0.0,False,3
56,0,3,[2 1 3 5 4],1747.6999999999643,0.5,0.5,0.9305779978401193,MI,[2 4 5 3 1],-44.69999999999999,10,2568.2999999999593,0.0,False,3
56,0,4,[2 1 3 5 4],1747.6999999999643,0.5,0.5,0.6417975775276387,MI,[4 5 3 1 2],-62.50000000000006,10,3419.799999999963,0.0,False,3
0,19,0,[3 1 4 2 5],2572.000000000011,0.5,0.5,0.5296296702391904,MI,[4 1 3 2 5],47.09999999999991,10,4091.6000000000167,0.0,False,4
0,19,1,[3 1 4 2 5],2572.000000000011,0.5,0.5,0.44987219562365044,SI,[3 4 1 2 5],48.60000000000002,10,3351.000000000022,0.0,False,4
0,19,2,[3 1 4 2 5],2572.000000000011,0.5,0.5,0.139686045732347,SI,[3 1 4 5 2],65.59999999999997,10,2767.400000000016,0.0,False,4
0,19,3,[3 1 4 2 5],2572.000000000011,0.5,0.5,0.013010643513863496,SI,[3 4 1 2 5],48.60000000000002,10,3351.000000000022,0.0,False,4
0,19,4,[3 1 4 2 5],2572.000000000011,0.5,0.5,0.015328702141692352,SI,[3 4 1 2 5],48.60000000000002,10,3351.000000000022,0.0,False,4
1,0,0,[3 1 4 2 5],2572.000000000011,0.5,0.5,0.2654588006086669,SI,[3 1 4 5 2],65.59999999999997,10,2767.400000000016,0.0,False,4
1,0,1,[3 1 4 2 5],2572.000000000011,0.5,0.5,0.9214099103172648,MI,[5 2 4 1 3],115.9,10,4486.500000000022,0.0,False,4
1,0,2,[3 1 4 2 5],2572.000000000011,0.5,0.5,0.9536048979682633,MI,[4 1 3 2 5],47.09999999999991,10,4091.6000000000167,0.0,False,4
1,0,3,[3 1 4 2 5],2572.000000000011,0.5,0.5,0.5779928389633879,MI,[4 1 3 2 5],47.09999999999991,10,4091.6000000000167,0.0,False,4
1,0,4,[3 1 4 2 5],2572.000000000011,0.5,0.5,0.6488751943804301,MI,[4 1 3 2 5],47.09999999999991,10,4091.6000000000167,0.0,False,4
2,0,0,[3 1 4 2 5],2572.000000000011,0.5,0.5,0.4578172802082,SI,[4 1 3 2 5],47.09999999999991,10,4091.6000000000167,0.0,False,4
2,0,1,[3 1 4 2 5],2572.000000000011,0.5,0.5,0.47846112210183267,SI,[4 1 3 2 5],47.09999999999991,10,4091.6000000000167,0.0,False,4
2,0,2,[3 1 4 2 5],2572.000000000011,0.5,0.5,0.13878354089538958,SI,[4 1 3 2 5],47.09999999999991,10,4091.6000000000167,0.0,False,4
2,0,3,[3 1 4 2 5],2572.000000000011,0.5,0.5,0.35727075670889263,SI,[4 1 3 2 5],47.09999999999991,10,4091.6000000000167,0.0,False,4
2,0,4,[3 1 4 2 5],2572.000000000011,0.5,0.5,0.1565608779674844,SI,[4 1 3 2 5],47.09999999999991,10,4091.6000000000167,0.0,False,4
3,0,0,[3 1 4 2 5],2572.000000000011,0.5,0.5,0.16968082885881852,SI,[4 1 3 2 5],47.09999999999991,10,4091.6000000000167,0.0,False,4
3,0,1,[3 1 4 2 5],2572.000000000011,0.5,0.5,0.6797510228583704,MI,[4 1 3 2 5],47.09999999999991,10,4091.6000000000167,0.0,False,4
3,0,2,[3 1 4 2 5],2572.000000000011,0.5,0.5,0.4271583770157048,SI,[4 1 3 2 5],47.09999999999991,10,4091.6000000000167,0.0,False,4
3,0,3,[3 1 4 2 5],2572.000000000011,0.5,0.5,0.08981549235435804,SI,[5 2 4 1 3],115.9,10,4486.500000000022,0.0,False,4
3,0,4,[3 1 4 2 5],2572.000000000011,0.5,0.5,0.974207224780806,MI,[4 1 3 2 5],47.09999999999991,10,4091.6000000000167,0.0,False,4
4,0,0,[3 1 4 2 5],2572.000000000011,0.5,0.5,0.5151404205230943,MI,[5 2 4 1 3],115.9,10,4486.500000000022,0.0,False,4
4,0,1,[3 1 4 2 5],2572.000000000011,0.5,0.5,0.9429805926624633,MI,[4 1 3 2 5],47.09999999999991,10,4091.6000000000167,0.0,False,4
4,0,2,[3 1 4 2 5],2572.000000000011,0.5,0.5,0.05673784774858215,SI,[4 1 3 2 5],47.09999999999991,10,4091.6000000000167,0.0,False,4
4,0,3,[3 1 4 2 5],2572.000000000011,0.5,0.5,0.25720740478620485,SI,[4 1 3 2 5],47.09999999999991,10,4091.6000000000167,0.0,False,4
4,0,4,[3 1 4 2 5],2572.000000000011,0.5,0.5,0.08750559707222161,SI,[3 4 1 2 5],48.60000000000002,10,3351.000000000022,0.0,False,4
5,0,0,[3 1 4 2 5],2572.000000000011,0.5,0.5,0.2409239298647935,SI,[4 1 3 2 5],47.09999999999991,10,4091.6000000000167,0.0,False,4
5,0,1,[3 1 4 2 5],2572.000000000011,0.5,0.5,0.8853192305997017,MI,[4 1 3 2 5],47.09999999999991,10,4091.6000000000167,0.0,False,4
5,0,2,[3 1 4 2 5],2572.000000000011,0.5,0.5,0.04961573700831157,SI,[1 3 4 2 5],112.69999999999999,10,3566.5000000000255,0.0,False,4
5,0,3,[3 1 4 2 5],2572.000000000011,0.5,0.5,0.11761875262092492,SI,[3 1 4 5 2],65.59999999999997,10,2767.400000000016,0.0,False,4
5,0,4,[3 1 4 2 5],2572.000000000011,0.5,0.5,0.6828249956459548,MI,[4 1 3 2 5],47.09999999999991,10,4091.6000000000167,0.0,False,4
6,0,0,[3 1 4 2 5],2572.000000000011,0.5,0.5,0.24207644403017015,SI,[3 4 1 2 5],48.60000000000002,10,3351.000000000022,0.0,False,4
6,0,1,[3 1 4 2 5],2572.000000000011,0.5,0.5,0.5326496757272693,MI,[4 1 3 2 5],47.09999999999991,10,4091.6000000000167,0.0,False,4
6,0,2,[3 1 4 2 5],2572.000000000011,0.5,0.5,0.015036857555195349,SI,[4 1 3 2 5],47.09999999999991,10,4091.6000000000167,0.0,False,4
6,0,3,[3 1 4 2 5],2572.000000000011,0.5,0.5,0.9880136512494652,MI,[4 1 3 2 5],47.09999999999991,10,4091.6000000000167,0.0,False,4
6,0,4,[3 1 4 2 5],2572.000000000011,0.5,0.5,0.04337152562007707,SI,[4 1 3 2 5],47.09999999999991,10,4091.6000000000167,0.0,False,4
7,0,0,[3 1 4 2 5],2572.000000000011,0.5,0.5,0.019887332415187253,SI,[4 1 3 2 5],47.09999999999991,10,4091.6000000000167,0.0,False,4
7,0,1,[3 1 4 2 5],2572.000000000011,0.5,0.5,0.9552303700342953,MI,[4 1 3 2 5],47.09999999999991,10,4091.6000000000167,0.0,False,4
7,0,2,[3 1 4 2 5],2572.000000000011,0.5,0.5,0.16871323550618722,SI,[4 1 3 2 5],47.09999999999991,10,4091.6000000000167,0.0,False,4
7,0,3,[3 1 4 2 5],2572.000000000011,0.5,0.5,0.5854333375682254,MI,[4 1 3 2 5],47.09999999999991,10,4091.6000000000167,0.0,False,4
7,0,4,[3 1 4 2 5],2572.000000000011,0.5,0.5,0.06338577578423432,SI,[3 4 1 2 5],48.60000000000002,10,3351.000000000022,0.0,False,4
8,0,0,[3 1 4 2 5],2572.000000000011,0.5,0.5,0.1955067787857817,SI,[4 1 3 2 5],47.09999999999991,10,4091.6000000000167,0.0,False,4
8,0,1,[3 1 4 2 5],2572.000000000011,0.5,0.5,0.484253021949529,SI,[4 1 3 2 5],47.09999999999991,10,4091.6000000000167,0.0,False,4
8,0,2,[3 1 4 2 5],2572.000000000011,0.5,0.5,0.2018865886435337,SI,[5 2 4 1 3],115.9,10,4486.500000000022,0.0,False,4
8,0,3,[3 1 4 2 5],2572.000000000011,0.5,0.5,0.5611740065336251,MI,[4 1 3 2 5],47.09999999999991,10,4091.6000000000167,0.0,False,4
8,0,4,[3 1 4 2 5],2572.000000000011,0.5,0.5,0.3900255591869174,SI,[3 1 4 5 2],65.59999999999997,10,2767.400000000016,0.0,False,4
9,0,0,[3 1 4 2 5],2572.000000000011,0.5,0.5,0.35303235446115677,SI,[4 1 3 2 5],47.09999999999991,10,4091.6000000000167,0.0,False,4
9,0,1,[3 1 4 2 5],2572.000000000011,0.5,0.5,0.22132617460911563,SI,[3 4 1 2 5],48.60000000000002,10,3351.000000000022,0.0,False,4
9,0,2,[3 1 4 2 5],2572.000000000011,0.5,0.5,0.8938233402623476,MI,[4 1 3 2 5],47.09999999999991,10,4091.6000000000167,0.0,False,4
9,0,3,[3 1 4 2 5],2572.000000000011,0.5,0.5,0.13576685200820826,SI,[3 4 1 2 5],48.60000000000002,10,3351.000000000022,0.0,False,4
9,0,4,[3 1 4 2 5],2572.000000000011,0.5,0.5,0.9809866907970899,MI,[4 1 3 2 5],47.09999999999991,10,4091.6000000000167,0.0,False,4
10,0,0,[3 1 4 2 5],2572.000000000011,0.5,0.5,0.015324387134436401,SI,[3 1 4 5 2],65.59999999999997,10,2767.400000000016,0.0,False,4
10,0,1,[3 1 4 2 5],2572.000000000011,0.5,0.5,0.7160029100504842,MI,[4 1 3 2 5],47.09999999999991,10,4091.6000000000167,0.0,False,4
10,0,2,[3 1 4 2 5],2572.000000000011,0.5,0.5,0.29622640065118966,SI,[1 3 4 2 5],112.69999999999999,10,3566.5000000000255,0.0,False,4
10,0,3,[3 1 4 2 5],2572.000000000011,0.5,0.5,0.9499127523115659,MI,[4 1 3 2 5],47.09999999999991,10,4091.6000000000167,0.0,False,4
10,0,4,[3 1 4 2 5],2572.000000000011,0.5,0.5,0.6091116561546749,MI,[4 1 3 2 5],47.09999999999991,10,4091.6000000000167,0.0,False,4
11,0,0,[3 1 4 2 5],2572.000000000011,0.5,0.5,0.47779957744841894,SI,[3 1 4 5 2],65.59999999999997,10,2767.400000000016,0.0,False,4
11,0,1,[3 1 4 2 5],2572.000000000011,0.5,0.5,0.3356526644116393,SI,[4 1 3 2 5],47.09999999999991,10,4091.6000000000167,0.0,False,4
11,0,2,[3 1 4 2 5],2572.000000000011,0.5,0.5,0.3568513112721654,SI,[3 1 4 5 2],65.59999999999997,10,2767.400000000016,0.0,False,4
11,0,3,[3 1 4 2 5],2572.000000000011,0.5,0.5,0.027612264315735047,SI,[3 4 1 2 5],48.60000000000002,10,3351.000000000022,0.0,False,4
11,0,4,[3 1 4 2 5],2572.000000000011,0.5,0.5,0.18898918966815492,SI,[3 4 1 2 5],48.60000000000002,10,3351.000000000022,0.0,False,4
12,0,0,[3 1 4 2 5],2572.000000000011,0.5,0.5,0.8605423439554281,MI,[4 1 3 2 5],47.09999999999991,10,4091.6000000000167,0.0,False,4
12,0,1,[3 1 4 2 5],2572.000000000011,0.5,0.5,0.19168907438653127,SI,[3 4 1 2 5],48.60000000000002,10,3351.000000000022,0.0,False,4
12,0,2,[3 1 4 2 5],2572.000000000011,0.5,0.5,0.7313014635430278,MI,[4 1 3 2 5],47.09999999999991,10,4091.6000000000167,0.0,False,4
12,0,3,[3 1 4 2 5],2572.000000000011,0.5,0.5,0.8308050798613339,MI,[4 1 3 2 5],47.09999999999991,10,4091.6000000000167,0.0,False,4
12,0,4,[3 1 4 2 5],2572.000000000011,0.5,0.5,0.15599792255349187,SI,[4 1 3 2 5],47.09999999999991,10,4091.6000000000167,0.0,False,4
13,0,0,[3 1 4 2 5],2572.000000000011,0.5,0.5,0.04515767601514342,SI,[5 2 4 1 3],115.9,10,4486.500000000022,0.0,False,4
13,0,1,[3 1 4 2 5],2572.000000000011,0.5,0.5,0.7864397801047842,MI,[4 1 3 2 5],47.09999999999991,10,4091.6000000000167,0.0,False,4
13,0,2,[3 1 4 2 5],2572.000000000011,0.5,0.5,0.9759300926227777,MI,[4 1 3 2 5],47.09999999999991,10,4091.6000000000167,0.0,False,4
13,0,3,[3 1 4 2 5],2572.000000000011,0.5,0.5,0.3185284105344114,SI,[4 1 3 2 5],47.09999999999991,10,4091.6000000000167,0.0,False,4
13,0,4,[3 1 4 2 5],2572.000000000011,0.5,0.5,0.5727212545088011,MI,[4 1 3 2 5],47.09999999999991,10,4091.6000000000167,0.0,False,4
14,0,0,[3 1 4 2 5],2572.000000000011,0.5,0.5,0.48549122188695437,SI,[4 1 3 2 5],47.09999999999991,10,4091.6000000000167,0.0,False,4
14,0,1,[3 1 4 2 5],2572.000000000011,0.5,0.5,0.5057494510800613,MI,[4 1 3 2 5],47.09999999999991,10,4091.6000000000167,0.0,False,4
14,0,2,[3 1 4 2 5],2572.000000000011,0.5,0.5,0.3141931287212334,SI,[3 1 4 5 2],65.59999999999997,10,2767.400000000016,0.0,False,4
14,0,3,[3 1 4 2 5],2572.000000000011,0.5,0.5,0.5931786432151975,MI,[4 1 3 2 5],47.09999999999991,10,4091.6000000000167,0.0,False,4
14,0,4,[3 1 4 2 5],2572.000000000011,0.5,0.5,0.639622532250774,MI,[4 1 3 2 5],47.09999999999991,10,4091.6000000000167,0.0,False,4
15,0,0,[3 1 4 2 5],2572.000000000011,0.5,0.5,0.4347197230609805,SI,[4 1 3 2 5],47.09999999999991,10,4091.6000000000167,0.0,False,4
15,0,1,[3 1 4 2 5],2572.000000000011,0.5,0.5,0.0489476417463649,SI,[4 1 3 2 5],47.09999999999991,10,4091.6000000000167,0.0,False,4
15,0,2,[3 1 4 2 5],2572.000000000011,0.5,0.5,0.40142312150235704,SI,[3 1 4 5 2],65.59999999999997,10,2767.400000000016,0.0,False,4
15,0,3,[3 1 4 2 5],2572.000000000011,0.5,0.5,0.1933960578578524,SI,[1 3 4 2 5],112.69999999999999,10,3566.5000000000255,0.0,False,4
15,0,4,[3 1 4 2 5],2572.000000000011,0.5,0.5,0.3242911863832959,SI,[4 1 3 2 5],47.09999999999991,10,4091.6000000000167,0.0,False,4
16,0,0,[3 1 4 2 5],2572.000000000011,0.5,0.5,0.12348855605160047,SI,[3 4 1 2 5],48.60000000000002,10,3351.000000000022,0.0,False,4
16,0,1,[3 1 4 2 5],2572.000000000011,0.5,0.5,0.6861530015980682,MI,[4 1 3 2 5],47.09999999999991,10,4091.6000000000167,0.0,False,4
16,0,2,[3 1 4 2 5],2572.000000000011,0.5,0.5,0.41686281650340107,SI,[4 1 3 2 5],47.09999999999991,10,4091.6000000000167,0.0,False,4
16,0,3,[3 1 4 2 5],2572.000000000011,0.5,0.5,0.43662547211924885,SI,[4 1 3 2 5],47.09999999999991,10,4091.6000000000167,0.0,False,4
16,0,4,[3 1 4 2 5],2572.000000000011,0.5,0.5,0.75069956349757,MI,[4 1 3 2 5],47.09999999999991,10,4091.6000000000167,0.0,False,4
17,0,0,[3 1 4 2 5],2572.000000000011,0.5,0.5,0.7214665976994945,MI,[4 1 3 2 5],47.09999999999991,10,4091.6000000000167,0.0,False,4
17,0,1,[3 1 4 2 5],2572.000000000011,0.5,0.5,0.41329411213790745,SI,[4 1 3 2 5],47.09999999999991,10,4091.6000000000167,0.0,False,4
17,0,2,[3 1 4 2 5],2572.000000000011,0.5,0.5,0.4080198480778624,SI,[4 1 3 2 5],47.09999999999991,10,4091.6000000000167,0.0,False,4
17,0,3,[3 1 4 2 5],2572.000000000011,0.5,0.5,0.8871573407467465,MI,[4 1 3 2 5],47.09999999999991,10,4091.6000000000167,0.0,False,4
17,0,4,[3 1 4 2 5],2572.000000000011,0.5,0.5,0.6824610368211467,MI,[4 1 3 2 5],47.09999999999991,10,4091.6000000000167,0.0,False,4
18,0,0,[3 1 4 2 5],2572.000000000011,0.5,0.5,0.43473721312408975,SI,[4 1 3 2 5],47.09999999999991,10,4091.6000000000167,0.0,False,4
18,0,1,[3 1 4 2 5],2572.000000000011,0.5,0.5,0.1634058411568604,SI,[4 1 3 2 5],47.09999999999991,10,4091.6000000000167,0.0,False,4
18,0,2,[3 1 4 2 5],2572.000000000011,0.5,0.5,0.24845333587161134,SI,[4 1 3 2 5],47.09999999999991,10,4091.6000000000167,0.0,False,4
18,0,3,[3 1 4 2 5],2572.000000000011,0.5,0.5,0.9832504102445863,MI,[4 1 3 2 5],47.09999999999991,10,4091.6000000000167,0.0,False,4
18,0,4,[3 1 4 2 5],2572.000000000011,0.5,0.5,0.09508485370168063,SI,[4 1 3 2 5],47.09999999999991,10,4091.6000000000167,0.0,False,4
19,0,0,[3 1 4 2 5],2572.000000000011,0.5,0.5,0.2900850014230748,SI,[3 4 1 2 5],48.60000000000002,10,3351.000000000022,0.0,False,4
19,0,1,[3 1 4 2 5],2572.000000000011,0.5,0.5,0.7386495359554676,MI,[4 1 3 2 5],47.09999999999991,10,4091.6000000000167,0.0,False,4
19,0,2,[3 1 4 2 5],2572.000000000011,0.5,0.5,0.6204855628915416,MI,[4 1 3 2 5],47.09999999999991,10,4091.6000000000167,0.0,False,4
19,0,3,[3 1 4 2 5],2572.000000000011,0.5,0.5,0.630802747389222,MI,[4 1 3 2 5],47.09999999999991,10,4091.6000000000167,0.0,False,4
19,0,4,[3 1 4 2 5],2572.000000000011,0.5,0.5,0.9081073187805632,MI,[4 1 3 2 5],47.09999999999991,10,4091.6000000000167,0.0,False,4
20,0,0,[3 1 4 2 5],2572.000000000011,0.5,0.5,0.3855710496338417,SI,[1 3 4 2 5],112.69999999999999,10,3566.5000000000255,0.0,False,4
20,0,1,[3 1 4 2 5],2572.000000000011,0.5,0.5,0.7143846403561972,MI,[4 1 3 2 5],47.09999999999991,10,4091.6000000000167,0.0,False,4
20,0,2,[3 1 4 2 5],2572.000000000011,0.5,0.5,0.8166614587150652,MI,[4 1 3 2 5],47.09999999999991,10,4091.6000000000167,0.0,False,4
20,0,3,[3 1 4 2 5],2572.000000000011,0.5,0.5,0.09419812737056099,SI,[3 1 4 5 2],65.59999999999997,10,2767.400000000016,0.0,False,4
20,0,4,[3 1 4 2 5],2572.000000000011,0.5,0.5,0.17375093908242623,SI,[3 4 1 2 5],48.60000000000002,10,3351.000000000022,0.0,False,4
21,0,0,[3 1 4 2 5],2572.000000000011,0.5,0.5,0.5135472178286465,MI,[4 1 3 2 5],47.09999999999991,10,4091.6000000000167,0.0,False,4
21,0,1,[3 1 4 2 5],2572.000000000011,0.5,0.5,0.6365076886980117,MI,[4 1 3 2 5],47.09999999999991,10,4091.6000000000167,0.0,False,4
21,0,2,[3 1 4 2 5],2572.000000000011,0.5,0.5,0.1840725290412667,SI,[1 3 4 2 5],112.69999999999999,10,3566.5000000000255,0.0,False,4
21,0,3,[3 1 4 2 5],2572.000000000011,0.5,0.5,0.6898363200386329,MI,[4 1 3 2 5],47.09999999999991,10,4091.6000000000167,0.0,False,4
21,0,4,[3 1 4 2 5],2572.000000000011,0.5,0.5,0.6110082109950744,MI,[4 1 3 2 5],47.09999999999991,10,4091.6000000000167,0.0,False,4
22,0,0,[3 1 4 2 5],2572.000000000011,0.5,0.5,0.17266294614235278,SI,[4 1 3 2 5],47.09999999999991,10,4091.6000000000167,0.0,False,4
22,0,1,[3 1 4 2 5],2572.000000000011,0.5,0.5,0.1924509561253589,SI,[4 1 3 2 5],47.09999999999991,10,4091.6000000000167,0.0,False,4
22,0,2,[3 1 4 2 5],2572.000000000011,0.5,0.5,0.5870949659175142,MI,[4 1 3 2 5],47.09999999999991,10,4091.6000000000167,0.0,False,4
22,0,3,[3 1 4 2 5],2572.000000000011,0.5,0.5,0.2470772891194679,SI,[4 1 3 2 5],47.09999999999991,10,4091.6000000000167,0.0,False,4
22,0,4,[3 1 4 2 5],2572.000000000011,0.5,0.5,0.61118550691301,MI,[4 1 3 2 5],47.09999999999991,10,4091.6000000000167,0.0,False,4
23,0,0,[3 1 4 2 5],2572.000000000011,0.5,0.5,0.26988117406500267,SI,[3 1 4 5 2],65.59999999999997,10,2767.400000000016,0.0,False,4
23,0,1,[3 1 4 2 5],2572.000000000011,0.5,0.5,0.13260683067768542,SI,[4 1 3 2 5],47.09999999999991,10,4091.6000000000167,0.0,False,4
23,0,2,[3 1 4 2 5],2572.000000000011,0.5,0.5,0.954755885068445,MI,[4 1 3 2 5],47.09999999999991,10,4091.6000000000167,0.0,False,4
23,0,3,[3 1 4 2 5],2572.000000000011,0.5,0.5,0.33929729091976135,SI,[4 1 3 2 5],47.09999999999991,10,4091.6000000000167,0.0,False,4
23,0,4,[3 1 4 2 5],2572.000000000011,0.5,0.5,0.47998624277357216,SI,[1 3 4 2 5],112.69999999999999,10,3566.5000000000255,0.0,False,4
24,0,0,[3 1 4 2 5],2572.000000000011,0.5,0.5,0.36462110062980635,SI,[3 4 1 2 5],48.60000000000002,10,3351.000000000022,0.0,False,4
24,0,1,[3 1 4 2 5],2572.000000000011,0.5,0.5,0.7505488489691687,MI,[4 1 3 2 5],47.09999999999991,10,4091.6000000000167,0.0,False,4
24,0,2,[3 1 4 2 5],2572.000000000011,0.5,0.5,0.9037601679986038,MI,[4 1 3 2 5],47.09999999999991,10,4091.6000000000167,0.0,False,4
24,0,3,[3 1 4 2 5],2572.000000000011,0.5,0.5,0.1878403961032108,SI,[3 1 4 5 2],65.59999999999997,10,2767.400000000016,0.0,False,4
24,0,4,[3 1 4 2 5],2572.000000000011,0.5,0.5,0.274476865989858,SI,[4 1 3 2 5],47.09999999999991,10,4091.6000000000167,0.0,False,4
25,0,0,[3 1 4 2 5],2572.000000000011,0.5,0.5,0.08313238611299734,SI,[3 1 4 5 2],65.59999999999997,10,2767.400000000016,0.0,False,4
25,0,1,[3 1 4 2 5],2572.000000000011,0.5,0.5,0.5833570603130909,MI,[4 1 3 2 5],47.09999999999991,10,4091.6000000000167,0.0,False,4
25,0,2,[3 1 4 2 5],2572.000000000011,0.5,0.5,0.3468338879878403,SI,[4 1 3 2 5],47.09999999999991,10,4091.6000000000167,0.0,False,4
25,0,3,[3 1 4 2 5],2572.000000000011,0.5,0.5,0.15329082484509038,SI,[3 1 4 5 2],65.59999999999997,10,2767.400000000016,0.0,False,4
25,0,4,[3 1 4 2 5],2572.000000000011,0.5,0.5,0.33665163594236946,SI,[3 1 4 5 2],65.59999999999997,10,2767.400000000016,0.0,False,4
26,0,0,[3 1 4 2 5],2572.000000000011,0.5,0.5,0.8446637501777025,MI,[4 1 3 2 5],47.09999999999991,10,4091.6000000000167,0.0,False,4
26,0,1,[3 1 4 2 5],2572.000000000011,0.5,0.5,0.854700700238181,MI,[5 2 4 1 3],115.9,10,4486.500000000022,0.0,False,4
26,0,2,[3 1 4 2 5],2572.000000000011,0.5,0.5,0.8575131681190492,MI,[4 1 3 2 5],47.09999999999991,10,4091.6000000000167,0.0,False,4
26,0,3,[3 1 4 2 5],2572.000000000011,0.5,0.5,0.0031364043972493816,SI,[3 4 1 2 5],48.60000000000002,10,3351.000000000022,0.0,False,4
26,0,4,[3 1 4 2 5],2572.000000000011,0.5,0.5,0.863923257976429,MI,[4 1 3 2 5],47.09999999999991,10,4091.6000000000167,0.0,False,4
27,0,0,[3 1 4 2 5],2572.000000000011,0.5,0.5,0.4710286561999012,SI,[1 3 4 2 5],112.69999999999999,10,3566.5000000000255,0.0,False,4
27,0,1,[3 1 4 2 5],2572.000000000011,0.5,0.5,0.39520418205536667,SI,[4 1 3 2 5],47.09999999999991,10,4091.6000000000167,0.0,False,4
27,0,2,[3 1 4 2 5],2572.000000000011,0.5,0.5,0.3883503366872675,SI,[4 1 3 2 5],47.09999999999991,10,4091.6000000000167,0.0,False,4
27,0,3,[3 1 4 2 5],2572.000000000011,0.5,0.5,0.24403410836384676,SI,[4 1 3 2 5],47.09999999999991,10,4091.6000000000167,0.0,False,4
27,0,4,[3 1 4 2 5],2572.000000000011,0.5,0.5,0.9709004123163731,MI,[4 1 3 2 5],47.09999999999991,10,4091.6000000000167,0.0,False,4
28,0,0,[3 1 4 2 5],2572.000000000011,0.5,0.5,0.5691980940065231,MI,[4 1 3 2 5],47.09999999999991,10,4091.6000000000167,0.0,False,4
28,0,1,[3 1 4 2 5],2572.000000000011,0.5,0.5,0.3168276201545971,SI,[4 1 3 2 5],47.09999999999991,10,4091.6000000000167,0.0,False,4
28,0,2,[3 1 4 2 5],2572.000000000011,0.5,0.5,0.3580538114972023,SI,[3 4 1 2 5],48.60000000000002,10,3351.000000000022,0.0,False,4
28,0,3,[3 1 4 2 5],2572.000000000011,0.5,0.5,0.24149424718594092,SI,[4 1 3 2 5],47.09999999999991,10,4091.6000000000167,0.0,False,4
28,0,4,[3 1 4 2 5],2572.000000000011,0.5,0.5,0.5508079766103605,MI,[4 1 3 2 5],47.09999999999991,10,4091.6000000000167,0.0,False,4
29,0,0,[3 1 4 2 5],2572.000000000011,0.5,0.5,0.9495537661609474,MI,[4 1 3 2 5],47.09999999999991,10,4091.6000000000167,0.0,False,4
29,0,1,[3 1 4 2 5],2572.000000000011,0.5,0.5,0.33080772558380633,SI,[3 1 4 5 2],65.59999999999997,10,2767.400000000016,0.0,False,4
29,0,2,[3 1 4 2 5],2572.000000000011,0.5,0.5,0.25874380439454636,SI,[4 1 3 2 5],47.09999999999991,10,4091.6000000000167,0.0,False,4
29,0,3,[3 1 4 2 5],2572.000000000011,0.5,0.5,0.0910043010383701,SI,[4 1 3 2 5],47.09999999999991,10,4091.6000000000167,0.0,False,4
29,0,4,[3 1 4 2 5],2572.000000000011,0.5,0.5,0.19804172294062172,SI,[4 1 3 2 5],47.09999999999991,10,4091.6000000000167,0.0,False,4
30,0,0,[3 1 4 2 5],2572.000000000011,0.5,0.5,0.45033047009196125,SI,[3 4 1 2 5],48.60000000000002,10,3351.000000000022,0.0,False,4
30,0,1,[3 1 4 2 5],2572.000000000011,0.5,0.5,0.7049452490554579,MI,[4 1 3 2 5],47.09999999999991,10,4091.6000000000167,0.0,False,4
30,0,2,[3 1 4 2 5],2572.000000000011,0.5,0.5,0.4931654626108497,SI,[4 1 3 2 5],47.09999999999991,10,4091.6000000000167,0.0,False,4
30,0,3,[3 1 4 2 5],2572.000000000011,0.5,0.5,0.8923121245223901,MI,[4 1 3 2 5],47.09999999999991,10,4091.6000000000167,0.0,False,4
30,0,4,[3 1 4 2 5],2572.000000000011,0.5,0.5,0.3236813059605035,SI,[3 4 1 2 5],48.60000000000002,10,3351.000000000022,0.0,False,4
31,0,0,[3 1 4 2 5],2572.000000000011,0.5,0.5,0.08901494968900114,SI,[4 1 3 2 5],47.09999999999991,10,4091.6000000000167,0.0,False,4
31,0,1,[3 1 4 2 5],2572.000000000011,0.5,0.5,0.4434863312891735,SI,[5 2 4 1 3],115.9,10,4486.500000000022,0.0,False,4
31,0,2,[3 1 4 2 5],2572.000000000011,0.5,0.5,0.5347926813945209,MI,[4 1 3 2 5],47.09999999999991,10,4091.6000000000167,0.0,False,4
31,0,3,[3 1 4 2 5],2572.000000000011,0.5,0.5,0.3224736835849359,SI,[3 4 1 2 5],48.60000000000002,10,3351.000000000022,0.0,False,4
31,0,4,[3 1 4 2 5],2572.000000000011,0.5,0.5,0.3021849133427532,SI,[4 1 3 2 5],47.09999999999991,10,4091.6000000000167,0.0,False,4
32,0,0,[3 1 4 2 5],2572.000000000011,0.5,0.5,0.15838216392557947,SI,[3 4 1 2 5],48.60000000000002,10,3351.000000000022,0.0,False,4
32,0,1,[3 1 4 2 5],2572.000000000011,0.5,0.5,0.35265173825214413,SI,[4 1 3 2 5],47.09999999999991,10,4091.6000000000167,0.0,False,4
32,0,2,[3 1 4 2 5],2572.000000000011,0.5,0.5,0.531821198009391,MI,[4 1 3 2 5],47.09999999999991,10,4091.6000000000167,0.0,False,4
32,0,3,[3 1 4 2 5],2572.000000000011,0.5,0.5,0.896590172408463,MI,[4 1 3 2 5],47.09999999999991,10,4091.6000000000167,0.0,False,4
32,0,4,[3 1 4 2 5],2572.000000000011,0.5,0.5,0.4082043711094365,SI,[3 4 1 2 5],48.60000000000002,10,3351.000000000022,0.0,False,4
33,0,0,[3 1 4 2 5],2572.000000000011,0.5,0.5,0.6067722551868777,MI,[4 1 3 2 5],47.09999999999991,10,4091.6000000000167,0.0,False,4
33,0,1,[3 1 4 2 5],2572.000000000011,0.5,0.5,0.19291073017261262,SI,[3 4 1 2 5],48.60000000000002,10,3351.000000000022,0.0,False,4
33,0,2,[3 1 4 2 5],2572.000000000011,0.5,0.5,0.15012807459915556,SI,[4 1 3 2 5],47.09999999999991,10,4091.6000000000167,0.0,False,4
33,0,3,[3 1 4 2 5],2572.000000000011,0.5,0.5,0.461093096122966,SI,[4 1 3 2 5],47.09999999999991,10,4091.6000000000167,0.0,False,4
33,0,4,[3 1 4 2 5],2572.000000000011,0.5,0.5,0.6461815099229994,MI,[4 1 3 2 5],47.09999999999991,10,4091.6000000000167,0.0,False,4
34,0,0,[3 1 4 2 5],2572.000000000011,0.5,0.5,0.06271403453073798,SI,[4 1 3 2 5],47.09999999999991,10,4091.6000000000167,0.0,False,4
34,0,1,[3 1 4 2 5],2572.000000000011,0.5,0.5,0.4977515447109294,SI,[3 1 4 5 2],65.59999999999997,10,2767.400000000016,0.0,False,4
34,0,2,[3 1 4 2 5],2572.000000000011,0.5,0.5,0.9871359962827936,MI,[4 1 3 2 5],47.09999999999991,10,4091.6000000000167,0.0,False,4
34,0,3,[3 1 4 2 5],2572.000000000011,0.5,0.5,0.022154504760745874,SI,[3 4 1 2 5],48.60000000000002,10,3351.000000000022,0.0,False,4
34,0,4,[3 1 4 2 5],2572.000000000011,0.5,0.5,0.5242371577516519,MI,[4 1 3 2 5],47.09999999999991,10,4091.6000000000167,0.0,False,4
35,0,0,[3 1 4 2 5],2572.000000000011,0.5,0.5,0.6283425205597819,MI,[4 1 3 2 5],47.09999999999991,10,4091.6000000000167,0.0,False,4
35,0,1,[3 1 4 2 5],2572.000000000011,0.5,0.5,0.4559848308934802,SI,[5 2 4 1 3],115.9,10,4486.500000000022,0.0,False,4
35,0,2,[3 1 4 2 5],2572.000000000011,0.5,0.5,0.5968500372017035,MI,[4 1 3 2 5],47.09999999999991,10,4091.6000000000167,0.0,False,4
35,0,3,[3 1 4 2 5],2572.000000000011,0.5,0.5,0.43968571399063405,SI,[4 1 3 2 5],47.09999999999991,10,4091.6000000000167,0.0,False,4
35,0,4,[3 1 4 2 5],2572.000000000011,0.5,0.5,0.12793328270493454,SI,[3 4 1 2 5],48.60000000000002,10,3351.000000000022,0.0,False,4
36,0,0,[3 1 4 2 5],2572.000000000011,0.5,0.5,0.7387032629911102,MI,[4 1 3 2 5],47.09999999999991,10,4091.6000000000167,0.0,False,4
36,0,1,[3 1 4 2 5],2572.000000000011,0.5,0.5,0.5302967359053405,MI,[4 1 3 2 5],47.09999999999991,10,4091.6000000000167,0.0,False,4
36,0,2,[3 1 4 2 5],2572.000000000011,0.5,0.5,0.2067467582892044,SI,[3 4 1 2 5],48.60000000000002,10,3351.000000000022,0.0,False,4
36,0,3,[3 1 4 2 5],2572.000000000011,0.5,0.5,0.20201656037529914,SI,[4 1 3 2 5],47.09999999999991,10,4091.6000000000167,0.0,False,4
36,0,4,[3 1 4 2 5],2572.000000000011,0.5,0.5,0.5169306672879128,MI,[4 1 3 2 5],47.09999999999991,10,4091.6000000000167,0.0,False,4
37,0,0,[3 1 4 2 5],2572.000000000011,0.5,0.5,0.0041984133793434575,SI,[3 4 1 2 5],48.60000000000002,10,3351.000000000022,0.0,False,4
37,0,1,[3 1 4 2 5],2572.000000000011,0.5,0.5,0.720463188303005,MI,[4 1 3 2 5],47.09999999999991,10,4091.6000000000167,0.0,False,4
37,0,2,[3 1 4 2 5],2572.000000000011,0.5,0.5,0.6905589389356266,MI,[4 1 3 2 5],47.09999999999991,10,4091.6000000000167,0.0,False,4
37,0,3,[3 1 4 2 5],2572.000000000011,0.5,0.5,0.3726659636624384,SI,[1 3 4 2 5],112.69999999999999,10,3566.5000000000255,0.0,False,4
37,0,4,[3 1 4 2 5],2572.000000000011,0.5,0.5,0.578038161218306,MI,[4 1 3 2 5],47.09999999999991,10,4091.6000000000167,0.0,False,4
38,0,0,[3 1 4 2 5],2572.000000000011,0.5,0.5,0.6271182370996441,MI,[4 1 3 2 5],47.09999999999991,10,4091.6000000000167,0.0,False,4
38,0,1,[3 1 4 2 5],2572.000000000011,0.5,0.5,0.16695316514607406,SI,[3 1 4 5 2],65.59999999999997,10,2767.400000000016,0.0,False,4
38,0,2,[3 1 4 2 5],2572.000000000011,0.5,0.5,0.31440676218311525,SI,[4 1 3 2 5],47.09999999999991,10,4091.6000000000167,0.0,False,4
38,0,3,[3 1 4 2 5],2572.000000000011,0.5,0.5,0.6083998730043789,MI,[4 1 3 2 5],47.09999999999991,10,4091.6000000000167,0.0,False,4
38,0,4,[3 1 4 2 5],2572.000000000011,0.5,0.5,0.529547036677299,MI,[4 1 3 2 5],47.09999999999991,10,4091.6000000000167,0.0,False,4
39,0,0,[3 1 4 2 5],2572.000000000011,0.5,0.5,0.4000703409620514,SI,[3 1 4 5 2],65.59999999999997,10,2767.400000000016,0.0,False,4
39,0,1,[3 1 4 2 5],2572.000000000011,0.5,0.5,0.2718589108387156,SI,[1 3 4 2 5],112.69999999999999,10,3566.5000000000255,0.0,False,4
39,0,2,[3 1 4 2 5],2572.000000000011,0.5,0.5,0.32256130852613185,SI,[4 1 3 2 5],47.09999999999991,10,4091.6000000000167,0.0,False,4
39,0,3,[3 1 4 2 5],2572.000000000011,0.5,0.5,0.9132089937264749,MI,[4 1 3 2 5],47.09999999999991,10,4091.6000000000167,0.0,False,4
39,0,4,[3 1 4 2 5],2572.000000000011,0.5,0.5,0.1944524133234533,SI,[4 1 3 2 5],47.09999999999991,10,4091.6000000000167,0.0,False,4
40,0,0,[3 1 4 2 5],2572.000000000011,0.5,0.5,0.5187385937842458,MI,[4 1 3 2 5],47.09999999999991,10,4091.6000000000167,0.0,False,4
40,0,1,[3 1 4 2 5],2572.000000000011,0.5,0.5,0.522838679780819,MI,[5 2 4 1 3],115.9,10,4486.500000000022,0.0,False,4
40,0,2,[3 1 4 2 5],2572.000000000011,0.5,0.5,0.1456886867122723,SI,[4 1 3 2 5],47.09999999999991,10,4091.6000000000167,0.0,False,4
40,0,3,[3 1 4 2 5],2572.000000000011,0.5,0.5,0.1437103292961539,SI,[4 1 3 2 5],47.09999999999991,10,4091.6000000000167,0.0,False,4
40,0,4,[3 1 4 2 5],2572.000000000011,0.5,0.5,0.5956238340213965,MI,[4 1 3 2 5],47.09999999999991,10,4091.6000000000167,0.0,False,4
41,0,0,[3 1 4 2 5],2572.000000000011,0.5,0.5,0.0126883076390083,SI,[3 4 1 2 5],48.60000000000002,10,3351.000000000022,0.0,False,4
41,0,1,[3 1 4 2 5],2572.000000000011,0.5,0.5,0.16437584497883406,SI,[4 1 3 2 5],47.09999999999991,10,4091.6000000000167,0.0,False,4
41,0,2,[3 1 4 2 5],2572.000000000011,0.5,0.5,0.8765141968555308,MI,[4 1 3 2 5],47.09999999999991,10,4091.6000000000167,0.0,False,4
41,0,3,[3 1 4 2 5],2572.000000000011,0.5,0.5,0.32585980011102134,SI,[3 4 1 2 5],48.60000000000002,10,3351.000000000022,0.0,False,4
41,0,4,[3 1 4 2 5],2572.000000000011,0.5,0.5,0.8563041607799489,MI,[4 1 3 2 5],47.09999999999991,10,4091.6000000000167,0.0,False,4
42,0,0,[3 1 4 2 5],2572.000000000011,0.5,0.5,0.1974896914931734,SI,[4 1 3 2 5],47.09999999999991,10,4091.6000000000167,0.0,False,4
42,0,1,[3 1 4 2 5],2572.000000000011,0.5,0.5,0.43947729283555403,SI,[4 1 3 2 5],47.09999999999991,10,4091.6000000000167,0.0,False,4
42,0,2,[3 1 4 2 5],2572.000000000011,0.5,0.5,0.4522815989360214,SI,[4 1 3 2 5],47.09999999999991,10,4091.6000000000167,0.0,False,4
42,0,3,[3 1 4 2 5],2572.000000000011,0.5,0.5,0.758008638262004,MI,[4 1 3 2 5],47.09999999999991,10,4091.6000000000167,0.0,False,4
42,0,4,[3 1 4 2 5],2572.000000000011,0.5,0.5,0.37406818755605387,SI,[4 1 3 2 5],47.09999999999991,10,4091.6000000000167,0.0,False,4
43,0,0,[3 1 4 2 5],2572.000000000011,0.5,0.5,0.7972493232322646,MI,[4 1 3 2 5],47.09999999999991,10,4091.6000000000167,0.0,False,4
43,0,1,[3 1 4 2 5],2572.000000000011,0.5,0.5,0.502155615904998,MI,[4 1 3 2 5],47.09999999999991,10,4091.6000000000167,0.0,False,4
43,0,2,[3 1 4 2 5],2572.000000000011,0.5,0.5,0.3349168469431535,SI,[4 1 3 2 5],47.09999999999991,10,4091.6000000000167,0.0,False,4
43,0,3,[3 1 4 2 5],2572.000000000011,0.5,0.5,0.667673959874152,MI,[4 1 3 2 5],47.09999999999991,10,4091.6000000000167,0.0,False,4
43,0,4,[3 1 4 2 5],2572.000000000011,0.5,0.5,0.2959275309987446,SI,[4 1 3 2 5],47.09999999999991,10,4091.6000000000167,0.0,False,4
44,0,0,[3 1 4 2 5],2572.000000000011,0.5,0.5,0.3665314903261143,SI,[3 4 1 2 5],48.60000000000002,10,3351.000000000022,0.0,False,4
44,0,1,[3 1 4 2 5],2572.000000000011,0.5,0.5,0.034441380799325017,SI,[3 4 1 2 5],48.60000000000002,10,3351.000000000022,0.0,False,4
44,0,2,[3 1 4 2 5],2572.000000000011,0.5,0.5,0.31090769319304556,SI,[4 1 3 2 5],47.09999999999991,10,4091.6000000000167,0.0,False,4
44,0,3,[3 1 4 2 5],2572.000000000011,0.5,0.5,0.026380224678289488,SI,[4 1 3 2 5],47.09999999999991,10,4091.6000000000167,0.0,False,4
44,0,4,[3 1 4 2 5],2572.000000000011,0.5,0.5,0.2283709251539049,SI,[3 4 1 2 5],48.60000000000002,10,3351.000000000022,0.0,False,4
45,0,0,[3 1 4 2 5],2572.000000000011,0.5,0.5,0.21659826257524473,SI,[3 1 4 5 2],65.59999999999997,10,2767.400000000016,0.0,False,4
45,0,1,[3 1 4 2 5],2572.000000000011,0.5,0.5,0.6339790354410448,MI,[4 1 3 2 5],47.09999999999991,10,4091.6000000000167,0.0,False,4
45,0,2,[3 1 4 2 5],2572.000000000011,0.5,0.5,0.1807071084082058,SI,[3 4 1 2 5],48.60000000000002,10,3351.000000000022,0.0,False,4
45,0,3,[3 1 4 2 5],2572.000000000011,0.5,0.5,0.17749679245422734,SI,[1 3 4 2 5],112.69999999999999,10,3566.5000000000255,0.0,False,4
45,0,4,[3 1 4 2 5],2572.000000000011,0.5,0.5,0.3904148501298149,SI,[3 4 1 2 5],48.60000000000002,10,3351.000000000022,0.0,False,4
46,0,0,[3 1 4 2 5],2572.000000000011,0.5,0.5,0.8444599314695123,MI,[4 1 3 2 5],47.09999999999991,10,4091.6000000000167,0.0,False,4
46,0,1,[3 1 4 2 5],2572.000000000011,0.5,0.5,0.2800827053704297,SI,[3 1 4 5 2],65.59999999999997,10,2767.400000000016,0.0,False,4
46,0,2,[3 1 4 2 5],2572.000000000011,0.5,0.5,0.10701807223910098,SI,[4 1 3 2 5],47.09999999999991,10,4091.6000000000167,0.0,False,4
46,0,3,[3 1 4 2 5],2572.000000000011,0.5,0.5,0.48524064981699944,SI,[4 1 3 2 5],47.09999999999991,10,4091.6000000000167,0.0,False,4
46,0,4,[3 1 4 2 5],2572.000000000011,0.5,0.5,0.08040760742605091,SI,[3 4 1 2 5],48.60000000000002,10,3351.000000000022,0.0,False,4
47,0,0,[3 1 4 2 5],2572.000000000011,0.5,0.5,0.08862097196144347,SI,[4 1 3 2 5],47.09999999999991,10,4091.6000000000167,0.0,False,4
47,0,1,[3 1 4 2 5],2572.000000000011,0.5,0.5,0.519100157916307,MI,[5 2 4 1 3],115.9,10,4486.500000000022,0.0,False,4
47,0,2,[3 1 4 2 5],2572.000000000011,0.5,0.5,0.49408471305233137,SI,[3 1 4 5 2],65.59999999999997,10,2767.400000000016,0.0,False,4
47,0,3,[3 1 4 2 5],2572.000000000011,0.5,0.5,0.8333974607262253,MI,[4 1 3 2 5],47.09999999999991,10,4091.6000000000167,0.0,False,4
47,0,4,[3 1 4 2 5],2572.000000000011,0.5,0.5,0.8648736865752217,MI,[4 1 3 2 5],47.09999999999991,10,4091.6000000000167,0.0,False,4
48,0,0,[3 1 4 2 5],2572.000000000011,0.5,0.5,0.09552710921028851,SI,[4 1 3 2 5],47.09999999999991,10,4091.6000000000167,0.0,False,4
48,0,1,[3 1 4 2 5],2572.000000000011,0.5,0.5,0.6678050711191322,MI,[4 1 3 2 5],47.09999999999991,10,4091.6000000000167,0.0,False,4
48,0,2,[3 1 4 2 5],2572.000000000011,0.5,0.5,0.65110117545151,MI,[5 2 4 1 3],115.9,10,4486.500000000022,0.0,False,4
48,0,3,[3 1 4 2 5],2572.000000000011,0.5,0.5,0.24951580321973144,SI,[4 1 3 2 5],47.09999999999991,10,4091.6000000000167,0.0,False,4
48,0,4,[3 1 4 2 5],2572.000000000011,0.5,0.5,0.16692988679200738,SI,[1 3 4 2 5],112.69999999999999,10,3566.5000000000255,0.0,False,4
49,0,0,[3 1 4 2 5],2572.000000000011,0.5,0.5,0.9591675238376558,MI,[4 1 3 2 5],47.09999999999991,10,4091.6000000000167,0.0,False,4
49,0,1,[3 1 4 2 5],2572.000000000011,0.5,0.5,0.7826042586806684,MI,[4 1 3 2 5],47.09999999999991,10,4091.6000000000167,0.0,False,4
49,0,2,[3 1 4 2 5],2572.000000000011,0.5,0.5,0.09842734375503481,SI,[4 1 3 2 5],47.09999999999991,10,4091.6000000000167,0.0,False,4
49,0,3,[3 1 4 2 5],2572.000000000011,0.5,0.5,0.8339622859666055,MI,[4 1 3 2 5],47.09999999999991,10,4091.6000000000167,0.0,False,4
49,0,4,[3 1 4 2 5],2572.000000000011,0.5,0.5,0.08494574815607947,SI,[4 1 3 2 5],47.09999999999991,10,4091.6000000000167,0.0,False,4
50,0,0,[3 1 4 2 5],2572.000000000011,0.5,0.5,0.9746009350038817,MI,[4 1 3 2 5],47.09999999999991,10,4091.6000000000167,0.0,False,4
50,0,1,[3 1 4 2 5],2572.000000000011,0.5,0.5,0.7664094350057026,MI,[4 1 3 2 5],47.09999999999991,10,4091.6000000000167,0.0,False,4
50,0,2,[3 1 4 2 5],2572.000000000011,0.5,0.5,0.04832676424899096,SI,[4 1 3 2 5],47.09999999999991,10,4091.6000000000167,0.0,False,4
50,0,3,[3 1 4 2 5],2572.000000000011,0.5,0.5,0.2860602135869085,SI,[4 1 3 2 5],47.09999999999991,10,4091.6000000000167,0.0,False,4
50,0,4,[3 1 4 2 5],2572.000000000011,0.5,0.5,0.6999395112973046,MI,[4 1 3 2 5],47.09999999999991,10,4091.6000000000167,0.0,False,4
0,3,0,[3 1 2 5 4],1541.500000000011,0.5,0.5,0.4842767708505099,SI,[3 1 2 4 5],-5.800000000000068,10,1423.5,0.07654881608823229,True,5
0,3,1,[3 1 2 4 5],1423.5,0.5,0.5,0.12857706443885142,SI,[3 2 1 4 5],9.099999999999994,10,1414.8000000000065,0.006111696522650827,True,5
0,3,2,[3 2 1 4 5],1414.8000000000065,0.5,0.5,0.011896361775715292,SI,[2 3 1 4 5],0.4000000000000057,10,1394.0000000000218,0.014701724625377879,True,5
0,3,3,[2 3 1 4 5],1394.0000000000218,0.5,0.5,0.055614614391423234,SI,[5 4 1 3 2],9.099999999999994,10,2743.099999999955,0.0,False,5
0,3,4,[2 3 1 4 5],1394.0000000000218,0.5,0.5,0.537824538062238,MI,[5 4 1 3 2],9.099999999999994,10,2743.099999999955,0.0,False,5
1,0,0,[2 3 1 4 5],1394.0000000000218,0.5016174546538136,0.4983825453461864,0.05242898389676742,SI,[3 2 1 4 5],-0.4000000000000057,10,1414.8000000000065,0.0,False,5
1,0,1,[2 3 1 4 5],1394.0000000000218,0.5016174546538136,0.4983825453461864,0.8331558919255255,MI,[5 4 1 3 2],9.099999999999994,10,2743.099999999955,0.0,False,5
1,0,2,[2 3 1 4 5],1394.0000000000218,0.5016174546538136,0.4983825453461864,0.23916498078995985,SI,[2 1 3 4 5],-27.599999999999994,10,1342.799999999981,0.03672883787664272,True,5
1,0,3,[2 1 3 4 5],1342.799999999981,0.5016174546538136,0.4983825453461864,0.4069362107332758,SI,[2 3 1 4 5],27.599999999999994,10,1394.0000000000218,0.0,False,5
1,0,4,[2 1 3 4 5],1342.799999999981,0.5016174546538136,0.4983825453461864,0.5763600620619032,MI,[5 4 3 1 2],9.099999999999994,10,2656.499999999949,0.0,False,5
2,0,0,[2 1 3 4 5],1342.799999999981,0.5034412572098306,0.4965587427901694,0.05976704494194207,SI,[5 4 3 1 2],9.099999999999994,10,2656.499999999949,0.0,False,5
2,0,1,[2 1 3 4 5],1342.799999999981,0.5034412572098306,0.4965587427901694,0.5770573564381042,MI,[3 1 2 4 5],11.5,10,1423.5,0.0,False,5
2,0,2,[2 1 3 4 5],1342.799999999981,0.5034412572098306,0.4965587427901694,0.21776411894176417,SI,[5 4 3 1 2],9.099999999999994,10,2656.499999999949,0.0,False,5
2,0,3,[2 1 3 4 5],1342.799999999981,0.5034412572098306,0.4965587427901694,0.6587985789533052,MI,[5 4 3 1 2],9.099999999999994,10,2656.499999999949,0.0,False,5
2,0,4,[2 1 3 4 5],1342.799999999981,0.5034412572098306,0.4965587427901694,0.3974318433113654,SI,[5 4 3 1 2],9.099999999999994,10,2656.499999999949,0.0,False,5
3,0,0,[2 1 3 4 5],1342.799999999981,0.5034412572098306,0.4965587427901694,0.06954973304669754,SI,[2 1 3 5 4],13.300000000000011,10,1465.299999999992,0.0,False,5
3,0,1,[2 1 3 4 5],1342.799999999981,0.5034412572098306,0.4965587427901694,0.13651716972760142,SI,[2 1 3 5 4],13.300000000000011,10,1465.299999999992,0.0,False,5
3,0,2,[2 1 3 4 5],1342.799999999981,0.5034412572098306,0.4965587427901694,0.37817074242395143,SI,[5 4 3 1 2],9.099999999999994,10,2656.499999999949,0.0,False,5
3,0,3,[2 1 3 4 5],1342.799999999981,0.5034412572098306,0.4965587427901694,0.7062535973132275,MI,[3 1 2 4 5],11.5,10,1423.5,0.0,False,5
3,0,4,[2 1 3 4 5],1342.799999999981,0.5034412572098306,0.4965587427901694,0.13342113007930767,SI,[2 3 1 4 5],27.599999999999994,10,1394.0000000000218,0.0,False,5
4,0,0,[2 1 3 4 5],1342.799999999981,0.5034412572098306,0.4965587427901694,0.871846236730671,MI,[5 4 3 1 2],9.099999999999994,10,2656.499999999949,0.0,False,5
4,0,1,[2 1 3 4 5],1342.799999999981,0.5034412572098306,0.4965587427901694,0.7067438732830424,MI,[5 4 3 1 2],9.099999999999994,10,2656.499999999949,0.0,False,5
4,0,2,[2 1 3 4 5],1342.799999999981,0.5034412572098306,0.4965587427901694,0.5903344153173624,MI,[5 4 3 1 2],9.099999999999994,10,2656.499999999949,0.0,False,5
4,0,3,[2 1 3 4 5],1342.799999999981,0.5034412572098306,0.4965587427901694,0.9982586832227128,MI,[3 1 2 4 5],11.5,10,1423.5,0.0,False,5
4,0,4,[2 1 3 4 5],1342.799999999981,0.5034412572098306,0.4965587427901694,0.9258495221645269,MI,[3 1 2 4 5],11.5,10,1423.5,0.0,False,5
5,0,0,[2 1 3 4 5],1342.799999999981,0.5034412572098306,0.4965587427901694,0.9109332595361528,MI,[5 4 3 1 2],9.099999999999994,10,2656.499999999949,0.0,False,5
5,0,1,[2 1 3 4 5],1342.799999999981,0.5034412572098306,0.4965587427901694,0.8177948882967081,MI,[5 4 3 1 2],9.099999999999994,10,2656.499999999949,0.0,False,5
5,0,2,[2 1 3 4 5],1342.799999999981,0.5034412572098306,0.4965587427901694,0.40852480292597615,SI,[5 4 3 1 2],9.099999999999994,10,2656.499999999949,0.0,False,5
5,0,3,[2 1 3 4 5],1342.799999999981,0.5034412572098306,0.4965587427901694,0.7242085088584647,MI,[5 4 3 1 2],9.099999999999994,10,2656.499999999949,0.0,False,5
5,0,4,[2 1 3 4 5],1342.799999999981,0.5034412572098306,0.4965587427901694,0.6134595747628147,MI,[5 4 3 1 2],9.099999999999994,10,2656.499999999949,0.0,False,5
6,0,0,[2 1 3 4 5],1342.799999999981,0.5034412572098306,0.4965587427901694,0.8552185891431866,MI,[5 4 3 1 2],9.099999999999994,10,2656.499999999949,0.0,False,5
6,0,1,[2 1 3 4 5],1342.799999999981,0.5034412572098306,0.4965587427901694,0.6351323791467206,MI,[5 4 3 1 2],9.099999999999994,10,2656.499999999949,0.0,False,5
6,0,2,[2 1 3 4 5],1342.799999999981,0.5034412572098306,0.4965587427901694,0.6066409457014089,MI,[5 4 3 1 2],9.099999999999994,10,2656.499999999949,0.0,False,5
6,0,3,[2 1 3 4 5],1342.799999999981,0.5034412572098306,0.4965587427901694,0.3672011814697359,SI,[5 4 3 1 2],9.099999999999994,10,2656.499999999949,0.0,False,5
6,0,4,[2 1 3 4 5],1342.799999999981,0.5034412572098306,0.4965587427901694,0.060606989912045606,SI,[3 1 2 4 5],11.5,10,1423.5,0.0,False,5
7,0,0,[2 1 3 4 5],1342.799999999981,0.5034412572098306,0.4965587427901694,0.041251996176547734,SI,[5 4 3 1 2],9.099999999999994,10,2656.499999999949,0.0,False,5
7,0,1,[2 1 3 4 5],1342.799999999981,0.5034412572098306,0.4965587427901694,0.5868596833736567,MI,[5 4 3 1 2],9.099999999999994,10,2656.499999999949,0.0,False,5
7,0,2,[2 1 3 4 5],1342.799999999981,0.5034412572098306,0.4965587427901694,0.17134100342118008,SI,[5 4 3 1 2],9.099999999999994,10,2656.499999999949,0.0,False,5
7,0,3,[2 1 3 4 5],1342.799999999981,0.5034412572098306,0.4965587427901694,0.7858983590182788,MI,[3 1 2 4 5],11.5,10,1423.5,0.0,False,5
7,0,4,[2 1 3 4 5],1342.799999999981,0.5034412572098306,0.4965587427901694,0.680944136177049,MI,[5 4 3 1 2],9.099999999999994,10,2656.499999999949,0.0,False,5
8,0,0,[2 1 3 4 5],1342.799999999981,0.5034412572098306,0.4965587427901694,0.6919521989178455,MI,[5 4 3 1 2],9.099999999999994,10,2656.499999999949,0.0,False,5
8,0,1,[2 1 3 4 5],1342.799999999981,0.5034412572098306,0.4965587427901694,0.15159848999324932,SI,[5 4 3 1 2],9.099999999999994,10,2656.499999999949,0.0,False,5
8,0,2,[2 1 3 4 5],1342.799999999981,0.5034412572098306,0.4965587427901694,0.7487437947254411,MI,[2 1 5 4 3],96.29999999999998,10,2015.8999999999796,0.0,False,5
8,0,3,[2 1 3 4 5],1342.799999999981,0.5034412572098306,0.4965587427901694,0.9981249334859773,MI,[5 4 3 1 2],9.099999999999994,10,2656.499999999949,0.0,False,5
8,0,4,[2 1 3 4 5],1342.799999999981,0.5034412572098306,0.4965587427901694,0.4033493718333221,SI,[5 4 3 1 2],9.099999999999994,10,2656.499999999949,0.0,False,5
9,0,0,[2 1 3 4 5],1342.799999999981,0.5034412572098306,0.4965587427901694,0.29283290194201606,SI,[3 1 2 4 5],11.5,10,1423.5,0.0,False,5
9,0,1,[2 1 3 4 5],1342.799999999981,0.5034412572098306,0.4965587427901694,0.025020924167707292,SI,[5 4 3 1 2],9.099999999999994,10,2656.499999999949,0.0,False,5
9,0,2,[2 1 3 4 5],1342.799999999981,0.5034412572098306,0.4965587427901694,0.029953556240613133,SI,[5 4 3 1 2],9.099999999999994,10,2656.499999999949,0.0,False,5
9,0,3,[2 1 3 4 5],1342.799999999981,0.5034412572098306,0.4965587427901694,0.6387909988461304,MI,[5 4 3 1 2],9.099999999999994,10,2656.499999999949,0.0,False,5
9,0,4,[2 1 3 4 5],1342.799999999981,0.5034412572098306,0.4965587427901694,0.5030589383116015,SI,[3 1 2 4 5],11.5,10,1423.5,0.0,False,5
10,0,0,[2 1 3 4 5],1342.799999999981,0.5034412572098306,0.4965587427901694,0.6294203499723966,MI,[5 4 3 1 2],9.099999999999994,10,2656.499999999949,0.0,False,5
10,0,1,[2 1 3 4 5],1342.799999999981,0.5034412572098306,0.4965587427901694,0.14784046717576782,SI,[5 4 3 1 2],9.099999999999994,10,2656.499999999949,0.0,False,5
10,0,2,[2 1 3 4 5],1342.799999999981,0.5034412572098306,0.4965587427901694,0.49473483690554476,SI,[5 4 3 1 2],9.099999999999994,10,2656.499999999949,0.0,False,5
10,0,3,[2 1 3 4 5],1342.799999999981,0.5034412572098306,0.4965587427901694,0.852442303883357,MI,[3 1 2 4 5],11.5,10,1423.5,0.0,False,5
10,0,4,[2 1 3 4 5],1342.799999999981,0.5034412572098306,0.4965587427901694,0.427711577178169,SI,[5 4 3 1 2],9.099999999999994,10,2656.499999999949,0.0,False,5
11,0,0,[2 1 3 4 5],1342.799999999981,0.5034412572098306,0.4965587427901694,0.3037553578662746,SI,[5 4 3 1 2],9.099999999999994,10,2656.499999999949,0.0,False,5
11,0,1,[2 1 3 4 5],1342.799999999981,0.5034412572098306,0.4965587427901694,0.5795733017835318,MI,[5 4 3 1 2],9.099999999999994,10,2656.499999999949,0.0,False,5
11,0,2,[2 1 3 4 5],1342.799999999981,0.5034412572098306,0.4965587427901694,0.2841132261643402,SI,[5 4 3 1 2],9.099999999999994,10,2656.499999999949,0.0,False,5
11,0,3,[2 1 3 4 5],1342.799999999981,0.5034412572098306,0.4965587427901694,0.9342480202629034,MI,[5 4 3 1 2],9.099999999999994,10,2656.499999999949,0.0,False,5
11,0,4,[2 1 3 4 5],1342.799999999981,0.5034412572098306,0.4965587427901694,0.9673266284201616,MI,[3 1 2 4 5],11.5,10,1423.5,0.0,False,5
12,0,0,[2 1 3 4 5],1342.799999999981,0.5034412572098306,0.4965587427901694,0.43140449902716227,SI,[2 1 3 5 4],13.300000000000011,10,1465.299999999992,0.0,False,5
12,0,1,[2 1 3 4 5],1342.799999999981,0.5034412572098306,0.4965587427901694,0.8545937993839261,MI,[2 1 5 4 3],96.29999999999998,10,2015.8999999999796,0.0,False,5
12,0,2,[2 1 3 4 5],1342.799999999981,0.5034412572098306,0.4965587427901694,0.1705080439883473,SI,[5 4 3 1 2],9.099999999999994,10,2656.499999999949,0.0,False,5
12,0,3,[2 1 3 4 5],1342.799999999981,0.5034412572098306,0.4965587427901694,0.4847711807050956,SI,[3 1 2 4 5],11.5,10,1423.5,0.0,False,5
12,0,4,[2 1 3 4 5],1342.799999999981,0.5034412572098306,0.4965587427901694,0.6600414953308588,MI,[5 4 3 1 2],9.099999999999994,10,2656.499999999949,0.0,False,5
13,0,0,[2 1 3 4 5],1342.799999999981,0.5034412572098306,0.4965587427901694,0.7325931007852979,MI,[5 4 3 1 2],9.099999999999994,10,2656.499999999949,0.0,False,5
13,0,1,[2 1 3 4 5],1342.799999999981,0.5034412572098306,0.4965587427901694,0.9961063175542333,MI,[5 4 3 1 2],9.099999999999994,10,2656.499999999949,0.0,False,5
13,0,2,[2 1 3 4 5],1342.799999999981,0.5034412572098306,0.4965587427901694,0.7397605243833445,MI,[5 4 3 1 2],9.099999999999994,10,2656.499999999949,0.0,False,5
13,0,3,[2 1 3 4 5],1342.799999999981,0.5034412572098306,0.4965587427901694,0.11914076499966031,SI,[5 4 3 1 2],9.099999999999994,10,2656.499999999949,0.0,False,5
13,0,4,[2 1 3 4 5],1342.799999999981,0.5034412572098306,0.4965587427901694,0.8423076131098906,MI,[5 4 3 1 2],9.099999999999994,10,2656.499999999949,0.0,False,5
14,0,0,[2 1 3 4 5],1342.799999999981,0.5034412572098306,0.4965587427901694,0.13769783565941118,SI,[5 4 3 1 2],9.099999999999994,10,2656.499999999949,0.0,False,5
14,0,1,[2 1 3 4 5],1342.799999999981,0.5034412572098306,0.4965587427901694,0.12826174812501479,SI,[5 4 3 1 2],9.099999999999994,10,2656.499999999949,0.0,False,5
14,0,2,[2 1 3 4 5],1342.799999999981,0.5034412572098306,0.4965587427901694,0.7704103182308738,MI,[5 4 3 1 2],9.099999999999994,10,2656.499999999949,0.0,False,5
14,0,3,[2 1 3 4 5],1342.799999999981,0.5034412572098306,0.4965587427901694,0.5340116572412527,MI,[5 4 3 1 2],9.099999999999994,10,2656.499999999949,0.0,False,5
14,0,4,[2 1 3 4 5],1342.799999999981,0.5034412572098306,0.4965587427901694,0.5375026158723776,MI,[5 4 3 1 2],9.099999999999994,10,2656.499999999949,0.0,False,5
15,0,0,[2 1 3 4 5],1342.799999999981,0.5034412572098306,0.4965587427901694,0.5215429470908947,MI,[5 4 3 1 2],9.099999999999994,10,2656.499999999949,0.0,False,5
15,0,1,[2 1 3 4 5],1342.799999999981,0.5034412572098306,0.4965587427901694,0.17459917063988928,SI,[5 4 3 1 2],9.099999999999994,10,2656.499999999949,0.0,False,5
15,0,2,[2 1 3 4 5],1342.799999999981,0.5034412572098306,0.4965587427901694,0.5389200152705387,MI,[5 4 3 1 2],9.099999999999994,10,2656.499999999949,0.0,False,5
15,0,3,[2 1 3 4 5],1342.799999999981,0.5034412572098306,0.4965587427901694,0.6649254204090599,MI,[3 1 2 4 5],11.5,10,1423.5,0.0,False,5
15,0,4,[2 1 3 4 5],1342.799999999981,0.5034412572098306,0.4965587427901694,0.22472298890542075,SI,[5 4 3 1 2],9.099999999999994,10,2656.499999999949,0.0,False,5
16,0,0,[2 1 3 4 5],1342.799999999981,0.5034412572098306,0.4965587427901694,0.03601294349656192,SI,[5 4 3 1 2],9.099999999999994,10,2656.499999999949,0.0,False,5
16,0,1,[2 1 3 4 5],1342.799999999981,0.5034412572098306,0.4965587427901694,0.7560439659742366,MI,[5 4 3 1 2],9.099999999999994,10,2656.499999999949,0.0,False,5
16,0,2,[2 1 3 4 5],1342.799999999981,0.5034412572098306,0.4965587427901694,0.48918244883151163,SI,[2 1 5 4 3],96.29999999999998,10,2015.8999999999796,0.0,False,5
16,0,3,[2 1 3 4 5],1342.799999999981,0.5034412572098306,0.4965587427901694,0.17698960579482947,SI,[3 1 2 4 5],11.5,10,1423.5,0.0,False,5
16,0,4,[2 1 3 4 5],1342.799999999981,0.5034412572098306,0.4965587427901694,0.9160354725333101,MI,[3 1 2 4 5],11.5,10,1423.5,0.0,False,5
17,0,0,[2 1 3 4 5],1342.799999999981,0.5034412572098306,0.4965587427901694,0.17059991995641433,SI,[5 4 3 1 2],9.099999999999994,10,2656.499999999949,0.0,False,5
17,0,1,[2 1 3 4 5],1342.799999999981,0.5034412572098306,0.4965587427901694,0.3496668807693669,SI,[5 4 3 1 2],9.099999999999994,10,2656.499999999949,0.0,False,5
17,0,2,[2 1 3 4 5],1342.799999999981,0.5034412572098306,0.4965587427901694,0.71771608338944,MI,[3 1 2 4 5],11.5,10,1423.5,0.0,False,5
17,0,3,[2 1 3 4 5],1342.799999999981,0.5034412572098306,0.4965587427901694,0.27519473622921486,SI,[5 4 3 1 2],9.099999999999994,10,2656.499999999949,0.0,False,5
17,0,4,[2 1 3 4 5],1342.799999999981,0.5034412572098306,0.4965587427901694,0.22949093262624798,SI,[5 4 3 1 2],9.099999999999994,10,2656.499999999949,0.0,False,5
18,0,0,[2 1 3 4 5],1342.799999999981,0.5034412572098306,0.4965587427901694,0.14926261798028917,SI,[3 1 2 4 5],11.5,10,1423.5,0.0,False,5
18,0,1,[2 1 3 4 5],1342.799999999981,0.5034412572098306,0.4965587427901694,0.7015334965949341,MI,[3 1 2 4 5],11.5,10,1423.5,0.0,False,5
18,0,2,[2 1 3 4 5],1342.799999999981,0.5034412572098306,0.4965587427901694,0.9134938569531753,MI,[5 4 3 1 2],9.099999999999994,10,2656.499999999949,0.0,False,5
18,0,3,[2 1 3 4 5],1342.799999999981,0.5034412572098306,0.4965587427901694,0.055614763656838706,SI,[5 4 3 1 2],9.099999999999994,10,2656.499999999949,0.0,False,5
18,0,4,[2 1 3 4 5],1342.799999999981,0.5034412572098306,0.4965587427901694,0.8484064619141055,MI,[5 4 3 1 2],9.099999999999994,10,2656.499999999949,0.0,False,5
19,0,0,[2 1 3 4 5],1342.799999999981,0.5034412572098306,0.4965587427901694,0.7781334514697303,MI,[5 4 3 1 2],9.099999999999994,10,2656.499999999949,0.0,False,5
19,0,1,[2 1 3 4 5],1342.799999999981,0.5034412572098306,0.4965587427901694,0.02281191894746315,SI,[5 4 3 1 2],9.099999999999994,10,2656.499999999949,0.0,False,5
19,0,2,[2 1 3 4 5],1342.799999999981,0.5034412572098306,0.4965587427901694,0.000342273138961402,SI,[5 4 3 1 2],9.099999999999994,10,2656.499999999949,0.0,False,5
19,0,3,[2 1 3 4 5],1342.799999999981,0.5034412572098306,0.4965587427901694,0.9252207369750329,MI,[3 1 2 4 5],11.5,10,1423.5,0.0,False,5
19,0,4,[2 1 3 4 5],1342.799999999981,0.5034412572098306,0.4965587427901694,0.4989533809650668,SI,[5 4 3 1 2],9.099999999999994,10,2656.499999999949,0.0,False,5
20,0,0,[2 1 3 4 5],1342.799999999981,0.5034412572098306,0.4965587427901694,0.6517622239390763,MI,[5 4 3 1 2],9.099999999999994,10,2656.499999999949,0.0,False,5
20,0,1,[2 1 3 4 5],1342.799999999981,0.5034412572098306,0.4965587427901694,0.9298125518684285,MI,[3 1 2 4 5],11.5,10,1423.5,0.0,False,5
20,0,2,[2 1 3 4 5],1342.799999999981,0.5034412572098306,0.4965587427901694,0.06026509812085734,SI,[5 4 3 1 2],9.099999999999994,10,2656.499999999949,0.0,False,5
20,0,3,[2 1 3 4 5],1342.799999999981,0.5034412572098306,0.4965587427901694,0.894358842964378,MI,[3 1 2 4 5],11.5,10,1423.5,0.0,False,5
20,0,4,[2 1 3 4 5],1342.799999999981,0.5034412572098306,0.4965587427901694,0.3937581482735937,SI,[5 4 3 1 2],9.099999999999994,10,2656.499999999949,0.0,False,5
21,0,0,[2 1 3 4 5],1342.799999999981,0.5034412572098306,0.4965587427901694,0.8765017321348549,MI,[5 4 3 1 2],9.099999999999994,10,2656.499999999949,0.0,False,5
21,0,1,[2 1 3 4 5],1342.799999999981,0.5034412572098306,0.4965587427901694,0.42306258244645356,SI,[5 4 3 1 2],9.099999999999994,10,2656.499999999949,0.0,False,5
21,0,2,[2 1 3 4 5],1342.799999999981,0.5034412572098306,0.4965587427901694,0.3015040333749446,SI,[5 4 3 1 2],9.099999999999994,10,2656.499999999949,0.0,False,5
21,0,3,[2 1 3 4 5],1342.799999999981,0.5034412572098306,0.4965587427901694,0.23047892277053972,SI,[5 4 3 1 2],9.099999999999994,10,2656.499999999949,0.0,False,5
21,0,4,[2 1 3 4 5],1342.799999999981,0.5034412572098306,0.4965587427901694,0.43802232052244716,SI,[5 4 3 1 2],9.099999999999994,10,2656.499999999949,0.0,False,5
22,0,0,[2 1 3 4 5],1342.799999999981,0.5034412572098306,0.4965587427901694,0.7310671305577822,MI,[5 4 3 1 2],9.099999999999994,10,2656.499999999949,0.0,False,5
22,0,1,[2 1 3 4 5],1342.799999999981,0.5034412572098306,0.4965587427901694,0.3377882112087347,SI,[5 4 3 1 2],9.099999999999994,10,2656.499999999949,0.0,False,5
22,0,2,[2 1 3 4 5],1342.799999999981,0.5034412572098306,0.4965587427901694,0.29717787120244266,SI,[5 4 3 1 2],9.099999999999994,10,2656.499999999949,0.0,False,5
22,0,3,[2 1 3 4 5],1342.799999999981,0.5034412572098306,0.4965587427901694,0.5613948112222317,MI,[3 1 2 4 5],11.5,10,1423.5,0.0,False,5
22,0,4,[2 1 3 4 5],1342.799999999981,0.5034412572098306,0.4965587427901694,0.3383463875796592,SI,[5 4 3 1 2],9.099999999999994,10,2656.499999999949,0.0,False,5
23,0,0,[2 1 3 4 5],1342.799999999981,0.5034412572098306,0.4965587427901694,0.27202874173596514,SI,[5 4 3 1 2],9.099999999999994,10,2656.499999999949,0.0,False,5
23,0,1,[2 1 3 4 5],1342.799999999981,0.5034412572098306,0.4965587427901694,0.109887431365566,SI,[5 4 3 1 2],9.099999999999994,10,2656.499999999949,0.0,False,5
23,0,2,[2 1 3 4 5],1342.799999999981,0.5034412572098306,0.4965587427901694,0.2511495861155114,SI,[3 1 2 4 5],11.5,10,1423.5,0.0,False,5
23,0,3,[2 1 3 4 5],1342.799999999981,0.5034412572098306,0.4965587427901694,0.03515567483089077,SI,[5 4 3 1 2],9.099999999999994,10,2656.499999999949,0.0,False,5
23,0,4,[2 1 3 4 5],1342.799999999981,0.5034412572098306,0.4965587427901694,0.6203169603951344,MI,[3 1 2 4 5],11.5,10,1423.5,0.0,False,5
24,0,0,[2 1 3 4 5],1342.799999999981,0.5034412572098306,0.4965587427901694,0.873217431042682,MI,[5 4 3 1 2],9.099999999999994,10,2656.499999999949,0.0,False,5
24,0,1,[2 1 3 4 5],1342.799999999981,0.5034412572098306,0.4965587427901694,0.9682402478046667,MI,[5 4 3 1 2],9.099999999999994,10,2656.499999999949,0.0,False,5
24,0,2,[2 1 3 4 5],1342.799999999981,0.5034412572098306,0.4965587427901694,0.2260431430121963,SI,[2 1 3 5 4],13.300000000000011,10,1465.299999999992,0.0,False,5
24,0,3,[2 1 3 4 5],1342.799999999981,0.5034412572098306,0.4965587427901694,0.8828578015194669,MI,[5 4 3 1 2],9.099999999999994,10,2656.499999999949,0.0,False,5
24,0,4,[2 1 3 4 5],1342.799999999981,0.5034412572098306,0.4965587427901694,0.39638422479336954,SI,[2 1 3 5 4],13.300000000000011,10,1465.299999999992,0.0,False,5
25,0,0,[2 1 3 4 5],1342.799999999981,0.5034412572098306,0.4965587427901694,0.3562704248939942,SI,[5 4 3 1 2],9.099999999999994,10,2656.499999999949,0.0,False,5
25,0,1,[2 1 3 4 5],1342.799999999981,0.5034412572098306,0.4965587427901694,0.1413035146039905,SI,[2 3 1 4 5],27.599999999999994,10,1394.0000000000218,0.0,False,5
25,0,2,[2 1 3 4 5],1342.799999999981,0.5034412572098306,0.4965587427901694,0.40363272404896766,SI,[3 1 2 4 5],11.5,10,1423.5,0.0,False,5
25,0,3,[2 1 3 4 5],1342.799999999981,0.5034412572098306,0.4965587427901694,0.16910703767453295,SI,[5 4 3 1 2],9.099999999999994,10,2656.499999999949,0.0,False,5
25,0,4,[2 1 3 4 5],1342.799999999981,0.5034412572098306,0.4965587427901694,0.20362390211584724,SI,[3 1 2 4 5],11.5,10,1423.5,0.0,False,5
26,0,0,[2 1 3 4 5],1342.799999999981,0.5034412572098306,0.4965587427901694,0.025095388501146565,SI,[5 4 3 1 2],9.099999999999994,10,2656.499999999949,0.0,False,5
26,0,1,[2 1 3 4 5],1342.799999999981,0.5034412572098306,0.4965587427901694,0.29817185028429716,SI,[5 4 3 1 2],9.099999999999994,10,2656.499999999949,0.0,False,5
26,0,2,[2 1 3 4 5],1342.799999999981,0.5034412572098306,0.4965587427901694,0.7443816043752625,MI,[5 4 3 1 2],9.099999999999994,10,2656.499999999949,0.0,False,5
26,0,3,[2 1 3 4 5],1342.799999999981,0.5034412572098306,0.4965587427901694,0.1051825179282545,SI,[5 4 3 1 2],9.099999999999994,10,2656.499999999949,0.0,False,5
26,0,4,[2 1 3 4 5],1342.799999999981,0.5034412572098306,0.4965587427901694,0.6538456522933443,MI,[5 4 3 1 2],9.099999999999994,10,2656.499999999949,0.0,False,5
27,0,0,[2 1 3 4 5],1342.799999999981,0.5034412572098306,0.4965587427901694,0.1576135631103689,SI,[5 4 3 1 2],9.099999999999994,10,2656.499999999949,0.0,False,5
27,0,1,[2 1 3 4 5],1342.799999999981,0.5034412572098306,0.4965587427901694,0.4525082952684666,SI,[5 4 3 1 2],9.099999999999994,10,2656.499999999949,0.0,False,5
27,0,2,[2 1 3 4 5],1342.799999999981,0.5034412572098306,0.4965587427901694,0.8213823184648329,MI,[3 1 2 4 5],11.5,10,1423.5,0.0,False,5
27,0,3,[2 1 3 4 5],1342.799999999981,0.5034412572098306,0.4965587427901694,0.6732819541782132,MI,[2 1 5 4 3],96.29999999999998,10,2015.8999999999796,0.0,False,5
27,0,4,[2 1 3 4 5],1342.799999999981,0.5034412572098306,0.4965587427901694,0.7594119178242076,MI,[5 4 3 1 2],9.099999999999994,10,2656.499999999949,0.0,False,5
28,0,0,[2 1 3 4 5],1342.799999999981,0.5034412572098306,0.4965587427901694,0.87622079971907,MI,[3 1 2 4 5],11.5,10,1423.5,0.0,False,5
28,0,1,[2 1 3 4 5],1342.799999999981,0.5034412572098306,0.4965587427901694,0.3596748341572129,SI,[5 4 3 1 2],9.099999999999994,10,2656.499999999949,0.0,False,5
28,0,2,[2 1 3 4 5],1342.799999999981,0.5034412572098306,0.4965587427901694,0.14134988939174897,SI,[2 1 3 5 4],13.300000000000011,10,1465.299999999992,0.0,False,5
28,0,3,[2 1 3 4 5],1342.799999999981,0.5034412572098306,0.4965587427901694,0.8872986327953106,MI,[5 4 3 1 2],9.099999999999994,10,2656.499999999949,0.0,False,5
28,0,4,[2 1 3 4 5],1342.799999999981,0.5034412572098306,0.4965587427901694,0.21243182141598682,SI,[5 4 3 1 2],9.099999999999994,10,2656.499999999949,0.0,False,5
29,0,0,[2 1 3 4 5],1342.799999999981,0.5034412572098306,0.4965587427901694,0.32669243107156554,SI,[5 4 3 1 2],9.099999999999994,10,2656.499999999949,0.0,False,5
29,0,1,[2 1 3 4 5],1342.799999999981,0.5034412572098306,0.4965587427901694,0.8633784258480633,MI,[3 1 2 4 5],11.5,10,1423.5,0.0,False,5
29,0,2,[2 1 3 4 5],1342.799999999981,0.5034412572098306,0.4965587427901694,0.5300251000085697,MI,[3 1 2 4 5],11.5,10,1423.5,0.0,False,5
29,0,3,[2 1 3 4 5],1342.799999999981,0.5034412572098306,0.4965587427901694,0.33938341639005265,SI,[3 1 2 4 5],11.5,10,1423.5,0.0,False,5
29,0,4,[2 1 3 4 5],1342.799999999981,0.5034412572098306,0.4965587427901694,0.5150661541612489,MI,[5 4 3 1 2],9.099999999999994,10,2656.499999999949,0.0,False,5
30,0,0,[2 1 3 4 5],1342.799999999981,0.5034412572098306,0.4965587427901694,0.44422014763286066,SI,[5 4 3 1 2],9.099999999999994,10,2656.499999999949,0.0,False,5
30,0,1,[2 1 3 4 5],1342.799999999981,0.5034412572098306,0.4965587427901694,0.4440035384262152,SI,[3 1 2 4 5],11.5,10,1423.5,0.0,False,5
30,0,2,[2 1 3 4 5],1342.799999999981,0.5034412572098306,0.4965587427901694,0.6068918997973836,MI,[5 4 3 1 2],9.099999999999994,10,2656.499999999949,0.0,False,5
30,0,3,[2 1 3 4 5],1342.799999999981,0.5034412572098306,0.4965587427901694,0.5733792942328266,MI,[5 4 3 1 2],9.099999999999994,10,2656.499999999949,0.0,False,5
30,0,4,[2 1 3 4 5],1342.799999999981,0.5034412572098306,0.4965587427901694,0.000791166333307558,SI,[5 4 3 1 2],9.099999999999994,10,2656.499999999949,0.0,False,5
31,0,0,[2 1 3 4 5],1342.799999999981,0.5034412572098306,0.4965587427901694,0.6508938836553765,MI,[5 4 3 1 2],9.099999999999994,10,2656.499999999949,0.0,False,5
31,0,1,[2 1 3 4 5],1342.799999999981,0.5034412572098306,0.4965587427901694,0.08162352818494223,SI,[5 4 3 1 2],9.099999999999994,10,2656.499999999949,0.0,False,5
31,0,2,[2 1 3 4 5],1342.799999999981,0.5034412572098306,0.4965587427901694,0.6858380713576728,MI,[5 4 3 1 2],9.099999999999994,10,2656.499999999949,0.0,False,5
31,0,3,[2 1 3 4 5],1342.799999999981,0.5034412572098306,0.4965587427901694,0.174302560896887,SI,[5 4 3 1 2],9.099999999999994,10,2656.499999999949,0.0,False,5
31,0,4,[2 1 3 4 5],1342.799999999981,0.5034412572098306,0.4965587427901694,0.8638658680301456,MI,[5 4 3 1 2],9.099999999999994,10,2656.499999999949,0.0,False,5
32,0,0,[2 1 3 4 5],1342.799999999981,0.5034412572098306,0.4965587427901694,0.16868737324906102,SI,[5 4 3 1 2],9.099999999999994,10,2656.499999999949,0.0,False,5
32,0,1,[2 1 3 4 5],1342.799999999981,0.5034412572098306,0.4965587427901694,0.6686278085428488,MI,[5 4 3 1 2],9.099999999999994,10,2656.499999999949,0.0,False,5
32,0,2,[2 1 3 4 5],1342.799999999981,0.5034412572098306,0.4965587427901694,0.8298949056121595,MI,[5 4 3 1 2],9.099999999999994,10,2656.499999999949,0.0,False,5
32,0,3,[2 1 3 4 5],1342.799999999981,0.5034412572098306,0.4965587427901694,0.43099207845632015,SI,[5 4 3 1 2],9.099999999999994,10,2656.499999999949,0.0,False,5
32,0,4,[2 1 3 4 5],1342.799999999981,0.5034412572098306,0.4965587427901694,0.5649366723713719,MI,[5 4 3 1 2],9.099999999999994,10,2656.499999999949,0.0,False,5
33,0,0,[2 1 3 4 5],1342.799999999981,0.5034412572098306,0.4965587427901694,0.2956978745040889,SI,[5 4 3 1 2],9.099999999999994,10,2656.499999999949,0.0,False,5
33,0,1,[2 1 3 4 5],1342.799999999981,0.5034412572098306,0.4965587427901694,0.9938168358500645,MI,[5 4 3 1 2],9.099999999999994,10,2656.499999999949,0.0,False,5
33,0,2,[2 1 3 4 5],1342.799999999981,0.5034412572098306,0.4965587427901694,0.4226736259023066,SI,[5 4 3 1 2],9.099999999999994,10,2656.499999999949,0.0,False,5
33,0,3,[2 1 3 4 5],1342.799999999981,0.5034412572098306,0.4965587427901694,0.910793908404865,MI,[5 4 3 1 2],9.099999999999994,10,2656.499999999949,0.0,False,5
33,0,4,[2 1 3 4 5],1342.799999999981,0.5034412572098306,0.4965587427901694,0.5258156117684827,MI,[5 4 3 1 2],9.099999999999994,10,2656.499999999949,0.0,False,5
34,0,0,[2 1 3 4 5],1342.799999999981,0.5034412572098306,0.4965587427901694,0.2767213235931195,SI,[5 4 3 1 2],9.099999999999994,10,2656.499999999949,0.0,False,5
34,0,1,[2 1 3 4 5],1342.799999999981,0.5034412572098306,0.4965587427901694,0.6864943872737332,MI,[5 4 3 1 2],9.099999999999994,10,2656.499999999949,0.0,False,5
34,0,2,[2 1 3 4 5],1342.799999999981,0.5034412572098306,0.4965587427901694,0.08161874661256086,SI,[3 1 2 4 5],11.5,10,1423.5,0.0,False,5
34,0,3,[2 1 3 4 5],1342.799999999981,0.5034412572098306,0.4965587427901694,0.3551768307237141,SI,[2 3 1 4 5],27.599999999999994,10,1394.0000000000218,0.0,False,5
34,0,4,[2 1 3 4 5],1342.799999999981,0.5034412572098306,0.4965587427901694,0.9509959702111389,MI,[5 4 3 1 2],9.099999999999994,10,2656.499999999949,0.0,False,5
35,0,0,[2 1 3 4 5],1342.799999999981,0.5034412572098306,0.4965587427901694,0.7780626146069293,MI,[3 1 2 4 5],11.5,10,1423.5,0.0,False,5
35,0,1,[2 1 3 4 5],1342.799999999981,0.5034412572098306,0.4965587427901694,0.7699010009664451,MI,[5 4 3 1 2],9.099999999999994,10,2656.499999999949,0.0,False,5
35,0,2,[2 1 3 4 5],1342.799999999981,0.5034412572098306,0.4965587427901694,0.6921529992814177,MI,[5 4 3 1 2],9.099999999999994,10,2656.499999999949,0.0,False,5
35,0,3,[2 1 3 4 5],1342.799999999981,0.5034412572098306,0.4965587427901694,0.7701605987253958,MI,[5 4 3 1 2],9.099999999999994,10,2656.499999999949,0.0,False,5
35,0,4,[2 1 3 4 5],1342.799999999981,0.5034412572098306,0.4965587427901694,0.6293938373455475,MI,[5 4 3 1 2],9.099999999999994,10,2656.499999999949,0.0,False,5
36,0,0,[2 1 3 4 5],1342.799999999981,0.5034412572098306,0.4965587427901694,0.633621721218912,MI,[5 4 3 1 2],9.099999999999994,10,2656.499999999949,0.0,False,5
36,0,1,[2 1 3 4 5],1342.799999999981,0.5034412572098306,0.4965587427901694,0.587151925649705,MI,[3 1 2 4 5],11.5,10,1423.5,0.0,False,5
36,0,2,[2 1 3 4 5],1342.799999999981,0.5034412572098306,0.4965587427901694,0.14444601257843315,SI,[5 4 3 1 2],9.099999999999994,10,2656.499999999949,0.0,False,5
36,0,3,[2 1 3 4 5],1342.799999999981,0.5034412572098306,0.4965587427901694,0.7980587736803014,MI,[5 4 3 1 2],9.099999999999994,10,2656.499999999949,0.0,False,5
36,0,4,[2 1 3 4 5],1342.799999999981,0.5034412572098306,0.4965587427901694,0.47243347271846337,SI,[5 4 3 1 2],9.099999999999994,10,2656.499999999949,0.0,False,5
37,0,0,[2 1 3 4 5],1342.799999999981,0.5034412572098306,0.4965587427901694,0.9940229092964641,MI,[5 4 3 1 2],9.099999999999994,10,2656.499999999949,0.0,False,5
37,0,1,[2 1 3 4 5],1342.799999999981,0.5034412572098306,0.4965587427901694,0.21703256719370612,SI,[5 4 3 1 2],9.099999999999994,10,2656.499999999949,0.0,False,5
37,0,2,[2 1 3 4 5],1342.799999999981,0.5034412572098306,0.4965587427901694,0.32278954075080357,SI,[5 4 3 1 2],9.099999999999994,10,2656.499999999949,0.0,False,5
37,0,3,[2 1 3 4 5],1342.799999999981,0.5034412572098306,0.4965587427901694,0.006802452194065056,SI,[5 4 3 1 2],9.099999999999994,10,2656.499999999949,0.0,False,5
37,0,4,[2 1 3 4 5],1342.799999999981,0.5034412572098306,0.4965587427901694,0.15418993382779955,SI,[5 4 3 1 2],9.099999999999994,10,2656.499999999949,0.0,False,5
38,0,0,[2 1 3 4 5],1342.799999999981,0.5034412572098306,0.4965587427901694,0.4314128247098604,SI,[3 1 2 4 5],11.5,10,1423.5,0.0,False,5
38,0,1,[2 1 3 4 5],1342.799999999981,0.5034412572098306,0.4965587427901694,0.7828416018847488,MI,[5 4 3 1 2],9.099999999999994,10,2656.499999999949,0.0,False,5
38,0,2,[2 1 3 4 5],1342.799999999981,0.5034412572098306,0.4965587427901694,0.09939456497258625,SI,[3 1 2 4 5],11.5,10,1423.5,0.0,False,5
38,0,3,[2 1 3 4 5],1342.799999999981,0.5034412572098306,0.4965587427901694,0.9975519098466697,MI,[5 4 3 1 2],9.099999999999994,10,2656.499999999949,0.0,False,5
38,0,4,[2 1 3 4 5],1342.799999999981,0.5034412572098306,0.4965587427901694,0.15204930207956413,SI,[5 4 3 1 2],9.099999999999994,10,2656.499999999949,0.0,False,5
39,0,0,[2 1 3 4 5],1342.799999999981,0.5034412572098306,0.4965587427901694,0.23802100741851506,SI,[3 1 2 4 5],11.5,10,1423.5,0.0,False,5
39,0,1,[2 1 3 4 5],1342.799999999981,0.5034412572098306,0.4965587427901694,0.0009644248691933477,SI,[5 4 3 1 2],9.099999999999994,10,2656.499999999949,0.0,False,5
39,0,2,[2 1 3 4 5],1342.799999999981,0.5034412572098306,0.4965587427901694,0.5172434897541568,MI,[5 4 3 1 2],9.099999999999994,10,2656.499999999949,0.0,False,5
39,0,3,[2 1 3 4 5],1342.799999999981,0.5034412572098306,0.4965587427901694,0.6637590785623416,MI,[5 4 3 1 2],9.099999999999994,10,2656.499999999949,0.0,False,5
39,0,4,[2 1 3 4 5],1342.799999999981,0.5034412572098306,0.4965587427901694,0.39092176381695753,SI,[5 4 3 1 2],9.099999999999994,10,2656.499999999949,0.0,False,5
40,0,0,[2 1 3 4 5],1342.799999999981,0.5034412572098306,0.4965587427901694,0.014198459104696748,SI,[3 1 2 4 5],11.5,10,1423.5,0.0,False,5
40,0,1,[2 1 3 4 5],1342.799999999981,0.5034412572098306,0.4965587427901694,0.5938607497797324,MI,[5 4 3 1 2],9.099999999999994,10,2656.499999999949,0.0,False,5
40,0,2,[2 1 3 4 5],1342.799999999981,0.5034412572098306,0.4965587427901694,0.5311937078531356,MI,[3 1 2 4 5],11.5,10,1423.5,0.0,False,5
40,0,3,[2 1 3 4 5],1342.799999999981,0.5034412572098306,0.4965587427901694,0.2360518413200724,SI,[2 1 3 5 4],13.300000000000011,10,1465.299999999992,0.0,False,5
40,0,4,[2 1 3 4 5],1342.799999999981,0.5034412572098306,0.4965587427901694,0.46414980357538027,SI,[2 1 3 5 4],13.300000000000011,10,1465.299999999992,0.0,False,5
41,0,0,[2 1 3 4 5],1342.799999999981,0.5034412572098306,0.4965587427901694,0.4655950162239716,SI,[5 4 3 1 2],9.099999999999994,10,2656.499999999949,0.0,False,5
41,0,1,[2 1 3 4 5],1342.799999999981,0.5034412572098306,0.4965587427901694,0.1992528779106677,SI,[2 1 3 5 4],13.300000000000011,10,1465.299999999992,0.0,False,5
41,0,2,[2 1 3 4 5],1342.799999999981,0.5034412572098306,0.4965587427901694,0.4191744301747996,SI,[5 4 3 1 2],9.099999999999994,10,2656.499999999949,0.0,False,5
41,0,3,[2 1 3 4 5],1342.799999999981,0.5034412572098306,0.4965587427901694,0.8972481759867939,MI,[5 4 3 1 2],9.099999999999994,10,2656.499999999949,0.0,False,5
41,0,4,[2 1 3 4 5],1342.799999999981,0.5034412572098306,0.4965587427901694,0.37824797052602055,SI,[5 4 3 1 2],9.099999999999994,10,2656.499999999949,0.0,False,5
42,0,0,[2 1 3 4 5],1342.799999999981,0.5034412572098306,0.4965587427901694,0.7230257836606766,MI,[5 4 3 1 2],9.099999999999994,10,2656.499999999949,0.0,False,5
42,0,1,[2 1 3 4 5],1342.799999999981,0.5034412572098306,0.4965587427901694,0.01741745852187604,SI,[2 3 1 4 5],27.599999999999994,10,1394.0000000000218,0.0,False,5
42,0,2,[2 1 3 4 5],1342.799999999981,0.5034412572098306,0.4965587427901694,0.9341870918772983,MI,[5 4 3 1 2],9.099999999999994,10,2656.499999999949,0.0,False,5
42,0,3,[2 1 3 4 5],1342.799999999981,0.5034412572098306,0.4965587427901694,0.4105600965546936,SI,[3 1 2 4 5],11.5,10,1423.5,0.0,False,5
42,0,4,[2 1 3 4 5],1342.799999999981,0.5034412572098306,0.4965587427901694,0.1433599612039902,SI,[5 4 3 1 2],9.099999999999994,10,2656.499999999949,0.0,False,5
43,0,0,[2 1 3 4 5],1342.799999999981,0.5034412572098306,0.4965587427901694,0.419127773954005,SI,[3 1 2 4 5],11.5,10,1423.5,0.0,False,5
43,0,1,[2 1 3 4 5],1342.799999999981,0.5034412572098306,0.4965587427901694,0.7939862804094983,MI,[3 1 2 4 5],11.5,10,1423.5,0.0,False,5
43,0,2,[2 1 3 4 5],1342.799999999981,0.5034412572098306,0.4965587427901694,0.38706030763965427,SI,[2 3 1 4 5],27.599999999999994,10,1394.0000000000218,0.0,False,5
43,0,3,[2 1 3 4 5],1342.799999999981,0.5034412572098306,0.4965587427901694,0.1392924715437236,SI,[5 4 3 1 2],9.099999999999994,10,2656.499999999949,0.0,False,5
43,0,4,[2 1 3 4 5],1342.799999999981,0.5034412572098306,0.4965587427901694,0.12147827728929639,SI,[5 4 3 1 2],9.099999999999994,10,2656.499999999949,0.0,False,5
44,0,0,[2 1 3 4 5],1342.799999999981,0.5034412572098306,0.4965587427901694,0.7027371850393618,MI,[5 4 3 1 2],9.099999999999994,10,2656.499999999949,0.0,False,5
44,0,1,[2 1 3 4 5],1342.799999999981,0.5034412572098306,0.4965587427901694,0.8889274344294593,MI,[5 4 3 1 2],9.099999999999994,10,2656.499999999949,0.0,False,5
44,0,2,[2 1 3 4 5],1342.799999999981,0.5034412572098306,0.4965587427901694,0.9804919192574593,MI,[5 4 3 1 2],9.099999999999994,10,2656.499999999949,0.0,False,5
44,0,3,[2 1 3 4 5],1342.799999999981,0.5034412572098306,0.4965587427901694,0.6721044922119774,MI,[5 4 3 1 2],9.099999999999994,10,2656.499999999949,0.0,False,5
44,0,4,[2 1 3 4 5],1342.799999999981,0.5034412572098306,0.4965587427901694,0.8849002206298743,MI,[3 1 2 4 5],11.5,10,1423.5,0.0,False,5
45,0,0,[2 1 3 4 5],1342.799999999981,0.5034412572098306,0.4965587427901694,0.3315977683636496,SI,[5 4 3 1 2],9.099999999999994,10,2656.499999999949,0.0,False,5
45,0,1,[2 1 3 4 5],1342.799999999981,0.5034412572098306,0.4965587427901694,0.32043040238914156,SI,[5 4 3 1 2],9.099999999999994,10,2656.499999999949,0.0,False,5
45,0,2,[2 1 3 4 5],1342.799999999981,0.5034412572098306,0.4965587427901694,0.09222703574208424,SI,[3 1 2 4 5],11.5,10,1423.5,0.0,False,5
45,0,3,[2 1 3 4 5],1342.799999999981,0.5034412572098306,0.4965587427901694,0.3521709159082005,SI,[5 4 3 1 2],9.099999999999994,10,2656.499999999949,0.0,False,5
45,0,4,[2 1 3 4 5],1342.799999999981,0.5034412572098306,0.4965587427901694,0.7781741422958551,MI,[5 4 3 1 2],9.099999999999994,10,2656.499999999949,0.0,False,5
46,0,0,[2 1 3 4 5],1342.799999999981,0.5034412572098306,0.4965587427901694,0.19942663252193582,SI,[2 1 3 5 4],13.300000000000011,10,1465.299999999992,0.0,False,5
46,0,1,[2 1 3 4 5],1342.799999999981,0.5034412572098306,0.4965587427901694,0.3895067279520317,SI,[2 1 3 5 4],13.300000000000011,10,1465.299999999992,0.0,False,5
46,0,2,[2 1 3 4 5],1342.799999999981,0.5034412572098306,0.4965587427901694,0.8827939776292856,MI,[5 4 3 1 2],9.099999999999994,10,2656.499999999949,0.0,False,5
46,0,3,[2 1 3 4 5],1342.799999999981,0.5034412572098306,0.4965587427901694,0.8596939762183757,MI,[5 4 3 1 2],9.099999999999994,10,2656.499999999949,0.0,False,5
46,0,4,[2 1 3 4 5],1342.799999999981,0.5034412572098306,0.4965587427901694,0.3106367928460846,SI,[5 4 3 1 2],9.099999999999994,10,2656.499999999949,0.0,False,5
47,0,0,[2 1 3 4 5],1342.799999999981,0.5034412572098306,0.4965587427901694,0.7970745482957134,MI,[3 1 2 4 5],11.5,10,1423.5,0.0,False,5
47,0,1,[2 1 3 4 5],1342.799999999981,0.5034412572098306,0.4965587427901694,0.7646210972230839,MI,[5 4 3 1 2],9.099999999999994,10,2656.499999999949,0.0,False,5
47,0,2,[2 1 3 4 5],1342.799999999981,0.5034412572098306,0.4965587427901694,0.655810831465908,MI,[5 4 3 1 2],9.099999999999994,10,2656.499999999949,0.0,False,5
47,0,3,[2 1 3 4 5],1342.799999999981,0.5034412572098306,0.4965587427901694,0.8792737398565397,MI,[3 1 2 4 5],11.5,10,1423.5,0.0,False,5
47,0,4,[2 1 3 4 5],1342.799999999981,0.5034412572098306,0.4965587427901694,0.08746994805417563,SI,[2 1 3 5 4],13.300000000000011,10,1465.299999999992,0.0,False,5
48,0,0,[2 1 3 4 5],1342.799999999981,0.5034412572098306,0.4965587427901694,0.904974412500663,MI,[5 4 3 1 2],9.099999999999994,10,2656.499999999949,0.0,False,5
48,0,1,[2 1 3 4 5],1342.799999999981,0.5034412572098306,0.4965587427901694,0.24658516977612854,SI,[2 1 3 5 4],13.300000000000011,10,1465.299999999992,0.0,False,5
48,0,2,[2 1 3 4 5],1342.799999999981,0.5034412572098306,0.4965587427901694,0.8584836287542016,MI,[2 1 5 4 3],96.29999999999998,10,2015.8999999999796,0.0,False,5
48,0,3,[2 1 3 4 5],1342.799999999981,0.5034412572098306,0.4965587427901694,0.05176840411883832,SI,[2 1 3 5 4],13.300000000000011,10,1465.299999999992,0.0,False,5
48,0,4,[2 1 3 4 5],1342.799999999981,0.5034412572098306,0.4965587427901694,0.055493443451521296,SI,[3 1 2 4 5],11.5,10,1423.5,0.0,False,5
49,0,0,[2 1 3 4 5],1342.799999999981,0.5034412572098306,0.4965587427901694,0.42623853080884255,SI,[3 1 2 4 5],11.5,10,1423.5,0.0,False,5
49,0,1,[2 1 3 4 5],1342.799999999981,0.5034412572098306,0.4965587427901694,0.3193866947648585,SI,[1 2 3 4 5],32.0,10,1371.8999999999287,0.0,False,5
49,0,2,[2 1 3 4 5],1342.799999999981,0.5034412572098306,0.4965587427901694,0.1078496596935341,SI,[5 4 3 1 2],9.099999999999994,10,2656.499999999949,0.0,False,5
49,0,3,[2 1 3 4 5],1342.799999999981,0.5034412572098306,0.4965587427901694,0.4338369517086734,SI,[5 4 3 1 2],9.099999999999994,10,2656.499999999949,0.0,False,5
49,0,4,[2 1 3 4 5],1342.799999999981,0.5034412572098306,0.4965587427901694,0.19345973621325407,SI,[5 4 3 1 2],9.099999999999994,10,2656.499999999949,0.0,False,5
50,0,0,[2 1 3 4 5],1342.799999999981,0.5034412572098306,0.4965587427901694,0.9009965725731468,MI,[5 4 3 1 2],9.099999999999994,10,2656.499999999949,0.0,False,5
50,0,1,[2 1 3 4 5],1342.799999999981,0.5034412572098306,0.4965587427901694,0.6213293555542153,MI,[2 1 5 4 3],96.29999999999998,10,2015.8999999999796,0.0,False,5
50,0,2,[2 1 3 4 5],1342.799999999981,0.5034412572098306,0.4965587427901694,0.14333457052112408,SI,[2 1 3 5 4],13.300000000000011,10,1465.299999999992,0.0,False,5
50,0,3,[2 1 3 4 5],1342.799999999981,0.5034412572098306,0.4965587427901694,0.10222820093570395,SI,[3 1 2 4 5],11.5,10,1423.5,0.0,False,5
50,0,4,[2 1 3 4 5],1342.799999999981,0.5034412572098306,0.4965587427901694,0.42981671632534524,SI,[5 4 3 1 2],9.099999999999994,10,2656.499999999949,0.0,False,5
51,0,0,[2 1 3 4 5],1342.799999999981,0.5034412572098306,0.4965587427901694,0.10734831425724578,SI,[5 4 3 1 2],9.099999999999994,10,2656.499999999949,0.0,False,5
51,0,1,[2 1 3 4 5],1342.799999999981,0.5034412572098306,0.4965587427901694,0.9176924442533817,MI,[5 4 3 1 2],9.099999999999994,10,2656.499999999949,0.0,False,5
51,0,2,[2 1 3 4 5],1342.799999999981,0.5034412572098306,0.4965587427901694,0.16673020766129865,SI,[5 4 3 1 2],9.099999999999994,10,2656.499999999949,0.0,False,5
51,0,3,[2 1 3 4 5],1342.799999999981,0.5034412572098306,0.4965587427901694,0.29753840016352884,SI,[5 4 3 1 2],9.099999999999994,10,2656.499999999949,0.0,False,5
51,0,4,[2 1 3 4 5],1342.799999999981,0.5034412572098306,0.4965587427901694,0.13988046874804405,SI,[5 4 3 1 2],9.099999999999994,10,2656.499999999949,0.0,False,5
0,0,0,[1 2],861.5000000000073,0.5,0.5,0.33388592713473164,SI,[2 1],49.49999999999994,10,1278.6000000000095,0.0,False,6
0,0,1,[1 2],861.5000000000073,0.5,0.5,0.3958183463598718,SI,[2 1],49.49999999999994,10,1278.6000000000095,0.0,False,6
0,0,2,[1 2],861.5000000000073,0.5,0.5,0.4624747370929343,SI,[2 1],49.49999999999994,10,1278.6000000000095,0.0,False,6
0,0,3,[1 2],861.5000000000073,0.5,0.5,0.38716143595147345,SI,[2 1],49.49999999999994,10,1278.6000000000095,0.0,False,6
0,0,4,[1 2],861.5000000000073,0.5,0.5,0.2975455070893225,SI,[2 1],49.49999999999994,10,1278.6000000000095,0.0,False,6
1,0,0,[1 2],861.5000000000073,0.5,0.5,0.4177949547675941,SI,[2 1],49.49999999999994,10,1278.6000000000095,0.0,False,6
1,0,1,[1 2],861.5000000000073,0.5,0.5,0.030865833810051035,SI,[2 1],49.49999999999994,10,1278.6000000000095,0.0,False,6
1,0,2,[1 2],861.5000000000073,0.5,0.5,0.14406708494710807,SI,[2 1],49.49999999999994,10,1278.6000000000095,0.0,False,6
1,0,3,[1 2],861.5000000000073,0.5,0.5,0.0526681888426076,SI,[2 1],49.49999999999994,10,1278.6000000000095,0.0,False,6
1,0,4,[1 2],861.5000000000073,0.5,0.5,0.288409163225538,SI,[2 1],49.49999999999994,10,1278.6000000000095,0.0,False,6
2,0,0,[1 2],861.5000000000073,0.5,0.5,0.009474490525143153,SI,[2 1],49.49999999999994,10,1278.6000000000095,0.0,False,6
2,0,1,[1 2],861.5000000000073,0.5,0.5,0.08873840814464051,SI,[2 1],49.49999999999994,10,1278.6000000000095,0.0,False,6
2,0,2,[1 2],861.5000000000073,0.5,0.5,0.02013096496096345,SI,[2 1],49.49999999999994,10,1278.6000000000095,0.0,False,6
2,0,3,[1 2],861.5000000000073,0.5,0.5,0.3112175050203625,SI,[2 1],49.49999999999994,10,1278.6000000000095,0.0,False,6
2,0,4,[1 2],861.5000000000073,0.5,0.5,0.048071968334220005,SI,[2 1],49.49999999999994,10,1278.6000000000095,0.0,False,6
3,0,0,[1 2],861.5000000000073,0.5,0.5,0.2502763578429834,SI,[2 1],49.49999999999994,10,1278.6000000000095,0.0,False,6
3,0,1,[1 2],861.5000000000073,0.5,0.5,0.19807536503687118,SI,[2 1],49.49999999999994,10,1278.6000000000095,0.0,False,6
3,0,2,[1 2],861.5000000000073,0.5,0.5,0.08969434230996953,SI,[2 1],49.49999999999994,10,1278.6000000000095,0.0,False,6
3,0,3,[1 2],861.5000000000073,0.5,0.5,0.4239957521978218,SI,[2 1],49.49999999999994,10,1278.6000000000095,0.0,False,6
3,0,4,[1 2],861.5000000000073,0.5,0.5,0.23667394623512383,SI,[2 1],49.49999999999994,10,1278.6000000000095,0.0,False,6
4,0,0,[1 2],861.5000000000073,0.5,0.5,0.4450373557489169,SI,[2 1],49.49999999999994,10,1278.6000000000095,0.0,False,6
4,0,1,[1 2],861.5000000000073,0.5,0.5,0.22568337422294926,SI,[2 1],49.49999999999994,10,1278.6000000000095,0.0,False,6
4,0,2,[1 2],861.5000000000073,0.5,0.5,0.32964746161692815,SI,[2 1],49.49999999999994,10,1278.6000000000095,0.0,False,6
4,0,3,[1 2],861.5000000000073,0.5,0.5,0.009118383224590243,SI,[2 1],49.49999999999994,10,1278.6000000000095,0.0,False,6
4,0,4,[1 2],861.5000000000073,0.5,0.5,0.4462884081416427,SI,[2 1],49.49999999999994,10,1278.6000000000095,0.0,False,6
5,0,0,[1 2],861.5000000000073,0.5,0.5,0.0829781264708025,SI,[2 1],49.49999999999994,10,1278.6000000000095,0.0,False,6
5,0,1,[1 2],861.5000000000073,0.5,0.5,0.3136854473411841,SI,[2 1],49.49999999999994,10,1278.6000000000095,0.0,False,6
5,0,2,[1 2],861.5000000000073,0.5,0.5,0.2808207751955216,SI,[2 1],49.49999999999994,10,1278.6000000000095,0.0,False,6
5,0,3,[1 2],861.5000000000073,0.5,0.5,0.24749811595683469,SI,[2 1],49.49999999999994,10,1278.6000000000095,0.0,False,6
5,0,4,[1 2],861.5000000000073,0.5,0.5,0.026610365565147176,SI,[2 1],49.49999999999994,10,1278.6000000000095,0.0,False,6
6,0,0,[1 2],861.5000000000073,0.5,0.5,0.29760388579180397,SI,[2 1],49.49999999999994,10,1278.6000000000095,0.0,False,6
6,0,1,[1 2],861.5000000000073,0.5,0.5,0.4069269142724775,SI,[2 1],49.49999999999994,10,1278.6000000000095,0.0,False,6
6,0,2,[1 2],861.5000000000073,0.5,0.5,0.18295926507150084,SI,[2 1],49.49999999999994,10,1278.6000000000095,0.0,False,6
6,0,3,[1 2],861.5000000000073,0.5,0.5,0.011008551287199575,SI,[2 1],49.49999999999994,10,1278.6000000000095,0.0,False,6
6,0,4,[1 2],861.5000000000073,0.5,0.5,0.46103351255420055,SI,[2 1],49.49999999999994,10,1278.6000000000095,0.0,False,6
7,0,0,[1 2],861.5000000000073,0.5,0.5,0.08045742069972406,SI,[2 1],49.49999999999994,10,1278.6000000000095,0.0,False,6
7,0,1,[1 2],861.5000000000073,0.5,0.5,0.2478571154564606,SI,[2 1],49.49999999999994,10,1278.6000000000095,0.0,False,6
7,0,2,[1 2],861.5000000000073,0.5,0.5,0.1880607835712066,SI,[2 1],49.49999999999994,10,1278.6000000000095,0.0,False,6
7,0,3,[1 2],861.5000000000073,0.5,0.5,0.2740626213621804,SI,[2 1],49.49999999999994,10,1278.6000000000095,0.0,False,6
7,0,4,[1 2],861.5000000000073,0.5,0.5,0.29939141218993703,SI,[2 1],49.49999999999994,10,1278.6000000000095,0.0,False,6
8,0,0,[1 2],861.5000000000073,0.5,0.5,0.08496947417010747,SI,[2 1],49.49999999999994,10,1278.6000000000095,0.0,False,6
8,0,1,[1 2],861.5000000000073,0.5,0.5,0.1178333639958552,SI,[2 1],49.49999999999994,10,1278.6000000000095,0.0,False,6
8,0,2,[1 2],861.5000000000073,0.5,0.5,0.20108017527540412,SI,[2 1],49.49999999999994,10,1278.6000000000095,0.0,False,6
8,0,3,[1 2],861.5000000000073,0.5,0.5,0.2410740670876852,SI,[2 1],49.49999999999994,10,1278.6000000000095,0.0,False,6
8,0,4,[1 2],861.5000000000073,0.5,0.5,0.31999339715097797,SI,[2 1],49.49999999999994,10,1278.6000000000095,0.0,False,6
9,0,0,[1 2],861.5000000000073,0.5,0.5,0.3901510068273495,SI,[2 1],49.49999999999994,10,1278.6000000000095,0.0,False,6
9,0,1,[1 2],861.5000000000073,0.5,0.5,0.4209758894823452,SI,[2 1],49.49999999999994,10,1278.6000000000095,0.0,False,6
9,0,2,[1 2],861.5000000000073,0.5,0.5,0.2016537802557703,SI,[2 1],49.49999999999994,10,1278.6000000000095,0.0,False,6
9,0,3,[1 2],861.5000000000073,0.5,0.5,0.09556413204695147,SI,[2 1],49.49999999999994,10,1278.6000000000095,0.0,False,6
9,0,4,[1 2],861.5000000000073,0.5,0.5,0.32271636777797164,SI,[2 1],49.49999999999994,10,1278.6000000000095,0.0,False,6
10,0,0,[1 2],861.5000000000073,0.5,0.5,0.08571168036640453,SI,[2 1],49.49999999999994,10,1278.6000000000095,0.0,False,6
10,0,1,[1 2],861.5000000000073,0.5,0.5,0.38038864363280434,SI,[2 1],49.49999999999994,10,1278.6000000000095,0.0,False,6
10,0,2,[1 2],861.5000000000073,0.5,0.5,0.01271533467055963,SI,[2 1],49.49999999999994,10,1278.6000000000095,0.0,False,6
10,0,3,[1 2],861.5000000000073,0.5,0.5,0.028156669957658642,SI,[2 1],49.49999999999994,10,1278.6000000000095,0.0,False,6
10,0,4,[1 2],861.5000000000073,0.5,0.5,0.06031771148984344,SI,[2 1],49.49999999999994,10,1278.6000000000095,0.0,False,6
11,0,0,[1 2],861.5000000000073,0.5,0.5,0.48642494154936844,SI,[2 1],49.49999999999994,10,1278.6000000000095,0.0,False,6
11,0,1,[1 2],861.5000000000073,0.5,0.5,0.015956820786256043,SI,[2 1],49.49999999999994,10,1278.6000000000095,0.0,False,6
11,0,2,[1 2],861.5000000000073,0.5,0.5,0.47333579112927104,SI,[2 1],49.49999999999994,10,1278.6000000000095,0.0,False,6
11,0,3,[1 2],861.5000000000073,0.5,0.5,0.29441017814027126,SI,[2 1],49.49999999999994,10,1278.6000000000095,0.0,False,6
11,0,4,[1 2],861.5000000000073,0.5,0.5,0.09638823302133781,SI,[2 1],49.49999999999994,10,1278.6000000000095,0.0,False,6
12,0,0,[1 2],861.5000000000073,0.5,0.5,0.2724879250685517,SI,[2 1],49.49999999999994,10,1278.6000000000095,0.0,False,6
12,0,1,[1 2],861.5000000000073,0.5,0.5,0.014548343514532602,SI,[2 1],49.49999999999994,10,1278.6000000000095,0.0,False,6
12,0,2,[1 2],861.5000000000073,0.5,0.5,0.4286157590007985,SI,[2 1],49.49999999999994,10,1278.6000000000095,0.0,False,6
12,0,3,[1 2],861.5000000000073,0.5,0.5,0.350135375154935,SI,[2 1],49.49999999999994,10,1278.6000000000095,0.0,False,6
12,0,4,[1 2],861.5000000000073,0.5,0.5,0.4230928682511792,SI,[2 1],49.49999999999994,10,1278.6000000000095,0.0,False,6
13,0,0,[1 2],861.5000000000073,0.5,0.5,0.2395018186560126,SI,[2 1],49.49999999999994,10,1278.6000000000095,0.0,False,6
13,0,1,[1 2],861.5000000000073,0.5,0.5,0.4331716649363504,SI,[2 1],49.49999999999994,10,1278.6000000000095,0.0,False,6
13,0,2,[1 2],861.5000000000073,0.5,0.5,0.1635855989176993,SI,[2 1],49.49999999999994,10,1278.6000000000095,0.0,False,6
13,0,3,[1 2],861.5000000000073,0.5,0.5,0.43957560754493497,SI,[2 1],49.49999999999994,10,1278.6000000000095,0.0,False,6
13,0,4,[1 2],861.5000000000073,0.5,0.5,0.29414681878497617,SI,[2 1],49.49999999999994,10,1278.6000000000095,0.0,False,6
14,0,0,[1 2],861.5000000000073,0.5,0.5,0.06552108225390252,SI,[2 1],49.49999999999994,10,1278.6000000000095,0.0,False,6
14,0,1,[1 2],861.5000000000073,0.5,0.5,0.26186669604915214,SI,[2 1],49.49999999999994,10,1278.6000000000095,0.0,False,6
14,0,2,[1 2],861.5000000000073,0.5,0.5,0.00984637870746885,SI,[2 1],49.49999999999994,10,1278.6000000000095,0.0,False,6
14,0,3,[1 2],861.5000000000073,0.5,0.5,0.2546339480523889,SI,[2 1],49.49999999999994,10,1278.6000000000095,0.0,False,6
14,0,4,[1 2],861.5000000000073,0.5,0.5,0.37847131375416576,SI,[2 1],49.49999999999994,10,1278.6000000000095,0.0,False,6
15,0,0,[1 2],861.5000000000073,0.5,0.5,0.2737218047190386,SI,[2 1],49.49999999999994,10,1278.6000000000095,0.0,False,6
15,0,1,[1 2],861.5000000000073,0.5,0.5,0.1289130270959774,SI,[2 1],49.49999999999994,10,1278.6000000000095,0.0,False,6
15,0,2,[1 2],861.5000000000073,0.5,0.5,0.42103291086965833,SI,[2 1],49.49999999999994,10,1278.6000000000095,0.0,False,6
15,0,3,[1 2],861.5000000000073,0.5,0.5,0.4623273227330972,SI,[2 1],49.49999999999994,10,1278.6000000000095,0.0,False,6
15,0,4,[1 2],861.5000000000073,0.5,0.5,0.18171957526272453,SI,[2 1],49.49999999999994,10,1278.6000000000095,0.0,False,6
16,0,0,[1 2],861.5000000000073,0.5,0.5,0.41420673394406304,SI,[2 1],49.49999999999994,10,1278.6000000000095,0.0,False,6
16,0,1,[1 2],861.5000000000073,0.5,0.5,0.052725728766634616,SI,[2 1],49.49999999999994,10,1278.6000000000095,0.0,False,6
16,0,2,[1 2],861.5000000000073,0.5,0.5,0.041274969052656485,SI,[2 1],49.49999999999994,10,1278.6000000000095,0.0,False,6
16,0,3,[1 2],861.5000000000073,0.5,0.5,0.38961393551559287,SI,[2 1],49.49999999999994,10,1278.6000000000095,0.0,False,6
16,0,4,[1 2],861.5000000000073,0.5,0.5,0.4038169193584823,SI,[2 1],49.49999999999994,10,1278.6000000000095,0.0,False,6
17,0,0,[1 2],861.5000000000073,0.5,0.5,0.19529356302640233,SI,[2 1],49.49999999999994,10,1278.6000000000095,0.0,False,6
17,0,1,[1 2],861.5000000000073,0.5,0.5,0.44314320178287814,SI,[2 1],49.49999999999994,10,1278.6000000000095,0.0,False,6
17,0,2,[1 2],861.5000000000073,0.5,0.5,0.021580405484388554,SI,[2 1],49.49999999999994,10,1278.6000000000095,0.0,False,6
17,0,3,[1 2],861.5000000000073,0.5,0.5,0.4278116610123631,SI,[2 1],49.49999999999994,10,1278.6000000000095,0.0,False,6
17,0,4,[1 2],861.5000000000073,0.5,0.5,0.40914119297614016,SI,[2 1],49.49999999999994,10,1278.6000000000095,0.0,False,6
18,0,0,[1 2],861.5000000000073,0.5,0.5,0.39349749528870115,SI,[2 1],49.49999999999994,10,1278.6000000000095,0.0,False,6
18,0,1,[1 2],861.5000000000073,0.5,0.5,0.17786486403154123,SI,[2 1],49.49999999999994,10,1278.6000000000095,0.0,False,6
18,0,2,[1 2],861.5000000000073,0.5,0.5,0.31002192026373465,SI,[2 1],49.49999999999994,10,1278.6000000000095,0.0,False,6
18,0,3,[1 2],861.5000000000073,0.5,0.5,0.0018320643073853615,SI,[2 1],49.49999999999994,10,1278.6000000000095,0.0,False,6
18,0,4,[1 2],861.5000000000073,0.5,0.5,0.19867175558853467,SI,[2 1],49.49999999999994,10,1278.6000000000095,0.0,False,6
19,0,0,[1 2],861.5000000000073,0.5,0.5,0.16110096290872167,SI,[2 1],49.49999999999994,10,1278.6000000000095,0.0,False,6
19,0,1,[1 2],861.5000000000073,0.5,0.5,0.45986760637480006,SI,[2 1],49.49999999999994,10,1278.6000000000095,0.0,False,6
19,0,2,[1 2],861.5000000000073,0.5,0.5,0.15519770788992682,SI,[2 1],49.49999999999994,10,1278.6000000000095,0.0,False,6
19,0,3,[1 2],861.5000000000073,0.5,0.5,0.013993628032594407,SI,[2 1],49.49999999999994,10,1278.6000000000095,0.0,False,6
19,0,4,[1 2],861.5000000000073,0.5,0.5,0.36650238462993323,SI,[2 1],49.49999999999994,10,1278.6000000000095,0.0,False,6
20,0,0,[1 2],861.5000000000073,0.5,0.5,0.3545768625216975,SI,[2 1],49.49999999999994,10,1278.6000000000095,0.0,False,6
20,0,1,[1 2],861.5000000000073,0.5,0.5,0.07340076786118244,SI,[2 1],49.49999999999994,10,1278.6000000000095,0.0,False,6
20,0,2,[1 2],861.5000000000073,0.5,0.5,0.146136987360879,SI,[2 1],49.49999999999994,10,1278.6000000000095,0.0,False,6
20,0,3,[1 2],861.5000000000073,0.5,0.5,0.3168768684596932,SI,[2 1],49.49999999999994,10,1278.6000000000095,0.0,False,6
20,0,4,[1 2],861.5000000000073,0.5,0.5,0.11591727300469135,SI,[2 1],49.49999999999994,10,1278.6000000000095,0.0,False,6
21,0,0,[1 2],861.5000000000073,0.5,0.5,0.07102640048996467,SI,[2 1],49.49999999999994,10,1278.6000000000095,0.0,False,6
21,0,1,[1 2],861.5000000000073,0.5,0.5,0.41085081945136426,SI,[2 1],49.49999999999994,10,1278.6000000000095,0.0,False,6
21,0,2,[1 2],861.5000000000073,0.5,0.5,0.03848092446724116,SI,[2 1],49.49999999999994,10,1278.6000000000095,0.0,False,6
21,0,3,[1 2],861.5000000000073,0.5,0.5,0.023856958568223674,SI,[2 1],49.49999999999994,10,1278.6000000000095,0.0,False,6
21,0,4,[1 2],861.5000000000073,0.5,0.5,0.012055305497184698,SI,[2 1],49.49999999999994,10,1278.6000000000095,0.0,False,6
22,0,0,[1 2],861.5000000000073,0.5,0.5,0.06990998543595839,SI,[2 1],49.49999999999994,10,1278.6000000000095,0.0,False,6
22,0,1,[1 2],861.5000000000073,0.5,0.5,0.4341222027293079,SI,[2 1],49.49999999999994,10,1278.6000000000095,0.0,False,6
22,0,2,[1 2],861.5000000000073,0.5,0.5,0.1428735467569452,SI,[2 1],49.49999999999994,10,1278.6000000000095,0.0,False,6
22,0,3,[1 2],861.5000000000073,0.5,0.5,0.051162494504365386,SI,[2 1],49.49999999999994,10,1278.6000000000095,0.0,False,6
22,0,4,[1 2],861.5000000000073,0.5,0.5,0.12800993166920438,SI,[2 1],49.49999999999994,10,1278.6000000000095,0.0,False,6
23,0,0,[1 2],861.5000000000073,0.5,0.5,0.3347081535745917,SI,[2 1],49.49999999999994,10,1278.6000000000095,0.0,False,6
23,0,1,[1 2],861.5000000000073,0.5,0.5,0.10917556911559312,SI,[2 1],49.49999999999994,10,1278.6000000000095,0.0,False,6
23,0,2,[1 2],861.5000000000073,0.5,0.5,0.14847340883885496,SI,[2 1],49.49999999999994,10,1278.6000000000095,0.0,False,6
23,0,3,[1 2],861.5000000000073,0.5,0.5,0.04310695058774283,SI,[2 1],49.49999999999994,10,1278.6000000000095,0.0,False,6
23,0,4,[1 2],861.5000000000073,0.5,0.5,0.39272698786647875,SI,[2 1],49.49999999999994,10,1278.6000000000095,0.0,False,6
24,0,0,[1 2],861.5000000000073,0.5,0.5,0.4746820489943989,SI,[2 1],49.49999999999994,10,1278.6000000000095,0.0,False,6
24,0,1,[1 2],861.5000000000073,0.5,0.5,0.4837722442757567,SI,[2 1],49.49999999999994,10,1278.6000000000095,0.0,False,6
24,0,2,[1 2],861.5000000000073,0.5,0.5,0.4615847614580708,SI,[2 1],49.49999999999994,10,1278.6000000000095,0.0,False,6
24,0,3,[1 2],861.5000000000073,0.5,0.5,0.28642550751407536,SI,[2 1],49.49999999999994,10,1278.6000000000095,0.0,False,6
24,0,4,[1 2],861.5000000000073,0.5,0.5,0.2989993071422158,SI,[2 1],49.49999999999994,10,1278.6000000000095,0.0,False,6
25,0,0,[1 2],861.5000000000073,0.5,0.5,0.04575063619369257,SI,[2 1],49.49999999999994,10,1278.6000000000095,0.0,False,6
25,0,1,[1 2],861.5000000000073,0.5,0.5,0.2997981900681399,SI,[2 1],49.49999999999994,10,1278.6000000000095,0.0,False,6
25,0,2,[1 2],861.5000000000073,0.5,0.5,0.4837350613704223,SI,[2 1],49.49999999999994,10,1278.6000000000095,0.0,False,6
25,0,3,[1 2],861.5000000000073,0.5,0.5,0.019921017701962862,SI,[2 1],49.49999999999994,10,1278.6000000000095,0.0,False,6
25,0,4,[1 2],861.5000000000073,0.5,0.5,0.1732663328337699,SI,[2 1],49.49999999999994,10,1278.6000000000095,0.0,False,6
26,0,0,[1 2],861.5000000000073,0.5,0.5,0.043975702058152044,SI,[2 1],49.49999999999994,10,1278.6000000000095,0.0,False,6
26,0,1,[1 2],861.5000000000073,0.5,0.5,0.3402504310159832,SI,[2 1],49.49999999999994,10,1278.6000000000095,0.0,False,6
26,0,2,[1 2],861.5000000000073,0.5,0.5,0.10373152907181027,SI,[2 1],49.49999999999994,10,1278.6000000000095,0.0,False,6
26,0,3,[1 2],861.5000000000073,0.5,0.5,0.3080933000436047,SI,[2 1],49.49999999999994,10,1278.6000000000095,0.0,False,6
26,0,4,[1 2],861.5000000000073,0.5,0.5,0.019039564427526856,SI,[2 1],49.49999999999994,10,1278.6000000000095,0.0,False,6
27,0,0,[1 2],861.5000000000073,0.5,0.5,0.24984564214388194,SI,[2 1],49.49999999999994,10,1278.6000000000095,0.0,False,6
27,0,1,[1 2],861.5000000000073,0.5,0.5,0.32607285560582655,SI,[2 1],49.49999999999994,10,1278.6000000000095,0.0,False,6
27,0,2,[1 2],861.5000000000073,0.5,0.5,0.3836217187830243,SI,[2 1],49.49999999999994,10,1278.6000000000095,0.0,False,6
27,0,3,[1 2],861.5000000000073,0.5,0.5,0.3733036819944283,SI,[2 1],49.49999999999994,10,1278.6000000000095,0.0,False,6
27,0,4,[1 2],861.5000000000073,0.5,0.5,0.23013281628506244,SI,[2 1],49.49999999999994,10,1278.6000000000095,0.0,False,6
28,0,0,[1 2],861.5000000000073,0.5,0.5,0.32725133334892587,SI,[2 1],49.49999999999994,10,1278.6000000000095,0.0,False,6
28,0,1,[1 2],861.5000000000073,0.5,0.5,0.13949910290207335,SI,[2 1],49.49999999999994,10,1278.6000000000095,0.0,False,6
28,0,2,[1 2],861.5000000000073,0.5,0.5,0.08707932355635017,SI,[2 1],49.49999999999994,10,1278.6000000000095,0.0,False,6
28,0,3,[1 2],861.5000000000073,0.5,0.5,0.14417502307355545,SI,[2 1],49.49999999999994,10,1278.6000000000095,0.0,False,6
28,0,4,[1 2],861.5000000000073,0.5,0.5,0.17775638550085948,SI,[2 1],49.49999999999994,10,1278.6000000000095,0.0,False,6
29,0,0,[1 2],861.5000000000073,0.5,0.5,0.2569738605622711,SI,[2 1],49.49999999999994,10,1278.6000000000095,0.0,False,6
29,0,1,[1 2],861.5000000000073,0.5,0.5,0.3034156578763997,SI,[2 1],49.49999999999994,10,1278.6000000000095,0.0,False,6
29,0,2,[1 2],861.5000000000073,0.5,0.5,0.0074635102700431055,SI,[2 1],49.49999999999994,10,1278.6000000000095,0.0,False,6
29,0,3,[1 2],861.5000000000073,0.5,0.5,0.2560315950690265,SI,[2 1],49.49999999999994,10,1278.6000000000095,0.0,False,6
29,0,4,[1 2],861.5000000000073,0.5,0.5,0.40938375116012027,SI,[2 1],49.49999999999994,10,1278.6000000000095,0.0,False,6
30,0,0,[1 2],861.5000000000073,0.5,0.5,0.37252923132658766,SI,[2 1],49.49999999999994,10,1278.6000000000095,0.0,False,6
30,0,1,[1 2],861.5000000000073,0.5,0.5,0.31913492400982035,SI,[2 1],49.49999999999994,10,1278.6000000000095,0.0,False,6
30,0,2,[1 2],861.5000000000073,0.5,0.5,0.04340758113261334,SI,[2 1],49.49999999999994,10,1278.6000000000095,0.0,False,6
30,0,3,[1 2],861.5000000000073,0.5,0.5,0.30045604971142814,SI,[2 1],49.49999999999994,10,1278.6000000000095,0.0,False,6
30,0,4,[1 2],861.5000000000073,0.5,0.5,0.16567334135460288,SI,[2 1],49.49999999999994,10,1278.6000000000095,0.0,False,6
31,0,0,[1 2],861.5000000000073,0.5,0.5,0.1143130576499255,SI,[2 1],49.49999999999994,10,1278.6000000000095,0.0,False,6
31,0,1,[1 2],861.5000000000073,0.5,0.5,0.05346864179224786,SI,[2 1],49.49999999999994,10,1278.6000000000095,0.0,False,6
31,0,2,[1 2],861.5000000000073,0.5,0.5,0.06846438078703831,SI,[2 1],49.49999999999994,10,1278.6000000000095,0.0,False,6
31,0,3,[1 2],861.5000000000073,0.5,0.5,0.26532984115748937,SI,[2 1],49.49999999999994,10,1278.6000000000095,0.0,False,6
31,0,4,[1 2],861.5000000000073,0.5,0.5,0.42027080062540123,SI,[2 1],49.49999999999994,10,1278.6000000000095,0.0,False,6
32,0,0,[1 2],861.5000000000073,0.5,0.5,0.32464882473443546,SI,[2 1],49.49999999999994,10,1278.6000000000095,0.0,False,6
32,0,1,[1 2],861.5000000000073,0.5,0.5,0.3726009933521637,SI,[2 1],49.49999999999994,10,1278.6000000000095,0.0,False,6
32,0,2,[1 2],861.5000000000073,0.5,0.5,0.20727622326628847,SI,[2 1],49.49999999999994,10,1278.6000000000095,0.0,False,6
32,0,3,[1 2],861.5000000000073,0.5,0.5,0.34114131495674815,SI,[2 1],49.49999999999994,10,1278.6000000000095,0.0,False,6
32,0,4,[1 2],861.5000000000073,0.5,0.5,0.37956769683422675,SI,[2 1],49.49999999999994,10,1278.6000000000095,0.0,False,6
33,0,0,[1 2],861.5000000000073,0.5,0.5,0.4000813868300095,SI,[2 1],49.49999999999994,10,1278.6000000000095,0.0,False,6
33,0,1,[1 2],861.5000000000073,0.5,0.5,0.3648891039912898,SI,[2 1],49.49999999999994,10,1278.6000000000095,0.0,False,6
33,0,2,[1 2],861.5000000000073,0.5,0.5,0.13637301609627517,SI,[2 1],49.49999999999994,10,1278.6000000000095,0.0,False,6
33,0,3,[1 2],861.5000000000073,0.5,0.5,0.14535211825142413,SI,[2 1],49.49999999999994,10,1278.6000000000095,0.0,False,6
33,0,4,[1 2],861.5000000000073,0.5,0.5,0.07828160479894086,SI,[2 1],49.49999999999994,10,1278.6000000000095,0.0,False,6
34,0,0,[1 2],861.5000000000073,0.5,0.5,0.27110376872601216,SI,[2 1],49.49999999999994,10,1278.6000000000095,0.0,False,6
34,0,1,[1 2],861.5000000000073,0.5,0.5,0.4122577401280978,SI,[2 1],49.49999999999994,10,1278.6000000000095,0.0,False,6
34,0,2,[1 2],861.5000000000073,0.5,0.5,0.11183853670825072,SI,[2 1],49.49999999999994,10,1278.6000000000095,0.0,False,6
34,0,3,[1 2],861.5000000000073,0.5,0.5,0.23688982615804244,SI,[2 1],49.49999999999994,10,1278.6000000000095,0.0,False,6
34,0,4,[1 2],861.5000000000073,0.5,0.5,0.31743497486564654,SI,[2 1],49.49999999999994,10,1278.6000000000095,0.0,False,6
35,0,0,[1 2],861.5000000000073,0.5,0.5,0.21926713787581464,SI,[2 1],49.49999999999994,10,1278.6000000000095,0.0,False,6
35,0,1,[1 2],861.5000000000073,0.5,0.5,0.35296386502679544,SI,[2 1],49.49999999999994,10,1278.6000000000095,0.0,False,6
35,0,2,[1 2],861.5000000000073,0.5,0.5,0.4806130962156273,SI,[2 1],49.49999999999994,10,1278.6000000000095,0.0,False,6
35,0,3,[1 2],861.5000000000073,0.5,0.5,0.23202418734196062,SI,[2 1],49.49999999999994,10,1278.6000000000095,0.0,False,6
35,0,4,[1 2],861.5000000000073,0.5,0.5,0.2962632448083776,SI,[2 1],49.49999999999994,10,1278.6000000000095,0.0,False,6
36,0,0,[1 2],861.5000000000073,0.5,0.5,0.3105876262058709,SI,[2 1],49.49999999999994,10,1278.6000000000095,0.0,False,6
36,0,1,[1 2],861.5000000000073,0.5,0.5,0.03247807047690454,SI,[2 1],49.49999999999994,10,1278.6000000000095,0.0,False,6
36,0,2,[1 2],861.5000000000073,0.5,0.5,0.15837786325429193,SI,[2 1],49.49999999999994,10,1278.6000000000095,0.0,False,6
36,0,3,[1 2],861.5000000000073,0.5,0.5,0.09966797191476773,SI,[2 1],49.49999999999994,10,1278.6000000000095,0.0,False,6
36,0,4,[1 2],861.5000000000073,0.5,0.5,0.022069762711889984,SI,[2 1],49.49999999999994,10,1278.6000000000095,0.0,False,6
37,0,0,[1 2],861.5000000000073,0.5,0.5,0.4082170978332156,SI,[2 1],49.49999999999994,10,1278.6000000000095,0.0,False,6
37,0,1,[1 2],861.5000000000073,0.5,0.5,0.472952469551008,SI,[2 1],49.49999999999994,10,1278.6000000000095,0.0,False,6
37,0,2,[1 2],861.5000000000073,0.5,0.5,0.463355084069595,SI,[2 1],49.49999999999994,10,1278.6000000000095,0.0,False,6
37,0,3,[1 2],861.5000000000073,0.5,0.5,0.08463166753033957,SI,[2 1],49.49999999999994,10,1278.6000000000095,0.0,False,6
37,0,4,[1 2],861.5000000000073,0.5,0.5,0.20228016198556964,SI,[2 1],49.49999999999994,10,1278.6000000000095,0.0,False,6
38,0,0,[1 2],861.5000000000073,0.5,0.5,0.09671957418345101,SI,[2 1],49.49999999999994,10,1278.6000000000095,0.0,False,6
38,0,1,[1 2],861.5000000000073,0.5,0.5,0.44728587109246754,SI,[2 1],49.49999999999994,10,1278.6000000000095,0.0,False,6
38,0,2,[1 2],861.5000000000073,0.5,0.5,0.38290752960585606,SI,[2 1],49.49999999999994,10,1278.6000000000095,0.0,False,6
38,0,3,[1 2],861.5000000000073,0.5,0.5,0.4375730405009659,SI,[2 1],49.49999999999994,10,1278.6000000000095,0.0,False,6
38,0,4,[1 2],861.5000000000073,0.5,0.5,0.3089886918708563,SI,[2 1],49.49999999999994,10,1278.6000000000095,0.0,False,6
39,0,0,[1 2],861.5000000000073,0.5,0.5,0.39756006373314456,SI,[2 1],49.49999999999994,10,1278.6000000000095,0.0,False,6
39,0,1,[1 2],861.5000000000073,0.5,0.5,0.053114643860383115,SI,[2 1],49.49999999999994,10,1278.6000000000095,0.0,False,6
39,0,2,[1 2],861.5000000000073,0.5,0.5,0.2904614168095131,SI,[2 1],49.49999999999994,10,1278.6000000000095,0.0,False,6
39,0,3,[1 2],861.5000000000073,0.5,0.5,0.20204715028812648,SI,[2 1],49.49999999999994,10,1278.6000000000095,0.0,False,6
39,0,4,[1 2],861.5000000000073,0.5,0.5,0.441294295764757,SI,[2 1],49.49999999999994,10,1278.6000000000095,0.0,False,6
40,0,0,[1 2],861.5000000000073,0.5,0.5,0.08058373840892052,SI,[2 1],49.49999999999994,10,1278.6000000000095,0.0,False,6
40,0,1,[1 2],861.5000000000073,0.5,0.5,0.3648980401375945,SI,[2 1],49.49999999999994,10,1278.6000000000095,0.0,False,6
40,0,2,[1 2],861.5000000000073,0.5,0.5,0.2411106724878861,SI,[2 1],49.49999999999994,10,1278.6000000000095,0.0,False,6
40,0,3,[1 2],861.5000000000073,0.5,0.5,0.4221701900252941,SI,[2 1],49.49999999999994,10,1278.6000000000095,0.0,False,6
40,0,4,[1 2],861.5000000000073,0.5,0.5,0.3753707026824994,SI,[2 1],49.49999999999994,10,1278.6000000000095,0.0,False,6
41,0,0,[1 2],861.5000000000073,0.5,0.5,0.4826765025203257,SI,[2 1],49.49999999999994,10,1278.6000000000095,0.0,False,6
41,0,1,[1 2],861.5000000000073,0.5,0.5,0.06873134543990533,SI,[2 1],49.49999999999994,10,1278.6000000000095,0.0,False,6
41,0,2,[1 2],861.5000000000073,0.5,0.5,0.2651013775354376,SI,[2 1],49.49999999999994,10,1278.6000000000095,0.0,False,6
41,0,3,[1 2],861.5000000000073,0.5,0.5,0.22566992013757636,SI,[2 1],49.49999999999994,10,1278.6000000000095,0.0,False,6
41,0,4,[1 2],861.5000000000073,0.5,0.5,0.016273428479426144,SI,[2 1],49.49999999999994,10,1278.6000000000095,0.0,False,6
42,0,0,[1 2],861.5000000000073,0.5,0.5,0.3328766638712175,SI,[2 1],49.49999999999994,10,1278.6000000000095,0.0,False,6
42,0,1,[1 2],861.5000000000073,0.5,0.5,0.33552983586453555,SI,[2 1],49.49999999999994,10,1278.6000000000095,0.0,False,6
42,0,2,[1 2],861.5000000000073,0.5,0.5,0.2403955335353939,SI,[2 1],49.49999999999994,10,1278.6000000000095,0.0,False,6
42,0,3,[1 2],861.5000000000073,0.5,0.5,0.19678261859814117,SI,[2 1],49.49999999999994,10,1278.6000000000095,0.0,False,6
42,0,4,[1 2],861.5000000000073,0.5,0.5,0.3122604850114079,SI,[2 1],49.49999999999994,10,1278.6000000000095,0.0,False,6
43,0,0,[1 2],861.5000000000073,0.5,0.5,0.1276677101624737,SI,[2 1],49.49999999999994,10,1278.6000000000095,0.0,False,6
43,0,1,[1 2],861.5000000000073,0.5,0.5,0.4442664521694083,SI,[2 1],49.49999999999994,10,1278.6000000000095,0.0,False,6
43,0,2,[1 2],861.5000000000073,0.5,0.5,0.4484504011570486,SI,[2 1],49.49999999999994,10,1278.6000000000095,0.0,False,6
43,0,3,[1 2],861.5000000000073,0.5,0.5,0.49091553081067374,SI,[2 1],49.49999999999994,10,1278.6000000000095,0.0,False,6
43,0,4,[1 2],861.5000000000073,0.5,0.5,0.3717499714625524,SI,[2 1],49.49999999999994,10,1278.6000000000095,0.0,False,6
44,0,0,[1 2],861.5000000000073,0.5,0.5,0.44793689823197824,SI,[2 1],49.49999999999994,10,1278.6000000000095,0.0,False,6
44,0,1,[1 2],861.5000000000073,0.5,0.5,0.3752298761539784,SI,[2 1],49.49999999999994,10,1278.6000000000095,0.0,False,6
44,0,2,[1 2],861.5000000000073,0.5,0.5,0.4132779063241505,SI,[2 1],49.49999999999994,10,1278.6000000000095,0.0,False,6
44,0,3,[1 2],861.5000000000073,0.5,0.5,0.4871605935527019,SI,[2 1],49.49999999999994,10,1278.6000000000095,0.0,False,6
44,0,4,[1 2],861.5000000000073,0.5,0.5,0.4128556681939487,SI,[2 1],49.49999999999994,10,1278.6000000000095,0.0,False,6
45,0,0,[1 2],861.5000000000073,0.5,0.5,0.04048124345920412,SI,[2 1],49.49999999999994,10,1278.6000000000095,0.0,False,6
45,0,1,[1 2],861.5000000000073,0.5,0.5,0.1143827647823259,SI,[2 1],49.49999999999994,10,1278.6000000000095,0.0,False,6
45,0,2,[1 2],861.5000000000073,0.5,0.5,0.1704564093760771,SI,[2 1],49.49999999999994,10,1278.6000000000095,0.0,False,6
45,0,3,[1 2],861.5000000000073,0.5,0.5,0.3844879904139673,SI,[2 1],49.49999999999994,10,1278.6000000000095,0.0,False,6
45,0,4,[1 2],861.5000000000073,0.5,0.5,0.3404515992118,SI,[2 1],49.49999999999994,10,1278.6000000000095,0.0,False,6
46,0,0,[1 2],861.5000000000073,0.5,0.5,0.34465305274732216,SI,[2 1],49.49999999999994,10,1278.6000000000095,0.0,False,6
46,0,1,[1 2],861.5000000000073,0.5,0.5,0.23112954776980155,SI,[2 1],49.49999999999994,10,1278.6000000000095,0.0,False,6
46,0,2,[1 2],861.5000000000073,0.5,0.5,0.39867881364884317,SI,[2 1],49.49999999999994,10,1278.6000000000095,0.0,False,6
46,0,3,[1 2],861.5000000000073,0.5,0.5,0.17901370749208323,SI,[2 1],49.49999999999994,10,1278.6000000000095,0.0,False,6
46,0,4,[1 2],861.5000000000073,0.5,0.5,0.3989703779115139,SI,[2 1],49.49999999999994,10,1278.6000000000095,0.0,False,6
47,0,0,[1 2],861.5000000000073,0.5,0.5,0.1765436346808601,SI,[2 1],49.49999999999994,10,1278.6000000000095,0.0,False,6
47,0,1,[1 2],861.5000000000073,0.5,0.5,0.251245076552832,SI,[2 1],49.49999999999994,10,1278.6000000000095,0.0,False,6
47,0,2,[1 2],861.5000000000073,0.5,0.5,0.4917306327728991,SI,[2 1],49.49999999999994,10,1278.6000000000095,0.0,False,6
47,0,3,[1 2],861.5000000000073,0.5,0.5,0.1705902169234299,SI,[2 1],49.49999999999994,10,1278.6000000000095,0.0,False,6
47,0,4,[1 2],861.5000000000073,0.5,0.5,0.3817351004765459,SI,[2 1],49.49999999999994,10,1278.6000000000095,0.0,False,6
48,0,0,[1 2],861.5000000000073,0.5,0.5,0.38139588202732455,SI,[2 1],49.49999999999994,10,1278.6000000000095,0.0,False,6
48,0,1,[1 2],861.5000000000073,0.5,0.5,0.06392250166828217,SI,[2 1],49.49999999999994,10,1278.6000000000095,0.0,False,6
48,0,2,[1 2],861.5000000000073,0.5,0.5,0.24128729341083055,SI,[2 1],49.49999999999994,10,1278.6000000000095,0.0,False,6
48,0,3,[1 2],861.5000000000073,0.5,0.5,0.46920837182663444,SI,[2 1],49.49999999999994,10,1278.6000000000095,0.0,False,6
48,0,4,[1 2],861.5000000000073,0.5,0.5,0.478244575923911,SI,[2 1],49.49999999999994,10,1278.6000000000095,0.0,False,6
49,0,0,[1 2],861.5000000000073,0.5,0.5,0.34284435008817804,SI,[2 1],49.49999999999994,10,1278.6000000000095,0.0,False,6
49,0,1,[1 2],861.5000000000073,0.5,0.5,0.12525005459922378,SI,[2 1],49.49999999999994,10,1278.6000000000095,0.0,False,6
49,0,2,[1 2],861.5000000000073,0.5,0.5,0.11667651358063424,SI,[2 1],49.49999999999994,10,1278.6000000000095,0.0,False,6
49,0,3,[1 2],861.5000000000073,0.5,0.5,0.3652248887564562,SI,[2 1],49.49999999999994,10,1278.6000000000095,0.0,False,6
49,0,4,[1 2],861.5000000000073,0.5,0.5,0.46571561323478405,SI,[2 1],49.49999999999994,10,1278.6000000000095,0.0,False,6
50,0,0,[1 2],861.5000000000073,0.5,0.5,0.0017528461517614113,SI,[2 1],49.49999999999994,10,1278.6000000000095,0.0,False,6
50,0,1,[1 2],861.5000000000073,0.5,0.5,0.23141146327256523,SI,[2 1],49.49999999999994,10,1278.6000000000095,0.0,False,6
50,0,2,[1 2],861.5000000000073,0.5,0.5,0.1798726878010296,SI,[2 1],49.49999999999994,10,1278.6000000000095,0.0,False,6
50,0,3,[1 2],861.5000000000073,0.5,0.5,0.280734450109849,SI,[2 1],49.49999999999994,10,1278.6000000000095,0.0,False,6
50,0,4,[1 2],861.5000000000073,0.5,0.5,0.07771481341834807,SI,[2 1],49.49999999999994,10,1278.6000000000095,0.0,False,6
0,1,0,[3 2 1],952.5,0.5,0.5,0.3462604874372872,SI,[3 1 2],52.5,10,996.6999999999971,0.0,False,7
0,1,1,[3 2 1],952.5,0.5,0.5,0.11007756532079815,SI,[3 1 2],52.5,10,996.6999999999971,0.0,False,7
0,1,2,[3 2 1],952.5,0.5,0.5,0.4043110038203708,SI,[3 1 2],52.5,10,996.6999999999971,0.0,False,7
0,1,3,[3 2 1],952.5,0.5,0.5,0.44281288918526873,SI,[3 1 2],52.5,10,996.6999999999971,0.0,False,7
0,1,4,[3 2 1],952.5,0.5,0.5,0.8041937945910701,MI,[1 2 3],89.0,10,979.5999999999985,0.0,False,7
1,0,0,[3 2 1],952.5,0.5,0.5,0.3689447628490268,SI,[3 1 2],52.5,10,996.6999999999971,0.0,False,7
1,0,1,[3 2 1],952.5,0.5,0.5,0.006642764511061938,SI,[3 1 2],52.5,10,996.6999999999971,0.0,False,7
1,0,2,[3 2 1],952.5,0.5,0.5,0.2050996745282485,SI,[3 1 2],52.5,10,996.6999999999971,0.0,False,7
1,0,3,[3 2 1],952.5,0.5,0.5,0.5754856651849637,MI,[1 2 3],89.0,10,979.5999999999985,0.0,False,7
1,0,4,[3 2 1],952.5,0.5,0.5,0.23303943738458155,SI,[3 1 2],52.5,10,996.6999999999971,0.0,False,7
2,0,0,[3 2 1],952.5,0.5,0.5,0.031424299248329124,SI,[3 1 2],52.5,10,996.6999999999971,0.0,False,7
2,0,1,[3 2 1],952.5,0.5,0.5,0.01994705054980117,SI,[3 1 2],52.5,10,996.6999999999971,0.0,False,7
2,0,2,[3 2 1],952.5,0.5,0.5,0.3440945222894626,SI,[3 1 2],52.5,10,996.6999999999971,0.0,False,7
2,0,3,[3 2 1],952.5,0.5,0.5,0.08777931910073877,SI,[3 1 2],52.5,10,996.6999999999971,0.0,False,7
2,0,4,[3 2 1],952.5,0.5,0.5,0.1309802292278084,SI,[3 1 2],52.5,10,996.6999999999971,0.0,False,7
3,0,0,[3 2 1],952.5,0.5,0.5,0.4111823934769173,SI,[3 1 2],52.5,10,996.6999999999971,0.0,False,7
3,0,1,[3 2 1],952.5,0.5,0.5,0.41481635668809125,SI,[3 1 2],52.5,10,996.6999999999971,0.0,False,7
3,0,2,[3 2 1],952.5,0.5,0.5,0.8808079274854099,MI,[1 2 3],89.0,10,979.5999999999985,0.0,False,7
3,0,3,[3 2 1],952.5,0.5,0.5,0.2437531251221824,SI,[3 1 2],52.5,10,996.6999999999971,0.0,False,7
3,0,4,[3 2 1],952.5,0.5,0.5,0.333235709488646,SI,[3 1 2],52.5,10,996.6999999999971,0.0,False,7
4,0,0,[3 2 1],952.5,0.5,0.5,0.22668274929218313,SI,[3 1 2],52.5,10,996.6999999999971,0.0,False,7
4,0,1,[3 2 1],952.5,0.5,0.5,0.12676254276574572,SI,[3 1 2],52.5,10,996.6999999999971,0.0,False,7
4,0,2,[3 2 1],952.5,0.5,0.5,0.019217539469948752,SI,[3 1 2],52.5,10,996.6999999999971,0.0,False,7
4,0,3,[3 2 1],952.5,0.5,0.5,0.12053498169978671,SI,[3 1 2],52.5,10,996.6999999999971,0.0,False,7
4,0,4,[3 2 1],952.5,0.5,0.5,0.2739476446741582,SI,[3 1 2],52.5,10,996.6999999999971,0.0,False,7
5,0,0,[3 2 1],952.5,0.5,0.5,0.39488502738964026,SI,[3 1 2],52.5,10,996.6999999999971,0.0,False,7
5,0,1,[3 2 1],952.5,0.5,0.5,0.056700448213723664,SI,[1 2 3],89.0,10,979.5999999999985,0.0,False,7
5,0,2,[3 2 1],952.5,0.5,0.5,0.49296588361844573,SI,[3 1 2],52.5,10,996.6999999999971,0.0,False,7
5,0,3,[3 2 1],952.5,0.5,0.5,0.09267539781437839,SI,[3 1 2],52.5,10,996.6999999999971,0.0,False,7
5,0,4,[3 2 1],952.5,0.5,0.5,0.01893229276279429,SI,[3 1 2],52.5,10,996.6999999999971,0.0,False,7
6,0,0,[3 2 1],952.5,0.5,0.5,0.44821001532657523,SI,[3 1 2],52.5,10,996.6999999999971,0.0,False,7
6,0,1,[3 2 1],952.5,0.5,0.5,0.0799175627881119,SI,[3 1 2],52.5,10,996.6999999999971,0.0,False,7
6,0,2,[3 2 1],952.5,0.5,0.5,0.09751992608577387,SI,[3 1 2],52.5,10,996.6999999999971,0.0,False,7
6,0,3,[3 2 1],952.5,0.5,0.5,0.05414967697249218,SI,[3 1 2],52.5,10,996.6999999999971,0.0,False,7
6,0,4,[3 2 1],952.5,0.5,0.5,0.21100017420196282,SI,[3 1 2],52.5,10,996.6999999999971,0.0,False,7
7,0,0,[3 2 1],952.5,0.5,0.5,0.7968734264821911,MI,[1 2 3],89.0,10,979.5999999999985,0.0,False,7
7,0,1,[3 2 1],952.5,0.5,0.5,0.3038495894724422,SI,[3 1 2],52.5,10,996.6999999999971,0.0,False,7
7,0,2,[3 2 1],952.5,0.5,0.5,0.23358193501290514,SI,[3 1 2],52.5,10,996.6999999999971,0.0,False,7
7,0,3,[3 2 1],952.5,0.5,0.5,0.44018360816475877,SI,[3 1 2],52.5,10,996.6999999999971,0.0,False,7
7,0,4,[3 2 1],952.5,0.5,0.5,0.1468638494496557,SI,[1 2 3],89.0,10,979.5999999999985,0.0,False,7
8,0,0,[3 2 1],952.5,0.5,0.5,0.07926142512595802,SI,[1 2 3],89.0,10,979.5999999999985,0.0,False,7
8,0,1,[3 2 1],952.5,0.5,0.5,0.03064749928747612,SI,[3 1 2],52.5,10,996.6999999999971,0.0,False,7
8,0,2,[3 2 1],952.5,0.5,0.5,0.7621618155240187,MI,[1 2 3],89.0,10,979.5999999999985,0.0,False,7
8,0,3,[3 2 1],952.5,0.5,0.5,0.4304303372990139,SI,[3 1 2],52.5,10,996.6999999999971,0.0,False,7
8,0,4,[3 2 1],952.5,0.5,0.5,0.1297426523962254,SI,[3 1 2],52.5,10,996.6999999999971,0.0,False,7
9,0,0,[3 2 1],952.5,0.5,0.5,0.41193781963968656,SI,[3 1 2],52.5,10,996.6999999999971,0.0,False,7
9,0,1,[3 2 1],952.5,0.5,0.5,0.07923833033202521,SI,[3 1 2],52.5,10,996.6999999999971,0.0,False,7
9,0,2,[3 2 1],952.5,0.5,0.5,0.404433134324269,SI,[3 1 2],52.5,10,996.6999999999971,0.0,False,7
9,0,3,[3 2 1],952.5,0.5,0.5,0.41142254274896295,SI,[3 1 2],52.5,10,996.6999999999971,0.0,False,7
9,0,4,[3 2 1],952.5,0.5,0.5,0.11788572721125856,SI,[3 1 2],52.5,10,996.6999999999971,0.0,False,7
10,0,0,[3 2 1],952.5,0.5,0.5,0.05919941705590792,SI,[3 1 2],52.5,10,996.6999999999971,0.0,False,7
10,0,1,[3 2 1],952.5,0.5,0.5,0.21086030932198963,SI,[3 1 2],52.5,10,996.6999999999971,0.0,False,7
10,0,2,[3 2 1],952.5,0.5,0.5,0.5712588992897996,MI,[1 2 3],89.0,10,979.5999999999985,0.0,False,7
10,0,3,[3 2 1],952.5,0.5,0.5,0.3249366914884906,SI,[3 1 2],52.5,10,996.6999999999971,0.0,False,7
10,0,4,[3 2 1],952.5,0.5,0.5,0.15699325067255254,SI,[3 1 2],52.5,10,996.6999999999971,0.0,False,7
11,0,0,[3 2 1],952.5,0.5,0.5,0.9413801204179809,MI,[1 2 3],89.0,10,979.5999999999985,0.0,False,7
11,0,1,[3 2 1],952.5,0.5,0.5,0.6923944633096288,MI,[1 2 3],89.0,10,979.5999999999985,0.0,False,7
11,0,2,[3 2 1],952.5,0.5,0.5,0.4905046696976647,SI,[3 1 2],52.5,10,996.6999999999971,0.0,False,7
11,0,3,[3 2 1],952.5,0.5,0.5,0.24615674621966133,SI,[3 1 2],52.5,10,996.6999999999971,0.0,False,7
11,0,4,[3 2 1],952.5,0.5,0.5,0.22554625798427308,SI,[3 1 2],52.5,10,996.6999999999971,0.0,False,7
12,0,0,[3 2 1],952.5,0.5,0.5,0.2837880834540508,SI,[3 1 2],52.5,10,996.6999999999971,0.0,False,7
12,0,1,[3 2 1],952.5,0.5,0.5,0.16132732582209097,SI,[3 1 2],52.5,10,996.6999999999971,0.0,False,7
12,0,2,[3 2 1],952.5,0.5,0.5,0.4681844256643698,SI,[3 1 2],52.5,10,996.6999999999971,0.0,False,7
12,0,3,[3 2 1],952.5,0.5,0.5,0.0442694544431852,SI,[3 1 2],52.5,10,996.6999999999971,0.0,False,7
12,0,4,[3 2 1],952.5,0.5,0.5,0.21787249529572772,SI,[3 1 2],52.5,10,996.6999999999971,0.0,False,7
13,0,0,[3 2 1],952.5,0.5,0.5,0.3168811201752315,SI,[3 1 2],52.5,10,996.6999999999971,0.0,False,7
13,0,1,[3 2 1],952.5,0.5,0.5,0.04023393207334269,SI,[3 1 2],52.5,10,996.6999999999971,0.0,False,7
13,0,2,[3 2 1],952.5,0.5,0.5,0.4173740366485338,SI,[3 1 2],52.5,10,996.6999999999971,0.0,False,7
13,0,3,[3 2 1],952.5,0.5,0.5,0.05061737758769036,SI,[3 1 2],52.5,10,996.6999999999971,0.0,False,7
13,0,4,[3 2 1],952.5,0.5,0.5,0.12917432262654183,SI,[3 1 2],52.5,10,996.6999999999971,0.0,False,7
14,0,0,[3 2 1],952.5,0.5,0.5,0.8743547645612392,MI,[1 2 3],89.0,10,979.5999999999985,0.0,False,7
14,0,1,[3 2 1],952.5,0.5,0.5,0.43051257931954334,SI,[3 1 2],52.5,10,996.6999999999971,0.0,False,7
14,0,2,[3 2 1],952.5,0.5,0.5,0.3718796418244322,SI,[3 1 2],52.5,10,996.6999999999971,0.0,False,7
14,0,3,[3 2 1],952.5,0.5,0.5,0.09437617419073974,SI,[3 1 2],52.5,10,996.6999999999971,0.0,False,7
14,0,4,[3 2 1],952.5,0.5,0.5,0.3489847247211384,SI,[3 1 2],52.5,10,996.6999999999971,0.0,False,7
15,0,0,[3 2 1],952.5,0.5,0.5,0.1737750654188407,SI,[3 1 2],52.5,10,996.6999999999971,0.0,False,7
15,0,1,[3 2 1],952.5,0.5,0.5,0.274067980416276,SI,[3 1 2],52.5,10,996.6999999999971,0.0,False,7
15,0,2,[3 2 1],952.5,0.5,0.5,0.332796876961599,SI,[3 1 2],52.5,10,996.6999999999971,0.0,False,7
15,0,3,[3 2 1],952.5,0.5,0.5,0.13459399923701132,SI,[3 1 2],52.5,10,996.6999999999971,0.0,False,7
15,0,4,[3 2 1],952.5,0.5,0.5,0.34911158043234713,SI,[3 1 2],52.5,10,996.6999999999971,0.0,False,7
16,0,0,[3 2 1],952.5,0.5,0.5,0.3419128602076057,SI,[3 1 2],52.5,10,996.6999999999971,0.0,False,7
16,0,1,[3 2 1],952.5,0.5,0.5,0.19871615922626618,SI,[3 1 2],52.5,10,996.6999999999971,0.0,False,7
16,0,2,[3 2 1],952.5,0.5,0.5,0.17254682627267182,SI,[1 2 3],89.0,10,979.5999999999985,0.0,False,7
16,0,3,[3 2 1],952.5,0.5,0.5,0.09753453847243387,SI,[3 1 2],52.5,10,996.6999999999971,0.0,False,7
16,0,4,[3 2 1],952.5,0.5,0.5,0.17318678108897956,SI,[3 1 2],52.5,10,996.6999999999971,0.0,False,7
17,0,0,[3 2 1],952.5,0.5,0.5,0.7067730509495311,MI,[1 2 3],89.0,10,979.5999999999985,0.0,False,7
17,0,1,[3 2 1],952.5,0.5,0.5,0.044218411677485636,SI,[3 1 2],52.5,10,996.6999999999971,0.0,False,7
17,0,2,[3 2 1],952.5,0.5,0.5,0.9542613447666127,MI,[1 2 3],89.0,10,979.5999999999985,0.0,False,7
17,0,3,[3 2 1],952.5,0.5,0.5,0.36571107894758126,SI,[3 1 2],52.5,10,996.6999999999971,0.0,False,7
17,0,4,[3 2 1],952.5,0.5,0.5,0.16618795917995388,SI,[3 1 2],52.5,10,996.6999999999971,0.0,False,7
18,0,0,[3 2 1],952.5,0.5,0.5,0.012108137792510743,SI,[3 1 2],52.5,10,996.6999999999971,0.0,False,7
18,0,1,[3 2 1],952.5,0.5,0.5,0.13229525628832384,SI,[3 1 2],52.5,10,996.6999999999971,0.0,False,7
18,0,2,[3 2 1],952.5,0.5,0.5,0.422946220294551,SI,[3 1 2],52.5,10,996.6999999999971,0.0,False,7
18,0,3,[3 2 1],952.5,0.5,0.5,0.28791178585114063,SI,[3 1 2],52.5,10,996.6999999999971,0.0,False,7
18,0,4,[3 2 1],952.5,0.5,0.5,0.40864260552218934,SI,[3 1 2],52.5,10,996.6999999999971,0.0,False,7
19,0,0,[3 2 1],952.5,0.5,0.5,0.46494884276423987,SI,[3 1 2],52.5,10,996.6999999999971,0.0,False,7
19,0,1,[3 2 1],952.5,0.5,0.5,0.7177697950525381,MI,[1 2 3],89.0,10,979.5999999999985,0.0,False,7
19,0,2,[3 2 1],952.5,0.5,0.5,0.49315884094406115,SI,[3 1 2],52.5,10,996.6999999999971,0.0,False,7
19,0,3,[3 2 1],952.5,0.5,0.5,0.5715009656367411,MI,[1 2 3],89.0,10,979.5999999999985,0.0,False,7
19,0,4,[3 2 1],952.5,0.5,0.5,0.7089621255788991,MI,[1 2 3],89.0,10,979.5999999999985,0.0,False,7
20,0,0,[3 2 1],952.5,0.5,0.5,0.47376566394331354,SI,[3 1 2],52.5,10,996.6999999999971,0.0,False,7
20,0,1,[3 2 1],952.5,0.5,0.5,0.0024419855484294484,SI,[3 1 2],52.5,10,996.6999999999971,0.0,False,7
20,0,2,[3 2 1],952.5,0.5,0.5,0.003068799175894754,SI,[1 2 3],89.0,10,979.5999999999985,0.0,False,7
20,0,3,[3 2 1],952.5,0.5,0.5,0.05386278286633128,SI,[3 1 2],52.5,10,996.6999999999971,0.0,False,7
20,0,4,[3 2 1],952.5,0.5,0.5,0.303156249582756,SI,[3 1 2],52.5,10,996.6999999999971,0.0,False,7
21,0,0,[3 2 1],952.5,0.5,0.5,0.36486559260307805,SI,[3 1 2],52.5,10,996.6999999999971,0.0,False,7
21,0,1,[3 2 1],952.5,0.5,0.5,0.0023611785975976574,SI,[3 1 2],52.5,10,996.6999999999971,0.0,False,7
21,0,2,[3 2 1],952.5,0.5,0.5,0.08108386860194738,SI,[3 1 2],52.5,10,996.6999999999971,0.0,False,7
21,0,3,[3 2 1],952.5,0.5,0.5,0.4151560142679348,SI,[3 1 2],52.5,10,996.6999999999971,0.0,False,7
21,0,4,[3 2 1],952.5,0.5,0.5,0.45800577971919687,SI,[3 1 2],52.5,10,996.6999999999971,0.0,False,7
22,0,0,[3 2 1],952.5,0.5,0.5,0.41292338635617376,SI,[3 1 2],52.5,10,996.6999999999971,0.0,False,7
22,0,1,[3 2 1],952.5,0.5,0.5,0.44348764526910445,SI,[3 1 2],52.5,10,996.6999999999971,0.0,False,7
22,0,2,[3 2 1],952.5,0.5,0.5,0.25943115057257704,SI,[3 1 2],52.5,10,996.6999999999971,0.0,False,7
22,0,3,[3 2 1],952.5,0.5,0.5,0.05016829281924051,SI,[3 1 2],52.5,10,996.6999999999971,0.0,False,7
22,0,4,[3 2 1],952.5,0.5,0.5,0.16784959651525821,SI,[3 1 2],52.5,10,996.6999999999971,0.0,False,7
23,0,0,[3 2 1],952.5,0.5,0.5,0.2794180104906673,SI,[3 1 2],52.5,10,996.6999999999971,0.0,False,7
23,0,1,[3 2 1],952.5,0.5,0.5,0.09532666277391122,SI,[3 1 2],52.5,10,996.6999999999971,0.0,False,7
23,0,2,[3 2 1],952.5,0.5,0.5,0.11848773413905023,SI,[3 1 2],52.5,10,996.6999999999971,0.0,False,7
23,0,3,[3 2 1],952.5,0.5,0.5,0.0636114105800818,SI,[3 1 2],52.5,10,996.6999999999971,0.0,False,7
23,0,4,[3 2 1],952.5,0.5,0.5,0.08453329167224666,SI,[3 1 2],52.5,10,996.6999999999971,0.0,False,7
24,0,0,[3 2 1],952.5,0.5,0.5,0.34825487291890667,SI,[3 1 2],52.5,10,996.6999999999971,0.0,False,7
24,0,1,[3 2 1],952.5,0.5,0.5,0.16524678508816137,SI,[3 1 2],52.5,10,996.6999999999971,0.0,False,7
24,0,2,[3 2 1],952.5,0.5,0.5,0.6742023159391516,MI,[1 2 3],89.0,10,979.5999999999985,0.0,False,7
24,0,3,[3 2 1],952.5,0.5,0.5,0.39003151719679674,SI,[3 1 2],52.5,10,996.6999999999971,0.0,False,7
24,0,4,[3 2 1],952.5,0.5,0.5,0.22091988559957776,SI,[3 1 2],52.5,10,996.6999999999971,0.0,False,7
25,0,0,[3 2 1],952.5,0.5,0.5,0.02005550397819944,SI,[3 1 2],52.5,10,996.6999999999971,0.0,False,7
25,0,1,[3 2 1],952.5,0.5,0.5,0.31045648122380665,SI,[3 1 2],52.5,10,996.6999999999971,0.0,False,7
25,0,2,[3 2 1],952.5,0.5,0.5,0.48883358364467755,SI,[3 1 2],52.5,10,996.6999999999971,0.0,False,7
25,0,3,[3 2 1],952.5,0.5,0.5,0.059540512295067516,SI,[3 1 2],52.5,10,996.6999999999971,0.0,False,7
25,0,4,[3 2 1],952.5,0.5,0.5,0.3924425671535279,SI,[3 1 2],52.5,10,996.6999999999971,0.0,False,7
26,0,0,[3 2 1],952.5,0.5,0.5,0.4686623806682939,SI,[3 1 2],52.5,10,996.6999999999971,0.0,False,7
26,0,1,[3 2 1],952.5,0.5,0.5,0.2582657738377029,SI,[3 1 2],52.5,10,996.6999999999971,0.0,False,7
26,0,2,[3 2 1],952.5,0.5,0.5,0.40276165074105386,SI,[3 1 2],52.5,10,996.6999999999971,0.0,False,7
26,0,3,[3 2 1],952.5,0.5,0.5,0.9583361565025874,MI,[1 2 3],89.0,10,979.5999999999985,0.0,False,7
26,0,4,[3 2 1],952.5,0.5,0.5,0.30175268418982226,SI,[3 1 2],52.5,10,996.6999999999971,0.0,False,7
27,0,0,[3 2 1],952.5,0.5,0.5,0.12769119879768331,SI,[3 1 2],52.5,10,996.6999999999971,0.0,False,7
27,0,1,[3 2 1],952.5,0.5,0.5,0.6518092757574114,MI,[1 2 3],89.0,10,979.5999999999985,0.0,False,7
27,0,2,[3 2 1],952.5,0.5,0.5,0.09376718422341146,SI,[3 1 2],52.5,10,996.6999999999971,0.0,False,7
27,0,3,[3 2 1],952.5,0.5,0.5,0.3943087934555146,SI,[3 1 2],52.5,10,996.6999999999971,0.0,False,7
27,0,4,[3 2 1],952.5,0.5,0.5,0.039717330635551495,SI,[3 1 2],52.5,10,996.6999999999971,0.0,False,7
28,0,0,[3 2 1],952.5,0.5,0.5,0.04927554313043592,SI,[3 1 2],52.5,10,996.6999999999971,0.0,False,7
28,0,1,[3 2 1],952.5,0.5,0.5,0.1917178782993405,SI,[3 1 2],52.5,10,996.6999999999971,0.0,False,7
28,0,2,[3 2 1],952.5,0.5,0.5,0.2002995468878772,SI,[3 1 2],52.5,10,996.6999999999971,0.0,False,7
28,0,3,[3 2 1],952.5,0.5,0.5,0.7820012495460827,MI,[1 2 3],89.0,10,979.5999999999985,0.0,False,7
28,0,4,[3 2 1],952.5,0.5,0.5,0.33062774921799476,SI,[3 1 2],52.5,10,996.6999999999971,0.0,False,7
29,0,0,[3 2 1],952.5,0.5,0.5,0.3134082572143516,SI,[3 1 2],52.5,10,996.6999999999971,0.0,False,7
29,0,1,[3 2 1],952.5,0.5,0.5,0.4670865260164232,SI,[3 1 2],52.5,10,996.6999999999971,0.0,False,7
29,0,2,[3 2 1],952.5,0.5,0.5,0.16185951067563265,SI,[3 1 2],52.5,10,996.6999999999971,0.0,False,7
29,0,3,[3 2 1],952.5,0.5,0.5,0.624237700409003,MI,[1 2 3],89.0,10,979.5999999999985,0.0,False,7
29,0,4,[3 2 1],952.5,0.5,0.5,0.35952518017920676,SI,[3 1 2],52.5,10,996.6999999999971,0.0,False,7
30,0,0,[3 2 1],952.5,0.5,0.5,0.2560990609468782,SI,[3 1 2],52.5,10,996.6999999999971,0.0,False,7
30,0,1,[3 2 1],952.5,0.5,0.5,0.4063762265669765,SI,[3 1 2],52.5,10,996.6999999999971,0.0,False,7
30,0,2,[3 2 1],952.5,0.5,0.5,0.016091374215581045,SI,[3 1 2],52.5,10,996.6999999999971,0.0,False,7
30,0,3,[3 2 1],952.5,0.5,0.5,0.28120020531268053,SI,[3 1 2],52.5,10,996.6999999999971,0.0,False,7
30,0,4,[3 2 1],952.5,0.5,0.5,0.1684516082512938,SI,[3 1 2],52.5,10,996.6999999999971,0.0,False,7
31,0,0,[3 2 1],952.5,0.5,0.5,0.14426894630398368,SI,[3 1 2],52.5,10,996.6999999999971,0.0,False,7
31,0,1,[3 2 1],952.5,0.5,0.5,0.4308191394534693,SI,[3 1 2],52.5,10,996.6999999999971,0.0,False,7
31,0,2,[3 2 1],952.5,0.5,0.5,0.29679460805035496,SI,[3 1 2],52.5,10,996.6999999999971,0.0,False,7
31,0,3,[3 2 1],952.5,0.5,0.5,0.08573838584874816,SI,[3 1 2],52.5,10,996.6999999999971,0.0,False,7
31,0,4,[3 2 1],952.5,0.5,0.5,0.7353153519495493,MI,[1 2 3],89.0,10,979.5999999999985,0.0,False,7
32,0,0,[3 2 1],952.5,0.5,0.5,0.16814939492867642,SI,[3 1 2],52.5,10,996.6999999999971,0.0,False,7
32,0,1,[3 2 1],952.5,0.5,0.5,0.35224620937687345,SI,[3 1 2],52.5,10,996.6999999999971,0.0,False,7
32,0,2,[3 2 1],952.5,0.5,0.5,0.21718823382054087,SI,[3 1 2],52.5,10,996.6999999999971,0.0,False,7
32,0,3,[3 2 1],952.5,0.5,0.5,0.1708114810849507,SI,[3 1 2],52.5,10,996.6999999999971,0.0,False,7
32,0,4,[3 2 1],952.5,0.5,0.5,0.1483708804653775,SI,[3 1 2],52.5,10,996.6999999999971,0.0,False,7
33,0,0,[3 2 1],952.5,0.5,0.5,0.07270279483822506,SI,[3 1 2],52.5,10,996.6999999999971,0.0,False,7
33,0,1,[3 2 1],952.5,0.5,0.5,0.0030389552228867744,SI,[1 2 3],89.0,10,979.5999999999985,0.0,False,7
33,0,2,[3 2 1],952.5,0.5,0.5,0.16544041709242086,SI,[3 1 2],52.5,10,996.6999999999971,0.0,False,7
33,0,3,[3 2 1],952.5,0.5,0.5,0.20369384096227572,SI,[3 1 2],52.5,10,996.6999999999971,0.0,False,7
33,0,4,[3 2 1],952.5,0.5,0.5,0.33747234533162485,SI,[3 1 2],52.5,10,996.6999999999971,0.0,False,7
34,0,0,[3 2 1],952.5,0.5,0.5,0.14198197352544206,SI,[3 1 2],52.5,10,996.6999999999971,0.0,False,7
34,0,1,[3 2 1],952.5,0.5,0.5,0.41818373514854656,SI,[3 1 2],52.5,10,996.6999999999971,0.0,False,7
34,0,2,[3 2 1],952.5,0.5,0.5,0.066845573830839,SI,[3 1 2],52.5,10,996.6999999999971,0.0,False,7
34,0,3,[3 2 1],952.5,0.5,0.5,0.43015553944328244,SI,[3 1 2],52.5,10,996.6999999999971,0.0,False,7
34,0,4,[3 2 1],952.5,0.5,0.5,0.13615359258827986,SI,[3 1 2],52.5,10,996.6999999999971,0.0,False,7
35,0,0,[3 2 1],952.5,0.5,0.5,0.908345926362474,MI,[1 2 3],89.0,10,979.5999999999985,0.0,False,7
35,0,1,[3 2 1],952.5,0.5,0.5,0.10980673104562855,SI,[3 1 2],52.5,10,996.6999999999971,0.0,False,7
35,0,2,[3 2 1],952.5,0.5,0.5,0.1450014214523493,SI,[3 1 2],52.5,10,996.6999999999971,0.0,False,7
35,0,3,[3 2 1],952.5,0.5,0.5,0.8460980220104158,MI,[1 2 3],89.0,10,979.5999999999985,0.0,False,7
35,0,4,[3 2 1],952.5,0.5,0.5,0.27423385339532447,SI,[3 1 2],52.5,10,996.6999999999971,0.0,False,7
36,0,0,[3 2 1],952.5,0.5,0.5,0.2692506848867755,SI,[3 1 2],52.5,10,996.6999999999971,0.0,False,7
36,0,1,[3 2 1],952.5,0.5,0.5,0.10915395067877454,SI,[3 1 2],52.5,10,996.6999999999971,0.0,False,7
36,0,2,[3 2 1],952.5,0.5,0.5,0.22150339691812104,SI,[3 1 2],52.5,10,996.6999999999971,0.0,False,7
36,0,3,[3 2 1],952.5,0.5,0.5,0.1625324671630396,SI,[3 1 2],52.5,10,996.6999999999971,0.0,False,7
36,0,4,[3 2 1],952.5,0.5,0.5,0.28760417611063827,SI,[3 1 2],52.5,10,996.6999999999971,0.0,False,7
37,0,0,[3 2 1],952.5,0.5,0.5,0.4114430007257247,SI,[3 1 2],52.5,10,996.6999999999971,0.0,False,7
37,0,1,[3 2 1],952.5,0.5,0.5,0.019894964970637474,SI,[3 1 2],52.5,10,996.6999999999971,0.0,False,7
37,0,2,[3 2 1],952.5,0.5,0.5,0.22677784289036518,SI,[3 1 2],52.5,10,996.6999999999971,0.0,False,7
37,0,3,[3 2 1],952.5,0.5,0.5,0.14299116540474577,SI,[3 1 2],52.5,10,996.6999999999971,0.0,False,7
37,0,4,[3 2 1],952.5,0.5,0.5,0.27060534513634793,SI,[3 1 2],52.5,10,996.6999999999971,0.0,False,7
38,0,0,[3 2 1],952.5,0.5,0.5,0.3372149006088391,SI,[3 1 2],52.5,10,996.6999999999971,0.0,False,7
38,0,1,[3 2 1],952.5,0.5,0.5,0.21763382224666128,SI,[3 1 2],52.5,10,996.6999999999971,0.0,False,7
38,0,2,[3 2 1],952.5,0.5,0.5,0.34150205541668,SI,[3 1 2],52.5,10,996.6999999999971,0.0,False,7
38,0,3,[3 2 1],952.5,0.5,0.5,0.09615436624877227,SI,[3 1 2],52.5,10,996.6999999999971,0.0,False,7
38,0,4,[3 2 1],952.5,0.5,0.5,0.18494793756274697,SI,[3 1 2],52.5,10,996.6999999999971,0.0,False,7
39,0,0,[3 2 1],952.5,0.5,0.5,0.037997401390832186,SI,[3 1 2],52.5,10,996.6999999999971,0.0,False,7
39,0,1,[3 2 1],952.5,0.5,0.5,0.9577632563157215,MI,[1 2 3],89.0,10,979.5999999999985,0.0,False,7
39,0,2,[3 2 1],952.5,0.5,0.5,0.11702539124220013,SI,[3 1 2],52.5,10,996.6999999999971,0.0,False,7
39,0,3,[3 2 1],952.5,0.5,0.5,0.21463252562058754,SI,[3 1 2],52.5,10,996.6999999999971,0.0,False,7
39,0,4,[3 2 1],952.5,0.5,0.5,0.1908464801324269,SI,[3 1 2],52.5,10,996.6999999999971,0.0,False,7
40,0,0,[3 2 1],952.5,0.5,0.5,0.5652641999592839,MI,[1 2 3],89.0,10,979.5999999999985,0.0,False,7
40,0,1,[3 2 1],952.5,0.5,0.5,0.40172427546714795,SI,[3 1 2],52.5,10,996.6999999999971,0.0,False,7
40,0,2,[3 2 1],952.5,0.5,0.5,0.004384587089084402,SI,[3 1 2],52.5,10,996.6999999999971,0.0,False,7
40,0,3,[3 2 1],952.5,0.5,0.5,0.24767359061721428,SI,[3 1 2],52.5,10,996.6999999999971,0.0,False,7
40,0,4,[3 2 1],952.5,0.5,0.5,2.1031350573075258e-05,SI,[3 1 2],52.5,10,996.6999999999971,0.0,False,7
41,0,0,[3 2 1],952.5,0.5,0.5,0.561209832383295,MI,[1 2 3],89.0,10,979.5999999999985,0.0,False,7
41,0,1,[3 2 1],952.5,0.5,0.5,0.23164803247990862,SI,[3 1 2],52.5,10,996.6999999999971,0.0,False,7
41,0,2,[3 2 1],952.5,0.5,0.5,0.1480627671896233,SI,[1 2 3],89.0,10,979.5999999999985,0.0,False,7
41,0,3,[3 2 1],952.5,0.5,0.5,0.3211539550272823,SI,[3 1 2],52.5,10,996.6999999999971,0.0,False,7
41,0,4,[3 2 1],952.5,0.5,0.5,0.0846447640792668,SI,[3 1 2],52.5,10,996.6999999999971,0.0,False,7
42,0,0,[3 2 1],952.5,0.5,0.5,0.018445152479197424,SI,[3 1 2],52.5,10,996.6999999999971,0.0,False,7
42,0,1,[3 2 1],952.5,0.5,0.5,0.40377790851980855,SI,[3 1 2],52.5,10,996.6999999999971,0.0,False,7
42,0,2,[3 2 1],952.5,0.5,0.5,0.3467758340055278,SI,[3 1 2],52.5,10,996.6999999999971,0.0,False,7
42,0,3,[3 2 1],952.5,0.5,0.5,0.4134223754257278,SI,[3 1 2],52.5,10,996.6999999999971,0.0,False,7
42,0,4,[3 2 1],952.5,0.5,0.5,0.4290692301174531,SI,[1 2 3],89.0,10,979.5999999999985,0.0,False,7
43,0,0,[3 2 1],952.5,0.5,0.5,0.051265908840994245,SI,[3 1 2],52.5,10,996.6999999999971,0.0,False,7
43,0,1,[3 2 1],952.5,0.5,0.5,0.15780633276859835,SI,[3 1 2],52.5,10,996.6999999999971,0.0,False,7
43,0,2,[3 2 1],952.5,0.5,0.5,0.18180425103339037,SI,[3 1 2],52.5,10,996.6999999999971,0.0,False,7
43,0,3,[3 2 1],952.5,0.5,0.5,0.4591642920378728,SI,[3 1 2],52.5,10,996.6999999999971,0.0,False,7
43,0,4,[3 2 1],952.5,0.5,0.5,0.3905661602401589,SI,[3 1 2],52.5,10,996.6999999999971,0.0,False,7
44,0,0,[3 2 1],952.5,0.5,0.5,0.34992308014684037,SI,[3 1 2],52.5,10,996.6999999999971,0.0,False,7
44,0,1,[3 2 1],952.5,0.5,0.5,0.788331691813235,MI,[1 2 3],89.0,10,979.5999999999985,0.0,False,7
44,0,2,[3 2 1],952.5,0.5,0.5,0.24145019284574676,SI,[3 1 2],52.5,10,996.6999999999971,0.0,False,7
44,0,3,[3 2 1],952.5,0.5,0.5,0.4545298640328057,SI,[3 1 2],52.5,10,996.6999999999971,0.0,False,7
44,0,4,[3 2 1],952.5,0.5,0.5,0.35138065259148243,SI,[3 1 2],52.5,10,996.6999999999971,0.0,False,7
45,0,0,[3 2 1],952.5,0.5,0.5,0.2926458712339577,SI,[3 1 2],52.5,10,996.6999999999971,0.0,False,7
45,0,1,[3 2 1],952.5,0.5,0.5,0.10882486482557119,SI,[3 1 2],52.5,10,996.6999999999971,0.0,False,7
45,0,2,[3 2 1],952.5,0.5,0.5,0.9880091525650794,MI,[1 2 3],89.0,10,979.5999999999985,0.0,False,7
45,0,3,[3 2 1],952.5,0.5,0.5,0.4361471989824127,SI,[3 1 2],52.5,10,996.6999999999971,0.0,False,7
45,0,4,[3 2 1],952.5,0.5,0.5,0.32264196619740626,SI,[3 1 2],52.5,10,996.6999999999971,0.0,False,7
46,0,0,[3 2 1],952.5,0.5,0.5,0.054242629796956376,SI,[3 1 2],52.5,10,996.6999999999971,0.0,False,7
46,0,1,[3 2 1],952.5,0.5,0.5,0.1701565038411731,SI,[3 1 2],52.5,10,996.6999999999971,0.0,False,7
46,0,2,[3 2 1],952.5,0.5,0.5,0.21209561006762423,SI,[3 1 2],52.5,10,996.6999999999971,0.0,False,7
46,0,3,[3 2 1],952.5,0.5,0.5,0.50329328332629,MI,[1 2 3],89.0,10,979.5999999999985,0.0,False,7
46,0,4,[3 2 1],952.5,0.5,0.5,0.34622659800131095,SI,[3 1 2],52.5,10,996.6999999999971,0.0,False,7
47,0,0,[3 2 1],952.5,0.5,0.5,0.7207265960014506,MI,[1 2 3],89.0,10,979.5999999999985,0.0,False,7
47,0,1,[3 2 1],952.5,0.5,0.5,0.03350686241956491,SI,[3 1 2],52.5,10,996.6999999999971,0.0,False,7
47,0,2,[3 2 1],952.5,0.5,0.5,0.31421394416974036,SI,[3 1 2],52.5,10,996.6999999999971,0.0,False,7
47,0,3,[3 2 1],952.5,0.5,0.5,0.12634780040001303,SI,[3 1 2],52.5,10,996.6999999999971,0.0,False,7
47,0,4,[3 2 1],952.5,0.5,0.5,0.129235643973037,SI,[3 1 2],52.5,10,996.6999999999971,0.0,False,7
48,0,0,[3 2 1],952.5,0.5,0.5,0.918108543683182,MI,[1 2 3],89.0,10,979.5999999999985,0.0,False,7
48,0,1,[3 2 1],952.5,0.5,0.5,0.13945503259260061,SI,[3 1 2],52.5,10,996.6999999999971,0.0,False,7
48,0,2,[3 2 1],952.5,0.5,0.5,0.31478361863919013,SI,[3 1 2],52.5,10,996.6999999999971,0.0,False,7
48,0,3,[3 2 1],952.5,0.5,0.5,0.615595873559516,MI,[1 2 3],89.0,10,979.5999999999985,0.0,False,7
48,0,4,[3 2 1],952.5,0.5,0.5,0.32657478626911896,SI,[3 1 2],52.5,10,996.6999999999971,0.0,False,7
49,0,0,[3 2 1],952.5,0.5,0.5,0.175053518557307,SI,[3 1 2],52.5,10,996.6999999999971,0.0,False,7
49,0,1,[3 2 1],952.5,0.5,0.5,0.4860547560989361,SI,[3 1 2],52.5,10,996.6999999999971,0.0,False,7
49,0,2,[3 2 1],952.5,0.5,0.5,0.46585036830393,SI,[3 1 2],52.5,10,996.6999999999971,0.0,False,7
49,0,3,[3 2 1],952.5,0.5,0.5,0.47947977504402484,SI,[3 1 2],52.5,10,996.6999999999971,0.0,False,7
49,0,4,[3 2 1],952.5,0.5,0.5,0.3439900147116245,SI,[3 1 2],52.5,10,996.6999999999971,0.0,False,7
50,0,0,[3 2 1],952.5,0.5,0.5,0.37091385319707715,SI,[3 1 2],52.5,10,996.6999999999971,0.0,False,7
50,0,1,[3 2 1],952.5,0.5,0.5,0.13189922810484467,SI,[3 1 2],52.5,10,996.6999999999971,0.0,False,7
50,0,2,[3 2 1],952.5,0.5,0.5,0.18609959107654106,SI,[3 1 2],52.5,10,996.6999999999971,0.0,False,7
50,0,3,[3 2 1],952.5,0.5,0.5,0.20459997445254507,SI,[3 1 2],52.5,10,996.6999999999971,0.0,False,7
50,0,4,[3 2 1],952.5,0.5,0.5,0.41390105345295625,SI,[3 1 2],52.5,10,996.6999999999971,0.0,False,7
0,1,0,[1 2],796.3000000000029,0.5,0.5,0.29448881435123164,SI,[2 1],116.90000000000003,10,884.4000000000015,0.0,False,8
0,1,1,[1 2],796.3000000000029,0.5,0.5,0.2153275854161243,SI,[2 1],116.90000000000003,10,884.4000000000015,0.0,False,8
0,1,2,[1 2],796.3000000000029,0.5,0.5,0.08510842134075425,SI,[2 1],116.90000000000003,10,884.4000000000015,0.0,False,8
0,1,3,[1 2],796.3000000000029,0.5,0.5,0.20213345481203382,SI,[2 1],116.90000000000003,10,884.4000000000015,0.0,False,8
0,1,4,[1 2],796.3000000000029,0.5,0.5,0.28527775648423925,SI,[2 1],116.90000000000003,10,884.4000000000015,0.0,False,8
1,0,0,[1 2],796.3000000000029,0.5,0.5,0.42939903254913836,SI,[2 1],116.90000000000003,10,884.4000000000015,0.0,False,8
1,0,1,[1 2],796.3000000000029,0.5,0.5,0.235259135575696,SI,[2 1],116.90000000000003,10,884.4000000000015,0.0,False,8
1,0,2,[1 2],796.3000000000029,0.5,0.5,0.20701032512359618,SI,[2 1],116.90000000000003,10,884.4000000000015,0.0,False,8
1,0,3,[1 2],796.3000000000029,0.5,0.5,0.10709636260588518,SI,[2 1],116.90000000000003,10,884.4000000000015,0.0,False,8
1,0,4,[1 2],796.3000000000029,0.5,0.5,0.25172053124262606,SI,[2 1],116.90000000000003,10,884.4000000000015,0.0,False,8
2,0,0,[1 2],796.3000000000029,0.5,0.5,0.06374681668328797,SI,[2 1],116.90000000000003,10,884.4000000000015,0.0,False,8
2,0,1,[1 2],796.3000000000029,0.5,0.5,0.10652129431990087,SI,[2 1],116.90000000000003,10,884.4000000000015,0.0,False,8
2,0,2,[1 2],796.3000000000029,0.5,0.5,0.20226761972451857,SI,[2 1],116.90000000000003,10,884.4000000000015,0.0,False,8
2,0,3,[1 2],796.3000000000029,0.5,0.5,0.02251524977788577,SI,[2 1],116.90000000000003,10,884.4000000000015,0.0,False,8
2,0,4,[1 2],796.3000000000029,0.5,0.5,0.22274119125304392,SI,[2 1],116.90000000000003,10,884.4000000000015,0.0,False,8
3,0,0,[1 2],796.3000000000029,0.5,0.5,0.1585319107212596,SI,[2 1],116.90000000000003,10,884.4000000000015,0.0,False,8
3,0,1,[1 2],796.3000000000029,0.5,0.5,0.23941838963146234,SI,[2 1],116.90000000000003,10,884.4000000000015,0.0,False,8
3,0,2,[1 2],796.3000000000029,0.5,0.5,0.3654859314425827,SI,[2 1],116.90000000000003,10,884.4000000000015,0.0,False,8
3,0,3,[1 2],796.3000000000029,0.5,0.5,0.4990074410669739,SI,[2 1],116.90000000000003,10,884.4000000000015,0.0,False,8
3,0,4,[1 2],796.3000000000029,0.5,0.5,0.4872234167351689,SI,[2 1],116.90000000000003,10,884.4000000000015,0.0,False,8
4,0,0,[1 2],796.3000000000029,0.5,0.5,0.38065308948290877,SI,[2 1],116.90000000000003,10,884.4000000000015,0.0,False,8
4,0,1,[1 2],796.3000000000029,0.5,0.5,0.3544338348212345,SI,[2 1],116.90000000000003,10,884.4000000000015,0.0,False,8
4,0,2,[1 2],796.3000000000029,0.5,0.5,0.2476656534920022,SI,[2 1],116.90000000000003,10,884.4000000000015,0.0,False,8
4,0,3,[1 2],796.3000000000029,0.5,0.5,0.21991819673349677,SI,[2 1],116.90000000000003,10,884.4000000000015,0.0,False,8
4,0,4,[1 2],796.3000000000029,0.5,0.5,0.08477403729924105,SI,[2 1],116.90000000000003,10,884.4000000000015,0.0,False,8
5,0,0,[1 2],796.3000000000029,0.5,0.5,0.40122833264733915,SI,[2 1],116.90000000000003,10,884.4000000000015,0.0,False,8
5,0,1,[1 2],796.3000000000029,0.5,0.5,0.10981274742935832,SI,[2 1],116.90000000000003,10,884.4000000000015,0.0,False,8
5,0,2,[1 2],796.3000000000029,0.5,0.5,0.44380303148341393,SI,[2 1],116.90000000000003,10,884.4000000000015,0.0,False,8
5,0,3,[1 2],796.3000000000029,0.5,0.5,0.23804466453549222,SI,[2 1],116.90000000000003,10,884.4000000000015,0.0,False,8
5,0,4,[1 2],796.3000000000029,0.5,0.5,0.44263928050901447,SI,[2 1],116.90000000000003,10,884.4000000000015,0.0,False,8
6,0,0,[1 2],796.3000000000029,0.5,0.5,0.21119985771933603,SI,[2 1],116.90000000000003,10,884.4000000000015,0.0,False,8
6,0,1,[1 2],796.3000000000029,0.5,0.5,0.16661768972848967,SI,[2 1],116.90000000000003,10,884.4000000000015,0.0,False,8
6,0,2,[1 2],796.3000000000029,0.5,0.5,0.42419650330582803,SI,[2 1],116.90000000000003,10,884.4000000000015,0.0,False,8
6,0,3,[1 2],796.3000000000029,0.5,0.5,0.3049077650190958,SI,[2 1],116.90000000000003,10,884.4000000000015,0.0,False,8
6,0,4,[1 2],796.3000000000029,0.5,0.5,0.19040772262950434,SI,[2 1],116.90000000000003,10,884.4000000000015,0.0,False,8
7,0,0,[1 2],796.3000000000029,0.5,0.5,0.48631697765262627,SI,[2 1],116.90000000000003,10,884.4000000000015,0.0,False,8
7,0,1,[1 2],796.3000000000029,0.5,0.5,0.4077190391028298,SI,[2 1],116.90000000000003,10,884.4000000000015,0.0,False,8
7,0,2,[1 2],796.3000000000029,0.5,0.5,0.009093382898660352,SI,[2 1],116.90000000000003,10,884.4000000000015,0.0,False,8
7,0,3,[1 2],796.3000000000029,0.5,0.5,0.16412272701275143,SI,[2 1],116.90000000000003,10,884.4000000000015,0.0,False,8
7,0,4,[1 2],796.3000000000029,0.5,0.5,0.3827348333182412,SI,[2 1],116.90000000000003,10,884.4000000000015,0.0,False,8
8,0,0,[1 2],796.3000000000029,0.5,0.5,0.062010053257014475,SI,[2 1],116.90000000000003,10,884.4000000000015,0.0,False,8
8,0,1,[1 2],796.3000000000029,0.5,0.5,0.4171465966883551,SI,[2 1],116.90000000000003,10,884.4000000000015,0.0,False,8
8,0,2,[1 2],796.3000000000029,0.5,0.5,0.23977683172820763,SI,[2 1],116.90000000000003,10,884.4000000000015,0.0,False,8
8,0,3,[1 2],796.3000000000029,0.5,0.5,0.09679785282355624,SI,[2 1],116.90000000000003,10,884.4000000000015,0.0,False,8
8,0,4,[1 2],796.3000000000029,0.5,0.5,0.45208576039035375,SI,[2 1],116.90000000000003,10,884.4000000000015,0.0,False,8
9,0,0,[1 2],796.3000000000029,0.5,0.5,0.19039597149256982,SI,[2 1],116.90000000000003,10,884.4000000000015,0.0,False,8
9,0,1,[1 2],796.3000000000029,0.5,0.5,0.42657673398718166,SI,[2 1],116.90000000000003,10,884.4000000000015,0.0,False,8
9,0,2,[1 2],796.3000000000029,0.5,0.5,0.47162116639844953,SI,[2 1],116.90000000000003,10,884.4000000000015,0.0,False,8
9,0,3,[1 2],796.3000000000029,0.5,0.5,0.422550075520696,SI,[2 1],116.90000000000003,10,884.4000000000015,0.0,False,8
9,0,4,[1 2],796.3000000000029,0.5,0.5,0.27289813050937217,SI,[2 1],116.90000000000003,10,884.4000000000015,0.0,False,8
10,0,0,[1 2],796.3000000000029,0.5,0.5,0.007117211597658546,SI,[2 1],116.90000000000003,10,884.4000000000015,0.0,False,8
10,0,1,[1 2],796.3000000000029,0.5,0.5,0.002379510086124803,SI,[2 1],116.90000000000003,10,884.4000000000015,0.0,False,8
10,0,2,[1 2],796.3000000000029,0.5,0.5,0.46344787832015566,SI,[2 1],116.90000000000003,10,884.4000000000015,0.0,False,8
10,0,3,[1 2],796.3000000000029,0.5,0.5,0.22237729101836878,SI,[2 1],116.90000000000003,10,884.4000000000015,0.0,False,8
10,0,4,[1 2],796.3000000000029,0.5,0.5,0.37363574560421053,SI,[2 1],116.90000000000003,10,884.4000000000015,0.0,False,8
11,0,0,[1 2],796.3000000000029,0.5,0.5,0.2440506782160592,SI,[2 1],116.90000000000003,10,884.4000000000015,0.0,False,8
11,0,1,[1 2],796.3000000000029,0.5,0.5,0.3007013769133129,SI,[2 1],116.90000000000003,10,884.4000000000015,0.0,False,8
11,0,2,[1 2],796.3000000000029,0.5,0.5,0.19204487428689476,SI,[2 1],116.90000000000003,10,884.4000000000015,0.0,False,8
11,0,3,[1 2],796.3000000000029,0.5,0.5,0.24502533765367684,SI,[2 1],116.90000000000003,10,884.4000000000015,0.0,False,8
11,0,4,[1 2],796.3000000000029,0.5,0.5,0.2987147357101432,SI,[2 1],116.90000000000003,10,884.4000000000015,0.0,False,8
12,0,0,[1 2],796.3000000000029,0.5,0.5,0.3829427982327608,SI,[2 1],116.90000000000003,10,884.4000000000015,0.0,False,8
12,0,1,[1 2],796.3000000000029,0.5,0.5,0.19208005987728205,SI,[2 1],116.90000000000003,10,884.4000000000015,0.0,False,8
12,0,2,[1 2],796.3000000000029,0.5,0.5,0.13145453292014786,SI,[2 1],116.90000000000003,10,884.4000000000015,0.0,False,8
12,0,3,[1 2],796.3000000000029,0.5,0.5,0.3304781627992468,SI,[2 1],116.90000000000003,10,884.4000000000015,0.0,False,8
12,0,4,[1 2],796.3000000000029,0.5,0.5,0.012031997576648412,SI,[2 1],116.90000000000003,10,884.4000000000015,0.0,False,8
13,0,0,[1 2],796.3000000000029,0.5,0.5,0.4587570607255631,SI,[2 1],116.90000000000003,10,884.4000000000015,0.0,False,8
13,0,1,[1 2],796.3000000000029,0.5,0.5,0.46114527929718474,SI,[2 1],116.90000000000003,10,884.4000000000015,0.0,False,8
13,0,2,[1 2],796.3000000000029,0.5,0.5,0.39422408335212655,SI,[2 1],116.90000000000003,10,884.4000000000015,0.0,False,8
13,0,3,[1 2],796.3000000000029,0.5,0.5,0.37021538774610796,SI,[2 1],116.90000000000003,10,884.4000000000015,0.0,False,8
13,0,4,[1 2],796.3000000000029,0.5,0.5,0.47135045267820785,SI,[2 1],116.90000000000003,10,884.4000000000015,0.0,False,8
14,0,0,[1 2],796.3000000000029,0.5,0.5,0.4392834893352924,SI,[2 1],116.90000000000003,10,884.4000000000015,0.0,False,8
14,0,1,[1 2],796.3000000000029,0.5,0.5,0.46776112395834,SI,[2 1],116.90000000000003,10,884.4000000000015,0.0,False,8
14,0,2,[1 2],796.3000000000029,0.5,0.5,0.24701104169877797,SI,[2 1],116.90000000000003,10,884.4000000000015,0.0,False,8
14,0,3,[1 2],796.3000000000029,0.5,0.5,0.2482472818528253,SI,[2 1],116.90000000000003,10,884.4000000000015,0.0,False,8
14,0,4,[1 2],796.3000000000029,0.5,0.5,0.32295627786631664,SI,[2 1],116.90000000000003,10,884.4000000000015,0.0,False,8
15,0,0,[1 2],796.3000000000029,0.5,0.5,0.46241814892275246,SI,[2 1],116.90000000000003,10,884.4000000000015,0.0,False,8
15,0,1,[1 2],796.3000000000029,0.5,0.5,0.1635898062146951,SI,[2 1],116.90000000000003,10,884.4000000000015,0.0,False,8
15,0,2,[1 2],796.3000000000029,0.5,0.5,0.44421708521691383,SI,[2 1],116.90000000000003,10,884.4000000000015,0.0,False,8
15,0,3,[1 2],796.3000000000029,0.5,0.5,0.41279108159568234,SI,[2 1],116.90000000000003,10,884.4000000000015,0.0,False,8
15,0,4,[1 2],796.3000000000029,0.5,0.5,0.49601518915408127,SI,[2 1],116.90000000000003,10,884.4000000000015,0.0,False,8
16,0,0,[1 2],796.3000000000029,0.5,0.5,0.2458651220588407,SI,[2 1],116.90000000000003,10,884.4000000000015,0.0,False,8
16,0,1,[1 2],796.3000000000029,0.5,0.5,0.33735565725630445,SI,[2 1],116.90000000000003,10,884.4000000000015,0.0,False,8
16,0,2,[1 2],796.3000000000029,0.5,0.5,0.4776405959876462,SI,[2 1],116.90000000000003,10,884.4000000000015,0.0,False,8
16,0,3,[1 2],796.3000000000029,0.5,0.5,0.43022117214479905,SI,[2 1],116.90000000000003,10,884.4000000000015,0.0,False,8
16,0,4,[1 2],796.3000000000029,0.5,0.5,0.03297904177539068,SI,[2 1],116.90000000000003,10,884.4000000000015,0.0,False,8
17,0,0,[1 2],796.3000000000029,0.5,0.5,0.3740138872622337,SI,[2 1],116.90000000000003,10,884.4000000000015,0.0,False,8
17,0,1,[1 2],796.3000000000029,0.5,0.5,0.16439801297374024,SI,[2 1],116.90000000000003,10,884.4000000000015,0.0,False,8
17,0,2,[1 2],796.3000000000029,0.5,0.5,0.15896431449388493,SI,[2 1],116.90000000000003,10,884.4000000000015,0.0,False,8
17,0,3,[1 2],796.3000000000029,0.5,0.5,0.33411919319682404,SI,[2 1],116.90000000000003,10,884.4000000000015,0.0,False,8
17,0,4,[1 2],796.3000000000029,0.5,0.5,0.21881572556992646,SI,[2 1],116.90000000000003,10,884.4000000000015,0.0,False,8
18,0,0,[1 2],796.3000000000029,0.5,0.5,0.3438174121771027,SI,[2 1],116.90000000000003,10,884.4000000000015,0.0,False,8
18,0,1,[1 2],796.3000000000029,0.5,0.5,0.26312513750375033,SI,[2 1],116.90000000000003,10,884.4000000000015,0.0,False,8
18,0,2,[1 2],796.3000000000029,0.5,0.5,0.33085444892021265,SI,[2 1],116.90000000000003,10,884.4000000000015,0.0,False,8
18,0,3,[1 2],796.3000000000029,0.5,0.5,0.2540162450332182,SI,[2 1],116.90000000000003,10,884.4000000000015,0.0,False,8
18,0,4,[1 2],796.3000000000029,0.5,0.5,0.23816820571708153,SI,[2 1],116.90000000000003,10,884.4000000000015,0.0,False,8
19,0,0,[1 2],796.3000000000029,0.5,0.5,0.26303023590209273,SI,[2 1],116.90000000000003,10,884.4000000000015,0.0,False,8
19,0,1,[1 2],796.3000000000029,0.5,0.5,0.012329823712412313,SI,[2 1],116.90000000000003,10,884.4000000000015,0.0,False,8
19,0,2,[1 2],796.3000000000029,0.5,0.5,0.20201513106522528,SI,[2 1],116.90000000000003,10,884.4000000000015,0.0,False,8
19,0,3,[1 2],796.3000000000029,0.5,0.5,0.3642469587893822,SI,[2 1],116.90000000000003,10,884.4000000000015,0.0,False,8
19,0,4,[1 2],796.3000000000029,0.5,0.5,0.25605498179818276,SI,[2 1],116.90000000000003,10,884.4000000000015,0.0,False,8
20,0,0,[1 2],796.3000000000029,0.5,0.5,0.318566691142221,SI,[2 1],116.90000000000003,10,884.4000000000015,0.0,False,8
20,0,1,[1 2],796.3000000000029,0.5,0.5,0.2050834606750871,SI,[2 1],116.90000000000003,10,884.4000000000015,0.0,False,8
20,0,2,[1 2],796.3000000000029,0.5,0.5,0.16893937983518814,SI,[2 1],116.90000000000003,10,884.4000000000015,0.0,False,8
20,0,3,[1 2],796.3000000000029,0.5,0.5,0.09378240823382256,SI,[2 1],116.90000000000003,10,884.4000000000015,0.0,False,8
20,0,4,[1 2],796.3000000000029,0.5,0.5,0.06078799105162769,SI,[2 1],116.90000000000003,10,884.4000000000015,0.0,False,8
21,0,0,[1 2],796.3000000000029,0.5,0.5,0.020553963866869585,SI,[2 1],116.90000000000003,10,884.4000000000015,0.0,False,8
21,0,1,[1 2],796.3000000000029,0.5,0.5,0.32302023223339194,SI,[2 1],116.90000000000003,10,884.4000000000015,0.0,False,8
21,0,2,[1 2],796.3000000000029,0.5,0.5,0.46619499896815475,SI,[2 1],116.90000000000003,10,884.4000000000015,0.0,False,8
21,0,3,[1 2],796.3000000000029,0.5,0.5,0.38280594891207975,SI,[2 1],116.90000000000003,10,884.4000000000015,0.0,False,8
21,0,4,[1 2],796.3000000000029,0.5,0.5,0.06612235333673167,SI,[2 1],116.90000000000003,10,884.4000000000015,0.0,False,8
22,0,0,[1 2],796.3000000000029,0.5,0.5,0.48331774381818504,SI,[2 1],116.90000000000003,10,884.4000000000015,0.0,False,8
22,0,1,[1 2],796.3000000000029,0.5,0.5,0.44519669335652,SI,[2 1],116.90000000000003,10,884.4000000000015,0.0,False,8
22,0,2,[1 2],796.3000000000029,0.5,0.5,0.017831934874459,SI,[2 1],116.90000000000003,10,884.4000000000015,0.0,False,8
22,0,3,[1 2],796.3000000000029,0.5,0.5,0.38940197142769484,SI,[2 1],116.90000000000003,10,884.4000000000015,0.0,False,8
22,0,4,[1 2],796.3000000000029,0.5,0.5,0.00537118794368685,SI,[2 1],116.90000000000003,10,884.4000000000015,0.0,False,8
23,0,0,[1 2],796.3000000000029,0.5,0.5,0.04017228022005426,SI,[2 1],116.90000000000003,10,884.4000000000015,0.0,False,8
23,0,1,[1 2],796.3000000000029,0.5,0.5,0.18797301673049505,SI,[2 1],116.90000000000003,10,884.4000000000015,0.0,False,8
23,0,2,[1 2],796.3000000000029,0.5,0.5,0.44091703884440614,SI,[2 1],116.90000000000003,10,884.4000000000015,0.0,False,8
23,0,3,[1 2],796.3000000000029,0.5,0.5,0.3223946619334449,SI,[2 1],116.90000000000003,10,884.4000000000015,0.0,False,8
23,0,4,[1 2],796.3000000000029,0.5,0.5,0.34099933039477426,SI,[2 1],116.90000000000003,10,884.4000000000015,0.0,False,8
24,0,0,[1 2],796.3000000000029,0.5,0.5,0.1382170574043864,SI,[2 1],116.90000000000003,10,884.4000000000015,0.0,False,8
24,0,1,[1 2],796.3000000000029,0.5,0.5,0.4845836806668997,SI,[2 1],116.90000000000003,10,884.4000000000015,0.0,False,8
24,0,2,[1 2],796.3000000000029,0.5,0.5,0.05095363003529507,SI,[2 1],116.90000000000003,10,884.4000000000015,0.0,False,8
24,0,3,[1 2],796.3000000000029,0.5,0.5,0.6233907537610316,MI,[1 2],inf,10,796.3000000000029,0.0,False,8
24,0,4,[1 2],796.3000000000029,0.5,0.5,0.0539353163191737,SI,[2 1],116.90000000000003,10,884.4000000000015,0.0,False,8
25,0,0,[1 2],796.3000000000029,0.5,0.5,0.08795402876911795,SI,[2 1],116.90000000000003,10,884.4000000000015,0.0,False,8
25,0,1,[1 2],796.3000000000029,0.5,0.5,0.3185999873808453,SI,[2 1],116.90000000000003,10,884.4000000000015,0.0,False,8
25,0,2,[1 2],796.3000000000029,0.5,0.5,0.28532117662268874,SI,[2 1],116.90000000000003,10,884.4000000000015,0.0,False,8
25,0,3,[1 2],796.3000000000029,0.5,0.5,0.4909966470808398,SI,[2 1],116.90000000000003,10,884.4000000000015,0.0,False,8
25,0,4,[1 2],796.3000000000029,0.5,0.5,0.40378386440450187,SI,[2 1],116.90000000000003,10,884.4000000000015,0.0,False,8
26,0,0,[1 2],796.3000000000029,0.5,0.5,0.0786958785243167,SI,[2 1],116.90000000000003,10,884.4000000000015,0.0,False,8
26,0,1,[1 2],796.3000000000029,0.5,0.5,0.0822188033572615,SI,[2 1],116.90000000000003,10,884.4000000000015,0.0,False,8
26,0,2,[1 2],796.3000000000029,0.5,0.5,0.23358964413246064,SI,[2 1],116.90000000000003,10,884.4000000000015,0.0,False,8
26,0,3,[1 2],796.3000000000029,0.5,0.5,0.017575845070774143,SI,[2 1],116.90000000000003,10,884.4000000000015,0.0,False,8
26,0,4,[1 2],796.3000000000029,0.5,0.5,0.18800218245198408,SI,[2 1],116.90000000000003,10,884.4000000000015,0.0,False,8
27,0,0,[1 2],796.3000000000029,0.5,0.5,0.2839441193699056,SI,[2 1],116.90000000000003,10,884.4000000000015,0.0,False,8
27,0,1,[1 2],796.3000000000029,0.5,0.5,0.4719278171790404,SI,[2 1],116.90000000000003,10,884.4000000000015,0.0,False,8
27,0,2,[1 2],796.3000000000029,0.5,0.5,0.2299656832681003,SI,[2 1],116.90000000000003,10,884.4000000000015,0.0,False,8
27,0,3,[1 2],796.3000000000029,0.5,0.5,0.3967771058183396,SI,[2 1],116.90000000000003,10,884.4000000000015,0.0,False,8
27,0,4,[1 2],796.3000000000029,0.5,0.5,0.21743570249271338,SI,[2 1],116.90000000000003,10,884.4000000000015,0.0,False,8
28,0,0,[1 2],796.3000000000029,0.5,0.5,0.09950726599794757,SI,[2 1],116.90000000000003,10,884.4000000000015,0.0,False,8
28,0,1,[1 2],796.3000000000029,0.5,0.5,0.4057389609494565,SI,[2 1],116.90000000000003,10,884.4000000000015,0.0,False,8
28,0,2,[1 2],796.3000000000029,0.5,0.5,0.39139423547341023,SI,[2 1],116.90000000000003,10,884.4000000000015,0.0,False,8
28,0,3,[1 2],796.3000000000029,0.5,0.5,0.27552664821946593,SI,[2 1],116.90000000000003,10,884.4000000000015,0.0,False,8
28,0,4,[1 2],796.3000000000029,0.5,0.5,0.18160589938831806,SI,[2 1],116.90000000000003,10,884.4000000000015,0.0,False,8
29,0,0,[1 2],796.3000000000029,0.5,0.5,0.09106949436708645,SI,[2 1],116.90000000000003,10,884.4000000000015,0.0,False,8
29,0,1,[1 2],796.3000000000029,0.5,0.5,0.2376960276706379,SI,[2 1],116.90000000000003,10,884.4000000000015,0.0,False,8
29,0,2,[1 2],796.3000000000029,0.5,0.5,0.16048166951548948,SI,[2 1],116.90000000000003,10,884.4000000000015,0.0,False,8
29,0,3,[1 2],796.3000000000029,0.5,0.5,0.3569522520148255,SI,[2 1],116.90000000000003,10,884.4000000000015,0.0,False,8
29,0,4,[1 2],796.3000000000029,0.5,0.5,0.4398302487355841,SI,[2 1],116.90000000000003,10,884.4000000000015,0.0,False,8
30,0,0,[1 2],796.3000000000029,0.5,0.5,0.1280417982331853,SI,[2 1],116.90000000000003,10,884.4000000000015,0.0,False,8
30,0,1,[1 2],796.3000000000029,0.5,0.5,0.021569484942654205,SI,[2 1],116.90000000000003,10,884.4000000000015,0.0,False,8
30,0,2,[1 2],796.3000000000029,0.5,0.5,0.3701195831892635,SI,[2 1],116.90000000000003,10,884.4000000000015,0.0,False,8
30,0,3,[1 2],796.3000000000029,0.5,0.5,0.40133914626595435,SI,[2 1],116.90000000000003,10,884.4000000000015,0.0,False,8
30,0,4,[1 2],796.3000000000029,0.5,0.5,0.011576490888216884,SI,[2 1],116.90000000000003,10,884.4000000000015,0.0,False,8
31,0,0,[1 2],796.3000000000029,0.5,0.5,0.2796415744891164,SI,[2 1],116.90000000000003,10,884.4000000000015,0.0,False,8
31,0,1,[1 2],796.3000000000029,0.5,0.5,0.10380254021869995,SI,[2 1],116.90000000000003,10,884.4000000000015,0.0,False,8
31,0,2,[1 2],796.3000000000029,0.5,0.5,0.37800782595934357,SI,[2 1],116.90000000000003,10,884.4000000000015,0.0,False,8
31,0,3,[1 2],796.3000000000029,0.5,0.5,0.34871970533123886,SI,[2 1],116.90000000000003,10,884.4000000000015,0.0,False,8
31,0,4,[1 2],796.3000000000029,0.5,0.5,0.4572464103540336,SI,[2 1],116.90000000000003,10,884.4000000000015,0.0,False,8
32,0,0,[1 2],796.3000000000029,0.5,0.5,0.495396054679635,SI,[2 1],116.90000000000003,10,884.4000000000015,0.0,False,8
32,0,1,[1 2],796.3000000000029,0.5,0.5,0.25592630424122187,SI,[2 1],116.90000000000003,10,884.4000000000015,0.0,False,8
32,0,2,[1 2],796.3000000000029,0.5,0.5,0.062493833848911384,SI,[2 1],116.90000000000003,10,884.4000000000015,0.0,False,8
32,0,3,[1 2],796.3000000000029,0.5,0.5,0.4110289157953406,SI,[2 1],116.90000000000003,10,884.4000000000015,0.0,False,8
32,0,4,[1 2],796.3000000000029,0.5,0.5,0.02710583767116992,SI,[2 1],116.90000000000003,10,884.4000000000015,0.0,False,8
33,0,0,[1 2],796.3000000000029,0.5,0.5,0.23071348879399922,SI,[2 1],116.90000000000003,10,884.4000000000015,0.0,False,8
33,0,1,[1 2],796.3000000000029,0.5,0.5,0.1642270274616653,SI,[2 1],116.90000000000003,10,884.4000000000015,0.0,False,8
33,0,2,[1 2],796.3000000000029,0.5,0.5,0.16069257836001483,SI,[2 1],116.90000000000003,10,884.4000000000015,0.0,False,8
33,0,3,[1 2],796.3000000000029,0.5,0.5,0.36402165100680584,SI,[2 1],116.90000000000003,10,884.4000000000015,0.0,False,8
33,0,4,[1 2],796.3000000000029,0.5,0.5,0.1911727943440824,SI,[2 1],116.90000000000003,10,884.4000000000015,0.0,False,8
34,0,0,[1 2],796.3000000000029,0.5,0.5,0.3028843888354482,SI,[2 1],116.90000000000003,10,884.4000000000015,0.0,False,8
34,0,1,[1 2],796.3000000000029,0.5,0.5,0.1254340389236661,SI,[2 1],116.90000000000003,10,884.4000000000015,0.0,False,8
34,0,2,[1 2],796.3000000000029,0.5,0.5,0.44018807197610765,SI,[2 1],116.90000000000003,10,884.4000000000015,0.0,False,8
34,0,3,[1 2],796.3000000000029,0.5,0.5,0.42555754640685695,SI,[2 1],116.90000000000003,10,884.4000000000015,0.0,False,8
34,0,4,[1 2],796.3000000000029,0.5,0.5,0.02516369248020278,SI,[2 1],116.90000000000003,10,884.4000000000015,0.0,False,8
35,0,0,[1 2],796.3000000000029,0.5,0.5,0.0017883042301242158,SI,[2 1],116.90000000000003,10,884.4000000000015,0.0,False,8
35,0,1,[1 2],796.3000000000029,0.5,0.5,0.13688232096891884,SI,[2 1],116.90000000000003,10,884.4000000000015,0.0,False,8
35,0,2,[1 2],796.3000000000029,0.5,0.5,0.18043902431079262,SI,[2 1],116.90000000000003,10,884.4000000000015,0.0,False,8
35,0,3,[1 2],796.3000000000029,0.5,0.5,0.029659278484960416,SI,[2 1],116.90000000000003,10,884.4000000000015,0.0,False,8
35,0,4,[1 2],796.3000000000029,0.5,0.5,0.2808453710876593,SI,[2 1],116.90000000000003,10,884.4000000000015,0.0,False,8
36,0,0,[1 2],796.3000000000029,0.5,0.5,0.17886053052459516,SI,[2 1],116.90000000000003,10,884.4000000000015,0.0,False,8
36,0,1,[1 2],796.3000000000029,0.5,0.5,0.3962069112540796,SI,[2 1],116.90000000000003,10,884.4000000000015,0.0,False,8
36,0,2,[1 2],796.3000000000029,0.5,0.5,0.48056905357879565,SI,[2 1],116.90000000000003,10,884.4000000000015,0.0,False,8
36,0,3,[1 2],796.3000000000029,0.5,0.5,0.3337746261167195,SI,[2 1],116.90000000000003,10,884.4000000000015,0.0,False,8
36,0,4,[1 2],796.3000000000029,0.5,0.5,0.19426290244466604,SI,[2 1],116.90000000000003,10,884.4000000000015,0.0,False,8
37,0,0,[1 2],796.3000000000029,0.5,0.5,0.26396617000811406,SI,[2 1],116.90000000000003,10,884.4000000000015,0.0,False,8
37,0,1,[1 2],796.3000000000029,0.5,0.5,0.3507086188716235,SI,[2 1],116.90000000000003,10,884.4000000000015,0.0,False,8
37,0,2,[1 2],796.3000000000029,0.5,0.5,0.14542019793046357,SI,[2 1],116.90000000000003,10,884.4000000000015,0.0,False,8
37,0,3,[1 2],796.3000000000029,0.5,0.5,0.025696984374317222,SI,[2 1],116.90000000000003,10,884.4000000000015,0.0,False,8
37,0,4,[1 2],796.3000000000029,0.5,0.5,0.008945636977438998,SI,[2 1],116.90000000000003,10,884.4000000000015,0.0,False,8
38,0,0,[1 2],796.3000000000029,0.5,0.5,0.0703608722106761,SI,[2 1],116.90000000000003,10,884.4000000000015,0.0,False,8
38,0,1,[1 2],796.3000000000029,0.5,0.5,0.23832792564030203,SI,[2 1],116.90000000000003,10,884.4000000000015,0.0,False,8
38,0,2,[1 2],796.3000000000029,0.5,0.5,0.26984411444422374,SI,[2 1],116.90000000000003,10,884.4000000000015,0.0,False,8
38,0,3,[1 2],796.3000000000029,0.5,0.5,0.08314925330311107,SI,[2 1],116.90000000000003,10,884.4000000000015,0.0,False,8
38,0,4,[1 2],796.3000000000029,0.5,0.5,0.1220357196248234,SI,[2 1],116.90000000000003,10,884.4000000000015,0.0,False,8
39,0,0,[1 2],796.3000000000029,0.5,0.5,0.16697043866638284,SI,[2 1],116.90000000000003,10,884.4000000000015,0.0,False,8
39,0,1,[1 2],796.3000000000029,0.5,0.5,0.13099337539810518,SI,[2 1],116.90000000000003,10,884.4000000000015,0.0,False,8
39,0,2,[1 2],796.3000000000029,0.5,0.5,0.3726134934024895,SI,[2 1],116.90000000000003,10,884.4000000000015,0.0,False,8
39,0,3,[1 2],796.3000000000029,0.5,0.5,0.28129984348065595,SI,[2 1],116.90000000000003,10,884.4000000000015,0.0,False,8
39,0,4,[1 2],796.3000000000029,0.5,0.5,0.138163383288745,SI,[2 1],116.90000000000003,10,884.4000000000015,0.0,False,8
40,0,0,[1 2],796.3000000000029,0.5,0.5,0.1520346499670091,SI,[2 1],116.90000000000003,10,884.4000000000015,0.0,False,8
40,0,1,[1 2],796.3000000000029,0.5,0.5,0.035454444498319915,SI,[2 1],116.90000000000003,10,884.4000000000015,0.0,False,8
40,0,2,[1 2],796.3000000000029,0.5,0.5,0.30472685440462577,SI,[2 1],116.90000000000003,10,884.4000000000015,0.0,False,8
40,0,3,[1 2],796.3000000000029,0.5,0.5,0.4064066840457521,SI,[2 1],116.90000000000003,10,884.4000000000015,0.0,False,8
40,0,4,[1 2],796.3000000000029,0.5,0.5,0.2943282775883307,SI,[2 1],116.90000000000003,10,884.4000000000015,0.0,False,8
41,0,0,[1 2],796.3000000000029,0.5,0.5,0.42102364205372256,SI,[2 1],116.90000000000003,10,884.4000000000015,0.0,False,8
41,0,1,[1 2],796.3000000000029,0.5,0.5,0.028603169503063075,SI,[2 1],116.90000000000003,10,884.4000000000015,0.0,False,8
41,0,2,[1 2],796.3000000000029,0.5,0.5,0.19048928976141433,SI,[2 1],116.90000000000003,10,884.4000000000015,0.0,False,8
41,0,3,[1 2],796.3000000000029,0.5,0.5,0.42665189777101176,SI,[2 1],116.90000000000003,10,884.4000000000015,0.0,False,8
41,0,4,[1 2],796.3000000000029,0.5,0.5,0.19423953281903839,SI,[2 1],116.90000000000003,10,884.4000000000015,0.0,False,8
42,0,0,[1 2],796.3000000000029,0.5,0.5,0.2187622456607592,SI,[2 1],116.90000000000003,10,884.4000000000015,0.0,False,8
42,0,1,[1 2],796.3000000000029,0.5,0.5,0.2313905868362991,SI,[2 1],116.90000000000003,10,884.4000000000015,0.0,False,8
42,0,2,[1 2],796.3000000000029,0.5,0.5,0.3341263316721548,SI,[2 1],116.90000000000003,10,884.4000000000015,0.0,False,8
42,0,3,[1 2],796.3000000000029,0.5,0.5,0.03815559007802316,SI,[2 1],116.90000000000003,10,884.4000000000015,0.0,False,8
42,0,4,[1 2],796.3000000000029,0.5,0.5,0.2606732832229137,SI,[2 1],116.90000000000003,10,884.4000000000015,0.0,False,8
43,0,0,[1 2],796.3000000000029,0.5,0.5,0.47350174466346506,SI,[2 1],116.90000000000003,10,884.4000000000015,0.0,False,8
43,0,1,[1 2],796.3000000000029,0.5,0.5,0.14106832453568052,SI,[2 1],116.90000000000003,10,884.4000000000015,0.0,False,8
43,0,2,[1 2],796.3000000000029,0.5,0.5,0.2404031342781977,SI,[2 1],116.90000000000003,10,884.4000000000015,0.0,False,8
43,0,3,[1 2],796.3000000000029,0.5,0.5,0.21406956581256464,SI,[2 1],116.90000000000003,10,884.4000000000015,0.0,False,8
43,0,4,[1 2],796.3000000000029,0.5,0.5,0.08639159600628465,SI,[2 1],116.90000000000003,10,884.4000000000015,0.0,False,8
44,0,0,[1 2],796.3000000000029,0.5,0.5,0.45753345446036564,SI,[2 1],116.90000000000003,10,884.4000000000015,0.0,False,8
44,0,1,[1 2],796.3000000000029,0.5,0.5,0.06532240299056713,SI,[2 1],116.90000000000003,10,884.4000000000015,0.0,False,8
44,0,2,[1 2],796.3000000000029,0.5,0.5,0.19572995366615897,SI,[2 1],116.90000000000003,10,884.4000000000015,0.0,False,8
44,0,3,[1 2],796.3000000000029,0.5,0.5,0.29991808324049507,SI,[2 1],116.90000000000003,10,884.4000000000015,0.0,False,8
44,0,4,[1 2],796.3000000000029,0.5,0.5,0.44055205272550935,SI,[2 1],116.90000000000003,10,884.4000000000015,0.0,False,8
45,0,0,[1 2],796.3000000000029,0.5,0.5,0.2821814957216091,SI,[2 1],116.90000000000003,10,884.4000000000015,0.0,False,8
45,0,1,[1 2],796.3000000000029,0.5,0.5,0.05822095032135399,SI,[2 1],116.90000000000003,10,884.4000000000015,0.0,False,8
45,0,2,[1 2],796.3000000000029,0.5,0.5,0.29669311919806585,SI,[2 1],116.90000000000003,10,884.4000000000015,0.0,False,8
45,0,3,[1 2],796.3000000000029,0.5,0.5,0.15355169193620677,SI,[2 1],116.90000000000003,10,884.4000000000015,0.0,False,8
45,0,4,[1 2],796.3000000000029,0.5,0.5,0.21895329436768696,SI,[2 1],116.90000000000003,10,884.4000000000015,0.0,False,8
46,0,0,[1 2],796.3000000000029,0.5,0.5,0.23095944701474513,SI,[2 1],116.90000000000003,10,884.4000000000015,0.0,False,8
46,0,1,[1 2],796.3000000000029,0.5,0.5,0.2722964191794204,SI,[2 1],116.90000000000003,10,884.4000000000015,0.0,False,8
46,0,2,[1 2],796.3000000000029,0.5,0.5,0.491849321273495,SI,[2 1],116.90000000000003,10,884.4000000000015,0.0,False,8
46,0,3,[1 2],796.3000000000029,0.5,0.5,0.24931491344068202,SI,[2 1],116.90000000000003,10,884.4000000000015,0.0,False,8
46,0,4,[1 2],796.3000000000029,0.5,0.5,0.10586053510652416,SI,[2 1],116.90000000000003,10,884.4000000000015,0.0,False,8
47,0,0,[1 2],796.3000000000029,0.5,0.5,0.45208321093600234,SI,[2 1],116.90000000000003,10,884.4000000000015,0.0,False,8
47,0,1,[1 2],796.3000000000029,0.5,0.5,0.42754606172474363,SI,[2 1],116.90000000000003,10,884.4000000000015,0.0,False,8
47,0,2,[1 2],796.3000000000029,0.5,0.5,0.30436479246176096,SI,[2 1],116.90000000000003,10,884.4000000000015,0.0,False,8
47,0,3,[1 2],796.3000000000029,0.5,0.5,0.4487478478520591,SI,[2 1],116.90000000000003,10,884.4000000000015,0.0,False,8
47,0,4,[1 2],796.3000000000029,0.5,0.5,0.12011938199015693,SI,[2 1],116.90000000000003,10,884.4000000000015,0.0,False,8
48,0,0,[1 2],796.3000000000029,0.5,0.5,0.43130258338668626,SI,[2 1],116.90000000000003,10,884.4000000000015,0.0,False,8
48,0,1,[1 2],796.3000000000029,0.5,0.5,0.3412357672392098,SI,[2 1],116.90000000000003,10,884.4000000000015,0.0,False,8
48,0,2,[1 2],796.3000000000029,0.5,0.5,0.30591102555663774,SI,[2 1],116.90000000000003,10,884.4000000000015,0.0,False,8
48,0,3,[1 2],796.3000000000029,0.5,0.5,0.3733198045891145,SI,[2 1],116.90000000000003,10,884.4000000000015,0.0,False,8
48,0,4,[1 2],796.3000000000029,0.5,0.5,0.24645556346221897,SI,[2 1],116.90000000000003,10,884.4000000000015,0.0,False,8
49,0,0,[1 2],796.3000000000029,0.5,0.5,0.4714692025940357,SI,[2 1],116.90000000000003,10,884.4000000000015,0.0,False,8
49,0,1,[1 2],796.3000000000029,0.5,0.5,0.09751146285941537,SI,[2 1],116.90000000000003,10,884.4000000000015,0.0,False,8
49,0,2,[1 2],796.3000000000029,0.5,0.5,0.017781687012852987,SI,[2 1],116.90000000000003,10,884.4000000000015,0.0,False,8
49,0,3,[1 2],796.3000000000029,0.5,0.5,0.3158922257360339,SI,[2 1],116.90000000000003,10,884.4000000000015,0.0,False,8
49,0,4,[1 2],796.3000000000029,0.5,0.5,0.08273185506844927,SI,[2 1],116.90000000000003,10,884.4000000000015,0.0,False,8
50,0,0,[1 2],796.3000000000029,0.5,0.5,0.48981230097969075,SI,[2 1],116.90000000000003,10,884.4000000000015,0.0,False,8
50,0,1,[1 2],796.3000000000029,0.5,0.5,0.009767223038344874,SI,[2 1],116.90000000000003,10,884.4000000000015,0.0,False,8
50,0,2,[1 2],796.3000000000029,0.5,0.5,0.17944053174420282,SI,[2 1],116.90000000000003,10,884.4000000000015,0.0,False,8
50,0,3,[1 2],796.3000000000029,0.5,0.5,0.38619618417512824,SI,[2 1],116.90000000000003,10,884.4000000000015,0.0,False,8
50,0,4,[1 2],796.3000000000029,0.5,0.5,0.23014029863458307,SI,[2 1],116.90000000000003,10,884.4000000000015,0.0,False,8
