generation,individual,cycle,s_before,f_ini,rho_SI_before,rho_MI_before,random,operator,best_neighbor,best_delta,num_neighbors,f_imp,eta,improved,epoch
0,7,0,[2 1 3],781.3999999999978,0.5,0.5,0.49428976771790756,SI,[2 3 1],17.30000000000001,10,795.1999999999971,0.0,False,0
0,7,1,[2 1 3],781.3999999999978,0.5,0.5,0.34161365267110966,SI,[2 3 1],17.30000000000001,10,795.1999999999971,0.0,False,0
0,7,2,[2 1 3],781.3999999999978,0.5,0.5,0.16922544658417793,SI,[2 3 1],17.30000000000001,10,795.1999999999971,0.0,False,0
0,7,3,[2 1 3],781.3999999999978,0.5,0.5,0.39393329495204155,SI,[2 3 1],17.30000000000001,10,795.1999999999971,0.0,False,0
0,7,4,[2 1 3],781.3999999999978,0.5,0.5,0.22938596022690405,SI,[2 3 1],17.30000000000001,10,795.1999999999971,0.0,False,0
1,0,0,[2 1 3],781.3999999999978,0.5,0.5,0.14521035588434394,SI,[2 3 1],17.30000000000001,10,795.1999999999971,0.0,False,0
1,0,1,[2 1 3],781.3999999999978,0.5,0.5,0.4323890954448474,SI,[2 3 1],17.30000000000001,10,795.1999999999971,0.0,False,0
1,0,2,[2 1 3],781.3999999999978,0.5,0.5,0.1535656706576053,SI,[2 3 1],17.30000000000001,10,795.1999999999971,0.0,False,0
1,0,3,[2 1 3],781.3999999999978,0.5,0.5,0.38166258116131146,SI,[2 3 1],17.30000000000001,10,795.1999999999971,0.0,False,0
1,0,4,[2 1 3],781.3999999999978,0.5,0.5,0.09754807403222865,SI,[2 3 1],17.30000000000001,10,795.1999999999971,0.0,False,0
2,0,0,[2 1 3],781.3999999999978,0.5,0.5,0.10174481096338206,SI,[2 3 1],17.30000000000001,10,795.1999999999971,0.0,False,0
2,0,1,[2 1 3],781.3999999999978,0.5,0.5,0.3658865677278549,SI,[2 3 1],17.30000000000001,10,795.1999999999971,0.0,False,0
2,0,2,[2 1 3],781.3999999999978,0.5,0.5,0.6908600509363257,MI,[3 1 2],60.7,10,795.399999999976,0.0,False,0
2,0,3,[2 1 3],781.3999999999978,0.5,0.5,0.3373682942964583,SI,[2 3 1],17.30000000000001,10,795.1999999999971,0.0,False,0
2,0,4,[2 1 3],781.3999999999978,0.5,0.5,0.39340421708411755,SI,[2 3 1],17.30000000000001,10,795.1999999999971,0.0,False,0
3,0,0,[2 1 3],781.3999999999978,0.5,0.5,0.23456125065508104,SI,[3 1 2],60.7,10,795.399999999976,0.0,False,0
3,0,1,[2 1 3],781.3999999999978,0.5,0.5,0.03578497723646423,SI,[2 3 1],17.30000000000001,10,795.1999999999971,0.0,False,0
3,0,2,[2 1 3],781.3999999999978,0.5,0.5,0.06709854593106523,SI,[2 3 1],17.30000000000001,10,795.1999999999971,0.0,False,0
3,0,3,[2 1 3],781.3999999999978,0.5,0.5,0.4616077373974167,SI,[2 3 1],17.30000000000001,10,795.1999999999971,0.0,False,0
3,0,4,[2 1 3],781.3999999999978,0.5,0.5,0.20797501638302762,SI,[2 3 1],17.30000000000001,10,795.1999999999971,0.0,False,0
4,0,0,[2 1 3],781.3999999999978,0.5,0.5,0.341327945114709,SI,[2 3 1],17.30000000000001,10,795.1999999999971,0.0,False,0
4,0,1,[2 1 3],781.3999999999978,0.5,0.5,0.2645396086481623,SI,[2 3 1],17.30000000000001,10,795.1999999999971,0.0,False,0
4,0,2,[2 1 3],781.3999999999978,0.5,0.5,0.47430511575474943,SI,[2 3 1],17.30000000000001,10,795.1999999999971,0.0,False,0
4,0,3,[2 1 3],781.3999999999978,0.5,0.5,0.42820539203424546,SI,[2 3 1],17.30000000000001,10,795.1999999999971,0.0,False,0
4,0,4,[2 1 3],781.3999999999978,0.5,0.5,0.12156159925168775,SI,[2 3 1],17.30000000000001,10,795.1999999999971,0.0,False,0
5,0,0,[2 1 3],781.3999999999978,0.5,0.5,0.19825257475242597,SI,[2 3 1],17.30000000000001,10,795.1999999999971,0.0,False,0
5,0,1,[2 1 3],781.3999999999978,0.5,0.5,0.2601976662082943,SI,[2 3 1],17.30000000000001,10,795.1999999999971,0.0,False,0
5,0,2,[2 1 3],781.3999999999978,0.5,0.5,0.0020622395380576197,SI,[2 3 1],17.30000000000001,10,795.1999999999971,0.0,False,0
5,0,3,[2 1 3],781.3999999999978,0.5,0.5,0.5340145855450225,MI,[3 1 2],60.7,10,795.399999999976,0.0,False,0
5,0,4,[2 1 3],781.3999999999978,0.5,0.5,0.11253546830774153,SI,[2 3 1],17.30000000000001,10,795.1999999999971,0.0,False,0
6,0,0,[2 1 3],781.3999999999978,0.5,0.5,0.4404122510613695,SI,[2 3 1],17.30000000000001,10,795.1999999999971,0.0,False,0
6,0,1,[2 1 3],781.3999999999978,0.5,0.5,0.15994804417719277,SI,[2 3 1],17.30000000000001,10,795.1999999999971,0.0,False,0
6,0,2,[2 1 3],781.3999999999978,0.5,0.5,0.38071717161081564,SI,[2 3 1],17.30000000000001,10,795.1999999999971,0.0,False,0
6,0,3,[2 1 3],781.3999999999978,0.5,0.5,0.29085577905434956,SI,[2 3 1],17.30000000000001,10,795.1999999999971,0.0,False,0
6,0,4,[2 1 3],781.3999999999978,0.5,0.5,0.4113272383679457,SI,[2 3 1],17.30000000000001,10,795.1999999999971,0.0,False,0
7,0,0,[2 1 3],781.3999999999978,0.5,0.5,0.1967876371825612,SI,[3 1 2],60.7,10,795.399999999976,0.0,False,0
7,0,1,[2 1 3],781.3999999999978,0.5,0.5,0.7516521934862975,MI,[3 1 2],60.7,10,795.399999999976,0.0,False,0
7,0,2,[2 1 3],781.3999999999978,0.5,0.5,0.909826096046766,MI,[3 1 2],60.7,10,795.399999999976,0.0,False,0
7,0,3,[2 1 3],781.3999999999978,0.5,0.5,0.7530254938366172,MI,[3 1 2],60.7,10,795.399999999976,0.0,False,0
7,0,4,[2 1 3],781.3999999999978,0.5,0.5,0.3083035226124192,SI,[2 3 1],17.30000000000001,10,795.1999999999971,0.0,False,0
8,0,0,[2 1 3],781.3999999999978,0.5,0.5,0.18007992458715616,SI,[3 1 2],60.7,10,795.399999999976,0.0,False,0
8,0,1,[2 1 3],781.3999999999978,0.5,0.5,0.0648022288327591,SI,[2 3 1],17.30000000000001,10,795.1999999999971,0.0,False,0
8,0,2,[2 1 3],781.3999999999978,0.5,0.5,0.93178863373081,MI,[3 1 2],60.7,10,795.399999999976,0.0,False,0
8,0,3,[2 1 3],781.3999999999978,0.5,0.5,0.32669362474231844,SI,[2 3 1],17.30000000000001,10,795.1999999999971,0.0,False,0
8,0,4,[2 1 3],781.3999999999978,0.5,0.5,0.48813529193586647,SI,[2 3 1],17.30000000000001,10,795.1999999999971,0.0,False,0
9,0,0,[2 1 3],781.3999999999978,0.5,0.5,0.4902183892077625,SI,[2 3 1],17.30000000000001,10,795.1999999999971,0.0,False,0
9,0,1,[2 1 3],781.3999999999978,0.5,0.5,0.2971707938978475,SI,[2 3 1],17.30000000000001,10,795.1999999999971,0.0,False,0
9,0,2,[2 1 3],781.3999999999978,0.5,0.5,0.14613108183789736,SI,[2 3 1],17.30000000000001,10,795.1999999999971,0.0,False,0
9,0,3,[2 1 3],781.3999999999978,0.5,0.5,0.37659193792318535,SI,[2 3 1],17.30000000000001,10,795.1999999999971,0.0,False,0
9,0,4,[2 1 3],781.3999999999978,0.5,0.5,0.35387878509695725,SI,[2 3 1],17.30000000000001,10,795.1999999999971,0.0,False,0
10,0,0,[2 1 3],781.3999999999978,0.5,0.5,0.8823524553851979,MI,[3 1 2],60.7,10,795.399999999976,0.0,False,0
10,0,1,[2 1 3],781.3999999999978,0.5,0.5,0.3266196688921018,SI,[2 3 1],17.30000000000001,10,795.1999999999971,0.0,False,0
10,0,2,[2 1 3],781.3999999999978,0.5,0.5,0.10243696636939792,SI,[2 3 1],17.30000000000001,10,795.1999999999971,0.0,False,0
10,0,3,[2 1 3],781.3999999999978,0.5,0.5,0.03131071466947377,SI,[2 3 1],17.30000000000001,10,795.1999999999971,0.0,False,0
10,0,4,[2 1 3],781.3999999999978,0.5,0.5,0.9268484199928932,MI,[3 1 2],60.7,10,795.399999999976,0.0,False,0
11,0,0,[2 1 3],781.3999999999978,0.5,0.5,0.36500839335738633,SI,[2 3 1],17.30000000000001,10,795.1999999999971,0.0,False,0
11,0,1,[2 1 3],781.3999999999978,0.5,0.5,0.12684095258913308,SI,[2 3 1],17.30000000000001,10,795.1999999999971,0.0,False,0
11,0,2,[2 1 3],781.3999999999978,0.5,0.5,0.5120829942702562,MI,[3 1 2],60.7,10,795.399999999976,0.0,False,0
11,0,3,[2 1 3],781.3999999999978,0.5,0.5,0.14932250940729608,SI,[2 3 1],17.30000000000001,10,795.1999999999971,0.0,False,0
11,0,4,[2 1 3],781.3999999999978,0.5,0.5,0.391949383589148,SI,[2 3 1],17.30000000000001,10,795.1999999999971,0.0,False,0
12,0,0,[2 1 3],781.3999999999978,0.5,0.5,0.19526404365307626,SI,[2 3 1],17.30000000000001,10,795.1999999999971,0.0,False,0
12,0,1,[2 1 3],781.3999999999978,0.5,0.5,0.016452413239276598,SI,[2 3 1],17.30000000000001,10,795.1999999999971,0.0,False,0
12,0,2,[2 1 3],781.3999999999978,0.5,0.5,0.32725255603013104,SI,[2 3 1],17.30000000000001,10,795.1999999999971,0.0,False,0
12,0,3,[2 1 3],781.3999999999978,0.5,0.5,0.0745157790371539,SI,[2 3 1],17.30000000000001,10,795.1999999999971,0.0,False,0
12,0,4,[2 1 3],781.3999999999978,0.5,0.5,0.1949193785061203,SI,[2 3 1],17.30000000000001,10,795.1999999999971,0.0,False,0
13,0,0,[2 1 3],781.3999999999978,0.5,0.5,0.365863461624947,SI,[2 3 1],17.30000000000001,10,795.1999999999971,0.0,False,0
13,0,1,[2 1 3],781.3999999999978,0.5,0.5,0.6128277893009871,MI,[3 1 2],60.7,10,795.399999999976,0.0,False,0
13,0,2,[2 1 3],781.3999999999978,0.5,0.5,0.5462780743111249,MI,[3 1 2],60.7,10,795.399999999976,0.0,False,0
13,0,3,[2 1 3],781.3999999999978,0.5,0.5,0.3915725192125188,SI,[2 3 1],17.30000000000001,10,795.1999999999971,0.0,False,0
13,0,4,[2 1 3],781.3999999999978,0.5,0.5,0.19263680005075345,SI,[2 3 1],17.30000000000001,10,795.1999999999971,0.0,False,0
14,0,0,[2 1 3],781.3999999999978,0.5,0.5,0.1300214947770214,SI,[2 3 1],17.30000000000001,10,795.1999999999971,0.0,False,0
14,0,1,[2 1 3],781.3999999999978,0.5,0.5,0.8466656687751334,MI,[3 1 2],60.7,10,795.399999999976,0.0,False,0
14,0,2,[2 1 3],781.3999999999978,0.5,0.5,0.33167332659475635,SI,[2 3 1],17.30000000000001,10,795.1999999999971,0.0,False,0
14,0,3,[2 1 3],781.3999999999978,0.5,0.5,0.2647940700377547,SI,[2 3 1],17.30000000000001,10,795.1999999999971,0.0,False,0
14,0,4,[2 1 3],781.3999999999978,0.5,0.5,0.4804644245434109,SI,[2 3 1],17.30000000000001,10,795.1999999999971,0.0,False,0
15,0,0,[2 1 3],781.3999999999978,0.5,0.5,0.38106465525637145,SI,[2 3 1],17.30000000000001,10,795.1999999999971,0.0,False,0
15,0,1,[2 1 3],781.3999999999978,0.5,0.5,0.008153438907439359,SI,[2 3 1],17.30000000000001,10,795.1999999999971,0.0,False,0
15,0,2,[2 1 3],781.3999999999978,0.5,0.5,0.023750277324255276,SI,[2 3 1],17.30000000000001,10,795.1999999999971,0.0,False,0
15,0,3,[2 1 3],781.3999999999978,0.5,0.5,0.07659678614019327,SI,[2 3 1],17.30000000000001,10,795.1999999999971,0.0,False,0
15,0,4,[2 1 3],781.3999999999978,0.5,0.5,0.37313592234637283,SI,[2 3 1],17.30000000000001,10,795.1999999999971,0.0,False,0
16,0,0,[2 1 3],781.3999999999978,0.5,0.5,0.038911570079986024,SI,[2 3 1],17.30000000000001,10,795.1999999999971,0.0,False,0
16,0,1,[2 1 3],781.3999999999978,0.5,0.5,0.3840442594933092,SI,[2 3 1],17.30000000000001,10,795.1999999999971,0.0,False,0
16,0,2,[2 1 3],781.3999999999978,0.5,0.5,0.17687793548223907,SI,[2 3 1],17.30000000000001,10,795.1999999999971,0.0,False,0
16,0,3,[2 1 3],781.3999999999978,0.5,0.5,0.2256935408880688,SI,[2 3 1],17.30000000000001,10,795.1999999999971,0.0,False,0
16,0,4,[2 1 3],781.3999999999978,0.5,0.5,0.7331152476038578,MI,[3 1 2],60.7,10,795.399999999976,0.0,False,0
17,0,0,[2 1 3],781.3999999999978,0.5,0.5,0.31972628376704404,SI,[2 3 1],17.30000000000001,10,795.1999999999971,0.0,False,0
17,0,1,[2 1 3],781.3999999999978,0.5,0.5,0.2060358603317467,SI,[2 3 1],17.30000000000001,10,795.1999999999971,0.0,False,0
17,0,2,[2 1 3],781.3999999999978,0.5,0.5,0.13817875922411849,SI,[2 3 1],17.30000000000001,10,795.1999999999971,0.0,False,0
17,0,3,[2 1 3],781.3999999999978,0.5,0.5,0.7365040253942404,MI,[3 1 2],60.7,10,795.399999999976,0.0,False,0
17,0,4,[2 1 3],781.3999999999978,0.5,0.5,0.4547824523717735,SI,[2 3 1],17.30000000000001,10,795.1999999999971,0.0,False,0
18,0,0,[2 1 3],781.3999999999978,0.5,0.5,0.046903146688430986,SI,[2 3 1],17.30000000000001,10,795.1999999999971,0.0,False,0
18,0,1,[2 1 3],781.3999999999978,0.5,0.5,0.20920735085488662,SI,[2 3 1],17.30000000000001,10,795.1999999999971,0.0,False,0
18,0,2,[2 1 3],781.3999999999978,0.5,0.5,0.29277066836490095,SI,[2 3 1],17.30000000000001,10,795.1999999999971,0.0,False,0
18,0,3,[2 1 3],781.3999999999978,0.5,0.5,0.38036218812691336,SI,[2 3 1],17.30000000000001,10,795.1999999999971,0.0,False,0
18,0,4,[2 1 3],781.3999999999978,0.5,0.5,0.18923626530344273,SI,[2 3 1],17.30000000000001,10,795.1999999999971,0.0,False,0
19,0,0,[2 1 3],781.3999999999978,0.5,0.5,0.39164479027693655,SI,[2 3 1],17.30000000000001,10,795.1999999999971,0.0,False,0
19,0,1,[2 1 3],781.3999999999978,0.5,0.5,0.3979521100580907,SI,[2 3 1],17.30000000000001,10,795.1999999999971,0.0,False,0
19,0,2,[2 1 3],781.3999999999978,0.5,0.5,0.09185258057118795,SI,[2 3 1],17.30000000000001,10,795.1999999999971,0.0,False,0
19,0,3,[2 1 3],781.3999999999978,0.5,0.5,0.44072595008916815,SI,[2 3 1],17.30000000000001,10,795.1999999999971,0.0,False,0
19,0,4,[2 1 3],781.3999999999978,0.5,0.5,0.3818570113088007,SI,[2 3 1],17.30000000000001,10,795.1999999999971,0.0,False,0
20,0,0,[2 1 3],781.3999999999978,0.5,0.5,0.24680178934356845,SI,[2 3 1],17.30000000000001,10,795.1999999999971,0.0,False,0
20,0,1,[2 1 3],781.3999999999978,0.5,0.5,0.396729784656063,SI,[2 3 1],17.30000000000001,10,795.1999999999971,0.0,False,0
20,0,2,[2 1 3],781.3999999999978,0.5,0.5,0.37888261657473754,SI,[2 3 1],17.30000000000001,10,795.1999999999971,0.0,False,0
20,0,3,[2 1 3],781.3999999999978,0.5,0.5,0.05471544072258061,SI,[2 3 1],17.30000000000001,10,795.1999999999971,0.0,False,0
20,0,4,[2 1 3],781.3999999999978,0.5,0.5,0.20715640968044746,SI,[2 3 1],17.30000000000001,10,795.1999999999971,0.0,False,0
21,0,0,[2 1 3],781.3999999999978,0.5,0.5,0.3462141162242801,SI,[2 3 1],17.30000000000001,10,795.1999999999971,0.0,False,0
21,0,1,[2 1 3],781.3999999999978,0.5,0.5,0.8593470598589428,MI,[3 1 2],60.7,10,795.399999999976,0.0,False,0
21,0,2,[2 1 3],781.3999999999978,0.5,0.5,0.3251429638201463,SI,[2 3 1],17.30000000000001,10,795.1999999999971,0.0,False,0
21,0,3,[2 1 3],781.3999999999978,0.5,0.5,0.20350131060400933,SI,[2 3 1],17.30000000000001,10,795.1999999999971,0.0,False,0
21,0,4,[2 1 3],781.3999999999978,0.5,0.5,0.4895152826291961,SI,[2 3 1],17.30000000000001,10,795.1999999999971,0.0,False,0
22,0,0,[2 1 3],781.3999999999978,0.5,0.5,0.1910601497682758,SI,[2 3 1],17.30000000000001,10,795.1999999999971,0.0,False,0
22,0,1,[2 1 3],781.3999999999978,0.5,0.5,0.9094312029045996,MI,[3 1 2],60.7,10,795.399999999976,0.0,False,0
22,0,2,[2 1 3],781.3999999999978,0.5,0.5,0.2323428559718208,SI,[2 3 1],17.30000000000001,10,795.1999999999971,0.0,False,0
22,0,3,[2 1 3],781.3999999999978,0.5,0.5,0.23427113474628325,SI,[3 1 2],60.7,10,795.399999999976,0.0,False,0
22,0,4,[2 1 3],781.3999999999978,0.5,0.5,0.3958750103565306,SI,[2 3 1],17.30000000000001,10,795.1999999999971,0.0,False,0
23,0,0,[2 1 3],781.3999999999978,0.5,0.5,0.33549494806686986,SI,[2 3 1],17.30000000000001,10,795.1999999999971,0.0,False,0
23,0,1,[2 1 3],781.3999999999978,0.5,0.5,0.9819850390367795,MI,[3 1 2],60.7,10,795.399999999976,0.0,False,0
23,0,2,[2 1 3],781.3999999999978,0.5,0.5,0.15122146641443956,SI,[2 3 1],17.30000000000001,10,795.1999999999971,0.0,False,0
23,0,3,[2 1 3],781.3999999999978,0.5,0.5,0.03681438609656784,SI,[2 3 1],17.30000000000001,10,795.1999999999971,0.0,False,0
23,0,4,[2 1 3],781.3999999999978,0.5,0.5,0.3671918018193705,SI,[2 3 1],17.30000000000001,10,795.1999999999971,0.0,False,0
24,0,0,[2 1 3],781.3999999999978,0.5,0.5,0.19652067203079948,SI,[2 3 1],17.30000000000001,10,795.1999999999971,0.0,False,0
24,0,1,[2 1 3],781.3999999999978,0.5,0.5,0.3855666244338519,SI,[2 3 1],17.30000000000001,10,795.1999999999971,0.0,False,0
24,0,2,[2 1 3],781.3999999999978,0.5,0.5,0.21978695036128926,SI,[2 3 1],17.30000000000001,10,795.1999999999971,0.0,False,0
24,0,3,[2 1 3],781.3999999999978,0.5,0.5,0.03102742679134418,SI,[2 3 1],17.30000000000001,10,795.1999999999971,0.0,False,0
24,0,4,[2 1 3],781.3999999999978,0.5,0.5,0.20129225214717772,SI,[2 3 1],17.30000000000001,10,795.1999999999971,0.0,False,0
25,0,0,[2 1 3],781.3999999999978,0.5,0.5,0.5127558494276407,MI,[3 1 2],60.7,10,795.399999999976,0.0,False,0
25,0,1,[2 1 3],781.3999999999978,0.5,0.5,0.3949861034617491,SI,[2 3 1],17.30000000000001,10,795.1999999999971,0.0,False,0
25,0,2,[2 1 3],781.3999999999978,0.5,0.5,0.14747045282442495,SI,[2 3 1],17.30000000000001,10,795.1999999999971,0.0,False,0
25,0,3,[2 1 3],781.3999999999978,0.5,0.5,0.4782603909054223,SI,[2 3 1],17.30000000000001,10,795.1999999999971,0.0,False,0
25,0,4,[2 1 3],781.3999999999978,0.5,0.5,0.30633684484918533,SI,[2 3 1],17.30000000000001,10,795.1999999999971,0.0,False,0
26,0,0,[2 1 3],781.3999999999978,0.5,0.5,0.46436283582842397,SI,[2 3 1],17.30000000000001,10,795.1999999999971,0.0,False,0
26,0,1,[2 1 3],781.3999999999978,0.5,0.5,0.21588810120634094,SI,[2 3 1],17.30000000000001,10,795.1999999999971,0.0,False,0
26,0,2,[2 1 3],781.3999999999978,0.5,0.5,0.20215312231329685,SI,[2 3 1],17.30000000000001,10,795.1999999999971,0.0,False,0
26,0,3,[2 1 3],781.3999999999978,0.5,0.5,0.10036342615046245,SI,[2 3 1],17.30000000000001,10,795.1999999999971,0.0,False,0
26,0,4,[2 1 3],781.3999999999978,0.5,0.5,0.04041178877435081,SI,[2 3 1],17.30000000000001,10,795.1999999999971,0.0,False,0
27,0,0,[2 1 3],781.3999999999978,0.5,0.5,0.31698078414547715,SI,[2 3 1],17.30000000000001,10,795.1999999999971,0.0,False,0
27,0,1,[2 1 3],781.3999999999978,0.5,0.5,0.30979116466865564,SI,[2 3 1],17.30000000000001,10,795.1999999999971,0.0,False,0
27,0,2,[2 1 3],781.3999999999978,0.5,0.5,0.355755981193869,SI,[2 3 1],17.30000000000001,10,795.1999999999971,0.0,False,0
27,0,3,[2 1 3],781.3999999999978,0.5,0.5,0.7351676483731515,MI,[3 1 2],60.7,10,795.399999999976,0.0,False,0
27,0,4,[2 1 3],781.3999999999978,0.5,0.5,0.43724006165861073,SI,[2 3 1],17.30000000000001,10,795.1999999999971,0.0,False,0
28,0,0,[2 1 3],781.3999999999978,0.5,0.5,0.007189270074081766,SI,[2 3 1],17.30000000000001,10,795.1999999999971,0.0,False,0
28,0,1,[2 1 3],781.3999999999978,0.5,0.5,0.0797746703206963,SI,[2 3 1],17.30000000000001,10,795.1999999999971,0.0,False,0
28,0,2,[2 1 3],781.3999999999978,0.5,0.5,0.3786938650083669,SI,[2 3 1],17.30000000000001,10,795.1999999999971,0.0,False,0
28,0,3,[2 1 3],781.3999999999978,0.5,0.5,0.45425157227764834,SI,[2 3 1],17.30000000000001,10,795.1999999999971,0.0,False,0
28,0,4,[2 1 3],781.3999999999978,0.5,0.5,0.37657796508367025,SI,[2 3 1],17.30000000000001,10,795.1999999999971,0.0,False,0
29,0,0,[2 1 3],781.3999999999978,0.5,0.5,0.6498756915959095,MI,[3 1 2],60.7,10,795.399999999976,0.0,False,0
29,0,1,[2 1 3],781.3999999999978,0.5,0.5,0.09338060875695497,SI,[2 3 1],17.30000000000001,10,795.1999999999971,0.0,False,0
29,0,2,[2 1 3],781.3999999999978,0.5,0.5,0.12088203088832372,SI,[2 3 1],17.30000000000001,10,795.1999999999971,0.0,False,0
29,0,3,[2 1 3],781.3999999999978,0.5,0.5,0.2680897817566643,SI,[2 3 1],17.30000000000001,10,795.1999999999971,0.0,False,0
29,0,4,[2 1 3],781.3999999999978,0.5,0.5,0.4099725425585139,SI,[2 3 1],17.30000000000001,10,795.1999999999971,0.0,False,0
30,0,0,[2 1 3],781.3999999999978,0.5,0.5,0.07762943011511403,SI,[2 3 1],17.30000000000001,10,795.1999999999971,0.0,False,0
30,0,1,[2 1 3],781.3999999999978,0.5,0.5,0.14460943035190532,SI,[2 3 1],17.30000000000001,10,795.1999999999971,0.0,False,0
30,0,2,[2 1 3],781.3999999999978,0.5,0.5,0.48312167875992773,SI,[2 3 1],17.30000000000001,10,795.1999999999971,0.0,False,0
30,0,3,[2 1 3],781.3999999999978,0.5,0.5,0.41917550084612243,SI,[2 3 1],17.30000000000001,10,795.1999999999971,0.0,False,0
30,0,4,[2 1 3],781.3999999999978,0.5,0.5,0.24550273982247017,SI,[3 1 2],60.7,10,795.399999999976,0.0,False,0
31,0,0,[2 1 3],781.3999999999978,0.5,0.5,0.07266087202262572,SI,[2 3 1],17.30000000000001,10,795.1999999999971,0.0,False,0
31,0,1,[2 1 3],781.3999999999978,0.5,0.5,0.3837721166584833,SI,[2 3 1],17.30000000000001,10,795.1999999999971,0.0,False,0
31,0,2,[2 1 3],781.3999999999978,0.5,0.5,0.24759470172627962,SI,[2 3 1],17.30000000000001,10,795.1999999999971,0.0,False,0
31,0,3,[2 1 3],781.3999999999978,0.5,0.5,0.03646187685202218,SI,[2 3 1],17.30000000000001,10,795.1999999999971,0.0,False,0
31,0,4,[2 1 3],781.3999999999978,0.5,0.5,0.4700842945991418,SI,[2 3 1],17.30000000000001,10,795.1999999999971,0.0,False,0
32,0,0,[2 1 3],781.3999999999978,0.5,0.5,0.38179385583489334,SI,[2 3 1],17.30000000000001,10,795.1999999999971,0.0,False,0
32,0,1,[2 1 3],781.3999999999978,0.5,0.5,0.14049287772092223,SI,[2 3 1],17.30000000000001,10,795.1999999999971,0.0,False,0
32,0,2,[2 1 3],781.3999999999978,0.5,0.5,0.19277605242495666,SI,[2 3 1],17.30000000000001,10,795.1999999999971,0.0,False,0
32,0,3,[2 1 3],781.3999999999978,0.5,0.5,0.2231661685327525,SI,[2 3 1],17.30000000000001,10,795.1999999999971,0.0,False,0
32,0,4,[2 1 3],781.3999999999978,0.5,0.5,0.10006357638501273,SI,[2 3 1],17.30000000000001,10,795.1999999999971,0.0,False,0
33,0,0,[2 1 3],781.3999999999978,0.5,0.5,0.3427687516754787,SI,[2 3 1],17.30000000000001,10,795.1999999999971,0.0,False,0
33,0,1,[2 1 3],781.3999999999978,0.5,0.5,0.1719904466364266,SI,[2 3 1],17.30000000000001,10,795.1999999999971,0.0,False,0
33,0,2,[2 1 3],781.3999999999978,0.5,0.5,0.4812124875714361,SI,[2 3 1],17.30000000000001,10,795.1999999999971,0.0,False,0
33,0,3,[2 1 3],781.3999999999978,0.5,0.5,0.17898945026468704,SI,[2 3 1],17.30000000000001,10,795.1999999999971,0.0,False,0
33,0,4,[2 1 3],781.3999999999978,0.5,0.5,0.18876378366364244,SI,[2 3 1],17.30000000000001,10,795.1999999999971,0.0,False,0
34,0,0,[2 1 3],781.3999999999978,0.5,0.5,0.14627704525516927,SI,[2 3 1],17.30000000000001,10,795.1999999999971,0.0,False,0
34,0,1,[2 1 3],781.3999999999978,0.5,0.5,0.39683453109548816,SI,[2 3 1],17.30000000000001,10,795.1999999999971,0.0,False,0
34,0,2,[2 1 3],781.3999999999978,0.5,0.5,0.39814490934136715,SI,[2 3 1],17.30000000000001,10,795.1999999999971,0.0,False,0
34,0,3,[2 1 3],781.3999999999978,0.5,0.5,0.16757038610696995,SI,[2 3 1],17.30000000000001,10,795.1999999999971,0.0,False,0
34,0,4,[2 1 3],781.3999999999978,0.5,0.5,0.5319067398396143,MI,[3 1 2],60.7,10,795.399999999976,0.0,False,0
35,0,0,[2 1 3],781.3999999999978,0.5,0.5,0.24037525476771948,SI,[2 3 1],17.30000000000001,10,795.1999999999971,0.0,False,0
35,0,1,[2 1 3],781.3999999999978,0.5,0.5,0.005045264955362394,SI,[2 3 1],17.30000000000001,10,795.1999999999971,0.0,False,0
35,0,2,[2 1 3],781.3999999999978,0.5,0.5,0.13109326371393715,SI,[2 3 1],17.30000000000001,10,795.1999999999971,0.0,False,0
35,0,3,[2 1 3],781.3999999999978,0.5,0.5,0.35972954291921777,SI,[2 3 1],17.30000000000001,10,795.1999999999971,0.0,False,0
35,0,4,[2 1 3],781.3999999999978,0.5,0.5,0.26980135065555155,SI,[2 3 1],17.30000000000001,10,795.1999999999971,0.0,False,0
36,0,0,[2 1 3],781.3999999999978,0.5,0.5,0.2784844318187959,SI,[2 3 1],17.30000000000001,10,795.1999999999971,0.0,False,0
36,0,1,[2 1 3],781.3999999999978,0.5,0.5,0.20071099301743034,SI,[2 3 1],17.30000000000001,10,795.1999999999971,0.0,False,0
36,0,2,[2 1 3],781.3999999999978,0.5,0.5,0.6676612889567373,MI,[3 1 2],60.7,10,795.399999999976,0.0,False,0
36,0,3,[2 1 3],781.3999999999978,0.5,0.5,0.4637292236190723,SI,[2 3 1],17.30000000000001,10,795.1999999999971,0.0,False,0
36,0,4,[2 1 3],781.3999999999978,0.5,0.5,0.03138184216593565,SI,[2 3 1],17.30000000000001,10,795.1999999999971,0.0,False,0
37,0,0,[2 1 3],781.3999999999978,0.5,0.5,0.17229160204174065,SI,[2 3 1],17.30000000000001,10,795.1999999999971,0.0,False,0
37,0,1,[2 1 3],781.3999999999978,0.5,0.5,0.8556600100834588,MI,[3 1 2],60.7,10,795.399999999976,0.0,False,0
37,0,2,[2 1 3],781.3999999999978,0.5,0.5,0.4857418066590231,SI,[2 3 1],17.30000000000001,10,795.1999999999971,0.0,False,0
37,0,3,[2 1 3],781.3999999999978,0.5,0.5,0.5582162784435114,MI,[3 1 2],60.7,10,795.399999999976,0.0,False,0
37,0,4,[2 1 3],781.3999999999978,0.5,0.5,0.46902464489174545,SI,[2 3 1],17.30000000000001,10,795.1999999999971,0.0,False,0
38,0,0,[2 1 3],781.3999999999978,0.5,0.5,0.1961416547431143,SI,[2 3 1],17.30000000000001,10,795.1999999999971,0.0,False,0
38,0,1,[2 1 3],781.3999999999978,0.5,0.5,0.023962994786038805,SI,[2 3 1],17.30000000000001,10,795.1999999999971,0.0,False,0
38,0,2,[2 1 3],781.3999999999978,0.5,0.5,0.19981325160068075,SI,[2 3 1],17.30000000000001,10,795.1999999999971,0.0,False,0
38,0,3,[2 1 3],781.3999999999978,0.5,0.5,0.17981005923849347,SI,[2 3 1],17.30000000000001,10,795.1999999999971,0.0,False,0
38,0,4,[2 1 3],781.3999999999978,0.5,0.5,0.45938897103834375,SI,[2 3 1],17.30000000000001,10,795.1999999999971,0.0,False,0
39,0,0,[2 1 3],781.3999999999978,0.5,0.5,0.45228924945745297,SI,[2 3 1],17.30000000000001,10,795.1999999999971,0.0,False,0
39,0,1,[2 1 3],781.3999999999978,0.5,0.5,0.009295680803611206,SI,[2 3 1],17.30000000000001,10,795.1999999999971,0.0,False,0
39,0,2,[2 1 3],781.3999999999978,0.5,0.5,0.25235928705215693,SI,[2 3 1],17.30000000000001,10,795.1999999999971,0.0,False,0
39,0,3,[2 1 3],781.3999999999978,0.5,0.5,0.299555040986517,SI,[2 3 1],17.30000000000001,10,795.1999999999971,0.0,False,0
39,0,4,[2 1 3],781.3999999999978,0.5,0.5,0.29459872385970864,SI,[2 3 1],17.30000000000001,10,795.1999999999971,0.0,False,0
40,0,0,[2 1 3],781.3999999999978,0.5,0.5,0.11577266476978132,SI,[2 3 1],17.30000000000001,10,795.1999999999971,0.0,False,0
40,0,1,[2 1 3],781.3999999999978,0.5,0.5,0.03674497026231849,SI,[2 3 1],17.30000000000001,10,795.1999999999971,0.0,False,0
40,0,2,[2 1 3],781.3999999999978,0.5,0.5,0.11291720092152646,SI,[2 3 1],17.30000000000001,10,795.1999999999971,0.0,False,0
40,0,3,[2 1 3],781.3999999999978,0.5,0.5,0.1351042010856388,SI,[2 3 1],17.30000000000001,10,795.1999999999971,0.0,False,0
40,0,4,[2 1 3],781.3999999999978,0.5,0.5,0.15743789639924943,SI,[2 3 1],17.30000000000001,10,795.1999999999971,0.0,False,0
41,0,0,[2 1 3],781.3999999999978,0.5,0.5,0.3140903548941698,SI,[2 3 1],17.30000000000001,10,795.1999999999971,0.0,False,0
41,0,1,[2 1 3],781.3999999999978,0.5,0.5,0.12995577683630788,SI,[2 3 1],17.30000000000001,10,795.1999999999971,0.0,False,0
41,0,2,[2 1 3],781.3999999999978,0.5,0.5,0.023850660245174127,SI,[2 3 1],17.30000000000001,10,795.1999999999971,0.0,False,0
41,0,3,[2 1 3],781.3999999999978,0.5,0.5,0.34896256285390814,SI,[2 3 1],17.30000000000001,10,795.1999999999971,0.0,False,0
41,0,4,[2 1 3],781.3999999999978,0.5,0.5,0.22703479004442162,SI,[2 3 1],17.30000000000001,10,795.1999999999971,0.0,False,0
42,0,0,[2 1 3],781.3999999999978,0.5,0.5,0.03212085795125985,SI,[2 3 1],17.30000000000001,10,795.1999999999971,0.0,False,0
42,0,1,[2 1 3],781.3999999999978,0.5,0.5,0.6946182378679042,MI,[3 1 2],60.7,10,795.399999999976,0.0,False,0
42,0,2,[2 1 3],781.3999999999978,0.5,0.5,0.41460926430103795,SI,[2 3 1],17.30000000000001,10,795.1999999999971,0.0,False,0
42,0,3,[2 1 3],781.3999999999978,0.5,0.5,0.2375637691447724,SI,[2 3 1],17.30000000000001,10,795.1999999999971,0.0,False,0
42,0,4,[2 1 3],781.3999999999978,0.5,0.5,0.36841713259372066,SI,[2 3 1],17.30000000000001,10,795.1999999999971,0.0,False,0
43,0,0,[2 1 3],781.3999999999978,0.5,0.5,0.21112736678423427,SI,[2 3 1],17.30000000000001,10,795.1999999999971,0.0,False,0
43,0,1,[2 1 3],781.3999999999978,0.5,0.5,0.2588459024747466,SI,[2 3 1],17.30000000000001,10,795.1999999999971,0.0,False,0
43,0,2,[2 1 3],781.3999999999978,0.5,0.5,0.40496247793852513,SI,[2 3 1],17.30000000000001,10,795.1999999999971,0.0,False,0
43,0,3,[2 1 3],781.3999999999978,0.5,0.5,0.48763217643080214,SI,[2 3 1],17.30000000000001,10,795.1999999999971,0.0,False,0
43,0,4,[2 1 3],781.3999999999978,0.5,0.5,0.5724162615793955,MI,[3 1 2],60.7,10,795.399999999976,0.0,False,0
44,0,0,[2 1 3],781.3999999999978,0.5,0.5,0.3731894029910934,SI,[2 3 1],17.30000000000001,10,795.1999999999971,0.0,False,0
44,0,1,[2 1 3],781.3999999999978,0.5,0.5,0.16019976839306171,SI,[3 1 2],60.7,10,795.399999999976,0.0,False,0
44,0,2,[2 1 3],781.3999999999978,0.5,0.5,0.37173025303288576,SI,[2 3 1],17.30000000000001,10,795.1999999999971,0.0,False,0
44,0,3,[2 1 3],781.3999999999978,0.5,0.5,0.4532997293441573,SI,[2 3 1],17.30000000000001,10,795.1999999999971,0.0,False,0
44,0,4,[2 1 3],781.3999999999978,0.5,0.5,0.34100090469734134,SI,[2 3 1],17.30000000000001,10,795.1999999999971,0.0,False,0
45,0,0,[2 1 3],781.3999999999978,0.5,0.5,0.014785581704962247,SI,[2 3 1],17.30000000000001,10,795.1999999999971,0.0,False,0
45,0,1,[2 1 3],781.3999999999978,0.5,0.5,0.09850917721477104,SI,[2 3 1],17.30000000000001,10,795.1999999999971,0.0,False,0
45,0,2,[2 1 3],781.3999999999978,0.5,0.5,0.21517027071674533,SI,[2 3 1],17.30000000000001,10,795.1999999999971,0.0,False,0
45,0,3,[2 1 3],781.3999999999978,0.5,0.5,0.06386136122486308,SI,[2 3 1],17.30000000000001,10,795.1999999999971,0.0,False,0
45,0,4,[2 1 3],781.3999999999978,0.5,0.5,0.7557405359857957,MI,[3 1 2],60.7,10,795.399999999976,0.0,False,0
46,0,0,[2 1 3],781.3999999999978,0.5,0.5,0.17008963887660333,SI,[2 3 1],17.30000000000001,10,795.1999999999971,0.0,False,0
46,0,1,[2 1 3],781.3999999999978,0.5,0.5,0.5732523895768673,MI,[3 1 2],60.7,10,795.399999999976,0.0,False,0
46,0,2,[2 1 3],781.3999999999978,0.5,0.5,0.42892105097494415,SI,[2 3 1],17.30000000000001,10,795.1999999999971,0.0,False,0
46,0,3,[2 1 3],781.3999999999978,0.5,0.5,0.4193087766460257,SI,[2 3 1],17.30000000000001,10,795.1999999999971,0.0,False,0
46,0,4,[2 1 3],781.3999999999978,0.5,0.5,0.1872102997362528,SI,[2 3 1],17.30000000000001,10,795.1999999999971,0.0,False,0
47,0,0,[2 1 3],781.3999999999978,0.5,0.5,0.30472437663898155,SI,[2 3 1],17.30000000000001,10,795.1999999999971,0.0,False,0
47,0,1,[2 1 3],781.3999999999978,0.5,0.5,0.24956499785896924,SI,[2 3 1],17.30000000000001,10,795.1999999999971,0.0,False,0
47,0,2,[2 1 3],781.3999999999978,0.5,0.5,0.43551174027840756,SI,[2 3 1],17.30000000000001,10,795.1999999999971,0.0,False,0
47,0,3,[2 1 3],781.3999999999978,0.5,0.5,0.07747234227832234,SI,[2 3 1],17.30000000000001,10,795.1999999999971,0.0,False,0
47,0,4,[2 1 3],781.3999999999978,0.5,0.5,0.055569282611894755,SI,[2 3 1],17.30000000000001,10,795.1999999999971,0.0,False,0
48,0,0,[2 1 3],781.3999999999978,0.5,0.5,0.26728349980204,SI,[2 3 1],17.30000000000001,10,795.1999999999971,0.0,False,0
48,0,1,[2 1 3],781.3999999999978,0.5,0.5,0.3650207508639367,SI,[2 3 1],17.30000000000001,10,795.1999999999971,0.0,False,0
48,0,2,[2 1 3],781.3999999999978,0.5,0.5,0.1618106338658114,SI,[2 3 1],17.30000000000001,10,795.1999999999971,0.0,False,0
48,0,3,[2 1 3],781.3999999999978,0.5,0.5,0.13820139291807054,SI,[2 3 1],17.30000000000001,10,795.1999999999971,0.0,False,0
48,0,4,[2 1 3],781.3999999999978,0.5,0.5,0.1146572725805598,SI,[2 3 1],17.30000000000001,10,795.1999999999971,0.0,False,0
49,0,0,[2 1 3],781.3999999999978,0.5,0.5,0.009194709477740926,SI,[2 3 1],17.30000000000001,10,795.1999999999971,0.0,False,0
49,0,1,[2 1 3],781.3999999999978,0.5,0.5,0.18577537261887467,SI,[2 3 1],17.30000000000001,10,795.1999999999971,0.0,False,0
49,0,2,[2 1 3],781.3999999999978,0.5,0.5,0.4889162465439356,SI,[2 3 1],17.30000000000001,10,795.1999999999971,0.0,False,0
49,0,3,[2 1 3],781.3999999999978,0.5,0.5,0.2989432401471026,SI,[2 3 1],17.30000000000001,10,795.1999999999971,0.0,False,0
49,0,4,[2 1 3],781.3999999999978,0.5,0.5,0.061979358391642037,SI,[2 3 1],17.30000000000001,10,795.1999999999971,0.0,False,0
50,0,0,[2 1 3],781.3999999999978,0.5,0.5,0.3664562723609618,SI,[2 3 1],17.30000000000001,10,795.1999999999971,0.0,False,0
50,0,1,[2 1 3],781.3999999999978,0.5,0.5,0.10011653712061397,SI,[2 3 1],17.30000000000001,10,795.1999999999971,0.0,False,0
50,0,2,[2 1 3],781.3999999999978,0.5,0.5,0.23848324489104655,SI,[2 3 1],17.30000000000001,10,795.1999999999971,0.0,False,0
50,0,3,[2 1 3],781.3999999999978,0.5,0.5,0.07883063662762102,SI,[2 3 1],17.30000000000001,10,795.1999999999971,0.0,False,0
50,0,4,[2 1 3],781.3999999999978,0.5,0.5,0.8518024647214151,MI,[3 1 2],60.7,10,795.399999999976,0.0,False,0
0,0,0,[1 2],576.7999999999993,0.5,0.5,0.14090916465191294,SI,[2 1],-26.80000000000001,10,636.8999999999905,0.0,False,1
0,0,1,[1 2],576.7999999999993,0.5,0.5,0.2227880523729211,SI,[2 1],-26.80000000000001,10,636.8999999999905,0.0,False,1
0,0,2,[1 2],576.7999999999993,0.5,0.5,0.4463381319944141,SI,[2 1],-26.80000000000001,10,636.8999999999905,0.0,False,1
0,0,3,[1 2],576.7999999999993,0.5,0.5,0.164215818831426,SI,[2 1],-26.80000000000001,10,636.8999999999905,0.0,False,1
0,0,4,[1 2],576.7999999999993,0.5,0.5,0.284299583713989,SI,[2 1],-26.80000000000001,10,636.8999999999905,0.0,False,1
1,0,0,[1 2],576.7999999999993,0.5,0.5,0.21579164878225343,SI,[2 1],-26.80000000000001,10,636.8999999999905,0.0,False,1
1,0,1,[1 2],576.7999999999993,0.5,0.5,0.25112750535758166,SI,[2 1],-26.80000000000001,10,636.8999999999905,0.0,False,1
1,0,2,[1 2],576.7999999999993,0.5,0.5,0.09968683409393919,SI,[2 1],-26.80000000000001,10,636.8999999999905,0.0,False,1
1,0,3,[1 2],576.7999999999993,0.5,0.5,0.09827764167824327,SI,[2 1],-26.80000000000001,10,636.8999999999905,0.0,False,1
1,0,4,[1 2],576.7999999999993,0.5,0.5,0.025656823059547085,SI,[2 1],-26.80000000000001,10,636.8999999999905,0.0,False,1
2,0,0,[1 2],576.7999999999993,0.5,0.5,0.00621360683874439,SI,[2 1],-26.80000000000001,10,636.8999999999905,0.0,False,1
2,0,1,[1 2],576.7999999999993,0.5,0.5,0.45511976175078195,SI,[2 1],-26.80000000000001,10,636.8999999999905,0.0,False,1
2,0,2,[1 2],576.7999999999993,0.5,0.5,0.031497087521964784,SI,[2 1],-26.80000000000001,10,636.8999999999905,0.0,False,1
2,0,3,[1 2],576.7999999999993,0.5,0.5,0.42068091977426747,SI,[2 1],-26.80000000000001,10,636.8999999999905,0.0,False,1
2,0,4,[1 2],576.7999999999993,0.5,0.5,0.3885354151426288,SI,[2 1],-26.80000000000001,10,636.8999999999905,0.0,False,1
3,0,0,[1 2],576.7999999999993,0.5,0.5,0.06192155253238285,SI,[2 1],-26.80000000000001,10,636.8999999999905,0.0,False,1
3,0,1,[1 2],576.7999999999993,0.5,0.5,0.3851611087891077,SI,[2 1],-26.80000000000001,10,636.8999999999905,0.0,False,1
3,0,2,[1 2],576.7999999999993,0.5,0.5,0.20960415710543256,SI,[2 1],-26.80000000000001,10,636.8999999999905,0.0,False,1
3,0,3,[1 2],576.7999999999993,0.5,0.5,0.2799516811006917,SI,[2 1],-26.80000000000001,10,636.8999999999905,0.0,False,1
3,0,4,[1 2],576.7999999999993,0.5,0.5,0.24988446907066775,SI,[2 1],-26.80000000000001,10,636.8999999999905,0.0,False,1
4,0,0,[1 2],576.7999999999993,0.5,0.5,0.0005595954171377926,SI,[2 1],-26.80000000000001,10,636.8999999999905,0.0,False,1
4,0,1,[1 2],576.7999999999993,0.5,0.5,0.1185075545508929,SI,[2 1],-26.80000000000001,10,636.8999999999905,0.0,False,1
4,0,2,[1 2],576.7999999999993,0.5,0.5,0.29243197396060483,SI,[2 1],-26.80000000000001,10,636.8999999999905,0.0,False,1
4,0,3,[1 2],576.7999999999993,0.5,0.5,0.012631968224292911,SI,[2 1],-26.80000000000001,10,636.8999999999905,0.0,False,1
4,0,4,[1 2],576.7999999999993,0.5,0.5,0.15060872132765313,SI,[2 1],-26.80000000000001,10,636.8999999999905,0.0,False,1
5,0,0,[1 2],576.7999999999993,0.5,0.5,0.4634810654028376,SI,[2 1],-26.80000000000001,10,636.8999999999905,0.0,False,1
5,0,1,[1 2],576.7999999999993,0.5,0.5,0.25937471536367973,SI,[2 1],-26.80000000000001,10,636.8999999999905,0.0,False,1
5,0,2,[1 2],576.7999999999993,0.5,0.5,0.4768280296996107,SI,[2 1],-26.80000000000001,10,636.8999999999905,0.0,False,1
5,0,3,[1 2],576.7999999999993,0.5,0.5,0.18443663878259509,SI,[2 1],-26.80000000000001,10,636.8999999999905,0.0,False,1
5,0,4,[1 2],576.7999999999993,0.5,0.5,0.025329475481513875,SI,[2 1],-26.80000000000001,10,636.8999999999905,0.0,False,1
6,0,0,[1 2],576.7999999999993,0.5,0.5,0.45860813476329776,SI,[2 1],-26.80000000000001,10,636.8999999999905,0.0,False,1
6,0,1,[1 2],576.7999999999993,0.5,0.5,0.446186237906779,SI,[2 1],-26.80000000000001,10,636.8999999999905,0.0,False,1
6,0,2,[1 2],576.7999999999993,0.5,0.5,0.41153592078228185,SI,[2 1],-26.80000000000001,10,636.8999999999905,0.0,False,1
6,0,3,[1 2],576.7999999999993,0.5,0.5,0.35924177585147976,SI,[2 1],-26.80000000000001,10,636.8999999999905,0.0,False,1
6,0,4,[1 2],576.7999999999993,0.5,0.5,0.16834245981638718,SI,[2 1],-26.80000000000001,10,636.8999999999905,0.0,False,1
7,0,0,[1 2],576.7999999999993,0.5,0.5,0.3948603949408679,SI,[2 1],-26.80000000000001,10,636.8999999999905,0.0,False,1
7,0,1,[1 2],576.7999999999993,0.5,0.5,0.16589494883779976,SI,[2 1],-26.80000000000001,10,636.8999999999905,0.0,False,1
7,0,2,[1 2],576.7999999999993,0.5,0.5,0.1746894715943652,SI,[2 1],-26.80000000000001,10,636.8999999999905,0.0,False,1
7,0,3,[1 2],576.7999999999993,0.5,0.5,0.35717998137040163,SI,[2 1],-26.80000000000001,10,636.8999999999905,0.0,False,1
7,0,4,[1 2],576.7999999999993,0.5,0.5,0.30897660475444944,SI,[2 1],-26.80000000000001,10,636.8999999999905,0.0,False,1
8,0,0,[1 2],576.7999999999993,0.5,0.5,0.184681234694012,SI,[2 1],-26.80000000000001,10,636.8999999999905,0.0,False,1
8,0,1,[1 2],576.7999999999993,0.5,0.5,0.47205354535498545,SI,[2 1],-26.80000000000001,10,636.8999999999905,0.0,False,1
8,0,2,[1 2],576.7999999999993,0.5,0.5,0.2579083501849212,SI,[2 1],-26.80000000000001,10,636.8999999999905,0.0,False,1
8,0,3,[1 2],576.7999999999993,0.5,0.5,0.10490958016184504,SI,[2 1],-26.80000000000001,10,636.8999999999905,0.0,False,1
8,0,4,[1 2],576.7999999999993,0.5,0.5,0.2111492796282105,SI,[2 1],-26.80000000000001,10,636.8999999999905,0.0,False,1
9,0,0,[1 2],576.7999999999993,0.5,0.5,0.2362601766232194,SI,[2 1],-26.80000000000001,10,636.8999999999905,0.0,False,1
9,0,1,[1 2],576.7999999999993,0.5,0.5,0.16765835295344644,SI,[2 1],-26.80000000000001,10,636.8999999999905,0.0,False,1
9,0,2,[1 2],576.7999999999993,0.5,0.5,0.10890691722525914,SI,[2 1],-26.80000000000001,10,636.8999999999905,0.0,False,1
9,0,3,[1 2],576.7999999999993,0.5,0.5,0.2924347119148899,SI,[2 1],-26.80000000000001,10,636.8999999999905,0.0,False,1
9,0,4,[1 2],576.7999999999993,0.5,0.5,0.21467588151854688,SI,[2 1],-26.80000000000001,10,636.8999999999905,0.0,False,1
10,0,0,[1 2],576.7999999999993,0.5,0.5,0.2784983450149875,SI,[2 1],-26.80000000000001,10,636.8999999999905,0.0,False,1
10,0,1,[1 2],576.7999999999993,0.5,0.5,0.21694129139903062,SI,[2 1],-26.80000000000001,10,636.8999999999905,0.0,False,1
10,0,2,[1 2],576.7999999999993,0.5,0.5,0.17409530307684618,SI,[2 1],-26.80000000000001,10,636.8999999999905,0.0,False,1
10,0,3,[1 2],576.7999999999993,0.5,0.5,0.32624586788882615,SI,[2 1],-26.80000000000001,10,636.8999999999905,0.0,False,1
10,0,4,[1 2],576.7999999999993,0.5,0.5,0.2758741886632742,SI,[2 1],-26.80000000000001,10,636.8999999999905,0.0,False,1
11,0,0,[1 2],576.7999999999993,0.5,0.5,0.08391772339812886,SI,[2 1],-26.80000000000001,10,636.8999999999905,0.0,False,1
11,0,1,[1 2],576.7999999999993,0.5,0.5,0.3223881092711012,SI,[2 1],-26.80000000000001,10,636.8999999999905,0.0,False,1
11,0,2,[1 2],576.7999999999993,0.5,0.5,0.3508098862841782,SI,[2 1],-26.80000000000001,10,636.8999999999905,0.0,False,1
11,0,3,[1 2],576.7999999999993,0.5,0.5,0.4944251687493293,SI,[2 1],-26.80000000000001,10,636.8999999999905,0.0,False,1
11,0,4,[1 2],576.7999999999993,0.5,0.5,0.25729560920477257,SI,[2 1],-26.80000000000001,10,636.8999999999905,0.0,False,1
12,0,0,[1 2],576.7999999999993,0.5,0.5,0.2959886773586565,SI,[2 1],-26.80000000000001,10,636.8999999999905,0.0,False,1
12,0,1,[1 2],576.7999999999993,0.5,0.5,0.16037957383265122,SI,[2 1],-26.80000000000001,10,636.8999999999905,0.0,False,1
12,0,2,[1 2],576.7999999999993,0.5,0.5,0.4692194019452687,SI,[2 1],-26.80000000000001,10,636.8999999999905,0.0,False,1
12,0,3,[1 2],576.7999999999993,0.5,0.5,0.2867686051128412,SI,[2 1],-26.80000000000001,10,636.8999999999905,0.0,False,1
12,0,4,[1 2],576.7999999999993,0.5,0.5,0.4897193708554717,SI,[2 1],-26.80000000000001,10,636.8999999999905,0.0,False,1
13,0,0,[1 2],576.7999999999993,0.5,0.5,0.38233276641651703,SI,[2 1],-26.80000000000001,10,636.8999999999905,0.0,False,1
13,0,1,[1 2],576.7999999999993,0.5,0.5,0.2501602918036485,SI,[2 1],-26.80000000000001,10,636.8999999999905,0.0,False,1
13,0,2,[1 2],576.7999999999993,0.5,0.5,0.017010358839958606,SI,[2 1],-26.80000000000001,10,636.8999999999905,0.0,False,1
13,0,3,[1 2],576.7999999999993,0.5,0.5,0.057830823745858684,SI,[2 1],-26.80000000000001,10,636.8999999999905,0.0,False,1
13,0,4,[1 2],576.7999999999993,0.5,0.5,0.3014210235469049,SI,[2 1],-26.80000000000001,10,636.8999999999905,0.0,False,1
14,0,0,[1 2],576.7999999999993,0.5,0.5,0.13855628365101602,SI,[2 1],-26.80000000000001,10,636.8999999999905,0.0,False,1
14,0,1,[1 2],576.7999999999993,0.5,0.5,0.3195157802820049,SI,[2 1],-26.80000000000001,10,636.8999999999905,0.0,False,1
14,0,2,[1 2],576.7999999999993,0.5,0.5,0.4037488197091891,SI,[2 1],-26.80000000000001,10,636.8999999999905,0.0,False,1
14,0,3,[1 2],576.7999999999993,0.5,0.5,0.3208175050951527,SI,[2 1],-26.80000000000001,10,636.8999999999905,0.0,False,1
14,0,4,[1 2],576.7999999999993,0.5,0.5,0.34850697718438417,SI,[2 1],-26.80000000000001,10,636.8999999999905,0.0,False,1
15,0,0,[1 2],576.7999999999993,0.5,0.5,0.07353277111944256,SI,[2 1],-26.80000000000001,10,636.8999999999905,0.0,False,1
15,0,1,[1 2],576.7999999999993,0.5,0.5,0.4591596859839402,SI,[2 1],-26.80000000000001,10,636.8999999999905,0.0,False,1
15,0,2,[1 2],576.7999999999993,0.5,0.5,0.49510254275921817,SI,[2 1],-26.80000000000001,10,636.8999999999905,0.0,False,1
15,0,3,[1 2],576.7999999999993,0.5,0.5,0.19173779554197834,SI,[2 1],-26.80000000000001,10,636.8999999999905,0.0,False,1
15,0,4,[1 2],576.7999999999993,0.5,0.5,0.2280784673413594,SI,[2 1],-26.80000000000001,10,636.8999999999905,0.0,False,1
16,0,0,[1 2],576.7999999999993,0.5,0.5,0.4027868588618321,SI,[2 1],-26.80000000000001,10,636.8999999999905,0.0,False,1
16,0,1,[1 2],576.7999999999993,0.5,0.5,0.3881593781753617,SI,[2 1],-26.80000000000001,10,636.8999999999905,0.0,False,1
16,0,2,[1 2],576.7999999999993,0.5,0.5,0.2294880607418346,SI,[2 1],-26.80000000000001,10,636.8999999999905,0.0,False,1
16,0,3,[1 2],576.7999999999993,0.5,0.5,0.2531318449789898,SI,[2 1],-26.80000000000001,10,636.8999999999905,0.0,False,1
16,0,4,[1 2],576.7999999999993,0.5,0.5,0.3701892396489661,SI,[2 1],-26.80000000000001,10,636.8999999999905,0.0,False,1
17,0,0,[1 2],576.7999999999993,0.5,0.5,0.060609001223697834,SI,[2 1],-26.80000000000001,10,636.8999999999905,0.0,False,1
17,0,1,[1 2],576.7999999999993,0.5,0.5,0.155068894382697,SI,[2 1],-26.80000000000001,10,636.8999999999905,0.0,False,1
17,0,2,[1 2],576.7999999999993,0.5,0.5,0.4590009630353159,SI,[2 1],-26.80000000000001,10,636.8999999999905,0.0,False,1
17,0,3,[1 2],576.7999999999993,0.5,0.5,0.08775628646896794,SI,[2 1],-26.80000000000001,10,636.8999999999905,0.0,False,1
17,0,4,[1 2],576.7999999999993,0.5,0.5,0.11968430178325462,SI,[2 1],-26.80000000000001,10,636.8999999999905,0.0,False,1
18,0,0,[1 2],576.7999999999993,0.5,0.5,0.33326940771836366,SI,[2 1],-26.80000000000001,10,636.8999999999905,0.0,False,1
18,0,1,[1 2],576.7999999999993,0.5,0.5,0.042777877668668585,SI,[2 1],-26.80000000000001,10,636.8999999999905,0.0,False,1
18,0,2,[1 2],576.7999999999993,0.5,0.5,0.26463846947017655,SI,[2 1],-26.80000000000001,10,636.8999999999905,0.0,False,1
18,0,3,[1 2],576.7999999999993,0.5,0.5,0.1900423440549054,SI,[2 1],-26.80000000000001,10,636.8999999999905,0.0,False,1
18,0,4,[1 2],576.7999999999993,0.5,0.5,0.02278321648015813,SI,[2 1],-26.80000000000001,10,636.8999999999905,0.0,False,1
19,0,0,[1 2],576.7999999999993,0.5,0.5,0.22127158941323843,SI,[2 1],-26.80000000000001,10,636.8999999999905,0.0,False,1
19,0,1,[1 2],576.7999999999993,0.5,0.5,0.028201042155165057,SI,[2 1],-26.80000000000001,10,636.8999999999905,0.0,False,1
19,0,2,[1 2],576.7999999999993,0.5,0.5,0.07571303649588335,SI,[2 1],-26.80000000000001,10,636.8999999999905,0.0,False,1
19,0,3,[1 2],576.7999999999993,0.5,0.5,0.16251870907706223,SI,[2 1],-26.80000000000001,10,636.8999999999905,0.0,False,1
19,0,4,[1 2],576.7999999999993,0.5,0.5,0.23374246882729866,SI,[2 1],-26.80000000000001,10,636.8999999999905,0.0,False,1
20,0,0,[1 2],576.7999999999993,0.5,0.5,0.49072135044775456,SI,[2 1],-26.80000000000001,10,636.8999999999905,0.0,False,1
20,0,1,[1 2],576.7999999999993,0.5,0.5,0.294967020792837,SI,[2 1],-26.80000000000001,10,636.8999999999905,0.0,False,1
20,0,2,[1 2],576.7999999999993,0.5,0.5,0.15087108536562632,SI,[2 1],-26.80000000000001,10,636.8999999999905,0.0,False,1
20,0,3,[1 2],576.7999999999993,0.5,0.5,0.3187137126462891,SI,[2 1],-26.80000000000001,10,636.8999999999905,0.0,False,1
20,0,4,[1 2],576.7999999999993,0.5,0.5,0.3021009297948215,SI,[2 1],-26.80000000000001,10,636.8999999999905,0.0,False,1
21,0,0,[1 2],576.7999999999993,0.5,0.5,0.488471564137247,SI,[2 1],-26.80000000000001,10,636.8999999999905,0.0,False,1
21,0,1,[1 2],576.7999999999993,0.5,0.5,0.3281930651096274,SI,[2 1],-26.80000000000001,10,636.8999999999905,0.0,False,1
21,0,2,[1 2],576.7999999999993,0.5,0.5,0.3282113564324435,SI,[2 1],-26.80000000000001,10,636.8999999999905,0.0,False,1
21,0,3,[1 2],576.7999999999993,0.5,0.5,0.3008889813558381,SI,[2 1],-26.80000000000001,10,636.8999999999905,0.0,False,1
21,0,4,[1 2],576.7999999999993,0.5,0.5,0.26267417094883583,SI,[2 1],-26.80000000000001,10,636.8999999999905,0.0,False,1
22,0,0,[1 2],576.7999999999993,0.5,0.5,0.05451360286121121,SI,[2 1],-26.80000000000001,10,636.8999999999905,0.0,False,1
22,0,1,[1 2],576.7999999999993,0.5,0.5,0.3472271838295362,SI,[2 1],-26.80000000000001,10,636.8999999999905,0.0,False,1
22,0,2,[1 2],576.7999999999993,0.5,0.5,0.19666822663461014,SI,[2 1],-26.80000000000001,10,636.8999999999905,0.0,False,1
22,0,3,[1 2],576.7999999999993,0.5,0.5,0.18400121705034922,SI,[2 1],-26.80000000000001,10,636.8999999999905,0.0,False,1
22,0,4,[1 2],576.7999999999993,0.5,0.5,0.09491380819267792,SI,[2 1],-26.80000000000001,10,636.8999999999905,0.0,False,1
23,0,0,[1 2],576.7999999999993,0.5,0.5,0.4161849182392945,SI,[2 1],-26.80000000000001,10,636.8999999999905,0.0,False,1
23,0,1,[1 2],576.7999999999993,0.5,0.5,0.4264448357009726,SI,[2 1],-26.80000000000001,10,636.8999999999905,0.0,False,1
23,0,2,[1 2],576.7999999999993,0.5,0.5,0.397526125278278,SI,[2 1],-26.80000000000001,10,636.8999999999905,0.0,False,1
23,0,3,[1 2],576.7999999999993,0.5,0.5,0.4631598770291604,SI,[2 1],-26.80000000000001,10,636.8999999999905,0.0,False,1
23,0,4,[1 2],576.7999999999993,0.5,0.5,0.09543735132220021,SI,[2 1],-26.80000000000001,10,636.8999999999905,0.0,False,1
24,0,0,[1 2],576.7999999999993,0.5,0.5,0.07975945686560348,SI,[2 1],-26.80000000000001,10,636.8999999999905,0.0,False,1
24,0,1,[1 2],576.7999999999993,0.5,0.5,0.1622151347325489,SI,[2 1],-26.80000000000001,10,636.8999999999905,0.0,False,1
24,0,2,[1 2],576.7999999999993,0.5,0.5,0.45789212732468754,SI,[2 1],-26.80000000000001,10,636.8999999999905,0.0,False,1
24,0,3,[1 2],576.7999999999993,0.5,0.5,0.1042701625779332,SI,[2 1],-26.80000000000001,10,636.8999999999905,0.0,False,1
24,0,4,[1 2],576.7999999999993,0.5,0.5,0.03918963660139807,SI,[2 1],-26.80000000000001,10,636.8999999999905,0.0,False,1
25,0,0,[1 2],576.7999999999993,0.5,0.5,0.4788253582104067,SI,[2 1],-26.80000000000001,10,636.8999999999905,0.0,False,1
25,0,1,[1 2],576.7999999999993,0.5,0.5,0.024549595470623298,SI,[2 1],-26.80000000000001,10,636.8999999999905,0.0,False,1
25,0,2,[1 2],576.7999999999993,0.5,0.5,0.41669203369223007,SI,[2 1],-26.80000000000001,10,636.8999999999905,0.0,False,1
25,0,3,[1 2],576.7999999999993,0.5,0.5,0.012417658465405101,SI,[2 1],-26.80000000000001,10,636.8999999999905,0.0,False,1
25,0,4,[1 2],576.7999999999993,0.5,0.5,0.4653931877110514,SI,[2 1],-26.80000000000001,10,636.8999999999905,0.0,False,1
26,0,0,[1 2],576.7999999999993,0.5,0.5,0.4016519931332968,SI,[2 1],-26.80000000000001,10,636.8999999999905,0.0,False,1
26,0,1,[1 2],576.7999999999993,0.5,0.5,0.197724651285748,SI,[2 1],-26.80000000000001,10,636.8999999999905,0.0,False,1
26,0,2,[1 2],576.7999999999993,0.5,0.5,0.3978204999646575,SI,[2 1],-26.80000000000001,10,636.8999999999905,0.0,False,1
26,0,3,[1 2],576.7999999999993,0.5,0.5,0.3038635050258639,SI,[2 1],-26.80000000000001,10,636.8999999999905,0.0,False,1
26,0,4,[1 2],576.7999999999993,0.5,0.5,0.2889480209124904,SI,[2 1],-26.80000000000001,10,636.8999999999905,0.0,False,1
27,0,0,[1 2],576.7999999999993,0.5,0.5,0.39453909043856805,SI,[2 1],-26.80000000000001,10,636.8999999999905,0.0,False,1
27,0,1,[1 2],576.7999999999993,0.5,0.5,0.05983298851316032,SI,[2 1],-26.80000000000001,10,636.8999999999905,0.0,False,1
27,0,2,[1 2],576.7999999999993,0.5,0.5,0.43939539356952806,SI,[2 1],-26.80000000000001,10,636.8999999999905,0.0,False,1
27,0,3,[1 2],576.7999999999993,0.5,0.5,0.11126668508606086,SI,[2 1],-26.80000000000001,10,636.8999999999905,0.0,False,1
27,0,4,[1 2],576.7999999999993,0.5,0.5,0.15119231652424114,SI,[2 1],-26.80000000000001,10,636.8999999999905,0.0,False,1
28,0,0,[1 2],576.7999999999993,0.5,0.5,0.026703484389270615,SI,[2 1],-26.80000000000001,10,636.8999999999905,0.0,False,1
28,0,1,[1 2],576.7999999999993,0.5,0.5,0.11227757552413242,SI,[2 1],-26.80000000000001,10,636.8999999999905,0.0,False,1
28,0,2,[1 2],576.7999999999993,0.5,0.5,0.44904033961176226,SI,[2 1],-26.80000000000001,10,636.8999999999905,0.0,False,1
28,0,3,[1 2],576.7999999999993,0.5,0.5,0.4936706143412781,SI,[2 1],-26.80000000000001,10,636.8999999999905,0.0,False,1
28,0,4,[1 2],576.7999999999993,0.5,0.5,0.22226599811159953,SI,[2 1],-26.80000000000001,10,636.8999999999905,0.0,False,1
29,0,0,[1 2],576.7999999999993,0.5,0.5,0.11004188377538848,SI,[2 1],-26.80000000000001,10,636.8999999999905,0.0,False,1
29,0,1,[1 2],576.7999999999993,0.5,0.5,0.010366551395021295,SI,[2 1],-26.80000000000001,10,636.8999999999905,0.0,False,1
29,0,2,[1 2],576.7999999999993,0.5,0.5,0.10799343902414271,SI,[2 1],-26.80000000000001,10,636.8999999999905,0.0,False,1
29,0,3,[1 2],576.7999999999993,0.5,0.5,0.2571737745004328,SI,[2 1],-26.80000000000001,10,636.8999999999905,0.0,False,1
29,0,4,[1 2],576.7999999999993,0.5,0.5,0.31724783302767623,SI,[2 1],-26.80000000000001,10,636.8999999999905,0.0,False,1
30,0,0,[1 2],576.7999999999993,0.5,0.5,0.20785344223375424,SI,[2 1],-26.80000000000001,10,636.8999999999905,0.0,False,1
30,0,1,[1 2],576.7999999999993,0.5,0.5,0.1458778116482683,SI,[2 1],-26.80000000000001,10,636.8999999999905,0.0,False,1
30,0,2,[1 2],576.7999999999993,0.5,0.5,0.3029034166661203,SI,[2 1],-26.80000000000001,10,636.8999999999905,0.0,False,1
30,0,3,[1 2],576.7999999999993,0.5,0.5,0.15827979644447976,SI,[2 1],-26.80000000000001,10,636.8999999999905,0.0,False,1
30,0,4,[1 2],576.7999999999993,0.5,0.5,0.26373839855661985,SI,[2 1],-26.80000000000001,10,636.8999999999905,0.0,False,1
31,0,0,[1 2],576.7999999999993,0.5,0.5,0.44155665519489073,SI,[2 1],-26.80000000000001,10,636.8999999999905,0.0,False,1
31,0,1,[1 2],576.7999999999993,0.5,0.5,0.26548483316909444,SI,[2 1],-26.80000000000001,10,636.8999999999905,0.0,False,1
31,0,2,[1 2],576.7999999999993,0.5,0.5,0.06558082279473432,SI,[2 1],-26.80000000000001,10,636.8999999999905,0.0,False,1
31,0,3,[1 2],576.7999999999993,0.5,0.5,0.03569041177039345,SI,[2 1],-26.80000000000001,10,636.8999999999905,0.0,False,1
31,0,4,[1 2],576.7999999999993,0.5,0.5,0.45184396506673774,SI,[2 1],-26.80000000000001,10,636.8999999999905,0.0,False,1
32,0,0,[1 2],576.7999999999993,0.5,0.5,0.07975338725928827,SI,[2 1],-26.80000000000001,10,636.8999999999905,0.0,False,1
32,0,1,[1 2],576.7999999999993,0.5,0.5,0.18936892628973723,SI,[2 1],-26.80000000000001,10,636.8999999999905,0.0,False,1
32,0,2,[1 2],576.7999999999993,0.5,0.5,0.1588451051871529,SI,[2 1],-26.80000000000001,10,636.8999999999905,0.0,False,1
32,0,3,[1 2],576.7999999999993,0.5,0.5,0.3736924738009557,SI,[2 1],-26.80000000000001,10,636.8999999999905,0.0,False,1
32,0,4,[1 2],576.7999999999993,0.5,0.5,0.09011223857091732,SI,[2 1],-26.80000000000001,10,636.8999999999905,0.0,False,1
33,0,0,[1 2],576.7999999999993,0.5,0.5,0.4335058815410654,SI,[2 1],-26.80000000000001,10,636.8999999999905,0.0,False,1
33,0,1,[1 2],576.7999999999993,0.5,0.5,0.014313351409593889,SI,[2 1],-26.80000000000001,10,636.8999999999905,0.0,False,1
33,0,2,[1 2],576.7999999999993,0.5,0.5,0.021799227967704282,SI,[2 1],-26.80000000000001,10,636.8999999999905,0.0,False,1
33,0,3,[1 2],576.7999999999993,0.5,0.5,0.3071780301176851,SI,[2 1],-26.80000000000001,10,636.8999999999905,0.0,False,1
33,0,4,[1 2],576.7999999999993,0.5,0.5,0.04288894255719333,SI,[2 1],-26.80000000000001,10,636.8999999999905,0.0,False,1
34,0,0,[1 2],576.7999999999993,0.5,0.5,0.11255834709601065,SI,[2 1],-26.80000000000001,10,636.8999999999905,0.0,False,1
34,0,1,[1 2],576.7999999999993,0.5,0.5,0.42206829114755406,SI,[2 1],-26.80000000000001,10,636.8999999999905,0.0,False,1
34,0,2,[1 2],576.7999999999993,0.5,0.5,0.0007121979184320226,SI,[2 1],-26.80000000000001,10,636.8999999999905,0.0,False,1
34,0,3,[1 2],576.7999999999993,0.5,0.5,0.006513091983144759,SI,[2 1],-26.80000000000001,10,636.8999999999905,0.0,False,1
34,0,4,[1 2],576.7999999999993,0.5,0.5,0.2534581892691006,SI,[2 1],-26.80000000000001,10,636.8999999999905,0.0,False,1
35,0,0,[1 2],576.7999999999993,0.5,0.5,0.23823832499287934,SI,[2 1],-26.80000000000001,10,636.8999999999905,0.0,False,1
35,0,1,[1 2],576.7999999999993,0.5,0.5,0.18952002633327814,SI,[2 1],-26.80000000000001,10,636.8999999999905,0.0,False,1
35,0,2,[1 2],576.7999999999993,0.5,0.5,0.03600259659844307,SI,[2 1],-26.80000000000001,10,636.8999999999905,0.0,False,1
35,0,3,[1 2],576.7999999999993,0.5,0.5,0.09411869906048609,SI,[2 1],-26.80000000000001,10,636.8999999999905,0.0,False,1
35,0,4,[1 2],576.7999999999993,0.5,0.5,0.38345010439381144,SI,[2 1],-26.80000000000001,10,636.8999999999905,0.0,False,1
36,0,0,[1 2],576.7999999999993,0.5,0.5,0.3289039337661316,SI,[2 1],-26.80000000000001,10,636.8999999999905,0.0,False,1
36,0,1,[1 2],576.7999999999993,0.5,0.5,0.07246795904272674,SI,[2 1],-26.80000000000001,10,636.8999999999905,0.0,False,1
36,0,2,[1 2],576.7999999999993,0.5,0.5,0.29160351338589063,SI,[2 1],-26.80000000000001,10,636.8999999999905,0.0,False,1
36,0,3,[1 2],576.7999999999993,0.5,0.5,0.03324442035662656,SI,[2 1],-26.80000000000001,10,636.8999999999905,0.0,False,1
36,0,4,[1 2],576.7999999999993,0.5,0.5,0.4566312696303021,SI,[2 1],-26.80000000000001,10,636.8999999999905,0.0,False,1
37,0,0,[1 2],576.7999999999993,0.5,0.5,0.3403341536865686,SI,[2 1],-26.80000000000001,10,636.8999999999905,0.0,False,1
37,0,1,[1 2],576.7999999999993,0.5,0.5,0.46428752561299746,SI,[2 1],-26.80000000000001,10,636.8999999999905,0.0,False,1
37,0,2,[1 2],576.7999999999993,0.5,0.5,0.3849385612263462,SI,[2 1],-26.80000000000001,10,636.8999999999905,0.0,False,1
37,0,3,[1 2],576.7999999999993,0.5,0.5,0.2641206231169153,SI,[2 1],-26.80000000000001,10,636.8999999999905,0.0,False,1
37,0,4,[1 2],576.7999999999993,0.5,0.5,0.19799290291542238,SI,[2 1],-26.80000000000001,10,636.8999999999905,0.0,False,1
38,0,0,[1 2],576.7999999999993,0.5,0.5,0.17509031943461728,SI,[2 1],-26.80000000000001,10,636.8999999999905,0.0,False,1
38,0,1,[1 2],576.7999999999993,0.5,0.5,0.4938192384159741,SI,[2 1],-26.80000000000001,10,636.8999999999905,0.0,False,1
38,0,2,[1 2],576.7999999999993,0.5,0.5,0.435779915272261,SI,[2 1],-26.80000000000001,10,636.8999999999905,0.0,False,1
38,0,3,[1 2],576.7999999999993,0.5,0.5,0.12426437083613073,SI,[2 1],-26.80000000000001,10,636.8999999999905,0.0,False,1
38,0,4,[1 2],576.7999999999993,0.5,0.5,0.4407532063017673,SI,[2 1],-26.80000000000001,10,636.8999999999905,0.0,False,1
39,0,0,[1 2],576.7999999999993,0.5,0.5,0.44202799075408217,SI,[2 1],-26.80000000000001,10,636.8999999999905,0.0,False,1
39,0,1,[1 2],576.7999999999993,0.5,0.5,0.05448335007989924,SI,[2 1],-26.80000000000001,10,636.8999999999905,0.0,False,1
39,0,2,[1 2],576.7999999999993,0.5,0.5,0.3985200045727212,SI,[2 1],-26.80000000000001,10,636.8999999999905,0.0,False,1
39,0,3,[1 2],576.7999999999993,0.5,0.5,0.05447023104752069,SI,[2 1],-26.80000000000001,10,636.8999999999905,0.0,False,1
39,0,4,[1 2],576.7999999999993,0.5,0.5,0.02522816183276755,SI,[2 1],-26.80000000000001,10,636.8999999999905,0.0,False,1
40,0,0,[1 2],576.7999999999993,0.5,0.5,0.34281083289441916,SI,[2 1],-26.80000000000001,10,636.8999999999905,0.0,False,1
40,0,1,[1 2],576.7999999999993,0.5,0.5,0.005578421388035215,SI,[2 1],-26.80000000000001,10,636.8999999999905,0.0,False,1
40,0,2,[1 2],576.7999999999993,0.5,0.5,0.04279640412574526,SI,[2 1],-26.80000000000001,10,636.8999999999905,0.0,False,1
40,0,3,[1 2],576.7999999999993,0.5,0.5,0.04376938455367496,SI,[2 1],-26.80000000000001,10,636.8999999999905,0.0,False,1
40,0,4,[1 2],576.7999999999993,0.5,0.5,0.4761352641508271,SI,[2 1],-26.80000000000001,10,636.8999999999905,0.0,False,1
41,0,0,[1 2],576.7999999999993,0.5,0.5,0.004247112112445883,SI,[2 1],-26.80000000000001,10,636.8999999999905,0.0,False,1
41,0,1,[1 2],576.7999999999993,0.5,0.5,0.4100453515904563,SI,[2 1],-26.80000000000001,10,636.8999999999905,0.0,False,1
41,0,2,[1 2],576.7999999999993,0.5,0.5,0.31057004772557695,SI,[2 1],-26.80000000000001,10,636.8999999999905,0.0,False,1
41,0,3,[1 2],576.7999999999993,0.5,0.5,0.33277695902246807,SI,[2 1],-26.80000000000001,10,636.8999999999905,0.0,False,1
41,0,4,[1 2],576.7999999999993,0.5,0.5,0.06798878592660262,SI,[2 1],-26.80000000000001,10,636.8999999999905,0.0,False,1
42,0,0,[1 2],576.7999999999993,0.5,0.5,0.11744010713483499,SI,[2 1],-26.80000000000001,10,636.8999999999905,0.0,False,1
42,0,1,[1 2],576.7999999999993,0.5,0.5,0.4549771516272595,SI,[2 1],-26.80000000000001,10,636.8999999999905,0.0,False,1
42,0,2,[1 2],576.7999999999993,0.5,0.5,0.34658833633706443,SI,[2 1],-26.80000000000001,10,636.8999999999905,0.0,False,1
42,0,3,[1 2],576.7999999999993,0.5,0.5,0.4792783820114761,SI,[2 1],-26.80000000000001,10,636.8999999999905,0.0,False,1
42,0,4,[1 2],576.7999999999993,0.5,0.5,0.0367787586210081,SI,[2 1],-26.80000000000001,10,636.8999999999905,0.0,False,1
43,0,0,[1 2],576.7999999999993,0.5,0.5,0.3825415811237336,SI,[2 1],-26.80000000000001,10,636.8999999999905,0.0,False,1
43,0,1,[1 2],576.7999999999993,0.5,0.5,0.38542725727764626,SI,[2 1],-26.80000000000001,10,636.8999999999905,0.0,False,1
43,0,2,[1 2],576.7999999999993,0.5,0.5,0.39224922769780746,SI,[2 1],-26.80000000000001,10,636.8999999999905,0.0,False,1
43,0,3,[1 2],576.7999999999993,0.5,0.5,0.03159903256086882,SI,[2 1],-26.80000000000001,10,636.8999999999905,0.0,False,1
43,0,4,[1 2],576.7999999999993,0.5,0.5,0.02596430985281528,SI,[2 1],-26.80000000000001,10,636.8999999999905,0.0,False,1
44,0,0,[1 2],576.7999999999993,0.5,0.5,0.2603831105208628,SI,[2 1],-26.80000000000001,10,636.8999999999905,0.0,False,1
44,0,1,[1 2],576.7999999999993,0.5,0.5,0.01732922750136623,SI,[2 1],-26.80000000000001,10,636.8999999999905,0.0,False,1
44,0,2,[1 2],576.7999999999993,0.5,0.5,0.00976558970129926,SI,[2 1],-26.80000000000001,10,636.8999999999905,0.0,False,1
44,0,3,[1 2],576.7999999999993,0.5,0.5,0.18434195144966947,SI,[2 1],-26.80000000000001,10,636.8999999999905,0.0,False,1
44,0,4,[1 2],576.7999999999993,0.5,0.5,0.2344854983710868,SI,[2 1],-26.80000000000001,10,636.8999999999905,0.0,False,1
45,0,0,[1 2],576.7999999999993,0.5,0.5,0.11777496095835716,SI,[2 1],-26.80000000000001,10,636.8999999999905,0.0,False,1
45,0,1,[1 2],576.7999999999993,0.5,0.5,0.04641442638796189,SI,[2 1],-26.80000000000001,10,636.8999999999905,0.0,False,1
45,0,2,[1 2],576.7999999999993,0.5,0.5,0.3608611037918298,SI,[2 1],-26.80000000000001,10,636.8999999999905,0.0,False,1
45,0,3,[1 2],576.7999999999993,0.5,0.5,0.12462855734398037,SI,[2 1],-26.80000000000001,10,636.8999999999905,0.0,False,1
45,0,4,[1 2],576.7999999999993,0.5,0.5,0.190007993215081,SI,[2 1],-26.80000000000001,10,636.8999999999905,0.0,False,1
46,0,0,[1 2],576.7999999999993,0.5,0.5,0.3381756287618405,SI,[2 1],-26.80000000000001,10,636.8999999999905,0.0,False,1
46,0,1,[1 2],576.7999999999993,0.5,0.5,0.38146753329347594,SI,[2 1],-26.80000000000001,10,636.8999999999905,0.0,False,1
46,0,2,[1 2],576.7999999999993,0.5,0.5,0.29626270903129637,SI,[2 1],-26.80000000000001,10,636.8999999999905,0.0,False,1
46,0,3,[1 2],576.7999999999993,0.5,0.5,0.07042852890590157,SI,[2 1],-26.80000000000001,10,636.8999999999905,0.0,False,1
46,0,4,[1 2],576.7999999999993,0.5,0.5,0.30149854832386147,SI,[2 1],-26.80000000000001,10,636.8999999999905,0.0,False,1
47,0,0,[1 2],576.7999999999993,0.5,0.5,0.4527942472284854,SI,[2 1],-26.80000000000001,10,636.8999999999905,0.0,False,1
47,0,1,[1 2],576.7999999999993,0.5,0.5,0.04487478278554691,SI,[2 1],-26.80000000000001,10,636.8999999999905,0.0,False,1
47,0,2,[1 2],576.7999999999993,0.5,0.5,0.3704782375976293,SI,[2 1],-26.80000000000001,10,636.8999999999905,0.0,False,1
47,0,3,[1 2],576.7999999999993,0.5,0.5,0.2991533264521582,SI,[2 1],-26.80000000000001,10,636.8999999999905,0.0,False,1
47,0,4,[1 2],576.7999999999993,0.5,0.5,0.05698110253194377,SI,[2 1],-26.80000000000001,10,636.8999999999905,0.0,False,1
48,0,0,[1 2],576.7999999999993,0.5,0.5,0.46444465716734984,SI,[2 1],-26.80000000000001,10,636.8999999999905,0.0,False,1
48,0,1,[1 2],576.7999999999993,0.5,0.5,0.33700738841950073,SI,[2 1],-26.80000000000001,10,636.8999999999905,0.0,False,1
48,0,2,[1 2],576.7999999999993,0.5,0.5,0.4366473847524507,SI,[2 1],-26.80000000000001,10,636.8999999999905,0.0,False,1
48,0,3,[1 2],576.7999999999993,0.5,0.5,0.30385631314865624,SI,[2 1],-26.80000000000001,10,636.8999999999905,0.0,False,1
48,0,4,[1 2],576.7999999999993,0.5,0.5,0.4122574272667493,SI,[2 1],-26.80000000000001,10,636.8999999999905,0.0,False,1
49,0,0,[1 2],576.7999999999993,0.5,0.5,0.30505274168734675,SI,[2 1],-26.80000000000001,10,636.8999999999905,0.0,False,1
49,0,1,[1 2],576.7999999999993,0.5,0.5,0.2437746768314556,SI,[2 1],-26.80000000000001,10,636.8999999999905,0.0,False,1
49,0,2,[1 2],576.7999999999993,0.5,0.5,0.23075214139108235,SI,[2 1],-26.80000000000001,10,636.8999999999905,0.0,False,1
49,0,3,[1 2],576.7999999999993,0.5,0.5,0.3938143717118685,SI,[2 1],-26.80000000000001,10,636.8999999999905,0.0,False,1
49,0,4,[1 2],576.7999999999993,0.5,0.5,0.06585204758660301,SI,[2 1],-26.80000000000001,10,636.8999999999905,0.0,False,1
50,0,0,[1 2],576.7999999999993,0.5,0.5,0.30281472375586915,SI,[2 1],-26.80000000000001,10,636.8999999999905,0.0,False,1
50,0,1,[1 2],576.7999999999993,0.5,0.5,0.16114748587767258,SI,[2 1],-26.80000000000001,10,636.8999999999905,0.0,False,1
50,0,2,[1 2],576.7999999999993,0.5,0.5,0.09005863726655694,SI,[2 1],-26.80000000000001,10,636.8999999999905,0.0,False,1
50,0,3,[1 2],576.7999999999993,0.5,0.5,0.3409557525870496,SI,[2 1],-26.80000000000001,10,636.8999999999905,0.0,False,1
50,0,4,[1 2],576.7999999999993,0.5,0.5,0.14644423148601304,SI,[2 1],-26.80000000000001,10,636.8999999999905,0.0,False,1
0,11,0,[3 1 4 5 2],2761.5999999999804,0.5,0.5,0.9906514866927435,MI,[5 4 1 3 2],22.799999999999955,10,4543.400000000009,0.0,False,2
0,11,1,[3 1 4 5 2],2761.5999999999804,0.5,0.5,0.6448166626748568,MI,[3 5 4 1 2],35.299999999999955,10,3735.199999999986,0.0,False,2
0,11,2,[3 1 4 5 2],2761.5999999999804,0.5,0.5,0.8616372869342266,MI,[3 5 4 1 2],35.299999999999955,10,3735.199999999986,0.0,False,2
0,11,3,[3 1 4 5 2],2761.5999999999804,0.5,0.5,0.10267226470853485,SI,[3 5 4 1 2],35.299999999999955,10,3735.199999999986,0.0,False,2
0,11,4,[3 1 4 5 2],2761.5999999999804,0.5,0.5,0.7508223403415498,MI,[5 4 1 3 2],22.799999999999955,10,4543.400000000009,0.0,False,2
1,0,0,[3 1 4 5 2],2761.5999999999804,0.5,0.5,0.9265956482850103,MI,[5 4 1 3 2],22.799999999999955,10,4543.400000000009,0.0,False,2
1,0,1,[3 1 4 5 2],2761.5999999999804,0.5,0.5,0.6855010929528244,MI,[5 4 1 3 2],22.799999999999955,10,4543.400000000009,0.0,False,2
1,0,2,[3 1 4 5 2],2761.5999999999804,0.5,0.5,0.9741937888074562,MI,[5 4 1 3 2],22.799999999999955,10,4543.400000000009,0.0,False,2
1,0,3,[3 1 4 5 2],2761.5999999999804,0.5,0.5,0.6501520687989432,MI,[3 5 4 1 2],35.299999999999955,10,3735.199999999986,0.0,False,2
1,0,4,[3 1 4 5 2],2761.5999999999804,0.5,0.5,0.29340465001583016,SI,[5 4 1 3 2],22.799999999999955,10,4543.400000000009,0.0,False,2
2,0,0,[3 1 4 5 2],2761.5999999999804,0.5,0.5,0.9777548812749707,MI,[3 5 4 1 2],35.299999999999955,10,3735.199999999986,0.0,False,2
2,0,1,[3 1 4 5 2],2761.5999999999804,0.5,0.5,0.7882558925234071,MI,[5 4 1 3 2],22.799999999999955,10,4543.400000000009,0.0,False,2
2,0,2,[3 1 4 5 2],2761.5999999999804,0.5,0.5,0.5782026552890904,MI,[3 5 4 1 2],35.299999999999955,10,3735.199999999986,0.0,False,2
2,0,3,[3 1 4 5 2],2761.5999999999804,0.5,0.5,0.5375847246284202,MI,[5 4 1 3 2],22.799999999999955,10,4543.400000000009,0.0,False,2
2,0,4,[3 1 4 5 2],2761.5999999999804,0.5,0.5,0.8880099765936782,MI,[5 4 1 3 2],22.799999999999955,10,4543.400000000009,0.0,False,2
3,0,0,[3 1 4 5 2],2761.5999999999804,0.5,0.5,0.767060242091499,MI,[5 4 1 3 2],22.799999999999955,10,4543.400000000009,0.0,False,2
3,0,1,[3 1 4 5 2],2761.5999999999804,0.5,0.5,0.7925626830560718,MI,[5 4 1 3 2],22.799999999999955,10,4543.400000000009,0.0,False,2
3,0,2,[3 1 4 5 2],2761.5999999999804,0.5,0.5,0.4252280188808124,SI,[5 4 1 3 2],22.799999999999955,10,4543.400000000009,0.0,False,2
3,0,3,[3 1 4 5 2],2761.5999999999804,0.5,0.5,0.11212948866550065,SI,[3 5 4 1 2],35.299999999999955,10,3735.199999999986,0.0,False,2
3,0,4,[3 1 4 5 2],2761.5999999999804,0.5,0.5,0.9470802299031142,MI,[3 5 4 1 2],35.299999999999955,10,3735.199999999986,0.0,False,2
4,0,0,[3 1 4 5 2],2761.5999999999804,0.5,0.5,0.5872526070838411,MI,[5 4 1 3 2],22.799999999999955,10,4543.400000000009,0.0,False,2
4,0,1,[3 1 4 5 2],2761.5999999999804,0.5,0.5,0.590534178775061,MI,[3 5 4 1 2],35.299999999999955,10,3735.199999999986,0.0,False,2
4,0,2,[3 1 4 5 2],2761.5999999999804,0.5,0.5,0.021685504054449245,SI,[3 5 4 1 2],35.299999999999955,10,3735.199999999986,0.0,False,2
4,0,3,[3 1 4 5 2],2761.5999999999804,0.5,0.5,0.8167645055052833,MI,[3 5 4 1 2],35.299999999999955,10,3735.199999999986,0.0,False,2
4,0,4,[3 1 4 5 2],2761.5999999999804,0.5,0.5,0.9265821390600437,MI,[5 4 1 3 2],22.799999999999955,10,4543.400000000009,0.0,False,2
5,0,0,[3 1 4 5 2],2761.5999999999804,0.5,0.5,0.05301610362762044,SI,[5 4 1 3 2],22.799999999999955,10,4543.400000000009,0.0,False,2
5,0,1,[3 1 4 5 2],2761.5999999999804,0.5,0.5,0.04094921330865242,SI,[3 5 4 1 2],35.299999999999955,10,3735.199999999986,0.0,False,2
5,0,2,[3 1 4 5 2],2761.5999999999804,0.5,0.5,0.19869088171011817,SI,[5 4 1 3 2],22.799999999999955,10,4543.400000000009,0.0,False,2
5,0,3,[3 1 4 5 2],2761.5999999999804,0.5,0.5,0.8858200663020084,MI,[3 5 4 1 2],35.299999999999955,10,3735.199999999986,0.0,False,2
5,0,4,[3 1 4 5 2],2761.5999999999804,0.5,0.5,0.654475304407972,MI,[5 4 1 3 2],22.799999999999955,10,4543.400000000009,0.0,False,2
6,0,0,[3 1 4 5 2],2761.5999999999804,0.5,0.5,0.42266064020912564,SI,[4 1 3 5 2],175.39999999999998,10,4265.999999999996,0.0,False,2
6,0,1,[3 1 4 5 2],2761.5999999999804,0.5,0.5,0.9123220456313103,MI,[5 4 1 3 2],22.799999999999955,10,4543.400000000009,0.0,False,2
6,0,2,[3 1 4 5 2],2761.5999999999804,0.5,0.5,0.265025973828266,SI,[3 5 4 1 2],35.299999999999955,10,3735.199999999986,0.0,False,2
6,0,3,[3 1 4 5 2],2761.5999999999804,0.5,0.5,0.37694034999185033,SI,[3 5 4 1 2],35.299999999999955,10,3735.199999999986,0.0,False,2
6,0,4,[3 1 4 5 2],2761.5999999999804,0.5,0.5,0.765751506008804,MI,[5 4 1 3 2],22.799999999999955,10,4543.400000000009,0.0,False,2
7,0,0,[3 1 4 5 2],2761.5999999999804,0.5,0.5,0.48394059538840695,SI,[3 5 4 1 2],35.299999999999955,10,3735.199999999986,0.0,False,2
7,0,1,[3 1 4 5 2],2761.5999999999804,0.5,0.5,0.7238533567756169,MI,[5 4 1 3 2],22.799999999999955,10,4543.400000000009,0.0,False,2
7,0,2,[3 1 4 5 2],2761.5999999999804,0.5,0.5,0.2913188212125114,SI,[5 4 1 3 2],22.799999999999955,10,4543.400000000009,0.0,False,2
7,0,3,[3 1 4 5 2],2761.5999999999804,0.5,0.5,0.5848996769742207,MI,[5 4 1 3 2],22.799999999999955,10,4543.400000000009,0.0,False,2
7,0,4,[3 1 4 5 2],2761.5999999999804,0.5,0.5,0.5032973151910101,MI,[2 5 4 1 3],57.30000000000001,10,4209.000000000036,0.0,False,2
8,0,0,[3 1 4 5 2],2761.5999999999804,0.5,0.5,0.008727900244577369,SI,[5 4 1 3 2],22.799999999999955,10,4543.400000000009,0.0,False,2
8,0,1,[3 1 4 5 2],2761.5999999999804,0.5,0.5,0.44248769118085973,SI,[5 4 1 3 2],22.799999999999955,10,4543.400000000009,0.0,False,2
8,0,2,[3 1 4 5 2],2761.5999999999804,0.5,0.5,0.8834590209027622,MI,[5 4 1 3 2],22.799999999999955,10,4543.400000000009,0.0,False,2
8,0,3,[3 1 4 5 2],2761.5999999999804,0.5,0.5,0.3718972388646232,SI,[5 4 1 3 2],22.799999999999955,10,4543.400000000009,0.0,False,2
8,0,4,[3 1 4 5 2],2761.5999999999804,0.5,0.5,0.6647126005063078,MI,[5 4 1 3 2],22.799999999999955,10,4543.400000000009,0.0,False,2
9,0,0,[3 1 4 5 2],2761.5999999999804,0.5,0.5,0.7407214264741243,MI,[3 5 4 1 2],35.299999999999955,10,3735.199999999986,0.0,False,2
9,0,1,[3 1 4 5 2],2761.5999999999804,0.5,0.5,0.532339978659114,MI,[5 4 1 3 2],22.799999999999955,10,4543.400000000009,0.0,False,2
9,0,2,[3 1 4 5 2],2761.5999999999804,0.5,0.5,0.611422903371022,MI,[3 5 4 1 2],35.299999999999955,10,3735.199999999986,0.0,False,2
9,0,3,[3 1 4 5 2],2761.5999999999804,0.5,0.5,0.544237618658608,MI,[5 4 1 3 2],22.799999999999955,10,4543.400000000009,0.0,False,2
9,0,4,[3 1 4 5 2],2761.5999999999804,0.5,0.5,0.5876328295177512,MI,[5 4 1 3 2],22.799999999999955,10,4543.400000000009,0.0,False,2
10,0,0,[3 1 4 5 2],2761.5999999999804,0.5,0.5,0.4216079852976413,SI,[5 4 1 3 2],22.799999999999955,10,4543.400000000009,0.0,False,2
10,0,1,[3 1 4 5 2],2761.5999999999804,0.5,0.5,0.07094079355349614,SI,[5 4 1 3 2],22.799999999999955,10,4543.400000000009,0.0,False,2
10,0,2,[3 1 4 5 2],2761.5999999999804,0.5,0.5,0.7533074922562618,MI,[3 5 4 1 2],35.299999999999955,10,3735.199999999986,0.0,False,2
10,0,3,[3 1 4 5 2],2761.5999999999804,0.5,0.5,0.8688688320107608,MI,[5 4 1 3 2],22.799999999999955,10,4543.400000000009,0.0,False,2
10,0,4,[3 1 4 5 2],2761.5999999999804,0.5,0.5,0.08162197172213981,SI,[5 4 1 3 2],22.799999999999955,10,4543.400000000009,0.0,False,2
11,0,0,[3 1 4 5 2],2761.5999999999804,0.5,0.5,0.22006797491263508,SI,[5 4 1 3 2],22.799999999999955,10,4543.400000000009,0.0,False,2
11,0,1,[3 1 4 5 2],2761.5999999999804,0.5,0.5,0.3774016991291578,SI,[5 4 1 3 2],22.799999999999955,10,4543.400000000009,0.0,False,2
11,0,2,[3 1 4 5 2],2761.5999999999804,0.5,0.5,0.19631635329053843,SI,[5 4 1 3 2],22.799999999999955,10,4543.400000000009,0.0,False,2
11,0,3,[3 1 4 5 2],2761.5999999999804,0.5,0.5,0.979063144985714,MI,[5 4 1 3 2],22.799999999999955,10,4543.400000000009,0.0,False,2
11,0,4,[3 1 4 5 2],2761.5999999999804,0.5,0.5,0.4297284531374197,SI,[5 4 1 3 2],22.799999999999955,10,4543.400000000009,0.0,False,2
12,0,0,[3 1 4 5 2],2761.5999999999804,0.5,0.5,0.6034318935841395,MI,[5 4 1 3 2],22.799999999999955,10,4543.400000000009,0.0,False,2
12,0,1,[3 1 4 5 2],2761.5999999999804,0.5,0.5,0.4794015011472431,SI,[5 4 1 3 2],22.799999999999955,10,4543.400000000009,0.0,False,2
12,0,2,[3 1 4 5 2],2761.5999999999804,0.5,0.5,0.36506206742074143,SI,[5 4 1 3 2],22.799999999999955,10,4543.400000000009,0.0,False,2
12,0,3,[3 1 4 5 2],2761.5999999999804,0.5,0.5,0.7640731644518904,MI,[5 4 1 3 2],22.799999999999955,10,4543.400000000009,0.0,False,2
12,0,4,[3 1 4 5 2],2761.5999999999804,0.5,0.5,0.24114113966465334,SI,[5 4 1 3 2],22.799999999999955,10,4543.400000000009,0.0,False,2
13,0,0,[3 1 4 5 2],2761.5999999999804,0.5,0.5,0.39392586637837435,SI,[5 4 1 3 2],22.799999999999955,10,4543.400000000009,0.0,False,2
13,0,1,[3 1 4 5 2],2761.5999999999804,0.5,0.5,0.2702262347041431,SI,[5 4 1 3 2],22.799999999999955,10,4543.400000000009,0.0,False,2
13,0,2,[3 1 4 5 2],2761.5999999999804,0.5,0.5,0.10510950096529192,SI,[3 5 4 1 2],35.299999999999955,10,3735.199999999986,0.0,False,2
13,0,3,[3 1 4 5 2],2761.5999999999804,0.5,0.5,0.4716352330147152,SI,[2 5 4 1 3],57.30000000000001,10,4209.000000000036,0.0,False,2
13,0,4,[3 1 4 5 2],2761.5999999999804,0.5,0.5,0.541688079391202,MI,[5 4 1 3 2],22.799999999999955,10,4543.400000000009,0.0,False,2
14,0,0,[3 1 4 5 2],2761.5999999999804,0.5,0.5,0.6665433138839135,MI,[5 4 1 3 2],22.799999999999955,10,4543.400000000009,0.0,False,2
14,0,1,[3 1 4 5 2],2761.5999999999804,0.5,0.5,0.5049067437547619,MI,[5 4 1 3 2],22.799999999999955,10,4543.400000000009,0.0,False,2
14,0,2,[3 1 4 5 2],2761.5999999999804,0.5,0.5,0.08549884586880052,SI,[5 4 1 3 2],22.799999999999955,10,4543.400000000009,0.0,False,2
14,0,3,[3 1 4 5 2],2761.5999999999804,0.5,0.5,0.9359317409340298,MI,[5 4 1 3 2],22.799999999999955,10,4543.400000000009,0.0,False,2
14,0,4,[3 1 4 5 2],2761.5999999999804,0.5,0.5,0.611261381225833,MI,[5 4 1 3 2],22.799999999999955,10,4543.400000000009,0.0,False,2
15,0,0,[3 1 4 5 2],2761.5999999999804,0.5,0.5,0.865755519848082,MI,[5 4 1 3 2],22.799999999999955,10,4543.400000000009,0.0,False,2
15,0,1,[3 1 4 5 2],2761.5999999999804,0.5,0.5,0.5001711925849173,MI,[5 4 1 3 2],22.799999999999955,10,4543.400000000009,0.0,False,2
15,0,2,[3 1 4 5 2],2761.5999999999804,0.5,0.5,0.05082186873121741,SI,[5 4 1 3 2],22.799999999999955,10,4543.400000000009,0.0,False,2
15,0,3,[3 1 4 5 2],2761.5999999999804,0.5,0.5,0.9909310947346924,MI,[5 4 1 3 2],22.799999999999955,10,4543.400000000009,0.0,False,2
15,0,4,[3 1 4 5 2],2761.5999999999804,0.5,0.5,0.7865106108883457,MI,[5 4 1 3 2],22.799999999999955,10,4543.400000000009,0.0,False,2
16,0,0,[3 1 4 5 2],2761.5999999999804,0.5,0.5,0.5657695628988889,MI,[3 5 4 1 2],35.299999999999955,10,3735.199999999986,0.0,False,2
16,0,1,[3 1 4 5 2],2761.5999999999804,0.5,0.5,0.8283065581935302,MI,[5 4 1 3 2],22.799999999999955,10,4543.400000000009,0.0,False,2
16,0,2,[3 1 4 5 2],2761.5999999999804,0.5,0.5,0.6449054833233924,MI,[4 1 3 5 2],175.39999999999998,10,4265.999999999996,0.0,False,2
16,0,3,[3 1 4 5 2],2761.5999999999804,0.5,0.5,0.7119521012594043,MI,[5 4 1 3 2],22.799999999999955,10,4543.400000000009,0.0,False,2
16,0,4,[3 1 4 5 2],2761.5999999999804,0.5,0.5,0.9393596681051537,MI,[3 5 4 1 2],35.299999999999955,10,3735.199999999986,0.0,False,2
17,0,0,[3 1 4 5 2],2761.5999999999804,0.5,0.5,0.99882144641349,MI,[3 5 4 1 2],35.299999999999955,10,3735.199999999986,0.0,False,2
17,0,1,[3 1 4 5 2],2761.5999999999804,0.5,0.5,0.5691706197568646,MI,[5 4 1 3 2],22.799999999999955,10,4543.400000000009,0.0,False,2
17,0,2,[3 1 4 5 2],2761.5999999999804,0.5,0.5,0.7903081118754598,MI,[5 4 1 3 2],22.799999999999955,10,4543.400000000009,0.0,False,2
17,0,3,[3 1 4 5 2],2761.5999999999804,0.5,0.5,0.21921695791795004,SI,[5 4 1 3 2],22.799999999999955,10,4543.400000000009,0.0,False,2
17,0,4,[3 1 4 5 2],2761.5999999999804,0.5,0.5,0.7033423815131149,MI,[5 4 1 3 2],22.799999999999955,10,4543.400000000009,0.0,False,2
18,0,0,[3 1 4 5 2],2761.5999999999804,0.5,0.5,0.041652448460499314,SI,[5 4 1 3 2],22.799999999999955,10,4543.400000000009,0.0,False,2
18,0,1,[3 1 4 5 2],2761.5999999999804,0.5,0.5,0.03965412801605983,SI,[5 4 1 3 2],22.799999999999955,10,4543.400000000009,0.0,False,2
18,0,2,[3 1 4 5 2],2761.5999999999804,0.5,0.5,0.1518291125071508,SI,[5 4 1 3 2],22.799999999999955,10,4543.400000000009,0.0,False,2
18,0,3,[3 1 4 5 2],2761.5999999999804,0.5,0.5,0.6154572844296984,MI,[5 4 1 3 2],22.799999999999955,10,4543.400000000009,0.0,False,2
18,0,4,[3 1 4 5 2],2761.5999999999804,0.5,0.5,0.9596008648833826,MI,[5 4 1 3 2],22.799999999999955,10,4543.400000000009,0.0,False,2
19,0,0,[3 1 4 5 2],2761.5999999999804,0.5,0.5,0.07863802890332705,SI,[5 4 1 3 2],22.799999999999955,10,4543.400000000009,0.0,False,2
19,0,1,[3 1 4 5 2],2761.5999999999804,0.5,0.5,0.9364767191457736,MI,[5 4 1 3 2],22.799999999999955,10,4543.400000000009,0.0,False,2
19,0,2,[3 1 4 5 2],2761.5999999999804,0.5,0.5,0.845093041422305,MI,[5 4 1 3 2],22.799999999999955,10,4543.400000000009,0.0,False,2
19,0,3,[3 1 4 5 2],2761.5999999999804,0.5,0.5,0.5843108256726753,MI,[5 4 1 3 2],22.799999999999955,10,4543.400000000009,0.0,False,2
19,0,4,[3 1 4 5 2],2761.5999999999804,0.5,0.5,0.5176802270795556,MI,[5 4 1 3 2],22.799999999999955,10,4543.400000000009,0.0,False,2
20,0,0,[3 1 4 5 2],2761.5999999999804,0.5,0.5,0.8191191517736179,MI,[5 4 1 3 2],22.799999999999955,10,4543.400000000009,0.0,False,2
20,0,1,[3 1 4 5 2],2761.5999999999804,0.5,0.5,0.06612008361567989,SI,[3 5 4 1 2],35.299999999999955,10,3735.199999999986,0.0,False,2
20,0,2,[3 1 4 5 2],2761.5999999999804,0.5,0.5,0.3933069643525158,SI,[3 5 4 1 2],35.299999999999955,10,3735.199999999986,0.0,False,2
20,0,3,[3 1 4 5 2],2761.5999999999804,0.5,0.5,0.36465619947446437,SI,[2 5 4 1 3],57.30000000000001,10,4209.000000000036,0.0,False,2
20,0,4,[3 1 4 5 2],2761.5999999999804,0.5,0.5,0.8041163534028378,MI,[3 5 4 1 2],35.299999999999955,10,3735.199999999986,0.0,False,2
21,0,0,[3 1 4 5 2],2761.5999999999804,0.5,0.5,0.31470862546044875,SI,[3 5 4 1 2],35.299999999999955,10,3735.199999999986,0.0,False,2
21,0,1,[3 1 4 5 2],2761.5999999999804,0.5,0.5,0.1127649527232667,SI,[3 5 4 1 2],35.299999999999955,10,3735.199999999986,0.0,False,2
21,0,2,[3 1 4 5 2],2761.5999999999804,0.5,0.5,0.40224012454099867,SI,[5 4 1 3 2],22.799999999999955,10,4543.400000000009,0.0,False,2
21,0,3,[3 1 4 5 2],2761.5999999999804,0.5,0.5,0.12310971322768727,SI,[3 5 4 1 2],35.299999999999955,10,3735.199999999986,0.0,False,2
21,0,4,[3 1 4 5 2],2761.5999999999804,0.5,0.5,0.49095094573633646,SI,[5 4 1 3 2],22.799999999999955,10,4543.400000000009,0.0,False,2
22,0,0,[3 1 4 5 2],2761.5999999999804,0.5,0.5,0.14206851029833956,SI,[5 4 1 3 2],22.799999999999955,10,4543.400000000009,0.0,False,2
22,0,1,[3 1 4 5 2],2761.5999999999804,0.5,0.5,0.840273389160168,MI,[2 5 4 1 3],57.30000000000001,10,4209.000000000036,0.0,False,2
22,0,2,[3 1 4 5 2],2761.5999999999804,0.5,0.5,0.8610434849834235,MI,[5 4 1 3 2],22.799999999999955,10,4543.400000000009,0.0,False,2
22,0,3,[3 1 4 5 2],2761.5999999999804,0.5,0.5,0.006944792620510287,SI,[5 4 1 3 2],22.799999999999955,10,4543.400000000009,0.0,False,2
22,0,4,[3 1 4 5 2],2761.5999999999804,0.5,0.5,0.8888379304684209,MI,[3 5 4 1 2],35.299999999999955,10,3735.199999999986,0.0,False,2
23,0,0,[3 1 4 5 2],2761.5999999999804,0.5,0.5,0.9842854148732488,MI,[5 4 1 3 2],22.799999999999955,10,4543.400000000009,0.0,False,2
23,0,1,[3 1 4 5 2],2761.5999999999804,0.5,0.5,0.8476991913259546,MI,[5 4 1 3 2],22.799999999999955,10,4543.400000000009,0.0,False,2
23,0,2,[3 1 4 5 2],2761.5999999999804,0.5,0.5,0.7130578254909631,MI,[5 4 1 3 2],22.799999999999955,10,4543.400000000009,0.0,False,2
23,0,3,[3 1 4 5 2],2761.5999999999804,0.5,0.5,0.7768108335082454,MI,[5 4 1 3 2],22.799999999999955,10,4543.400000000009,0.0,False,2
23,0,4,[3 1 4 5 2],2761.5999999999804,0.5,0.5,0.1122611294007958,SI,[5 4 1 3 2],22.799999999999955,10,4543.400000000009,0.0,False,2
24,0,0,[3 1 4 5 2],2761.5999999999804,0.5,0.5,0.6423866304781393,MI,[3 5 4 1 2],35.299999999999955,10,3735.199999999986,0.0,False,2
24,0,1,[3 1 4 5 2],2761.5999999999804,0.5,0.5,0.6447599856413774,MI,[2 5 4 1 3],57.30000000000001,10,4209.000000000036,0.0,False,2
24,0,2,[3 1 4 5 2],2761.5999999999804,0.5,0.5,0.1692688513738012,SI,[5 4 1 3 2],22.799999999999955,10,4543.400000000009,0.0,False,2
24,0,3,[3 1 4 5 2],2761.5999999999804,0.5,0.5,0.6872831677201555,MI,[3 5 4 1 2],35.299999999999955,10,3735.199999999986,0.0,False,2
24,0,4,[3 1 4 5 2],2761.5999999999804,0.5,0.5,0.5923165028321823,MI,[5 4 1 3 2],22.799999999999955,10,4543.400000000009,0.0,False,2
25,0,0,[3 1 4 5 2],2761.5999999999804,0.5,0.5,0.39240609645330027,SI,[5 4 1 3 2],22.799999999999955,10,4543.400000000009,0.0,False,2
25,0,1,[3 1 4 5 2],2761.5999999999804,0.5,0.5,0.9053310207883685,MI,[5 4 1 3 2],22.799999999999955,10,4543.400000000009,0.0,False,2
25,0,2,[3 1 4 5 2],2761.5999999999804,0.5,0.5,0.2570160317756168,SI,[3 5 4 1 2],35.299999999999955,10,3735.199999999986,0.0,False,2
25,0,3,[3 1 4 5 2],2761.5999999999804,0.5,0.5,0.8135210875635337,MI,[2 5 4 1 3],57.30000000000001,10,4209.000000000036,0.0,False,2
25,0,4,[3 1 4 5 2],2761.5999999999804,0.5,0.5,0.8026033799827234,MI,[5 4 1 3 2],22.799999999999955,10,4543.400000000009,0.0,False,2
26,0,0,[3 1 4 5 2],2761.5999999999804,0.5,0.5,0.6913548263297671,MI,[5 4 1 3 2],22.799999999999955,10,4543.400000000009,0.0,False,2
26,0,1,[3 1 4 5 2],2761.5999999999804,0.5,0.5,0.5201383775118108,MI,[5 4 1 3 2],22.799999999999955,10,4543.400000000009,0.0,False,2
26,0,2,[3 1 4 5 2],2761.5999999999804,0.5,0.5,0.6285611696392809,MI,[5 4 1 3 2],22.799999999999955,10,4543.400000000009,0.0,False,2
26,0,3,[3 1 4 5 2],2761.5999999999804,0.5,0.5,0.6413279341505562,MI,[5 4 1 3 2],22.799999999999955,10,4543.400000000009,0.0,False,2
26,0,4,[3 1 4 5 2],2761.5999999999804,0.5,0.5,0.8068260040169112,MI,[3 5 4 1 2],35.299999999999955,10,3735.199999999986,0.0,False,2
27,0,0,[3 1 4 5 2],2761.5999999999804,0.5,0.5,0.9475998468901817,MI,[3 5 4 1 2],35.299999999999955,10,3735.199999999986,0.0,False,2
27,0,1,[3 1 4 5 2],2761.5999999999804,0.5,0.5,0.8776165703169471,MI,[5 4 1 3 2],22.799999999999955,10,4543.400000000009,0.0,False,2
27,0,2,[3 1 4 5 2],2761.5999999999804,0.5,0.5,0.9949425666063731,MI,[5 4 1 3 2],22.799999999999955,10,4543.400000000009,0.0,False,2
27,0,3,[3 1 4 5 2],2761.5999999999804,0.5,0.5,0.036160262992964154,SI,[5 4 1 3 2],22.799999999999955,10,4543.400000000009,0.0,False,2
27,0,4,[3 1 4 5 2],2761.5999999999804,0.5,0.5,0.7029967346902454,MI,[5 4 1 3 2],22.799999999999955,10,4543.400000000009,0.0,False,2
28,0,0,[3 1 4 5 2],2761.5999999999804,0.5,0.5,0.1910620556526793,SI,[3 5 4 1 2],35.299999999999955,10,3735.199999999986,0.0,False,2
28,0,1,[3 1 4 5 2],2761.5999999999804,0.5,0.5,0.006513865573719579,SI,[3 4 1 5 2],73.19999999999999,10,3454.6999999999825,0.0,False,2
28,0,2,[3 1 4 5 2],2761.5999999999804,0.5,0.5,0.8977462027335628,MI,[5 4 1 3 2],22.799999999999955,10,4543.400000000009,0.0,False,2
28,0,3,[3 1 4 5 2],2761.5999999999804,0.5,0.5,0.5791293129195869,MI,[5 4 1 3 2],22.799999999999955,10,4543.400000000009,0.0,False,2
28,0,4,[3 1 4 5 2],2761.5999999999804,0.5,0.5,0.6922241046164908,MI,[2 5 4 1 3],57.30000000000001,10,4209.000000000036,0.0,False,2
29,0,0,[3 1 4 5 2],2761.5999999999804,0.5,0.5,0.18003539137605695,SI,[5 4 1 3 2],22.799999999999955,10,4543.400000000009,0.0,False,2
29,0,1,[3 1 4 5 2],2761.5999999999804,0.5,0.5,0.6653342879941863,MI,[5 4 1 3 2],22.799999999999955,10,4543.400000000009,0.0,False,2
29,0,2,[3 1 4 5 2],2761.5999999999804,0.5,0.5,0.11314770665362217,SI,[5 4 1 3 2],22.799999999999955,10,4543.400000000009,0.0,False,2
29,0,3,[3 1 4 5 2],2761.5999999999804,0.5,0.5,0.7197327205019989,MI,[3 5 4 1 2],35.299999999999955,10,3735.199999999986,0.0,False,2
29,0,4,[3 1 4 5 2],2761.5999999999804,0.5,0.5,0.44045147096358483,SI,[5 4 1 3 2],22.799999999999955,10,4543.400000000009,0.0,False,2
30,0,0,[3 1 4 5 2],2761.5999999999804,0.5,0.5,0.5989413792270734,MI,[5 4 1 3 2],22.799999999999955,10,4543.400000000009,0.0,False,2
30,0,1,[3 1 4 5 2],2761.5999999999804,0.5,0.5,0.49677543610758235,SI,[3 5 4 1 2],35.299999999999955,10,3735.199999999986,0.0,False,2
30,0,2,[3 1 4 5 2],2761.5999999999804,0.5,0.5,0.5474766073342124,MI,[3 5 4 1 2],35.299999999999955,10,3735.199999999986,0.0,False,2
30,0,3,[3 1 4 5 2],2761.5999999999804,0.5,0.5,0.7310381827899073,MI,[5 4 1 3 2],22.799999999999955,10,4543.400000000009,0.0,False,2
30,0,4,[3 1 4 5 2],2761.5999999999804,0.5,0.5,0.8443771523503055,MI,[3 5 4 1 2],35.299999999999955,10,3735.199999999986,0.0,False,2
31,0,0,[3 1 4 5 2],2761.5999999999804,0.5,0.5,0.634205198997338,MI,[2 5 4 1 3],57.30000000000001,10,4209.000000000036,0.0,False,2
31,0,1,[3 1 4 5 2],2761.5999999999804,0.5,0.5,0.7397178392901249,MI,[5 4 1 3 2],22.799999999999955,10,4543.400000000009,0.0,False,2
31,0,2,[3 1 4 5 2],2761.5999999999804,0.5,0.5,0.5723482339835092,MI,[5 4 1 3 2],22.799999999999955,10,4543.400000000009,0.0,False,2
31,0,3,[3 1 4 5 2],2761.5999999999804,0.5,0.5,0.18388115020831763,SI,[5 4 1 3 2],22.799999999999955,10,4543.400000000009,0.0,False,2
31,0,4,[3 1 4 5 2],2761.5999999999804,0.5,0.5,0.4228000823553234,SI,[5 4 1 3 2],22.799999999999955,10,4543.400000000009,0.0,False,2
32,0,0,[3 1 4 5 2],2761.5999999999804,0.5,0.5,0.5377444427840116,MI,[5 4 1 3 2],22.799999999999955,10,4543.400000000009,0.0,False,2
32,0,1,[3 1 4 5 2],2761.5999999999804,0.5,0.5,0.3194138232085466,SI,[5 4 1 3 2],22.799999999999955,10,4543.400000000009,0.0,False,2
32,0,2,[3 1 4 5 2],2761.5999999999804,0.5,0.5,0.6927450934674071,MI,[5 4 1 3 2],22.799999999999955,10,4543.400000000009,0.0,False,2
32,0,3,[3 1 4 5 2],2761.5999999999804,0.5,0.5,0.9812953202495408,MI,[5 4 1 3 2],22.799999999999955,10,4543.400000000009,0.0,False,2
32,0,4,[3 1 4 5 2],2761.5999999999804,0.5,0.5,0.738080098726368,MI,[5 4 1 3 2],22.799999999999955,10,4543.400000000009,0.0,False,2
33,0,0,[3 1 4 5 2],2761.5999999999804,0.5,0.5,0.13942319178384055,SI,[5 4 1 3 2],22.799999999999955,10,4543.400000000009,0.0,False,2
33,0,1,[3 1 4 5 2],2761.5999999999804,0.5,0.5,0.27573657914189487,SI,[5 4 1 3 2],22.799999999999955,10,4543.400000000009,0.0,False,2
33,0,2,[3 1 4 5 2],2761.5999999999804,0.5,0.5,0.44024895846012657,SI,[3 5 4 1 2],35.299999999999955,10,3735.199999999986,0.0,False,2
33,0,3,[3 1 4 5 2],2761.5999999999804,0.5,0.5,0.14366257206710598,SI,[5 4 1 3 2],22.799999999999955,10,4543.400000000009,0.0,False,2
33,0,4,[3 1 4 5 2],2761.5999999999804,0.5,0.5,0.726455462139628,MI,[3 5 4 1 2],35.299999999999955,10,3735.199999999986,0.0,False,2
34,0,0,[3 1 4 5 2],2761.5999999999804,0.5,0.5,0.7977942819913647,MI,[3 5 4 1 2],35.299999999999955,10,3735.199999999986,0.0,False,2
34,0,1,[3 1 4 5 2],2761.5999999999804,0.5,0.5,0.8981989406149233,MI,[3 5 4 1 2],35.299999999999955,10,3735.199999999986,0.0,False,2
34,0,2,[3 1 4 5 2],2761.5999999999804,0.5,0.5,0.7703989404378264,MI,[5 4 1 3 2],22.799999999999955,10,4543.400000000009,0.0,False,2
34,0,3,[3 1 4 5 2],2761.5999999999804,0.5,0.5,0.7604089082863456,MI,[5 4 1 3 2],22.799999999999955,10,4543.400000000009,0.0,False,2
34,0,4,[3 1 4 5 2],2761.5999999999804,0.5,0.5,0.8881256376178259,MI,[5 4 1 3 2],22.799999999999955,10,4543.400000000009,0.0,False,2
35,0,0,[3 1 4 5 2],2761.5999999999804,0.5,0.5,0.11870173203934131,SI,[3 5 4 1 2],35.299999999999955,10,3735.199999999986,0.0,False,2
35,0,1,[3 1 4 5 2],2761.5999999999804,0.5,0.5,0.8839985069485923,MI,[5 4 1 3 2],22.799999999999955,10,4543.400000000009,0.0,False,2
35,0,2,[3 1 4 5 2],2761.5999999999804,0.5,0.5,0.5373968757012839,MI,[3 5 4 1 2],35.299999999999955,10,3735.199999999986,0.0,False,2
35,0,3,[3 1 4 5 2],2761.5999999999804,0.5,0.5,0.686627926469302,MI,[3 5 4 1 2],35.299999999999955,10,3735.199999999986,0.0,False,2
35,0,4,[3 1 4 5 2],2761.5999999999804,0.5,0.5,0.07925912910970156,SI,[3 5 4 1 2],35.299999999999955,10,3735.199999999986,0.0,False,2
36,0,0,[3 1 4 5 2],2761.5999999999804,0.5,0.5,0.9793793697818695,MI,[5 4 1 3 2],22.799999999999955,10,4543.400000000009,0.0,False,2
36,0,1,[3 1 4 5 2],2761.5999999999804,0.5,0.5,0.3531192202583051,SI,[5 4 1 3 2],22.799999999999955,10,4543.400000000009,0.0,False,2
36,0,2,[3 1 4 5 2],2761.5999999999804,0.5,0.5,0.9919557987537719,MI,[5 4 1 3 2],22.799999999999955,10,4543.400000000009,0.0,False,2
36,0,3,[3 1 4 5 2],2761.5999999999804,0.5,0.5,0.2560049816687944,SI,[5 4 1 3 2],22.799999999999955,10,4543.400000000009,0.0,False,2
36,0,4,[3 1 4 5 2],2761.5999999999804,0.5,0.5,0.8109945910437123,MI,[3 5 4 1 2],35.299999999999955,10,3735.199999999986,0.0,False,2
37,0,0,[3 1 4 5 2],2761.5999999999804,0.5,0.5,0.43663766310859475,SI,[5 4 1 3 2],22.799999999999955,10,4543.400000000009,0.0,False,2
37,0,1,[3 1 4 5 2],2761.5999999999804,0.5,0.5,0.27102691595833306,SI,[5 4 1 3 2],22.799999999999955,10,4543.400000000009,0.0,False,2
37,0,2,[3 1 4 5 2],2761.5999999999804,0.5,0.5,0.7057115864421661,MI,[3 5 4 1 2],35.299999999999955,10,3735.199999999986,0.0,False,2
37,0,3,[3 1 4 5 2],2761.5999999999804,0.5,0.5,0.43844766339544927,SI,[5 4 1 3 2],22.799999999999955,10,4543.400000000009,0.0,False,2
37,0,4,[3 1 4 5 2],2761.5999999999804,0.5,0.5,0.8835280072016785,MI,[5 4 1 3 2],22.799999999999955,10,4543.400000000009,0.0,False,2
38,0,0,[3 1 4 5 2],2761.5999999999804,0.5,0.5,0.0011958263439590944,SI,[5 4 1 3 2],22.799999999999955,10,4543.400000000009,0.0,False,2
38,0,1,[3 1 4 5 2],2761.5999999999804,0.5,0.5,0.4925549254096311,SI,[3 5 4 1 2],35.299999999999955,10,3735.199999999986,0.0,False,2
38,0,2,[3 1 4 5 2],2761.5999999999804,0.5,0.5,0.7699112008625111,MI,[5 4 1 3 2],22.799999999999955,10,4543.400000000009,0.0,False,2
38,0,3,[3 1 4 5 2],2761.5999999999804,0.5,0.5,0.11941009965240623,SI,[5 4 1 3 2],22.799999999999955,10,4543.400000000009,0.0,False,2
38,0,4,[3 1 4 5 2],2761.5999999999804,0.5,0.5,0.9051274208907031,MI,[3 5 4 1 2],35.299999999999955,10,3735.199999999986,0.0,False,2
39,0,0,[3 1 4 5 2],2761.5999999999804,0.5,0.5,0.1971505612592801,SI,[5 4 1 3 2],22.799999999999955,10,4543.400000000009,0.0,False,2
39,0,1,[3 1 4 5 2],2761.5999999999804,0.5,0.5,0.5591948227507441,MI,[5 4 1 3 2],22.799999999999955,10,4543.400000000009,0.0,False,2
39,0,2,[3 1 4 5 2],2761.5999999999804,0.5,0.5,0.10493389947387466,SI,[2 5 4 1 3],57.30000000000001,10,4209.000000000036,0.0,False,2
39,0,3,[3 1 4 5 2],2761.5999999999804,0.5,0.5,0.7118947322967449,MI,[5 4 1 3 2],22.799999999999955,10,4543.400000000009,0.0,False,2
39,0,4,[3 1 4 5 2],2761.5999999999804,0.5,0.5,0.3327089018303261,SI,[3 5 4 1 2],35.299999999999955,10,3735.199999999986,0.0,False,2
40,0,0,[3 1 4 5 2],2761.5999999999804,0.5,0.5,0.5996160470827817,MI,[2 5 4 1 3],57.30000000000001,10,4209.000000000036,0.0,False,2
40,0,1,[3 1 4 5 2],2761.5999999999804,0.5,0.5,0.9931021308069985,MI,[3 5 4 1 2],35.299999999999955,10,3735.199999999986,0.0,False,2
40,0,2,[3 1 4 5 2],2761.5999999999804,0.5,0.5,0.10384682572873538,SI,[5 4 1 3 2],22.799999999999955,10,4543.400000000009,0.0,False,2
40,0,3,[3 1 4 5 2],2761.5999999999804,0.5,0.5,0.8387388452098291,MI,[3 5 4 1 2],35.299999999999955,10,3735.199999999986,0.0,False,2
40,0,4,[3 1 4 5 2],2761.5999999999804,0.5,0.5,0.1637165995376506,SI,[3 4 1 5 2],73.19999999999999,10,3454.6999999999825,0.0,False,2
41,0,0,[3 1 4 5 2],2761.5999999999804,0.5,0.5,0.6320526617107676,MI,[5 4 1 3 2],22.799999999999955,10,4543.400000000009,0.0,False,2
41,0,1,[3 1 4 5 2],2761.5999999999804,0.5,0.5,0.886565203127443,MI,[5 4 1 3 2],22.799999999999955,10,4543.400000000009,0.0,False,2
41,0,2,[3 1 4 5 2],2761.5999999999804,0.5,0.5,0.08199567567997834,SI,[3 5 4 1 2],35.299999999999955,10,3735.199999999986,0.0,False,2
41,0,3,[3 1 4 5 2],2761.5999999999804,0.5,0.5,0.7438388733074259,MI,[5 4 1 3 2],22.799999999999955,10,4543.400000000009,0.0,False,2
41,0,4,[3 1 4 5 2],2761.5999999999804,0.5,0.5,0.1184285217200487,SI,[5 4 1 3 2],22.799999999999955,10,4543.400000000009,0.0,False,2
42,0,0,[3 1 4 5 2],2761.5999999999804,0.5,0.5,0.6124325011123016,MI,[3 5 4 1 2],35.299999999999955,10,3735.199999999986,0.0,False,2
42,0,1,[3 1 4 5 2],2761.5999999999804,0.5,0.5,0.15959607594033698,SI,[5 4 1 3 2],22.799999999999955,10,4543.400000000009,0.0,False,2
42,0,2,[3 1 4 5 2],2761.5999999999804,0.5,0.5,0.011617325844140436,SI,[3 5 4 1 2],35.299999999999955,10,3735.199999999986,0.0,False,2
42,0,3,[3 1 4 5 2],2761.5999999999804,0.5,0.5,0.26583146634177246,SI,[5 4 1 3 2],22.799999999999955,10,4543.400000000009,0.0,False,2
42,0,4,[3 1 4 5 2],2761.5999999999804,0.5,0.5,0.7296632751910974,MI,[3 5 4 1 2],35.299999999999955,10,3735.199999999986,0.0,False,2
43,0,0,[3 1 4 5 2],2761.5999999999804,0.5,0.5,0.08373241845194634,SI,[5 4 1 3 2],22.799999999999955,10,4543.400000000009,0.0,False,2
43,0,1,[3 1 4 5 2],2761.5999999999804,0.5,0.5,0.9271771056930634,MI,[5 4 1 3 2],22.799999999999955,10,4543.400000000009,0.0,False,2
43,0,2,[3 1 4 5 2],2761.5999999999804,0.5,0.5,0.47411066050178763,SI,[5 4 1 3 2],22.799999999999955,10,4543.400000000009,0.0,False,2
43,0,3,[3 1 4 5 2],2761.5999999999804,0.5,0.5,0.5073016934298511,MI,[3 5 4 1 2],35.299999999999955,10,3735.199999999986,0.0,False,2
43,0,4,[3 1 4 5 2],2761.5999999999804,0.5,0.5,0.45980404657165785,SI,[5 4 1 3 2],22.799999999999955,10,4543.400000000009,0.0,False,2
44,0,0,[3 1 4 5 2],2761.5999999999804,0.5,0.5,0.9745387436254264,MI,[5 4 1 3 2],22.799999999999955,10,4543.400000000009,0.0,False,2
44,0,1,[3 1 4 5 2],2761.5999999999804,0.5,0.5,0.2013649365943574,SI,[5 4 1 3 2],22.799999999999955,10,4543.400000000009,0.0,False,2
44,0,2,[3 1 4 5 2],2761.5999999999804,0.5,0.5,0.49207634982901727,SI,[3 5 4 1 2],35.299999999999955,10,3735.199999999986,0.0,False,2
44,0,3,[3 1 4 5 2],2761.5999999999804,0.5,0.5,0.025108740653497108,SI,[5 4 1 3 2],22.799999999999955,10,4543.400000000009,0.0,False,2
44,0,4,[3 1 4 5 2],2761.5999999999804,0.5,0.5,0.4484851919546545,SI,[5 4 1 3 2],22.799999999999955,10,4543.400000000009,0.0,False,2
45,0,0,[3 1 4 5 2],2761.5999999999804,0.5,0.5,0.25819846529178403,SI,[3 5 4 1 2],35.299999999999955,10,3735.199999999986,0.0,False,2
45,0,1,[3 1 4 5 2],2761.5999999999804,0.5,0.5,0.9157334433802212,MI,[5 4 1 3 2],22.799999999999955,10,4543.400000000009,0.0,False,2
45,0,2,[3 1 4 5 2],2761.5999999999804,0.5,0.5,0.1881181757912862,SI,[5 4 1 3 2],22.799999999999955,10,4543.400000000009,0.0,False,2
45,0,3,[3 1 4 5 2],2761.5999999999804,0.5,0.5,0.23859918580449246,SI,[5 4 1 3 2],22.799999999999955,10,4543.400000000009,0.0,False,2
45,0,4,[3 1 4 5 2],2761.5999999999804,0.5,0.5,0.5376022634894687,MI,[3 5 4 1 2],35.299999999999955,10,3735.199999999986,0.0,False,2
46,0,0,[3 1 4 5 2],2761.5999999999804,0.5,0.5,0.8671596526072536,MI,[5 4 1 3 2],22.799999999999955,10,4543.400000000009,0.0,False,2
46,0,1,[3 1 4 5 2],2761.5999999999804,0.5,0.5,0.7709400793356583,MI,[5 4 1 3 2],22.799999999999955,10,4543.400000000009,0.0,False,2
46,0,2,[3 1 4 5 2],2761.5999999999804,0.5,0.5,0.3800202557218668,SI,[5 4 1 3 2],22.799999999999955,10,4543.400000000009,0.0,False,2
46,0,3,[3 1 4 5 2],2761.5999999999804,0.5,0.5,0.349279662628193,SI,[5 4 1 3 2],22.799999999999955,10,4543.400000000009,0.0,False,2
46,0,4,[3 1 4 5 2],2761.5999999999804,0.5,0.5,0.10304119106720477,SI,[5 4 1 3 2],22.799999999999955,10,4543.400000000009,0.0,False,2
47,0,0,[3 1 4 5 2],2761.5999999999804,0.5,0.5,0.10220311237352686,SI,[2 5 4 1 3],57.30000000000001,10,4209.000000000036,0.0,False,2
47,0,1,[3 1 4 5 2],2761.5999999999804,0.5,0.5,0.055542053389125656,SI,[3 5 4 1 2],35.299999999999955,10,3735.199999999986,0.0,False,2
47,0,2,[3 1 4 5 2],2761.5999999999804,0.5,0.5,0.2552704020162131,SI,[5 4 1 3 2],22.799999999999955,10,4543.400000000009,0.0,False,2
47,0,3,[3 1 4 5 2],2761.5999999999804,0.5,0.5,0.7930845669390653,MI,[5 4 1 3 2],22.799999999999955,10,4543.400000000009,0.0,False,2
47,0,4,[3 1 4 5 2],2761.5999999999804,0.5,0.5,0.5599603613129968,MI,[5 4 1 3 2],22.799999999999955,10,4543.400000000009,0.0,False,2
48,0,0,[3 1 4 5 2],2761.5999999999804,0.5,0.5,0.569539587986029,MI,[3 5 4 1 2],35.299999999999955,10,3735.199999999986,0.0,False,2
48,0,1,[3 1 4 5 2],2761.5999999999804,0.5,0.5,0.5042484361131784,MI,[5 4 1 3 2],22.799999999999955,10,4543.400000000009,0.0,False,2
48,0,2,[3 1 4 5 2],2761.5999999999804,0.5,0.5,0.9199780909719805,MI,[5 4 1 3 2],22.799999999999955,10,4543.400000000009,0.0,False,2
48,0,3,[3 1 4 5 2],2761.5999999999804,0.5,0.5,0.45369144380895,SI,[5 4 1 3 2],22.799999999999955,10,4543.400000000009,0.0,False,2
48,0,4,[3 1 4 5 2],2761.5999999999804,0.5,0.5,0.23014713342087645,SI,[5 4 1 3 2],22.799999999999955,10,4543.400000000009,0.0,False,2
49,0,0,[3 1 4 5 2],2761.5999999999804,0.5,0.5,0.4299807468821425,SI,[5 4 1 3 2],22.799999999999955,10,4543.400000000009,0.0,False,2
49,0,1,[3 1 4 5 2],2761.5999999999804,0.5,0.5,0.9238337326263298,MI,[5 4 1 3 2],22.799999999999955,10,4543.400000000009,0.0,False,2
49,0,2,[3 1 4 5 2],2761.5999999999804,0.5,0.5,0.5794545060269511,MI,[5 4 1 3 2],22.799999999999955,10,4543.400000000009,0.0,False,2
49,0,3,[3 1 4 5 2],2761.5999999999804,0.5,0.5,0.13207935945946314,SI,[5 4 1 3 2],22.799999999999955,10,4543.400000000009,0.0,False,2
49,0,4,[3 1 4 5 2],2761.5999999999804,0.5,0.5,0.9645339995713088,MI,[5 4 1 3 2],22.799999999999955,10,4543.400000000009,0.0,False,2
50,0,0,[3 1 4 5 2],2761.5999999999804,0.5,0.5,0.6870810206539373,MI,[5 4 1 3 2],22.799999999999955,10,4543.400000000009,0.0,False,2
50,0,1,[3 1 4 5 2],2761.5999999999804,0.5,0.5,0.8252559693278617,MI,[5 4 1 3 2],22.799999999999955,10,4543.400000000009,0.0,False,2
50,0,2,[3 1 4 5 2],2761.5999999999804,0.5,0.5,0.8444931491133993,MI,[5 4 1 3 2],22.799999999999955,10,4543.400000000009,0.0,False,2
50,0,3,[3 1 4 5 2],2761.5999999999804,0.5,0.5,0.8141112118530413,MI,[3 5 4 1 2],35.299999999999955,10,3735.199999999986,0.0,False,2
50,0,4,[3 1 4 5 2],2761.5999999999804,0.5,0.5,0.935933781181237,MI,[5 4 1 3 2],22.799999999999955,10,4543.400000000009,0.0,False,2
0,15,0,[2 1 3 4 5],1754.4999999999636,0.5,0.5,0.9796672574002037,MI,[5 4 3 1 2],-64.60000000000002,10,3399.399999999965,0.0,False,3
0,15,1,[2 1 3 4 5],1754.4999999999636,0.5,0.5,0.5595058496511748,MI,[2 5 4 3 1],-46.799999999999955,10,2554.699999999968,0.0,False,3
0,15,2,[2 1 3 4 5],1754.4999999999636,0.5,0.5,0.3477841180468567,SI,[5 4 3 1 2],-64.60000000000002,10,3399.399999999965,0.0,False,3
0,15,3,[2 1 3 4 5],1754.4999999999636,0.5,0.5,0.47022651260470383,SI,[5 4 3 1 2],-64.60000000000002,10,3399.399999999965,0.0,False,3
0,15,4,[2 1 3 4 5],1754.4999999999636,0.5,0.5,0.8524318796452988,MI,[5 4 3 1 2],-64.60000000000002,10,3399.399999999965,0.0,False,3
1,0,0,[2 1 3 5 4],1747.6999999999643,0.5,0.5,0.9977585702165065,MI,[4 5 3 1 2],-62.50000000000006,10,3419.799999999963,0.0,False,3
1,0,1,[2 1 3 5 4],1747.6999999999643,0.5,0.5,0.0467552977235024,SI,[4 5 3 1 2],-62.50000000000006,10,3419.799999999963,0.0,False,3
1,0,2,[2 1 3 5 4],1747.6999999999643,0.5,0.5,0.9929731451277544,MI,[4 5 3 1 2],-62.50000000000006,10,3419.799999999963,0.0,False,3
1,0,3,[2 1 3 5 4],1747.6999999999643,0.5,0.5,0.5255500345391798,MI,[2 1 4 5 3],-0.30000000000001137,10,1755.1999999999643,0.0,False,3
1,0,4,[2 1 3 5 4],1747.6999999999643,0.5,0.5,0.29626694783153673,SI,[4 5 3 1 2],-62.50000000000006,10,3419.799999999963,0.0,False,3
2,0,0,[2 1 3 5 4],1747.6999999999643,0.5,0.5,0.07175210998251791,SI,[2 4 5 3 1],-44.69999999999999,10,2568.2999999999593,0.0,False,3
2,0,1,[2 1 3 5 4],1747.6999999999643,0.5,0.5,0.5308579666203336,MI,[4 5 3 1 2],-62.50000000000006,10,3419.799999999963,0.0,False,3
2,0,2,[2 1 3 5 4],1747.6999999999643,0.5,0.5,0.03954469306008146,SI,[4 5 3 1 2],-62.50000000000006,10,3419.799999999963,0.0,False,3
2,0,3,[2 1 3 5 4],1747.6999999999643,0.5,0.5,0.6861559329410334,MI,[4 5 3 1 2],-62.50000000000006,10,3419.799999999963,0.0,False,3
2,0,4,[2 1 3 5 4],1747.6999999999643,0.5,0.5,0.8273858614519751,MI,[4 5 3 1 2],-62.50000000000006,10,3419.799999999963,0.0,False,3
3,0,0,[2 1 3 5 4],1747.6999999999643,0.5,0.5,0.875723699092258,MI,[2 4 5 3 1],-44.69999999999999,10,2568.2999999999593,0.0,False,3
3,0,1,[2 1 3 5 4],1747.6999999999643,0.5,0.5,0.4242886844791586,SI,[4 5 3 1 2],-62.50000000000006,10,3419.799999999963,0.0,False,3
3,0,2,[2 1 3 5 4],1747.6999999999643,0.5,0.5,0.12164749745177716,SI,[4 5 3 1 2],-62.50000000000006,10,3419.799999999963,0.0,False,3
3,0,3,[2 1 3 5 4],1747.6999999999643,0.5,0.5,0.8083518854837216,MI,[4 5 3 1 2],-62.50000000000006,10,3419.799999999963,0.0,False,3
3,0,4,[2 1 3 5 4],1747.6999999999643,0.5,0.5,0.7966889307574108,MI,[2 4 5 3 1],-44.69999999999999,10,2568.2999999999593,0.0,False,3
4,0,0,[2 1 3 5 4],1747.6999999999643,0.5,0.5,0.46799770125922835,SI,[4 5 3 1 2],-62.50000000000006,10,3419.799999999963,0.0,False,3
4,0,1,[2 1 3 5 4],1747.6999999999643,0.5,0.5,0.49553351835398785,SI,[4 5 3 1 2],-62.50000000000006,10,3419.799999999963,0.0,False,3
4,0,2,[2 1 3 5 4],1747.6999999999643,0.5,0.5,0.3948718209334344,SI,[4 5 3 1 2],-62.50000000000006,10,3419.799999999963,0.0,False,3
4,0,3,[2 1 3 5 4],1747.6999999999643,0.5,0.5,0.3858112441936423,SI,[2 4 5 3 1],-44.69999999999999,10,2568.2999999999593,0.0,False,3
4,0,4,[2 1 3 5 4],1747.6999999999643,0.5,0.5,0.3490073501937281,SI,[4 5 3 1 2],-62.50000000000006,10,3419.799999999963,0.0,False,3
5,0,0,[2 1 3 5 4],1747.6999999999643,0.5,0.5,0.9685107769638924,MI,[4 5 3 1 2],-62.50000000000006,10,3419.799999999963,0.0,False,3
5,0,1,[2 1 3 5 4],1747.6999999999643,0.5,0.5,0.2451415869294843,SI,[2 4 5 3 1],-44.69999999999999,10,2568.2999999999593,0.0,False,3
5,0,2,[2 1 3 5 4],1747.6999999999643,0.5,0.5,0.9745780163291742,MI,[2 4 5 3 1],-44.69999999999999,10,2568.2999999999593,0.0,False,3
5,0,3,[2 1 3 5 4],1747.6999999999643,0.5,0.5,0.39909981699572006,SI,[2 1 4 5 3],-0.30000000000001137,10,1755.1999999999643,0.0,False,3
5,0,4,[2 1 3 5 4],1747.6999999999643,0.5,0.5,0.3070554954914151,SI,[4 5 3 1 2],-62.50000000000006,10,3419.799999999963,0.0,False,3
6,0,0,[2 1 3 5 4],1747.6999999999643,0.5,0.5,0.7754042315464964,MI,[4 5 3 1 2],-62.50000000000006,10,3419.799999999963,0.0,False,3
6,0,1,[2 1 3 5 4],1747.6999999999643,0.5,0.5,0.6161527627616222,MI,[4 5 3 1 2],-62.50000000000006,10,3419.799999999963,0.0,False,3
6,0,2,[2 1 3 5 4],1747.6999999999643,0.5,0.5,0.816816125926154,MI,[4 5 3 1 2],-62.50000000000006,10,3419.799999999963,0.0,False,3
6,0,3,[2 1 3 5 4],1747.6999999999643,0.5,0.5,0.6338134972595639,MI,[2 1 4 5 3],-0.30000000000001137,10,1755.1999999999643,0.0,False,3
6,0,4,[2 1 3 5 4],1747.6999999999643,0.5,0.5,0.48277717007090015,SI,[4 5 3 1 2],-62.50000000000006,10,3419.799999999963,0.0,False,3
7,0,0,[2 1 3 5 4],1747.6999999999643,0.5,0.5,0.5113000048885613,MI,[4 5 3 1 2],-62.50000000000006,10,3419.799999999963,0.0,False,3
7,0,1,[2 1 3 5 4],1747.6999999999643,0.5,0.5,0.17422989424679292,SI,[4 5 3 1 2],-62.50000000000006,10,3419.799999999963,0.0,False,3
7,0,2,[2 1 3 5 4],1747.6999999999643,0.5,0.5,0.7863701057883331,MI,[4 5 3 1 2],-62.50000000000006,10,3419.799999999963,0.0,False,3
7,0,3,[2 1 3 5 4],1747.6999999999643,0.5,0.5,0.5381506851376336,MI,[4 5 3 1 2],-62.50000000000006,10,3419.799999999963,0.0,False,3
7,0,4,[2 1 3 5 4],1747.6999999999643,0.5,0.5,0.23522472292682017,SI,[4 5 3 1 2],-62.50000000000006,10,3419.799999999963,0.0,False,3
8,0,0,[2 1 3 5 4],1747.6999999999643,0.5,0.5,0.6001515095496407,MI,[4 5 3 1 2],-62.50000000000006,10,3419.799999999963,0.0,False,3
8,0,1,[2 1 3 5 4],1747.6999999999643,0.5,0.5,0.6587466280122605,MI,[4 5 3 1 2],-62.50000000000006,10,3419.799999999963,0.0,False,3
8,0,2,[2 1 3 5 4],1747.6999999999643,0.5,0.5,0.9598568814228714,MI,[4 5 3 1 2],-62.50000000000006,10,3419.799999999963,0.0,False,3
8,0,3,[2 1 3 5 4],1747.6999999999643,0.5,0.5,0.947733685747176,MI,[4 5 3 1 2],-62.50000000000006,10,3419.799999999963,0.0,False,3
8,0,4,[2 1 3 5 4],1747.6999999999643,0.5,0.5,0.931046026703683,MI,[2 4 5 3 1],-44.69999999999999,10,2568.2999999999593,0.0,False,3
9,0,0,[2 1 3 5 4],1747.6999999999643,0.5,0.5,0.7284147450248517,MI,[4 5 3 1 2],-62.50000000000006,10,3419.799999999963,0.0,False,3
9,0,1,[2 1 3 5 4],1747.6999999999643,0.5,0.5,0.37936910767283905,SI,[4 5 3 1 2],-62.50000000000006,10,3419.799999999963,0.0,False,3
9,0,2,[2 1 3 5 4],1747.6999999999643,0.5,0.5,0.4646933690795485,SI,[4 5 3 1 2],-62.50000000000006,10,3419.799999999963,0.0,False,3
9,0,3,[2 1 3 5 4],1747.6999999999643,0.5,0.5,0.6491524517661489,MI,[4 5 3 1 2],-62.50000000000006,10,3419.799999999963,0.0,False,3
9,0,4,[2 1 3 5 4],1747.6999999999643,0.5,0.5,0.043399035150970544,SI,[4 5 3 1 2],-62.50000000000006,10,3419.799999999963,0.0,False,3
10,0,0,[2 1 3 5 4],1747.6999999999643,0.5,0.5,0.6962981222340533,MI,[4 5 3 1 2],-62.50000000000006,10,3419.799999999963,0.0,False,3
10,0,1,[2 1 3 5 4],1747.6999999999643,0.5,0.5,0.3060519625048652,SI,[4 5 3 1 2],-62.50000000000006,10,3419.799999999963,0.0,False,3
10,0,2,[2 1 3 5 4],1747.6999999999643,0.5,0.5,0.06506051722929129,SI,[4 5 3 1 2],-62.50000000000006,10,3419.799999999963,0.0,False,3
10,0,3,[2 1 3 5 4],1747.6999999999643,0.5,0.5,0.011530827134217159,SI,[2 4 5 3 1],-44.69999999999999,10,2568.2999999999593,0.0,False,3
10,0,4,[2 1 3 5 4],1747.6999999999643,0.5,0.5,0.1316915432904293,SI,[4 5 3 1 2],-62.50000000000006,10,3419.799999999963,0.0,False,3
11,0,0,[2 1 3 5 4],1747.6999999999643,0.5,0.5,0.20104501681835474,SI,[2 4 5 3 1],-44.69999999999999,10,2568.2999999999593,0.0,False,3
11,0,1,[2 1 3 5 4],1747.6999999999643,0.5,0.5,0.25847458717831817,SI,[2 4 5 3 1],-44.69999999999999,10,2568.2999999999593,0.0,False,3
11,0,2,[2 1 3 5 4],1747.6999999999643,0.5,0.5,0.4154621348625853,SI,[2 4 5 3 1],-44.69999999999999,10,2568.2999999999593,0.0,False,3
11,0,3,[2 1 3 5 4],1747.6999999999643,0.5,0.5,0.8397673296248498,MI,[4 5 3 1 2],-62.50000000000006,10,3419.799999999963,0.0,False,3
11,0,4,[2 1 3 5 4],1747.6999999999643,0.5,0.5,0.19065621338042704,SI,[4 5 3 1 2],-62.50000000000006,10,3419.799999999963,0.0,False,3
12,0,0,[2 1 3 5 4],1747.6999999999643,0.5,0.5,0.18894934626243787,SI,[4 5 3 1 2],-62.50000000000006,10,3419.799999999963,0.0,False,3
12,0,1,[2 1 3 5 4],1747.6999999999643,0.5,0.5,0.9201996018034676,MI,[4 5 3 1 2],-62.50000000000006,10,3419.799999999963,0.0,False,3
12,0,2,[2 1 3 5 4],1747.6999999999643,0.5,0.5,0.4246448348160793,SI,[4 5 3 1 2],-62.50000000000006,10,3419.799999999963,0.0,False,3
12,0,3,[2 1 3 5 4],1747.6999999999643,0.5,0.5,0.447720299245437,SI,[4 5 3 1 2],-62.50000000000006,10,3419.799999999963,0.0,False,3
12,0,4,[2 1 3 5 4],1747.6999999999643,0.5,0.5,0.25077598713156857,SI,[4 5 3 1 2],-62.50000000000006,10,3419.799999999963,0.0,False,3
13,0,0,[2 1 3 5 4],1747.6999999999643,0.5,0.5,0.5079185970742297,MI,[2 1 4 5 3],-0.30000000000001137,10,1755.1999999999643,0.0,False,3
13,0,1,[2 1 3 5 4],1747.6999999999643,0.5,0.5,0.6684575770236695,MI,[2 4 5 3 1],-44.69999999999999,10,2568.2999999999593,0.0,False,3
13,0,2,[2 1 3 5 4],1747.6999999999643,0.5,0.5,0.9244373053918516,MI,[4 5 3 1 2],-62.50000000000006,10,3419.799999999963,0.0,False,3
13,0,3,[2 1 3 5 4],1747.6999999999643,0.5,0.5,0.12133479045043483,SI,[4 5 3 1 2],-62.50000000000006,10,3419.799999999963,0.0,False,3
13,0,4,[2 1 3 5 4],1747.6999999999643,0.5,0.5,0.35591452491607967,SI,[4 5 3 1 2],-62.50000000000006,10,3419.799999999963,0.0,False,3
14,0,0,[2 1 3 5 4],1747.6999999999643,0.5,0.5,0.34982139727316086,SI,[4 5 3 1 2],-62.50000000000006,10,3419.799999999963,0.0,False,3
14,0,1,[2 1 3 5 4],1747.6999999999643,0.5,0.5,0.18880675216529208,SI,[4 5 3 1 2],-62.50000000000006,10,3419.799999999963,0.0,False,3
14,0,2,[2 1 3 5 4],1747.6999999999643,0.5,0.5,0.45868109433819926,SI,[4 5 3 1 2],-62.50000000000006,10,3419.799999999963,0.0,False,3
14,0,3,[2 1 3 5 4],1747.6999999999643,0.5,0.5,0.7998315280251688,MI,[2 4 5 3 1],-44.69999999999999,10,2568.2999999999593,0.0,False,3
14,0,4,[2 1 3 5 4],1747.6999999999643,0.5,0.5,0.10416706920883889,SI,[2 4 5 3 1],-44.69999999999999,10,2568.2999999999593,0.0,False,3
15,0,0,[2 1 3 5 4],1747.6999999999643,0.5,0.5,0.9378077375453866,MI,[4 5 3 1 2],-62.50000000000006,10,3419.799999999963,0.0,False,3
15,0,1,[2 1 3 5 4],1747.6999999999643,0.5,0.5,0.9022957052711936,MI,[2 1 4 5 3],-0.30000000000001137,10,1755.1999999999643,0.0,False,3
15,0,2,[2 1 3 5 4],1747.6999999999643,0.5,0.5,0.8092421577873626,MI,[2 4 5 3 1],-44.69999999999999,10,2568.2999999999593,0.0,False,3
15,0,3,[2 1 3 5 4],1747.6999999999643,0.5,0.5,0.738471168869365,MI,[2 4 5 3 1],-44.69999999999999,10,2568.2999999999593,0.0,False,3
15,0,4,[2 1 3 5 4],1747.6999999999643,0.5,0.5,0.9055890484595553,MI,[4 5 3 1 2],-62.50000000000006,10,3419.799999999963,0.0,False,3
16,0,0,[2 1 3 5 4],1747.6999999999643,0.5,0.5,0.8365246226004426,MI,[4 5 3 1 2],-62.50000000000006,10,3419.799999999963,0.0,False,3
16,0,1,[2 1 3 5 4],1747.6999999999643,0.5,0.5,0.656401989176552,MI,[2 4 5 3 1],-44.69999999999999,10,2568.2999999999593,0.0,False,3
16,0,2,[2 1 3 5 4],1747.6999999999643,0.5,0.5,0.22407826845901457,SI,[4 5 3 1 2],-62.50000000000006,10,3419.799999999963,0.0,False,3
16,0,3,[2 1 3 5 4],1747.6999999999643,0.5,0.5,0.6288677806199172,MI,[4 5 3 1 2],-62.50000000000006,10,3419.799999999963,0.0,False,3
16,0,4,[2 1 3 5 4],1747.6999999999643,0.5,0.5,0.8703076899672926,MI,[4 5 3 1 2],-62.50000000000006,10,3419.799999999963,0.0,False,3
17,0,0,[2 1 3 5 4],1747.6999999999643,0.5,0.5,0.11232522260539934,SI,[4 5 3 1 2],-62.50000000000006,10,3419.799999999963,0.0,False,3
17,0,1,[2 1 3 5 4],1747.6999999999643,0.5,0.5,0.789327052308704,MI,[2 1 4 5 3],-0.30000000000001137,10,1755.1999999999643,0.0,False,3
17,0,2,[2 1 3 5 4],1747.6999999999643,0.5,0.5,0.23140257542543807,SI,[4 5 3 1 2],-62.50000000000006,10,3419.799999999963,0.0,False,3
17,0,3,[2 1 3 5 4],1747.6999999999643,0.5,0.5,0.5904294716005949,MI,[4 5 3 1 2],-62.50000000000006,10,3419.799999999963,0.0,False,3
17,0,4,[2 1 3 5 4],1747.6999999999643,0.5,0.5,0.03442662661287299,SI,[2 4 5 3 1],-44.69999999999999,10,2568.2999999999593,0.0,False,3
18,0,0,[2 1 3 5 4],1747.6999999999643,0.5,0.5,0.2681264965590596,SI,[4 5 3 1 2],-62.50000000000006,10,3419.799999999963,0.0,False,3
18,0,1,[2 1 3 5 4],1747.6999999999643,0.5,0.5,0.41235062286968505,SI,[2 4 5 3 1],-44.69999999999999,10,2568.2999999999593,0.0,False,3
18,0,2,[2 1 3 5 4],1747.6999999999643,0.5,0.5,0.8595566990507618,MI,[4 5 3 1 2],-62.50000000000006,10,3419.799999999963,0.0,False,3
18,0,3,[2 1 3 5 4],1747.6999999999643,0.5,0.5,0.7475466479893501,MI,[4 5 3 1 2],-62.50000000000006,10,3419.799999999963,0.0,False,3
18,0,4,[2 1 3 5 4],1747.6999999999643,0.5,0.5,0.6630479576344728,MI,[4 5 3 1 2],-62.50000000000006,10,3419.799999999963,0.0,False,3
19,0,0,[2 1 3 5 4],1747.6999999999643,0.5,0.5,0.9753430187479103,MI,[2 1 4 5 3],-0.30000000000001137,10,1755.1999999999643,0.0,False,3
19,0,1,[2 1 3 5 4],1747.6999999999643,0.5,0.5,0.409679200005603,SI,[4 5 3 1 2],-62.50000000000006,10,3419.799999999963,0.0,False,3
19,0,2,[2 1 3 5 4],1747.6999999999643,0.5,0.5,0.40421369636996307,SI,[4 5 3 1 2],-62.50000000000006,10,3419.799999999963,0.0,False,3
19,0,3,[2 1 3 5 4],1747.6999999999643,0.5,0.5,0.22082048607879723,SI,[2 4 5 3 1],-44.69999999999999,10,2568.2999999999593,0.0,False,3
19,0,4,[2 1 3 5 4],1747.6999999999643,0.5,0.5,0.527018554153717,MI,[2 4 5 3 1],-44.69999999999999,10,2568.2999999999593,0.0,False,3
20,0,0,[2 1 3 5 4],1747.6999999999643,0.5,0.5,0.33424884390819554,SI,[4 5 3 1 2],-62.50000000000006,10,3419.799999999963,0.0,False,3
20,0,1,[2 1 3 5 4],1747.6999999999643,0.5,0.5,0.9461661355719989,MI,[4 5 3 1 2],-62.50000000000006,10,3419.799999999963,0.0,False,3
20,0,2,[2 1 3 5 4],1747.6999999999643,0.5,0.5,0.7534573599790592,MI,[2 4 5 3 1],-44.69999999999999,10,2568.2999999999593,0.0,False,3
20,0,3,[2 1 3 5 4],1747.6999999999643,0.5,0.5,0.3185062585125993,SI,[4 5 3 1 2],-62.50000000000006,10,3419.799999999963,0.0,False,3
20,0,4,[2 1 3 5 4],1747.6999999999643,0.5,0.5,0.27375461174025795,SI,[4 5 3 1 2],-62.50000000000006,10,3419.799999999963,0.0,False,3
21,0,0,[2 1 3 5 4],1747.6999999999643,0.5,0.5,0.4870569657287578,SI,[4 5 3 1 2],-62.50000000000006,10,3419.799999999963,0.0,False,3
21,0,1,[2 1 3 5 4],1747.6999999999643,0.5,0.5,0.6223147973679359,MI,[4 5 3 1 2],-62.50000000000006,10,3419.799999999963,0.0,False,3
21,0,2,[2 1 3 5 4],1747.6999999999643,0.5,0.5,0.5655149878911276,MI,[2 4 5 3 1],-44.69999999999999,10,2568.2999999999593,0.0,False,3
21,0,3,[2 1 3 5 4],1747.6999999999643,0.5,0.5,0.635561866249653,MI,[4 5 3 1 2],-62.50000000000006,10,3419.799999999963,0.0,False,3
21,0,4,[2 1 3 5 4],1747.6999999999643,0.5,0.5,0.7092833022665526,MI,[2 4 5 3 1],-44.69999999999999,10,2568.2999999999593,0.0,False,3
22,0,0,[2 1 3 5 4],1747.6999999999643,0.5,0.5,0.8654934112322629,MI,[4 5 3 1 2],-62.50000000000006,10,3419.799999999963,0.0,False,3
22,0,1,[2 1 3 5 4],1747.6999999999643,0.5,0.5,0.8688929181520885,MI,[2 4 5 3 1],-44.69999999999999,10,2568.2999999999593,0.0,False,3
22,0,2,[2 1 3 5 4],1747.6999999999643,0.5,0.5,0.8142076318877602,MI,[4 5 3 1 2],-62.50000000000006,10,3419.799999999963,0.0,False,3
22,0,3,[2 1 3 5 4],1747.6999999999643,0.5,0.5,0.6326706985112293,MI,[2 4 5 3 1],-44.69999999999999,10,2568.2999999999593,0.0,False,3
22,0,4,[2 1 3 5 4],1747.6999999999643,0.5,0.5,0.9622326924642803,MI,[2 4 5 3 1],-44.69999999999999,10,2568.2999999999593,0.0,False,3
23,0,0,[2 1 3 5 4],1747.6999999999643,0.5,0.5,0.7027602354340708,MI,[4 5 3 1 2],-62.50000000000006,10,3419.799999999963,0.0,False,3
23,0,1,[2 1 3 5 4],1747.6999999999643,0.5,0.5,0.14798017604536995,SI,[4 5 3 1 2],-62.50000000000006,10,3419.799999999963,0.0,False,3
23,0,2,[2 1 3 5 4],1747.6999999999643,0.5,0.5,0.3382932628698092,SI,[2 4 5 3 1],-44.69999999999999,10,2568.2999999999593,0.0,False,3
23,0,3,[2 1 3 5 4],1747.6999999999643,0.5,0.5,0.71080858205117,MI,[4 5 3 1 2],-62.50000000000006,10,3419.799999999963,0.0,False,3
23,0,4,[2 1 3 5 4],1747.6999999999643,0.5,0.5,0.038365825710089396,SI,[4 5 3 1 2],-62.50000000000006,10,3419.799999999963,0.0,False,3
24,0,0,[2 1 3 5 4],1747.6999999999643,0.5,0.5,0.8197687549265477,MI,[2 4 5 3 1],-44.69999999999999,10,2568.2999999999593,0.0,False,3
24,0,1,[2 1 3 5 4],1747.6999999999643,0.5,0.5,0.3236940799455792,SI,[2 4 5 3 1],-44.69999999999999,10,2568.2999999999593,0.0,False,3
24,0,2,[2 1 3 5 4],1747.6999999999643,0.5,0.5,0.37990195298424234,SI,[4 5 3 1 2],-62.50000000000006,10,3419.799999999963,0.0,False,3
24,0,3,[2 1 3 5 4],1747.6999999999643,0.5,0.5,0.20683448700363005,SI,[2 4 5 3 1],-44.69999999999999,10,2568.2999999999593,0.0,False,3
24,0,4,[2 1 3 5 4],1747.6999999999643,0.5,0.5,0.8976536822899508,MI,[4 5 3 1 2],-62.50000000000006,10,3419.799999999963,0.0,False,3
25,0,0,[2 1 3 5 4],1747.6999999999643,0.5,0.5,0.5661308119669778,MI,[4 5 3 1 2],-62.50000000000006,10,3419.799999999963,0.0,False,3
25,0,1,[2 1 3 5 4],1747.6999999999643,0.5,0.5,0.5050103653239407,MI,[4 5 3 1 2],-62.50000000000006,10,3419.799999999963,0.0,False,3
25,0,2,[2 1 3 5 4],1747.6999999999643,0.5,0.5,0.6991122890279852,MI,[4 5 3 1 2],-62.50000000000006,10,3419.799999999963,0.0,False,3
25,0,3,[2 1 3 5 4],1747.6999999999643,0.5,0.5,0.5555516387329585,MI,[4 5 3 1 2],-62.50000000000006,10,3419.799999999963,0.0,False,3
25,0,4,[2 1 3 5 4],1747.6999999999643,0.5,0.5,0.6702685212474526,MI,[4 5 3 1 2],-62.50000000000006,10,3419.799999999963,0.0,False,3
26,0,0,[2 1 3 5 4],1747.6999999999643,0.5,0.5,0.6598705822340094,MI,[4 5 3 1 2],-62.50000000000006,10,3419.799999999963,0.0,False,3
26,0,1,[2 1 3 5 4],1747.6999999999643,0.5,0.5,0.6701657295603994,MI,[2 4 5 3 1],-44.69999999999999,10,2568.2999999999593,0.0,False,3
26,0,2,[2 1 3 5 4],1747.6999999999643,0.5,0.5,0.019286084804987613,SI,[2 4 5 3 1],-44.69999999999999,10,2568.2999999999593,0.0,False,3
26,0,3,[2 1 3 5 4],1747.6999999999643,0.5,0.5,0.9518274033379334,MI,[2 4 5 3 1],-44.69999999999999,10,2568.2999999999593,0.0,False,3
26,0,4,[2 1 3 5 4],1747.6999999999643,0.5,0.5,0.1697604411652781,SI,[4 5 3 1 2],-62.50000000000006,10,3419.799999999963,0.0,False,3
27,0,0,[2 1 3 5 4],1747.6999999999643,0.5,0.5,0.043662019718068934,SI,[4 5 3 1 2],-62.50000000000006,10,3419.799999999963,0.0,False,3
27,0,1,[2 1 3 5 4],1747.6999999999643,0.5,0.5,0.5360128036503703,MI,[2 4 5 3 1],-44.69999999999999,10,2568.2999999999593,0.0,False,3
27,0,2,[2 1 3 5 4],1747.6999999999643,0.5,0.5,0.8020048520783482,MI,[4 5 3 1 2],-62.50000000000006,10,3419.799999999963,0.0,False,3
27,0,3,[2 1 3 5 4],1747.6999999999643,0.5,0.5,0.21139561551359487,SI,[2 4 5 3 1],-44.69999999999999,10,2568.2999999999593,0.0,False,3
27,0,4,[2 1 3 5 4],1747.6999999999643,0.5,0.5,0.5477998728688823,MI,[4 5 3 1 2],-62.50000000000006,10,3419.799999999963,0.0,False,3
28,0,0,[2 1 3 5 4],1747.6999999999643,0.5,0.5,0.5015527843912528,MI,[4 5 3 1 2],-62.50000000000006,10,3419.799999999963,0.0,False,3
28,0,1,[2 1 3 5 4],1747.6999999999643,0.5,0.5,0.4976112817851307,SI,[2 4 5 3 1],-44.69999999999999,10,2568.2999999999593,0.0,False,3
28,0,2,[2 1 3 5 4],1747.6999999999643,0.5,0.5,0.9094117295119434,MI,[2 4 5 3 1],-44.69999999999999,10,2568.2999999999593,0.0,False,3
28,0,3,[2 1 3 5 4],1747.6999999999643,0.5,0.5,0.9272103796359665,MI,[4 5 3 1 2],-62.50000000000006,10,3419.799999999963,0.0,False,3
28,0,4,[2 1 3 5 4],1747.6999999999643,0.5,0.5,0.3275855474212126,SI,[4 5 3 1 2],-62.50000000000006,10,3419.799999999963,0.0,False,3
29,0,0,[2 1 3 5 4],1747.6999999999643,0.5,0.5,0.7361537340779376,MI,[2 4 5 3 1],-44.69999999999999,10,2568.2999999999593,0.0,False,3
29,0,1,[2 1 3 5 4],1747.6999999999643,0.5,0.5,0.4228464539352018,SI,[4 5 3 1 2],-62.50000000000006,10,3419.799999999963,0.0,False,3
29,0,2,[2 1 3 5 4],1747.6999999999643,0.5,0.5,0.6631593692921128,MI,[2 4 5 3 1],-44.69999999999999,10,2568.2999999999593,0.0,False,3
29,0,3,[2 1 3 5 4],1747.6999999999643,0.5,0.5,0.07209040532732947,SI,[2 4 5 3 1],-44.69999999999999,10,2568.2999999999593,0.0,False,3
29,0,4,[2 1 3 5 4],1747.6999999999643,0.5,0.5,0.9767748164749146,MI,[2 4 5 3 1],-44.69999999999999,10,2568.2999999999593,0.0,False,3
30,0,0,[2 1 3 5 4],1747.6999999999643,0.5,0.5,0.7566722800235559,MI,[4 5 3 1 2],-62.50000000000006,10,3419.799999999963,0.0,False,3
30,0,1,[2 1 3 5 4],1747.6999999999643,0.5,0.5,0.5192332085846402,MI,[4 5 3 1 2],-62.50000000000006,10,3419.799999999963,0.0,False,3
30,0,2,[2 1 3 5 4],1747.6999999999643,0.5,0.5,0.6632786268835111,MI,[4 5 3 1 2],-62.50000000000006,10,3419.799999999963,0.0,False,3
30,0,3,[2 1 3 5 4],1747.6999999999643,0.5,0.5,0.43667537267483947,SI,[4 5 3 1 2],-62.50000000000006,10,3419.799999999963,0.0,False,3
30,0,4,[2 1 3 5 4],1747.6999999999643,0.5,0.5,0.8687908292818242,MI,[4 5 3 1 2],-62.50000000000006,10,3419.799999999963,0.0,False,3
31,0,0,[2 1 3 5 4],1747.6999999999643,0.5,0.5,0.9762325929773379,MI,[4 5 3 1 2],-62.50000000000006,10,3419.799999999963,0.0,False,3
31,0,1,[2 1 3 5 4],1747.6999999999643,0.5,0.5,0.455908485026037,SI,[4 5 3 1 2],-62.50000000000006,10,3419.799999999963,0.0,False,3
31,0,2,[2 1 3 5 4],1747.6999999999643,0.5,0.5,0.3377486017347827,SI,[4 5 3 1 2],-62.50000000000006,10,3419.799999999963,0.0,False,3
31,0,3,[2 1 3 5 4],1747.6999999999643,0.5,0.5,0.25510175777810584,SI,[4 5 3 1 2],-62.50000000000006,10,3419.799999999963,0.0,False,3
31,0,4,[2 1 3 5 4],1747.6999999999643,0.5,0.5,0.11065255764684057,SI,[2 4 5 3 1],-44.69999999999999,10,2568.2999999999593,0.0,False,3
32,0,0,[2 1 3 5 4],1747.6999999999643,0.5,0.5,0.7312238946635968,MI,[4 5 3 1 2],-62.50000000000006,10,3419.799999999963,0.0,False,3
32,0,1,[2 1 3 5 4],1747.6999999999643,0.5,0.5,0.9957198416873392,MI,[2 4 5 3 1],-44.69999999999999,10,2568.2999999999593,0.0,False,3
32,0,2,[2 1 3 5 4],1747.6999999999643,0.5,0.5,0.6114213160598838,MI,[2 4 5 3 1],-44.69999999999999,10,2568.2999999999593,0.0,False,3
32,0,3,[2 1 3 5 4],1747.6999999999643,0.5,0.5,0.637552221478891,MI,[2 4 5 3 1],-44.69999999999999,10,2568.2999999999593,0.0,False,3
32,0,4,[2 1 3 5 4],1747.6999999999643,0.5,0.5,0.5604756895084819,MI,[4 5 3 1 2],-62.50000000000006,10,3419.799999999963,0.0,False,3
33,0,0,[2 1 3 5 4],1747.6999999999643,0.5,0.5,0.28081149902871216,SI,[4 5 3 1 2],-62.50000000000006,10,3419.799999999963,0.0,False,3
33,0,1,[2 1 3 5 4],1747.6999999999643,0.5,0.5,0.03265932801845162,SI,[4 5 3 1 2],-62.50000000000006,10,3419.799999999963,0.0,False,3
33,0,2,[2 1 3 5 4],1747.6999999999643,0.5,0.5,0.8458136932134731,MI,[2 4 5 3 1],-44.69999999999999,10,2568.2999999999593,0.0,False,3
33,0,3,[2 1 3 5 4],1747.6999999999643,0.5,0.5,0.6774645515248181,MI,[4 5 3 1 2],-62.50000000000006,10,3419.799999999963,0.0,False,3
33,0,4,[2 1 3 5 4],1747.6999999999643,0.5,0.5,0.5038275780033585,MI,[4 5 3 1 2],-62.50000000000006,10,3419.799999999963,0.0,False,3
34,0,0,[2 1 3 5 4],1747.6999999999643,0.5,0.5,0.9659915171954007,MI,[4 5 3 1 2],-62.50000000000006,10,3419.799999999963,0.0,False,3
34,0,1,[2 1 3 5 4],1747.6999999999643,0.5,0.5,0.3434560770475804,SI,[4 5 3 1 2],-62.50000000000006,10,3419.799999999963,0.0,False,3
34,0,2,[2 1 3 5 4],1747.6999999999643,0.5,0.5,0.3791478223278606,SI,[4 5 3 1 2],-62.50000000000006,10,3419.799999999963,0.0,False,3
34,0,3,[2 1 3 5 4],1747.6999999999643,0.5,0.5,0.9457270466657632,MI,[2 1 4 5 3],-0.30000000000001137,10,1755.1999999999643,0.0,False,3
34,0,4,[2 1 3 5 4],1747.6999999999643,0.5,0.5,0.5454448879942376,MI,[4 5 3 1 2],-62.50000000000006,10,3419.799999999963,0.0,False,3
35,0,0,[2 1 3 5 4],1747.6999999999643,0.5,0.5,0.5465057826265989,MI,[4 5 3 1 2],-62.50000000000006,10,3419.799999999963,0.0,False,3
35,0,1,[2 1 3 5 4],1747.6999999999643,0.5,0.5,0.9708141451717344,MI,[4 5 3 1 2],-62.50000000000006,10,3419.799999999963,0.0,False,3
35,0,2,[2 1 3 5 4],1747.6999999999643,0.5,0.5,0.782251653265637,MI,[2 1 4 5 3],-0.30000000000001137,10,1755.1999999999643,0.0,False,3
35,0,3,[2 1 3 5 4],1747.6999999999643,0.5,0.5,0.5124684616252748,MI,[4 5 3 1 2],-62.50000000000006,10,3419.799999999963,0.0,False,3
35,0,4,[2 1 3 5 4],1747.6999999999643,0.5,0.5,0.447757618099186,SI,[4 5 3 1 2],-62.50000000000006,10,3419.799999999963,0.0,False,3
36,0,0,[2 1 3 5 4],1747.6999999999643,0.5,0.5,0.8119299201411503,MI,[2 1 4 5 3],-0.30000000000001137,10,1755.1999999999643,0.0,False,3
36,0,1,[2 1 3 5 4],1747.6999999999643,0.5,0.5,0.7058140505645291,MI,[4 5 3 1 2],-62.50000000000006,10,3419.799999999963,0.0,False,3
36,0,2,[2 1 3 5 4],1747.6999999999643,0.5,0.5,0.2692598536160442,SI,[2 4 5 3 1],-44.69999999999999,10,2568.2999999999593,0.0,False,3
36,0,3,[2 1 3 5 4],1747.6999999999643,0.5,0.5,0.778789202526187,MI,[2 4 5 3 1],-44.69999999999999,10,2568.2999999999593,0.0,False,3
36,0,4,[2 1 3 5 4],1747.6999999999643,0.5,0.5,0.8729060004508545,MI,[4 5 3 1 2],-62.50000000000006,10,3419.799999999963,0.0,False,3
37,0,0,[2 1 3 5 4],1747.6999999999643,0.5,0.5,0.9332674496673984,MI,[2 4 5 3 1],-44.69999999999999,10,2568.2999999999593,0.0,False,3
37,0,1,[2 1 3 5 4],1747.6999999999643,0.5,0.5,0.837760629388518,MI,[2 4 5 3 1],-44.69999999999999,10,2568.2999999999593,0.0,False,3
37,0,2,[2 1 3 5 4],1747.6999999999643,0.5,0.5,0.2476646641819853,SI,[4 5 3 1 2],-62.50000000000006,10,3419.799999999963,0.0,False,3
37,0,3,[2 1 3 5 4],1747.6999999999643,0.5,0.5,0.12178475397502908,SI,[4 5 3 1 2],-62.50000000000006,10,3419.799999999963,0.0,False,3
37,0,4,[2 1 3 5 4],1747.6999999999643,0.5,0.5,0.5450747346654768,MI,[4 5 3 1 2],-62.50000000000006,10,3419.799999999963,0.0,False,3
38,0,0,[2 1 3 5 4],1747.6999999999643,0.5,0.5,0.7271415934095118,MI,[4 5 3 1 2],-62.50000000000006,10,3419.799999999963,0.0,False,3
38,0,1,[2 1 3 5 4],1747.6999999999643,0.5,0.5,0.9020925012754889,MI,[4 5 3 1 2],-62.50000000000006,10,3419.799999999963,0.0,False,3
38,0,2,[2 1 3 5 4],1747.6999999999643,0.5,0.5,0.7391041991492503,MI,[4 5 3 1 2],-62.50000000000006,10,3419.799999999963,0.0,False,3
38,0,3,[2 1 3 5 4],1747.6999999999643,0.5,0.5,0.32221122133068814,SI,[2 4 5 3 1],-44.69999999999999,10,2568.2999999999593,0.0,False,3
38,0,4,[2 1 3 5 4],1747.6999999999643,0.5,0.5,0.7119268112712387,MI,[4 5 3 1 2],-62.50000000000006,10,3419.799999999963,0.0,False,3
39,0,0,[2 1 3 5 4],1747.6999999999643,0.5,0.5,0.30825824269103486,SI,[4 5 3 1 2],-62.50000000000006,10,3419.799999999963,0.0,False,3
39,0,1,[2 1 3 5 4],1747.6999999999643,0.5,0.5,0.1575392565277174,SI,[2 4 5 3 1],-44.69999999999999,10,2568.2999999999593,0.0,False,3
39,0,2,[2 1 3 5 4],1747.6999999999643,0.5,0.5,0.029807772581369685,SI,[4 5 3 1 2],-62.50000000000006,10,3419.799999999963,0.0,False,3
39,0,3,[2 1 3 5 4],1747.6999999999643,0.5,0.5,0.8781002717860251,MI,[4 5 3 1 2],-62.50000000000006,10,3419.799999999963,0.0,False,3
39,0,4,[2 1 3 5 4],1747.6999999999643,0.5,0.5,0.7040363277279829,MI,[4 5 3 1 2],-62.50000000000006,10,3419.799999999963,0.0,False,3
40,0,0,[2 1 3 5 4],1747.6999999999643,0.5,0.5,0.6699262677214678,MI,[2 4 5 3 1],-44.69999999999999,10,2568.2999999999593,0.0,False,3
40,0,1,[2 1 3 5 4],1747.6999999999643,0.5,0.5,0.8565437403284705,MI,[4 5 3 1 2],-62.50000000000006,10,3419.799999999963,0.0,False,3
40,0,2,[2 1 3 5 4],1747.6999999999643,0.5,0.5,0.733062993906489,MI,[2 1 4 5 3],-0.30000000000001137,10,1755.1999999999643,0.0,False,3
40,0,3,[2 1 3 5 4],1747.6999999999643,0.5,0.5,0.8863078918960823,MI,[2 4 5 3 1],-44.69999999999999,10,2568.2999999999593,0.0,False,3
40,0,4,[2 1 3 5 4],1747.6999999999643,0.5,0.5,0.9201692640815716,MI,[4 5 3 1 2],-62.50000000000006,10,3419.799999999963,0.0,False,3
41,0,0,[2 1 3 5 4],1747.6999999999643,0.5,0.5,0.5435541196196907,MI,[4 5 3 1 2],-62.50000000000006,10,3419.799999999963,0.0,False,3
41,0,1,[2 1 3 5 4],1747.6999999999643,0.5,0.5,0.259479034528592,SI,[2 4 5 3 1],-44.69999999999999,10,2568.2999999999593,0.0,False,3
41,0,2,[2 1 3 5 4],1747.6999999999643,0.5,0.5,0.13318006028477558,SI,[4 5 3 1 2],-62.50000000000006,10,3419.799999999963,0.0,False,3
41,0,3,[2 1 3 5 4],1747.6999999999643,0.5,0.5,0.8182742447820269,MI,[2 1 4 5 3],-0.30000000000001137,10,1755.1999999999643,0.0,False,3
41,0,4,[2 1 3 5 4],1747.6999999999643,0.5,0.5,0.5140047595039704,MI,[4 5 3 1 2],-62.50000000000006,10,3419.799999999963,0.0,False,3
42,0,0,[2 1 3 5 4],1747.6999999999643,0.5,0.5,0.6738239183077476,MI,[2 4 5 3 1],-44.69999999999999,10,2568.2999999999593,0.0,False,3
42,0,1,[2 1 3 5 4],1747.6999999999643,0.5,0.5,0.6403865229224623,MI,[2 4 5 3 1],-44.69999999999999,10,2568.2999999999593,0.0,False,3
42,0,2,[2 1 3 5 4],1747.6999999999643,0.5,0.5,0.1765268438360338,SI,[2 4 5 3 1],-44.69999999999999,10,2568.2999999999593,0.0,False,3
42,0,3,[2 1 3 5 4],1747.6999999999643,0.5,0.5,0.7490881909155043,MI,[4 5 3 1 2],-62.50000000000006,10,3419.799999999963,0.0,False,3
42,0,4,[2 1 3 5 4],1747.6999999999643,0.5,0.5,0.16372820223391527,SI,[4 5 3 1 2],-62.50000000000006,10,3419.799999999963,0.0,False,3
43,0,0,[2 1 3 5 4],1747.6999999999643,0.5,0.5,0.21246312623145347,SI,[4 5 3 1 2],-62.50000000000006,10,3419.799999999963,0.0,False,3
43,0,1,[2 1 3 5 4],1747.6999999999643,0.5,0.5,0.326878335457193,SI,[1 2 3 5 4],0.5999999999999659,10,1822.8999999999614,0.0,False,3
43,0,2,[2 1 3 5 4],1747.6999999999643,0.5,0.5,0.02292753896892341,SI,[2 4 5 3 1],-44.69999999999999,10,2568.2999999999593,0.0,False,3
43,0,3,[2 1 3 5 4],1747.6999999999643,0.5,0.5,0.9246249008810757,MI,[4 5 3 1 2],-62.50000000000006,10,3419.799999999963,0.0,False,3
43,0,4,[2 1 3 5 4],1747.6999999999643,0.5,0.5,0.3619760820462853,SI,[4 5 3 1 2],-62.50000000000006,10,3419.799999999963,0.0,False,3
44,0,0,[2 1 3 5 4],1747.6999999999643,0.5,0.5,0.11829998691386112,SI,[4 5 3 1 2],-62.50000000000006,10,3419.799999999963,0.0,False,3
44,0,1,[2 1 3 5 4],1747.6999999999643,0.5,0.5,0.4822320187743879,SI,[2 4 5 3 1],-44.69999999999999,10,2568.2999999999593,0.0,False,3
44,0,2,[2 1 3 5 4],1747.6999999999643,0.5,0.5,0.18654113637163683,SI,[2 4 5 3 1],-44.69999999999999,10,2568.2999999999593,0.0,False,3
44,0,3,[2 1 3 5 4],1747.6999999999643,0.5,0.5,0.6927475070939962,MI,[4 5 3 1 2],-62.50000000000006,10,3419.799999999963,0.0,False,3
44,0,4,[2 1 3 5 4],1747.6999999999643,0.5,0.5,0.8522383836129055,MI,[2 4 5 3 1],-44.69999999999999,10,2568.2999999999593,0.0,False,3
45,0,0,[2 1 3 5 4],1747.6999999999643,0.5,0.5,0.29811739234821244,SI,[4 5 3 1 2],-62.50000000000006,10,3419.799999999963,0.0,False,3
45,0,1,[2 1 3 5 4],1747.6999999999643,0.5,0.5,0.8111336297305535,MI,[4 5 3 1 2],-62.50000000000006,10,3419.799999999963,0.0,False,3
45,0,2,[2 1 3 5 4],1747.6999999999643,0.5,0.5,0.5521981487877615,MI,[4 5 3 1 2],-62.50000000000006,10,3419.799999999963,0.0,False,3
45,0,3,[2 1 3 5 4],1747.6999999999643,0.5,0.5,0.4296190225116382,SI,[4 5 3 1 2],-62.50000000000006,10,3419.799999999963,0.0,False,3
45,0,4,[2 1 3 5 4],1747.6999999999643,0.5,0.5,0.9585245087829661,MI,[4 5 3 1 2],-62.50000000000006,10,3419.799999999963,0.0,False,3
46,0,0,[2 1 3 5 4],1747.6999999999643,0.5,0.5,0.7959099772373086,MI,[4 5 3 1 2],-62.50000000000006,10,3419.799999999963,0.0,False,3
46,0,1,[2 1 3 5 4],1747.6999999999643,0.5,0.5,0.8859280591966858,MI,[4 5 3 1 2],-62.50000000000006,10,3419.799999999963,0.0,False,3
46,0,2,[2 1 3 5 4],1747.6999999999643,0.5,0.5,0.439475168678346,SI,[2 4 5 3 1],-44.69999999999999,10,2568.2999999999593,0.0,False,3
46,0,3,[2 1 3 5 4],1747.6999999999643,0.5,0.5,0.6697195480744652,MI,[2 4 5 3 1],-44.69999999999999,10,2568.2999999999593,0.0,False,3
46,0,4,[2 1 3 5 4],1747.6999999999643,0.5,0.5,0.7764531686092606,MI,[4 5 3 1 2],-62.50000000000006,10,3419.799999999963,0.0,False,3
47,0,0,[2 1 3 5 4],1747.6999999999643,0.5,0.5,0.8732046724322869,MI,[4 5 3 1 2],-62.50000000000006,10,3419.799999999963,0.0,False,3
47,0,1,[2 1 3 5 4],1747.6999999999643,0.5,0.5,0.8578209326369992,MI,[4 5 3 1 2],-62.50000000000006,10,3419.799999999963,0.0,False,3
47,0,2,[2 1 3 5 4],1747.6999999999643,0.5,0.5,0.7800881679165895,MI,[4 5 3 1 2],-62.50000000000006,10,3419.799999999963,0.0,False,3
47,0,3,[2 1 3 5 4],1747.6999999999643,0.5,0.5,0.2191868225470588,SI,[4 5 3 1 2],-62.50000000000006,10,3419.799999999963,0.0,False,3
47,0,4,[2 1 3 5 4],1747.6999999999643,0.5,0.5,0.81954957374265,MI,[4 5 3 1 2],-62.50000000000006,10,3419.799999999963,0.0,False,3
48,0,0,[2 1 3 5 4],1747.6999999999643,0.5,0.5,0.8496807191879915,MI,[2 4 5 3 1],-44.69999999999999,10,2568.2999999999593,0.0,False,3
48,0,1,[2 1 3 5 4],1747.6999999999643,0.5,0.5,0.020687571303249053,SI,[4 5 3 1 2],-62.50000000000006,10,3419.799999999963,0.0,False,3
48,0,2,[2 1 3 5 4],1747.6999999999643,0.5,0.5,0.40335995274370395,SI,[4 5 3 1 2],-62.50000000000006,10,3419.799999999963,0.0,False,3
48,0,3,[2 1 3 5 4],1747.6999999999643,0.5,0.5,0.12026209094272788,SI,[4 5 3 1 2],-62.50000000000006,10,3419.799999999963,0.0,False,3
48,0,4,[2 1 3 5 4],1747.6999999999643,0.5,0.5,0.8075327330937823,MI,[2 4 5 3 1],-44.69999999999999,10,2568.2999999999593,0.0,False,3
49,0,0,[2 1 3 5 4],1747.6999999999643,0.5,0.5,0.7851973144773613,MI,[4 5 3 1 2],-62.50000000000006,10,3419.799999999963,0.0,False,3
49,0,1,[2 1 3 5 4],1747.6999999999643,0.5,0.5,0.31164492076965455,SI,[2 4 5 3 1],-44.69999999999999,10,2568.2999999999593,0.0,False,3
49,0,2,[2 1 3 5 4],1747.6999999999643,0.5,0.5,0.039991410147907525,SI,[2 4 5 3 1],-44.69999999999999,10,2568.2999999999593,0.0,False,3
49,0,3,[2 1 3 5 4],1747.6999999999643,0.5,0.5,0.900693956657045,MI,[2 4 5 3 1],-44.69999999999999,10,2568.2999999999593,0.0,False,3
49,0,4,[2 1 3 5 4],1747.6999999999643,0.5,0.5,0.6478916457107395,MI,[4 5 3 1 2],-62.50000000000006,10,3419.799999999963,0.0,False,3
50,0,0,[2 1 3 5 4],1747.6999999999643,0.5,0.5,0.9993339764055235,MI,[4 5 3 1 2],-62.50000000000006,10,3419.799999999963,0.0,False,3
50,0,1,[2 1 3 5 4],1747.6999999999643,0.5,0.5,0.7135629305713109,MI,[2 4 5 3 1],-44.69999999999999,10,2568.2999999999593,0.0,False,3
50,0,2,[2 1 3 5 4],1747.6999999999643,0.5,0.5,0.7247855064452374,MI,[2 4 5 3 1],-44.69999999999999,10,2568.2999999999593,0.0,False,3
50,0,3,[2 1 3 5 4],1747.6999999999643,0.5,0.5,0.9960445208615798,MI,[4 5 3 1 2],-62.50000000000006,10,3419.799999999963,0.0,False,3
50,0,4,[2 1 3 5 4],1747.6999999999643,0.5,0.5,0.3948539480864284,SI,[4 5 3 1 2],-62.50000000000006,10,3419.799999999963,0.0,False,3
51,0,0,[2 1 3 5 4],1747.6999999999643,0.5,0.5,0.45429113609438554,SI,[4 5 3 1 2],-62.50000000000006,10,3419.799999999963,0.0,False,3
51,0,1,[2 1 3 5 4],1747.6999999999643,0.5,0.5,0.4219242367740005,SI,[4 5 3 1 2],-62.50000000000006,10,3419.799999999963,0.0,False,3
51,0,2,[2 1 3 5 4],1747.6999999999643,0.5,0.5,0.9147088156244676,MI,[2 4 5 3 1],-44.69999999999999,10,2568.2999999999593,0.0,False,3
51,0,3,[2 1 3 5 4],1747.6999999999643,0.5,0.5,0.5006954525836295,MI,[2 4 5 3 1],-44.69999999999999,10,2568.2999999999593,0.0,False,3
51,0,4,[2 1 3 5 4],1747.6999999999643,0.5,0.5,0.8276122001099151,MI,[2 4 5 3 1],-44.69999999999999,10,2568.2999999999593,0.0,False,3
0,15,0,[1 4 3 5 2],3233.3000000000393,0.5,0.5,0.9833577895833192,MI,[5 3 4 1 2],33.69999999999999,10,3517.7000000000407,0.0,False,4
0,15,1,[1 4 3 5 2],3233.3000000000393,0.5,0.5,0.07575159005354581,SI,[3 4 1 5 2],1.4999999999999432,10,3395.100000000024,0.0,False,4
0,15,2,[1 4 3 5 2],3233.3000000000393,0.5,0.5,0.8235303265266525,MI,[3 4 1 5 2],1.4999999999999432,10,3395.100000000024,0.0,False,4
0,15,3,[1 4 3 5 2],3233.3000000000393,0.5,0.5,0.9480776821845303,MI,[5 3 4 1 2],33.69999999999999,10,3517.7000000000407,0.0,False,4
0,15,4,[1 4 3 5 2],3233.3000000000393,0.5,0.5,0.6654943124930847,MI,[3 4 1 5 2],1.4999999999999432,10,3395.100000000024,0.0,False,4
1,0,0,[1 4 3 5 2],3233.3000000000393,0.5,0.5,0.20597634192553205,SI,[1 4 3 2 5],-65.59999999999997,10,3161.3000000000357,0.02226827080691639,True,4
1,0,1,[1 4 3 2 5],3161.3000000000357,0.5,0.5,0.2299020748291536,SI,[1 4 3 5 2],65.59999999999997,10,3233.3000000000393,0.0,False,4
1,0,2,[1 4 3 2 5],3161.3000000000357,0.5,0.5,0.30622729198903975,SI,[3 4 1 2 5],1.5,10,3351.000000000022,0.0,False,4
1,0,3,[1 4 3 2 5],3161.3000000000357,0.5,0.5,0.7335728918940247,MI,[3 4 1 2 5],1.5,10,3351.000000000022,0.0,False,4
1,0,4,[1 4 3 2 5],3161.3000000000357,0.5,0.5,0.3706629562725686,SI,[5 2 3 4 1],117.39999999999998,10,4031.8000000000247,0.0,False,4
2,0,0,[3 1 4 5 2],2767.400000000016,0.501110939669804,0.49888906033019587,0.9657286433575826,MI,[5 4 1 3 2],32.19999999999999,10,4210.100000000035,0.0,False,4
2,0,1,[3 1 4 5 2],2767.400000000016,0.501110939669804,0.49888906033019587,0.18079355103759676,SI,[3 1 4 2 5],-65.59999999999997,10,2572.000000000011,0.07060779070607934,True,4
2,0,2,[3 1 4 2 5],2572.000000000011,0.501110939669804,0.49888906033019587,0.7515836914009539,MI,[4 1 3 2 5],47.09999999999991,10,4091.6000000000167,0.0,False,4
2,0,3,[3 1 4 2 5],2572.000000000011,0.501110939669804,0.49888906033019587,0.12787492722404536,SI,[4 1 3 2 5],47.09999999999991,10,4091.6000000000167,0.0,False,4
2,0,4,[3 1 4 2 5],2572.000000000011,0.501110939669804,0.49888906033019587,0.39742835354884043,SI,[1 3 4 2 5],112.69999999999999,10,3566.5000000000255,0.0,False,4
3,0,0,[3 1 4 2 5],2572.000000000011,0.5046087875742629,0.49539121242573714,0.47630509210960226,SI,[3 4 1 2 5],48.60000000000002,10,3351.000000000022,0.0,False,4
3,0,1,[3 1 4 2 5],2572.000000000011,0.5046087875742629,0.49539121242573714,0.6744440973915244,MI,[4 1 3 2 5],47.09999999999991,10,4091.6000000000167,0.0,False,4
3,0,2,[3 1 4 2 5],2572.000000000011,0.5046087875742629,0.49539121242573714,0.5309042548894833,MI,[4 1 3 2 5],47.09999999999991,10,4091.6000000000167,0.0,False,4
3,0,3,[3 1 4 2 5],2572.000000000011,0.5046087875742629,0.49539121242573714,0.1994307657071529,SI,[5 2 4 1 3],115.9,10,4486.500000000022,0.0,False,4
3,0,4,[3 1 4 2 5],2572.000000000011,0.5046087875742629,0.49539121242573714,0.21642086826594642,SI,[4 1 3 2 5],47.09999999999991,10,4091.6000000000167,0.0,False,4
4,0,0,[3 1 4 2 5],2572.000000000011,0.5046087875742629,0.49539121242573714,0.41489922820266867,SI,[4 1 3 2 5],47.09999999999991,10,4091.6000000000167,0.0,False,4
4,0,1,[3 1 4 2 5],2572.000000000011,0.5046087875742629,0.49539121242573714,0.2797598462156107,SI,[4 1 3 2 5],47.09999999999991,10,4091.6000000000167,0.0,False,4
4,0,2,[3 1 4 2 5],2572.000000000011,0.5046087875742629,0.49539121242573714,0.34848800518313305,SI,[4 1 3 2 5],47.09999999999991,10,4091.6000000000167,0.0,False,4
4,0,3,[3 1 4 2 5],2572.000000000011,0.5046087875742629,0.49539121242573714,0.9075196269117519,MI,[4 1 3 2 5],47.09999999999991,10,4091.6000000000167,0.0,False,4
4,0,4,[3 1 4 2 5],2572.000000000011,0.5046087875742629,0.49539121242573714,0.6585942549580006,MI,[4 1 3 2 5],47.09999999999991,10,4091.6000000000167,0.0,False,4
5,0,0,[3 1 4 2 5],2572.000000000011,0.5046087875742629,0.49539121242573714,0.6207295603442975,MI,[4 1 3 2 5],47.09999999999991,10,4091.6000000000167,0.0,False,4
5,0,1,[3 1 4 2 5],2572.000000000011,0.5046087875742629,0.49539121242573714,0.23501379775941977,SI,[3 4 1 2 5],48.60000000000002,10,3351.000000000022,0.0,False,4
5,0,2,[3 1 4 2 5],2572.000000000011,0.5046087875742629,0.49539121242573714,0.5178438229458008,MI,[4 1 3 2 5],47.09999999999991,10,4091.6000000000167,0.0,False,4
5,0,3,[3 1 4 2 5],2572.000000000011,0.5046087875742629,0.49539121242573714,0.33068679348591823,SI,[4 1 3 2 5],47.09999999999991,10,4091.6000000000167,0.0,False,4
5,0,4,[3 1 4 2 5],2572.000000000011,0.5046087875742629,0.49539121242573714,0.8648655608067078,MI,[4 1 3 2 5],47.09999999999991,10,4091.6000000000167,0.0,False,4
6,0,0,[3 1 4 2 5],2572.000000000011,0.5046087875742629,0.49539121242573714,0.6500124116876805,MI,[4 1 3 2 5],47.09999999999991,10,4091.6000000000167,0.0,False,4
6,0,1,[3 1 4 2 5],2572.000000000011,0.5046087875742629,0.49539121242573714,0.38387729554022787,SI,[4 1 3 2 5],47.09999999999991,10,4091.6000000000167,0.0,False,4
6,0,2,[3 1 4 2 5],2572.000000000011,0.5046087875742629,0.49539121242573714,0.6499240521988829,MI,[4 1 3 2 5],47.09999999999991,10,4091.6000000000167,0.0,False,4
6,0,3,[3 1 4 2 5],2572.000000000011,0.5046087875742629,0.49539121242573714,0.10111720102045119,SI,[3 4 1 2 5],48.60000000000002,10,3351.000000000022,0.0,False,4
6,0,4,[3 1 4 2 5],2572.000000000011,0.5046087875742629,0.49539121242573714,0.6923604319606078,MI,[4 1 3 2 5],47.09999999999991,10,4091.6000000000167,0.0,False,4
7,0,0,[3 1 4 2 5],2572.000000000011,0.5046087875742629,0.49539121242573714,0.04973161737437315,SI,[3 4 1 2 5],48.60000000000002,10,3351.000000000022,0.0,False,4
7,0,1,[3 1 4 2 5],2572.000000000011,0.5046087875742629,0.49539121242573714,0.7339810429464774,MI,[5 2 4 1 3],115.9,10,4486.500000000022,0.0,False,4
7,0,2,[3 1 4 2 5],2572.000000000011,0.5046087875742629,0.49539121242573714,0.565182636199092,MI,[4 1 3 2 5],47.09999999999991,10,4091.6000000000167,0.0,False,4
7,0,3,[3 1 4 2 5],2572.000000000011,0.5046087875742629,0.49539121242573714,0.7051027166969208,MI,[5 2 4 1 3],115.9,10,4486.500000000022,0.0,False,4
7,0,4,[3 1 4 2 5],2572.000000000011,0.5046087875742629,0.49539121242573714,0.09541678707838808,SI,[1 3 4 2 5],112.69999999999999,10,3566.5000000000255,0.0,False,4
8,0,0,[3 1 4 2 5],2572.000000000011,0.5046087875742629,0.49539121242573714,0.4799264450065275,SI,[4 1 3 2 5],47.09999999999991,10,4091.6000000000167,0.0,False,4
8,0,1,[3 1 4 2 5],2572.000000000011,0.5046087875742629,0.49539121242573714,0.41168715987202753,SI,[4 1 3 2 5],47.09999999999991,10,4091.6000000000167,0.0,False,4
8,0,2,[3 1 4 2 5],2572.000000000011,0.5046087875742629,0.49539121242573714,0.5976309555229173,MI,[4 1 3 2 5],47.09999999999991,10,4091.6000000000167,0.0,False,4
8,0,3,[3 1 4 2 5],2572.000000000011,0.5046087875742629,0.49539121242573714,0.9898924383890523,MI,[4 1 3 2 5],47.09999999999991,10,4091.6000000000167,0.0,False,4
8,0,4,[3 1 4 2 5],2572.000000000011,0.5046087875742629,0.49539121242573714,0.07219310497985387,SI,[3 4 1 2 5],48.60000000000002,10,3351.000000000022,0.0,False,4
9,0,0,[3 1 4 2 5],2572.000000000011,0.5046087875742629,0.49539121242573714,0.9391655568085423,MI,[4 1 3 2 5],47.09999999999991,10,4091.6000000000167,0.0,False,4
9,0,1,[3 1 4 2 5],2572.000000000011,0.5046087875742629,0.49539121242573714,0.73740608145247,MI,[4 1 3 2 5],47.09999999999991,10,4091.6000000000167,0.0,False,4
9,0,2,[3 1 4 2 5],2572.000000000011,0.5046087875742629,0.49539121242573714,0.40504445063843075,SI,[3 1 4 5 2],65.59999999999997,10,2767.400000000016,0.0,False,4
9,0,3,[3 1 4 2 5],2572.000000000011,0.5046087875742629,0.49539121242573714,0.049153589100237705,SI,[3 1 4 5 2],65.59999999999997,10,2767.400000000016,0.0,False,4
9,0,4,[3 1 4 2 5],2572.000000000011,0.5046087875742629,0.49539121242573714,0.11248832669808229,SI,[3 1 4 5 2],65.59999999999997,10,2767.400000000016,0.0,False,4
10,0,0,[3 1 4 2 5],2572.000000000011,0.5046087875742629,0.49539121242573714,0.33406945768688245,SI,[4 1 3 2 5],47.09999999999991,10,4091.6000000000167,0.0,False,4
10,0,1,[3 1 4 2 5],2572.000000000011,0.5046087875742629,0.49539121242573714,0.15269267359277905,SI,[4 1 3 2 5],47.09999999999991,10,4091.6000000000167,0.0,False,4
10,0,2,[3 1 4 2 5],2572.000000000011,0.5046087875742629,0.49539121242573714,0.21328128220037668,SI,[4 1 3 2 5],47.09999999999991,10,4091.6000000000167,0.0,False,4
10,0,3,[3 1 4 2 5],2572.000000000011,0.5046087875742629,0.49539121242573714,0.20460944984592055,SI,[4 1 3 2 5],47.09999999999991,10,4091.6000000000167,0.0,False,4
10,0,4,[3 1 4 2 5],2572.000000000011,0.5046087875742629,0.49539121242573714,0.4441684258904792,SI,[3 4 1 2 5],48.60000000000002,10,3351.000000000022,0.0,False,4
11,0,0,[3 1 4 2 5],2572.000000000011,0.5046087875742629,0.49539121242573714,0.8578844269393182,MI,[4 1 3 2 5],47.09999999999991,10,4091.6000000000167,0.0,False,4
11,0,1,[3 1 4 2 5],2572.000000000011,0.5046087875742629,0.49539121242573714,0.48015749193790247,SI,[4 1 3 2 5],47.09999999999991,10,4091.6000000000167,0.0,False,4
11,0,2,[3 1 4 2 5],2572.000000000011,0.5046087875742629,0.49539121242573714,0.2663714519014303,SI,[4 1 3 2 5],47.09999999999991,10,4091.6000000000167,0.0,False,4
11,0,3,[3 1 4 2 5],2572.000000000011,0.5046087875742629,0.49539121242573714,0.8936039820062959,MI,[4 1 3 2 5],47.09999999999991,10,4091.6000000000167,0.0,False,4
11,0,4,[3 1 4 2 5],2572.000000000011,0.5046087875742629,0.49539121242573714,0.8354249409936872,MI,[4 1 3 2 5],47.09999999999991,10,4091.6000000000167,0.0,False,4
12,0,0,[3 1 4 2 5],2572.000000000011,0.5046087875742629,0.49539121242573714,0.8403653051488723,MI,[4 1 3 2 5],47.09999999999991,10,4091.6000000000167,0.0,False,4
12,0,1,[3 1 4 2 5],2572.000000000011,0.5046087875742629,0.49539121242573714,0.1679598957972328,SI,[4 1 3 2 5],47.09999999999991,10,4091.6000000000167,0.0,False,4
12,0,2,[3 1 4 2 5],2572.000000000011,0.5046087875742629,0.49539121242573714,0.3590033171170979,SI,[3 4 1 2 5],48.60000000000002,10,3351.000000000022,0.0,False,4
12,0,3,[3 1 4 2 5],2572.000000000011,0.5046087875742629,0.49539121242573714,0.7877034450001328,MI,[4 1 3 2 5],47.09999999999991,10,4091.6000000000167,0.0,False,4
12,0,4,[3 1 4 2 5],2572.000000000011,0.5046087875742629,0.49539121242573714,0.10213115311849241,SI,[4 1 3 2 5],47.09999999999991,10,4091.6000000000167,0.0,False,4
13,0,0,[3 1 4 2 5],2572.000000000011,0.5046087875742629,0.49539121242573714,0.4280279467063298,SI,[3 4 1 2 5],48.60000000000002,10,3351.000000000022,0.0,False,4
13,0,1,[3 1 4 2 5],2572.000000000011,0.5046087875742629,0.49539121242573714,0.812737761897127,MI,[4 1 3 2 5],47.09999999999991,10,4091.6000000000167,0.0,False,4
13,0,2,[3 1 4 2 5],2572.000000000011,0.5046087875742629,0.49539121242573714,0.2633458666426377,SI,[3 1 4 5 2],65.59999999999997,10,2767.400000000016,0.0,False,4
13,0,3,[3 1 4 2 5],2572.000000000011,0.5046087875742629,0.49539121242573714,0.7856156194166595,MI,[4 1 3 2 5],47.09999999999991,10,4091.6000000000167,0.0,False,4
13,0,4,[3 1 4 2 5],2572.000000000011,0.5046087875742629,0.49539121242573714,0.5113129872693023,MI,[4 1 3 2 5],47.09999999999991,10,4091.6000000000167,0.0,False,4
14,0,0,[3 1 4 2 5],2572.000000000011,0.5046087875742629,0.49539121242573714,0.34320662079651687,SI,[4 1 3 2 5],47.09999999999991,10,4091.6000000000167,0.0,False,4
14,0,1,[3 1 4 2 5],2572.000000000011,0.5046087875742629,0.49539121242573714,0.02377122941595844,SI,[4 1 3 2 5],47.09999999999991,10,4091.6000000000167,0.0,False,4
14,0,2,[3 1 4 2 5],2572.000000000011,0.5046087875742629,0.49539121242573714,0.8036686682189574,MI,[4 1 3 2 5],47.09999999999991,10,4091.6000000000167,0.0,False,4
14,0,3,[3 1 4 2 5],2572.000000000011,0.5046087875742629,0.49539121242573714,0.8390035662917557,MI,[4 1 3 2 5],47.09999999999991,10,4091.6000000000167,0.0,False,4
14,0,4,[3 1 4 2 5],2572.000000000011,0.5046087875742629,0.49539121242573714,0.667416487652031,MI,[4 1 3 2 5],47.09999999999991,10,4091.6000000000167,0.0,False,4
15,0,0,[3 1 4 2 5],2572.000000000011,0.5046087875742629,0.49539121242573714,0.12945219105379613,SI,[4 1 3 2 5],47.09999999999991,10,4091.6000000000167,0.0,False,4
15,0,1,[3 1 4 2 5],2572.000000000011,0.5046087875742629,0.49539121242573714,0.9584082396514266,MI,[4 1 3 2 5],47.09999999999991,10,4091.6000000000167,0.0,False,4
15,0,2,[3 1 4 2 5],2572.000000000011,0.5046087875742629,0.49539121242573714,0.10164173562086098,SI,[4 1 3 2 5],47.09999999999991,10,4091.6000000000167,0.0,False,4
15,0,3,[3 1 4 2 5],2572.000000000011,0.5046087875742629,0.49539121242573714,0.426846002039185,SI,[4 1 3 2 5],47.09999999999991,10,4091.6000000000167,0.0,False,4
15,0,4,[3 1 4 2 5],2572.000000000011,0.5046087875742629,0.49539121242573714,0.5987233245183035,MI,[4 1 3 2 5],47.09999999999991,10,4091.6000000000167,0.0,False,4
16,0,0,[3 1 4 2 5],2572.000000000011,0.5046087875742629,0.49539121242573714,0.01962257638915821,SI,[4 1 3 2 5],47.09999999999991,10,4091.6000000000167,0.0,False,4
16,0,1,[3 1 4 2 5],2572.000000000011,0.5046087875742629,0.49539121242573714,0.681998144504587,MI,[4 1 3 2 5],47.09999999999991,10,4091.6000000000167,0.0,False,4
16,0,2,[3 1 4 2 5],2572.000000000011,0.5046087875742629,0.49539121242573714,0.49549662296052077,SI,[3 4 1 2 5],48.60000000000002,10,3351.000000000022,0.0,False,4
16,0,3,[3 1 4 2 5],2572.000000000011,0.5046087875742629,0.49539121242573714,0.820414474312557,MI,[4 1 3 2 5],47.09999999999991,10,4091.6000000000167,0.0,False,4
16,0,4,[3 1 4 2 5],2572.000000000011,0.5046087875742629,0.49539121242573714,0.19862946781770596,SI,[3 1 4 5 2],65.59999999999997,10,2767.400000000016,0.0,False,4
17,0,0,[3 1 4 2 5],2572.000000000011,0.5046087875742629,0.49539121242573714,0.38406533084645667,SI,[5 2 4 1 3],115.9,10,4486.500000000022,0.0,False,4
17,0,1,[3 1 4 2 5],2572.000000000011,0.5046087875742629,0.49539121242573714,0.6501313037150931,MI,[5 2 4 1 3],115.9,10,4486.500000000022,0.0,False,4
17,0,2,[3 1 4 2 5],2572.000000000011,0.5046087875742629,0.49539121242573714,0.1969214567052472,SI,[4 1 3 2 5],47.09999999999991,10,4091.6000000000167,0.0,False,4
17,0,3,[3 1 4 2 5],2572.000000000011,0.5046087875742629,0.49539121242573714,0.22541512701337707,SI,[4 1 3 2 5],47.09999999999991,10,4091.6000000000167,0.0,False,4
17,0,4,[3 1 4 2 5],2572.000000000011,0.5046087875742629,0.49539121242573714,0.252612573409148,SI,[4 1 3 2 5],47.09999999999991,10,4091.6000000000167,0.0,False,4
18,0,0,[3 1 4 2 5],2572.000000000011,0.5046087875742629,0.49539121242573714,0.23902729925990462,SI,[4 1 3 2 5],47.09999999999991,10,4091.6000000000167,0.0,False,4
18,0,1,[3 1 4 2 5],2572.000000000011,0.5046087875742629,0.49539121242573714,0.3441780125202827,SI,[3 4 1 2 5],48.60000000000002,10,3351.000000000022,0.0,False,4
18,0,2,[3 1 4 2 5],2572.000000000011,0.5046087875742629,0.49539121242573714,0.8525985974522081,MI,[4 1 3 2 5],47.09999999999991,10,4091.6000000000167,0.0,False,4
18,0,3,[3 1 4 2 5],2572.000000000011,0.5046087875742629,0.49539121242573714,0.26468494647641416,SI,[4 1 3 2 5],47.09999999999991,10,4091.6000000000167,0.0,False,4
18,0,4,[3 1 4 2 5],2572.000000000011,0.5046087875742629,0.49539121242573714,0.7125364342598016,MI,[4 1 3 2 5],47.09999999999991,10,4091.6000000000167,0.0,False,4
19,0,0,[3 1 4 2 5],2572.000000000011,0.5046087875742629,0.49539121242573714,0.08750881394869559,SI,[4 1 3 2 5],47.09999999999991,10,4091.6000000000167,0.0,False,4
19,0,1,[3 1 4 2 5],2572.000000000011,0.5046087875742629,0.49539121242573714,0.5293409524979447,MI,[4 1 3 2 5],47.09999999999991,10,4091.6000000000167,0.0,False,4
19,0,2,[3 1 4 2 5],2572.000000000011,0.5046087875742629,0.49539121242573714,0.8732930942663849,MI,[4 1 3 2 5],47.09999999999991,10,4091.6000000000167,0.0,False,4
19,0,3,[3 1 4 2 5],2572.000000000011,0.5046087875742629,0.49539121242573714,0.18530813143047253,SI,[4 1 3 2 5],47.09999999999991,10,4091.6000000000167,0.0,False,4
19,0,4,[3 1 4 2 5],2572.000000000011,0.5046087875742629,0.49539121242573714,0.45625072262102495,SI,[3 4 1 2 5],48.60000000000002,10,3351.000000000022,0.0,False,4
20,0,0,[3 1 4 2 5],2572.000000000011,0.5046087875742629,0.49539121242573714,0.24174440014659404,SI,[4 1 3 2 5],47.09999999999991,10,4091.6000000000167,0.0,False,4
20,0,1,[3 1 4 2 5],2572.000000000011,0.5046087875742629,0.49539121242573714,0.09862897781828828,SI,[4 1 3 2 5],47.09999999999991,10,4091.6000000000167,0.0,False,4
20,0,2,[3 1 4 2 5],2572.000000000011,0.5046087875742629,0.49539121242573714,0.3166926006112649,SI,[3 4 1 2 5],48.60000000000002,10,3351.000000000022,0.0,False,4
20,0,3,[3 1 4 2 5],2572.000000000011,0.5046087875742629,0.49539121242573714,0.7648664996942014,MI,[4 1 3 2 5],47.09999999999991,10,4091.6000000000167,0.0,False,4
20,0,4,[3 1 4 2 5],2572.000000000011,0.5046087875742629,0.49539121242573714,0.9723503455261565,MI,[4 1 3 2 5],47.09999999999991,10,4091.6000000000167,0.0,False,4
21,0,0,[3 1 4 2 5],2572.000000000011,0.5046087875742629,0.49539121242573714,0.9470445671234163,MI,[4 1 3 2 5],47.09999999999991,10,4091.6000000000167,0.0,False,4
21,0,1,[3 1 4 2 5],2572.000000000011,0.5046087875742629,0.49539121242573714,0.18773823081854557,SI,[3 4 1 2 5],48.60000000000002,10,3351.000000000022,0.0,False,4
21,0,2,[3 1 4 2 5],2572.000000000011,0.5046087875742629,0.49539121242573714,0.8231636638262064,MI,[4 1 3 2 5],47.09999999999991,10,4091.6000000000167,0.0,False,4
21,0,3,[3 1 4 2 5],2572.000000000011,0.5046087875742629,0.49539121242573714,0.8548668515596208,MI,[4 1 3 2 5],47.09999999999991,10,4091.6000000000167,0.0,False,4
21,0,4,[3 1 4 2 5],2572.000000000011,0.5046087875742629,0.49539121242573714,0.07367240000021069,SI,[4 1 3 2 5],47.09999999999991,10,4091.6000000000167,0.0,False,4
22,0,0,[3 1 4 2 5],2572.000000000011,0.5046087875742629,0.49539121242573714,0.2571864950479169,SI,[3 4 1 2 5],48.60000000000002,10,3351.000000000022,0.0,False,4
22,0,1,[3 1 4 2 5],2572.000000000011,0.5046087875742629,0.49539121242573714,0.5710270090483072,MI,[4 1 3 2 5],47.09999999999991,10,4091.6000000000167,0.0,False,4
22,0,2,[3 1 4 2 5],2572.000000000011,0.5046087875742629,0.49539121242573714,0.8393621608980912,MI,[4 1 3 2 5],47.09999999999991,10,4091.6000000000167,0.0,False,4
22,0,3,[3 1 4 2 5],2572.000000000011,0.5046087875742629,0.49539121242573714,0.8263485445048651,MI,[4 1 3 2 5],47.09999999999991,10,4091.6000000000167,0.0,False,4
22,0,4,[3 1 4 2 5],2572.000000000011,0.5046087875742629,0.49539121242573714,0.4395324819975649,SI,[4 1 3 2 5],47.09999999999991,10,4091.6000000000167,0.0,False,4
23,0,0,[3 1 4 2 5],2572.000000000011,0.5046087875742629,0.49539121242573714,0.06288286198248882,SI,[4 1 3 2 5],47.09999999999991,10,4091.6000000000167,0.0,False,4
23,0,1,[3 1 4 2 5],2572.000000000011,0.5046087875742629,0.49539121242573714,0.9624670215126556,MI,[4 1 3 2 5],47.09999999999991,10,4091.6000000000167,0.0,False,4
23,0,2,[3 1 4 2 5],2572.000000000011,0.5046087875742629,0.49539121242573714,0.3219685052159553,SI,[3 1 4 5 2],65.59999999999997,10,2767.400000000016,0.0,False,4
23,0,3,[3 1 4 2 5],2572.000000000011,0.5046087875742629,0.49539121242573714,0.1649376303330362,SI,[3 4 1 2 5],48.60000000000002,10,3351.000000000022,0.0,False,4
23,0,4,[3 1 4 2 5],2572.000000000011,0.5046087875742629,0.49539121242573714,0.23921990685025685,SI,[4 1 3 2 5],47.09999999999991,10,4091.6000000000167,0.0,False,4
24,0,0,[3 1 4 2 5],2572.000000000011,0.5046087875742629,0.49539121242573714,0.4370684084553411,SI,[1 3 4 2 5],112.69999999999999,10,3566.5000000000255,0.0,False,4
24,0,1,[3 1 4 2 5],2572.000000000011,0.5046087875742629,0.49539121242573714,0.9277308604953778,MI,[4 1 3 2 5],47.09999999999991,10,4091.6000000000167,0.0,False,4
24,0,2,[3 1 4 2 5],2572.000000000011,0.5046087875742629,0.49539121242573714,0.8035099692876126,MI,[4 1 3 2 5],47.09999999999991,10,4091.6000000000167,0.0,False,4
24,0,3,[3 1 4 2 5],2572.000000000011,0.5046087875742629,0.49539121242573714,0.09240369353263678,SI,[3 4 1 2 5],48.60000000000002,10,3351.000000000022,0.0,False,4
24,0,4,[3 1 4 2 5],2572.000000000011,0.5046087875742629,0.49539121242573714,0.2623905933530606,SI,[4 1 3 2 5],47.09999999999991,10,4091.6000000000167,0.0,False,4
25,0,0,[3 1 4 2 5],2572.000000000011,0.5046087875742629,0.49539121242573714,0.3764571384857711,SI,[1 3 4 2 5],112.69999999999999,10,3566.5000000000255,0.0,False,4
25,0,1,[3 1 4 2 5],2572.000000000011,0.5046087875742629,0.49539121242573714,0.5053143421691899,MI,[4 1 3 2 5],47.09999999999991,10,4091.6000000000167,0.0,False,4
25,0,2,[3 1 4 2 5],2572.000000000011,0.5046087875742629,0.49539121242573714,0.22304619412457394,SI,[3 4 1 2 5],48.60000000000002,10,3351.000000000022,0.0,False,4
25,0,3,[3 1 4 2 5],2572.000000000011,0.5046087875742629,0.49539121242573714,0.4534066937709662,SI,[4 1 3 2 5],47.09999999999991,10,4091.6000000000167,0.0,False,4
25,0,4,[3 1 4 2 5],2572.000000000011,0.5046087875742629,0.49539121242573714,0.16421323172612146,SI,[1 3 4 2 5],112.69999999999999,10,3566.5000000000255,0.0,False,4
26,0,0,[3 1 4 2 5],2572.000000000011,0.5046087875742629,0.49539121242573714,0.22873137242051222,SI,[4 1 3 2 5],47.09999999999991,10,4091.6000000000167,0.0,False,4
26,0,1,[3 1 4 2 5],2572.000000000011,0.5046087875742629,0.49539121242573714,0.1418914533127419,SI,[4 1 3 2 5],47.09999999999991,10,4091.6000000000167,0.0,False,4
26,0,2,[3 1 4 2 5],2572.000000000011,0.5046087875742629,0.49539121242573714,0.26594406316225505,SI,[4 1 3 2 5],47.09999999999991,10,4091.6000000000167,0.0,False,4
26,0,3,[3 1 4 2 5],2572.000000000011,0.5046087875742629,0.49539121242573714,0.8604470322524249,MI,[4 1 3 2 5],47.09999999999991,10,4091.6000000000167,0.0,False,4
26,0,4,[3 1 4 2 5],2572.000000000011,0.5046087875742629,0.49539121242573714,0.00884014431507918,SI,[4 1 3 2 5],47.09999999999991,10,4091.6000000000167,0.0,False,4
27,0,0,[3 1 4 2 5],2572.000000000011,0.5046087875742629,0.49539121242573714,0.04031469246853259,SI,[3 4 1 2 5],48.60000000000002,10,3351.000000000022,0.0,False,4
27,0,1,[3 1 4 2 5],2572.000000000011,0.5046087875742629,0.49539121242573714,0.7732639817359465,MI,[4 1 3 2 5],47.09999999999991,10,4091.6000000000167,0.0,False,4
27,0,2,[3 1 4 2 5],2572.000000000011,0.5046087875742629,0.49539121242573714,0.492188821848643,SI,[4 1 3 2 5],47.09999999999991,10,4091.6000000000167,0.0,False,4
27,0,3,[3 1 4 2 5],2572.000000000011,0.5046087875742629,0.49539121242573714,0.11366201283555155,SI,[4 1 3 2 5],47.09999999999991,10,4091.6000000000167,0.0,False,4
27,0,4,[3 1 4 2 5],2572.000000000011,0.5046087875742629,0.49539121242573714,0.8281901008886272,MI,[4 1 3 2 5],47.09999999999991,10,4091.6000000000167,0.0,False,4
28,0,0,[3 1 4 2 5],2572.000000000011,0.5046087875742629,0.49539121242573714,0.18623200167824905,SI,[3 4 1 2 5],48.60000000000002,10,3351.000000000022,0.0,False,4
28,0,1,[3 1 4 2 5],2572.000000000011,0.5046087875742629,0.49539121242573714,0.46741513868870743,SI,[4 1 3 2 5],47.09999999999991,10,4091.6000000000167,0.0,False,4
28,0,2,[3 1 4 2 5],2572.000000000011,0.5046087875742629,0.49539121242573714,0.07028380367803844,SI,[3 4 1 2 5],48.60000000000002,10,3351.000000000022,0.0,False,4
28,0,3,[3 1 4 2 5],2572.000000000011,0.5046087875742629,0.49539121242573714,0.09235468983656259,SI,[3 1 4 5 2],65.59999999999997,10,2767.400000000016,0.0,False,4
28,0,4,[3 1 4 2 5],2572.000000000011,0.5046087875742629,0.49539121242573714,0.7024082859810685,MI,[4 1 3 2 5],47.09999999999991,10,4091.6000000000167,0.0,False,4
29,0,0,[3 1 4 2 5],2572.000000000011,0.5046087875742629,0.49539121242573714,0.383165320702882,SI,[4 1 3 2 5],47.09999999999991,10,4091.6000000000167,0.0,False,4
29,0,1,[3 1 4 2 5],2572.000000000011,0.5046087875742629,0.49539121242573714,0.30555913721862393,SI,[3 4 1 2 5],48.60000000000002,10,3351.000000000022,0.0,False,4
29,0,2,[3 1 4 2 5],2572.000000000011,0.5046087875742629,0.49539121242573714,0.18027824733840636,SI,[4 1 3 2 5],47.09999999999991,10,4091.6000000000167,0.0,False,4
29,0,3,[3 1 4 2 5],2572.000000000011,0.5046087875742629,0.49539121242573714,0.02794030136169534,SI,[3 4 1 2 5],48.60000000000002,10,3351.000000000022,0.0,False,4
29,0,4,[3 1 4 2 5],2572.000000000011,0.5046087875742629,0.49539121242573714,0.19252206914370185,SI,[3 4 1 2 5],48.60000000000002,10,3351.000000000022,0.0,False,4
30,0,0,[3 1 4 2 5],2572.000000000011,0.5046087875742629,0.49539121242573714,0.18342301329617694,SI,[4 1 3 2 5],47.09999999999991,10,4091.6000000000167,0.0,False,4
30,0,1,[3 1 4 2 5],2572.000000000011,0.5046087875742629,0.49539121242573714,0.026173476115145644,SI,[4 1 3 2 5],47.09999999999991,10,4091.6000000000167,0.0,False,4
30,0,2,[3 1 4 2 5],2572.000000000011,0.5046087875742629,0.49539121242573714,0.05174285039183757,SI,[4 1 3 2 5],47.09999999999991,10,4091.6000000000167,0.0,False,4
30,0,3,[3 1 4 2 5],2572.000000000011,0.5046087875742629,0.49539121242573714,0.43475074897564425,SI,[3 4 1 2 5],48.60000000000002,10,3351.000000000022,0.0,False,4
30,0,4,[3 1 4 2 5],2572.000000000011,0.5046087875742629,0.49539121242573714,0.1951060447680144,SI,[3 4 1 2 5],48.60000000000002,10,3351.000000000022,0.0,False,4
31,0,0,[3 1 4 2 5],2572.000000000011,0.5046087875742629,0.49539121242573714,0.20591014844939448,SI,[4 1 3 2 5],47.09999999999991,10,4091.6000000000167,0.0,False,4
31,0,1,[3 1 4 2 5],2572.000000000011,0.5046087875742629,0.49539121242573714,0.21252671725552996,SI,[4 1 3 2 5],47.09999999999991,10,4091.6000000000167,0.0,False,4
31,0,2,[3 1 4 2 5],2572.000000000011,0.5046087875742629,0.49539121242573714,0.38371638843009503,SI,[3 1 4 5 2],65.59999999999997,10,2767.400000000016,0.0,False,4
31,0,3,[3 1 4 2 5],2572.000000000011,0.5046087875742629,0.49539121242573714,0.44839121872135723,SI,[3 1 4 5 2],65.59999999999997,10,2767.400000000016,0.0,False,4
31,0,4,[3 1 4 2 5],2572.000000000011,0.5046087875742629,0.49539121242573714,0.037361045771454604,SI,[4 1 3 2 5],47.09999999999991,10,4091.6000000000167,0.0,False,4
32,0,0,[3 1 4 2 5],2572.000000000011,0.5046087875742629,0.49539121242573714,0.29910922432242526,SI,[3 4 1 2 5],48.60000000000002,10,3351.000000000022,0.0,False,4
32,0,1,[3 1 4 2 5],2572.000000000011,0.5046087875742629,0.49539121242573714,0.36963884050458296,SI,[4 1 3 2 5],47.09999999999991,10,4091.6000000000167,0.0,False,4
32,0,2,[3 1 4 2 5],2572.000000000011,0.5046087875742629,0.49539121242573714,0.9082784660636493,MI,[4 1 3 2 5],47.09999999999991,10,4091.6000000000167,0.0,False,4
32,0,3,[3 1 4 2 5],2572.000000000011,0.5046087875742629,0.49539121242573714,0.7534199796397376,MI,[4 1 3 2 5],47.09999999999991,10,4091.6000000000167,0.0,False,4
32,0,4,[3 1 4 2 5],2572.000000000011,0.5046087875742629,0.49539121242573714,0.5967906331836678,MI,[4 1 3 2 5],47.09999999999991,10,4091.6000000000167,0.0,False,4
33,0,0,[3 1 4 2 5],2572.000000000011,0.5046087875742629,0.49539121242573714,0.4244353553934661,SI,[3 1 4 5 2],65.59999999999997,10,2767.400000000016,0.0,False,4
33,0,1,[3 1 4 2 5],2572.000000000011,0.5046087875742629,0.49539121242573714,0.26666733170069146,SI,[3 1 4 5 2],65.59999999999997,10,2767.400000000016,0.0,False,4
33,0,2,[3 1 4 2 5],2572.000000000011,0.5046087875742629,0.49539121242573714,0.04743011949101428,SI,[3 1 4 5 2],65.59999999999997,10,2767.400000000016,0.0,False,4
33,0,3,[3 1 4 2 5],2572.000000000011,0.5046087875742629,0.49539121242573714,0.49333067092640925,SI,[1 3 4 2 5],112.69999999999999,10,3566.5000000000255,0.0,False,4
33,0,4,[3 1 4 2 5],2572.000000000011,0.5046087875742629,0.49539121242573714,0.4575830370362256,SI,[4 1 3 2 5],47.09999999999991,10,4091.6000000000167,0.0,False,4
34,0,0,[3 1 4 2 5],2572.000000000011,0.5046087875742629,0.49539121242573714,0.08673014580427274,SI,[4 1 3 2 5],47.09999999999991,10,4091.6000000000167,0.0,False,4
34,0,1,[3 1 4 2 5],2572.000000000011,0.5046087875742629,0.49539121242573714,0.703679802023876,MI,[4 1 3 2 5],47.09999999999991,10,4091.6000000000167,0.0,False,4
34,0,2,[3 1 4 2 5],2572.000000000011,0.5046087875742629,0.49539121242573714,0.2789311799862666,SI,[4 1 3 2 5],47.09999999999991,10,4091.6000000000167,0.0,False,4
34,0,3,[3 1 4 2 5],2572.000000000011,0.5046087875742629,0.49539121242573714,0.08284846795734524,SI,[4 1 3 2 5],47.09999999999991,10,4091.6000000000167,0.0,False,4
34,0,4,[3 1 4 2 5],2572.000000000011,0.5046087875742629,0.49539121242573714,0.1372575803924605,SI,[3 4 1 2 5],48.60000000000002,10,3351.000000000022,0.0,False,4
35,0,0,[3 1 4 2 5],2572.000000000011,0.5046087875742629,0.49539121242573714,0.9574705078205611,MI,[4 1 3 2 5],47.09999999999991,10,4091.6000000000167,0.0,False,4
35,0,1,[3 1 4 2 5],2572.000000000011,0.5046087875742629,0.49539121242573714,0.4298527048726838,SI,[1 3 4 2 5],112.69999999999999,10,3566.5000000000255,0.0,False,4
35,0,2,[3 1 4 2 5],2572.000000000011,0.5046087875742629,0.49539121242573714,0.4538576067431608,SI,[4 1 3 2 5],47.09999999999991,10,4091.6000000000167,0.0,False,4
35,0,3,[3 1 4 2 5],2572.000000000011,0.5046087875742629,0.49539121242573714,0.0667126489308203,SI,[1 3 4 2 5],112.69999999999999,10,3566.5000000000255,0.0,False,4
35,0,4,[3 1 4 2 5],2572.000000000011,0.5046087875742629,0.49539121242573714,0.0666272800774581,SI,[4 1 3 2 5],47.09999999999991,10,4091.6000000000167,0.0,False,4
36,0,0,[3 1 4 2 5],2572.000000000011,0.5046087875742629,0.49539121242573714,0.1936706772772253,SI,[4 1 3 2 5],47.09999999999991,10,4091.6000000000167,0.0,False,4
36,0,1,[3 1 4 2 5],2572.000000000011,0.5046087875742629,0.49539121242573714,0.5204776632905462,MI,[4 1 3 2 5],47.09999999999991,10,4091.6000000000167,0.0,False,4
36,0,2,[3 1 4 2 5],2572.000000000011,0.5046087875742629,0.49539121242573714,0.1286653966934852,SI,[3 4 1 2 5],48.60000000000002,10,3351.000000000022,0.0,False,4
36,0,3,[3 1 4 2 5],2572.000000000011,0.5046087875742629,0.49539121242573714,0.17999633935826453,SI,[3 4 1 2 5],48.60000000000002,10,3351.000000000022,0.0,False,4
36,0,4,[3 1 4 2 5],2572.000000000011,0.5046087875742629,0.49539121242573714,0.4099206948587375,SI,[4 1 3 2 5],47.09999999999991,10,4091.6000000000167,0.0,False,4
37,0,0,[3 1 4 2 5],2572.000000000011,0.5046087875742629,0.49539121242573714,0.8919657416083293,MI,[4 1 3 2 5],47.09999999999991,10,4091.6000000000167,0.0,False,4
37,0,1,[3 1 4 2 5],2572.000000000011,0.5046087875742629,0.49539121242573714,0.21966984360028985,SI,[4 1 3 2 5],47.09999999999991,10,4091.6000000000167,0.0,False,4
37,0,2,[3 1 4 2 5],2572.000000000011,0.5046087875742629,0.49539121242573714,0.06784283011074399,SI,[4 1 3 2 5],47.09999999999991,10,4091.6000000000167,0.0,False,4
37,0,3,[3 1 4 2 5],2572.000000000011,0.5046087875742629,0.49539121242573714,0.9814826893425387,MI,[4 1 3 2 5],47.09999999999991,10,4091.6000000000167,0.0,False,4
37,0,4,[3 1 4 2 5],2572.000000000011,0.5046087875742629,0.49539121242573714,0.10558339660742533,SI,[4 1 3 2 5],47.09999999999991,10,4091.6000000000167,0.0,False,4
38,0,0,[3 1 4 2 5],2572.000000000011,0.5046087875742629,0.49539121242573714,0.1936649005318597,SI,[3 4 1 2 5],48.60000000000002,10,3351.000000000022,0.0,False,4
38,0,1,[3 1 4 2 5],2572.000000000011,0.5046087875742629,0.49539121242573714,0.6234483826651309,MI,[4 1 3 2 5],47.09999999999991,10,4091.6000000000167,0.0,False,4
38,0,2,[3 1 4 2 5],2572.000000000011,0.5046087875742629,0.49539121242573714,0.35550033986891805,SI,[3 4 1 2 5],48.60000000000002,10,3351.000000000022,0.0,False,4
38,0,3,[3 1 4 2 5],2572.000000000011,0.5046087875742629,0.49539121242573714,0.9549168339485392,MI,[4 1 3 2 5],47.09999999999991,10,4091.6000000000167,0.0,False,4
38,0,4,[3 1 4 2 5],2572.000000000011,0.5046087875742629,0.49539121242573714,0.15092210904717362,SI,[3 1 4 5 2],65.59999999999997,10,2767.400000000016,0.0,False,4
39,0,0,[3 1 4 2 5],2572.000000000011,0.5046087875742629,0.49539121242573714,0.6852296445856472,MI,[4 1 3 2 5],47.09999999999991,10,4091.6000000000167,0.0,False,4
39,0,1,[3 1 4 2 5],2572.000000000011,0.5046087875742629,0.49539121242573714,0.5199712597434112,MI,[4 1 3 2 5],47.09999999999991,10,4091.6000000000167,0.0,False,4
39,0,2,[3 1 4 2 5],2572.000000000011,0.5046087875742629,0.49539121242573714,0.630687722030096,MI,[4 1 3 2 5],47.09999999999991,10,4091.6000000000167,0.0,False,4
39,0,3,[3 1 4 2 5],2572.000000000011,0.5046087875742629,0.49539121242573714,0.9216833907949934,MI,[4 1 3 2 5],47.09999999999991,10,4091.6000000000167,0.0,False,4
39,0,4,[3 1 4 2 5],2572.000000000011,0.5046087875742629,0.49539121242573714,0.9598226720289634,MI,[4 1 3 2 5],47.09999999999991,10,4091.6000000000167,0.0,False,4
40,0,0,[3 1 4 2 5],2572.000000000011,0.5046087875742629,0.49539121242573714,0.5760483948435099,MI,[2 4 1 3 5],173.70000000000005,10,4474.800000000007,0.0,False,4
40,0,1,[3 1 4 2 5],2572.000000000011,0.5046087875742629,0.49539121242573714,0.12533943728272923,SI,[5 2 4 1 3],115.9,10,4486.500000000022,0.0,False,4
40,0,2,[3 1 4 2 5],2572.000000000011,0.5046087875742629,0.49539121242573714,0.4939969471537181,SI,[4 1 3 2 5],47.09999999999991,10,4091.6000000000167,0.0,False,4
40,0,3,[3 1 4 2 5],2572.000000000011,0.5046087875742629,0.49539121242573714,0.7174865833690813,MI,[4 1 3 2 5],47.09999999999991,10,4091.6000000000167,0.0,False,4
40,0,4,[3 1 4 2 5],2572.000000000011,0.5046087875742629,0.49539121242573714,0.05271832375119456,SI,[5 2 4 1 3],115.9,10,4486.500000000022,0.0,False,4
41,0,0,[3 1 4 2 5],2572.000000000011,0.5046087875742629,0.49539121242573714,0.6998544398863991,MI,[4 1 3 2 5],47.09999999999991,10,4091.6000000000167,0.0,False,4
41,0,1,[3 1 4 2 5],2572.000000000011,0.5046087875742629,0.49539121242573714,0.4791161962505439,SI,[4 1 3 2 5],47.09999999999991,10,4091.6000000000167,0.0,False,4
41,0,2,[3 1 4 2 5],2572.000000000011,0.5046087875742629,0.49539121242573714,0.5756785156931968,MI,[4 1 3 2 5],47.09999999999991,10,4091.6000000000167,0.0,False,4
41,0,3,[3 1 4 2 5],2572.000000000011,0.5046087875742629,0.49539121242573714,0.718725172283751,MI,[4 1 3 2 5],47.09999999999991,10,4091.6000000000167,0.0,False,4
41,0,4,[3 1 4 2 5],2572.000000000011,0.5046087875742629,0.49539121242573714,0.7883072808409023,MI,[5 2 4 1 3],115.9,10,4486.500000000022,0.0,False,4
42,0,0,[3 1 4 2 5],2572.000000000011,0.5046087875742629,0.49539121242573714,0.278340162102626,SI,[4 1 3 2 5],47.09999999999991,10,4091.6000000000167,0.0,False,4
42,0,1,[3 1 4 2 5],2572.000000000011,0.5046087875742629,0.49539121242573714,0.10972030683825318,SI,[4 1 3 2 5],47.09999999999991,10,4091.6000000000167,0.0,False,4
42,0,2,[3 1 4 2 5],2572.000000000011,0.5046087875742629,0.49539121242573714,0.8576912498344275,MI,[4 1 3 2 5],47.09999999999991,10,4091.6000000000167,0.0,False,4
42,0,3,[3 1 4 2 5],2572.000000000011,0.5046087875742629,0.49539121242573714,0.5333926398792878,MI,[4 1 3 2 5],47.09999999999991,10,4091.6000000000167,0.0,False,4
42,0,4,[3 1 4 2 5],2572.000000000011,0.5046087875742629,0.49539121242573714,0.3792810536933121,SI,[4 1 3 2 5],47.09999999999991,10,4091.6000000000167,0.0,False,4
43,0,0,[3 1 4 2 5],2572.000000000011,0.5046087875742629,0.49539121242573714,0.684391745781132,MI,[4 1 3 2 5],47.09999999999991,10,4091.6000000000167,0.0,False,4
43,0,1,[3 1 4 2 5],2572.000000000011,0.5046087875742629,0.49539121242573714,0.9489111444923959,MI,[4 1 3 2 5],47.09999999999991,10,4091.6000000000167,0.0,False,4
43,0,2,[3 1 4 2 5],2572.000000000011,0.5046087875742629,0.49539121242573714,0.3789703004903644,SI,[3 1 4 5 2],65.59999999999997,10,2767.400000000016,0.0,False,4
43,0,3,[3 1 4 2 5],2572.000000000011,0.5046087875742629,0.49539121242573714,0.521403689205124,MI,[4 1 3 2 5],47.09999999999991,10,4091.6000000000167,0.0,False,4
43,0,4,[3 1 4 2 5],2572.000000000011,0.5046087875742629,0.49539121242573714,0.2907388681391744,SI,[3 4 1 2 5],48.60000000000002,10,3351.000000000022,0.0,False,4
44,0,0,[3 1 4 2 5],2572.000000000011,0.5046087875742629,0.49539121242573714,0.250081372188359,SI,[4 1 3 2 5],47.09999999999991,10,4091.6000000000167,0.0,False,4
44,0,1,[3 1 4 2 5],2572.000000000011,0.5046087875742629,0.49539121242573714,0.6309957681005055,MI,[4 1 3 2 5],47.09999999999991,10,4091.6000000000167,0.0,False,4
44,0,2,[3 1 4 2 5],2572.000000000011,0.5046087875742629,0.49539121242573714,0.8532103312953084,MI,[4 1 3 2 5],47.09999999999991,10,4091.6000000000167,0.0,False,4
44,0,3,[3 1 4 2 5],2572.000000000011,0.5046087875742629,0.49539121242573714,0.035684887473847904,SI,[3 4 1 2 5],48.60000000000002,10,3351.000000000022,0.0,False,4
44,0,4,[3 1 4 2 5],2572.000000000011,0.5046087875742629,0.49539121242573714,0.03552475974491709,SI,[1 3 4 2 5],112.69999999999999,10,3566.5000000000255,0.0,False,4
45,0,0,[3 1 4 2 5],2572.000000000011,0.5046087875742629,0.49539121242573714,0.3800735683557076,SI,[4 1 3 2 5],47.09999999999991,10,4091.6000000000167,0.0,False,4
45,0,1,[3 1 4 2 5],2572.000000000011,0.5046087875742629,0.49539121242573714,0.24502159048255456,SI,[3 1 4 5 2],65.59999999999997,10,2767.400000000016,0.0,False,4
45,0,2,[3 1 4 2 5],2572.000000000011,0.5046087875742629,0.49539121242573714,0.4028934387259909,SI,[4 1 3 2 5],47.09999999999991,10,4091.6000000000167,0.0,False,4
45,0,3,[3 1 4 2 5],2572.000000000011,0.5046087875742629,0.49539121242573714,0.7291742097846972,MI,[4 1 3 2 5],47.09999999999991,10,4091.6000000000167,0.0,False,4
45,0,4,[3 1 4 2 5],2572.000000000011,0.5046087875742629,0.49539121242573714,0.24212991716851728,SI,[3 4 1 2 5],48.60000000000002,10,3351.000000000022,0.0,False,4
46,0,0,[3 1 4 2 5],2572.000000000011,0.5046087875742629,0.49539121242573714,0.37609163413068825,SI,[4 1 3 2 5],47.09999999999991,10,4091.6000000000167,0.0,False,4
46,0,1,[3 1 4 2 5],2572.000000000011,0.5046087875742629,0.49539121242573714,0.9821747416994188,MI,[4 1 3 2 5],47.09999999999991,10,4091.6000000000167,0.0,False,4
46,0,2,[3 1 4 2 5],2572.000000000011,0.5046087875742629,0.49539121242573714,0.23264343722331593,SI,[1 3 4 2 5],112.69999999999999,10,3566.5000000000255,0.0,False,4
46,0,3,[3 1 4 2 5],2572.000000000011,0.5046087875742629,0.49539121242573714,0.10200840978085879,SI,[3 4 1 2 5],48.60000000000002,10,3351.000000000022,0.0,False,4
46,0,4,[3 1 4 2 5],2572.000000000011,0.5046087875742629,0.49539121242573714,0.7006162436717516,MI,[4 1 3 2 5],47.09999999999991,10,4091.6000000000167,0.0,False,4
47,0,0,[3 1 4 2 5],2572.000000000011,0.5046087875742629,0.49539121242573714,0.5009361713330458,SI,[3 4 1 2 5],48.60000000000002,10,3351.000000000022,0.0,False,4
47,0,1,[3 1 4 2 5],2572.000000000011,0.5046087875742629,0.49539121242573714,0.4756739280458603,SI,[4 1 3 2 5],47.09999999999991,10,4091.6000000000167,0.0,False,4
47,0,2,[3 1 4 2 5],2572.000000000011,0.5046087875742629,0.49539121242573714,0.28349181542458357,SI,[4 1 3 2 5],47.09999999999991,10,4091.6000000000167,0.0,False,4
47,0,3,[3 1 4 2 5],2572.000000000011,0.5046087875742629,0.49539121242573714,0.5058953676721027,MI,[4 1 3 2 5],47.09999999999991,10,4091.6000000000167,0.0,False,4
47,0,4,[3 1 4 2 5],2572.000000000011,0.5046087875742629,0.49539121242573714,0.4754548004349983,SI,[4 1 3 2 5],47.09999999999991,10,4091.6000000000167,0.0,False,4
48,0,0,[3 1 4 2 5],2572.000000000011,0.5046087875742629,0.49539121242573714,0.9485597980973427,MI,[4 1 3 2 5],47.09999999999991,10,4091.6000000000167,0.0,False,4
48,0,1,[3 1 4 2 5],2572.000000000011,0.5046087875742629,0.49539121242573714,0.41628595509525834,SI,[3 4 1 2 5],48.60000000000002,10,3351.000000000022,0.0,False,4
48,0,2,[3 1 4 2 5],2572.000000000011,0.5046087875742629,0.49539121242573714,0.889114781695784,MI,[4 1 3 2 5],47.09999999999991,10,4091.6000000000167,0.0,False,4
48,0,3,[3 1 4 2 5],2572.000000000011,0.5046087875742629,0.49539121242573714,0.05101902073531195,SI,[1 3 4 2 5],112.69999999999999,10,3566.5000000000255,0.0,False,4
48,0,4,[3 1 4 2 5],2572.000000000011,0.5046087875742629,0.49539121242573714,0.5498040339862521,MI,[4 1 3 2 5],47.09999999999991,10,4091.6000000000167,0.0,False,4
49,0,0,[3 1 4 2 5],2572.000000000011,0.5046087875742629,0.49539121242573714,0.9469424636207344,MI,[4 1 3 2 5],47.09999999999991,10,4091.6000000000167,0.0,False,4
49,0,1,[3 1 4 2 5],2572.000000000011,0.5046087875742629,0.49539121242573714,0.49728338079886203,SI,[3 1 4 5 2],65.59999999999997,10,2767.400000000016,0.0,False,4
49,0,2,[3 1 4 2 5],2572.000000000011,0.5046087875742629,0.49539121242573714,0.49632286174791906,SI,[5 2 4 1 3],115.9,10,4486.500000000022,0.0,False,4
49,0,3,[3 1 4 2 5],2572.000000000011,0.5046087875742629,0.49539121242573714,0.18646638269253002,SI,[3 4 1 2 5],48.60000000000002,10,3351.000000000022,0.0,False,4
49,0,4,[3 1 4 2 5],2572.000000000011,0.5046087875742629,0.49539121242573714,0.20146234670853935,SI,[4 1 3 2 5],47.09999999999991,10,4091.6000000000167,0.0,False,4
50,0,0,[3 1 4 2 5],2572.000000000011,0.5046087875742629,0.49539121242573714,0.5154782057877016,MI,[4 1 3 2 5],47.09999999999991,10,4091.6000000000167,0.0,False,4
50,0,1,[3 1 4 2 5],2572.000000000011,0.5046087875742629,0.49539121242573714,0.7183208864025682,MI,[4 1 3 2 5],47.09999999999991,10,4091.6000000000167,0.0,False,4
50,0,2,[3 1 4 2 5],2572.000000000011,0.5046087875742629,0.49539121242573714,0.4041147441220231,SI,[3 4 1 2 5],48.60000000000002,10,3351.000000000022,0.0,False,4
50,0,3,[3 1 4 2 5],2572.000000000011,0.5046087875742629,0.49539121242573714,0.526587213916631,MI,[4 1 3 2 5],47.09999999999991,10,4091.6000000000167,0.0,False,4
50,0,4,[3 1 4 2 5],2572.000000000011,0.5046087875742629,0.49539121242573714,0.4866685324740315,SI,[4 1 3 2 5],47.09999999999991,10,4091.6000000000167,0.0,False,4
51,0,0,[3 1 4 2 5],2572.000000000011,0.5046087875742629,0.49539121242573714,0.7014741688407767,MI,[4 1 3 2 5],47.09999999999991,10,4091.6000000000167,0.0,False,4
51,0,1,[3 1 4 2 5],2572.000000000011,0.5046087875742629,0.49539121242573714,0.15252378457695037,SI,[3 1 4 5 2],65.59999999999997,10,2767.400000000016,0.0,False,4
51,0,2,[3 1 4 2 5],2572.000000000011,0.5046087875742629,0.49539121242573714,0.5810812794547956,MI,[4 1 3 2 5],47.09999999999991,10,4091.6000000000167,0.0,False,4
51,0,3,[3 1 4 2 5],2572.000000000011,0.5046087875742629,0.49539121242573714,0.14612957323632814,SI,[3 4 1 2 5],48.60000000000002,10,3351.000000000022,0.0,False,4
51,0,4,[3 1 4 2 5],2572.000000000011,0.5046087875742629,0.49539121242573714,0.0006502546881007598,SI,[4 1 3 2 5],47.09999999999991,10,4091.6000000000167,0.0,False,4
52,0,0,[3 1 4 2 5],2572.000000000011,0.5046087875742629,0.49539121242573714,0.788837704201722,MI,[4 1 3 2 5],47.09999999999991,10,4091.6000000000167,0.0,False,4
52,0,1,[3 1 4 2 5],2572.000000000011,0.5046087875742629,0.49539121242573714,0.1350046508221684,SI,[3 1 4 5 2],65.59999999999997,10,2767.400000000016,0.0,False,4
52,0,2,[3 1 4 2 5],2572.000000000011,0.5046087875742629,0.49539121242573714,0.5130497459232587,MI,[4 1 3 2 5],47.09999999999991,10,4091.6000000000167,0.0,False,4
52,0,3,[3 1 4 2 5],2572.000000000011,0.5046087875742629,0.49539121242573714,0.5685909492173133,MI,[4 1 3 2 5],47.09999999999991,10,4091.6000000000167,0.0,False,4
52,0,4,[3 1 4 2 5],2572.000000000011,0.5046087875742629,0.49539121242573714,0.5146850146916184,MI,[4 1 3 2 5],47.09999999999991,10,4091.6000000000167,0.0,False,4
0,14,0,[2 3 1 4 5],1394.0000000000218,0.5,0.5,0.4942061215515232,SI,[3 2 1 4 5],-0.4000000000000057,10,1414.8000000000065,0.0,False,5
0,14,1,[2 3 1 4 5],1394.0000000000218,0.5,0.5,0.4135117050229413,SI,[2 1 3 4 5],-27.599999999999994,10,1342.799999999981,0.03672883787664272,True,5
0,14,2,[2 1 3 4 5],1342.799999999981,0.5,0.5,0.08789577401961157,SI,[5 4 3 1 2],9.099999999999994,10,2656.499999999949,0.0,False,5
0,14,3,[2 1 3 4 5],1342.799999999981,0.5,0.5,0.7782705666818929,MI,[5 4 3 1 2],9.099999999999994,10,2656.499999999949,0.0,False,5
0,14,4,[2 1 3 4 5],1342.799999999981,0.5,0.5,0.7169086540445065,MI,[3 1 2 4 5],11.5,10,1423.5,0.0,False,5
1,0,0,[2 1 3 4 5],1342.799999999981,0.5018297215392546,0.49817027846074535,0.216608160514147,SI,[5 4 3 1 2],9.099999999999994,10,2656.499999999949,0.0,False,5
1,0,1,[2 1 3 4 5],1342.799999999981,0.5018297215392546,0.49817027846074535,0.5487910662619552,MI,[5 4 3 1 2],9.099999999999994,10,2656.499999999949,0.0,False,5
1,0,2,[2 1 3 4 5],1342.799999999981,0.5018297215392546,0.49817027846074535,0.24807101735786508,SI,[2 1 3 5 4],13.300000000000011,10,1465.299999999992,0.0,False,5
1,0,3,[2 1 3 4 5],1342.799999999981,0.5018297215392546,0.49817027846074535,0.8761131313045418,MI,[5 4 3 1 2],9.099999999999994,10,2656.499999999949,0.0,False,5
1,0,4,[2 1 3 4 5],1342.799999999981,0.5018297215392546,0.49817027846074535,0.6217893685529128,MI,[5 4 3 1 2],9.099999999999994,10,2656.499999999949,0.0,False,5
2,0,0,[2 1 3 4 5],1342.799999999981,0.5018297215392546,0.49817027846074535,0.3979269399704304,SI,[5 4 3 1 2],9.099999999999994,10,2656.499999999949,0.0,False,5
2,0,1,[2 1 3 4 5],1342.799999999981,0.5018297215392546,0.49817027846074535,0.7429729473229975,MI,[5 4 3 1 2],9.099999999999994,10,2656.499999999949,0.0,False,5
2,0,2,[2 1 3 4 5],1342.799999999981,0.5018297215392546,0.49817027846074535,0.35506170802189274,SI,[5 4 3 1 2],9.099999999999994,10,2656.499999999949,0.0,False,5
2,0,3,[2 1 3 4 5],1342.799999999981,0.5018297215392546,0.49817027846074535,0.08743673452292589,SI,[5 4 3 1 2],9.099999999999994,10,2656.499999999949,0.0,False,5
2,0,4,[2 1 3 4 5],1342.799999999981,0.5018297215392546,0.49817027846074535,0.9589759806896971,MI,[5 4 3 1 2],9.099999999999994,10,2656.499999999949,0.0,False,5
3,0,0,[2 1 3 4 5],1342.799999999981,0.5018297215392546,0.49817027846074535,0.06216830182031774,SI,[2 3 1 4 5],27.599999999999994,10,1394.0000000000218,0.0,False,5
3,0,1,[2 1 3 4 5],1342.799999999981,0.5018297215392546,0.49817027846074535,0.582020630624225,MI,[3 1 2 4 5],11.5,10,1423.5,0.0,False,5
3,0,2,[2 1 3 4 5],1342.799999999981,0.5018297215392546,0.49817027846074535,0.7703722426357078,MI,[3 1 2 4 5],11.5,10,1423.5,0.0,False,5
3,0,3,[2 1 3 4 5],1342.799999999981,0.5018297215392546,0.49817027846074535,0.3595293078996735,SI,[2 1 3 5 4],13.300000000000011,10,1465.299999999992,0.0,False,5
3,0,4,[2 1 3 4 5],1342.799999999981,0.5018297215392546,0.49817027846074535,0.8404560287902046,MI,[3 1 2 4 5],11.5,10,1423.5,0.0,False,5
4,0,0,[2 1 3 4 5],1342.799999999981,0.5018297215392546,0.49817027846074535,0.8956972139890521,MI,[5 4 3 1 2],9.099999999999994,10,2656.499999999949,0.0,False,5
4,0,1,[2 1 3 4 5],1342.799999999981,0.5018297215392546,0.49817027846074535,0.1943066259008892,SI,[2 1 3 5 4],13.300000000000011,10,1465.299999999992,0.0,False,5
4,0,2,[2 1 3 4 5],1342.799999999981,0.5018297215392546,0.49817027846074535,0.31570461677771333,SI,[3 1 2 4 5],11.5,10,1423.5,0.0,False,5
4,0,3,[2 1 3 4 5],1342.799999999981,0.5018297215392546,0.49817027846074535,0.7026717803319356,MI,[5 4 3 1 2],9.099999999999994,10,2656.499999999949,0.0,False,5
4,0,4,[2 1 3 4 5],1342.799999999981,0.5018297215392546,0.49817027846074535,0.49114293293514566,SI,[5 4 3 1 2],9.099999999999994,10,2656.499999999949,0.0,False,5
5,0,0,[2 1 3 4 5],1342.799999999981,0.5018297215392546,0.49817027846074535,0.9464008221448499,MI,[5 4 3 1 2],9.099999999999994,10,2656.499999999949,0.0,False,5
5,0,1,[2 1 3 4 5],1342.799999999981,0.5018297215392546,0.49817027846074535,0.4997081039806287,SI,[5 4 3 1 2],9.099999999999994,10,2656.499999999949,0.0,False,5
5,0,2,[2 1 3 4 5],1342.799999999981,0.5018297215392546,0.49817027846074535,0.33687484478708485,SI,[2 3 1 4 5],27.599999999999994,10,1394.0000000000218,0.0,False,5
5,0,3,[2 1 3 4 5],1342.799999999981,0.5018297215392546,0.49817027846074535,0.26472300122310055,SI,[3 1 2 4 5],11.5,10,1423.5,0.0,False,5
5,0,4,[2 1 3 4 5],1342.799999999981,0.5018297215392546,0.49817027846074535,0.7813161107146034,MI,[3 1 2 4 5],11.5,10,1423.5,0.0,False,5
6,0,0,[2 1 3 4 5],1342.799999999981,0.5018297215392546,0.49817027846074535,0.3740401072399899,SI,[3 1 2 4 5],11.5,10,1423.5,0.0,False,5
6,0,1,[2 1 3 4 5],1342.799999999981,0.5018297215392546,0.49817027846074535,0.503104387794554,MI,[5 4 3 1 2],9.099999999999994,10,2656.499999999949,0.0,False,5
6,0,2,[2 1 3 4 5],1342.799999999981,0.5018297215392546,0.49817027846074535,0.7629310323520057,MI,[5 4 3 1 2],9.099999999999994,10,2656.499999999949,0.0,False,5
6,0,3,[2 1 3 4 5],1342.799999999981,0.5018297215392546,0.49817027846074535,0.44388030584452665,SI,[3 1 2 4 5],11.5,10,1423.5,0.0,False,5
6,0,4,[2 1 3 4 5],1342.799999999981,0.5018297215392546,0.49817027846074535,0.5949207801387959,MI,[2 1 5 4 3],96.29999999999998,10,2015.8999999999796,0.0,False,5
7,0,0,[2 1 3 4 5],1342.799999999981,0.5018297215392546,0.49817027846074535,0.5002598626763437,SI,[5 4 3 1 2],9.099999999999994,10,2656.499999999949,0.0,False,5
7,0,1,[2 1 3 4 5],1342.799999999981,0.5018297215392546,0.49817027846074535,0.7111622182496524,MI,[3 1 2 4 5],11.5,10,1423.5,0.0,False,5
7,0,2,[2 1 3 4 5],1342.799999999981,0.5018297215392546,0.49817027846074535,0.054830700453630365,SI,[5 4 3 1 2],9.099999999999994,10,2656.499999999949,0.0,False,5
7,0,3,[2 1 3 4 5],1342.799999999981,0.5018297215392546,0.49817027846074535,0.27522489514903625,SI,[5 4 3 1 2],9.099999999999994,10,2656.499999999949,0.0,False,5
7,0,4,[2 1 3 4 5],1342.799999999981,0.5018297215392546,0.49817027846074535,0.08880146522269028,SI,[2 1 3 5 4],13.300000000000011,10,1465.299999999992,0.0,False,5
8,0,0,[2 1 3 4 5],1342.799999999981,0.5018297215392546,0.49817027846074535,0.6306171625752504,MI,[5 4 3 1 2],9.099999999999994,10,2656.499999999949,0.0,False,5
8,0,1,[2 1 3 4 5],1342.799999999981,0.5018297215392546,0.49817027846074535,0.7187079377838665,MI,[2 1 5 4 3],96.29999999999998,10,2015.8999999999796,0.0,False,5
8,0,2,[2 1 3 4 5],1342.799999999981,0.5018297215392546,0.49817027846074535,0.8055878979670836,MI,[3 1 2 4 5],11.5,10,1423.5,0.0,False,5
8,0,3,[2 1 3 4 5],1342.799999999981,0.5018297215392546,0.49817027846074535,0.7160096633274382,MI,[5 4 3 1 2],9.099999999999994,10,2656.499999999949,0.0,False,5
8,0,4,[2 1 3 4 5],1342.799999999981,0.5018297215392546,0.49817027846074535,0.6406152497906843,MI,[5 4 3 1 2],9.099999999999994,10,2656.499999999949,0.0,False,5
9,0,0,[2 1 3 4 5],1342.799999999981,0.5018297215392546,0.49817027846074535,0.35021145327036496,SI,[5 4 3 1 2],9.099999999999994,10,2656.499999999949,0.0,False,5
9,0,1,[2 1 3 4 5],1342.799999999981,0.5018297215392546,0.49817027846074535,0.6575950470155579,MI,[5 4 3 1 2],9.099999999999994,10,2656.499999999949,0.0,False,5
9,0,2,[2 1 3 4 5],1342.799999999981,0.5018297215392546,0.49817027846074535,0.14603553315393958,SI,[5 4 3 1 2],9.099999999999994,10,2656.499999999949,0.0,False,5
9,0,3,[2 1 3 4 5],1342.799999999981,0.5018297215392546,0.49817027846074535,0.4901278865036359,SI,[5 4 3 1 2],9.099999999999994,10,2656.499999999949,0.0,False,5
9,0,4,[2 1 3 4 5],1342.799999999981,0.5018297215392546,0.49817027846074535,0.38984824307707,SI,[5 4 3 1 2],9.099999999999994,10,2656.499999999949,0.0,False,5
10,0,0,[2 1 3 4 5],1342.799999999981,0.5018297215392546,0.49817027846074535,0.6923410327232414,MI,[3 1 2 4 5],11.5,10,1423.5,0.0,False,5
10,0,1,[2 1 3 4 5],1342.799999999981,0.5018297215392546,0.49817027846074535,0.5108762059451342,MI,[5 4 3 1 2],9.099999999999994,10,2656.499999999949,0.0,False,5
10,0,2,[2 1 3 4 5],1342.799999999981,0.5018297215392546,0.49817027846074535,0.9919261848832077,MI,[3 1 2 4 5],11.5,10,1423.5,0.0,False,5
10,0,3,[2 1 3 4 5],1342.799999999981,0.5018297215392546,0.49817027846074535,0.9948722619070267,MI,[2 1 5 4 3],96.29999999999998,10,2015.8999999999796,0.0,False,5
10,0,4,[2 1 3 4 5],1342.799999999981,0.5018297215392546,0.49817027846074535,0.358093321630251,SI,[5 4 3 1 2],9.099999999999994,10,2656.499999999949,0.0,False,5
11,0,0,[2 1 3 4 5],1342.799999999981,0.5018297215392546,0.49817027846074535,0.03508139085139994,SI,[5 4 3 1 2],9.099999999999994,10,2656.499999999949,0.0,False,5
11,0,1,[2 1 3 4 5],1342.799999999981,0.5018297215392546,0.49817027846074535,0.9794634557077988,MI,[5 4 3 1 2],9.099999999999994,10,2656.499999999949,0.0,False,5
11,0,2,[2 1 3 4 5],1342.799999999981,0.5018297215392546,0.49817027846074535,0.13606910597840538,SI,[5 4 3 1 2],9.099999999999994,10,2656.499999999949,0.0,False,5
11,0,3,[2 1 3 4 5],1342.799999999981,0.5018297215392546,0.49817027846074535,0.3335215215086985,SI,[2 1 3 5 4],13.300000000000011,10,1465.299999999992,0.0,False,5
11,0,4,[2 1 3 4 5],1342.799999999981,0.5018297215392546,0.49817027846074535,0.47359064692735575,SI,[5 4 3 1 2],9.099999999999994,10,2656.499999999949,0.0,False,5
12,0,0,[2 1 3 4 5],1342.799999999981,0.5018297215392546,0.49817027846074535,0.586483278176973,MI,[5 4 3 1 2],9.099999999999994,10,2656.499999999949,0.0,False,5
12,0,1,[2 1 3 4 5],1342.799999999981,0.5018297215392546,0.49817027846074535,0.2927234365283008,SI,[5 4 3 1 2],9.099999999999994,10,2656.499999999949,0.0,False,5
12,0,2,[2 1 3 4 5],1342.799999999981,0.5018297215392546,0.49817027846074535,0.8074016564261087,MI,[5 4 3 1 2],9.099999999999994,10,2656.499999999949,0.0,False,5
12,0,3,[2 1 3 4 5],1342.799999999981,0.5018297215392546,0.49817027846074535,0.014420169233290925,SI,[5 4 3 1 2],9.099999999999994,10,2656.499999999949,0.0,False,5
12,0,4,[2 1 3 4 5],1342.799999999981,0.5018297215392546,0.49817027846074535,0.9571731980996113,MI,[5 4 3 1 2],9.099999999999994,10,2656.499999999949,0.0,False,5
13,0,0,[2 1 3 4 5],1342.799999999981,0.5018297215392546,0.49817027846074535,0.17264109064917754,SI,[5 4 3 1 2],9.099999999999994,10,2656.499999999949,0.0,False,5
13,0,1,[2 1 3 4 5],1342.799999999981,0.5018297215392546,0.49817027846074535,0.8232006928443559,MI,[3 1 2 4 5],11.5,10,1423.5,0.0,False,5
13,0,2,[2 1 3 4 5],1342.799999999981,0.5018297215392546,0.49817027846074535,0.41812251229671593,SI,[3 1 2 4 5],11.5,10,1423.5,0.0,False,5
13,0,3,[2 1 3 4 5],1342.799999999981,0.5018297215392546,0.49817027846074535,0.48497305494123133,SI,[5 4 3 1 2],9.099999999999994,10,2656.499999999949,0.0,False,5
13,0,4,[2 1 3 4 5],1342.799999999981,0.5018297215392546,0.49817027846074535,0.7161446338746574,MI,[5 4 3 1 2],9.099999999999994,10,2656.499999999949,0.0,False,5
14,0,0,[2 1 3 4 5],1342.799999999981,0.5018297215392546,0.49817027846074535,0.6221966970570805,MI,[5 4 3 1 2],9.099999999999994,10,2656.499999999949,0.0,False,5
14,0,1,[2 1 3 4 5],1342.799999999981,0.5018297215392546,0.49817027846074535,0.050689901627647305,SI,[5 4 3 1 2],9.099999999999994,10,2656.499999999949,0.0,False,5
14,0,2,[2 1 3 4 5],1342.799999999981,0.5018297215392546,0.49817027846074535,0.6510920634769984,MI,[5 4 3 1 2],9.099999999999994,10,2656.499999999949,0.0,False,5
14,0,3,[2 1 3 4 5],1342.799999999981,0.5018297215392546,0.49817027846074535,0.3607300877290377,SI,[5 4 3 1 2],9.099999999999994,10,2656.499999999949,0.0,False,5
14,0,4,[2 1 3 4 5],1342.799999999981,0.5018297215392546,0.49817027846074535,0.2705934779540703,SI,[3 1 2 4 5],11.5,10,1423.5,0.0,False,5
15,0,0,[2 1 3 4 5],1342.799999999981,0.5018297215392546,0.49817027846074535,0.2619217377215063,SI,[2 1 5 4 3],96.29999999999998,10,2015.8999999999796,0.0,False,5
15,0,1,[2 1 3 4 5],1342.799999999981,0.5018297215392546,0.49817027846074535,0.2649250229794534,SI,[2 1 3 5 4],13.300000000000011,10,1465.299999999992,0.0,False,5
15,0,2,[2 1 3 4 5],1342.799999999981,0.5018297215392546,0.49817027846074535,0.5566158833738989,MI,[3 1 2 4 5],11.5,10,1423.5,0.0,False,5
15,0,3,[2 1 3 4 5],1342.799999999981,0.5018297215392546,0.49817027846074535,0.5950481128466691,MI,[3 1 2 4 5],11.5,10,1423.5,0.0,False,5
15,0,4,[2 1 3 4 5],1342.799999999981,0.5018297215392546,0.49817027846074535,0.13051557491448051,SI,[5 4 3 1 2],9.099999999999994,10,2656.499999999949,0.0,False,5
16,0,0,[2 1 3 4 5],1342.799999999981,0.5018297215392546,0.49817027846074535,0.9808377464443753,MI,[5 4 3 1 2],9.099999999999994,10,2656.499999999949,0.0,False,5
16,0,1,[2 1 3 4 5],1342.799999999981,0.5018297215392546,0.49817027846074535,0.6514402115050296,MI,[3 1 2 4 5],11.5,10,1423.5,0.0,False,5
16,0,2,[2 1 3 4 5],1342.799999999981,0.5018297215392546,0.49817027846074535,0.21174053255736813,SI,[5 4 3 1 2],9.099999999999994,10,2656.499999999949,0.0,False,5
16,0,3,[2 1 3 4 5],1342.799999999981,0.5018297215392546,0.49817027846074535,0.8844920334036074,MI,[5 4 3 1 2],9.099999999999994,10,2656.499999999949,0.0,False,5
16,0,4,[2 1 3 4 5],1342.799999999981,0.5018297215392546,0.49817027846074535,0.3811339206877714,SI,[5 4 3 1 2],9.099999999999994,10,2656.499999999949,0.0,False,5
17,0,0,[2 1 3 4 5],1342.799999999981,0.5018297215392546,0.49817027846074535,0.08813261554558349,SI,[2 1 3 5 4],13.300000000000011,10,1465.299999999992,0.0,False,5
17,0,1,[2 1 3 4 5],1342.799999999981,0.5018297215392546,0.49817027846074535,0.5464900207532166,MI,[5 4 3 1 2],9.099999999999994,10,2656.499999999949,0.0,False,5
17,0,2,[2 1 3 4 5],1342.799999999981,0.5018297215392546,0.49817027846074535,0.3527035246365854,SI,[5 4 3 1 2],9.099999999999994,10,2656.499999999949,0.0,False,5
17,0,3,[2 1 3 4 5],1342.799999999981,0.5018297215392546,0.49817027846074535,0.7494512539172754,MI,[3 1 2 4 5],11.5,10,1423.5,0.0,False,5
17,0,4,[2 1 3 4 5],1342.799999999981,0.5018297215392546,0.49817027846074535,0.9541336829056488,MI,[5 4 3 1 2],9.099999999999994,10,2656.499999999949,0.0,False,5
18,0,0,[2 1 3 4 5],1342.799999999981,0.5018297215392546,0.49817027846074535,0.42387623200724267,SI,[1 2 3 4 5],32.0,10,1371.8999999999287,0.0,False,5
18,0,1,[2 1 3 4 5],1342.799999999981,0.5018297215392546,0.49817027846074535,0.29739163728585605,SI,[5 4 3 1 2],9.099999999999994,10,2656.499999999949,0.0,False,5
18,0,2,[2 1 3 4 5],1342.799999999981,0.5018297215392546,0.49817027846074535,0.5291130750239045,MI,[5 4 3 1 2],9.099999999999994,10,2656.499999999949,0.0,False,5
18,0,3,[2 1 3 4 5],1342.799999999981,0.5018297215392546,0.49817027846074535,0.5996808406678164,MI,[5 4 3 1 2],9.099999999999994,10,2656.499999999949,0.0,False,5
18,0,4,[2 1 3 4 5],1342.799999999981,0.5018297215392546,0.49817027846074535,0.26896944278466484,SI,[5 4 3 1 2],9.099999999999994,10,2656.499999999949,0.0,False,5
19,0,0,[2 1 3 4 5],1342.799999999981,0.5018297215392546,0.49817027846074535,0.804721490645885,MI,[5 4 3 1 2],9.099999999999994,10,2656.499999999949,0.0,False,5
19,0,1,[2 1 3 4 5],1342.799999999981,0.5018297215392546,0.49817027846074535,0.10485789122385414,SI,[5 4 3 1 2],9.099999999999994,10,2656.499999999949,0.0,False,5
19,0,2,[2 1 3 4 5],1342.799999999981,0.5018297215392546,0.49817027846074535,0.25607203141644286,SI,[5 4 3 1 2],9.099999999999994,10,2656.499999999949,0.0,False,5
19,0,3,[2 1 3 4 5],1342.799999999981,0.5018297215392546,0.49817027846074535,0.35515159568551635,SI,[5 4 3 1 2],9.099999999999994,10,2656.499999999949,0.0,False,5
19,0,4,[2 1 3 4 5],1342.799999999981,0.5018297215392546,0.49817027846074535,0.28442651537716235,SI,[3 1 2 4 5],11.5,10,1423.5,0.0,False,5
20,0,0,[2 1 3 4 5],1342.799999999981,0.5018297215392546,0.49817027846074535,0.5396456142697842,MI,[5 4 3 1 2],9.099999999999994,10,2656.499999999949,0.0,False,5
20,0,1,[2 1 3 4 5],1342.799999999981,0.5018297215392546,0.49817027846074535,0.3026949088985563,SI,[5 4 3 1 2],9.099999999999994,10,2656.499999999949,0.0,False,5
20,0,2,[2 1 3 4 5],1342.799999999981,0.5018297215392546,0.49817027846074535,0.5333082628639428,MI,[5 4 3 1 2],9.099999999999994,10,2656.499999999949,0.0,False,5
20,0,3,[2 1 3 4 5],1342.799999999981,0.5018297215392546,0.49817027846074535,0.5353321750258951,MI,[3 1 2 4 5],11.5,10,1423.5,0.0,False,5
20,0,4,[2 1 3 4 5],1342.799999999981,0.5018297215392546,0.49817027846074535,0.5510866396500416,MI,[3 1 2 4 5],11.5,10,1423.5,0.0,False,5
21,0,0,[2 1 3 4 5],1342.799999999981,0.5018297215392546,0.49817027846074535,0.5328031884183921,MI,[5 4 3 1 2],9.099999999999994,10,2656.499999999949,0.0,False,5
21,0,1,[2 1 3 4 5],1342.799999999981,0.5018297215392546,0.49817027846074535,0.6386836666308592,MI,[3 1 2 4 5],11.5,10,1423.5,0.0,False,5
21,0,2,[2 1 3 4 5],1342.799999999981,0.5018297215392546,0.49817027846074535,0.8405347682463967,MI,[5 4 3 1 2],9.099999999999994,10,2656.499999999949,0.0,False,5
21,0,3,[2 1 3 4 5],1342.799999999981,0.5018297215392546,0.49817027846074535,0.8818746941230117,MI,[5 4 3 1 2],9.099999999999994,10,2656.499999999949,0.0,False,5
21,0,4,[2 1 3 4 5],1342.799999999981,0.5018297215392546,0.49817027846074535,0.799479401985969,MI,[5 4 3 1 2],9.099999999999994,10,2656.499999999949,0.0,False,5
22,0,0,[2 1 3 4 5],1342.799999999981,0.5018297215392546,0.49817027846074535,0.24284103565466997,SI,[3 1 2 4 5],11.5,10,1423.5,0.0,False,5
22,0,1,[2 1 3 4 5],1342.799999999981,0.5018297215392546,0.49817027846074535,0.38546999176448793,SI,[5 4 3 1 2],9.099999999999994,10,2656.499999999949,0.0,False,5
22,0,2,[2 1 3 4 5],1342.799999999981,0.5018297215392546,0.49817027846074535,0.36346262572982735,SI,[5 4 3 1 2],9.099999999999994,10,2656.499999999949,0.0,False,5
22,0,3,[2 1 3 4 5],1342.799999999981,0.5018297215392546,0.49817027846074535,0.03075772304139235,SI,[5 4 3 1 2],9.099999999999994,10,2656.499999999949,0.0,False,5
22,0,4,[2 1 3 4 5],1342.799999999981,0.5018297215392546,0.49817027846074535,0.2547786520776566,SI,[2 3 1 4 5],27.599999999999994,10,1394.0000000000218,0.0,False,5
23,0,0,[2 1 3 4 5],1342.799999999981,0.5018297215392546,0.49817027846074535,0.7967169239678552,MI,[3 1 2 4 5],11.5,10,1423.5,0.0,False,5
23,0,1,[2 1 3 4 5],1342.799999999981,0.5018297215392546,0.49817027846074535,0.4705345761667954,SI,[1 2 3 4 5],32.0,10,1371.8999999999287,0.0,False,5
23,0,2,[2 1 3 4 5],1342.799999999981,0.5018297215392546,0.49817027846074535,0.6345179990849673,MI,[5 4 3 1 2],9.099999999999994,10,2656.499999999949,0.0,False,5
23,0,3,[2 1 3 4 5],1342.799999999981,0.5018297215392546,0.49817027846074535,0.21422247830442454,SI,[5 4 3 1 2],9.099999999999994,10,2656.499999999949,0.0,False,5
23,0,4,[2 1 3 4 5],1342.799999999981,0.5018297215392546,0.49817027846074535,0.26499653510212395,SI,[5 4 3 1 2],9.099999999999994,10,2656.499999999949,0.0,False,5
24,0,0,[2 1 3 4 5],1342.799999999981,0.5018297215392546,0.49817027846074535,0.504063366913083,MI,[5 4 3 1 2],9.099999999999994,10,2656.499999999949,0.0,False,5
24,0,1,[2 1 3 4 5],1342.799999999981,0.5018297215392546,0.49817027846074535,0.5205910153221962,MI,[3 1 2 4 5],11.5,10,1423.5,0.0,False,5
24,0,2,[2 1 3 4 5],1342.799999999981,0.5018297215392546,0.49817027846074535,0.6556961631738234,MI,[5 4 3 1 2],9.099999999999994,10,2656.499999999949,0.0,False,5
24,0,3,[2 1 3 4 5],1342.799999999981,0.5018297215392546,0.49817027846074535,0.05362019219133718,SI,[5 4 3 1 2],9.099999999999994,10,2656.499999999949,0.0,False,5
24,0,4,[2 1 3 4 5],1342.799999999981,0.5018297215392546,0.49817027846074535,0.9532365109574087,MI,[5 4 3 1 2],9.099999999999994,10,2656.499999999949,0.0,False,5
25,0,0,[2 1 3 4 5],1342.799999999981,0.5018297215392546,0.49817027846074535,0.48794899990644536,SI,[5 4 3 1 2],9.099999999999994,10,2656.499999999949,0.0,False,5
25,0,1,[2 1 3 4 5],1342.799999999981,0.5018297215392546,0.49817027846074535,0.08017482825222377,SI,[5 4 3 1 2],9.099999999999994,10,2656.499999999949,0.0,False,5
25,0,2,[2 1 3 4 5],1342.799999999981,0.5018297215392546,0.49817027846074535,0.6493137606188096,MI,[5 4 3 1 2],9.099999999999994,10,2656.499999999949,0.0,False,5
25,0,3,[2 1 3 4 5],1342.799999999981,0.5018297215392546,0.49817027846074535,0.6774153962638073,MI,[3 1 2 4 5],11.5,10,1423.5,0.0,False,5
25,0,4,[2 1 3 4 5],1342.799999999981,0.5018297215392546,0.49817027846074535,0.8599114506061429,MI,[5 4 3 1 2],9.099999999999994,10,2656.499999999949,0.0,False,5
26,0,0,[2 1 3 4 5],1342.799999999981,0.5018297215392546,0.49817027846074535,0.14855361578555082,SI,[2 1 3 5 4],13.300000000000011,10,1465.299999999992,0.0,False,5
26,0,1,[2 1 3 4 5],1342.799999999981,0.5018297215392546,0.49817027846074535,0.6202901202334941,MI,[5 4 3 1 2],9.099999999999994,10,2656.499999999949,0.0,False,5
26,0,2,[2 1 3 4 5],1342.799999999981,0.5018297215392546,0.49817027846074535,0.004303798599925357,SI,[3 1 2 4 5],11.5,10,1423.5,0.0,False,5
26,0,3,[2 1 3 4 5],1342.799999999981,0.5018297215392546,0.49817027846074535,0.6466760751912572,MI,[5 4 3 1 2],9.099999999999994,10,2656.499999999949,0.0,False,5
26,0,4,[2 1 3 4 5],1342.799999999981,0.5018297215392546,0.49817027846074535,0.8513073763470929,MI,[5 4 3 1 2],9.099999999999994,10,2656.499999999949,0.0,False,5
27,0,0,[2 1 3 4 5],1342.799999999981,0.5018297215392546,0.49817027846074535,0.48748972569841587,SI,[2 3 1 4 5],27.599999999999994,10,1394.0000000000218,0.0,False,5
27,0,1,[2 1 3 4 5],1342.799999999981,0.5018297215392546,0.49817027846074535,0.7890521035642177,MI,[3 1 2 4 5],11.5,10,1423.5,0.0,False,5
27,0,2,[2 1 3 4 5],1342.799999999981,0.5018297215392546,0.49817027846074535,0.7902486828177813,MI,[5 4 3 1 2],9.099999999999994,10,2656.499999999949,0.0,False,5
27,0,3,[2 1 3 4 5],1342.799999999981,0.5018297215392546,0.49817027846074535,0.35542790123015355,SI,[5 4 3 1 2],9.099999999999994,10,2656.499999999949,0.0,False,5
27,0,4,[2 1 3 4 5],1342.799999999981,0.5018297215392546,0.49817027846074535,0.1888554019902221,SI,[5 4 3 1 2],9.099999999999994,10,2656.499999999949,0.0,False,5
28,0,0,[2 1 3 4 5],1342.799999999981,0.5018297215392546,0.49817027846074535,0.8048303402419456,MI,[3 1 2 4 5],11.5,10,1423.5,0.0,False,5
28,0,1,[2 1 3 4 5],1342.799999999981,0.5018297215392546,0.49817027846074535,0.5541087653219655,MI,[5 4 3 1 2],9.099999999999994,10,2656.499999999949,0.0,False,5
28,0,2,[2 1 3 4 5],1342.799999999981,0.5018297215392546,0.49817027846074535,0.4917717702821115,SI,[5 4 3 1 2],9.099999999999994,10,2656.499999999949,0.0,False,5
28,0,3,[2 1 3 4 5],1342.799999999981,0.5018297215392546,0.49817027846074535,0.7470944522724876,MI,[5 4 3 1 2],9.099999999999994,10,2656.499999999949,0.0,False,5
28,0,4,[2 1 3 4 5],1342.799999999981,0.5018297215392546,0.49817027846074535,0.16707080159422594,SI,[5 4 3 1 2],9.099999999999994,10,2656.499999999949,0.0,False,5
29,0,0,[2 1 3 4 5],1342.799999999981,0.5018297215392546,0.49817027846074535,0.5684127957635388,MI,[5 4 3 1 2],9.099999999999994,10,2656.499999999949,0.0,False,5
29,0,1,[2 1 3 4 5],1342.799999999981,0.5018297215392546,0.49817027846074535,0.9999753350744698,MI,[5 4 3 1 2],9.099999999999994,10,2656.499999999949,0.0,False,5
29,0,2,[2 1 3 4 5],1342.799999999981,0.5018297215392546,0.49817027846074535,0.9593290569561902,MI,[5 4 3 1 2],9.099999999999994,10,2656.499999999949,0.0,False,5
29,0,3,[2 1 3 4 5],1342.799999999981,0.5018297215392546,0.49817027846074535,0.8953133989002071,MI,[3 1 2 4 5],11.5,10,1423.5,0.0,False,5
29,0,4,[2 1 3 4 5],1342.799999999981,0.5018297215392546,0.49817027846074535,0.9060270784296426,MI,[5 4 3 1 2],9.099999999999994,10,2656.499999999949,0.0,False,5
30,0,0,[2 1 3 4 5],1342.799999999981,0.5018297215392546,0.49817027846074535,0.20528582499571346,SI,[5 4 3 1 2],9.099999999999994,10,2656.499999999949,0.0,False,5
30,0,1,[2 1 3 4 5],1342.799999999981,0.5018297215392546,0.49817027846074535,0.028373415556665393,SI,[3 1 2 4 5],11.5,10,1423.5,0.0,False,5
30,0,2,[2 1 3 4 5],1342.799999999981,0.5018297215392546,0.49817027846074535,0.5507048424662457,MI,[5 4 3 1 2],9.099999999999994,10,2656.499999999949,0.0,False,5
30,0,3,[2 1 3 4 5],1342.799999999981,0.5018297215392546,0.49817027846074535,0.08229136140236093,SI,[5 4 3 1 2],9.099999999999994,10,2656.499999999949,0.0,False,5
30,0,4,[2 1 3 4 5],1342.799999999981,0.5018297215392546,0.49817027846074535,0.7097954406898922,MI,[3 1 2 4 5],11.5,10,1423.5,0.0,False,5
31,0,0,[2 1 3 4 5],1342.799999999981,0.5018297215392546,0.49817027846074535,0.9539188151025146,MI,[5 4 3 1 2],9.099999999999994,10,2656.499999999949,0.0,False,5
31,0,1,[2 1 3 4 5],1342.799999999981,0.5018297215392546,0.49817027846074535,0.9657233819092091,MI,[5 4 3 1 2],9.099999999999994,10,2656.499999999949,0.0,False,5
31,0,2,[2 1 3 4 5],1342.799999999981,0.5018297215392546,0.49817027846074535,0.7680689162500234,MI,[2 1 5 4 3],96.29999999999998,10,2015.8999999999796,0.0,False,5
31,0,3,[2 1 3 4 5],1342.799999999981,0.5018297215392546,0.49817027846074535,0.7271033796743905,MI,[5 4 3 1 2],9.099999999999994,10,2656.499999999949,0.0,False,5
31,0,4,[2 1 3 4 5],1342.799999999981,0.5018297215392546,0.49817027846074535,0.5023736198743394,MI,[5 4 3 1 2],9.099999999999994,10,2656.499999999949,0.0,False,5
32,0,0,[2 1 3 4 5],1342.799999999981,0.5018297215392546,0.49817027846074535,0.9853256763042759,MI,[5 4 3 1 2],9.099999999999994,10,2656.499999999949,0.0,False,5
32,0,1,[2 1 3 4 5],1342.799999999981,0.5018297215392546,0.49817027846074535,0.6689107100832814,MI,[5 4 3 1 2],9.099999999999994,10,2656.499999999949,0.0,False,5
32,0,2,[2 1 3 4 5],1342.799999999981,0.5018297215392546,0.49817027846074535,0.2133230344830851,SI,[5 4 3 1 2],9.099999999999994,10,2656.499999999949,0.0,False,5
32,0,3,[2 1 3 4 5],1342.799999999981,0.5018297215392546,0.49817027846074535,0.12100250776696941,SI,[3 1 2 4 5],11.5,10,1423.5,0.0,False,5
32,0,4,[2 1 3 4 5],1342.799999999981,0.5018297215392546,0.49817027846074535,0.48018436848621426,SI,[5 4 3 1 2],9.099999999999994,10,2656.499999999949,0.0,False,5
33,0,0,[2 1 3 4 5],1342.799999999981,0.5018297215392546,0.49817027846074535,0.9191474313885247,MI,[5 4 3 1 2],9.099999999999994,10,2656.499999999949,0.0,False,5
33,0,1,[2 1 3 4 5],1342.799999999981,0.5018297215392546,0.49817027846074535,0.15554301236131007,SI,[2 1 3 5 4],13.300000000000011,10,1465.299999999992,0.0,False,5
33,0,2,[2 1 3 4 5],1342.799999999981,0.5018297215392546,0.49817027846074535,0.44161788243360967,SI,[5 4 3 1 2],9.099999999999994,10,2656.499999999949,0.0,False,5
33,0,3,[2 1 3 4 5],1342.799999999981,0.5018297215392546,0.49817027846074535,0.6415452144891188,MI,[5 4 3 1 2],9.099999999999994,10,2656.499999999949,0.0,False,5
33,0,4,[2 1 3 4 5],1342.799999999981,0.5018297215392546,0.49817027846074535,0.7008355630891379,MI,[5 4 3 1 2],9.099999999999994,10,2656.499999999949,0.0,False,5
34,0,0,[2 1 3 4 5],1342.799999999981,0.5018297215392546,0.49817027846074535,0.674098567646289,MI,[5 4 3 1 2],9.099999999999994,10,2656.499999999949,0.0,False,5
34,0,1,[2 1 3 4 5],1342.799999999981,0.5018297215392546,0.49817027846074535,0.553648170345076,MI,[3 1 2 4 5],11.5,10,1423.5,0.0,False,5
34,0,2,[2 1 3 4 5],1342.799999999981,0.5018297215392546,0.49817027846074535,0.3223391105732949,SI,[5 4 3 1 2],9.099999999999994,10,2656.499999999949,0.0,False,5
34,0,3,[2 1 3 4 5],1342.799999999981,0.5018297215392546,0.49817027846074535,0.032671645647748604,SI,[5 4 3 1 2],9.099999999999994,10,2656.499999999949,0.0,False,5
34,0,4,[2 1 3 4 5],1342.799999999981,0.5018297215392546,0.49817027846074535,0.2450592152393407,SI,[3 1 2 4 5],11.5,10,1423.5,0.0,False,5
35,0,0,[2 1 3 4 5],1342.799999999981,0.5018297215392546,0.49817027846074535,0.39158849829531694,SI,[5 4 3 1 2],9.099999999999994,10,2656.499999999949,0.0,False,5
35,0,1,[2 1 3 4 5],1342.799999999981,0.5018297215392546,0.49817027846074535,0.5321161285721597,MI,[5 4 3 1 2],9.099999999999994,10,2656.499999999949,0.0,False,5
35,0,2,[2 1 3 4 5],1342.799999999981,0.5018297215392546,0.49817027846074535,0.696326386061885,MI,[5 4 3 1 2],9.099999999999994,10,2656.499999999949,0.0,False,5
35,0,3,[2 1 3 4 5],1342.799999999981,0.5018297215392546,0.49817027846074535,0.5016747582821232,SI,[5 4 3 1 2],9.099999999999994,10,2656.499999999949,0.0,False,5
35,0,4,[2 1 3 4 5],1342.799999999981,0.5018297215392546,0.49817027846074535,0.1983458703764529,SI,[2 1 3 5 4],13.300000000000011,10,1465.299999999992,0.0,False,5
36,0,0,[2 1 3 4 5],1342.799999999981,0.5018297215392546,0.49817027846074535,0.846605623855366,MI,[5 4 3 1 2],9.099999999999994,10,2656.499999999949,0.0,False,5
36,0,1,[2 1 3 4 5],1342.799999999981,0.5018297215392546,0.49817027846074535,0.05384543814388976,SI,[5 4 3 1 2],9.099999999999994,10,2656.499999999949,0.0,False,5
36,0,2,[2 1 3 4 5],1342.799999999981,0.5018297215392546,0.49817027846074535,0.8150955866524774,MI,[5 4 3 1 2],9.099999999999994,10,2656.499999999949,0.0,False,5
36,0,3,[2 1 3 4 5],1342.799999999981,0.5018297215392546,0.49817027846074535,0.7539575767101688,MI,[3 1 2 4 5],11.5,10,1423.5,0.0,False,5
36,0,4,[2 1 3 4 5],1342.799999999981,0.5018297215392546,0.49817027846074535,0.6212174952506344,MI,[3 1 2 4 5],11.5,10,1423.5,0.0,False,5
37,0,0,[2 1 3 4 5],1342.799999999981,0.5018297215392546,0.49817027846074535,0.7037288214713335,MI,[5 4 3 1 2],9.099999999999994,10,2656.499999999949,0.0,False,5
37,0,1,[2 1 3 4 5],1342.799999999981,0.5018297215392546,0.49817027846074535,0.3519879802475194,SI,[2 1 3 5 4],13.300000000000011,10,1465.299999999992,0.0,False,5
37,0,2,[2 1 3 4 5],1342.799999999981,0.5018297215392546,0.49817027846074535,0.032633100167641316,SI,[2 1 3 5 4],13.300000000000011,10,1465.299999999992,0.0,False,5
37,0,3,[2 1 3 4 5],1342.799999999981,0.5018297215392546,0.49817027846074535,0.16065725479698978,SI,[5 4 3 1 2],9.099999999999994,10,2656.499999999949,0.0,False,5
37,0,4,[2 1 3 4 5],1342.799999999981,0.5018297215392546,0.49817027846074535,0.6244428735716349,MI,[3 1 2 4 5],11.5,10,1423.5,0.0,False,5
38,0,0,[2 1 3 4 5],1342.799999999981,0.5018297215392546,0.49817027846074535,0.9436137674986986,MI,[5 4 3 1 2],9.099999999999994,10,2656.499999999949,0.0,False,5
38,0,1,[2 1 3 4 5],1342.799999999981,0.5018297215392546,0.49817027846074535,0.052216583528554184,SI,[3 1 2 4 5],11.5,10,1423.5,0.0,False,5
38,0,2,[2 1 3 4 5],1342.799999999981,0.5018297215392546,0.49817027846074535,0.06469660334014615,SI,[2 3 1 4 5],27.599999999999994,10,1394.0000000000218,0.0,False,5
38,0,3,[2 1 3 4 5],1342.799999999981,0.5018297215392546,0.49817027846074535,0.5665863950842444,MI,[3 1 2 4 5],11.5,10,1423.5,0.0,False,5
38,0,4,[2 1 3 4 5],1342.799999999981,0.5018297215392546,0.49817027846074535,0.3233542425966097,SI,[5 4 3 1 2],9.099999999999994,10,2656.499999999949,0.0,False,5
39,0,0,[2 1 3 4 5],1342.799999999981,0.5018297215392546,0.49817027846074535,0.5441235773986943,MI,[5 4 3 1 2],9.099999999999994,10,2656.499999999949,0.0,False,5
39,0,1,[2 1 3 4 5],1342.799999999981,0.5018297215392546,0.49817027846074535,0.4693936810604695,SI,[5 4 3 1 2],9.099999999999994,10,2656.499999999949,0.0,False,5
39,0,2,[2 1 3 4 5],1342.799999999981,0.5018297215392546,0.49817027846074535,0.7033276652210175,MI,[5 4 3 1 2],9.099999999999994,10,2656.499999999949,0.0,False,5
39,0,3,[2 1 3 4 5],1342.799999999981,0.5018297215392546,0.49817027846074535,0.5923442426382515,MI,[5 4 3 1 2],9.099999999999994,10,2656.499999999949,0.0,False,5
39,0,4,[2 1 3 4 5],1342.799999999981,0.5018297215392546,0.49817027846074535,0.9397054821872762,MI,[3 1 2 4 5],11.5,10,1423.5,0.0,False,5
40,0,0,[2 1 3 4 5],1342.799999999981,0.5018297215392546,0.49817027846074535,0.38926112617857245,SI,[5 4 3 1 2],9.099999999999994,10,2656.499999999949,0.0,False,5
40,0,1,[2 1 3 4 5],1342.799999999981,0.5018297215392546,0.49817027846074535,0.9862132295105457,MI,[5 4 3 1 2],9.099999999999994,10,2656.499999999949,0.0,False,5
40,0,2,[2 1 3 4 5],1342.799999999981,0.5018297215392546,0.49817027846074535,0.3074410329435835,SI,[5 4 3 1 2],9.099999999999994,10,2656.499999999949,0.0,False,5
40,0,3,[2 1 3 4 5],1342.799999999981,0.5018297215392546,0.49817027846074535,0.5263352747255026,MI,[5 4 3 1 2],9.099999999999994,10,2656.499999999949,0.0,False,5
40,0,4,[2 1 3 4 5],1342.799999999981,0.5018297215392546,0.49817027846074535,0.16399200367210864,SI,[5 4 3 1 2],9.099999999999994,10,2656.499999999949,0.0,False,5
41,0,0,[2 1 3 4 5],1342.799999999981,0.5018297215392546,0.49817027846074535,0.7423791182824163,MI,[2 1 5 4 3],96.29999999999998,10,2015.8999999999796,0.0,False,5
41,0,1,[2 1 3 4 5],1342.799999999981,0.5018297215392546,0.49817027846074535,0.7426035588559198,MI,[3 1 2 4 5],11.5,10,1423.5,0.0,False,5
41,0,2,[2 1 3 4 5],1342.799999999981,0.5018297215392546,0.49817027846074535,0.4940716853441337,SI,[5 4 3 1 2],9.099999999999994,10,2656.499999999949,0.0,False,5
41,0,3,[2 1 3 4 5],1342.799999999981,0.5018297215392546,0.49817027846074535,0.4359088596959192,SI,[3 1 2 4 5],11.5,10,1423.5,0.0,False,5
41,0,4,[2 1 3 4 5],1342.799999999981,0.5018297215392546,0.49817027846074535,0.9932031921794904,MI,[5 4 3 1 2],9.099999999999994,10,2656.499999999949,0.0,False,5
42,0,0,[2 1 3 4 5],1342.799999999981,0.5018297215392546,0.49817027846074535,0.649535418285101,MI,[3 1 2 4 5],11.5,10,1423.5,0.0,False,5
42,0,1,[2 1 3 4 5],1342.799999999981,0.5018297215392546,0.49817027846074535,0.5741283043272387,MI,[5 4 3 1 2],9.099999999999994,10,2656.499999999949,0.0,False,5
42,0,2,[2 1 3 4 5],1342.799999999981,0.5018297215392546,0.49817027846074535,0.4480324458156738,SI,[3 1 2 4 5],11.5,10,1423.5,0.0,False,5
42,0,3,[2 1 3 4 5],1342.799999999981,0.5018297215392546,0.49817027846074535,0.8044083911145306,MI,[5 4 3 1 2],9.099999999999994,10,2656.499999999949,0.0,False,5
42,0,4,[2 1 3 4 5],1342.799999999981,0.5018297215392546,0.49817027846074535,0.5950670893025733,MI,[5 4 3 1 2],9.099999999999994,10,2656.499999999949,0.0,False,5
43,0,0,[2 1 3 4 5],1342.799999999981,0.5018297215392546,0.49817027846074535,0.058406234992784634,SI,[5 4 3 1 2],9.099999999999994,10,2656.499999999949,0.0,False,5
43,0,1,[2 1 3 4 5],1342.799999999981,0.5018297215392546,0.49817027846074535,0.49102933411200267,SI,[5 4 3 1 2],9.099999999999994,10,2656.499999999949,0.0,False,5
43,0,2,[2 1 3 4 5],1342.799999999981,0.5018297215392546,0.49817027846074535,0.8433777900171803,MI,[2 1 5 4 3],96.29999999999998,10,2015.8999999999796,0.0,False,5
43,0,3,[2 1 3 4 5],1342.799999999981,0.5018297215392546,0.49817027846074535,0.3087491578300112,SI,[2 1 3 5 4],13.300000000000011,10,1465.299999999992,0.0,False,5
43,0,4,[2 1 3 4 5],1342.799999999981,0.5018297215392546,0.49817027846074535,0.8108024850757322,MI,[5 4 3 1 2],9.099999999999994,10,2656.499999999949,0.0,False,5
44,0,0,[2 1 3 4 5],1342.799999999981,0.5018297215392546,0.49817027846074535,0.7248901023542879,MI,[3 1 2 4 5],11.5,10,1423.5,0.0,False,5
44,0,1,[2 1 3 4 5],1342.799999999981,0.5018297215392546,0.49817027846074535,0.8032116666163036,MI,[5 4 3 1 2],9.099999999999994,10,2656.499999999949,0.0,False,5
44,0,2,[2 1 3 4 5],1342.799999999981,0.5018297215392546,0.49817027846074535,0.9774055394694178,MI,[2 5 4 3 1],98.30000000000001,10,2499.3999999999724,0.0,False,5
44,0,3,[2 1 3 4 5],1342.799999999981,0.5018297215392546,0.49817027846074535,0.5527292592449494,MI,[5 4 3 1 2],9.099999999999994,10,2656.499999999949,0.0,False,5
44,0,4,[2 1 3 4 5],1342.799999999981,0.5018297215392546,0.49817027846074535,0.39388495646083044,SI,[5 4 3 1 2],9.099999999999994,10,2656.499999999949,0.0,False,5
45,0,0,[2 1 3 4 5],1342.799999999981,0.5018297215392546,0.49817027846074535,0.06138582000728399,SI,[5 4 3 1 2],9.099999999999994,10,2656.499999999949,0.0,False,5
45,0,1,[2 1 3 4 5],1342.799999999981,0.5018297215392546,0.49817027846074535,0.043759598285053825,SI,[5 4 3 1 2],9.099999999999994,10,2656.499999999949,0.0,False,5
45,0,2,[2 1 3 4 5],1342.799999999981,0.5018297215392546,0.49817027846074535,0.9277224731394358,MI,[5 4 3 1 2],9.099999999999994,10,2656.499999999949,0.0,False,5
45,0,3,[2 1 3 4 5],1342.799999999981,0.5018297215392546,0.49817027846074535,0.6807091071779192,MI,[5 4 3 1 2],9.099999999999994,10,2656.499999999949,0.0,False,5
45,0,4,[2 1 3 4 5],1342.799999999981,0.5018297215392546,0.49817027846074535,0.27537054366054425,SI,[3 1 2 4 5],11.5,10,1423.5,0.0,False,5
46,0,0,[2 1 3 4 5],1342.799999999981,0.5018297215392546,0.49817027846074535,0.7761808799592597,MI,[5 4 3 1 2],9.099999999999994,10,2656.499999999949,0.0,False,5
46,0,1,[2 1 3 4 5],1342.799999999981,0.5018297215392546,0.49817027846074535,0.42132291059322347,SI,[3 1 2 4 5],11.5,10,1423.5,0.0,False,5
46,0,2,[2 1 3 4 5],1342.799999999981,0.5018297215392546,0.49817027846074535,0.8846791520658737,MI,[5 4 3 1 2],9.099999999999994,10,2656.499999999949,0.0,False,5
46,0,3,[2 1 3 4 5],1342.799999999981,0.5018297215392546,0.49817027846074535,0.9467646315357058,MI,[5 4 3 1 2],9.099999999999994,10,2656.499999999949,0.0,False,5
46,0,4,[2 1 3 4 5],1342.799999999981,0.5018297215392546,0.49817027846074535,0.08664639956844689,SI,[5 4 3 1 2],9.099999999999994,10,2656.499999999949,0.0,False,5
47,0,0,[2 1 3 4 5],1342.799999999981,0.5018297215392546,0.49817027846074535,0.17332720164145798,SI,[5 4 3 1 2],9.099999999999994,10,2656.499999999949,0.0,False,5
47,0,1,[2 1 3 4 5],1342.799999999981,0.5018297215392546,0.49817027846074535,0.4431561802224002,SI,[5 4 3 1 2],9.099999999999994,10,2656.499999999949,0.0,False,5
47,0,2,[2 1 3 4 5],1342.799999999981,0.5018297215392546,0.49817027846074535,0.5788947536464827,MI,[5 4 3 1 2],9.099999999999994,10,2656.499999999949,0.0,False,5
47,0,3,[2 1 3 4 5],1342.799999999981,0.5018297215392546,0.49817027846074535,0.05656994450910802,SI,[3 1 2 4 5],11.5,10,1423.5,0.0,False,5
47,0,4,[2 1 3 4 5],1342.799999999981,0.5018297215392546,0.49817027846074535,0.7402072019183694,MI,[3 1 2 4 5],11.5,10,1423.5,0.0,False,5
48,0,0,[2 1 3 4 5],1342.799999999981,0.5018297215392546,0.49817027846074535,0.7369462743819759,MI,[5 4 3 1 2],9.099999999999994,10,2656.499999999949,0.0,False,5
48,0,1,[2 1 3 4 5],1342.799999999981,0.5018297215392546,0.49817027846074535,0.3747537290666143,SI,[3 1 2 4 5],11.5,10,1423.5,0.0,False,5
48,0,2,[2 1 3 4 5],1342.799999999981,0.5018297215392546,0.49817027846074535,0.6964209200876712,MI,[3 1 2 4 5],11.5,10,1423.5,0.0,False,5
48,0,3,[2 1 3 4 5],1342.799999999981,0.5018297215392546,0.49817027846074535,0.19023497273285195,SI,[3 1 2 4 5],11.5,10,1423.5,0.0,False,5
48,0,4,[2 1 3 4 5],1342.799999999981,0.5018297215392546,0.49817027846074535,0.18546185100378998,SI,[5 4 3 1 2],9.099999999999994,10,2656.499999999949,0.0,False,5
49,0,0,[2 1 3 4 5],1342.799999999981,0.5018297215392546,0.49817027846074535,0.9544798301604199,MI,[2 1 5 4 3],96.29999999999998,10,2015.8999999999796,0.0,False,5
49,0,1,[2 1 3 4 5],1342.799999999981,0.5018297215392546,0.49817027846074535,0.521404500085183,MI,[3 1 2 4 5],11.5,10,1423.5,0.0,False,5
49,0,2,[2 1 3 4 5],1342.799999999981,0.5018297215392546,0.49817027846074535,0.8603492648566297,MI,[5 4 3 1 2],9.099999999999994,10,2656.499999999949,0.0,False,5
49,0,3,[2 1 3 4 5],1342.799999999981,0.5018297215392546,0.49817027846074535,0.05182194473893187,SI,[5 4 3 1 2],9.099999999999994,10,2656.499999999949,0.0,False,5
49,0,4,[2 1 3 4 5],1342.799999999981,0.5018297215392546,0.49817027846074535,0.5553841223457534,MI,[5 4 3 1 2],9.099999999999994,10,2656.499999999949,0.0,False,5
50,0,0,[2 1 3 4 5],1342.799999999981,0.5018297215392546,0.49817027846074535,0.6956694618288426,MI,[5 4 3 1 2],9.099999999999994,10,2656.499999999949,0.0,False,5
50,0,1,[2 1 3 4 5],1342.799999999981,0.5018297215392546,0.49817027846074535,0.6000451385806049,MI,[5 4 3 1 2],9.099999999999994,10,2656.499999999949,0.0,False,5
50,0,2,[2 1 3 4 5],1342.799999999981,0.5018297215392546,0.49817027846074535,0.4592520842776654,SI,[5 4 3 1 2],9.099999999999994,10,2656.499999999949,0.0,False,5
50,0,3,[2 1 3 4 5],1342.799999999981,0.5018297215392546,0.49817027846074535,0.039077812404974765,SI,[2 3 1 4 5],27.599999999999994,10,1394.0000000000218,0.0,False,5
50,0,4,[2 1 3 4 5],1342.799999999981,0.5018297215392546,0.49817027846074535,0.29924207426060867,SI,[5 4 3 1 2],9.099999999999994,10,2656.499999999949,0.0,False,5
0,0,0,[1 2],861.5000000000073,0.5,0.5,0.39588675986891053,SI,[2 1],49.49999999999994,10,1278.6000000000095,0.0,False,6
0,0,1,[1 2],861.5000000000073,0.5,0.5,0.2829174914779533,SI,[2 1],49.49999999999994,10,1278.6000000000095,0.0,False,6
0,0,2,[1 2],861.5000000000073,0.5,0.5,0.2754212471089138,SI,[2 1],49.49999999999994,10,1278.6000000000095,0.0,False,6
0,0,3,[1 2],861.5000000000073,0.5,0.5,0.0019785148677912145,SI,[2 1],49.49999999999994,10,1278.6000000000095,0.0,False,6
0,0,4,[1 2],861.5000000000073,0.5,0.5,0.07286898623656901,SI,[2 1],49.49999999999994,10,1278.6000000000095,0.0,False,6
1,0,0,[1 2],861.5000000000073,0.5,0.5,0.45211201442502624,SI,[2 1],49.49999999999994,10,1278.6000000000095,0.0,False,6
1,0,1,[1 2],861.5000000000073,0.5,0.5,0.22458749494809094,SI,[2 1],49.49999999999994,10,1278.6000000000095,0.0,False,6
1,0,2,[1 2],861.5000000000073,0.5,0.5,0.029464420735842767,SI,[2 1],49.49999999999994,10,1278.6000000000095,0.0,False,6
1,0,3,[1 2],861.5000000000073,0.5,0.5,0.31507543025603946,SI,[2 1],49.49999999999994,10,1278.6000000000095,0.0,False,6
1,0,4,[1 2],861.5000000000073,0.5,0.5,0.4751313033440544,SI,[2 1],49.49999999999994,10,1278.6000000000095,0.0,False,6
2,0,0,[1 2],861.5000000000073,0.5,0.5,0.47397943747186255,SI,[2 1],49.49999999999994,10,1278.6000000000095,0.0,False,6
2,0,1,[1 2],861.5000000000073,0.5,0.5,0.47253483152838727,SI,[2 1],49.49999999999994,10,1278.6000000000095,0.0,False,6
2,0,2,[1 2],861.5000000000073,0.5,0.5,0.19441467733099171,SI,[2 1],49.49999999999994,10,1278.6000000000095,0.0,False,6
2,0,3,[1 2],861.5000000000073,0.5,0.5,0.2501259473496351,SI,[2 1],49.49999999999994,10,1278.6000000000095,0.0,False,6
2,0,4,[1 2],861.5000000000073,0.5,0.5,0.011200109349008947,SI,[2 1],49.49999999999994,10,1278.6000000000095,0.0,False,6
3,0,0,[1 2],861.5000000000073,0.5,0.5,0.2579985642963588,SI,[2 1],49.49999999999994,10,1278.6000000000095,0.0,False,6
3,0,1,[1 2],861.5000000000073,0.5,0.5,0.3168105649891765,SI,[2 1],49.49999999999994,10,1278.6000000000095,0.0,False,6
3,0,2,[1 2],861.5000000000073,0.5,0.5,0.2464480469651169,SI,[2 1],49.49999999999994,10,1278.6000000000095,0.0,False,6
3,0,3,[1 2],861.5000000000073,0.5,0.5,0.4701213965733376,SI,[2 1],49.49999999999994,10,1278.6000000000095,0.0,False,6
3,0,4,[1 2],861.5000000000073,0.5,0.5,0.39185663610641686,SI,[2 1],49.49999999999994,10,1278.6000000000095,0.0,False,6
4,0,0,[1 2],861.5000000000073,0.5,0.5,0.41281819911372963,SI,[2 1],49.49999999999994,10,1278.6000000000095,0.0,False,6
4,0,1,[1 2],861.5000000000073,0.5,0.5,0.3940856653512108,SI,[2 1],49.49999999999994,10,1278.6000000000095,0.0,False,6
4,0,2,[1 2],861.5000000000073,0.5,0.5,0.3536272911167896,SI,[2 1],49.49999999999994,10,1278.6000000000095,0.0,False,6
4,0,3,[1 2],861.5000000000073,0.5,0.5,0.165321572190947,SI,[2 1],49.49999999999994,10,1278.6000000000095,0.0,False,6
4,0,4,[1 2],861.5000000000073,0.5,0.5,0.16240578238598646,SI,[2 1],49.49999999999994,10,1278.6000000000095,0.0,False,6
5,0,0,[1 2],861.5000000000073,0.5,0.5,0.40472172172038356,SI,[2 1],49.49999999999994,10,1278.6000000000095,0.0,False,6
5,0,1,[1 2],861.5000000000073,0.5,0.5,0.32479363483103985,SI,[2 1],49.49999999999994,10,1278.6000000000095,0.0,False,6
5,0,2,[1 2],861.5000000000073,0.5,0.5,0.07116127670639494,SI,[2 1],49.49999999999994,10,1278.6000000000095,0.0,False,6
5,0,3,[1 2],861.5000000000073,0.5,0.5,0.23729376174925587,SI,[2 1],49.49999999999994,10,1278.6000000000095,0.0,False,6
5,0,4,[1 2],861.5000000000073,0.5,0.5,0.19495057500424584,SI,[2 1],49.49999999999994,10,1278.6000000000095,0.0,False,6
6,0,0,[1 2],861.5000000000073,0.5,0.5,0.3513133340705388,SI,[2 1],49.49999999999994,10,1278.6000000000095,0.0,False,6
6,0,1,[1 2],861.5000000000073,0.5,0.5,0.13033376908248007,SI,[2 1],49.49999999999994,10,1278.6000000000095,0.0,False,6
6,0,2,[1 2],861.5000000000073,0.5,0.5,0.3521993301509868,SI,[2 1],49.49999999999994,10,1278.6000000000095,0.0,False,6
6,0,3,[1 2],861.5000000000073,0.5,0.5,0.009984763943880592,SI,[2 1],49.49999999999994,10,1278.6000000000095,0.0,False,6
6,0,4,[1 2],861.5000000000073,0.5,0.5,0.2136427380732524,SI,[2 1],49.49999999999994,10,1278.6000000000095,0.0,False,6
7,0,0,[1 2],861.5000000000073,0.5,0.5,0.023437122094047136,SI,[2 1],49.49999999999994,10,1278.6000000000095,0.0,False,6
7,0,1,[1 2],861.5000000000073,0.5,0.5,0.02191440789897836,SI,[2 1],49.49999999999994,10,1278.6000000000095,0.0,False,6
7,0,2,[1 2],861.5000000000073,0.5,0.5,0.26909585306106476,SI,[2 1],49.49999999999994,10,1278.6000000000095,0.0,False,6
7,0,3,[1 2],861.5000000000073,0.5,0.5,0.00517845015097973,SI,[2 1],49.49999999999994,10,1278.6000000000095,0.0,False,6
7,0,4,[1 2],861.5000000000073,0.5,0.5,0.47702677012373496,SI,[2 1],49.49999999999994,10,1278.6000000000095,0.0,False,6
8,0,0,[1 2],861.5000000000073,0.5,0.5,0.4207762648464778,SI,[2 1],49.49999999999994,10,1278.6000000000095,0.0,False,6
8,0,1,[1 2],861.5000000000073,0.5,0.5,0.2514039111131229,SI,[2 1],49.49999999999994,10,1278.6000000000095,0.0,False,6
8,0,2,[1 2],861.5000000000073,0.5,0.5,0.4286618514884101,SI,[2 1],49.49999999999994,10,1278.6000000000095,0.0,False,6
8,0,3,[1 2],861.5000000000073,0.5,0.5,0.027830359100598168,SI,[2 1],49.49999999999994,10,1278.6000000000095,0.0,False,6
8,0,4,[1 2],861.5000000000073,0.5,0.5,0.23316787934063044,SI,[2 1],49.49999999999994,10,1278.6000000000095,0.0,False,6
9,0,0,[1 2],861.5000000000073,0.5,0.5,0.08273601616999049,SI,[2 1],49.49999999999994,10,1278.6000000000095,0.0,False,6
9,0,1,[1 2],861.5000000000073,0.5,0.5,0.46120188935081197,SI,[2 1],49.49999999999994,10,1278.6000000000095,0.0,False,6
9,0,2,[1 2],861.5000000000073,0.5,0.5,0.2797369145032834,SI,[2 1],49.49999999999994,10,1278.6000000000095,0.0,False,6
9,0,3,[1 2],861.5000000000073,0.5,0.5,0.06815249305407323,SI,[2 1],49.49999999999994,10,1278.6000000000095,0.0,False,6
9,0,4,[1 2],861.5000000000073,0.5,0.5,0.037945984875267125,SI,[2 1],49.49999999999994,10,1278.6000000000095,0.0,False,6
10,0,0,[1 2],861.5000000000073,0.5,0.5,0.43020019713938196,SI,[2 1],49.49999999999994,10,1278.6000000000095,0.0,False,6
10,0,1,[1 2],861.5000000000073,0.5,0.5,0.16913178464026934,SI,[2 1],49.49999999999994,10,1278.6000000000095,0.0,False,6
10,0,2,[1 2],861.5000000000073,0.5,0.5,0.19716384825435207,SI,[2 1],49.49999999999994,10,1278.6000000000095,0.0,False,6
10,0,3,[1 2],861.5000000000073,0.5,0.5,0.3435759764715465,SI,[2 1],49.49999999999994,10,1278.6000000000095,0.0,False,6
10,0,4,[1 2],861.5000000000073,0.5,0.5,0.22267401377574025,SI,[2 1],49.49999999999994,10,1278.6000000000095,0.0,False,6
11,0,0,[1 2],861.5000000000073,0.5,0.5,0.2398442849669753,SI,[2 1],49.49999999999994,10,1278.6000000000095,0.0,False,6
11,0,1,[1 2],861.5000000000073,0.5,0.5,0.3851042774349519,SI,[2 1],49.49999999999994,10,1278.6000000000095,0.0,False,6
11,0,2,[1 2],861.5000000000073,0.5,0.5,0.4786178439938714,SI,[2 1],49.49999999999994,10,1278.6000000000095,0.0,False,6
11,0,3,[1 2],861.5000000000073,0.5,0.5,0.4088363258845732,SI,[2 1],49.49999999999994,10,1278.6000000000095,0.0,False,6
11,0,4,[1 2],861.5000000000073,0.5,0.5,0.14564398853462923,SI,[2 1],49.49999999999994,10,1278.6000000000095,0.0,False,6
12,0,0,[1 2],861.5000000000073,0.5,0.5,0.17064407345373767,SI,[2 1],49.49999999999994,10,1278.6000000000095,0.0,False,6
12,0,1,[1 2],861.5000000000073,0.5,0.5,0.29031502394218756,SI,[2 1],49.49999999999994,10,1278.6000000000095,0.0,False,6
12,0,2,[1 2],861.5000000000073,0.5,0.5,0.06138410401593197,SI,[2 1],49.49999999999994,10,1278.6000000000095,0.0,False,6
12,0,3,[1 2],861.5000000000073,0.5,0.5,0.34670859397810194,SI,[2 1],49.49999999999994,10,1278.6000000000095,0.0,False,6
12,0,4,[1 2],861.5000000000073,0.5,0.5,0.1412829079412361,SI,[2 1],49.49999999999994,10,1278.6000000000095,0.0,False,6
13,0,0,[1 2],861.5000000000073,0.5,0.5,0.28153153007159626,SI,[2 1],49.49999999999994,10,1278.6000000000095,0.0,False,6
13,0,1,[1 2],861.5000000000073,0.5,0.5,0.44074676045650363,SI,[2 1],49.49999999999994,10,1278.6000000000095,0.0,False,6
13,0,2,[1 2],861.5000000000073,0.5,0.5,0.013272906738161838,SI,[2 1],49.49999999999994,10,1278.6000000000095,0.0,False,6
13,0,3,[1 2],861.5000000000073,0.5,0.5,0.16621323172157376,SI,[2 1],49.49999999999994,10,1278.6000000000095,0.0,False,6
13,0,4,[1 2],861.5000000000073,0.5,0.5,0.49637012505434697,SI,[2 1],49.49999999999994,10,1278.6000000000095,0.0,False,6
14,0,0,[1 2],861.5000000000073,0.5,0.5,0.34736921763700657,SI,[2 1],49.49999999999994,10,1278.6000000000095,0.0,False,6
14,0,1,[1 2],861.5000000000073,0.5,0.5,0.273270803242495,SI,[2 1],49.49999999999994,10,1278.6000000000095,0.0,False,6
14,0,2,[1 2],861.5000000000073,0.5,0.5,0.3740204714016232,SI,[2 1],49.49999999999994,10,1278.6000000000095,0.0,False,6
14,0,3,[1 2],861.5000000000073,0.5,0.5,0.1387277300716082,SI,[2 1],49.49999999999994,10,1278.6000000000095,0.0,False,6
14,0,4,[1 2],861.5000000000073,0.5,0.5,0.18571507597465786,SI,[2 1],49.49999999999994,10,1278.6000000000095,0.0,False,6
15,0,0,[1 2],861.5000000000073,0.5,0.5,0.19650972437227088,SI,[2 1],49.49999999999994,10,1278.6000000000095,0.0,False,6
15,0,1,[1 2],861.5000000000073,0.5,0.5,0.23881671432204687,SI,[2 1],49.49999999999994,10,1278.6000000000095,0.0,False,6
15,0,2,[1 2],861.5000000000073,0.5,0.5,0.012260312043249288,SI,[2 1],49.49999999999994,10,1278.6000000000095,0.0,False,6
15,0,3,[1 2],861.5000000000073,0.5,0.5,0.2442087885825145,SI,[2 1],49.49999999999994,10,1278.6000000000095,0.0,False,6
15,0,4,[1 2],861.5000000000073,0.5,0.5,0.4385585529739685,SI,[2 1],49.49999999999994,10,1278.6000000000095,0.0,False,6
16,0,0,[1 2],861.5000000000073,0.5,0.5,0.058468621842717505,SI,[2 1],49.49999999999994,10,1278.6000000000095,0.0,False,6
16,0,1,[1 2],861.5000000000073,0.5,0.5,0.26794137513513494,SI,[2 1],49.49999999999994,10,1278.6000000000095,0.0,False,6
16,0,2,[1 2],861.5000000000073,0.5,0.5,0.18715035768292088,SI,[2 1],49.49999999999994,10,1278.6000000000095,0.0,False,6
16,0,3,[1 2],861.5000000000073,0.5,0.5,0.013306339527203837,SI,[2 1],49.49999999999994,10,1278.6000000000095,0.0,False,6
16,0,4,[1 2],861.5000000000073,0.5,0.5,0.24079585046170915,SI,[2 1],49.49999999999994,10,1278.6000000000095,0.0,False,6
17,0,0,[1 2],861.5000000000073,0.5,0.5,0.05572214744133297,SI,[2 1],49.49999999999994,10,1278.6000000000095,0.0,False,6
17,0,1,[1 2],861.5000000000073,0.5,0.5,0.2714480951404119,SI,[2 1],49.49999999999994,10,1278.6000000000095,0.0,False,6
17,0,2,[1 2],861.5000000000073,0.5,0.5,0.46332802349262836,SI,[2 1],49.49999999999994,10,1278.6000000000095,0.0,False,6
17,0,3,[1 2],861.5000000000073,0.5,0.5,0.1292691122085733,SI,[2 1],49.49999999999994,10,1278.6000000000095,0.0,False,6
17,0,4,[1 2],861.5000000000073,0.5,0.5,0.19764435314144058,SI,[2 1],49.49999999999994,10,1278.6000000000095,0.0,False,6
18,0,0,[1 2],861.5000000000073,0.5,0.5,0.151574631753294,SI,[2 1],49.49999999999994,10,1278.6000000000095,0.0,False,6
18,0,1,[1 2],861.5000000000073,0.5,0.5,0.40675188607747303,SI,[2 1],49.49999999999994,10,1278.6000000000095,0.0,False,6
18,0,2,[1 2],861.5000000000073,0.5,0.5,0.04739066378306378,SI,[2 1],49.49999999999994,10,1278.6000000000095,0.0,False,6
18,0,3,[1 2],861.5000000000073,0.5,0.5,0.17685966335416003,SI,[2 1],49.49999999999994,10,1278.6000000000095,0.0,False,6
18,0,4,[1 2],861.5000000000073,0.5,0.5,0.3147413688825842,SI,[2 1],49.49999999999994,10,1278.6000000000095,0.0,False,6
19,0,0,[1 2],861.5000000000073,0.5,0.5,0.4358428153238073,SI,[2 1],49.49999999999994,10,1278.6000000000095,0.0,False,6
19,0,1,[1 2],861.5000000000073,0.5,0.5,0.0017655435723568091,SI,[2 1],49.49999999999994,10,1278.6000000000095,0.0,False,6
19,0,2,[1 2],861.5000000000073,0.5,0.5,0.08349445022249313,SI,[2 1],49.49999999999994,10,1278.6000000000095,0.0,False,6
19,0,3,[1 2],861.5000000000073,0.5,0.5,0.0179376789346396,SI,[2 1],49.49999999999994,10,1278.6000000000095,0.0,False,6
19,0,4,[1 2],861.5000000000073,0.5,0.5,0.2664134464776432,SI,[2 1],49.49999999999994,10,1278.6000000000095,0.0,False,6
20,0,0,[1 2],861.5000000000073,0.5,0.5,0.04156439720060434,SI,[2 1],49.49999999999994,10,1278.6000000000095,0.0,False,6
20,0,1,[1 2],861.5000000000073,0.5,0.5,0.495878632660086,SI,[2 1],49.49999999999994,10,1278.6000000000095,0.0,False,6
20,0,2,[1 2],861.5000000000073,0.5,0.5,0.043785604147697055,SI,[2 1],49.49999999999994,10,1278.6000000000095,0.0,False,6
20,0,3,[1 2],861.5000000000073,0.5,0.5,0.2248720724698815,SI,[2 1],49.49999999999994,10,1278.6000000000095,0.0,False,6
20,0,4,[1 2],861.5000000000073,0.5,0.5,0.05129332671207243,SI,[2 1],49.49999999999994,10,1278.6000000000095,0.0,False,6
21,0,0,[1 2],861.5000000000073,0.5,0.5,0.3171849677462203,SI,[2 1],49.49999999999994,10,1278.6000000000095,0.0,False,6
21,0,1,[1 2],861.5000000000073,0.5,0.5,0.1460976194125223,SI,[2 1],49.49999999999994,10,1278.6000000000095,0.0,False,6
21,0,2,[1 2],861.5000000000073,0.5,0.5,0.009973155012270696,SI,[2 1],49.49999999999994,10,1278.6000000000095,0.0,False,6
21,0,3,[1 2],861.5000000000073,0.5,0.5,0.1255496402923434,SI,[2 1],49.49999999999994,10,1278.6000000000095,0.0,False,6
21,0,4,[1 2],861.5000000000073,0.5,0.5,0.2035754603407678,SI,[2 1],49.49999999999994,10,1278.6000000000095,0.0,False,6
22,0,0,[1 2],861.5000000000073,0.5,0.5,0.34992797812520315,SI,[2 1],49.49999999999994,10,1278.6000000000095,0.0,False,6
22,0,1,[1 2],861.5000000000073,0.5,0.5,0.06701057224454499,SI,[2 1],49.49999999999994,10,1278.6000000000095,0.0,False,6
22,0,2,[1 2],861.5000000000073,0.5,0.5,0.11332820527395016,SI,[2 1],49.49999999999994,10,1278.6000000000095,0.0,False,6
22,0,3,[1 2],861.5000000000073,0.5,0.5,0.44084037055297565,SI,[2 1],49.49999999999994,10,1278.6000000000095,0.0,False,6
22,0,4,[1 2],861.5000000000073,0.5,0.5,0.16172702547498996,SI,[2 1],49.49999999999994,10,1278.6000000000095,0.0,False,6
23,0,0,[1 2],861.5000000000073,0.5,0.5,0.2746991912575313,SI,[2 1],49.49999999999994,10,1278.6000000000095,0.0,False,6
23,0,1,[1 2],861.5000000000073,0.5,0.5,0.06238958303603881,SI,[2 1],49.49999999999994,10,1278.6000000000095,0.0,False,6
23,0,2,[1 2],861.5000000000073,0.5,0.5,0.14546084678029103,SI,[2 1],49.49999999999994,10,1278.6000000000095,0.0,False,6
23,0,3,[1 2],861.5000000000073,0.5,0.5,0.06282672987730986,SI,[2 1],49.49999999999994,10,1278.6000000000095,0.0,False,6
23,0,4,[1 2],861.5000000000073,0.5,0.5,0.3843138379855797,SI,[2 1],49.49999999999994,10,1278.6000000000095,0.0,False,6
24,0,0,[1 2],861.5000000000073,0.5,0.5,0.3005084903327083,SI,[2 1],49.49999999999994,10,1278.6000000000095,0.0,False,6
24,0,1,[1 2],861.5000000000073,0.5,0.5,0.13686119542508102,SI,[2 1],49.49999999999994,10,1278.6000000000095,0.0,False,6
24,0,2,[1 2],861.5000000000073,0.5,0.5,0.3907032461171114,SI,[2 1],49.49999999999994,10,1278.6000000000095,0.0,False,6
24,0,3,[1 2],861.5000000000073,0.5,0.5,0.35986000711557553,SI,[2 1],49.49999999999994,10,1278.6000000000095,0.0,False,6
24,0,4,[1 2],861.5000000000073,0.5,0.5,0.16900105325933346,SI,[2 1],49.49999999999994,10,1278.6000000000095,0.0,False,6
25,0,0,[1 2],861.5000000000073,0.5,0.5,0.1925940835998371,SI,[2 1],49.49999999999994,10,1278.6000000000095,0.0,False,6
25,0,1,[1 2],861.5000000000073,0.5,0.5,0.18131273637762735,SI,[2 1],49.49999999999994,10,1278.6000000000095,0.0,False,6
25,0,2,[1 2],861.5000000000073,0.5,0.5,0.25560104181852095,SI,[2 1],49.49999999999994,10,1278.6000000000095,0.0,False,6
25,0,3,[1 2],861.5000000000073,0.5,0.5,0.22848601884898567,SI,[2 1],49.49999999999994,10,1278.6000000000095,0.0,False,6
25,0,4,[1 2],861.5000000000073,0.5,0.5,0.06765596427315057,SI,[2 1],49.49999999999994,10,1278.6000000000095,0.0,False,6
26,0,0,[1 2],861.5000000000073,0.5,0.5,0.44766898185712545,SI,[2 1],49.49999999999994,10,1278.6000000000095,0.0,False,6
26,0,1,[1 2],861.5000000000073,0.5,0.5,0.4686381100191931,SI,[2 1],49.49999999999994,10,1278.6000000000095,0.0,False,6
26,0,2,[1 2],861.5000000000073,0.5,0.5,0.07938416786055513,SI,[2 1],49.49999999999994,10,1278.6000000000095,0.0,False,6
26,0,3,[1 2],861.5000000000073,0.5,0.5,0.08845318923853318,SI,[2 1],49.49999999999994,10,1278.6000000000095,0.0,False,6
26,0,4,[1 2],861.5000000000073,0.5,0.5,0.38349817458693525,SI,[2 1],49.49999999999994,10,1278.6000000000095,0.0,False,6
27,0,0,[1 2],861.5000000000073,0.5,0.5,0.12310733010544372,SI,[2 1],49.49999999999994,10,1278.6000000000095,0.0,False,6
27,0,1,[1 2],861.5000000000073,0.5,0.5,0.20065921069747195,SI,[2 1],49.49999999999994,10,1278.6000000000095,0.0,False,6
27,0,2,[1 2],861.5000000000073,0.5,0.5,0.3038095408531061,SI,[2 1],49.49999999999994,10,1278.6000000000095,0.0,False,6
27,0,3,[1 2],861.5000000000073,0.5,0.5,0.483967279735659,SI,[2 1],49.49999999999994,10,1278.6000000000095,0.0,False,6
27,0,4,[1 2],861.5000000000073,0.5,0.5,0.11023810195784167,SI,[2 1],49.49999999999994,10,1278.6000000000095,0.0,False,6
28,0,0,[1 2],861.5000000000073,0.5,0.5,0.47670273282334197,SI,[2 1],49.49999999999994,10,1278.6000000000095,0.0,False,6
28,0,1,[1 2],861.5000000000073,0.5,0.5,0.14881741092236445,SI,[2 1],49.49999999999994,10,1278.6000000000095,0.0,False,6
28,0,2,[1 2],861.5000000000073,0.5,0.5,0.25079305534865903,SI,[2 1],49.49999999999994,10,1278.6000000000095,0.0,False,6
28,0,3,[1 2],861.5000000000073,0.5,0.5,0.17720032710365707,SI,[2 1],49.49999999999994,10,1278.6000000000095,0.0,False,6
28,0,4,[1 2],861.5000000000073,0.5,0.5,0.398745407004396,SI,[2 1],49.49999999999994,10,1278.6000000000095,0.0,False,6
29,0,0,[1 2],861.5000000000073,0.5,0.5,0.22336417412735832,SI,[2 1],49.49999999999994,10,1278.6000000000095,0.0,False,6
29,0,1,[1 2],861.5000000000073,0.5,0.5,0.008139990470356073,SI,[2 1],49.49999999999994,10,1278.6000000000095,0.0,False,6
29,0,2,[1 2],861.5000000000073,0.5,0.5,0.38578855472033935,SI,[2 1],49.49999999999994,10,1278.6000000000095,0.0,False,6
29,0,3,[1 2],861.5000000000073,0.5,0.5,0.03913341679050086,SI,[2 1],49.49999999999994,10,1278.6000000000095,0.0,False,6
29,0,4,[1 2],861.5000000000073,0.5,0.5,0.1924454506749368,SI,[2 1],49.49999999999994,10,1278.6000000000095,0.0,False,6
30,0,0,[1 2],861.5000000000073,0.5,0.5,0.2504271928461905,SI,[2 1],49.49999999999994,10,1278.6000000000095,0.0,False,6
30,0,1,[1 2],861.5000000000073,0.5,0.5,0.029175118297613323,SI,[2 1],49.49999999999994,10,1278.6000000000095,0.0,False,6
30,0,2,[1 2],861.5000000000073,0.5,0.5,0.11644388354368018,SI,[2 1],49.49999999999994,10,1278.6000000000095,0.0,False,6
30,0,3,[1 2],861.5000000000073,0.5,0.5,0.1641359579222077,SI,[2 1],49.49999999999994,10,1278.6000000000095,0.0,False,6
30,0,4,[1 2],861.5000000000073,0.5,0.5,0.45372974951789935,SI,[2 1],49.49999999999994,10,1278.6000000000095,0.0,False,6
31,0,0,[1 2],861.5000000000073,0.5,0.5,0.1263857914906228,SI,[2 1],49.49999999999994,10,1278.6000000000095,0.0,False,6
31,0,1,[1 2],861.5000000000073,0.5,0.5,0.19179318304413662,SI,[2 1],49.49999999999994,10,1278.6000000000095,0.0,False,6
31,0,2,[1 2],861.5000000000073,0.5,0.5,0.02784647948658925,SI,[2 1],49.49999999999994,10,1278.6000000000095,0.0,False,6
31,0,3,[1 2],861.5000000000073,0.5,0.5,0.05798845894370219,SI,[2 1],49.49999999999994,10,1278.6000000000095,0.0,False,6
31,0,4,[1 2],861.5000000000073,0.5,0.5,0.22445450599586736,SI,[2 1],49.49999999999994,10,1278.6000000000095,0.0,False,6
32,0,0,[1 2],861.5000000000073,0.5,0.5,0.08606558179902934,SI,[2 1],49.49999999999994,10,1278.6000000000095,0.0,False,6
32,0,1,[1 2],861.5000000000073,0.5,0.5,0.22983488847933553,SI,[2 1],49.49999999999994,10,1278.6000000000095,0.0,False,6
32,0,2,[1 2],861.5000000000073,0.5,0.5,0.1592071184910131,SI,[2 1],49.49999999999994,10,1278.6000000000095,0.0,False,6
32,0,3,[1 2],861.5000000000073,0.5,0.5,0.42779936892785086,SI,[2 1],49.49999999999994,10,1278.6000000000095,0.0,False,6
32,0,4,[1 2],861.5000000000073,0.5,0.5,0.30305315574579117,SI,[2 1],49.49999999999994,10,1278.6000000000095,0.0,False,6
33,0,0,[1 2],861.5000000000073,0.5,0.5,0.14010855949201995,SI,[2 1],49.49999999999994,10,1278.6000000000095,0.0,False,6
33,0,1,[1 2],861.5000000000073,0.5,0.5,0.10302223462150428,SI,[2 1],49.49999999999994,10,1278.6000000000095,0.0,False,6
33,0,2,[1 2],861.5000000000073,0.5,0.5,0.0540618856656333,SI,[2 1],49.49999999999994,10,1278.6000000000095,0.0,False,6
33,0,3,[1 2],861.5000000000073,0.5,0.5,0.4712900412485792,SI,[2 1],49.49999999999994,10,1278.6000000000095,0.0,False,6
33,0,4,[1 2],861.5000000000073,0.5,0.5,0.278470401598216,SI,[2 1],49.49999999999994,10,1278.6000000000095,0.0,False,6
34,0,0,[1 2],861.5000000000073,0.5,0.5,0.06822472060987739,SI,[2 1],49.49999999999994,10,1278.6000000000095,0.0,False,6
34,0,1,[1 2],861.5000000000073,0.5,0.5,0.4122695278159777,SI,[2 1],49.49999999999994,10,1278.6000000000095,0.0,False,6
34,0,2,[1 2],861.5000000000073,0.5,0.5,0.27582392476137296,SI,[2 1],49.49999999999994,10,1278.6000000000095,0.0,False,6
34,0,3,[1 2],861.5000000000073,0.5,0.5,0.3321136101142629,SI,[2 1],49.49999999999994,10,1278.6000000000095,0.0,False,6
34,0,4,[1 2],861.5000000000073,0.5,0.5,0.3721615686578442,SI,[2 1],49.49999999999994,10,1278.6000000000095,0.0,False,6
35,0,0,[1 2],861.5000000000073,0.5,0.5,0.20616380339654816,SI,[2 1],49.49999999999994,10,1278.6000000000095,0.0,False,6
35,0,1,[1 2],861.5000000000073,0.5,0.5,0.1842967554334194,SI,[2 1],49.49999999999994,10,1278.6000000000095,0.0,False,6
35,0,2,[1 2],861.5000000000073,0.5,0.5,0.10863367509652389,SI,[2 1],49.49999999999994,10,1278.6000000000095,0.0,False,6
35,0,3,[1 2],861.5000000000073,0.5,0.5,0.04029009288790586,SI,[2 1],49.49999999999994,10,1278.6000000000095,0.0,False,6
35,0,4,[1 2],861.5000000000073,0.5,0.5,0.4680318354526857,SI,[2 1],49.49999999999994,10,1278.6000000000095,0.0,False,6
36,0,0,[1 2],861.5000000000073,0.5,0.5,0.4343296603141398,SI,[2 1],49.49999999999994,10,1278.6000000000095,0.0,False,6
36,0,1,[1 2],861.5000000000073,0.5,0.5,0.4510888613093429,SI,[2 1],49.49999999999994,10,1278.6000000000095,0.0,False,6
36,0,2,[1 2],861.5000000000073,0.5,0.5,0.49590998299410916,SI,[2 1],49.49999999999994,10,1278.6000000000095,0.0,False,6
36,0,3,[1 2],861.5000000000073,0.5,0.5,0.02392005036479883,SI,[2 1],49.49999999999994,10,1278.6000000000095,0.0,False,6
36,0,4,[1 2],861.5000000000073,0.5,0.5,0.1375433404920985,SI,[2 1],49.49999999999994,10,1278.6000000000095,0.0,False,6
37,0,0,[1 2],861.5000000000073,0.5,0.5,0.4231829297359876,SI,[2 1],49.49999999999994,10,1278.6000000000095,0.0,False,6
37,0,1,[1 2],861.5000000000073,0.5,0.5,0.4038575645951038,SI,[2 1],49.49999999999994,10,1278.6000000000095,0.0,False,6
37,0,2,[1 2],861.5000000000073,0.5,0.5,0.11802555136025039,SI,[2 1],49.49999999999994,10,1278.6000000000095,0.0,False,6
37,0,3,[1 2],861.5000000000073,0.5,0.5,0.4308192814816628,SI,[2 1],49.49999999999994,10,1278.6000000000095,0.0,False,6
37,0,4,[1 2],861.5000000000073,0.5,0.5,0.1975728054438588,SI,[2 1],49.49999999999994,10,1278.6000000000095,0.0,False,6
38,0,0,[1 2],861.5000000000073,0.5,0.5,0.20513712940468898,SI,[2 1],49.49999999999994,10,1278.6000000000095,0.0,False,6
38,0,1,[1 2],861.5000000000073,0.5,0.5,0.019592963348400216,SI,[2 1],49.49999999999994,10,1278.6000000000095,0.0,False,6
38,0,2,[1 2],861.5000000000073,0.5,0.5,0.41028306956561256,SI,[2 1],49.49999999999994,10,1278.6000000000095,0.0,False,6
38,0,3,[1 2],861.5000000000073,0.5,0.5,0.07073577837458489,SI,[2 1],49.49999999999994,10,1278.6000000000095,0.0,False,6
38,0,4,[1 2],861.5000000000073,0.5,0.5,0.31231136641097657,SI,[2 1],49.49999999999994,10,1278.6000000000095,0.0,False,6
39,0,0,[1 2],861.5000000000073,0.5,0.5,0.32523773591598404,SI,[2 1],49.49999999999994,10,1278.6000000000095,0.0,False,6
39,0,1,[1 2],861.5000000000073,0.5,0.5,0.4730207933448506,SI,[2 1],49.49999999999994,10,1278.6000000000095,0.0,False,6
39,0,2,[1 2],861.5000000000073,0.5,0.5,0.09962229230455155,SI,[2 1],49.49999999999994,10,1278.6000000000095,0.0,False,6
39,0,3,[1 2],861.5000000000073,0.5,0.5,0.18685875619755732,SI,[2 1],49.49999999999994,10,1278.6000000000095,0.0,False,6
39,0,4,[1 2],861.5000000000073,0.5,0.5,0.3112908654811941,SI,[2 1],49.49999999999994,10,1278.6000000000095,0.0,False,6
40,0,0,[1 2],861.5000000000073,0.5,0.5,0.10856787855484518,SI,[2 1],49.49999999999994,10,1278.6000000000095,0.0,False,6
40,0,1,[1 2],861.5000000000073,0.5,0.5,0.39751056930516526,SI,[2 1],49.49999999999994,10,1278.6000000000095,0.0,False,6
40,0,2,[1 2],861.5000000000073,0.5,0.5,0.4393753901576737,SI,[2 1],49.49999999999994,10,1278.6000000000095,0.0,False,6
40,0,3,[1 2],861.5000000000073,0.5,0.5,0.35022326282759775,SI,[2 1],49.49999999999994,10,1278.6000000000095,0.0,False,6
40,0,4,[1 2],861.5000000000073,0.5,0.5,0.39554291813508735,SI,[2 1],49.49999999999994,10,1278.6000000000095,0.0,False,6
41,0,0,[1 2],861.5000000000073,0.5,0.5,0.46722850422975704,SI,[2 1],49.49999999999994,10,1278.6000000000095,0.0,False,6
41,0,1,[1 2],861.5000000000073,0.5,0.5,0.1286744925583797,SI,[2 1],49.49999999999994,10,1278.6000000000095,0.0,False,6
41,0,2,[1 2],861.5000000000073,0.5,0.5,0.010747085172875592,SI,[2 1],49.49999999999994,10,1278.6000000000095,0.0,False,6
41,0,3,[1 2],861.5000000000073,0.5,0.5,0.03071048418055644,SI,[2 1],49.49999999999994,10,1278.6000000000095,0.0,False,6
41,0,4,[1 2],861.5000000000073,0.5,0.5,0.14491454871889153,SI,[2 1],49.49999999999994,10,1278.6000000000095,0.0,False,6
42,0,0,[1 2],861.5000000000073,0.5,0.5,0.08956269031299668,SI,[2 1],49.49999999999994,10,1278.6000000000095,0.0,False,6
42,0,1,[1 2],861.5000000000073,0.5,0.5,0.43243517988765523,SI,[2 1],49.49999999999994,10,1278.6000000000095,0.0,False,6
42,0,2,[1 2],861.5000000000073,0.5,0.5,0.1674016545639052,SI,[2 1],49.49999999999994,10,1278.6000000000095,0.0,False,6
42,0,3,[1 2],861.5000000000073,0.5,0.5,0.25267120588122693,SI,[2 1],49.49999999999994,10,1278.6000000000095,0.0,False,6
42,0,4,[1 2],861.5000000000073,0.5,0.5,0.21118375781532228,SI,[2 1],49.49999999999994,10,1278.6000000000095,0.0,False,6
43,0,0,[1 2],861.5000000000073,0.5,0.5,0.15896383827318816,SI,[2 1],49.49999999999994,10,1278.6000000000095,0.0,False,6
43,0,1,[1 2],861.5000000000073,0.5,0.5,0.3980241642356588,SI,[2 1],49.49999999999994,10,1278.6000000000095,0.0,False,6
43,0,2,[1 2],861.5000000000073,0.5,0.5,0.20613913017257668,SI,[2 1],49.49999999999994,10,1278.6000000000095,0.0,False,6
43,0,3,[1 2],861.5000000000073,0.5,0.5,0.001131173419740894,SI,[2 1],49.49999999999994,10,1278.6000000000095,0.0,False,6
43,0,4,[1 2],861.5000000000073,0.5,0.5,0.2836970919039805,SI,[2 1],49.49999999999994,10,1278.6000000000095,0.0,False,6
44,0,0,[1 2],861.5000000000073,0.5,0.5,0.229800309714986,SI,[2 1],49.49999999999994,10,1278.6000000000095,0.0,False,6
44,0,1,[1 2],861.5000000000073,0.5,0.5,0.43460522937174384,SI,[2 1],49.49999999999994,10,1278.6000000000095,0.0,False,6
44,0,2,[1 2],861.5000000000073,0.5,0.5,0.18858789009882082,SI,[2 1],49.49999999999994,10,1278.6000000000095,0.0,False,6
44,0,3,[1 2],861.5000000000073,0.5,0.5,0.2128240816690773,SI,[2 1],49.49999999999994,10,1278.6000000000095,0.0,False,6
44,0,4,[1 2],861.5000000000073,0.5,0.5,0.4889618041701147,SI,[2 1],49.49999999999994,10,1278.6000000000095,0.0,False,6
45,0,0,[1 2],861.5000000000073,0.5,0.5,0.4820325074121238,SI,[2 1],49.49999999999994,10,1278.6000000000095,0.0,False,6
45,0,1,[1 2],861.5000000000073,0.5,0.5,0.3958417785143248,SI,[2 1],49.49999999999994,10,1278.6000000000095,0.0,False,6
45,0,2,[1 2],861.5000000000073,0.5,0.5,0.4142863898637964,SI,[2 1],49.49999999999994,10,1278.6000000000095,0.0,False,6
45,0,3,[1 2],861.5000000000073,0.5,0.5,0.23627072423651962,SI,[2 1],49.49999999999994,10,1278.6000000000095,0.0,False,6
45,0,4,[1 2],861.5000000000073,0.5,0.5,0.39676415292075673,SI,[2 1],49.49999999999994,10,1278.6000000000095,0.0,False,6
46,0,0,[1 2],861.5000000000073,0.5,0.5,0.17647962652846638,SI,[2 1],49.49999999999994,10,1278.6000000000095,0.0,False,6
46,0,1,[1 2],861.5000000000073,0.5,0.5,0.24387377736160976,SI,[2 1],49.49999999999994,10,1278.6000000000095,0.0,False,6
46,0,2,[1 2],861.5000000000073,0.5,0.5,0.3021084748511702,SI,[2 1],49.49999999999994,10,1278.6000000000095,0.0,False,6
46,0,3,[1 2],861.5000000000073,0.5,0.5,0.28749402693633996,SI,[2 1],49.49999999999994,10,1278.6000000000095,0.0,False,6
46,0,4,[1 2],861.5000000000073,0.5,0.5,0.4113488956387632,SI,[2 1],49.49999999999994,10,1278.6000000000095,0.0,False,6
47,0,0,[1 2],861.5000000000073,0.5,0.5,0.3019517064827778,SI,[2 1],49.49999999999994,10,1278.6000000000095,0.0,False,6
47,0,1,[1 2],861.5000000000073,0.5,0.5,0.02920897366902453,SI,[2 1],49.49999999999994,10,1278.6000000000095,0.0,False,6
47,0,2,[1 2],861.5000000000073,0.5,0.5,0.0728502147707426,SI,[2 1],49.49999999999994,10,1278.6000000000095,0.0,False,6
47,0,3,[1 2],861.5000000000073,0.5,0.5,0.3569634974373732,SI,[2 1],49.49999999999994,10,1278.6000000000095,0.0,False,6
47,0,4,[1 2],861.5000000000073,0.5,0.5,0.12742167002989357,SI,[2 1],49.49999999999994,10,1278.6000000000095,0.0,False,6
48,0,0,[1 2],861.5000000000073,0.5,0.5,0.41708631309131183,SI,[2 1],49.49999999999994,10,1278.6000000000095,0.0,False,6
48,0,1,[1 2],861.5000000000073,0.5,0.5,0.3478850003774624,SI,[2 1],49.49999999999994,10,1278.6000000000095,0.0,False,6
48,0,2,[1 2],861.5000000000073,0.5,0.5,0.4233907130897433,SI,[2 1],49.49999999999994,10,1278.6000000000095,0.0,False,6
48,0,3,[1 2],861.5000000000073,0.5,0.5,0.050445188760994686,SI,[2 1],49.49999999999994,10,1278.6000000000095,0.0,False,6
48,0,4,[1 2],861.5000000000073,0.5,0.5,0.4615780761800008,SI,[2 1],49.49999999999994,10,1278.6000000000095,0.0,False,6
49,0,0,[1 2],861.5000000000073,0.5,0.5,0.2039698658485246,SI,[2 1],49.49999999999994,10,1278.6000000000095,0.0,False,6
49,0,1,[1 2],861.5000000000073,0.5,0.5,0.419445671655729,SI,[2 1],49.49999999999994,10,1278.6000000000095,0.0,False,6
49,0,2,[1 2],861.5000000000073,0.5,0.5,0.14571235718046027,SI,[2 1],49.49999999999994,10,1278.6000000000095,0.0,False,6
49,0,3,[1 2],861.5000000000073,0.5,0.5,0.11469166035221867,SI,[2 1],49.49999999999994,10,1278.6000000000095,0.0,False,6
49,0,4,[1 2],861.5000000000073,0.5,0.5,0.3149830986015725,SI,[2 1],49.49999999999994,10,1278.6000000000095,0.0,False,6
50,0,0,[1 2],861.5000000000073,0.5,0.5,0.4799503729156014,SI,[2 1],49.49999999999994,10,1278.6000000000095,0.0,False,6
50,0,1,[1 2],861.5000000000073,0.5,0.5,0.034275471921273115,SI,[2 1],49.49999999999994,10,1278.6000000000095,0.0,False,6
50,0,2,[1 2],861.5000000000073,0.5,0.5,0.46769732247504114,SI,[2 1],49.49999999999994,10,1278.6000000000095,0.0,False,6
50,0,3,[1 2],861.5000000000073,0.5,0.5,0.2718216623503429,SI,[2 1],49.49999999999994,10,1278.6000000000095,0.0,False,6
50,0,4,[1 2],861.5000000000073,0.5,0.5,0.13693485489468338,SI,[2 1],49.49999999999994,10,1278.6000000000095,0.0,False,6
0,0,0,[3 2 1],952.5,0.5,0.5,0.13575056807816577,SI,[3 1 2],52.5,10,996.6999999999971,0.0,False,7
0,0,1,[3 2 1],952.5,0.5,0.5,0.46217357122731895,SI,[3 1 2],52.5,10,996.6999999999971,0.0,False,7
0,0,2,[3 2 1],952.5,0.5,0.5,0.47463445809823523,SI,[3 1 2],52.5,10,996.6999999999971,0.0,False,7
0,0,3,[3 2 1],952.5,0.5,0.5,0.13263272030400364,SI,[3 1 2],52.5,10,996.6999999999971,0.0,False,7
0,0,4,[3 2 1],952.5,0.5,0.5,0.16420374332232046,SI,[1 2 3],89.0,10,979.5999999999985,0.0,False,7
1,0,0,[3 2 1],952.5,0.5,0.5,0.14179114535899828,SI,[3 1 2],52.5,10,996.6999999999971,0.0,False,7
1,0,1,[3 2 1],952.5,0.5,0.5,0.13670662473946127,SI,[3 1 2],52.5,10,996.6999999999971,0.0,False,7
1,0,2,[3 2 1],952.5,0.5,0.5,0.8367855343106868,MI,[1 2 3],89.0,10,979.5999999999985,0.0,False,7
1,0,3,[3 2 1],952.5,0.5,0.5,0.38362573449123505,SI,[3 1 2],52.5,10,996.6999999999971,0.0,False,7
1,0,4,[3 2 1],952.5,0.5,0.5,0.43367322925481555,SI,[3 1 2],52.5,10,996.6999999999971,0.0,False,7
2,0,0,[3 2 1],952.5,0.5,0.5,0.48440479451190677,SI,[3 1 2],52.5,10,996.6999999999971,0.0,False,7
2,0,1,[3 2 1],952.5,0.5,0.5,0.31768775592390586,SI,[3 1 2],52.5,10,996.6999999999971,0.0,False,7
2,0,2,[3 2 1],952.5,0.5,0.5,0.07893700045443186,SI,[3 1 2],52.5,10,996.6999999999971,0.0,False,7
2,0,3,[3 2 1],952.5,0.5,0.5,0.21550057877700823,SI,[3 1 2],52.5,10,996.6999999999971,0.0,False,7
2,0,4,[3 2 1],952.5,0.5,0.5,0.95944326076835,MI,[1 2 3],89.0,10,979.5999999999985,0.0,False,7
3,0,0,[3 2 1],952.5,0.5,0.5,0.3575356328442346,SI,[3 1 2],52.5,10,996.6999999999971,0.0,False,7
3,0,1,[3 2 1],952.5,0.5,0.5,0.3310844009131826,SI,[3 1 2],52.5,10,996.6999999999971,0.0,False,7
3,0,2,[3 2 1],952.5,0.5,0.5,0.20152227401970058,SI,[3 1 2],52.5,10,996.6999999999971,0.0,False,7
3,0,3,[3 2 1],952.5,0.5,0.5,0.18059887119050655,SI,[3 1 2],52.5,10,996.6999999999971,0.0,False,7
3,0,4,[3 2 1],952.5,0.5,0.5,0.13576243952800415,SI,[3 1 2],52.5,10,996.6999999999971,0.0,False,7
4,0,0,[3 2 1],952.5,0.5,0.5,0.055263194806600247,SI,[3 1 2],52.5,10,996.6999999999971,0.0,False,7
4,0,1,[3 2 1],952.5,0.5,0.5,0.046650498769582494,SI,[3 1 2],52.5,10,996.6999999999971,0.0,False,7
4,0,2,[3 2 1],952.5,0.5,0.5,0.8934405366791793,MI,[1 2 3],89.0,10,979.5999999999985,0.0,False,7
4,0,3,[3 2 1],952.5,0.5,0.5,0.22502168912911757,SI,[3 1 2],52.5,10,996.6999999999971,0.0,False,7
4,0,4,[3 2 1],952.5,0.5,0.5,0.4559561738512681,SI,[3 1 2],52.5,10,996.6999999999971,0.0,False,7
5,0,0,[3 2 1],952.5,0.5,0.5,0.23996932788841285,SI,[3 1 2],52.5,10,996.6999999999971,0.0,False,7
5,0,1,[3 2 1],952.5,0.5,0.5,0.14855668791313414,SI,[3 1 2],52.5,10,996.6999999999971,0.0,False,7
5,0,2,[3 2 1],952.5,0.5,0.5,0.6422138912526426,MI,[1 2 3],89.0,10,979.5999999999985,0.0,False,7
5,0,3,[3 2 1],952.5,0.5,0.5,0.2363805598526062,SI,[3 1 2],52.5,10,996.6999999999971,0.0,False,7
5,0,4,[3 2 1],952.5,0.5,0.5,0.20131485354443635,SI,[1 2 3],89.0,10,979.5999999999985,0.0,False,7
6,0,0,[3 2 1],952.5,0.5,0.5,0.352845904200602,SI,[3 1 2],52.5,10,996.6999999999971,0.0,False,7
6,0,1,[3 2 1],952.5,0.5,0.5,0.7945458241076835,MI,[1 2 3],89.0,10,979.5999999999985,0.0,False,7
6,0,2,[3 2 1],952.5,0.5,0.5,0.5324725384318088,MI,[1 2 3],89.0,10,979.5999999999985,0.0,False,7
6,0,3,[3 2 1],952.5,0.5,0.5,0.04759355478140748,SI,[3 1 2],52.5,10,996.6999999999971,0.0,False,7
6,0,4,[3 2 1],952.5,0.5,0.5,0.01784706874541564,SI,[3 1 2],52.5,10,996.6999999999971,0.0,False,7
7,0,0,[3 2 1],952.5,0.5,0.5,0.5066617717460649,MI,[1 2 3],89.0,10,979.5999999999985,0.0,False,7
7,0,1,[3 2 1],952.5,0.5,0.5,0.06543178613462375,SI,[3 1 2],52.5,10,996.6999999999971,0.0,False,7
7,0,2,[3 2 1],952.5,0.5,0.5,0.4504738955663058,SI,[3 1 2],52.5,10,996.6999999999971,0.0,False,7
7,0,3,[3 2 1],952.5,0.5,0.5,0.1234775216546361,SI,[3 1 2],52.5,10,996.6999999999971,0.0,False,7
7,0,4,[3 2 1],952.5,0.5,0.5,0.373459621405519,SI,[3 1 2],52.5,10,996.6999999999971,0.0,False,7
8,0,0,[3 2 1],952.5,0.5,0.5,0.02380874716079695,SI,[3 1 2],52.5,10,996.6999999999971,0.0,False,7
8,0,1,[3 2 1],952.5,0.5,0.5,0.48347341907239927,SI,[3 1 2],52.5,10,996.6999999999971,0.0,False,7
8,0,2,[3 2 1],952.5,0.5,0.5,0.17414132508514524,SI,[3 1 2],52.5,10,996.6999999999971,0.0,False,7
8,0,3,[3 2 1],952.5,0.5,0.5,0.2244554059388303,SI,[3 1 2],52.5,10,996.6999999999971,0.0,False,7
8,0,4,[3 2 1],952.5,0.5,0.5,0.7333265567672792,MI,[1 2 3],89.0,10,979.5999999999985,0.0,False,7
9,0,0,[3 2 1],952.5,0.5,0.5,0.23770407411262873,SI,[3 1 2],52.5,10,996.6999999999971,0.0,False,7
9,0,1,[3 2 1],952.5,0.5,0.5,0.33422746355672006,SI,[3 1 2],52.5,10,996.6999999999971,0.0,False,7
9,0,2,[3 2 1],952.5,0.5,0.5,0.458178465314389,SI,[3 1 2],52.5,10,996.6999999999971,0.0,False,7
9,0,3,[3 2 1],952.5,0.5,0.5,0.4948138805375256,SI,[3 1 2],52.5,10,996.6999999999971,0.0,False,7
9,0,4,[3 2 1],952.5,0.5,0.5,0.21164225125837766,SI,[3 1 2],52.5,10,996.6999999999971,0.0,False,7
10,0,0,[3 2 1],952.5,0.5,0.5,0.4300739271455828,SI,[3 1 2],52.5,10,996.6999999999971,0.0,False,7
10,0,1,[3 2 1],952.5,0.5,0.5,0.4019771337639425,SI,[3 1 2],52.5,10,996.6999999999971,0.0,False,7
10,0,2,[3 2 1],952.5,0.5,0.5,0.4493746820164558,SI,[3 1 2],52.5,10,996.6999999999971,0.0,False,7
10,0,3,[3 2 1],952.5,0.5,0.5,0.45091575503575365,SI,[3 1 2],52.5,10,996.6999999999971,0.0,False,7
10,0,4,[3 2 1],952.5,0.5,0.5,0.8749996744040132,MI,[1 2 3],89.0,10,979.5999999999985,0.0,False,7
11,0,0,[3 2 1],952.5,0.5,0.5,0.32202200305758355,SI,[3 1 2],52.5,10,996.6999999999971,0.0,False,7
11,0,1,[3 2 1],952.5,0.5,0.5,0.33934664751339405,SI,[3 1 2],52.5,10,996.6999999999971,0.0,False,7
11,0,2,[3 2 1],952.5,0.5,0.5,0.24774326874753283,SI,[3 1 2],52.5,10,996.6999999999971,0.0,False,7
11,0,3,[3 2 1],952.5,0.5,0.5,0.16607914169600924,SI,[3 1 2],52.5,10,996.6999999999971,0.0,False,7
11,0,4,[3 2 1],952.5,0.5,0.5,0.05979644926215377,SI,[3 1 2],52.5,10,996.6999999999971,0.0,False,7
12,0,0,[3 2 1],952.5,0.5,0.5,0.33646756830501845,SI,[3 1 2],52.5,10,996.6999999999971,0.0,False,7
12,0,1,[3 2 1],952.5,0.5,0.5,0.7428745834328776,MI,[1 2 3],89.0,10,979.5999999999985,0.0,False,7
12,0,2,[3 2 1],952.5,0.5,0.5,0.4411697557916274,SI,[3 1 2],52.5,10,996.6999999999971,0.0,False,7
12,0,3,[3 2 1],952.5,0.5,0.5,0.5143979088474689,MI,[1 2 3],89.0,10,979.5999999999985,0.0,False,7
12,0,4,[3 2 1],952.5,0.5,0.5,0.4667224922848725,SI,[3 1 2],52.5,10,996.6999999999971,0.0,False,7
13,0,0,[3 2 1],952.5,0.5,0.5,0.06413621736550723,SI,[3 1 2],52.5,10,996.6999999999971,0.0,False,7
13,0,1,[3 2 1],952.5,0.5,0.5,0.2771953849090735,SI,[3 1 2],52.5,10,996.6999999999971,0.0,False,7
13,0,2,[3 2 1],952.5,0.5,0.5,0.8487531880853102,MI,[1 2 3],89.0,10,979.5999999999985,0.0,False,7
13,0,3,[3 2 1],952.5,0.5,0.5,0.2669164562517622,SI,[3 1 2],52.5,10,996.6999999999971,0.0,False,7
13,0,4,[3 2 1],952.5,0.5,0.5,0.011407779656386396,SI,[3 1 2],52.5,10,996.6999999999971,0.0,False,7
14,0,0,[3 2 1],952.5,0.5,0.5,0.23247312635561124,SI,[3 1 2],52.5,10,996.6999999999971,0.0,False,7
14,0,1,[3 2 1],952.5,0.5,0.5,0.29929593375154717,SI,[3 1 2],52.5,10,996.6999999999971,0.0,False,7
14,0,2,[3 2 1],952.5,0.5,0.5,0.7438421959622975,MI,[1 2 3],89.0,10,979.5999999999985,0.0,False,7
14,0,3,[3 2 1],952.5,0.5,0.5,0.13367009253275564,SI,[3 1 2],52.5,10,996.6999999999971,0.0,False,7
14,0,4,[3 2 1],952.5,0.5,0.5,0.06752614135348578,SI,[3 1 2],52.5,10,996.6999999999971,0.0,False,7
15,0,0,[3 2 1],952.5,0.5,0.5,0.6530665475626056,MI,[1 2 3],89.0,10,979.5999999999985,0.0,False,7
15,0,1,[3 2 1],952.5,0.5,0.5,0.269199141416796,SI,[3 1 2],52.5,10,996.6999999999971,0.0,False,7
15,0,2,[3 2 1],952.5,0.5,0.5,0.0737877236082346,SI,[3 1 2],52.5,10,996.6999999999971,0.0,False,7
15,0,3,[3 2 1],952.5,0.5,0.5,0.013664359944603466,SI,[3 1 2],52.5,10,996.6999999999971,0.0,False,7
15,0,4,[3 2 1],952.5,0.5,0.5,0.13889144137338705,SI,[3 1 2],52.5,10,996.6999999999971,0.0,False,7
16,0,0,[3 2 1],952.5,0.5,0.5,0.8302448351023205,MI,[1 2 3],89.0,10,979.5999999999985,0.0,False,7
16,0,1,[3 2 1],952.5,0.5,0.5,0.01837160439590846,SI,[3 1 2],52.5,10,996.6999999999971,0.0,False,7
16,0,2,[3 2 1],952.5,0.5,0.5,0.18508752722557809,SI,[3 1 2],52.5,10,996.6999999999971,0.0,False,7
16,0,3,[3 2 1],952.5,0.5,0.5,0.9580041312015556,MI,[1 2 3],89.0,10,979.5999999999985,0.0,False,7
16,0,4,[3 2 1],952.5,0.5,0.5,0.3647048316389181,SI,[3 1 2],52.5,10,996.6999999999971,0.0,False,7
17,0,0,[3 2 1],952.5,0.5,0.5,0.2700761553400124,SI,[3 1 2],52.5,10,996.6999999999971,0.0,False,7
17,0,1,[3 2 1],952.5,0.5,0.5,0.1485375405472662,SI,[3 1 2],52.5,10,996.6999999999971,0.0,False,7
17,0,2,[3 2 1],952.5,0.5,0.5,0.24079734785895723,SI,[3 1 2],52.5,10,996.6999999999971,0.0,False,7
17,0,3,[3 2 1],952.5,0.5,0.5,0.11760619662127525,SI,[3 1 2],52.5,10,996.6999999999971,0.0,False,7
17,0,4,[3 2 1],952.5,0.5,0.5,0.1653932784842186,SI,[3 1 2],52.5,10,996.6999999999971,0.0,False,7
18,0,0,[3 2 1],952.5,0.5,0.5,0.241454875094123,SI,[3 1 2],52.5,10,996.6999999999971,0.0,False,7
18,0,1,[3 2 1],952.5,0.5,0.5,0.23813514280287862,SI,[3 1 2],52.5,10,996.6999999999971,0.0,False,7
18,0,2,[3 2 1],952.5,0.5,0.5,0.030879331505982432,SI,[3 1 2],52.5,10,996.6999999999971,0.0,False,7
18,0,3,[3 2 1],952.5,0.5,0.5,0.6306189228064861,MI,[1 2 3],89.0,10,979.5999999999985,0.0,False,7
18,0,4,[3 2 1],952.5,0.5,0.5,0.36844345013824087,SI,[3 1 2],52.5,10,996.6999999999971,0.0,False,7
19,0,0,[3 2 1],952.5,0.5,0.5,0.9830296409575333,MI,[1 2 3],89.0,10,979.5999999999985,0.0,False,7
19,0,1,[3 2 1],952.5,0.5,0.5,0.35038260383333475,SI,[3 1 2],52.5,10,996.6999999999971,0.0,False,7
19,0,2,[3 2 1],952.5,0.5,0.5,0.8778019265739073,MI,[1 2 3],89.0,10,979.5999999999985,0.0,False,7
19,0,3,[3 2 1],952.5,0.5,0.5,0.43740711593600956,SI,[3 1 2],52.5,10,996.6999999999971,0.0,False,7
19,0,4,[3 2 1],952.5,0.5,0.5,0.166382244858441,SI,[3 1 2],52.5,10,996.6999999999971,0.0,False,7
20,0,0,[3 2 1],952.5,0.5,0.5,0.1171919594216636,SI,[3 1 2],52.5,10,996.6999999999971,0.0,False,7
20,0,1,[3 2 1],952.5,0.5,0.5,0.10153602515939175,SI,[3 1 2],52.5,10,996.6999999999971,0.0,False,7
20,0,2,[3 2 1],952.5,0.5,0.5,0.150333804486127,SI,[3 1 2],52.5,10,996.6999999999971,0.0,False,7
20,0,3,[3 2 1],952.5,0.5,0.5,0.29691667890632045,SI,[3 1 2],52.5,10,996.6999999999971,0.0,False,7
20,0,4,[3 2 1],952.5,0.5,0.5,0.8731906973136987,MI,[1 2 3],89.0,10,979.5999999999985,0.0,False,7
21,0,0,[3 2 1],952.5,0.5,0.5,0.11310857895604787,SI,[3 1 2],52.5,10,996.6999999999971,0.0,False,7
21,0,1,[3 2 1],952.5,0.5,0.5,0.11245432535409383,SI,[3 1 2],52.5,10,996.6999999999971,0.0,False,7
21,0,2,[3 2 1],952.5,0.5,0.5,0.4709472669164766,SI,[3 1 2],52.5,10,996.6999999999971,0.0,False,7
21,0,3,[3 2 1],952.5,0.5,0.5,0.7896670847350248,MI,[1 2 3],89.0,10,979.5999999999985,0.0,False,7
21,0,4,[3 2 1],952.5,0.5,0.5,0.4381495747109295,SI,[3 1 2],52.5,10,996.6999999999971,0.0,False,7
22,0,0,[3 2 1],952.5,0.5,0.5,0.7772742035943698,MI,[1 2 3],89.0,10,979.5999999999985,0.0,False,7
22,0,1,[3 2 1],952.5,0.5,0.5,0.38713186750605455,SI,[3 1 2],52.5,10,996.6999999999971,0.0,False,7
22,0,2,[3 2 1],952.5,0.5,0.5,0.3446689401069394,SI,[1 2 3],89.0,10,979.5999999999985,0.0,False,7
22,0,3,[3 2 1],952.5,0.5,0.5,0.14031502720797573,SI,[3 1 2],52.5,10,996.6999999999971,0.0,False,7
22,0,4,[3 2 1],952.5,0.5,0.5,0.3947875655777848,SI,[3 1 2],52.5,10,996.6999999999971,0.0,False,7
23,0,0,[3 2 1],952.5,0.5,0.5,0.4930834604746158,SI,[3 1 2],52.5,10,996.6999999999971,0.0,False,7
23,0,1,[3 2 1],952.5,0.5,0.5,0.41760292672625354,SI,[3 1 2],52.5,10,996.6999999999971,0.0,False,7
23,0,2,[3 2 1],952.5,0.5,0.5,0.21493842073805003,SI,[3 1 2],52.5,10,996.6999999999971,0.0,False,7
23,0,3,[3 2 1],952.5,0.5,0.5,0.03196616916980255,SI,[3 1 2],52.5,10,996.6999999999971,0.0,False,7
23,0,4,[3 2 1],952.5,0.5,0.5,0.023997387771768186,SI,[3 1 2],52.5,10,996.6999999999971,0.0,False,7
24,0,0,[3 2 1],952.5,0.5,0.5,0.49361964457379537,SI,[3 1 2],52.5,10,996.6999999999971,0.0,False,7
24,0,1,[3 2 1],952.5,0.5,0.5,0.8620281585352182,MI,[1 2 3],89.0,10,979.5999999999985,0.0,False,7
24,0,2,[3 2 1],952.5,0.5,0.5,0.051421331845245666,SI,[3 1 2],52.5,10,996.6999999999971,0.0,False,7
24,0,3,[3 2 1],952.5,0.5,0.5,0.005779080988986829,SI,[3 1 2],52.5,10,996.6999999999971,0.0,False,7
24,0,4,[3 2 1],952.5,0.5,0.5,0.19417947226194787,SI,[3 1 2],52.5,10,996.6999999999971,0.0,False,7
25,0,0,[3 2 1],952.5,0.5,0.5,0.46411819358087425,SI,[3 1 2],52.5,10,996.6999999999971,0.0,False,7
25,0,1,[3 2 1],952.5,0.5,0.5,0.17051099125818325,SI,[3 1 2],52.5,10,996.6999999999971,0.0,False,7
25,0,2,[3 2 1],952.5,0.5,0.5,0.10745269002422575,SI,[3 1 2],52.5,10,996.6999999999971,0.0,False,7
25,0,3,[3 2 1],952.5,0.5,0.5,0.09097525742988666,SI,[3 1 2],52.5,10,996.6999999999971,0.0,False,7
25,0,4,[3 2 1],952.5,0.5,0.5,0.47011648200469536,SI,[3 1 2],52.5,10,996.6999999999971,0.0,False,7
26,0,0,[3 2 1],952.5,0.5,0.5,0.09591180740309635,SI,[3 1 2],52.5,10,996.6999999999971,0.0,False,7
26,0,1,[3 2 1],952.5,0.5,0.5,0.20768663534016518,SI,[3 1 2],52.5,10,996.6999999999971,0.0,False,7
26,0,2,[3 2 1],952.5,0.5,0.5,0.019172397236192462,SI,[3 1 2],52.5,10,996.6999999999971,0.0,False,7
26,0,3,[3 2 1],952.5,0.5,0.5,0.10156680405910268,SI,[3 1 2],52.5,10,996.6999999999971,0.0,False,7
26,0,4,[3 2 1],952.5,0.5,0.5,0.5215182754794763,MI,[1 2 3],89.0,10,979.5999999999985,0.0,False,7
27,0,0,[3 2 1],952.5,0.5,0.5,0.330527907395307,SI,[3 1 2],52.5,10,996.6999999999971,0.0,False,7
27,0,1,[3 2 1],952.5,0.5,0.5,0.44342573680008,SI,[1 2 3],89.0,10,979.5999999999985,0.0,False,7
27,0,2,[3 2 1],952.5,0.5,0.5,0.8458017548840511,MI,[1 2 3],89.0,10,979.5999999999985,0.0,False,7
27,0,3,[3 2 1],952.5,0.5,0.5,0.35775287543321677,SI,[3 1 2],52.5,10,996.6999999999971,0.0,False,7
27,0,4,[3 2 1],952.5,0.5,0.5,0.4023761186323922,SI,[3 1 2],52.5,10,996.6999999999971,0.0,False,7
28,0,0,[3 2 1],952.5,0.5,0.5,0.11412165403219032,SI,[1 2 3],89.0,10,979.5999999999985,0.0,False,7
28,0,1,[3 2 1],952.5,0.5,0.5,0.10437800503486405,SI,[3 1 2],52.5,10,996.6999999999971,0.0,False,7
28,0,2,[3 2 1],952.5,0.5,0.5,0.10843814412427888,SI,[3 1 2],52.5,10,996.6999999999971,0.0,False,7
28,0,3,[3 2 1],952.5,0.5,0.5,0.4858084082153632,SI,[3 1 2],52.5,10,996.6999999999971,0.0,False,7
28,0,4,[3 2 1],952.5,0.5,0.5,0.8174028515172312,MI,[1 2 3],89.0,10,979.5999999999985,0.0,False,7
29,0,0,[3 2 1],952.5,0.5,0.5,0.34184192974756944,SI,[3 1 2],52.5,10,996.6999999999971,0.0,False,7
29,0,1,[3 2 1],952.5,0.5,0.5,0.26636915485643986,SI,[3 1 2],52.5,10,996.6999999999971,0.0,False,7
29,0,2,[3 2 1],952.5,0.5,0.5,0.4469875376729928,SI,[3 1 2],52.5,10,996.6999999999971,0.0,False,7
29,0,3,[3 2 1],952.5,0.5,0.5,0.1431421874531772,SI,[3 1 2],52.5,10,996.6999999999971,0.0,False,7
29,0,4,[3 2 1],952.5,0.5,0.5,0.9046585762981865,MI,[1 2 3],89.0,10,979.5999999999985,0.0,False,7
30,0,0,[3 2 1],952.5,0.5,0.5,0.37178182635490165,SI,[3 1 2],52.5,10,996.6999999999971,0.0,False,7
30,0,1,[3 2 1],952.5,0.5,0.5,0.46243954474419235,SI,[3 1 2],52.5,10,996.6999999999971,0.0,False,7
30,0,2,[3 2 1],952.5,0.5,0.5,0.25713899630045123,SI,[3 1 2],52.5,10,996.6999999999971,0.0,False,7
30,0,3,[3 2 1],952.5,0.5,0.5,0.10266195926809363,SI,[3 1 2],52.5,10,996.6999999999971,0.0,False,7
30,0,4,[3 2 1],952.5,0.5,0.5,0.1914986599370858,SI,[3 1 2],52.5,10,996.6999999999971,0.0,False,7
31,0,0,[3 2 1],952.5,0.5,0.5,0.2796275795405,SI,[1 2 3],89.0,10,979.5999999999985,0.0,False,7
31,0,1,[3 2 1],952.5,0.5,0.5,0.3545507325484307,SI,[3 1 2],52.5,10,996.6999999999971,0.0,False,7
31,0,2,[3 2 1],952.5,0.5,0.5,0.3613907030586653,SI,[3 1 2],52.5,10,996.6999999999971,0.0,False,7
31,0,3,[3 2 1],952.5,0.5,0.5,0.17414743153120205,SI,[3 1 2],52.5,10,996.6999999999971,0.0,False,7
31,0,4,[3 2 1],952.5,0.5,0.5,0.17951839388639856,SI,[3 1 2],52.5,10,996.6999999999971,0.0,False,7
32,0,0,[3 2 1],952.5,0.5,0.5,0.40963226267644515,SI,[3 1 2],52.5,10,996.6999999999971,0.0,False,7
32,0,1,[3 2 1],952.5,0.5,0.5,0.2837899596250212,SI,[3 1 2],52.5,10,996.6999999999971,0.0,False,7
32,0,2,[3 2 1],952.5,0.5,0.5,0.06109186737396766,SI,[3 1 2],52.5,10,996.6999999999971,0.0,False,7
32,0,3,[3 2 1],952.5,0.5,0.5,0.2675497144419742,SI,[3 1 2],52.5,10,996.6999999999971,0.0,False,7
32,0,4,[3 2 1],952.5,0.5,0.5,0.04216345038788638,SI,[3 1 2],52.5,10,996.6999999999971,0.0,False,7
33,0,0,[3 2 1],952.5,0.5,0.5,0.2908867132896049,SI,[3 1 2],52.5,10,996.6999999999971,0.0,False,7
33,0,1,[3 2 1],952.5,0.5,0.5,0.3674042649912389,SI,[3 1 2],52.5,10,996.6999999999971,0.0,False,7
33,0,2,[3 2 1],952.5,0.5,0.5,0.46733155166142215,SI,[3 1 2],52.5,10,996.6999999999971,0.0,False,7
33,0,3,[3 2 1],952.5,0.5,0.5,0.412042151294996,SI,[3 1 2],52.5,10,996.6999999999971,0.0,False,7
33,0,4,[3 2 1],952.5,0.5,0.5,0.28505321735792266,SI,[3 1 2],52.5,10,996.6999999999971,0.0,False,7
34,0,0,[3 2 1],952.5,0.5,0.5,0.3325132322483011,SI,[3 1 2],52.5,10,996.6999999999971,0.0,False,7
34,0,1,[3 2 1],952.5,0.5,0.5,0.09683643416110022,SI,[3 1 2],52.5,10,996.6999999999971,0.0,False,7
34,0,2,[3 2 1],952.5,0.5,0.5,0.006820229134699374,SI,[1 2 3],89.0,10,979.5999999999985,0.0,False,7
34,0,3,[3 2 1],952.5,0.5,0.5,0.20524528421580035,SI,[1 2 3],89.0,10,979.5999999999985,0.0,False,7
34,0,4,[3 2 1],952.5,0.5,0.5,0.08003281914430505,SI,[3 1 2],52.5,10,996.6999999999971,0.0,False,7
35,0,0,[3 2 1],952.5,0.5,0.5,0.7209544503450775,MI,[1 2 3],89.0,10,979.5999999999985,0.0,False,7
35,0,1,[3 2 1],952.5,0.5,0.5,0.05948745242197384,SI,[3 1 2],52.5,10,996.6999999999971,0.0,False,7
35,0,2,[3 2 1],952.5,0.5,0.5,0.2146205454797322,SI,[3 1 2],52.5,10,996.6999999999971,0.0,False,7
35,0,3,[3 2 1],952.5,0.5,0.5,0.06880599713968549,SI,[1 2 3],89.0,10,979.5999999999985,0.0,False,7
35,0,4,[3 2 1],952.5,0.5,0.5,0.35721051920514835,SI,[3 1 2],52.5,10,996.6999999999971,0.0,False,7
36,0,0,[3 2 1],952.5,0.5,0.5,0.24505483805294592,SI,[3 1 2],52.5,10,996.6999999999971,0.0,False,7
36,0,1,[3 2 1],952.5,0.5,0.5,0.2603732218972493,SI,[3 1 2],52.5,10,996.6999999999971,0.0,False,7
36,0,2,[3 2 1],952.5,0.5,0.5,0.028038916962476512,SI,[3 1 2],52.5,10,996.6999999999971,0.0,False,7
36,0,3,[3 2 1],952.5,0.5,0.5,0.18223222539034578,SI,[3 1 2],52.5,10,996.6999999999971,0.0,False,7
36,0,4,[3 2 1],952.5,0.5,0.5,0.20838234644778464,SI,[3 1 2],52.5,10,996.6999999999971,0.0,False,7
37,0,0,[3 2 1],952.5,0.5,0.5,0.130902714001915,SI,[3 1 2],52.5,10,996.6999999999971,0.0,False,7
37,0,1,[3 2 1],952.5,0.5,0.5,0.321642149055415,SI,[3 1 2],52.5,10,996.6999999999971,0.0,False,7
37,0,2,[3 2 1],952.5,0.5,0.5,0.24676114681177674,SI,[3 1 2],52.5,10,996.6999999999971,0.0,False,7
37,0,3,[3 2 1],952.5,0.5,0.5,0.12984318724486565,SI,[3 1 2],52.5,10,996.6999999999971,0.0,False,7
37,0,4,[3 2 1],952.5,0.5,0.5,0.33581201875793454,SI,[3 1 2],52.5,10,996.6999999999971,0.0,False,7
38,0,0,[3 2 1],952.5,0.5,0.5,0.23996834370048048,SI,[3 1 2],52.5,10,996.6999999999971,0.0,False,7
38,0,1,[3 2 1],952.5,0.5,0.5,0.12474770302886473,SI,[3 1 2],52.5,10,996.6999999999971,0.0,False,7
38,0,2,[3 2 1],952.5,0.5,0.5,0.2854578673821616,SI,[3 1 2],52.5,10,996.6999999999971,0.0,False,7
38,0,3,[3 2 1],952.5,0.5,0.5,0.2625412328226696,SI,[3 1 2],52.5,10,996.6999999999971,0.0,False,7
38,0,4,[3 2 1],952.5,0.5,0.5,0.18625513875506972,SI,[1 2 3],89.0,10,979.5999999999985,0.0,False,7
39,0,0,[3 2 1],952.5,0.5,0.5,0.2942804164865743,SI,[3 1 2],52.5,10,996.6999999999971,0.0,False,7
39,0,1,[3 2 1],952.5,0.5,0.5,0.03603487425730345,SI,[3 1 2],52.5,10,996.6999999999971,0.0,False,7
39,0,2,[3 2 1],952.5,0.5,0.5,0.0848240577890178,SI,[3 1 2],52.5,10,996.6999999999971,0.0,False,7
39,0,3,[3 2 1],952.5,0.5,0.5,0.36302424846897674,SI,[3 1 2],52.5,10,996.6999999999971,0.0,False,7
39,0,4,[3 2 1],952.5,0.5,0.5,0.3805056911547301,SI,[3 1 2],52.5,10,996.6999999999971,0.0,False,7
40,0,0,[3 2 1],952.5,0.5,0.5,0.4218562409605603,SI,[3 1 2],52.5,10,996.6999999999971,0.0,False,7
40,0,1,[3 2 1],952.5,0.5,0.5,0.08315907912492415,SI,[3 1 2],52.5,10,996.6999999999971,0.0,False,7
40,0,2,[3 2 1],952.5,0.5,0.5,0.15673134970991898,SI,[3 1 2],52.5,10,996.6999999999971,0.0,False,7
40,0,3,[3 2 1],952.5,0.5,0.5,0.24166581892635197,SI,[3 1 2],52.5,10,996.6999999999971,0.0,False,7
40,0,4,[3 2 1],952.5,0.5,0.5,0.11409493174949326,SI,[3 1 2],52.5,10,996.6999999999971,0.0,False,7
41,0,0,[3 2 1],952.5,0.5,0.5,0.37803807322726657,SI,[1 2 3],89.0,10,979.5999999999985,0.0,False,7
41,0,1,[3 2 1],952.5,0.5,0.5,0.20154412686837864,SI,[3 1 2],52.5,10,996.6999999999971,0.0,False,7
41,0,2,[3 2 1],952.5,0.5,0.5,0.3887767346081362,SI,[3 1 2],52.5,10,996.6999999999971,0.0,False,7
41,0,3,[3 2 1],952.5,0.5,0.5,0.2772602548245182,SI,[3 1 2],52.5,10,996.6999999999971,0.0,False,7
41,0,4,[3 2 1],952.5,0.5,0.5,0.28725677425147544,SI,[3 1 2],52.5,10,996.6999999999971,0.0,False,7
42,0,0,[3 2 1],952.5,0.5,0.5,0.3563623574181646,SI,[3 1 2],52.5,10,996.6999999999971,0.0,False,7
42,0,1,[3 2 1],952.5,0.5,0.5,0.12384115791118011,SI,[3 1 2],52.5,10,996.6999999999971,0.0,False,7
42,0,2,[3 2 1],952.5,0.5,0.5,0.10599284765252315,SI,[3 1 2],52.5,10,996.6999999999971,0.0,False,7
42,0,3,[3 2 1],952.5,0.5,0.5,0.05053418985748548,SI,[3 1 2],52.5,10,996.6999999999971,0.0,False,7
42,0,4,[3 2 1],952.5,0.5,0.5,0.2483319010528524,SI,[3 1 2],52.5,10,996.6999999999971,0.0,False,7
43,0,0,[3 2 1],952.5,0.5,0.5,0.6410310222720603,MI,[1 2 3],89.0,10,979.5999999999985,0.0,False,7
43,0,1,[3 2 1],952.5,0.5,0.5,0.38195025294276497,SI,[3 1 2],52.5,10,996.6999999999971,0.0,False,7
43,0,2,[3 2 1],952.5,0.5,0.5,0.6142757526101007,MI,[1 2 3],89.0,10,979.5999999999985,0.0,False,7
43,0,3,[3 2 1],952.5,0.5,0.5,0.03985687336481769,SI,[3 1 2],52.5,10,996.6999999999971,0.0,False,7
43,0,4,[3 2 1],952.5,0.5,0.5,0.17421027645818155,SI,[3 1 2],52.5,10,996.6999999999971,0.0,False,7
44,0,0,[3 2 1],952.5,0.5,0.5,0.07860966060885655,SI,[3 1 2],52.5,10,996.6999999999971,0.0,False,7
44,0,1,[3 2 1],952.5,0.5,0.5,0.39863872243505183,SI,[1 2 3],89.0,10,979.5999999999985,0.0,False,7
44,0,2,[3 2 1],952.5,0.5,0.5,0.2474422622336151,SI,[3 1 2],52.5,10,996.6999999999971,0.0,False,7
44,0,3,[3 2 1],952.5,0.5,0.5,0.029502267382186864,SI,[3 1 2],52.5,10,996.6999999999971,0.0,False,7
44,0,4,[3 2 1],952.5,0.5,0.5,0.460354374688281,SI,[3 1 2],52.5,10,996.6999999999971,0.0,False,7
45,0,0,[3 2 1],952.5,0.5,0.5,0.11434625220536887,SI,[3 1 2],52.5,10,996.6999999999971,0.0,False,7
45,0,1,[3 2 1],952.5,0.5,0.5,0.30413124149633175,SI,[3 1 2],52.5,10,996.6999999999971,0.0,False,7
45,0,2,[3 2 1],952.5,0.5,0.5,0.3496240836490139,SI,[3 1 2],52.5,10,996.6999999999971,0.0,False,7
45,0,3,[3 2 1],952.5,0.5,0.5,0.18509890772235926,SI,[3 1 2],52.5,10,996.6999999999971,0.0,False,7
45,0,4,[3 2 1],952.5,0.5,0.5,0.034927444864608415,SI,[3 1 2],52.5,10,996.6999999999971,0.0,False,7
46,0,0,[3 2 1],952.5,0.5,0.5,0.2968011025526305,SI,[3 1 2],52.5,10,996.6999999999971,0.0,False,7
46,0,1,[3 2 1],952.5,0.5,0.5,0.31576931683928344,SI,[1 2 3],89.0,10,979.5999999999985,0.0,False,7
46,0,2,[3 2 1],952.5,0.5,0.5,0.43838885104690273,SI,[3 1 2],52.5,10,996.6999999999971,0.0,False,7
46,0,3,[3 2 1],952.5,0.5,0.5,0.21987137607486618,SI,[3 1 2],52.5,10,996.6999999999971,0.0,False,7
46,0,4,[3 2 1],952.5,0.5,0.5,0.23160362488625696,SI,[3 1 2],52.5,10,996.6999999999971,0.0,False,7
47,0,0,[3 2 1],952.5,0.5,0.5,0.17020997351923217,SI,[3 1 2],52.5,10,996.6999999999971,0.0,False,7
47,0,1,[3 2 1],952.5,0.5,0.5,0.0836214077605435,SI,[3 1 2],52.5,10,996.6999999999971,0.0,False,7
47,0,2,[3 2 1],952.5,0.5,0.5,0.32061821786120737,SI,[3 1 2],52.5,10,996.6999999999971,0.0,False,7
47,0,3,[3 2 1],952.5,0.5,0.5,0.23181861945601512,SI,[3 1 2],52.5,10,996.6999999999971,0.0,False,7
47,0,4,[3 2 1],952.5,0.5,0.5,0.3025347039459936,SI,[3 1 2],52.5,10,996.6999999999971,0.0,False,7
48,0,0,[3 2 1],952.5,0.5,0.5,0.03231202106906639,SI,[3 1 2],52.5,10,996.6999999999971,0.0,False,7
48,0,1,[3 2 1],952.5,0.5,0.5,0.23341006846630952,SI,[1 2 3],89.0,10,979.5999999999985,0.0,False,7
48,0,2,[3 2 1],952.5,0.5,0.5,0.33251807983893444,SI,[3 1 2],52.5,10,996.6999999999971,0.0,False,7
48,0,3,[3 2 1],952.5,0.5,0.5,0.17841690456582504,SI,[3 1 2],52.5,10,996.6999999999971,0.0,False,7
48,0,4,[3 2 1],952.5,0.5,0.5,0.9625746227099821,MI,[1 2 3],89.0,10,979.5999999999985,0.0,False,7
49,0,0,[3 2 1],952.5,0.5,0.5,0.2983529215415015,SI,[3 1 2],52.5,10,996.6999999999971,0.0,False,7
49,0,1,[3 2 1],952.5,0.5,0.5,0.46869002230123236,SI,[3 1 2],52.5,10,996.6999999999971,0.0,False,7
49,0,2,[3 2 1],952.5,0.5,0.5,0.2977710141095371,SI,[3 1 2],52.5,10,996.6999999999971,0.0,False,7
49,0,3,[3 2 1],952.5,0.5,0.5,0.8037977704164153,MI,[1 2 3],89.0,10,979.5999999999985,0.0,False,7
49,0,4,[3 2 1],952.5,0.5,0.5,0.39885990737704435,SI,[3 1 2],52.5,10,996.6999999999971,0.0,False,7
50,0,0,[3 2 1],952.5,0.5,0.5,0.2743896003813171,SI,[3 1 2],52.5,10,996.6999999999971,0.0,False,7
50,0,1,[3 2 1],952.5,0.5,0.5,0.3636901852822335,SI,[3 1 2],52.5,10,996.6999999999971,0.0,False,7
50,0,2,[3 2 1],952.5,0.5,0.5,0.7177332881805578,MI,[1 2 3],89.0,10,979.5999999999985,0.0,False,7
50,0,3,[3 2 1],952.5,0.5,0.5,0.26309857750765775,SI,[3 1 2],52.5,10,996.6999999999971,0.0,False,7
50,0,4,[3 2 1],952.5,0.5,0.5,0.3601329888566488,SI,[3 1 2],52.5,10,996.6999999999971,0.0,False,7
0,4,0,[1 2],796.3000000000029,0.5,0.5,0.33296748258956055,SI,[2 1],116.90000000000003,10,884.4000000000015,0.0,False,8
0,4,1,[1 2],796.3000000000029,0.5,0.5,0.42703823335550606,SI,[2 1],116.90000000000003,10,884.4000000000015,0.0,False,8
0,4,2,[1 2],796.3000000000029,0.5,0.5,0.44012483024993576,SI,[2 1],116.90000000000003,10,884.4000000000015,0.0,False,8
0,4,3,[1 2],796.3000000000029,0.5,0.5,0.059275088799969344,SI,[2 1],116.90000000000003,10,884.4000000000015,0.0,False,8
0,4,4,[1 2],796.3000000000029,0.5,0.5,0.08415711080581478,SI,[2 1],116.90000000000003,10,884.4000000000015,0.0,False,8
1,0,0,[1 2],796.3000000000029,0.5,0.5,0.3074370473029471,SI,[2 1],116.90000000000003,10,884.4000000000015,0.0,False,8
1,0,1,[1 2],796.3000000000029,0.5,0.5,0.45404872928721174,SI,[2 1],116.90000000000003,10,884.4000000000015,0.0,False,8
1,0,2,[1 2],796.3000000000029,0.5,0.5,0.427669592586029,SI,[2 1],116.90000000000003,10,884.4000000000015,0.0,False,8
1,0,3,[1 2],796.3000000000029,0.5,0.5,0.18363521761050505,SI,[2 1],116.90000000000003,10,884.4000000000015,0.0,False,8
1,0,4,[1 2],796.3000000000029,0.5,0.5,0.19066336088562152,SI,[2 1],116.90000000000003,10,884.4000000000015,0.0,False,8
2,0,0,[1 2],796.3000000000029,0.5,0.5,0.30101024962090117,SI,[2 1],116.90000000000003,10,884.4000000000015,0.0,False,8
2,0,1,[1 2],796.3000000000029,0.5,0.5,0.10444709961466858,SI,[2 1],116.90000000000003,10,884.4000000000015,0.0,False,8
2,0,2,[1 2],796.3000000000029,0.5,0.5,0.3932115451723076,SI,[2 1],116.90000000000003,10,884.4000000000015,0.0,False,8
2,0,3,[1 2],796.3000000000029,0.5,0.5,0.1614073968162696,SI,[2 1],116.90000000000003,10,884.4000000000015,0.0,False,8
2,0,4,[1 2],796.3000000000029,0.5,0.5,0.009835164233307658,SI,[2 1],116.90000000000003,10,884.4000000000015,0.0,False,8
3,0,0,[1 2],796.3000000000029,0.5,0.5,0.39457963303291055,SI,[2 1],116.90000000000003,10,884.4000000000015,0.0,False,8
3,0,1,[1 2],796.3000000000029,0.5,0.5,0.3851786433663428,SI,[2 1],116.90000000000003,10,884.4000000000015,0.0,False,8
3,0,2,[1 2],796.3000000000029,0.5,0.5,0.38321211854212034,SI,[2 1],116.90000000000003,10,884.4000000000015,0.0,False,8
3,0,3,[1 2],796.3000000000029,0.5,0.5,0.15012089514938554,SI,[2 1],116.90000000000003,10,884.4000000000015,0.0,False,8
3,0,4,[1 2],796.3000000000029,0.5,0.5,0.3668024720132398,SI,[2 1],116.90000000000003,10,884.4000000000015,0.0,False,8
4,0,0,[1 2],796.3000000000029,0.5,0.5,0.4597080075982478,SI,[2 1],116.90000000000003,10,884.4000000000015,0.0,False,8
4,0,1,[1 2],796.3000000000029,0.5,0.5,0.08396464708901596,SI,[2 1],116.90000000000003,10,884.4000000000015,0.0,False,8
4,0,2,[1 2],796.3000000000029,0.5,0.5,0.041070875391212236,SI,[2 1],116.90000000000003,10,884.4000000000015,0.0,False,8
4,0,3,[1 2],796.3000000000029,0.5,0.5,0.2487803511946025,SI,[2 1],116.90000000000003,10,884.4000000000015,0.0,False,8
4,0,4,[1 2],796.3000000000029,0.5,0.5,0.36319196519474717,SI,[2 1],116.90000000000003,10,884.4000000000015,0.0,False,8
5,0,0,[1 2],796.3000000000029,0.5,0.5,0.36543853563846196,SI,[2 1],116.90000000000003,10,884.4000000000015,0.0,False,8
5,0,1,[1 2],796.3000000000029,0.5,0.5,0.02932482442290052,SI,[2 1],116.90000000000003,10,884.4000000000015,0.0,False,8
5,0,2,[1 2],796.3000000000029,0.5,0.5,0.09508323558246556,SI,[2 1],116.90000000000003,10,884.4000000000015,0.0,False,8
5,0,3,[1 2],796.3000000000029,0.5,0.5,0.17719087010576562,SI,[2 1],116.90000000000003,10,884.4000000000015,0.0,False,8
5,0,4,[1 2],796.3000000000029,0.5,0.5,0.3150340822984957,SI,[2 1],116.90000000000003,10,884.4000000000015,0.0,False,8
6,0,0,[1 2],796.3000000000029,0.5,0.5,0.03756123084630825,SI,[2 1],116.90000000000003,10,884.4000000000015,0.0,False,8
6,0,1,[1 2],796.3000000000029,0.5,0.5,0.13040954500163504,SI,[2 1],116.90000000000003,10,884.4000000000015,0.0,False,8
6,0,2,[1 2],796.3000000000029,0.5,0.5,0.17616174296560738,SI,[2 1],116.90000000000003,10,884.4000000000015,0.0,False,8
6,0,3,[1 2],796.3000000000029,0.5,0.5,0.06344253513690534,SI,[2 1],116.90000000000003,10,884.4000000000015,0.0,False,8
6,0,4,[1 2],796.3000000000029,0.5,0.5,0.20393847424650624,SI,[2 1],116.90000000000003,10,884.4000000000015,0.0,False,8
7,0,0,[1 2],796.3000000000029,0.5,0.5,0.4100981370987665,SI,[2 1],116.90000000000003,10,884.4000000000015,0.0,False,8
7,0,1,[1 2],796.3000000000029,0.5,0.5,0.061495444289267676,SI,[2 1],116.90000000000003,10,884.4000000000015,0.0,False,8
7,0,2,[1 2],796.3000000000029,0.5,0.5,0.034301104278052996,SI,[2 1],116.90000000000003,10,884.4000000000015,0.0,False,8
7,0,3,[1 2],796.3000000000029,0.5,0.5,0.22856680233915627,SI,[2 1],116.90000000000003,10,884.4000000000015,0.0,False,8
7,0,4,[1 2],796.3000000000029,0.5,0.5,0.22622752630609355,SI,[2 1],116.90000000000003,10,884.4000000000015,0.0,False,8
8,0,0,[1 2],796.3000000000029,0.5,0.5,0.1068120505352842,SI,[2 1],116.90000000000003,10,884.4000000000015,0.0,False,8
8,0,1,[1 2],796.3000000000029,0.5,0.5,0.1276601594236757,SI,[2 1],116.90000000000003,10,884.4000000000015,0.0,False,8
8,0,2,[1 2],796.3000000000029,0.5,0.5,0.3543326986438945,SI,[2 1],116.90000000000003,10,884.4000000000015,0.0,False,8
8,0,3,[1 2],796.3000000000029,0.5,0.5,0.23610955944627265,SI,[2 1],116.90000000000003,10,884.4000000000015,0.0,False,8
8,0,4,[1 2],796.3000000000029,0.5,0.5,0.263270315060643,SI,[2 1],116.90000000000003,10,884.4000000000015,0.0,False,8
9,0,0,[1 2],796.3000000000029,0.5,0.5,0.1928386917424011,SI,[2 1],116.90000000000003,10,884.4000000000015,0.0,False,8
9,0,1,[1 2],796.3000000000029,0.5,0.5,0.25740159121512884,SI,[2 1],116.90000000000003,10,884.4000000000015,0.0,False,8
9,0,2,[1 2],796.3000000000029,0.5,0.5,0.24052325939911956,SI,[2 1],116.90000000000003,10,884.4000000000015,0.0,False,8
9,0,3,[1 2],796.3000000000029,0.5,0.5,0.4381867272949763,SI,[2 1],116.90000000000003,10,884.4000000000015,0.0,False,8
9,0,4,[1 2],796.3000000000029,0.5,0.5,0.06765041764010593,SI,[2 1],116.90000000000003,10,884.4000000000015,0.0,False,8
10,0,0,[1 2],796.3000000000029,0.5,0.5,0.44913132723340476,SI,[2 1],116.90000000000003,10,884.4000000000015,0.0,False,8
10,0,1,[1 2],796.3000000000029,0.5,0.5,0.4773631194016247,SI,[2 1],116.90000000000003,10,884.4000000000015,0.0,False,8
10,0,2,[1 2],796.3000000000029,0.5,0.5,0.0015778556674994615,SI,[2 1],116.90000000000003,10,884.4000000000015,0.0,False,8
10,0,3,[1 2],796.3000000000029,0.5,0.5,0.46878769155354727,SI,[2 1],116.90000000000003,10,884.4000000000015,0.0,False,8
10,0,4,[1 2],796.3000000000029,0.5,0.5,0.2008526448358644,SI,[2 1],116.90000000000003,10,884.4000000000015,0.0,False,8
11,0,0,[1 2],796.3000000000029,0.5,0.5,0.437987403599963,SI,[2 1],116.90000000000003,10,884.4000000000015,0.0,False,8
11,0,1,[1 2],796.3000000000029,0.5,0.5,0.4547367403302004,SI,[2 1],116.90000000000003,10,884.4000000000015,0.0,False,8
11,0,2,[1 2],796.3000000000029,0.5,0.5,0.4467365937959026,SI,[2 1],116.90000000000003,10,884.4000000000015,0.0,False,8
11,0,3,[1 2],796.3000000000029,0.5,0.5,0.3715878983112195,SI,[2 1],116.90000000000003,10,884.4000000000015,0.0,False,8
11,0,4,[1 2],796.3000000000029,0.5,0.5,0.3416830927248312,SI,[2 1],116.90000000000003,10,884.4000000000015,0.0,False,8
12,0,0,[1 2],796.3000000000029,0.5,0.5,0.21751448781680038,SI,[2 1],116.90000000000003,10,884.4000000000015,0.0,False,8
12,0,1,[1 2],796.3000000000029,0.5,0.5,0.4475246336955535,SI,[2 1],116.90000000000003,10,884.4000000000015,0.0,False,8
12,0,2,[1 2],796.3000000000029,0.5,0.5,0.46394897685278635,SI,[2 1],116.90000000000003,10,884.4000000000015,0.0,False,8
12,0,3,[1 2],796.3000000000029,0.5,0.5,0.03611275309504236,SI,[2 1],116.90000000000003,10,884.4000000000015,0.0,False,8
12,0,4,[1 2],796.3000000000029,0.5,0.5,0.2791836478719084,SI,[2 1],116.90000000000003,10,884.4000000000015,0.0,False,8
13,0,0,[1 2],796.3000000000029,0.5,0.5,0.0177237332828587,SI,[2 1],116.90000000000003,10,884.4000000000015,0.0,False,8
13,0,1,[1 2],796.3000000000029,0.5,0.5,0.4822096153715808,SI,[2 1],116.90000000000003,10,884.4000000000015,0.0,False,8
13,0,2,[1 2],796.3000000000029,0.5,0.5,0.20420015114709278,SI,[2 1],116.90000000000003,10,884.4000000000015,0.0,False,8
13,0,3,[1 2],796.3000000000029,0.5,0.5,0.393161637667346,SI,[2 1],116.90000000000003,10,884.4000000000015,0.0,False,8
13,0,4,[1 2],796.3000000000029,0.5,0.5,0.47841130414401867,SI,[2 1],116.90000000000003,10,884.4000000000015,0.0,False,8
14,0,0,[1 2],796.3000000000029,0.5,0.5,0.07671776602172353,SI,[2 1],116.90000000000003,10,884.4000000000015,0.0,False,8
14,0,1,[1 2],796.3000000000029,0.5,0.5,0.4317951080634661,SI,[2 1],116.90000000000003,10,884.4000000000015,0.0,False,8
14,0,2,[1 2],796.3000000000029,0.5,0.5,0.2110829158867148,SI,[2 1],116.90000000000003,10,884.4000000000015,0.0,False,8
14,0,3,[1 2],796.3000000000029,0.5,0.5,0.22881508310942944,SI,[2 1],116.90000000000003,10,884.4000000000015,0.0,False,8
14,0,4,[1 2],796.3000000000029,0.5,0.5,0.2688248017455037,SI,[2 1],116.90000000000003,10,884.4000000000015,0.0,False,8
15,0,0,[1 2],796.3000000000029,0.5,0.5,0.20593436173589785,SI,[2 1],116.90000000000003,10,884.4000000000015,0.0,False,8
15,0,1,[1 2],796.3000000000029,0.5,0.5,0.08258671807751838,SI,[2 1],116.90000000000003,10,884.4000000000015,0.0,False,8
15,0,2,[1 2],796.3000000000029,0.5,0.5,0.024032230820320466,SI,[2 1],116.90000000000003,10,884.4000000000015,0.0,False,8
15,0,3,[1 2],796.3000000000029,0.5,0.5,0.3198106807870985,SI,[2 1],116.90000000000003,10,884.4000000000015,0.0,False,8
15,0,4,[1 2],796.3000000000029,0.5,0.5,0.043936787363608176,SI,[2 1],116.90000000000003,10,884.4000000000015,0.0,False,8
16,0,0,[1 2],796.3000000000029,0.5,0.5,0.22193151707184267,SI,[2 1],116.90000000000003,10,884.4000000000015,0.0,False,8
16,0,1,[1 2],796.3000000000029,0.5,0.5,0.12438036014305098,SI,[2 1],116.90000000000003,10,884.4000000000015,0.0,False,8
16,0,2,[1 2],796.3000000000029,0.5,0.5,0.17616030034573982,SI,[2 1],116.90000000000003,10,884.4000000000015,0.0,False,8
16,0,3,[1 2],796.3000000000029,0.5,0.5,0.28780624021781176,SI,[2 1],116.90000000000003,10,884.4000000000015,0.0,False,8
16,0,4,[1 2],796.3000000000029,0.5,0.5,0.2009268248337458,SI,[2 1],116.90000000000003,10,884.4000000000015,0.0,False,8
17,0,0,[1 2],796.3000000000029,0.5,0.5,0.06840496363844462,SI,[2 1],116.90000000000003,10,884.4000000000015,0.0,False,8
17,0,1,[1 2],796.3000000000029,0.5,0.5,0.2831072825029022,SI,[2 1],116.90000000000003,10,884.4000000000015,0.0,False,8
17,0,2,[1 2],796.3000000000029,0.5,0.5,0.18264961594995854,SI,[2 1],116.90000000000003,10,884.4000000000015,0.0,False,8
17,0,3,[1 2],796.3000000000029,0.5,0.5,0.3785599989387719,SI,[2 1],116.90000000000003,10,884.4000000000015,0.0,False,8
17,0,4,[1 2],796.3000000000029,0.5,0.5,0.1260247100853068,SI,[2 1],116.90000000000003,10,884.4000000000015,0.0,False,8
18,0,0,[1 2],796.3000000000029,0.5,0.5,0.019237389603001476,SI,[2 1],116.90000000000003,10,884.4000000000015,0.0,False,8
18,0,1,[1 2],796.3000000000029,0.5,0.5,0.28718180767326895,SI,[2 1],116.90000000000003,10,884.4000000000015,0.0,False,8
18,0,2,[1 2],796.3000000000029,0.5,0.5,0.31049475801476933,SI,[2 1],116.90000000000003,10,884.4000000000015,0.0,False,8
18,0,3,[1 2],796.3000000000029,0.5,0.5,0.4452235339768489,SI,[2 1],116.90000000000003,10,884.4000000000015,0.0,False,8
18,0,4,[1 2],796.3000000000029,0.5,0.5,0.46159509984430747,SI,[2 1],116.90000000000003,10,884.4000000000015,0.0,False,8
19,0,0,[1 2],796.3000000000029,0.5,0.5,0.26687611761367336,SI,[2 1],116.90000000000003,10,884.4000000000015,0.0,False,8
19,0,1,[1 2],796.3000000000029,0.5,0.5,0.27287460204396863,SI,[2 1],116.90000000000003,10,884.4000000000015,0.0,False,8
19,0,2,[1 2],796.3000000000029,0.5,0.5,0.07389527283481412,SI,[2 1],116.90000000000003,10,884.4000000000015,0.0,False,8
19,0,3,[1 2],796.3000000000029,0.5,0.5,0.024545149260017052,SI,[2 1],116.90000000000003,10,884.4000000000015,0.0,False,8
19,0,4,[1 2],796.3000000000029,0.5,0.5,0.11197751491144203,SI,[2 1],116.90000000000003,10,884.4000000000015,0.0,False,8
20,0,0,[1 2],796.3000000000029,0.5,0.5,0.02104396250731211,SI,[2 1],116.90000000000003,10,884.4000000000015,0.0,False,8
20,0,1,[1 2],796.3000000000029,0.5,0.5,0.22557848618596987,SI,[2 1],116.90000000000003,10,884.4000000000015,0.0,False,8
20,0,2,[1 2],796.3000000000029,0.5,0.5,0.1437088888586051,SI,[2 1],116.90000000000003,10,884.4000000000015,0.0,False,8
20,0,3,[1 2],796.3000000000029,0.5,0.5,0.35843290918531034,SI,[2 1],116.90000000000003,10,884.4000000000015,0.0,False,8
20,0,4,[1 2],796.3000000000029,0.5,0.5,0.19038288613658105,SI,[2 1],116.90000000000003,10,884.4000000000015,0.0,False,8
21,0,0,[1 2],796.3000000000029,0.5,0.5,0.3612102704645951,SI,[2 1],116.90000000000003,10,884.4000000000015,0.0,False,8
21,0,1,[1 2],796.3000000000029,0.5,0.5,0.4780187058390335,SI,[2 1],116.90000000000003,10,884.4000000000015,0.0,False,8
21,0,2,[1 2],796.3000000000029,0.5,0.5,0.15801529153744254,SI,[2 1],116.90000000000003,10,884.4000000000015,0.0,False,8
21,0,3,[1 2],796.3000000000029,0.5,0.5,0.2363754434666031,SI,[2 1],116.90000000000003,10,884.4000000000015,0.0,False,8
21,0,4,[1 2],796.3000000000029,0.5,0.5,0.2838451912674351,SI,[2 1],116.90000000000003,10,884.4000000000015,0.0,False,8
22,0,0,[1 2],796.3000000000029,0.5,0.5,0.3299539012444549,SI,[2 1],116.90000000000003,10,884.4000000000015,0.0,False,8
22,0,1,[1 2],796.3000000000029,0.5,0.5,0.30617483406918056,SI,[2 1],116.90000000000003,10,884.4000000000015,0.0,False,8
22,0,2,[1 2],796.3000000000029,0.5,0.5,0.4596363503716189,SI,[2 1],116.90000000000003,10,884.4000000000015,0.0,False,8
22,0,3,[1 2],796.3000000000029,0.5,0.5,0.4099829361594496,SI,[2 1],116.90000000000003,10,884.4000000000015,0.0,False,8
22,0,4,[1 2],796.3000000000029,0.5,0.5,0.44333498024566453,SI,[2 1],116.90000000000003,10,884.4000000000015,0.0,False,8
23,0,0,[1 2],796.3000000000029,0.5,0.5,0.2549161023540053,SI,[2 1],116.90000000000003,10,884.4000000000015,0.0,False,8
23,0,1,[1 2],796.3000000000029,0.5,0.5,0.08992824929417942,SI,[2 1],116.90000000000003,10,884.4000000000015,0.0,False,8
23,0,2,[1 2],796.3000000000029,0.5,0.5,0.07249848747954923,SI,[2 1],116.90000000000003,10,884.4000000000015,0.0,False,8
23,0,3,[1 2],796.3000000000029,0.5,0.5,0.4391102494645177,SI,[2 1],116.90000000000003,10,884.4000000000015,0.0,False,8
23,0,4,[1 2],796.3000000000029,0.5,0.5,0.49704398292006613,SI,[2 1],116.90000000000003,10,884.4000000000015,0.0,False,8
24,0,0,[1 2],796.3000000000029,0.5,0.5,0.47615856670403656,SI,[2 1],116.90000000000003,10,884.4000000000015,0.0,False,8
24,0,1,[1 2],796.3000000000029,0.5,0.5,0.15447618974627808,SI,[2 1],116.90000000000003,10,884.4000000000015,0.0,False,8
24,0,2,[1 2],796.3000000000029,0.5,0.5,0.4885920205811306,SI,[2 1],116.90000000000003,10,884.4000000000015,0.0,False,8
24,0,3,[1 2],796.3000000000029,0.5,0.5,0.004345608294523573,SI,[2 1],116.90000000000003,10,884.4000000000015,0.0,False,8
24,0,4,[1 2],796.3000000000029,0.5,0.5,0.24294561589199037,SI,[2 1],116.90000000000003,10,884.4000000000015,0.0,False,8
25,0,0,[1 2],796.3000000000029,0.5,0.5,0.45048542349882537,SI,[2 1],116.90000000000003,10,884.4000000000015,0.0,False,8
25,0,1,[1 2],796.3000000000029,0.5,0.5,0.32321610279937363,SI,[2 1],116.90000000000003,10,884.4000000000015,0.0,False,8
25,0,2,[1 2],796.3000000000029,0.5,0.5,0.05573704460769979,SI,[2 1],116.90000000000003,10,884.4000000000015,0.0,False,8
25,0,3,[1 2],796.3000000000029,0.5,0.5,0.040285820902631775,SI,[2 1],116.90000000000003,10,884.4000000000015,0.0,False,8
25,0,4,[1 2],796.3000000000029,0.5,0.5,0.11966622498455359,SI,[2 1],116.90000000000003,10,884.4000000000015,0.0,False,8
26,0,0,[1 2],796.3000000000029,0.5,0.5,0.27104896740368567,SI,[2 1],116.90000000000003,10,884.4000000000015,0.0,False,8
26,0,1,[1 2],796.3000000000029,0.5,0.5,0.17251216811128534,SI,[2 1],116.90000000000003,10,884.4000000000015,0.0,False,8
26,0,2,[1 2],796.3000000000029,0.5,0.5,0.0652915869944306,SI,[2 1],116.90000000000003,10,884.4000000000015,0.0,False,8
26,0,3,[1 2],796.3000000000029,0.5,0.5,0.02397919599227749,SI,[2 1],116.90000000000003,10,884.4000000000015,0.0,False,8
26,0,4,[1 2],796.3000000000029,0.5,0.5,0.017147518589349153,SI,[2 1],116.90000000000003,10,884.4000000000015,0.0,False,8
27,0,0,[1 2],796.3000000000029,0.5,0.5,0.07005446885237421,SI,[2 1],116.90000000000003,10,884.4000000000015,0.0,False,8
27,0,1,[1 2],796.3000000000029,0.5,0.5,0.4348828364530042,SI,[2 1],116.90000000000003,10,884.4000000000015,0.0,False,8
27,0,2,[1 2],796.3000000000029,0.5,0.5,0.06544979746164359,SI,[2 1],116.90000000000003,10,884.4000000000015,0.0,False,8
27,0,3,[1 2],796.3000000000029,0.5,0.5,0.0807114923890232,SI,[2 1],116.90000000000003,10,884.4000000000015,0.0,False,8
27,0,4,[1 2],796.3000000000029,0.5,0.5,0.14690962762226767,SI,[2 1],116.90000000000003,10,884.4000000000015,0.0,False,8
28,0,0,[1 2],796.3000000000029,0.5,0.5,0.19557018417485372,SI,[2 1],116.90000000000003,10,884.4000000000015,0.0,False,8
28,0,1,[1 2],796.3000000000029,0.5,0.5,0.2249257251974517,SI,[2 1],116.90000000000003,10,884.4000000000015,0.0,False,8
28,0,2,[1 2],796.3000000000029,0.5,0.5,0.181238602210833,SI,[2 1],116.90000000000003,10,884.4000000000015,0.0,False,8
28,0,3,[1 2],796.3000000000029,0.5,0.5,0.3359279056361807,SI,[2 1],116.90000000000003,10,884.4000000000015,0.0,False,8
28,0,4,[1 2],796.3000000000029,0.5,0.5,0.4572826497258714,SI,[2 1],116.90000000000003,10,884.4000000000015,0.0,False,8
29,0,0,[1 2],796.3000000000029,0.5,0.5,0.05108873836601813,SI,[2 1],116.90000000000003,10,884.4000000000015,0.0,False,8
29,0,1,[1 2],796.3000000000029,0.5,0.5,0.24162429992502854,SI,[2 1],116.90000000000003,10,884.4000000000015,0.0,False,8
29,0,2,[1 2],796.3000000000029,0.5,0.5,0.27734172288241654,SI,[2 1],116.90000000000003,10,884.4000000000015,0.0,False,8
29,0,3,[1 2],796.3000000000029,0.5,0.5,0.37158166609473264,SI,[2 1],116.90000000000003,10,884.4000000000015,0.0,False,8
29,0,4,[1 2],796.3000000000029,0.5,0.5,0.17164285916728583,SI,[2 1],116.90000000000003,10,884.4000000000015,0.0,False,8
30,0,0,[1 2],796.3000000000029,0.5,0.5,0.09212252082438821,SI,[2 1],116.90000000000003,10,884.4000000000015,0.0,False,8
30,0,1,[1 2],796.3000000000029,0.5,0.5,0.015053962314028557,SI,[2 1],116.90000000000003,10,884.4000000000015,0.0,False,8
30,0,2,[1 2],796.3000000000029,0.5,0.5,0.04173205052740736,SI,[2 1],116.90000000000003,10,884.4000000000015,0.0,False,8
30,0,3,[1 2],796.3000000000029,0.5,0.5,0.27323135728775694,SI,[2 1],116.90000000000003,10,884.4000000000015,0.0,False,8
30,0,4,[1 2],796.3000000000029,0.5,0.5,0.1737631889129888,SI,[2 1],116.90000000000003,10,884.4000000000015,0.0,False,8
31,0,0,[1 2],796.3000000000029,0.5,0.5,0.06166448180503947,SI,[2 1],116.90000000000003,10,884.4000000000015,0.0,False,8
31,0,1,[1 2],796.3000000000029,0.5,0.5,0.24791066851242938,SI,[2 1],116.90000000000003,10,884.4000000000015,0.0,False,8
31,0,2,[1 2],796.3000000000029,0.5,0.5,0.06465406748606617,SI,[2 1],116.90000000000003,10,884.4000000000015,0.0,False,8
31,0,3,[1 2],796.3000000000029,0.5,0.5,0.3950601850914416,SI,[2 1],116.90000000000003,10,884.4000000000015,0.0,False,8
31,0,4,[1 2],796.3000000000029,0.5,0.5,0.3498383329799687,SI,[2 1],116.90000000000003,10,884.4000000000015,0.0,False,8
32,0,0,[1 2],796.3000000000029,0.5,0.5,0.22723668102531613,SI,[2 1],116.90000000000003,10,884.4000000000015,0.0,False,8
32,0,1,[1 2],796.3000000000029,0.5,0.5,0.18934946083116166,SI,[2 1],116.90000000000003,10,884.4000000000015,0.0,False,8
32,0,2,[1 2],796.3000000000029,0.5,0.5,0.1695637080727308,SI,[2 1],116.90000000000003,10,884.4000000000015,0.0,False,8
32,0,3,[1 2],796.3000000000029,0.5,0.5,0.3765805476501868,SI,[2 1],116.90000000000003,10,884.4000000000015,0.0,False,8
32,0,4,[1 2],796.3000000000029,0.5,0.5,0.07936170382670105,SI,[2 1],116.90000000000003,10,884.4000000000015,0.0,False,8
33,0,0,[1 2],796.3000000000029,0.5,0.5,0.16717057043173977,SI,[2 1],116.90000000000003,10,884.4000000000015,0.0,False,8
33,0,1,[1 2],796.3000000000029,0.5,0.5,0.009835262245548537,SI,[2 1],116.90000000000003,10,884.4000000000015,0.0,False,8
33,0,2,[1 2],796.3000000000029,0.5,0.5,0.007927303695844823,SI,[2 1],116.90000000000003,10,884.4000000000015,0.0,False,8
33,0,3,[1 2],796.3000000000029,0.5,0.5,0.1874503420219349,SI,[2 1],116.90000000000003,10,884.4000000000015,0.0,False,8
33,0,4,[1 2],796.3000000000029,0.5,0.5,0.1391599241108571,SI,[2 1],116.90000000000003,10,884.4000000000015,0.0,False,8
34,0,0,[1 2],796.3000000000029,0.5,0.5,0.14463883305260983,SI,[2 1],116.90000000000003,10,884.4000000000015,0.0,False,8
34,0,1,[1 2],796.3000000000029,0.5,0.5,0.471049774691942,SI,[2 1],116.90000000000003,10,884.4000000000015,0.0,False,8
34,0,2,[1 2],796.3000000000029,0.5,0.5,0.40774852706014086,SI,[2 1],116.90000000000003,10,884.4000000000015,0.0,False,8
34,0,3,[1 2],796.3000000000029,0.5,0.5,0.4960164142745612,SI,[2 1],116.90000000000003,10,884.4000000000015,0.0,False,8
34,0,4,[1 2],796.3000000000029,0.5,0.5,0.38685526575472495,SI,[2 1],116.90000000000003,10,884.4000000000015,0.0,False,8
35,0,0,[1 2],796.3000000000029,0.5,0.5,0.418898641192067,SI,[2 1],116.90000000000003,10,884.4000000000015,0.0,False,8
35,0,1,[1 2],796.3000000000029,0.5,0.5,0.1395655437492641,SI,[2 1],116.90000000000003,10,884.4000000000015,0.0,False,8
35,0,2,[1 2],796.3000000000029,0.5,0.5,0.3356706036359567,SI,[2 1],116.90000000000003,10,884.4000000000015,0.0,False,8
35,0,3,[1 2],796.3000000000029,0.5,0.5,0.21313944575700927,SI,[2 1],116.90000000000003,10,884.4000000000015,0.0,False,8
35,0,4,[1 2],796.3000000000029,0.5,0.5,0.40047836577201434,SI,[2 1],116.90000000000003,10,884.4000000000015,0.0,False,8
36,0,0,[1 2],796.3000000000029,0.5,0.5,0.10080049134668645,SI,[2 1],116.90000000000003,10,884.4000000000015,0.0,False,8
36,0,1,[1 2],796.3000000000029,0.5,0.5,0.11599207998602323,SI,[2 1],116.90000000000003,10,884.4000000000015,0.0,False,8
36,0,2,[1 2],796.3000000000029,0.5,0.5,0.30029212396544813,SI,[2 1],116.90000000000003,10,884.4000000000015,0.0,False,8
36,0,3,[1 2],796.3000000000029,0.5,0.5,0.3496108363286662,SI,[2 1],116.90000000000003,10,884.4000000000015,0.0,False,8
36,0,4,[1 2],796.3000000000029,0.5,0.5,0.22829423688294603,SI,[2 1],116.90000000000003,10,884.4000000000015,0.0,False,8
37,0,0,[1 2],796.3000000000029,0.5,0.5,0.1943307495005958,SI,[2 1],116.90000000000003,10,884.4000000000015,0.0,False,8
37,0,1,[1 2],796.3000000000029,0.5,0.5,0.2563379851649956,SI,[2 1],116.90000000000003,10,884.4000000000015,0.0,False,8
37,0,2,[1 2],796.3000000000029,0.5,0.5,0.4666592118141235,SI,[2 1],116.90000000000003,10,884.4000000000015,0.0,False,8
37,0,3,[1 2],796.3000000000029,0.5,0.5,0.39327113568432104,SI,[2 1],116.90000000000003,10,884.4000000000015,0.0,False,8
37,0,4,[1 2],796.3000000000029,0.5,0.5,0.11151113596808204,SI,[2 1],116.90000000000003,10,884.4000000000015,0.0,False,8
38,0,0,[1 2],796.3000000000029,0.5,0.5,0.1613692269607213,SI,[2 1],116.90000000000003,10,884.4000000000015,0.0,False,8
38,0,1,[1 2],796.3000000000029,0.5,0.5,0.021550628709787634,SI,[2 1],116.90000000000003,10,884.4000000000015,0.0,False,8
38,0,2,[1 2],796.3000000000029,0.5,0.5,0.08552842651721992,SI,[2 1],116.90000000000003,10,884.4000000000015,0.0,False,8
38,0,3,[1 2],796.3000000000029,0.5,0.5,0.20795505558506422,SI,[2 1],116.90000000000003,10,884.4000000000015,0.0,False,8
38,0,4,[1 2],796.3000000000029,0.5,0.5,0.01014723912639326,SI,[2 1],116.90000000000003,10,884.4000000000015,0.0,False,8
39,0,0,[1 2],796.3000000000029,0.5,0.5,0.09423899600576591,SI,[2 1],116.90000000000003,10,884.4000000000015,0.0,False,8
39,0,1,[1 2],796.3000000000029,0.5,0.5,0.15422313615959815,SI,[2 1],116.90000000000003,10,884.4000000000015,0.0,False,8
39,0,2,[1 2],796.3000000000029,0.5,0.5,0.2672760222911893,SI,[2 1],116.90000000000003,10,884.4000000000015,0.0,False,8
39,0,3,[1 2],796.3000000000029,0.5,0.5,0.046949007821839084,SI,[2 1],116.90000000000003,10,884.4000000000015,0.0,False,8
39,0,4,[1 2],796.3000000000029,0.5,0.5,0.05865759594833553,SI,[2 1],116.90000000000003,10,884.4000000000015,0.0,False,8
40,0,0,[1 2],796.3000000000029,0.5,0.5,0.38693762174684454,SI,[2 1],116.90000000000003,10,884.4000000000015,0.0,False,8
40,0,1,[1 2],796.3000000000029,0.5,0.5,0.45988784492747814,SI,[2 1],116.90000000000003,10,884.4000000000015,0.0,False,8
40,0,2,[1 2],796.3000000000029,0.5,0.5,0.4665538733889075,SI,[2 1],116.90000000000003,10,884.4000000000015,0.0,False,8
40,0,3,[1 2],796.3000000000029,0.5,0.5,0.2790939714428248,SI,[2 1],116.90000000000003,10,884.4000000000015,0.0,False,8
40,0,4,[1 2],796.3000000000029,0.5,0.5,0.15806742939864327,SI,[2 1],116.90000000000003,10,884.4000000000015,0.0,False,8
41,0,0,[1 2],796.3000000000029,0.5,0.5,0.1743229972976733,SI,[2 1],116.90000000000003,10,884.4000000000015,0.0,False,8
41,0,1,[1 2],796.3000000000029,0.5,0.5,0.3628820294791798,SI,[2 1],116.90000000000003,10,884.4000000000015,0.0,False,8
41,0,2,[1 2],796.3000000000029,0.5,0.5,0.3438447791107414,SI,[2 1],116.90000000000003,10,884.4000000000015,0.0,False,8
41,0,3,[1 2],796.3000000000029,0.5,0.5,0.24010409707889502,SI,[2 1],116.90000000000003,10,884.4000000000015,0.0,False,8
41,0,4,[1 2],796.3000000000029,0.5,0.5,0.05452230439413552,SI,[2 1],116.90000000000003,10,884.4000000000015,0.0,False,8
42,0,0,[1 2],796.3000000000029,0.5,0.5,0.374401401697413,SI,[2 1],116.90000000000003,10,884.4000000000015,0.0,False,8
42,0,1,[1 2],796.3000000000029,0.5,0.5,0.40813533941534297,SI,[2 1],116.90000000000003,10,884.4000000000015,0.0,False,8
42,0,2,[1 2],796.3000000000029,0.5,0.5,0.4650229047232529,SI,[2 1],116.90000000000003,10,884.4000000000015,0.0,False,8
42,0,3,[1 2],796.3000000000029,0.5,0.5,0.3042052853844298,SI,[2 1],116.90000000000003,10,884.4000000000015,0.0,False,8
42,0,4,[1 2],796.3000000000029,0.5,0.5,0.47221064076004104,SI,[2 1],116.90000000000003,10,884.4000000000015,0.0,False,8
43,0,0,[1 2],796.3000000000029,0.5,0.5,0.4896326726920568,SI,[2 1],116.90000000000003,10,884.4000000000015,0.0,False,8
43,0,1,[1 2],796.3000000000029,0.5,0.5,0.07471617469211922,SI,[2 1],116.90000000000003,10,884.4000000000015,0.0,False,8
43,0,2,[1 2],796.3000000000029,0.5,0.5,0.2785550220471855,SI,[2 1],116.90000000000003,10,884.4000000000015,0.0,False,8
43,0,3,[1 2],796.3000000000029,0.5,0.5,0.015573576273845147,SI,[2 1],116.90000000000003,10,884.4000000000015,0.0,False,8
43,0,4,[1 2],796.3000000000029,0.5,0.5,0.31151478199899063,SI,[2 1],116.90000000000003,10,884.4000000000015,0.0,False,8
44,0,0,[1 2],796.3000000000029,0.5,0.5,0.19347894961731904,SI,[2 1],116.90000000000003,10,884.4000000000015,0.0,False,8
44,0,1,[1 2],796.3000000000029,0.5,0.5,0.05725553643468706,SI,[2 1],116.90000000000003,10,884.4000000000015,0.0,False,8
44,0,2,[1 2],796.3000000000029,0.5,0.5,0.4052136276958028,SI,[2 1],116.90000000000003,10,884.4000000000015,0.0,False,8
44,0,3,[1 2],796.3000000000029,0.5,0.5,0.4998580347882712,SI,[2 1],116.90000000000003,10,884.4000000000015,0.0,False,8
44,0,4,[1 2],796.3000000000029,0.5,0.5,0.18548748339125554,SI,[2 1],116.90000000000003,10,884.4000000000015,0.0,False,8
45,0,0,[1 2],796.3000000000029,0.5,0.5,0.15207937506662184,SI,[2 1],116.90000000000003,10,884.4000000000015,0.0,False,8
45,0,1,[1 2],796.3000000000029,0.5,0.5,0.2359469854497972,SI,[2 1],116.90000000000003,10,884.4000000000015,0.0,False,8
45,0,2,[1 2],796.3000000000029,0.5,0.5,0.4943814081323987,SI,[2 1],116.90000000000003,10,884.4000000000015,0.0,False,8
45,0,3,[1 2],796.3000000000029,0.5,0.5,0.3537587917291001,SI,[2 1],116.90000000000003,10,884.4000000000015,0.0,False,8
45,0,4,[1 2],796.3000000000029,0.5,0.5,0.28425544390506396,SI,[2 1],116.90000000000003,10,884.4000000000015,0.0,False,8
46,0,0,[1 2],796.3000000000029,0.5,0.5,0.34896222009333766,SI,[2 1],116.90000000000003,10,884.4000000000015,0.0,False,8
46,0,1,[1 2],796.3000000000029,0.5,0.5,0.12703454755750143,SI,[2 1],116.90000000000003,10,884.4000000000015,0.0,False,8
46,0,2,[1 2],796.3000000000029,0.5,0.5,0.20879543914554954,SI,[2 1],116.90000000000003,10,884.4000000000015,0.0,False,8
46,0,3,[1 2],796.3000000000029,0.5,0.5,0.08702785858296724,SI,[2 1],116.90000000000003,10,884.4000000000015,0.0,False,8
46,0,4,[1 2],796.3000000000029,0.5,0.5,0.39037815633356354,SI,[2 1],116.90000000000003,10,884.4000000000015,0.0,False,8
47,0,0,[1 2],796.3000000000029,0.5,0.5,0.1538809184101313,SI,[2 1],116.90000000000003,10,884.4000000000015,0.0,False,8
47,0,1,[1 2],796.3000000000029,0.5,0.5,0.24239119348513538,SI,[2 1],116.90000000000003,10,884.4000000000015,0.0,False,8
47,0,2,[1 2],796.3000000000029,0.5,0.5,0.3504213376189623,SI,[2 1],116.90000000000003,10,884.4000000000015,0.0,False,8
47,0,3,[1 2],796.3000000000029,0.5,0.5,0.017614604759143226,SI,[2 1],116.90000000000003,10,884.4000000000015,0.0,False,8
47,0,4,[1 2],796.3000000000029,0.5,0.5,0.054256490511186306,SI,[2 1],116.90000000000003,10,884.4000000000015,0.0,False,8
48,0,0,[1 2],796.3000000000029,0.5,0.5,0.047521754094810964,SI,[2 1],116.90000000000003,10,884.4000000000015,0.0,False,8
48,0,1,[1 2],796.3000000000029,0.5,0.5,0.46007501793656014,SI,[2 1],116.90000000000003,10,884.4000000000015,0.0,False,8
48,0,2,[1 2],796.3000000000029,0.5,0.5,0.18202809188532665,SI,[2 1],116.90000000000003,10,884.4000000000015,0.0,False,8
48,0,3,[1 2],796.3000000000029,0.5,0.5,0.1693931730332846,SI,[2 1],116.90000000000003,10,884.4000000000015,0.0,False,8
48,0,4,[1 2],796.3000000000029,0.5,0.5,0.1649391726970827,SI,[2 1],116.90000000000003,10,884.4000000000015,0.0,False,8
49,0,0,[1 2],796.3000000000029,0.5,0.5,0.10792761570231368,SI,[2 1],116.90000000000003,10,884.4000000000015,0.0,False,8
49,0,1,[1 2],796.3000000000029,0.5,0.5,0.16947149167786357,SI,[2 1],116.90000000000003,10,884.4000000000015,0.0,False,8
49,0,2,[1 2],796.3000000000029,0.5,0.5,0.3347847710223778,SI,[2 1],116.90000000000003,10,884.4000000000015,0.0,False,8
49,0,3,[1 2],796.3000000000029,0.5,0.5,0.12235171700727421,SI,[2 1],116.90000000000003,10,884.4000000000015,0.0,False,8
49,0,4,[1 2],796.3000000000029,0.5,0.5,0.30405610826961205,SI,[2 1],116.90000000000003,10,884.4000000000015,0.0,False,8
50,0,0,[1 2],796.3000000000029,0.5,0.5,0.387512692904429,SI,[2 1],116.90000000000003,10,884.4000000000015,0.0,False,8
50,0,1,[1 2],796.3000000000029,0.5,0.5,0.19719308523875068,SI,[2 1],116.90000000000003,10,884.4000000000015,0.0,False,8
50,0,2,[1 2],796.3000000000029,0.5,0.5,0.2969609378108643,SI,[2 1],116.90000000000003,10,884.4000000000015,0.0,False,8
50,0,3,[1 2],796.3000000000029,0.5,0.5,0.05082610528769271,SI,[2 1],116.90000000000003,10,884.4000000000015,0.0,False,8
50,0,4,[1 2],796.3000000000029,0.5,0.5,0.3124691834667572,SI,[2 1],116.90000000000003,10,884.4000000000015,0.0,False,8
