generation,individual,cycle,s_before,f_ini,rho_SI_before,rho_MI_before,random,operator,best_neighbor,best_delta,num_neighbors,f_imp,eta,improved,epoch
0,0,0,[2 1 3],781.3999999999978,0.5,0.5,0.46566847536726585,SI,[2 3 1],17.30000000000001,10,795.1999999999971,0.0,False,0
0,0,1,[2 1 3],781.3999999999978,0.5,0.5,0.3469019537755197,SI,[2 3 1],17.30000000000001,10,795.1999999999971,0.0,False,0
0,0,2,[2 1 3],781.3999999999978,0.5,0.5,0.3529169532326819,SI,[2 3 1],17.30000000000001,10,795.1999999999971,0.0,False,0
0,0,3,[2 1 3],781.3999999999978,0.5,0.5,0.41434632479962163,SI,[2 3 1],17.30000000000001,10,795.1999999999971,0.0,False,0
0,0,4,[2 1 3],781.3999999999978,0.5,0.5,0.1093105151646997,SI,[2 3 1],17.30000000000001,10,795.1999999999971,0.0,False,0
1,0,0,[2 1 3],781.3999999999978,0.5,0.5,0.4370724997358888,SI,[2 3 1],17.30000000000001,10,795.1999999999971,0.0,False,0
1,0,1,[2 1 3],781.3999999999978,0.5,0.5,0.46201044129800417,SI,[2 3 1],17.30000000000001,10,795.1999999999971,0.0,False,0
1,0,2,[2 1 3],781.3999999999978,0.5,0.5,0.1779704602919232,SI,[2 3 1],17.30000000000001,10,795.1999999999971,0.0,False,0
1,0,3,[2 1 3],781.3999999999978,0.5,0.5,0.13607970210569964,SI,[3 1 2],60.7,10,795.399999999976,0.0,False,0
1,0,4,[2 1 3],781.3999999999978,0.5,0.5,0.030022824399072445,SI,[2 3 1],17.30000000000001,10,795.1999999999971,0.0,False,0
2,0,0,[2 1 3],781.3999999999978,0.5,0.5,0.3556380638331652,SI,[2 3 1],17.30000000000001,10,795.1999999999971,0.0,False,0
2,0,1,[2 1 3],781.3999999999978,0.5,0.5,0.43089333568816424,SI,[2 3 1],17.30000000000001,10,795.1999999999971,0.0,False,0
2,0,2,[2 1 3],781.3999999999978,0.5,0.5,0.03131433307447273,SI,[2 3 1],17.30000000000001,10,795.1999999999971,0.0,False,0
2,0,3,[2 1 3],781.3999999999978,0.5,0.5,0.05541124360412686,SI,[2 3 1],17.30000000000001,10,795.1999999999971,0.0,False,0
2,0,4,[2 1 3],781.3999999999978,0.5,0.5,0.9197053165266766,MI,[3 1 2],60.7,10,795.399999999976,0.0,False,0
3,0,0,[2 1 3],781.3999999999978,0.5,0.5,0.11538132861819328,SI,[2 3 1],17.30000000000001,10,795.1999999999971,0.0,False,0
3,0,1,[2 1 3],781.3999999999978,0.5,0.5,0.104886998237806,SI,[2 3 1],17.30000000000001,10,795.1999999999971,0.0,False,0
3,0,2,[2 1 3],781.3999999999978,0.5,0.5,0.004124562478211247,SI,[2 3 1],17.30000000000001,10,795.1999999999971,0.0,False,0
3,0,3,[2 1 3],781.3999999999978,0.5,0.5,0.006558500617705687,SI,[2 3 1],17.30000000000001,10,795.1999999999971,0.0,False,0
3,0,4,[2 1 3],781.3999999999978,0.5,0.5,0.28514763379826746,SI,[2 3 1],17.30000000000001,10,795.1999999999971,0.0,False,0
4,0,0,[2 1 3],781.3999999999978,0.5,0.5,0.017461048785403555,SI,[2 3 1],17.30000000000001,10,795.1999999999971,0.0,False,0
4,0,1,[2 1 3],781.3999999999978,0.5,0.5,0.2972784873996327,SI,[2 3 1],17.30000000000001,10,795.1999999999971,0.0,False,0
4,0,2,[2 1 3],781.3999999999978,0.5,0.5,0.16922993685907028,SI,[2 3 1],17.30000000000001,10,795.1999999999971,0.0,False,0
4,0,3,[2 1 3],781.3999999999978,0.5,0.5,0.14062471911174268,SI,[2 3 1],17.30000000000001,10,795.1999999999971,0.0,False,0
4,0,4,[2 1 3],781.3999999999978,0.5,0.5,0.11091507978199677,SI,[2 3 1],17.30000000000001,10,795.1999999999971,0.0,False,0
5,0,0,[2 1 3],781.3999999999978,0.5,0.5,0.003264322728820268,SI,[2 3 1],17.30000000000001,10,795.1999999999971,0.0,False,0
5,0,1,[2 1 3],781.3999999999978,0.5,0.5,0.15895378466286036,SI,[2 3 1],17.30000000000001,10,795.1999999999971,0.0,False,0
5,0,2,[2 1 3],781.3999999999978,0.5,0.5,0.8470634143215948,MI,[3 1 2],60.7,10,795.399999999976,0.0,False,0
5,0,3,[2 1 3],781.3999999999978,0.5,0.5,0.4030489474105451,SI,[2 3 1],17.30000000000001,10,795.1999999999971,0.0,False,0
5,0,4,[2 1 3],781.3999999999978,0.5,0.5,0.29727027660832284,SI,[2 3 1],17.30000000000001,10,795.1999999999971,0.0,False,0
6,0,0,[2 1 3],781.3999999999978,0.5,0.5,0.38186906842965507,SI,[2 3 1],17.30000000000001,10,795.1999999999971,0.0,False,0
6,0,1,[2 1 3],781.3999999999978,0.5,0.5,0.2546306651412362,SI,[2 3 1],17.30000000000001,10,795.1999999999971,0.0,False,0
6,0,2,[2 1 3],781.3999999999978,0.5,0.5,0.021230954545516267,SI,[2 3 1],17.30000000000001,10,795.1999999999971,0.0,False,0
6,0,3,[2 1 3],781.3999999999978,0.5,0.5,0.10461960896204969,SI,[2 3 1],17.30000000000001,10,795.1999999999971,0.0,False,0
6,0,4,[2 1 3],781.3999999999978,0.5,0.5,0.1139989142576453,SI,[2 3 1],17.30000000000001,10,795.1999999999971,0.0,False,0
7,0,0,[2 1 3],781.3999999999978,0.5,0.5,0.24436313613630878,SI,[2 3 1],17.30000000000001,10,795.1999999999971,0.0,False,0
7,0,1,[2 1 3],781.3999999999978,0.5,0.5,0.8594855583600615,MI,[3 1 2],60.7,10,795.399999999976,0.0,False,0
7,0,2,[2 1 3],781.3999999999978,0.5,0.5,0.26514097617574917,SI,[2 3 1],17.30000000000001,10,795.1999999999971,0.0,False,0
7,0,3,[2 1 3],781.3999999999978,0.5,0.5,0.4254673528027144,SI,[2 3 1],17.30000000000001,10,795.1999999999971,0.0,False,0
7,0,4,[2 1 3],781.3999999999978,0.5,0.5,0.17839542423452248,SI,[2 3 1],17.30000000000001,10,795.1999999999971,0.0,False,0
8,0,0,[2 1 3],781.3999999999978,0.5,0.5,0.3385170167798556,SI,[2 3 1],17.30000000000001,10,795.1999999999971,0.0,False,0
8,0,1,[2 1 3],781.3999999999978,0.5,0.5,0.9837632067462512,MI,[3 1 2],60.7,10,795.399999999976,0.0,False,0
8,0,2,[2 1 3],781.3999999999978,0.5,0.5,0.1514250098331733,SI,[2 3 1],17.30000000000001,10,795.1999999999971,0.0,False,0
8,0,3,[2 1 3],781.3999999999978,0.5,0.5,0.18433204564020655,SI,[2 3 1],17.30000000000001,10,795.1999999999971,0.0,False,0
8,0,4,[2 1 3],781.3999999999978,0.5,0.5,0.09701020215412304,SI,[2 3 1],17.30000000000001,10,795.1999999999971,0.0,False,0
9,0,0,[2 1 3],781.3999999999978,0.5,0.5,0.028710353100062425,SI,[2 3 1],17.30000000000001,10,795.1999999999971,0.0,False,0
9,0,1,[2 1 3],781.3999999999978,0.5,0.5,0.05580506517356176,SI,[2 3 1],17.30000000000001,10,795.1999999999971,0.0,False,0
9,0,2,[2 1 3],781.3999999999978,0.5,0.5,0.48818617241297735,SI,[2 3 1],17.30000000000001,10,795.1999999999971,0.0,False,0
9,0,3,[2 1 3],781.3999999999978,0.5,0.5,0.21418199740321753,SI,[2 3 1],17.30000000000001,10,795.1999999999971,0.0,False,0
9,0,4,[2 1 3],781.3999999999978,0.5,0.5,0.49500065274625504,SI,[2 3 1],17.30000000000001,10,795.1999999999971,0.0,False,0
10,0,0,[2 1 3],781.3999999999978,0.5,0.5,0.4541587565017936,SI,[2 3 1],17.30000000000001,10,795.1999999999971,0.0,False,0
10,0,1,[2 1 3],781.3999999999978,0.5,0.5,0.4185738547489376,SI,[2 3 1],17.30000000000001,10,795.1999999999971,0.0,False,0
10,0,2,[2 1 3],781.3999999999978,0.5,0.5,0.4435862565149601,SI,[2 3 1],17.30000000000001,10,795.1999999999971,0.0,False,0
10,0,3,[2 1 3],781.3999999999978,0.5,0.5,0.34180407183500117,SI,[2 3 1],17.30000000000001,10,795.1999999999971,0.0,False,0
10,0,4,[2 1 3],781.3999999999978,0.5,0.5,0.06426195769895326,SI,[2 3 1],17.30000000000001,10,795.1999999999971,0.0,False,0
11,0,0,[2 1 3],781.3999999999978,0.5,0.5,0.11617281586735284,SI,[2 3 1],17.30000000000001,10,795.1999999999971,0.0,False,0
11,0,1,[2 1 3],781.3999999999978,0.5,0.5,0.05251819824006332,SI,[2 3 1],17.30000000000001,10,795.1999999999971,0.0,False,0
11,0,2,[2 1 3],781.3999999999978,0.5,0.5,0.20333684688400966,SI,[2 3 1],17.30000000000001,10,795.1999999999971,0.0,False,0
11,0,3,[2 1 3],781.3999999999978,0.5,0.5,0.018270557296956924,SI,[2 3 1],17.30000000000001,10,795.1999999999971,0.0,False,0
11,0,4,[2 1 3],781.3999999999978,0.5,0.5,0.3317206588619874,SI,[2 3 1],17.30000000000001,10,795.1999999999971,0.0,False,0
12,0,0,[2 1 3],781.3999999999978,0.5,0.5,0.06007162218416762,SI,[2 3 1],17.30000000000001,10,795.1999999999971,0.0,False,0
12,0,1,[2 1 3],781.3999999999978,0.5,0.5,0.05625899352629071,SI,[2 3 1],17.30000000000001,10,795.1999999999971,0.0,False,0
12,0,2,[2 1 3],781.3999999999978,0.5,0.5,0.08827949496460374,SI,[2 3 1],17.30000000000001,10,795.1999999999971,0.0,False,0
12,0,3,[2 1 3],781.3999999999978,0.5,0.5,0.04010308619163161,SI,[2 3 1],17.30000000000001,10,795.1999999999971,0.0,False,0
12,0,4,[2 1 3],781.3999999999978,0.5,0.5,0.10281841381716805,SI,[2 3 1],17.30000000000001,10,795.1999999999971,0.0,False,0
13,0,0,[2 1 3],781.3999999999978,0.5,0.5,0.9887480283808041,MI,[3 1 2],60.7,10,795.399999999976,0.0,False,0
13,0,1,[2 1 3],781.3999999999978,0.5,0.5,0.9460933078090209,MI,[3 1 2],60.7,10,795.399999999976,0.0,False,0
13,0,2,[2 1 3],781.3999999999978,0.5,0.5,0.4332416857422161,SI,[2 3 1],17.30000000000001,10,795.1999999999971,0.0,False,0
13,0,3,[2 1 3],781.3999999999978,0.5,0.5,0.2910114561249769,SI,[2 3 1],17.30000000000001,10,795.1999999999971,0.0,False,0
13,0,4,[2 1 3],781.3999999999978,0.5,0.5,0.08807027021668012,SI,[2 3 1],17.30000000000001,10,795.1999999999971,0.0,False,0
14,0,0,[2 1 3],781.3999999999978,0.5,0.5,0.7168509631342767,MI,[3 1 2],60.7,10,795.399999999976,0.0,False,0
14,0,1,[2 1 3],781.3999999999978,0.5,0.5,0.12549243200477633,SI,[2 3 1],17.30000000000001,10,795.1999999999971,0.0,False,0
14,0,2,[2 1 3],781.3999999999978,0.5,0.5,0.10122100034560677,SI,[2 3 1],17.30000000000001,10,795.1999999999971,0.0,False,0
14,0,3,[2 1 3],781.3999999999978,0.5,0.5,0.4046773612882879,SI,[2 3 1],17.30000000000001,10,795.1999999999971,0.0,False,0
14,0,4,[2 1 3],781.3999999999978,0.5,0.5,0.3441378233474276,SI,[2 3 1],17.30000000000001,10,795.1999999999971,0.0,False,0
15,0,0,[2 1 3],781.3999999999978,0.5,0.5,0.39714730638383844,SI,[2 3 1],17.30000000000001,10,795.1999999999971,0.0,False,0
15,0,1,[2 1 3],781.3999999999978,0.5,0.5,0.9508367555038567,MI,[3 1 2],60.7,10,795.399999999976,0.0,False,0
15,0,2,[2 1 3],781.3999999999978,0.5,0.5,0.24940373113745895,SI,[2 3 1],17.30000000000001,10,795.1999999999971,0.0,False,0
15,0,3,[2 1 3],781.3999999999978,0.5,0.5,0.40790732157402343,SI,[2 3 1],17.30000000000001,10,795.1999999999971,0.0,False,0
15,0,4,[2 1 3],781.3999999999978,0.5,0.5,0.09507770560159623,SI,[2 3 1],17.30000000000001,10,795.1999999999971,0.0,False,0
16,0,0,[2 1 3],781.3999999999978,0.5,0.5,0.3118440755459472,SI,[2 3 1],17.30000000000001,10,795.1999999999971,0.0,False,0
16,0,1,[2 1 3],781.3999999999978,0.5,0.5,0.5242638768077812,MI,[3 1 2],60.7,10,795.399999999976,0.0,False,0
16,0,2,[2 1 3],781.3999999999978,0.5,0.5,0.47558850855964274,SI,[2 3 1],17.30000000000001,10,795.1999999999971,0.0,False,0
16,0,3,[2 1 3],781.3999999999978,0.5,0.5,0.6795949755829191,MI,[3 1 2],60.7,10,795.399999999976,0.0,False,0
16,0,4,[2 1 3],781.3999999999978,0.5,0.5,0.4234525831645011,SI,[2 3 1],17.30000000000001,10,795.1999999999971,0.0,False,0
17,0,0,[2 1 3],781.3999999999978,0.5,0.5,0.15288955812715888,SI,[2 3 1],17.30000000000001,10,795.1999999999971,0.0,False,0
17,0,1,[2 1 3],781.3999999999978,0.5,0.5,0.4092230813258987,SI,[2 3 1],17.30000000000001,10,795.1999999999971,0.0,False,0
17,0,2,[2 1 3],781.3999999999978,0.5,0.5,0.3921464284297459,SI,[2 3 1],17.30000000000001,10,795.1999999999971,0.0,False,0
17,0,3,[2 1 3],781.3999999999978,0.5,0.5,0.4999071945680871,SI,[2 3 1],17.30000000000001,10,795.1999999999971,0.0,False,0
17,0,4,[2 1 3],781.3999999999978,0.5,0.5,0.033732946503149064,SI,[2 3 1],17.30000000000001,10,795.1999999999971,0.0,False,0
18,0,0,[2 1 3],781.3999999999978,0.5,0.5,0.5525303812360088,MI,[3 1 2],60.7,10,795.399999999976,0.0,False,0
18,0,1,[2 1 3],781.3999999999978,0.5,0.5,0.7212146456154539,MI,[3 1 2],60.7,10,795.399999999976,0.0,False,0
18,0,2,[2 1 3],781.3999999999978,0.5,0.5,0.16181221655372802,SI,[3 1 2],60.7,10,795.399999999976,0.0,False,0
18,0,3,[2 1 3],781.3999999999978,0.5,0.5,0.4891806948505416,SI,[2 3 1],17.30000000000001,10,795.1999999999971,0.0,False,0
18,0,4,[2 1 3],781.3999999999978,0.5,0.5,0.4202175049015585,SI,[2 3 1],17.30000000000001,10,795.1999999999971,0.0,False,0
19,0,0,[2 1 3],781.3999999999978,0.5,0.5,0.24716003758067673,SI,[2 3 1],17.30000000000001,10,795.1999999999971,0.0,False,0
19,0,1,[2 1 3],781.3999999999978,0.5,0.5,0.10238055787296307,SI,[2 3 1],17.30000000000001,10,795.1999999999971,0.0,False,0
19,0,2,[2 1 3],781.3999999999978,0.5,0.5,0.1980828416880096,SI,[2 3 1],17.30000000000001,10,795.1999999999971,0.0,False,0
19,0,3,[2 1 3],781.3999999999978,0.5,0.5,0.4437304180642119,SI,[2 3 1],17.30000000000001,10,795.1999999999971,0.0,False,0
19,0,4,[2 1 3],781.3999999999978,0.5,0.5,0.410029505121548,SI,[2 3 1],17.30000000000001,10,795.1999999999971,0.0,False,0
20,0,0,[2 1 3],781.3999999999978,0.5,0.5,0.3615637799253405,SI,[2 3 1],17.30000000000001,10,795.1999999999971,0.0,False,0
20,0,1,[2 1 3],781.3999999999978,0.5,0.5,0.4374181484284215,SI,[2 3 1],17.30000000000001,10,795.1999999999971,0.0,False,0
20,0,2,[2 1 3],781.3999999999978,0.5,0.5,0.40951614481822174,SI,[2 3 1],17.30000000000001,10,795.1999999999971,0.0,False,0
20,0,3,[2 1 3],781.3999999999978,0.5,0.5,0.26867105177474626,SI,[2 3 1],17.30000000000001,10,795.1999999999971,0.0,False,0
20,0,4,[2 1 3],781.3999999999978,0.5,0.5,0.2245228029671602,SI,[2 3 1],17.30000000000001,10,795.1999999999971,0.0,False,0
21,0,0,[2 1 3],781.3999999999978,0.5,0.5,0.09691514720607752,SI,[2 3 1],17.30000000000001,10,795.1999999999971,0.0,False,0
21,0,1,[2 1 3],781.3999999999978,0.5,0.5,0.31127797705488325,SI,[2 3 1],17.30000000000001,10,795.1999999999971,0.0,False,0
21,0,2,[2 1 3],781.3999999999978,0.5,0.5,0.31080419807376025,SI,[2 3 1],17.30000000000001,10,795.1999999999971,0.0,False,0
21,0,3,[2 1 3],781.3999999999978,0.5,0.5,0.6689083020678611,MI,[3 1 2],60.7,10,795.399999999976,0.0,False,0
21,0,4,[2 1 3],781.3999999999978,0.5,0.5,0.35356694260325383,SI,[2 3 1],17.30000000000001,10,795.1999999999971,0.0,False,0
22,0,0,[2 1 3],781.3999999999978,0.5,0.5,0.8769616160240827,MI,[3 1 2],60.7,10,795.399999999976,0.0,False,0
22,0,1,[2 1 3],781.3999999999978,0.5,0.5,0.32846030659755887,SI,[2 3 1],17.30000000000001,10,795.1999999999971,0.0,False,0
22,0,2,[2 1 3],781.3999999999978,0.5,0.5,0.14993049110601786,SI,[2 3 1],17.30000000000001,10,795.1999999999971,0.0,False,0
22,0,3,[2 1 3],781.3999999999978,0.5,0.5,0.31842471401362893,SI,[2 3 1],17.30000000000001,10,795.1999999999971,0.0,False,0
22,0,4,[2 1 3],781.3999999999978,0.5,0.5,0.34527774395198096,SI,[2 3 1],17.30000000000001,10,795.1999999999971,0.0,False,0
23,0,0,[2 1 3],781.3999999999978,0.5,0.5,0.3885352526680931,SI,[2 3 1],17.30000000000001,10,795.1999999999971,0.0,False,0
23,0,1,[2 1 3],781.3999999999978,0.5,0.5,0.18636325805325016,SI,[2 3 1],17.30000000000001,10,795.1999999999971,0.0,False,0
23,0,2,[2 1 3],781.3999999999978,0.5,0.5,0.0718774541389704,SI,[2 3 1],17.30000000000001,10,795.1999999999971,0.0,False,0
23,0,3,[2 1 3],781.3999999999978,0.5,0.5,0.2098924982236523,SI,[2 3 1],17.30000000000001,10,795.1999999999971,0.0,False,0
23,0,4,[2 1 3],781.3999999999978,0.5,0.5,0.18782846785590113,SI,[2 3 1],17.30000000000001,10,795.1999999999971,0.0,False,0
24,0,0,[2 1 3],781.3999999999978,0.5,0.5,0.7993509830646612,MI,[3 1 2],60.7,10,795.399999999976,0.0,False,0
24,0,1,[2 1 3],781.3999999999978,0.5,0.5,0.060424848761830074,SI,[2 3 1],17.30000000000001,10,795.1999999999971,0.0,False,0
24,0,2,[2 1 3],781.3999999999978,0.5,0.5,0.4859382528828742,SI,[2 3 1],17.30000000000001,10,795.1999999999971,0.0,False,0
24,0,3,[2 1 3],781.3999999999978,0.5,0.5,0.18813602164119658,SI,[2 3 1],17.30000000000001,10,795.1999999999971,0.0,False,0
24,0,4,[2 1 3],781.3999999999978,0.5,0.5,0.11206861324879358,SI,[2 3 1],17.30000000000001,10,795.1999999999971,0.0,False,0
25,0,0,[2 1 3],781.3999999999978,0.5,0.5,0.11608862341378734,SI,[2 3 1],17.30000000000001,10,795.1999999999971,0.0,False,0
25,0,1,[2 1 3],781.3999999999978,0.5,0.5,0.9142935167441704,MI,[3 1 2],60.7,10,795.399999999976,0.0,False,0
25,0,2,[2 1 3],781.3999999999978,0.5,0.5,0.31773772938062295,SI,[2 3 1],17.30000000000001,10,795.1999999999971,0.0,False,0
25,0,3,[2 1 3],781.3999999999978,0.5,0.5,0.29139344527375577,SI,[2 3 1],17.30000000000001,10,795.1999999999971,0.0,False,0
25,0,4,[2 1 3],781.3999999999978,0.5,0.5,0.13533046290142337,SI,[2 3 1],17.30000000000001,10,795.1999999999971,0.0,False,0
26,0,0,[2 1 3],781.3999999999978,0.5,0.5,0.8988699030920687,MI,[3 1 2],60.7,10,795.399999999976,0.0,False,0
26,0,1,[2 1 3],781.3999999999978,0.5,0.5,0.40390888933142177,SI,[2 3 1],17.30000000000001,10,795.1999999999971,0.0,False,0
26,0,2,[2 1 3],781.3999999999978,0.5,0.5,0.3077892098028495,SI,[2 3 1],17.30000000000001,10,795.1999999999971,0.0,False,0
26,0,3,[2 1 3],781.3999999999978,0.5,0.5,0.10018980055432458,SI,[2 3 1],17.30000000000001,10,795.1999999999971,0.0,False,0
26,0,4,[2 1 3],781.3999999999978,0.5,0.5,0.39542586756284204,SI,[2 3 1],17.30000000000001,10,795.1999999999971,0.0,False,0
27,0,0,[2 1 3],781.3999999999978,0.5,0.5,0.12010912318933709,SI,[2 3 1],17.30000000000001,10,795.1999999999971,0.0,False,0
27,0,1,[2 1 3],781.3999999999978,0.5,0.5,0.3082810360701884,SI,[2 3 1],17.30000000000001,10,795.1999999999971,0.0,False,0
27,0,2,[2 1 3],781.3999999999978,0.5,0.5,0.34761212363743765,SI,[2 3 1],17.30000000000001,10,795.1999999999971,0.0,False,0
27,0,3,[2 1 3],781.3999999999978,0.5,0.5,0.28488870527162324,SI,[2 3 1],17.30000000000001,10,795.1999999999971,0.0,False,0
27,0,4,[2 1 3],781.3999999999978,0.5,0.5,0.3043736879889444,SI,[2 3 1],17.30000000000001,10,795.1999999999971,0.0,False,0
28,0,0,[2 1 3],781.3999999999978,0.5,0.5,0.5174385069397145,MI,[3 1 2],60.7,10,795.399999999976,0.0,False,0
28,0,1,[2 1 3],781.3999999999978,0.5,0.5,0.5414518081693954,MI,[3 1 2],60.7,10,795.399999999976,0.0,False,0
28,0,2,[2 1 3],781.3999999999978,0.5,0.5,0.052979328682039695,SI,[2 3 1],17.30000000000001,10,795.1999999999971,0.0,False,0
28,0,3,[2 1 3],781.3999999999978,0.5,0.5,0.45706482635666135,SI,[3 1 2],60.7,10,795.399999999976,0.0,False,0
28,0,4,[2 1 3],781.3999999999978,0.5,0.5,0.2654118464660943,SI,[3 1 2],60.7,10,795.399999999976,0.0,False,0
29,0,0,[2 1 3],781.3999999999978,0.5,0.5,0.342181839334031,SI,[3 1 2],60.7,10,795.399999999976,0.0,False,0
29,0,1,[2 1 3],781.3999999999978,0.5,0.5,0.2113780636496575,SI,[2 3 1],17.30000000000001,10,795.1999999999971,0.0,False,0
29,0,2,[2 1 3],781.3999999999978,0.5,0.5,0.9937899815221032,MI,[3 1 2],60.7,10,795.399999999976,0.0,False,0
29,0,3,[2 1 3],781.3999999999978,0.5,0.5,0.22781240988062557,SI,[2 3 1],17.30000000000001,10,795.1999999999971,0.0,False,0
29,0,4,[2 1 3],781.3999999999978,0.5,0.5,0.6562418500755492,MI,[3 1 2],60.7,10,795.399999999976,0.0,False,0
30,0,0,[2 1 3],781.3999999999978,0.5,0.5,0.084941648388417,SI,[2 3 1],17.30000000000001,10,795.1999999999971,0.0,False,0
30,0,1,[2 1 3],781.3999999999978,0.5,0.5,0.23293144248861575,SI,[2 3 1],17.30000000000001,10,795.1999999999971,0.0,False,0
30,0,2,[2 1 3],781.3999999999978,0.5,0.5,0.21641734573365912,SI,[2 3 1],17.30000000000001,10,795.1999999999971,0.0,False,0
30,0,3,[2 1 3],781.3999999999978,0.5,0.5,0.07013112314038705,SI,[3 1 2],60.7,10,795.399999999976,0.0,False,0
30,0,4,[2 1 3],781.3999999999978,0.5,0.5,0.38463302321350723,SI,[2 3 1],17.30000000000001,10,795.1999999999971,0.0,False,0
31,0,0,[2 1 3],781.3999999999978,0.5,0.5,0.05254273230809692,SI,[2 3 1],17.30000000000001,10,795.1999999999971,0.0,False,0
31,0,1,[2 1 3],781.3999999999978,0.5,0.5,0.20454552938621473,SI,[2 3 1],17.30000000000001,10,795.1999999999971,0.0,False,0
31,0,2,[2 1 3],781.3999999999978,0.5,0.5,0.04573116469320493,SI,[2 3 1],17.30000000000001,10,795.1999999999971,0.0,False,0
31,0,3,[2 1 3],781.3999999999978,0.5,0.5,0.3141514459647753,SI,[2 3 1],17.30000000000001,10,795.1999999999971,0.0,False,0
31,0,4,[2 1 3],781.3999999999978,0.5,0.5,0.4943565605178234,SI,[2 3 1],17.30000000000001,10,795.1999999999971,0.0,False,0
32,0,0,[2 1 3],781.3999999999978,0.5,0.5,0.5150479050937273,MI,[3 1 2],60.7,10,795.399999999976,0.0,False,0
32,0,1,[2 1 3],781.3999999999978,0.5,0.5,0.3273157809970427,SI,[3 1 2],60.7,10,795.399999999976,0.0,False,0
32,0,2,[2 1 3],781.3999999999978,0.5,0.5,0.37080774433146546,SI,[3 1 2],60.7,10,795.399999999976,0.0,False,0
32,0,3,[2 1 3],781.3999999999978,0.5,0.5,0.2000959897937441,SI,[2 3 1],17.30000000000001,10,795.1999999999971,0.0,False,0
32,0,4,[2 1 3],781.3999999999978,0.5,0.5,0.07852417887648944,SI,[3 1 2],60.7,10,795.399999999976,0.0,False,0
33,0,0,[2 1 3],781.3999999999978,0.5,0.5,0.379263076385446,SI,[2 3 1],17.30000000000001,10,795.1999999999971,0.0,False,0
33,0,1,[2 1 3],781.3999999999978,0.5,0.5,0.2524894706789894,SI,[2 3 1],17.30000000000001,10,795.1999999999971,0.0,False,0
33,0,2,[2 1 3],781.3999999999978,0.5,0.5,0.3748848211880371,SI,[2 3 1],17.30000000000001,10,795.1999999999971,0.0,False,0
33,0,3,[2 1 3],781.3999999999978,0.5,0.5,0.24281650826548895,SI,[2 3 1],17.30000000000001,10,795.1999999999971,0.0,False,0
33,0,4,[2 1 3],781.3999999999978,0.5,0.5,0.09583626790729571,SI,[3 1 2],60.7,10,795.399999999976,0.0,False,0
34,0,0,[2 1 3],781.3999999999978,0.5,0.5,0.4995856330495816,SI,[2 3 1],17.30000000000001,10,795.1999999999971,0.0,False,0
34,0,1,[2 1 3],781.3999999999978,0.5,0.5,0.2008919916185138,SI,[2 3 1],17.30000000000001,10,795.1999999999971,0.0,False,0
34,0,2,[2 1 3],781.3999999999978,0.5,0.5,0.5797099083791657,MI,[3 1 2],60.7,10,795.399999999976,0.0,False,0
34,0,3,[2 1 3],781.3999999999978,0.5,0.5,0.05660451204953454,SI,[2 3 1],17.30000000000001,10,795.1999999999971,0.0,False,0
34,0,4,[2 1 3],781.3999999999978,0.5,0.5,0.4508752813263759,SI,[2 3 1],17.30000000000001,10,795.1999999999971,0.0,False,0
35,0,0,[2 1 3],781.3999999999978,0.5,0.5,0.43976357550800127,SI,[2 3 1],17.30000000000001,10,795.1999999999971,0.0,False,0
35,0,1,[2 1 3],781.3999999999978,0.5,0.5,0.04881305935985303,SI,[2 3 1],17.30000000000001,10,795.1999999999971,0.0,False,0
35,0,2,[2 1 3],781.3999999999978,0.5,0.5,0.08497125397042349,SI,[2 3 1],17.30000000000001,10,795.1999999999971,0.0,False,0
35,0,3,[2 1 3],781.3999999999978,0.5,0.5,0.35021404123468847,SI,[3 1 2],60.7,10,795.399999999976,0.0,False,0
35,0,4,[2 1 3],781.3999999999978,0.5,0.5,0.7027686387234577,MI,[3 1 2],60.7,10,795.399999999976,0.0,False,0
36,0,0,[2 1 3],781.3999999999978,0.5,0.5,0.19380963061582845,SI,[2 3 1],17.30000000000001,10,795.1999999999971,0.0,False,0
36,0,1,[2 1 3],781.3999999999978,0.5,0.5,0.4623104012119128,SI,[2 3 1],17.30000000000001,10,795.1999999999971,0.0,False,0
36,0,2,[2 1 3],781.3999999999978,0.5,0.5,0.2086567552787335,SI,[2 3 1],17.30000000000001,10,795.1999999999971,0.0,False,0
36,0,3,[2 1 3],781.3999999999978,0.5,0.5,0.13019293235034812,SI,[2 3 1],17.30000000000001,10,795.1999999999971,0.0,False,0
36,0,4,[2 1 3],781.3999999999978,0.5,0.5,0.11331461661580322,SI,[2 3 1],17.30000000000001,10,795.1999999999971,0.0,False,0
37,0,0,[2 1 3],781.3999999999978,0.5,0.5,0.2510534516801828,SI,[2 3 1],17.30000000000001,10,795.1999999999971,0.0,False,0
37,0,1,[2 1 3],781.3999999999978,0.5,0.5,0.30238325573849745,SI,[2 3 1],17.30000000000001,10,795.1999999999971,0.0,False,0
37,0,2,[2 1 3],781.3999999999978,0.5,0.5,0.12170701109915716,SI,[2 3 1],17.30000000000001,10,795.1999999999971,0.0,False,0
37,0,3,[2 1 3],781.3999999999978,0.5,0.5,0.10955229022649526,SI,[2 3 1],17.30000000000001,10,795.1999999999971,0.0,False,0
37,0,4,[2 1 3],781.3999999999978,0.5,0.5,0.11246240360525439,SI,[2 3 1],17.30000000000001,10,795.1999999999971,0.0,False,0
38,0,0,[2 1 3],781.3999999999978,0.5,0.5,0.23382395063365502,SI,[2 3 1],17.30000000000001,10,795.1999999999971,0.0,False,0
38,0,1,[2 1 3],781.3999999999978,0.5,0.5,0.02184957425272971,SI,[2 3 1],17.30000000000001,10,795.1999999999971,0.0,False,0
38,0,2,[2 1 3],781.3999999999978,0.5,0.5,0.7029150412210933,MI,[3 1 2],60.7,10,795.399999999976,0.0,False,0
38,0,3,[2 1 3],781.3999999999978,0.5,0.5,0.47906300163435545,SI,[2 3 1],17.30000000000001,10,795.1999999999971,0.0,False,0
38,0,4,[2 1 3],781.3999999999978,0.5,0.5,0.055479924688709104,SI,[2 3 1],17.30000000000001,10,795.1999999999971,0.0,False,0
39,0,0,[2 1 3],781.3999999999978,0.5,0.5,0.19992502367435017,SI,[2 3 1],17.30000000000001,10,795.1999999999971,0.0,False,0
39,0,1,[2 1 3],781.3999999999978,0.5,0.5,0.303528680837564,SI,[2 3 1],17.30000000000001,10,795.1999999999971,0.0,False,0
39,0,2,[2 1 3],781.3999999999978,0.5,0.5,0.19625888128432023,SI,[2 3 1],17.30000000000001,10,795.1999999999971,0.0,False,0
39,0,3,[2 1 3],781.3999999999978,0.5,0.5,0.36571894257548854,SI,[2 3 1],17.30000000000001,10,795.1999999999971,0.0,False,0
39,0,4,[2 1 3],781.3999999999978,0.5,0.5,0.17635711087773687,SI,[2 3 1],17.30000000000001,10,795.1999999999971,0.0,False,0
40,0,0,[2 1 3],781.3999999999978,0.5,0.5,0.8033655600990157,MI,[3 1 2],60.7,10,795.399999999976,0.0,False,0
40,0,1,[2 1 3],781.3999999999978,0.5,0.5,0.17425574962974577,SI,[2 3 1],17.30000000000001,10,795.1999999999971,0.0,False,0
40,0,2,[2 1 3],781.3999999999978,0.5,0.5,0.4135937468118308,SI,[2 3 1],17.30000000000001,10,795.1999999999971,0.0,False,0
40,0,3,[2 1 3],781.3999999999978,0.5,0.5,0.04795824787105718,SI,[2 3 1],17.30000000000001,10,795.1999999999971,0.0,False,0
40,0,4,[2 1 3],781.3999999999978,0.5,0.5,0.1589370021871861,SI,[2 3 1],17.30000000000001,10,795.1999999999971,0.0,False,0
41,0,0,[2 1 3],781.3999999999978,0.5,0.5,0.46617571837877747,SI,[2 3 1],17.30000000000001,10,795.1999999999971,0.0,False,0
41,0,1,[2 1 3],781.3999999999978,0.5,0.5,0.27086742333205394,SI,[2 3 1],17.30000000000001,10,795.1999999999971,0.0,False,0
41,0,2,[2 1 3],781.3999999999978,0.5,0.5,0.05908285814805203,SI,[2 3 1],17.30000000000001,10,795.1999999999971,0.0,False,0
41,0,3,[2 1 3],781.3999999999978,0.5,0.5,0.3584744855146198,SI,[2 3 1],17.30000000000001,10,795.1999999999971,0.0,False,0
41,0,4,[2 1 3],781.3999999999978,0.5,0.5,0.5495956828973299,MI,[3 1 2],60.7,10,795.399999999976,0.0,False,0
42,0,0,[2 1 3],781.3999999999978,0.5,0.5,0.03429104394689819,SI,[2 3 1],17.30000000000001,10,795.1999999999971,0.0,False,0
42,0,1,[2 1 3],781.3999999999978,0.5,0.5,0.19632430182160365,SI,[2 3 1],17.30000000000001,10,795.1999999999971,0.0,False,0
42,0,2,[2 1 3],781.3999999999978,0.5,0.5,0.6372831009656009,MI,[3 1 2],60.7,10,795.399999999976,0.0,False,0
42,0,3,[2 1 3],781.3999999999978,0.5,0.5,0.29280319454923653,SI,[2 3 1],17.30000000000001,10,795.1999999999971,0.0,False,0
42,0,4,[2 1 3],781.3999999999978,0.5,0.5,0.2592960941052844,SI,[2 3 1],17.30000000000001,10,795.1999999999971,0.0,False,0
43,0,0,[2 1 3],781.3999999999978,0.5,0.5,0.494314183948947,SI,[2 3 1],17.30000000000001,10,795.1999999999971,0.0,False,0
43,0,1,[2 1 3],781.3999999999978,0.5,0.5,0.015258228165874743,SI,[2 3 1],17.30000000000001,10,795.1999999999971,0.0,False,0
43,0,2,[2 1 3],781.3999999999978,0.5,0.5,0.3466093261456088,SI,[2 3 1],17.30000000000001,10,795.1999999999971,0.0,False,0
43,0,3,[2 1 3],781.3999999999978,0.5,0.5,0.062317089520026125,SI,[2 3 1],17.30000000000001,10,795.1999999999971,0.0,False,0
43,0,4,[2 1 3],781.3999999999978,0.5,0.5,0.2377871692678738,SI,[2 3 1],17.30000000000001,10,795.1999999999971,0.0,False,0
44,0,0,[2 1 3],781.3999999999978,0.5,0.5,0.330451091925664,SI,[2 3 1],17.30000000000001,10,795.1999999999971,0.0,False,0
44,0,1,[2 1 3],781.3999999999978,0.5,0.5,0.057673738287219445,SI,[2 3 1],17.30000000000001,10,795.1999999999971,0.0,False,0
44,0,2,[2 1 3],781.3999999999978,0.5,0.5,0.4634474702038741,SI,[2 3 1],17.30000000000001,10,795.1999999999971,0.0,False,0
44,0,3,[2 1 3],781.3999999999978,0.5,0.5,0.021344372215952312,SI,[2 3 1],17.30000000000001,10,795.1999999999971,0.0,False,0
44,0,4,[2 1 3],781.3999999999978,0.5,0.5,0.36146302262558305,SI,[2 3 1],17.30000000000001,10,795.1999999999971,0.0,False,0
45,0,0,[2 1 3],781.3999999999978,0.5,0.5,0.4546566377598884,SI,[3 1 2],60.7,10,795.399999999976,0.0,False,0
45,0,1,[2 1 3],781.3999999999978,0.5,0.5,0.35876278720862387,SI,[2 3 1],17.30000000000001,10,795.1999999999971,0.0,False,0
45,0,2,[2 1 3],781.3999999999978,0.5,0.5,0.2337532532598927,SI,[2 3 1],17.30000000000001,10,795.1999999999971,0.0,False,0
45,0,3,[2 1 3],781.3999999999978,0.5,0.5,0.8789217761929842,MI,[3 1 2],60.7,10,795.399999999976,0.0,False,0
45,0,4,[2 1 3],781.3999999999978,0.5,0.5,0.3857077961317166,SI,[2 3 1],17.30000000000001,10,795.1999999999971,0.0,False,0
46,0,0,[2 1 3],781.3999999999978,0.5,0.5,0.356308820210247,SI,[2 3 1],17.30000000000001,10,795.1999999999971,0.0,False,0
46,0,1,[2 1 3],781.3999999999978,0.5,0.5,0.4551142520975141,SI,[3 1 2],60.7,10,795.399999999976,0.0,False,0
46,0,2,[2 1 3],781.3999999999978,0.5,0.5,0.028701806286990816,SI,[2 3 1],17.30000000000001,10,795.1999999999971,0.0,False,0
46,0,3,[2 1 3],781.3999999999978,0.5,0.5,0.05997947319954611,SI,[2 3 1],17.30000000000001,10,795.1999999999971,0.0,False,0
46,0,4,[2 1 3],781.3999999999978,0.5,0.5,0.24513672239687534,SI,[2 3 1],17.30000000000001,10,795.1999999999971,0.0,False,0
47,0,0,[2 1 3],781.3999999999978,0.5,0.5,0.025112396885630828,SI,[2 3 1],17.30000000000001,10,795.1999999999971,0.0,False,0
47,0,1,[2 1 3],781.3999999999978,0.5,0.5,0.46388178108707256,SI,[2 3 1],17.30000000000001,10,795.1999999999971,0.0,False,0
47,0,2,[2 1 3],781.3999999999978,0.5,0.5,0.2376640020014973,SI,[2 3 1],17.30000000000001,10,795.1999999999971,0.0,False,0
47,0,3,[2 1 3],781.3999999999978,0.5,0.5,0.2606251939229114,SI,[2 3 1],17.30000000000001,10,795.1999999999971,0.0,False,0
47,0,4,[2 1 3],781.3999999999978,0.5,0.5,0.27850251884897337,SI,[2 3 1],17.30000000000001,10,795.1999999999971,0.0,False,0
48,0,0,[2 1 3],781.3999999999978,0.5,0.5,0.07716625533881727,SI,[2 3 1],17.30000000000001,10,795.1999999999971,0.0,False,0
48,0,1,[2 1 3],781.3999999999978,0.5,0.5,0.2668992967518734,SI,[2 3 1],17.30000000000001,10,795.1999999999971,0.0,False,0
48,0,2,[2 1 3],781.3999999999978,0.5,0.5,0.36259851644307584,SI,[2 3 1],17.30000000000001,10,795.1999999999971,0.0,False,0
48,0,3,[2 1 3],781.3999999999978,0.5,0.5,0.33202709041915934,SI,[2 3 1],17.30000000000001,10,795.1999999999971,0.0,False,0
48,0,4,[2 1 3],781.3999999999978,0.5,0.5,0.3628985878829304,SI,[2 3 1],17.30000000000001,10,795.1999999999971,0.0,False,0
49,0,0,[2 1 3],781.3999999999978,0.5,0.5,0.8668806708369953,MI,[3 1 2],60.7,10,795.399999999976,0.0,False,0
49,0,1,[2 1 3],781.3999999999978,0.5,0.5,0.43299697810828897,SI,[2 3 1],17.30000000000001,10,795.1999999999971,0.0,False,0
49,0,2,[2 1 3],781.3999999999978,0.5,0.5,0.45188011938105577,SI,[2 3 1],17.30000000000001,10,795.1999999999971,0.0,False,0
49,0,3,[2 1 3],781.3999999999978,0.5,0.5,0.20450904909715872,SI,[2 3 1],17.30000000000001,10,795.1999999999971,0.0,False,0
49,0,4,[2 1 3],781.3999999999978,0.5,0.5,0.11363854353711833,SI,[2 3 1],17.30000000000001,10,795.1999999999971,0.0,False,0
50,0,0,[2 1 3],781.3999999999978,0.5,0.5,0.2746548555203375,SI,[2 3 1],17.30000000000001,10,795.1999999999971,0.0,False,0
50,0,1,[2 1 3],781.3999999999978,0.5,0.5,0.4151889514111038,SI,[2 3 1],17.30000000000001,10,795.1999999999971,0.0,False,0
50,0,2,[2 1 3],781.3999999999978,0.5,0.5,0.12311562990527591,SI,[2 3 1],17.30000000000001,10,795.1999999999971,0.0,False,0
50,0,3,[2 1 3],781.3999999999978,0.5,0.5,0.5852177103300267,MI,[3 1 2],60.7,10,795.399999999976,0.0,False,0
50,0,4,[2 1 3],781.3999999999978,0.5,0.5,0.10911419309399106,SI,[2 3 1],17.30000000000001,10,795.1999999999971,0.0,False,0
0,0,0,[1 2],576.7999999999993,0.5,0.5,0.10798816307948966,SI,[2 1],-26.80000000000001,10,636.8999999999905,0.0,False,1
0,0,1,[1 2],576.7999999999993,0.5,0.5,0.0074637613660856195,SI,[2 1],-26.80000000000001,10,636.8999999999905,0.0,False,1
0,0,2,[1 2],576.7999999999993,0.5,0.5,0.11750988702681109,SI,[2 1],-26.80000000000001,10,636.8999999999905,0.0,False,1
0,0,3,[1 2],576.7999999999993,0.5,0.5,0.3212826727261646,SI,[2 1],-26.80000000000001,10,636.8999999999905,0.0,False,1
0,0,4,[1 2],576.7999999999993,0.5,0.5,0.10603514261548841,SI,[2 1],-26.80000000000001,10,636.8999999999905,0.0,False,1
1,0,0,[1 2],576.7999999999993,0.5,0.5,0.2556379658717066,SI,[2 1],-26.80000000000001,10,636.8999999999905,0.0,False,1
1,0,1,[1 2],576.7999999999993,0.5,0.5,0.2630792162368628,SI,[2 1],-26.80000000000001,10,636.8999999999905,0.0,False,1
1,0,2,[1 2],576.7999999999993,0.5,0.5,0.46939037150755136,SI,[2 1],-26.80000000000001,10,636.8999999999905,0.0,False,1
1,0,3,[1 2],576.7999999999993,0.5,0.5,0.48950316387012416,SI,[2 1],-26.80000000000001,10,636.8999999999905,0.0,False,1
1,0,4,[1 2],576.7999999999993,0.5,0.5,0.4283555341403592,SI,[2 1],-26.80000000000001,10,636.8999999999905,0.0,False,1
2,0,0,[1 2],576.7999999999993,0.5,0.5,0.005816283041704118,SI,[2 1],-26.80000000000001,10,636.8999999999905,0.0,False,1
2,0,1,[1 2],576.7999999999993,0.5,0.5,0.09974244265657561,SI,[2 1],-26.80000000000001,10,636.8999999999905,0.0,False,1
2,0,2,[1 2],576.7999999999993,0.5,0.5,0.06610189135997424,SI,[2 1],-26.80000000000001,10,636.8999999999905,0.0,False,1
2,0,3,[1 2],576.7999999999993,0.5,0.5,0.33731584605593545,SI,[2 1],-26.80000000000001,10,636.8999999999905,0.0,False,1
2,0,4,[1 2],576.7999999999993,0.5,0.5,0.17863293518471068,SI,[2 1],-26.80000000000001,10,636.8999999999905,0.0,False,1
3,0,0,[1 2],576.7999999999993,0.5,0.5,0.009708327769512248,SI,[2 1],-26.80000000000001,10,636.8999999999905,0.0,False,1
3,0,1,[1 2],576.7999999999993,0.5,0.5,0.06805000450981791,SI,[2 1],-26.80000000000001,10,636.8999999999905,0.0,False,1
3,0,2,[1 2],576.7999999999993,0.5,0.5,0.033046175853457815,SI,[2 1],-26.80000000000001,10,636.8999999999905,0.0,False,1
3,0,3,[1 2],576.7999999999993,0.5,0.5,0.14299469368599682,SI,[2 1],-26.80000000000001,10,636.8999999999905,0.0,False,1
3,0,4,[1 2],576.7999999999993,0.5,0.5,0.293466927952889,SI,[2 1],-26.80000000000001,10,636.8999999999905,0.0,False,1
4,0,0,[1 2],576.7999999999993,0.5,0.5,0.06173314914846939,SI,[2 1],-26.80000000000001,10,636.8999999999905,0.0,False,1
4,0,1,[1 2],576.7999999999993,0.5,0.5,0.49598633912463874,SI,[2 1],-26.80000000000001,10,636.8999999999905,0.0,False,1
4,0,2,[1 2],576.7999999999993,0.5,0.5,0.300288965726348,SI,[2 1],-26.80000000000001,10,636.8999999999905,0.0,False,1
4,0,3,[1 2],576.7999999999993,0.5,0.5,0.17643377011820316,SI,[2 1],-26.80000000000001,10,636.8999999999905,0.0,False,1
4,0,4,[1 2],576.7999999999993,0.5,0.5,0.3758301945621788,SI,[2 1],-26.80000000000001,10,636.8999999999905,0.0,False,1
5,0,0,[1 2],576.7999999999993,0.5,0.5,0.2601725523042675,SI,[2 1],-26.80000000000001,10,636.8999999999905,0.0,False,1
5,0,1,[1 2],576.7999999999993,0.5,0.5,0.4443674957717122,SI,[2 1],-26.80000000000001,10,636.8999999999905,0.0,False,1
5,0,2,[1 2],576.7999999999993,0.5,0.5,0.15389997773160768,SI,[2 1],-26.80000000000001,10,636.8999999999905,0.0,False,1
5,0,3,[1 2],576.7999999999993,0.5,0.5,0.14544608030408168,SI,[2 1],-26.80000000000001,10,636.8999999999905,0.0,False,1
5,0,4,[1 2],576.7999999999993,0.5,0.5,0.3124195421261121,SI,[2 1],-26.80000000000001,10,636.8999999999905,0.0,False,1
6,0,0,[1 2],576.7999999999993,0.5,0.5,0.10378061590982024,SI,[2 1],-26.80000000000001,10,636.8999999999905,0.0,False,1
6,0,1,[1 2],576.7999999999993,0.5,0.5,0.3619818913069526,SI,[2 1],-26.80000000000001,10,636.8999999999905,0.0,False,1
6,0,2,[1 2],576.7999999999993,0.5,0.5,0.44554130674378933,SI,[2 1],-26.80000000000001,10,636.8999999999905,0.0,False,1
6,0,3,[1 2],576.7999999999993,0.5,0.5,0.27868085843610113,SI,[2 1],-26.80000000000001,10,636.8999999999905,0.0,False,1
6,0,4,[1 2],576.7999999999993,0.5,0.5,0.4029585336272572,SI,[2 1],-26.80000000000001,10,636.8999999999905,0.0,False,1
7,0,0,[1 2],576.7999999999993,0.5,0.5,0.1796029429323286,SI,[2 1],-26.80000000000001,10,636.8999999999905,0.0,False,1
7,0,1,[1 2],576.7999999999993,0.5,0.5,0.04116171609475183,SI,[2 1],-26.80000000000001,10,636.8999999999905,0.0,False,1
7,0,2,[1 2],576.7999999999993,0.5,0.5,0.352652058753388,SI,[2 1],-26.80000000000001,10,636.8999999999905,0.0,False,1
7,0,3,[1 2],576.7999999999993,0.5,0.5,0.20184743711876985,SI,[2 1],-26.80000000000001,10,636.8999999999905,0.0,False,1
7,0,4,[1 2],576.7999999999993,0.5,0.5,0.05020261724227226,SI,[2 1],-26.80000000000001,10,636.8999999999905,0.0,False,1
8,0,0,[1 2],576.7999999999993,0.5,0.5,0.37738114954035873,SI,[2 1],-26.80000000000001,10,636.8999999999905,0.0,False,1
8,0,1,[1 2],576.7999999999993,0.5,0.5,0.31264455553937875,SI,[2 1],-26.80000000000001,10,636.8999999999905,0.0,False,1
8,0,2,[1 2],576.7999999999993,0.5,0.5,0.107481786435913,SI,[2 1],-26.80000000000001,10,636.8999999999905,0.0,False,1
8,0,3,[1 2],576.7999999999993,0.5,0.5,0.2662415266406398,SI,[2 1],-26.80000000000001,10,636.8999999999905,0.0,False,1
8,0,4,[1 2],576.7999999999993,0.5,0.5,0.11913692305865753,SI,[2 1],-26.80000000000001,10,636.8999999999905,0.0,False,1
9,0,0,[1 2],576.7999999999993,0.5,0.5,0.4923355667866116,SI,[2 1],-26.80000000000001,10,636.8999999999905,0.0,False,1
9,0,1,[1 2],576.7999999999993,0.5,0.5,0.06534381697999325,SI,[2 1],-26.80000000000001,10,636.8999999999905,0.0,False,1
9,0,2,[1 2],576.7999999999993,0.5,0.5,0.3844346430130744,SI,[2 1],-26.80000000000001,10,636.8999999999905,0.0,False,1
9,0,3,[1 2],576.7999999999993,0.5,0.5,0.3985359201449632,SI,[2 1],-26.80000000000001,10,636.8999999999905,0.0,False,1
9,0,4,[1 2],576.7999999999993,0.5,0.5,0.05708508687990721,SI,[2 1],-26.80000000000001,10,636.8999999999905,0.0,False,1
10,0,0,[1 2],576.7999999999993,0.5,0.5,0.3705908242297151,SI,[2 1],-26.80000000000001,10,636.8999999999905,0.0,False,1
10,0,1,[1 2],576.7999999999993,0.5,0.5,0.038174551666458334,SI,[2 1],-26.80000000000001,10,636.8999999999905,0.0,False,1
10,0,2,[1 2],576.7999999999993,0.5,0.5,0.12004218053096238,SI,[2 1],-26.80000000000001,10,636.8999999999905,0.0,False,1
10,0,3,[1 2],576.7999999999993,0.5,0.5,0.3443443677195168,SI,[2 1],-26.80000000000001,10,636.8999999999905,0.0,False,1
10,0,4,[1 2],576.7999999999993,0.5,0.5,0.3699599253405286,SI,[2 1],-26.80000000000001,10,636.8999999999905,0.0,False,1
11,0,0,[1 2],576.7999999999993,0.5,0.5,0.05975651006245186,SI,[2 1],-26.80000000000001,10,636.8999999999905,0.0,False,1
11,0,1,[1 2],576.7999999999993,0.5,0.5,0.05315515699913642,SI,[2 1],-26.80000000000001,10,636.8999999999905,0.0,False,1
11,0,2,[1 2],576.7999999999993,0.5,0.5,0.046494959891419274,SI,[2 1],-26.80000000000001,10,636.8999999999905,0.0,False,1
11,0,3,[1 2],576.7999999999993,0.5,0.5,0.1739407890280188,SI,[2 1],-26.80000000000001,10,636.8999999999905,0.0,False,1
11,0,4,[1 2],576.7999999999993,0.5,0.5,0.40103977150917114,SI,[2 1],-26.80000000000001,10,636.8999999999905,0.0,False,1
12,0,0,[1 2],576.7999999999993,0.5,0.5,0.3211971772040625,SI,[2 1],-26.80000000000001,10,636.8999999999905,0.0,False,1
12,0,1,[1 2],576.7999999999993,0.5,0.5,0.09074623245767033,SI,[2 1],-26.80000000000001,10,636.8999999999905,0.0,False,1
12,0,2,[1 2],576.7999999999993,0.5,0.5,0.1265130600608455,SI,[2 1],-26.80000000000001,10,636.8999999999905,0.0,False,1
12,0,3,[1 2],576.7999999999993,0.5,0.5,0.45883598119019187,SI,[2 1],-26.80000000000001,10,636.8999999999905,0.0,False,1
12,0,4,[1 2],576.7999999999993,0.5,0.5,0.08305887482379015,SI,[2 1],-26.80000000000001,10,636.8999999999905,0.0,False,1
13,0,0,[1 2],576.7999999999993,0.5,0.5,0.17500377869730532,SI,[2 1],-26.80000000000001,10,636.8999999999905,0.0,False,1
13,0,1,[1 2],576.7999999999993,0.5,0.5,0.3475362720810806,SI,[2 1],-26.80000000000001,10,636.8999999999905,0.0,False,1
13,0,2,[1 2],576.7999999999993,0.5,0.5,0.4634984073768008,SI,[2 1],-26.80000000000001,10,636.8999999999905,0.0,False,1
13,0,3,[1 2],576.7999999999993,0.5,0.5,0.10249869919877541,SI,[2 1],-26.80000000000001,10,636.8999999999905,0.0,False,1
13,0,4,[1 2],576.7999999999993,0.5,0.5,0.23803747180850943,SI,[2 1],-26.80000000000001,10,636.8999999999905,0.0,False,1
14,0,0,[1 2],576.7999999999993,0.5,0.5,0.2844936875592602,SI,[2 1],-26.80000000000001,10,636.8999999999905,0.0,False,1
14,0,1,[1 2],576.7999999999993,0.5,0.5,0.20023641909251877,SI,[2 1],-26.80000000000001,10,636.8999999999905,0.0,False,1
14,0,2,[1 2],576.7999999999993,0.5,0.5,0.17010101107441,SI,[2 1],-26.80000000000001,10,636.8999999999905,0.0,False,1
14,0,3,[1 2],576.7999999999993,0.5,0.5,0.020562933609060474,SI,[2 1],-26.80000000000001,10,636.8999999999905,0.0,False,1
14,0,4,[1 2],576.7999999999993,0.5,0.5,0.42179846769500084,SI,[2 1],-26.80000000000001,10,636.8999999999905,0.0,False,1
15,0,0,[1 2],576.7999999999993,0.5,0.5,0.01163475573724504,SI,[2 1],-26.80000000000001,10,636.8999999999905,0.0,False,1
15,0,1,[1 2],576.7999999999993,0.5,0.5,0.37781770673339277,SI,[2 1],-26.80000000000001,10,636.8999999999905,0.0,False,1
15,0,2,[1 2],576.7999999999993,0.5,0.5,0.18130723854649822,SI,[2 1],-26.80000000000001,10,636.8999999999905,0.0,False,1
15,0,3,[1 2],576.7999999999993,0.5,0.5,0.029139829370271264,SI,[2 1],-26.80000000000001,10,636.8999999999905,0.0,False,1
15,0,4,[1 2],576.7999999999993,0.5,0.5,0.41861970513655655,SI,[2 1],-26.80000000000001,10,636.8999999999905,0.0,False,1
16,0,0,[1 2],576.7999999999993,0.5,0.5,0.4032395921542363,SI,[2 1],-26.80000000000001,10,636.8999999999905,0.0,False,1
16,0,1,[1 2],576.7999999999993,0.5,0.5,0.10778946078724516,SI,[2 1],-26.80000000000001,10,636.8999999999905,0.0,False,1
16,0,2,[1 2],576.7999999999993,0.5,0.5,0.3126179542269284,SI,[2 1],-26.80000000000001,10,636.8999999999905,0.0,False,1
16,0,3,[1 2],576.7999999999993,0.5,0.5,0.211020698674115,SI,[2 1],-26.80000000000001,10,636.8999999999905,0.0,False,1
16,0,4,[1 2],576.7999999999993,0.5,0.5,0.16751467498364847,SI,[2 1],-26.80000000000001,10,636.8999999999905,0.0,False,1
17,0,0,[1 2],576.7999999999993,0.5,0.5,0.4913028368580231,SI,[2 1],-26.80000000000001,10,636.8999999999905,0.0,False,1
17,0,1,[1 2],576.7999999999993,0.5,0.5,0.2434837660921817,SI,[2 1],-26.80000000000001,10,636.8999999999905,0.0,False,1
17,0,2,[1 2],576.7999999999993,0.5,0.5,0.4355988093787907,SI,[2 1],-26.80000000000001,10,636.8999999999905,0.0,False,1
17,0,3,[1 2],576.7999999999993,0.5,0.5,0.016132046827919133,SI,[2 1],-26.80000000000001,10,636.8999999999905,0.0,False,1
17,0,4,[1 2],576.7999999999993,0.5,0.5,0.24187068561224057,SI,[2 1],-26.80000000000001,10,636.8999999999905,0.0,False,1
18,0,0,[1 2],576.7999999999993,0.5,0.5,0.3106893292598457,SI,[2 1],-26.80000000000001,10,636.8999999999905,0.0,False,1
18,0,1,[1 2],576.7999999999993,0.5,0.5,0.4838582418808748,SI,[2 1],-26.80000000000001,10,636.8999999999905,0.0,False,1
18,0,2,[1 2],576.7999999999993,0.5,0.5,0.04804074307808226,SI,[2 1],-26.80000000000001,10,636.8999999999905,0.0,False,1
18,0,3,[1 2],576.7999999999993,0.5,0.5,0.357883976755359,SI,[2 1],-26.80000000000001,10,636.8999999999905,0.0,False,1
18,0,4,[1 2],576.7999999999993,0.5,0.5,0.13831908141802796,SI,[2 1],-26.80000000000001,10,636.8999999999905,0.0,False,1
19,0,0,[1 2],576.7999999999993,0.5,0.5,0.36377887204942116,SI,[2 1],-26.80000000000001,10,636.8999999999905,0.0,False,1
19,0,1,[1 2],576.7999999999993,0.5,0.5,0.2987132665568193,SI,[2 1],-26.80000000000001,10,636.8999999999905,0.0,False,1
19,0,2,[1 2],576.7999999999993,0.5,0.5,0.1363877422900065,SI,[2 1],-26.80000000000001,10,636.8999999999905,0.0,False,1
19,0,3,[1 2],576.7999999999993,0.5,0.5,0.263472413168406,SI,[2 1],-26.80000000000001,10,636.8999999999905,0.0,False,1
19,0,4,[1 2],576.7999999999993,0.5,0.5,0.4032641482602187,SI,[2 1],-26.80000000000001,10,636.8999999999905,0.0,False,1
20,0,0,[1 2],576.7999999999993,0.5,0.5,0.11605356413775869,SI,[2 1],-26.80000000000001,10,636.8999999999905,0.0,False,1
20,0,1,[1 2],576.7999999999993,0.5,0.5,0.3639227316747792,SI,[2 1],-26.80000000000001,10,636.8999999999905,0.0,False,1
20,0,2,[1 2],576.7999999999993,0.5,0.5,0.49495073951828195,SI,[2 1],-26.80000000000001,10,636.8999999999905,0.0,False,1
20,0,3,[1 2],576.7999999999993,0.5,0.5,0.3670252257676955,SI,[2 1],-26.80000000000001,10,636.8999999999905,0.0,False,1
20,0,4,[1 2],576.7999999999993,0.5,0.5,0.20780693016153462,SI,[2 1],-26.80000000000001,10,636.8999999999905,0.0,False,1
21,0,0,[1 2],576.7999999999993,0.5,0.5,0.01673188752462007,SI,[2 1],-26.80000000000001,10,636.8999999999905,0.0,False,1
21,0,1,[1 2],576.7999999999993,0.5,0.5,0.41595311431117044,SI,[2 1],-26.80000000000001,10,636.8999999999905,0.0,False,1
21,0,2,[1 2],576.7999999999993,0.5,0.5,0.06904875385428588,SI,[2 1],-26.80000000000001,10,636.8999999999905,0.0,False,1
21,0,3,[1 2],576.7999999999993,0.5,0.5,0.4741905751018244,SI,[2 1],-26.80000000000001,10,636.8999999999905,0.0,False,1
21,0,4,[1 2],576.7999999999993,0.5,0.5,0.27582919808399753,SI,[2 1],-26.80000000000001,10,636.8999999999905,0.0,False,1
22,0,0,[1 2],576.7999999999993,0.5,0.5,0.43514474788194957,SI,[2 1],-26.80000000000001,10,636.8999999999905,0.0,False,1
22,0,1,[1 2],576.7999999999993,0.5,0.5,0.007503706875482519,SI,[2 1],-26.80000000000001,10,636.8999999999905,0.0,False,1
22,0,2,[1 2],576.7999999999993,0.5,0.5,0.17866524575640463,SI,[2 1],-26.80000000000001,10,636.8999999999905,0.0,False,1
22,0,3,[1 2],576.7999999999993,0.5,0.5,0.3272733051521961,SI,[2 1],-26.80000000000001,10,636.8999999999905,0.0,False,1
22,0,4,[1 2],576.7999999999993,0.5,0.5,0.2974988671420218,SI,[2 1],-26.80000000000001,10,636.8999999999905,0.0,False,1
23,0,0,[1 2],576.7999999999993,0.5,0.5,0.33926865283887975,SI,[2 1],-26.80000000000001,10,636.8999999999905,0.0,False,1
23,0,1,[1 2],576.7999999999993,0.5,0.5,0.19561056568156132,SI,[2 1],-26.80000000000001,10,636.8999999999905,0.0,False,1
23,0,2,[1 2],576.7999999999993,0.5,0.5,0.12411913230339422,SI,[2 1],-26.80000000000001,10,636.8999999999905,0.0,False,1
23,0,3,[1 2],576.7999999999993,0.5,0.5,0.4246055207886932,SI,[2 1],-26.80000000000001,10,636.8999999999905,0.0,False,1
23,0,4,[1 2],576.7999999999993,0.5,0.5,0.2006927866518945,SI,[2 1],-26.80000000000001,10,636.8999999999905,0.0,False,1
24,0,0,[1 2],576.7999999999993,0.5,0.5,0.3566949821998674,SI,[2 1],-26.80000000000001,10,636.8999999999905,0.0,False,1
24,0,1,[1 2],576.7999999999993,0.5,0.5,0.05500729054681208,SI,[2 1],-26.80000000000001,10,636.8999999999905,0.0,False,1
24,0,2,[1 2],576.7999999999993,0.5,0.5,0.3431037295881342,SI,[2 1],-26.80000000000001,10,636.8999999999905,0.0,False,1
24,0,3,[1 2],576.7999999999993,0.5,0.5,0.30248170441152067,SI,[2 1],-26.80000000000001,10,636.8999999999905,0.0,False,1
24,0,4,[1 2],576.7999999999993,0.5,0.5,0.184955179073231,SI,[2 1],-26.80000000000001,10,636.8999999999905,0.0,False,1
25,0,0,[1 2],576.7999999999993,0.5,0.5,0.15214303721050104,SI,[2 1],-26.80000000000001,10,636.8999999999905,0.0,False,1
25,0,1,[1 2],576.7999999999993,0.5,0.5,0.3618762469240464,SI,[2 1],-26.80000000000001,10,636.8999999999905,0.0,False,1
25,0,2,[1 2],576.7999999999993,0.5,0.5,0.024824426708610514,SI,[2 1],-26.80000000000001,10,636.8999999999905,0.0,False,1
25,0,3,[1 2],576.7999999999993,0.5,0.5,0.08137522963247412,SI,[2 1],-26.80000000000001,10,636.8999999999905,0.0,False,1
25,0,4,[1 2],576.7999999999993,0.5,0.5,0.22996520002371934,SI,[2 1],-26.80000000000001,10,636.8999999999905,0.0,False,1
26,0,0,[1 2],576.7999999999993,0.5,0.5,0.23105118777464106,SI,[2 1],-26.80000000000001,10,636.8999999999905,0.0,False,1
26,0,1,[1 2],576.7999999999993,0.5,0.5,0.261588998019354,SI,[2 1],-26.80000000000001,10,636.8999999999905,0.0,False,1
26,0,2,[1 2],576.7999999999993,0.5,0.5,0.3027301672835715,SI,[2 1],-26.80000000000001,10,636.8999999999905,0.0,False,1
26,0,3,[1 2],576.7999999999993,0.5,0.5,0.19689284824685815,SI,[2 1],-26.80000000000001,10,636.8999999999905,0.0,False,1
26,0,4,[1 2],576.7999999999993,0.5,0.5,0.15769761877280752,SI,[2 1],-26.80000000000001,10,636.8999999999905,0.0,False,1
27,0,0,[1 2],576.7999999999993,0.5,0.5,0.10494521907358301,SI,[2 1],-26.80000000000001,10,636.8999999999905,0.0,False,1
27,0,1,[1 2],576.7999999999993,0.5,0.5,0.0316408399843362,SI,[2 1],-26.80000000000001,10,636.8999999999905,0.0,False,1
27,0,2,[1 2],576.7999999999993,0.5,0.5,0.19121556092047365,SI,[2 1],-26.80000000000001,10,636.8999999999905,0.0,False,1
27,0,3,[1 2],576.7999999999993,0.5,0.5,0.4158824067405167,SI,[2 1],-26.80000000000001,10,636.8999999999905,0.0,False,1
27,0,4,[1 2],576.7999999999993,0.5,0.5,0.001157323505735608,SI,[2 1],-26.80000000000001,10,636.8999999999905,0.0,False,1
28,0,0,[1 2],576.7999999999993,0.5,0.5,0.34030397639632937,SI,[2 1],-26.80000000000001,10,636.8999999999905,0.0,False,1
28,0,1,[1 2],576.7999999999993,0.5,0.5,0.09778696947993104,SI,[2 1],-26.80000000000001,10,636.8999999999905,0.0,False,1
28,0,2,[1 2],576.7999999999993,0.5,0.5,0.17899993907729306,SI,[2 1],-26.80000000000001,10,636.8999999999905,0.0,False,1
28,0,3,[1 2],576.7999999999993,0.5,0.5,0.08514437479805148,SI,[2 1],-26.80000000000001,10,636.8999999999905,0.0,False,1
28,0,4,[1 2],576.7999999999993,0.5,0.5,0.38134345282022775,SI,[2 1],-26.80000000000001,10,636.8999999999905,0.0,False,1
29,0,0,[1 2],576.7999999999993,0.5,0.5,0.12579135853296852,SI,[2 1],-26.80000000000001,10,636.8999999999905,0.0,False,1
29,0,1,[1 2],576.7999999999993,0.5,0.5,0.31887417759609915,SI,[2 1],-26.80000000000001,10,636.8999999999905,0.0,False,1
29,0,2,[1 2],576.7999999999993,0.5,0.5,0.2043194585889484,SI,[2 1],-26.80000000000001,10,636.8999999999905,0.0,False,1
29,0,3,[1 2],576.7999999999993,0.5,0.5,0.1723522521344114,SI,[2 1],-26.80000000000001,10,636.8999999999905,0.0,False,1
29,0,4,[1 2],576.7999999999993,0.5,0.5,0.015813925671298024,SI,[2 1],-26.80000000000001,10,636.8999999999905,0.0,False,1
30,0,0,[1 2],576.7999999999993,0.5,0.5,0.24456025563168027,SI,[2 1],-26.80000000000001,10,636.8999999999905,0.0,False,1
30,0,1,[1 2],576.7999999999993,0.5,0.5,0.2441168140527208,SI,[2 1],-26.80000000000001,10,636.8999999999905,0.0,False,1
30,0,2,[1 2],576.7999999999993,0.5,0.5,0.2139303097129912,SI,[2 1],-26.80000000000001,10,636.8999999999905,0.0,False,1
30,0,3,[1 2],576.7999999999993,0.5,0.5,0.1895291883963529,SI,[2 1],-26.80000000000001,10,636.8999999999905,0.0,False,1
30,0,4,[1 2],576.7999999999993,0.5,0.5,0.4303530925592043,SI,[2 1],-26.80000000000001,10,636.8999999999905,0.0,False,1
31,0,0,[1 2],576.7999999999993,0.5,0.5,0.2386982448674012,SI,[2 1],-26.80000000000001,10,636.8999999999905,0.0,False,1
31,0,1,[1 2],576.7999999999993,0.5,0.5,0.3532542669046215,SI,[2 1],-26.80000000000001,10,636.8999999999905,0.0,False,1
31,0,2,[1 2],576.7999999999993,0.5,0.5,0.3537437185178116,SI,[2 1],-26.80000000000001,10,636.8999999999905,0.0,False,1
31,0,3,[1 2],576.7999999999993,0.5,0.5,0.48664344599247455,SI,[2 1],-26.80000000000001,10,636.8999999999905,0.0,False,1
31,0,4,[1 2],576.7999999999993,0.5,0.5,0.29327346863246584,SI,[2 1],-26.80000000000001,10,636.8999999999905,0.0,False,1
32,0,0,[1 2],576.7999999999993,0.5,0.5,0.18432307175575646,SI,[2 1],-26.80000000000001,10,636.8999999999905,0.0,False,1
32,0,1,[1 2],576.7999999999993,0.5,0.5,0.34493247946859273,SI,[2 1],-26.80000000000001,10,636.8999999999905,0.0,False,1
32,0,2,[1 2],576.7999999999993,0.5,0.5,0.13596637139538836,SI,[2 1],-26.80000000000001,10,636.8999999999905,0.0,False,1
32,0,3,[1 2],576.7999999999993,0.5,0.5,0.11829393220659012,SI,[2 1],-26.80000000000001,10,636.8999999999905,0.0,False,1
32,0,4,[1 2],576.7999999999993,0.5,0.5,0.1056218045920927,SI,[2 1],-26.80000000000001,10,636.8999999999905,0.0,False,1
33,0,0,[1 2],576.7999999999993,0.5,0.5,0.4142315226572786,SI,[2 1],-26.80000000000001,10,636.8999999999905,0.0,False,1
33,0,1,[1 2],576.7999999999993,0.5,0.5,0.4102744323437968,SI,[2 1],-26.80000000000001,10,636.8999999999905,0.0,False,1
33,0,2,[1 2],576.7999999999993,0.5,0.5,0.15595147393156295,SI,[2 1],-26.80000000000001,10,636.8999999999905,0.0,False,1
33,0,3,[1 2],576.7999999999993,0.5,0.5,0.11293420975278567,SI,[2 1],-26.80000000000001,10,636.8999999999905,0.0,False,1
33,0,4,[1 2],576.7999999999993,0.5,0.5,0.140542446133878,SI,[2 1],-26.80000000000001,10,636.8999999999905,0.0,False,1
34,0,0,[1 2],576.7999999999993,0.5,0.5,0.29731178177336615,SI,[2 1],-26.80000000000001,10,636.8999999999905,0.0,False,1
34,0,1,[1 2],576.7999999999993,0.5,0.5,0.345773999596086,SI,[2 1],-26.80000000000001,10,636.8999999999905,0.0,False,1
34,0,2,[1 2],576.7999999999993,0.5,0.5,0.31830552422941016,SI,[2 1],-26.80000000000001,10,636.8999999999905,0.0,False,1
34,0,3,[1 2],576.7999999999993,0.5,0.5,0.061334620287906594,SI,[2 1],-26.80000000000001,10,636.8999999999905,0.0,False,1
34,0,4,[1 2],576.7999999999993,0.5,0.5,0.06378169370757847,SI,[2 1],-26.80000000000001,10,636.8999999999905,0.0,False,1
35,0,0,[1 2],576.7999999999993,0.5,0.5,0.20024950055561674,SI,[2 1],-26.80000000000001,10,636.8999999999905,0.0,False,1
35,0,1,[1 2],576.7999999999993,0.5,0.5,0.07790120137824152,SI,[2 1],-26.80000000000001,10,636.8999999999905,0.0,False,1
35,0,2,[1 2],576.7999999999993,0.5,0.5,0.10880787543720394,SI,[2 1],-26.80000000000001,10,636.8999999999905,0.0,False,1
35,0,3,[1 2],576.7999999999993,0.5,0.5,0.18601071902499622,SI,[2 1],-26.80000000000001,10,636.8999999999905,0.0,False,1
35,0,4,[1 2],576.7999999999993,0.5,0.5,0.3967378515667076,SI,[2 1],-26.80000000000001,10,636.8999999999905,0.0,False,1
36,0,0,[1 2],576.7999999999993,0.5,0.5,0.020976731600350296,SI,[2 1],-26.80000000000001,10,636.8999999999905,0.0,False,1
36,0,1,[1 2],576.7999999999993,0.5,0.5,0.4687188803903708,SI,[2 1],-26.80000000000001,10,636.8999999999905,0.0,False,1
36,0,2,[1 2],576.7999999999993,0.5,0.5,0.3418486164783139,SI,[2 1],-26.80000000000001,10,636.8999999999905,0.0,False,1
36,0,3,[1 2],576.7999999999993,0.5,0.5,0.22780507866575983,SI,[2 1],-26.80000000000001,10,636.8999999999905,0.0,False,1
36,0,4,[1 2],576.7999999999993,0.5,0.5,0.07344160867113592,SI,[2 1],-26.80000000000001,10,636.8999999999905,0.0,False,1
37,0,0,[1 2],576.7999999999993,0.5,0.5,0.3175291216732433,SI,[2 1],-26.80000000000001,10,636.8999999999905,0.0,False,1
37,0,1,[1 2],576.7999999999993,0.5,0.5,0.3287266744153374,SI,[2 1],-26.80000000000001,10,636.8999999999905,0.0,False,1
37,0,2,[1 2],576.7999999999993,0.5,0.5,0.16623441714290277,SI,[2 1],-26.80000000000001,10,636.8999999999905,0.0,False,1
37,0,3,[1 2],576.7999999999993,0.5,0.5,0.22377055338832397,SI,[2 1],-26.80000000000001,10,636.8999999999905,0.0,False,1
37,0,4,[1 2],576.7999999999993,0.5,0.5,0.4106806488901015,SI,[2 1],-26.80000000000001,10,636.8999999999905,0.0,False,1
38,0,0,[1 2],576.7999999999993,0.5,0.5,0.4170015944586888,SI,[2 1],-26.80000000000001,10,636.8999999999905,0.0,False,1
38,0,1,[1 2],576.7999999999993,0.5,0.5,0.38913151836629456,SI,[2 1],-26.80000000000001,10,636.8999999999905,0.0,False,1
38,0,2,[1 2],576.7999999999993,0.5,0.5,0.335286505502687,SI,[2 1],-26.80000000000001,10,636.8999999999905,0.0,False,1
38,0,3,[1 2],576.7999999999993,0.5,0.5,0.3067143579839443,SI,[2 1],-26.80000000000001,10,636.8999999999905,0.0,False,1
38,0,4,[1 2],576.7999999999993,0.5,0.5,0.4100816965079803,SI,[2 1],-26.80000000000001,10,636.8999999999905,0.0,False,1
39,0,0,[1 2],576.7999999999993,0.5,0.5,0.16076898782589988,SI,[2 1],-26.80000000000001,10,636.8999999999905,0.0,False,1
39,0,1,[1 2],576.7999999999993,0.5,0.5,0.11464900563470337,SI,[2 1],-26.80000000000001,10,636.8999999999905,0.0,False,1
39,0,2,[1 2],576.7999999999993,0.5,0.5,0.46832997901947027,SI,[2 1],-26.80000000000001,10,636.8999999999905,0.0,False,1
39,0,3,[1 2],576.7999999999993,0.5,0.5,0.36033911889797365,SI,[2 1],-26.80000000000001,10,636.8999999999905,0.0,False,1
39,0,4,[1 2],576.7999999999993,0.5,0.5,0.37819997464751587,SI,[2 1],-26.80000000000001,10,636.8999999999905,0.0,False,1
40,0,0,[1 2],576.7999999999993,0.5,0.5,0.15240145282523332,SI,[2 1],-26.80000000000001,10,636.8999999999905,0.0,False,1
40,0,1,[1 2],576.7999999999993,0.5,0.5,0.1843506797331943,SI,[2 1],-26.80000000000001,10,636.8999999999905,0.0,False,1
40,0,2,[1 2],576.7999999999993,0.5,0.5,0.09851032800229531,SI,[2 1],-26.80000000000001,10,636.8999999999905,0.0,False,1
40,0,3,[1 2],576.7999999999993,0.5,0.5,0.21549334295773137,SI,[2 1],-26.80000000000001,10,636.8999999999905,0.0,False,1
40,0,4,[1 2],576.7999999999993,0.5,0.5,0.28090802582884933,SI,[2 1],-26.80000000000001,10,636.8999999999905,0.0,False,1
41,0,0,[1 2],576.7999999999993,0.5,0.5,0.19069389837991724,SI,[2 1],-26.80000000000001,10,636.8999999999905,0.0,False,1
41,0,1,[1 2],576.7999999999993,0.5,0.5,0.4153272634533245,SI,[2 1],-26.80000000000001,10,636.8999999999905,0.0,False,1
41,0,2,[1 2],576.7999999999993,0.5,0.5,0.23525968773203998,SI,[2 1],-26.80000000000001,10,636.8999999999905,0.0,False,1
41,0,3,[1 2],576.7999999999993,0.5,0.5,0.0008124251843656394,SI,[2 1],-26.80000000000001,10,636.8999999999905,0.0,False,1
41,0,4,[1 2],576.7999999999993,0.5,0.5,0.47098077186078313,SI,[2 1],-26.80000000000001,10,636.8999999999905,0.0,False,1
42,0,0,[1 2],576.7999999999993,0.5,0.5,0.49490742678126964,SI,[2 1],-26.80000000000001,10,636.8999999999905,0.0,False,1
42,0,1,[1 2],576.7999999999993,0.5,0.5,0.22990763736408637,SI,[2 1],-26.80000000000001,10,636.8999999999905,0.0,False,1
42,0,2,[1 2],576.7999999999993,0.5,0.5,0.026152727802358777,SI,[2 1],-26.80000000000001,10,636.8999999999905,0.0,False,1
42,0,3,[1 2],576.7999999999993,0.5,0.5,0.1073888704567908,SI,[2 1],-26.80000000000001,10,636.8999999999905,0.0,False,1
42,0,4,[1 2],576.7999999999993,0.5,0.5,0.23034069638908128,SI,[2 1],-26.80000000000001,10,636.8999999999905,0.0,False,1
43,0,0,[1 2],576.7999999999993,0.5,0.5,0.40206573570176063,SI,[2 1],-26.80000000000001,10,636.8999999999905,0.0,False,1
43,0,1,[1 2],576.7999999999993,0.5,0.5,0.3457556374303926,SI,[2 1],-26.80000000000001,10,636.8999999999905,0.0,False,1
43,0,2,[1 2],576.7999999999993,0.5,0.5,0.21646723846947236,SI,[2 1],-26.80000000000001,10,636.8999999999905,0.0,False,1
43,0,3,[1 2],576.7999999999993,0.5,0.5,0.0008862556146935763,SI,[2 1],-26.80000000000001,10,636.8999999999905,0.0,False,1
43,0,4,[1 2],576.7999999999993,0.5,0.5,0.17893183541242308,SI,[2 1],-26.80000000000001,10,636.8999999999905,0.0,False,1
44,0,0,[1 2],576.7999999999993,0.5,0.5,0.31343333550327834,SI,[2 1],-26.80000000000001,10,636.8999999999905,0.0,False,1
44,0,1,[1 2],576.7999999999993,0.5,0.5,0.3261558320451946,SI,[2 1],-26.80000000000001,10,636.8999999999905,0.0,False,1
44,0,2,[1 2],576.7999999999993,0.5,0.5,0.02815217632998146,SI,[2 1],-26.80000000000001,10,636.8999999999905,0.0,False,1
44,0,3,[1 2],576.7999999999993,0.5,0.5,0.36088515794241527,SI,[2 1],-26.80000000000001,10,636.8999999999905,0.0,False,1
44,0,4,[1 2],576.7999999999993,0.5,0.5,0.49047151508060693,SI,[2 1],-26.80000000000001,10,636.8999999999905,0.0,False,1
45,0,0,[1 2],576.7999999999993,0.5,0.5,0.07203635183065737,SI,[2 1],-26.80000000000001,10,636.8999999999905,0.0,False,1
45,0,1,[1 2],576.7999999999993,0.5,0.5,0.05994365008321456,SI,[2 1],-26.80000000000001,10,636.8999999999905,0.0,False,1
45,0,2,[1 2],576.7999999999993,0.5,0.5,0.11752566160995492,SI,[2 1],-26.80000000000001,10,636.8999999999905,0.0,False,1
45,0,3,[1 2],576.7999999999993,0.5,0.5,0.32540241453681273,SI,[2 1],-26.80000000000001,10,636.8999999999905,0.0,False,1
45,0,4,[1 2],576.7999999999993,0.5,0.5,0.3515921220636127,SI,[2 1],-26.80000000000001,10,636.8999999999905,0.0,False,1
46,0,0,[1 2],576.7999999999993,0.5,0.5,0.22827312288587343,SI,[2 1],-26.80000000000001,10,636.8999999999905,0.0,False,1
46,0,1,[1 2],576.7999999999993,0.5,0.5,0.18626563316622435,SI,[2 1],-26.80000000000001,10,636.8999999999905,0.0,False,1
46,0,2,[1 2],576.7999999999993,0.5,0.5,0.1649253663265562,SI,[2 1],-26.80000000000001,10,636.8999999999905,0.0,False,1
46,0,3,[1 2],576.7999999999993,0.5,0.5,0.47743724681019906,SI,[2 1],-26.80000000000001,10,636.8999999999905,0.0,False,1
46,0,4,[1 2],576.7999999999993,0.5,0.5,0.20757691480874807,SI,[2 1],-26.80000000000001,10,636.8999999999905,0.0,False,1
47,0,0,[1 2],576.7999999999993,0.5,0.5,0.22091463098740705,SI,[2 1],-26.80000000000001,10,636.8999999999905,0.0,False,1
47,0,1,[1 2],576.7999999999993,0.5,0.5,0.0716429066446741,SI,[2 1],-26.80000000000001,10,636.8999999999905,0.0,False,1
47,0,2,[1 2],576.7999999999993,0.5,0.5,0.054838508713897616,SI,[2 1],-26.80000000000001,10,636.8999999999905,0.0,False,1
47,0,3,[1 2],576.7999999999993,0.5,0.5,0.13339308018212737,SI,[2 1],-26.80000000000001,10,636.8999999999905,0.0,False,1
47,0,4,[1 2],576.7999999999993,0.5,0.5,0.2693992066054285,SI,[2 1],-26.80000000000001,10,636.8999999999905,0.0,False,1
48,0,0,[1 2],576.7999999999993,0.5,0.5,0.2816955598430231,SI,[2 1],-26.80000000000001,10,636.8999999999905,0.0,False,1
48,0,1,[1 2],576.7999999999993,0.5,0.5,0.03291382348719041,SI,[2 1],-26.80000000000001,10,636.8999999999905,0.0,False,1
48,0,2,[1 2],576.7999999999993,0.5,0.5,0.00018655562817482263,SI,[2 1],-26.80000000000001,10,636.8999999999905,0.0,False,1
48,0,3,[1 2],576.7999999999993,0.5,0.5,0.2672742674143782,SI,[2 1],-26.80000000000001,10,636.8999999999905,0.0,False,1
48,0,4,[1 2],576.7999999999993,0.5,0.5,0.06773488987610476,SI,[2 1],-26.80000000000001,10,636.8999999999905,0.0,False,1
49,0,0,[1 2],576.7999999999993,0.5,0.5,0.15919609886029362,SI,[2 1],-26.80000000000001,10,636.8999999999905,0.0,False,1
49,0,1,[1 2],576.7999999999993,0.5,0.5,0.4623025924003331,SI,[2 1],-26.80000000000001,10,636.8999999999905,0.0,False,1
49,0,2,[1 2],576.7999999999993,0.5,0.5,0.449514611463827,SI,[2 1],-26.80000000000001,10,636.8999999999905,0.0,False,1
49,0,3,[1 2],576.7999999999993,0.5,0.5,0.18670060146156042,SI,[2 1],-26.80000000000001,10,636.8999999999905,0.0,False,1
49,0,4,[1 2],576.7999999999993,0.5,0.5,0.11813179327003542,SI,[2 1],-26.80000000000001,10,636.8999999999905,0.0,False,1
50,0,0,[1 2],576.7999999999993,0.5,0.5,0.4513109952330707,SI,[2 1],-26.80000000000001,10,636.8999999999905,0.0,False,1
50,0,1,[1 2],576.7999999999993,0.5,0.5,0.3387126688527188,SI,[2 1],-26.80000000000001,10,636.8999999999905,0.0,False,1
50,0,2,[1 2],576.7999999999993,0.5,0.5,0.34980410361638914,SI,[2 1],-26.80000000000001,10,636.8999999999905,0.0,False,1
50,0,3,[1 2],576.7999999999993,0.5,0.5,0.3083019439252106,SI,[2 1],-26.80000000000001,10,636.8999999999905,0.0,False,1
50,0,4,[1 2],576.7999999999993,0.5,0.5,0.0013711807294001233,SI,[2 1],-26.80000000000001,10,636.8999999999905,0.0,False,1
0,10,0,[3 5 1 4 2],3105.299999999981,0.5,0.5,0.42619532607337773,SI,[3 4 1 5 2],6.2999999999999545,10,3454.6999999999825,0.0,False,2
0,10,1,[3 5 1 4 2],3105.299999999981,0.5,0.5,0.6795978303517227,MI,[3 4 1 5 2],6.2999999999999545,10,3454.6999999999825,0.0,False,2
0,10,2,[3 5 1 4 2],3105.299999999981,0.5,0.5,0.23843599041039742,SI,[3 4 1 5 2],6.2999999999999545,10,3454.6999999999825,0.0,False,2
0,10,3,[3 5 1 4 2],3105.299999999981,0.5,0.5,0.6894786772285488,MI,[4 1 5 3 2],29.099999999999966,10,4290.000000000018,0.0,False,2
0,10,4,[3 5 1 4 2],3105.299999999981,0.5,0.5,0.4589934950703103,SI,[3 4 1 5 2],6.2999999999999545,10,3454.6999999999825,0.0,False,2
1,0,0,[3 1 4 2 5],3068.1999999999534,0.5,0.5,0.03540373728484447,SI,[3 1 4 5 2],-321.80000000000007,10,2761.5999999999804,0.09992829672119735,True,2
1,0,1,[3 1 4 5 2],2761.5999999999804,0.5,0.5,0.9923900526486888,MI,[5 4 1 3 2],22.799999999999955,10,4543.400000000009,0.0,False,2
1,0,2,[3 1 4 5 2],2761.5999999999804,0.5,0.5,0.5707404206796939,MI,[5 4 1 3 2],22.799999999999955,10,4543.400000000009,0.0,False,2
1,0,3,[3 1 4 5 2],2761.5999999999804,0.5,0.5,0.28466542942594164,SI,[5 4 1 3 2],22.799999999999955,10,4543.400000000009,0.0,False,2
1,0,4,[3 1 4 5 2],2761.5999999999804,0.5,0.5,0.08205894148770532,SI,[5 4 1 3 2],22.799999999999955,10,4543.400000000009,0.0,False,2
2,0,0,[3 1 4 5 2],2761.5999999999804,0.504946980502507,0.4950530194974929,0.2291029873236099,SI,[3 1 5 4 2],101.39999999999998,10,2985.999999999982,0.0,False,2
2,0,1,[3 1 4 5 2],2761.5999999999804,0.504946980502507,0.4950530194974929,0.5550637001404266,MI,[5 4 1 3 2],22.799999999999955,10,4543.400000000009,0.0,False,2
2,0,2,[3 1 4 5 2],2761.5999999999804,0.504946980502507,0.4950530194974929,0.35085635662499237,SI,[5 4 1 3 2],22.799999999999955,10,4543.400000000009,0.0,False,2
2,0,3,[3 1 4 5 2],2761.5999999999804,0.504946980502507,0.4950530194974929,0.29309954450929265,SI,[3 5 4 1 2],35.299999999999955,10,3735.199999999986,0.0,False,2
2,0,4,[3 1 4 5 2],2761.5999999999804,0.504946980502507,0.4950530194974929,0.13746566133390614,SI,[5 4 1 3 2],22.799999999999955,10,4543.400000000009,0.0,False,2
3,0,0,[3 1 4 5 2],2761.5999999999804,0.5049469805025071,0.495053019497493,0.25024541330256034,SI,[3 5 4 1 2],35.299999999999955,10,3735.199999999986,0.0,False,2
3,0,1,[3 1 4 5 2],2761.5999999999804,0.5049469805025071,0.495053019497493,0.6695547843396297,MI,[5 4 1 3 2],22.799999999999955,10,4543.400000000009,0.0,False,2
3,0,2,[3 1 4 5 2],2761.5999999999804,0.5049469805025071,0.495053019497493,0.5478536910267814,MI,[5 4 1 3 2],22.799999999999955,10,4543.400000000009,0.0,False,2
3,0,3,[3 1 4 5 2],2761.5999999999804,0.5049469805025071,0.495053019497493,0.7357415620238579,MI,[2 5 4 1 3],57.30000000000001,10,4209.000000000036,0.0,False,2
3,0,4,[3 1 4 5 2],2761.5999999999804,0.5049469805025071,0.495053019497493,0.4184544633443159,SI,[5 4 1 3 2],22.799999999999955,10,4543.400000000009,0.0,False,2
4,0,0,[3 1 4 5 2],2761.5999999999804,0.5049469805025071,0.495053019497493,0.011089729303461193,SI,[5 4 1 3 2],22.799999999999955,10,4543.400000000009,0.0,False,2
4,0,1,[3 1 4 5 2],2761.5999999999804,0.5049469805025071,0.495053019497493,0.13023019245791045,SI,[5 4 1 3 2],22.799999999999955,10,4543.400000000009,0.0,False,2
4,0,2,[3 1 4 5 2],2761.5999999999804,0.5049469805025071,0.495053019497493,0.6839290850959459,MI,[3 5 4 1 2],35.299999999999955,10,3735.199999999986,0.0,False,2
4,0,3,[3 1 4 5 2],2761.5999999999804,0.5049469805025071,0.495053019497493,0.9179405410194905,MI,[5 4 1 3 2],22.799999999999955,10,4543.400000000009,0.0,False,2
4,0,4,[3 1 4 5 2],2761.5999999999804,0.5049469805025071,0.495053019497493,0.3008002898676094,SI,[3 5 4 1 2],35.299999999999955,10,3735.199999999986,0.0,False,2
5,0,0,[3 1 4 5 2],2761.5999999999804,0.5049469805025071,0.495053019497493,0.7621856185611761,MI,[3 5 4 1 2],35.299999999999955,10,3735.199999999986,0.0,False,2
5,0,1,[3 1 4 5 2],2761.5999999999804,0.5049469805025071,0.495053019497493,0.3131405616567715,SI,[5 4 1 3 2],22.799999999999955,10,4543.400000000009,0.0,False,2
5,0,2,[3 1 4 5 2],2761.5999999999804,0.5049469805025071,0.495053019497493,0.6616904044905589,MI,[3 5 4 1 2],35.299999999999955,10,3735.199999999986,0.0,False,2
5,0,3,[3 1 4 5 2],2761.5999999999804,0.5049469805025071,0.495053019497493,0.007726677210268429,SI,[5 4 1 3 2],22.799999999999955,10,4543.400000000009,0.0,False,2
5,0,4,[3 1 4 5 2],2761.5999999999804,0.5049469805025071,0.495053019497493,0.1433714037560362,SI,[5 4 1 3 2],22.799999999999955,10,4543.400000000009,0.0,False,2
6,0,0,[3 1 4 5 2],2761.5999999999804,0.5049469805025071,0.495053019497493,0.12135392015233493,SI,[5 4 1 3 2],22.799999999999955,10,4543.400000000009,0.0,False,2
6,0,1,[3 1 4 5 2],2761.5999999999804,0.5049469805025071,0.495053019497493,0.018577194707656064,SI,[5 4 1 3 2],22.799999999999955,10,4543.400000000009,0.0,False,2
6,0,2,[3 1 4 5 2],2761.5999999999804,0.5049469805025071,0.495053019497493,0.3201379225256912,SI,[5 4 1 3 2],22.799999999999955,10,4543.400000000009,0.0,False,2
6,0,3,[3 1 4 5 2],2761.5999999999804,0.5049469805025071,0.495053019497493,0.30430660627176753,SI,[5 4 1 3 2],22.799999999999955,10,4543.400000000009,0.0,False,2
6,0,4,[3 1 4 5 2],2761.5999999999804,0.5049469805025071,0.495053019497493,0.8650392650265099,MI,[2 5 4 1 3],57.30000000000001,10,4209.000000000036,0.0,False,2
7,0,0,[3 1 4 5 2],2761.5999999999804,0.5049469805025071,0.495053019497493,0.13940911687119262,SI,[5 4 1 3 2],22.799999999999955,10,4543.400000000009,0.0,False,2
7,0,1,[3 1 4 5 2],2761.5999999999804,0.5049469805025071,0.495053019497493,0.06783945795854218,SI,[5 4 1 3 2],22.799999999999955,10,4543.400000000009,0.0,False,2
7,0,2,[3 1 4 5 2],2761.5999999999804,0.5049469805025071,0.495053019497493,0.7295975632167102,MI,[3 5 4 1 2],35.299999999999955,10,3735.199999999986,0.0,False,2
7,0,3,[3 1 4 5 2],2761.5999999999804,0.5049469805025071,0.495053019497493,0.6535756866103393,MI,[5 4 1 3 2],22.799999999999955,10,4543.400000000009,0.0,False,2
7,0,4,[3 1 4 5 2],2761.5999999999804,0.5049469805025071,0.495053019497493,0.31133440717536687,SI,[5 4 1 3 2],22.799999999999955,10,4543.400000000009,0.0,False,2
8,0,0,[3 1 4 5 2],2761.5999999999804,0.5049469805025071,0.495053019497493,0.0594351596749737,SI,[5 4 1 3 2],22.799999999999955,10,4543.400000000009,0.0,False,2
8,0,1,[3 1 4 5 2],2761.5999999999804,0.5049469805025071,0.495053019497493,0.09726685607177676,SI,[3 5 4 1 2],35.299999999999955,10,3735.199999999986,0.0,False,2
8,0,2,[3 1 4 5 2],2761.5999999999804,0.5049469805025071,0.495053019497493,0.6349227759605028,MI,[5 4 1 3 2],22.799999999999955,10,4543.400000000009,0.0,False,2
8,0,3,[3 1 4 5 2],2761.5999999999804,0.5049469805025071,0.495053019497493,0.7520131727261555,MI,[2 5 4 1 3],57.30000000000001,10,4209.000000000036,0.0,False,2
8,0,4,[3 1 4 5 2],2761.5999999999804,0.5049469805025071,0.495053019497493,0.8611853510570276,MI,[2 5 4 1 3],57.30000000000001,10,4209.000000000036,0.0,False,2
9,0,0,[3 1 4 5 2],2761.5999999999804,0.5049469805025071,0.495053019497493,0.7384391801864033,MI,[5 4 1 3 2],22.799999999999955,10,4543.400000000009,0.0,False,2
9,0,1,[3 1 4 5 2],2761.5999999999804,0.5049469805025071,0.495053019497493,0.610283781903067,MI,[5 4 1 3 2],22.799999999999955,10,4543.400000000009,0.0,False,2
9,0,2,[3 1 4 5 2],2761.5999999999804,0.5049469805025071,0.495053019497493,0.015523267603578694,SI,[5 4 1 3 2],22.799999999999955,10,4543.400000000009,0.0,False,2
9,0,3,[3 1 4 5 2],2761.5999999999804,0.5049469805025071,0.495053019497493,0.00509746979251291,SI,[2 5 4 1 3],57.30000000000001,10,4209.000000000036,0.0,False,2
9,0,4,[3 1 4 5 2],2761.5999999999804,0.5049469805025071,0.495053019497493,0.6690614405259763,MI,[5 4 1 3 2],22.799999999999955,10,4543.400000000009,0.0,False,2
10,0,0,[3 1 4 5 2],2761.5999999999804,0.5049469805025071,0.495053019497493,0.9404326922996344,MI,[3 5 4 1 2],35.299999999999955,10,3735.199999999986,0.0,False,2
10,0,1,[3 1 4 5 2],2761.5999999999804,0.5049469805025071,0.495053019497493,0.9816741756211967,MI,[5 4 1 3 2],22.799999999999955,10,4543.400000000009,0.0,False,2
10,0,2,[3 1 4 5 2],2761.5999999999804,0.5049469805025071,0.495053019497493,0.7619317162300603,MI,[5 4 1 3 2],22.799999999999955,10,4543.400000000009,0.0,False,2
10,0,3,[3 1 4 5 2],2761.5999999999804,0.5049469805025071,0.495053019497493,0.5527536147220805,MI,[5 4 1 3 2],22.799999999999955,10,4543.400000000009,0.0,False,2
10,0,4,[3 1 4 5 2],2761.5999999999804,0.5049469805025071,0.495053019497493,0.22654907940990432,SI,[2 5 4 1 3],57.30000000000001,10,4209.000000000036,0.0,False,2
11,0,0,[3 1 4 5 2],2761.5999999999804,0.5049469805025071,0.495053019497493,0.4059524654324873,SI,[5 4 1 3 2],22.799999999999955,10,4543.400000000009,0.0,False,2
11,0,1,[3 1 4 5 2],2761.5999999999804,0.5049469805025071,0.495053019497493,0.7326418701116504,MI,[3 5 4 1 2],35.299999999999955,10,3735.199999999986,0.0,False,2
11,0,2,[3 1 4 5 2],2761.5999999999804,0.5049469805025071,0.495053019497493,0.5235961103630216,MI,[5 4 1 3 2],22.799999999999955,10,4543.400000000009,0.0,False,2
11,0,3,[3 1 4 5 2],2761.5999999999804,0.5049469805025071,0.495053019497493,0.10020992688960007,SI,[5 4 1 3 2],22.799999999999955,10,4543.400000000009,0.0,False,2
11,0,4,[3 1 4 5 2],2761.5999999999804,0.5049469805025071,0.495053019497493,0.632548845573986,MI,[3 5 4 1 2],35.299999999999955,10,3735.199999999986,0.0,False,2
12,0,0,[3 1 4 5 2],2761.5999999999804,0.5049469805025071,0.495053019497493,0.29719477891294177,SI,[5 4 1 3 2],22.799999999999955,10,4543.400000000009,0.0,False,2
12,0,1,[3 1 4 5 2],2761.5999999999804,0.5049469805025071,0.495053019497493,0.31133262592647304,SI,[3 4 1 5 2],73.19999999999999,10,3454.6999999999825,0.0,False,2
12,0,2,[3 1 4 5 2],2761.5999999999804,0.5049469805025071,0.495053019497493,0.5599029473605235,MI,[5 4 1 3 2],22.799999999999955,10,4543.400000000009,0.0,False,2
12,0,3,[3 1 4 5 2],2761.5999999999804,0.5049469805025071,0.495053019497493,0.4411220642751371,SI,[5 4 1 3 2],22.799999999999955,10,4543.400000000009,0.0,False,2
12,0,4,[3 1 4 5 2],2761.5999999999804,0.5049469805025071,0.495053019497493,0.05370050483116806,SI,[5 4 1 3 2],22.799999999999955,10,4543.400000000009,0.0,False,2
13,0,0,[3 1 4 5 2],2761.5999999999804,0.5049469805025071,0.495053019497493,0.586271097675656,MI,[5 4 1 3 2],22.799999999999955,10,4543.400000000009,0.0,False,2
13,0,1,[3 1 4 5 2],2761.5999999999804,0.5049469805025071,0.495053019497493,0.5237695114683286,MI,[3 5 4 1 2],35.299999999999955,10,3735.199999999986,0.0,False,2
13,0,2,[3 1 4 5 2],2761.5999999999804,0.5049469805025071,0.495053019497493,0.8311532744249637,MI,[2 5 4 1 3],57.30000000000001,10,4209.000000000036,0.0,False,2
13,0,3,[3 1 4 5 2],2761.5999999999804,0.5049469805025071,0.495053019497493,0.8318019454623969,MI,[5 4 1 3 2],22.799999999999955,10,4543.400000000009,0.0,False,2
13,0,4,[3 1 4 5 2],2761.5999999999804,0.5049469805025071,0.495053019497493,0.9931117811604298,MI,[3 5 4 1 2],35.299999999999955,10,3735.199999999986,0.0,False,2
14,0,0,[3 1 4 5 2],2761.5999999999804,0.5049469805025071,0.495053019497493,0.6698975026149632,MI,[5 4 1 3 2],22.799999999999955,10,4543.400000000009,0.0,False,2
14,0,1,[3 1 4 5 2],2761.5999999999804,0.5049469805025071,0.495053019497493,0.8117559865581679,MI,[5 4 1 3 2],22.799999999999955,10,4543.400000000009,0.0,False,2
14,0,2,[3 1 4 5 2],2761.5999999999804,0.5049469805025071,0.495053019497493,0.5987106555672143,MI,[3 5 4 1 2],35.299999999999955,10,3735.199999999986,0.0,False,2
14,0,3,[3 1 4 5 2],2761.5999999999804,0.5049469805025071,0.495053019497493,0.6455555107468232,MI,[5 4 1 3 2],22.799999999999955,10,4543.400000000009,0.0,False,2
14,0,4,[3 1 4 5 2],2761.5999999999804,0.5049469805025071,0.495053019497493,0.7132956583000514,MI,[3 5 4 1 2],35.299999999999955,10,3735.199999999986,0.0,False,2
15,0,0,[3 1 4 5 2],2761.5999999999804,0.5049469805025071,0.495053019497493,0.5078946451043701,MI,[5 4 1 3 2],22.799999999999955,10,4543.400000000009,0.0,False,2
15,0,1,[3 1 4 5 2],2761.5999999999804,0.5049469805025071,0.495053019497493,0.7157932581720928,MI,[5 4 1 3 2],22.799999999999955,10,4543.400000000009,0.0,False,2
15,0,2,[3 1 4 5 2],2761.5999999999804,0.5049469805025071,0.495053019497493,0.6060075361984781,MI,[5 4 1 3 2],22.799999999999955,10,4543.400000000009,0.0,False,2
15,0,3,[3 1 4 5 2],2761.5999999999804,0.5049469805025071,0.495053019497493,0.9424825943650887,MI,[5 4 1 3 2],22.799999999999955,10,4543.400000000009,0.0,False,2
15,0,4,[3 1 4 5 2],2761.5999999999804,0.5049469805025071,0.495053019497493,0.9426706261604598,MI,[5 4 1 3 2],22.799999999999955,10,4543.400000000009,0.0,False,2
16,0,0,[3 1 4 5 2],2761.5999999999804,0.5049469805025071,0.495053019497493,0.7898122159837442,MI,[3 5 4 1 2],35.299999999999955,10,3735.199999999986,0.0,False,2
16,0,1,[3 1 4 5 2],2761.5999999999804,0.5049469805025071,0.495053019497493,0.48013324190261275,SI,[2 5 4 1 3],57.30000000000001,10,4209.000000000036,0.0,False,2
16,0,2,[3 1 4 5 2],2761.5999999999804,0.5049469805025071,0.495053019497493,0.6750543899078296,MI,[3 5 4 1 2],35.299999999999955,10,3735.199999999986,0.0,False,2
16,0,3,[3 1 4 5 2],2761.5999999999804,0.5049469805025071,0.495053019497493,0.8403398459781148,MI,[5 4 1 3 2],22.799999999999955,10,4543.400000000009,0.0,False,2
16,0,4,[3 1 4 5 2],2761.5999999999804,0.5049469805025071,0.495053019497493,0.8354613437936651,MI,[5 4 1 3 2],22.799999999999955,10,4543.400000000009,0.0,False,2
17,0,0,[3 1 4 5 2],2761.5999999999804,0.5049469805025071,0.495053019497493,0.5025128609997881,SI,[5 4 1 3 2],22.799999999999955,10,4543.400000000009,0.0,False,2
17,0,1,[3 1 4 5 2],2761.5999999999804,0.5049469805025071,0.495053019497493,0.31168616060008936,SI,[5 4 1 3 2],22.799999999999955,10,4543.400000000009,0.0,False,2
17,0,2,[3 1 4 5 2],2761.5999999999804,0.5049469805025071,0.495053019497493,0.3700104348214637,SI,[3 5 4 1 2],35.299999999999955,10,3735.199999999986,0.0,False,2
17,0,3,[3 1 4 5 2],2761.5999999999804,0.5049469805025071,0.495053019497493,0.478677611284993,SI,[5 4 1 3 2],22.799999999999955,10,4543.400000000009,0.0,False,2
17,0,4,[3 1 4 5 2],2761.5999999999804,0.5049469805025071,0.495053019497493,0.4068263253854052,SI,[3 5 4 1 2],35.299999999999955,10,3735.199999999986,0.0,False,2
18,0,0,[3 1 4 5 2],2761.5999999999804,0.5049469805025071,0.495053019497493,0.5980876429705849,MI,[5 4 1 3 2],22.799999999999955,10,4543.400000000009,0.0,False,2
18,0,1,[3 1 4 5 2],2761.5999999999804,0.5049469805025071,0.495053019497493,0.6443547638246916,MI,[3 5 4 1 2],35.299999999999955,10,3735.199999999986,0.0,False,2
18,0,2,[3 1 4 5 2],2761.5999999999804,0.5049469805025071,0.495053019497493,0.9255300676226625,MI,[2 5 4 1 3],57.30000000000001,10,4209.000000000036,0.0,False,2
18,0,3,[3 1 4 5 2],2761.5999999999804,0.5049469805025071,0.495053019497493,0.2206803753454183,SI,[5 4 1 3 2],22.799999999999955,10,4543.400000000009,0.0,False,2
18,0,4,[3 1 4 5 2],2761.5999999999804,0.5049469805025071,0.495053019497493,0.8587177851350742,MI,[5 4 1 3 2],22.799999999999955,10,4543.400000000009,0.0,False,2
19,0,0,[3 1 4 5 2],2761.5999999999804,0.5049469805025071,0.495053019497493,0.678463554039151,MI,[3 5 4 1 2],35.299999999999955,10,3735.199999999986,0.0,False,2
19,0,1,[3 1 4 5 2],2761.5999999999804,0.5049469805025071,0.495053019497493,0.0997748212828502,SI,[3 5 4 1 2],35.299999999999955,10,3735.199999999986,0.0,False,2
19,0,2,[3 1 4 5 2],2761.5999999999804,0.5049469805025071,0.495053019497493,0.6914308690889285,MI,[5 4 1 3 2],22.799999999999955,10,4543.400000000009,0.0,False,2
19,0,3,[3 1 4 5 2],2761.5999999999804,0.5049469805025071,0.495053019497493,0.7060392325891109,MI,[5 4 1 3 2],22.799999999999955,10,4543.400000000009,0.0,False,2
19,0,4,[3 1 4 5 2],2761.5999999999804,0.5049469805025071,0.495053019497493,0.5575103686394703,MI,[5 4 1 3 2],22.799999999999955,10,4543.400000000009,0.0,False,2
20,0,0,[3 1 4 5 2],2761.5999999999804,0.5049469805025071,0.495053019497493,0.6353448778808324,MI,[5 4 1 3 2],22.799999999999955,10,4543.400000000009,0.0,False,2
20,0,1,[3 1 4 5 2],2761.5999999999804,0.5049469805025071,0.495053019497493,0.5411746600704221,MI,[5 4 1 3 2],22.799999999999955,10,4543.400000000009,0.0,False,2
20,0,2,[3 1 4 5 2],2761.5999999999804,0.5049469805025071,0.495053019497493,0.12657384270311123,SI,[5 4 1 3 2],22.799999999999955,10,4543.400000000009,0.0,False,2
20,0,3,[3 1 4 5 2],2761.5999999999804,0.5049469805025071,0.495053019497493,0.5594223059950089,MI,[5 4 1 3 2],22.799999999999955,10,4543.400000000009,0.0,False,2
20,0,4,[3 1 4 5 2],2761.5999999999804,0.5049469805025071,0.495053019497493,0.4944596483042285,SI,[5 4 1 3 2],22.799999999999955,10,4543.400000000009,0.0,False,2
21,0,0,[3 1 4 5 2],2761.5999999999804,0.5049469805025071,0.495053019497493,0.4615274153324078,SI,[5 4 1 3 2],22.799999999999955,10,4543.400000000009,0.0,False,2
21,0,1,[3 1 4 5 2],2761.5999999999804,0.5049469805025071,0.495053019497493,0.6789200618809922,MI,[5 4 1 3 2],22.799999999999955,10,4543.400000000009,0.0,False,2
21,0,2,[3 1 4 5 2],2761.5999999999804,0.5049469805025071,0.495053019497493,0.3365534029573848,SI,[5 4 1 3 2],22.799999999999955,10,4543.400000000009,0.0,False,2
21,0,3,[3 1 4 5 2],2761.5999999999804,0.5049469805025071,0.495053019497493,0.09768997066797525,SI,[5 4 1 3 2],22.799999999999955,10,4543.400000000009,0.0,False,2
21,0,4,[3 1 4 5 2],2761.5999999999804,0.5049469805025071,0.495053019497493,0.31692213048322737,SI,[5 4 1 3 2],22.799999999999955,10,4543.400000000009,0.0,False,2
22,0,0,[3 1 4 5 2],2761.5999999999804,0.5049469805025071,0.495053019497493,0.17769316816895264,SI,[5 4 1 3 2],22.799999999999955,10,4543.400000000009,0.0,False,2
22,0,1,[3 1 4 5 2],2761.5999999999804,0.5049469805025071,0.495053019497493,0.03879847348048704,SI,[3 5 4 1 2],35.299999999999955,10,3735.199999999986,0.0,False,2
22,0,2,[3 1 4 5 2],2761.5999999999804,0.5049469805025071,0.495053019497493,0.047668195898865284,SI,[3 5 4 1 2],35.299999999999955,10,3735.199999999986,0.0,False,2
22,0,3,[3 1 4 5 2],2761.5999999999804,0.5049469805025071,0.495053019497493,0.3811214437033178,SI,[3 5 4 1 2],35.299999999999955,10,3735.199999999986,0.0,False,2
22,0,4,[3 1 4 5 2],2761.5999999999804,0.5049469805025071,0.495053019497493,0.16669685677169577,SI,[5 4 1 3 2],22.799999999999955,10,4543.400000000009,0.0,False,2
23,0,0,[3 1 4 5 2],2761.5999999999804,0.5049469805025071,0.495053019497493,0.5742920678127484,MI,[5 4 1 3 2],22.799999999999955,10,4543.400000000009,0.0,False,2
23,0,1,[3 1 4 5 2],2761.5999999999804,0.5049469805025071,0.495053019497493,0.25465055955685933,SI,[5 4 1 3 2],22.799999999999955,10,4543.400000000009,0.0,False,2
23,0,2,[3 1 4 5 2],2761.5999999999804,0.5049469805025071,0.495053019497493,0.6502892478257646,MI,[3 5 4 1 2],35.299999999999955,10,3735.199999999986,0.0,False,2
23,0,3,[3 1 4 5 2],2761.5999999999804,0.5049469805025071,0.495053019497493,0.9589557942474378,MI,[5 4 1 3 2],22.799999999999955,10,4543.400000000009,0.0,False,2
23,0,4,[3 1 4 5 2],2761.5999999999804,0.5049469805025071,0.495053019497493,0.07101852788007357,SI,[5 4 1 3 2],22.799999999999955,10,4543.400000000009,0.0,False,2
24,0,0,[3 1 4 5 2],2761.5999999999804,0.5049469805025071,0.495053019497493,0.6751478616696188,MI,[5 4 1 3 2],22.799999999999955,10,4543.400000000009,0.0,False,2
24,0,1,[3 1 4 5 2],2761.5999999999804,0.5049469805025071,0.495053019497493,0.3277999995843456,SI,[5 4 1 3 2],22.799999999999955,10,4543.400000000009,0.0,False,2
24,0,2,[3 1 4 5 2],2761.5999999999804,0.5049469805025071,0.495053019497493,0.08815472270283253,SI,[3 5 4 1 2],35.299999999999955,10,3735.199999999986,0.0,False,2
24,0,3,[3 1 4 5 2],2761.5999999999804,0.5049469805025071,0.495053019497493,0.4762560125841998,SI,[5 4 1 3 2],22.799999999999955,10,4543.400000000009,0.0,False,2
24,0,4,[3 1 4 5 2],2761.5999999999804,0.5049469805025071,0.495053019497493,0.5581371112378207,MI,[3 5 4 1 2],35.299999999999955,10,3735.199999999986,0.0,False,2
25,0,0,[3 1 4 5 2],2761.5999999999804,0.5049469805025071,0.495053019497493,0.46861358063566916,SI,[3 5 4 1 2],35.299999999999955,10,3735.199999999986,0.0,False,2
25,0,1,[3 1 4 5 2],2761.5999999999804,0.5049469805025071,0.495053019497493,0.4821347189862486,SI,[5 4 1 3 2],22.799999999999955,10,4543.400000000009,0.0,False,2
25,0,2,[3 1 4 5 2],2761.5999999999804,0.5049469805025071,0.495053019497493,0.12161019839961373,SI,[5 4 1 3 2],22.799999999999955,10,4543.400000000009,0.0,False,2
25,0,3,[3 1 4 5 2],2761.5999999999804,0.5049469805025071,0.495053019497493,0.8391264366030875,MI,[5 4 1 3 2],22.799999999999955,10,4543.400000000009,0.0,False,2
25,0,4,[3 1 4 5 2],2761.5999999999804,0.5049469805025071,0.495053019497493,0.28708569246729,SI,[5 4 1 3 2],22.799999999999955,10,4543.400000000009,0.0,False,2
26,0,0,[3 1 4 5 2],2761.5999999999804,0.5049469805025071,0.495053019497493,0.6483337119878123,MI,[5 4 1 3 2],22.799999999999955,10,4543.400000000009,0.0,False,2
26,0,1,[3 1 4 5 2],2761.5999999999804,0.5049469805025071,0.495053019497493,0.7097896345027594,MI,[5 4 1 3 2],22.799999999999955,10,4543.400000000009,0.0,False,2
26,0,2,[3 1 4 5 2],2761.5999999999804,0.5049469805025071,0.495053019497493,0.10544013440207833,SI,[3 5 4 1 2],35.299999999999955,10,3735.199999999986,0.0,False,2
26,0,3,[3 1 4 5 2],2761.5999999999804,0.5049469805025071,0.495053019497493,0.7256727024920616,MI,[3 5 4 1 2],35.299999999999955,10,3735.199999999986,0.0,False,2
26,0,4,[3 1 4 5 2],2761.5999999999804,0.5049469805025071,0.495053019497493,0.7398194085543175,MI,[3 5 4 1 2],35.299999999999955,10,3735.199999999986,0.0,False,2
27,0,0,[3 1 4 5 2],2761.5999999999804,0.5049469805025071,0.495053019497493,0.4670747166442203,SI,[3 5 4 1 2],35.299999999999955,10,3735.199999999986,0.0,False,2
27,0,1,[3 1 4 5 2],2761.5999999999804,0.5049469805025071,0.495053019497493,0.0317473303385607,SI,[5 4 1 3 2],22.799999999999955,10,4543.400000000009,0.0,False,2
27,0,2,[3 1 4 5 2],2761.5999999999804,0.5049469805025071,0.495053019497493,0.04419434557235635,SI,[2 5 4 1 3],57.30000000000001,10,4209.000000000036,0.0,False,2
27,0,3,[3 1 4 5 2],2761.5999999999804,0.5049469805025071,0.495053019497493,0.5138482016722512,MI,[5 4 1 3 2],22.799999999999955,10,4543.400000000009,0.0,False,2
27,0,4,[3 1 4 5 2],2761.5999999999804,0.5049469805025071,0.495053019497493,0.2689443597900649,SI,[3 5 4 1 2],35.299999999999955,10,3735.199999999986,0.0,False,2
28,0,0,[3 1 4 5 2],2761.5999999999804,0.5049469805025071,0.495053019497493,0.25643823515904707,SI,[5 4 1 3 2],22.799999999999955,10,4543.400000000009,0.0,False,2
28,0,1,[3 1 4 5 2],2761.5999999999804,0.5049469805025071,0.495053019497493,0.1597490321398548,SI,[5 4 1 3 2],22.799999999999955,10,4543.400000000009,0.0,False,2
28,0,2,[3 1 4 5 2],2761.5999999999804,0.5049469805025071,0.495053019497493,0.8683734647097893,MI,[5 4 1 3 2],22.799999999999955,10,4543.400000000009,0.0,False,2
28,0,3,[3 1 4 5 2],2761.5999999999804,0.5049469805025071,0.495053019497493,0.49042342099649117,SI,[5 4 1 3 2],22.799999999999955,10,4543.400000000009,0.0,False,2
28,0,4,[3 1 4 5 2],2761.5999999999804,0.5049469805025071,0.495053019497493,0.8222767078811813,MI,[2 5 4 1 3],57.30000000000001,10,4209.000000000036,0.0,False,2
29,0,0,[3 1 4 5 2],2761.5999999999804,0.5049469805025071,0.495053019497493,0.16873124527117178,SI,[3 5 4 1 2],35.299999999999955,10,3735.199999999986,0.0,False,2
29,0,1,[3 1 4 5 2],2761.5999999999804,0.5049469805025071,0.495053019497493,0.2731112808328403,SI,[5 4 1 3 2],22.799999999999955,10,4543.400000000009,0.0,False,2
29,0,2,[3 1 4 5 2],2761.5999999999804,0.5049469805025071,0.495053019497493,0.06126612615206073,SI,[5 4 1 3 2],22.799999999999955,10,4543.400000000009,0.0,False,2
29,0,3,[3 1 4 5 2],2761.5999999999804,0.5049469805025071,0.495053019497493,0.5343833178994981,MI,[5 4 1 3 2],22.799999999999955,10,4543.400000000009,0.0,False,2
29,0,4,[3 1 4 5 2],2761.5999999999804,0.5049469805025071,0.495053019497493,0.5712989749810614,MI,[3 5 4 1 2],35.299999999999955,10,3735.199999999986,0.0,False,2
30,0,0,[3 1 4 5 2],2761.5999999999804,0.5049469805025071,0.495053019497493,0.15839490950134727,SI,[3 4 1 5 2],73.19999999999999,10,3454.6999999999825,0.0,False,2
30,0,1,[3 1 4 5 2],2761.5999999999804,0.5049469805025071,0.495053019497493,0.2036469055917458,SI,[5 4 1 3 2],22.799999999999955,10,4543.400000000009,0.0,False,2
30,0,2,[3 1 4 5 2],2761.5999999999804,0.5049469805025071,0.495053019497493,0.6216356192469635,MI,[5 4 1 3 2],22.799999999999955,10,4543.400000000009,0.0,False,2
30,0,3,[3 1 4 5 2],2761.5999999999804,0.5049469805025071,0.495053019497493,0.19685466629488702,SI,[5 4 1 3 2],22.799999999999955,10,4543.400000000009,0.0,False,2
30,0,4,[3 1 4 5 2],2761.5999999999804,0.5049469805025071,0.495053019497493,0.012681755491883995,SI,[5 4 1 3 2],22.799999999999955,10,4543.400000000009,0.0,False,2
31,0,0,[3 1 4 5 2],2761.5999999999804,0.5049469805025071,0.495053019497493,0.879416788145424,MI,[3 5 4 1 2],35.299999999999955,10,3735.199999999986,0.0,False,2
31,0,1,[3 1 4 5 2],2761.5999999999804,0.5049469805025071,0.495053019497493,0.4760455797669928,SI,[3 5 4 1 2],35.299999999999955,10,3735.199999999986,0.0,False,2
31,0,2,[3 1 4 5 2],2761.5999999999804,0.5049469805025071,0.495053019497493,0.6781059615476995,MI,[5 4 1 3 2],22.799999999999955,10,4543.400000000009,0.0,False,2
31,0,3,[3 1 4 5 2],2761.5999999999804,0.5049469805025071,0.495053019497493,0.1792161261763573,SI,[5 4 1 3 2],22.799999999999955,10,4543.400000000009,0.0,False,2
31,0,4,[3 1 4 5 2],2761.5999999999804,0.5049469805025071,0.495053019497493,0.10757384491367339,SI,[3 4 1 5 2],73.19999999999999,10,3454.6999999999825,0.0,False,2
32,0,0,[3 1 4 5 2],2761.5999999999804,0.5049469805025071,0.495053019497493,0.3023815677727476,SI,[5 4 1 3 2],22.799999999999955,10,4543.400000000009,0.0,False,2
32,0,1,[3 1 4 5 2],2761.5999999999804,0.5049469805025071,0.495053019497493,0.1359989106743753,SI,[5 4 1 3 2],22.799999999999955,10,4543.400000000009,0.0,False,2
32,0,2,[3 1 4 5 2],2761.5999999999804,0.5049469805025071,0.495053019497493,0.8124138323256734,MI,[5 4 1 3 2],22.799999999999955,10,4543.400000000009,0.0,False,2
32,0,3,[3 1 4 5 2],2761.5999999999804,0.5049469805025071,0.495053019497493,0.6927597462824296,MI,[3 5 4 1 2],35.299999999999955,10,3735.199999999986,0.0,False,2
32,0,4,[3 1 4 5 2],2761.5999999999804,0.5049469805025071,0.495053019497493,0.2902270857038495,SI,[3 5 4 1 2],35.299999999999955,10,3735.199999999986,0.0,False,2
33,0,0,[3 1 4 5 2],2761.5999999999804,0.5049469805025071,0.495053019497493,0.8543107807743409,MI,[5 4 1 3 2],22.799999999999955,10,4543.400000000009,0.0,False,2
33,0,1,[3 1 4 5 2],2761.5999999999804,0.5049469805025071,0.495053019497493,0.2583792266039304,SI,[5 4 1 3 2],22.799999999999955,10,4543.400000000009,0.0,False,2
33,0,2,[3 1 4 5 2],2761.5999999999804,0.5049469805025071,0.495053019497493,0.7555531311604718,MI,[3 5 4 1 2],35.299999999999955,10,3735.199999999986,0.0,False,2
33,0,3,[3 1 4 5 2],2761.5999999999804,0.5049469805025071,0.495053019497493,0.9306582862110098,MI,[3 5 4 1 2],35.299999999999955,10,3735.199999999986,0.0,False,2
33,0,4,[3 1 4 5 2],2761.5999999999804,0.5049469805025071,0.495053019497493,0.6056780198215059,MI,[5 4 1 3 2],22.799999999999955,10,4543.400000000009,0.0,False,2
34,0,0,[3 1 4 5 2],2761.5999999999804,0.5049469805025071,0.495053019497493,0.4455066759896146,SI,[5 4 1 3 2],22.799999999999955,10,4543.400000000009,0.0,False,2
34,0,1,[3 1 4 5 2],2761.5999999999804,0.5049469805025071,0.495053019497493,0.4482068108952415,SI,[5 4 1 3 2],22.799999999999955,10,4543.400000000009,0.0,False,2
34,0,2,[3 1 4 5 2],2761.5999999999804,0.5049469805025071,0.495053019497493,0.7283035073567318,MI,[3 5 4 1 2],35.299999999999955,10,3735.199999999986,0.0,False,2
34,0,3,[3 1 4 5 2],2761.5999999999804,0.5049469805025071,0.495053019497493,0.20193161702346552,SI,[3 5 4 1 2],35.299999999999955,10,3735.199999999986,0.0,False,2
34,0,4,[3 1 4 5 2],2761.5999999999804,0.5049469805025071,0.495053019497493,0.7210824697585708,MI,[3 5 4 1 2],35.299999999999955,10,3735.199999999986,0.0,False,2
35,0,0,[3 1 4 5 2],2761.5999999999804,0.5049469805025071,0.495053019497493,0.37857136509544564,SI,[3 5 4 1 2],35.299999999999955,10,3735.199999999986,0.0,False,2
35,0,1,[3 1 4 5 2],2761.5999999999804,0.5049469805025071,0.495053019497493,0.7642069024430773,MI,[5 4 1 3 2],22.799999999999955,10,4543.400000000009,0.0,False,2
35,0,2,[3 1 4 5 2],2761.5999999999804,0.5049469805025071,0.495053019497493,0.49282374565565634,SI,[5 4 1 3 2],22.799999999999955,10,4543.400000000009,0.0,False,2
35,0,3,[3 1 4 5 2],2761.5999999999804,0.5049469805025071,0.495053019497493,0.729035850791534,MI,[5 4 1 3 2],22.799999999999955,10,4543.400000000009,0.0,False,2
35,0,4,[3 1 4 5 2],2761.5999999999804,0.5049469805025071,0.495053019497493,0.14681381741231936,SI,[5 4 1 3 2],22.799999999999955,10,4543.400000000009,0.0,False,2
36,0,0,[3 1 4 5 2],2761.5999999999804,0.5049469805025071,0.495053019497493,0.9718114263502761,MI,[5 4 1 3 2],22.799999999999955,10,4543.400000000009,0.0,False,2
36,0,1,[3 1 4 5 2],2761.5999999999804,0.5049469805025071,0.495053019497493,0.32633150171232894,SI,[5 4 1 3 2],22.799999999999955,10,4543.400000000009,0.0,False,2
36,0,2,[3 1 4 5 2],2761.5999999999804,0.5049469805025071,0.495053019497493,0.6963974858400875,MI,[3 5 4 1 2],35.299999999999955,10,3735.199999999986,0.0,False,2
36,0,3,[3 1 4 5 2],2761.5999999999804,0.5049469805025071,0.495053019497493,0.3349084344607228,SI,[5 4 1 3 2],22.799999999999955,10,4543.400000000009,0.0,False,2
36,0,4,[3 1 4 5 2],2761.5999999999804,0.5049469805025071,0.495053019497493,0.6788588734653624,MI,[3 5 4 1 2],35.299999999999955,10,3735.199999999986,0.0,False,2
37,0,0,[3 1 4 5 2],2761.5999999999804,0.5049469805025071,0.495053019497493,0.4245781273737148,SI,[5 4 1 3 2],22.799999999999955,10,4543.400000000009,0.0,False,2
37,0,1,[3 1 4 5 2],2761.5999999999804,0.5049469805025071,0.495053019497493,0.4509023560509179,SI,[3 5 4 1 2],35.299999999999955,10,3735.199999999986,0.0,False,2
37,0,2,[3 1 4 5 2],2761.5999999999804,0.5049469805025071,0.495053019497493,0.31181046726310535,SI,[5 4 1 3 2],22.799999999999955,10,4543.400000000009,0.0,False,2
37,0,3,[3 1 4 5 2],2761.5999999999804,0.5049469805025071,0.495053019497493,0.4056178033642154,SI,[5 4 1 3 2],22.799999999999955,10,4543.400000000009,0.0,False,2
37,0,4,[3 1 4 5 2],2761.5999999999804,0.5049469805025071,0.495053019497493,0.7440727756485932,MI,[5 4 1 3 2],22.799999999999955,10,4543.400000000009,0.0,False,2
38,0,0,[3 1 4 5 2],2761.5999999999804,0.5049469805025071,0.495053019497493,0.2793761873109908,SI,[3 4 1 5 2],73.19999999999999,10,3454.6999999999825,0.0,False,2
38,0,1,[3 1 4 5 2],2761.5999999999804,0.5049469805025071,0.495053019497493,0.1333117859323225,SI,[3 5 4 1 2],35.299999999999955,10,3735.199999999986,0.0,False,2
38,0,2,[3 1 4 5 2],2761.5999999999804,0.5049469805025071,0.495053019497493,0.2978999672603634,SI,[3 5 4 1 2],35.299999999999955,10,3735.199999999986,0.0,False,2
38,0,3,[3 1 4 5 2],2761.5999999999804,0.5049469805025071,0.495053019497493,0.7557702064269949,MI,[3 5 4 1 2],35.299999999999955,10,3735.199999999986,0.0,False,2
38,0,4,[3 1 4 5 2],2761.5999999999804,0.5049469805025071,0.495053019497493,0.9093792454921371,MI,[5 4 1 3 2],22.799999999999955,10,4543.400000000009,0.0,False,2
39,0,0,[3 1 4 5 2],2761.5999999999804,0.5049469805025071,0.495053019497493,0.9150037404397767,MI,[3 5 4 1 2],35.299999999999955,10,3735.199999999986,0.0,False,2
39,0,1,[3 1 4 5 2],2761.5999999999804,0.5049469805025071,0.495053019497493,0.2106929956316882,SI,[5 4 1 3 2],22.799999999999955,10,4543.400000000009,0.0,False,2
39,0,2,[3 1 4 5 2],2761.5999999999804,0.5049469805025071,0.495053019497493,0.6597064850199613,MI,[5 4 1 3 2],22.799999999999955,10,4543.400000000009,0.0,False,2
39,0,3,[3 1 4 5 2],2761.5999999999804,0.5049469805025071,0.495053019497493,0.9663847402404866,MI,[5 4 1 3 2],22.799999999999955,10,4543.400000000009,0.0,False,2
39,0,4,[3 1 4 5 2],2761.5999999999804,0.5049469805025071,0.495053019497493,0.7187096240635691,MI,[5 4 1 3 2],22.799999999999955,10,4543.400000000009,0.0,False,2
40,0,0,[3 1 4 5 2],2761.5999999999804,0.5049469805025071,0.495053019497493,0.27501141085206315,SI,[5 4 1 3 2],22.799999999999955,10,4543.400000000009,0.0,False,2
40,0,1,[3 1 4 5 2],2761.5999999999804,0.5049469805025071,0.495053019497493,0.04582638525187788,SI,[5 4 1 3 2],22.799999999999955,10,4543.400000000009,0.0,False,2
40,0,2,[3 1 4 5 2],2761.5999999999804,0.5049469805025071,0.495053019497493,0.029686335709316114,SI,[5 4 1 3 2],22.799999999999955,10,4543.400000000009,0.0,False,2
40,0,3,[3 1 4 5 2],2761.5999999999804,0.5049469805025071,0.495053019497493,0.28284534848456944,SI,[5 4 1 3 2],22.799999999999955,10,4543.400000000009,0.0,False,2
40,0,4,[3 1 4 5 2],2761.5999999999804,0.5049469805025071,0.495053019497493,0.936922290224867,MI,[5 4 1 3 2],22.799999999999955,10,4543.400000000009,0.0,False,2
41,0,0,[3 1 4 5 2],2761.5999999999804,0.5049469805025071,0.495053019497493,0.2113083663669938,SI,[5 4 1 3 2],22.799999999999955,10,4543.400000000009,0.0,False,2
41,0,1,[3 1 4 5 2],2761.5999999999804,0.5049469805025071,0.495053019497493,0.406579858484974,SI,[5 4 1 3 2],22.799999999999955,10,4543.400000000009,0.0,False,2
41,0,2,[3 1 4 5 2],2761.5999999999804,0.5049469805025071,0.495053019497493,0.29604199322068925,SI,[5 4 1 3 2],22.799999999999955,10,4543.400000000009,0.0,False,2
41,0,3,[3 1 4 5 2],2761.5999999999804,0.5049469805025071,0.495053019497493,0.02790079063127704,SI,[5 4 1 3 2],22.799999999999955,10,4543.400000000009,0.0,False,2
41,0,4,[3 1 4 5 2],2761.5999999999804,0.5049469805025071,0.495053019497493,0.653271469638273,MI,[5 4 1 3 2],22.799999999999955,10,4543.400000000009,0.0,False,2
42,0,0,[3 1 4 5 2],2761.5999999999804,0.5049469805025071,0.495053019497493,0.48061098585964024,SI,[5 4 1 3 2],22.799999999999955,10,4543.400000000009,0.0,False,2
42,0,1,[3 1 4 5 2],2761.5999999999804,0.5049469805025071,0.495053019497493,0.5909759392960497,MI,[5 4 1 3 2],22.799999999999955,10,4543.400000000009,0.0,False,2
42,0,2,[3 1 4 5 2],2761.5999999999804,0.5049469805025071,0.495053019497493,0.3759318184365442,SI,[5 4 1 3 2],22.799999999999955,10,4543.400000000009,0.0,False,2
42,0,3,[3 1 4 5 2],2761.5999999999804,0.5049469805025071,0.495053019497493,0.06327888897058687,SI,[5 4 1 3 2],22.799999999999955,10,4543.400000000009,0.0,False,2
42,0,4,[3 1 4 5 2],2761.5999999999804,0.5049469805025071,0.495053019497493,0.1234098056139834,SI,[5 4 1 3 2],22.799999999999955,10,4543.400000000009,0.0,False,2
43,0,0,[3 1 4 5 2],2761.5999999999804,0.5049469805025071,0.495053019497493,0.23164288521298426,SI,[5 4 1 3 2],22.799999999999955,10,4543.400000000009,0.0,False,2
43,0,1,[3 1 4 5 2],2761.5999999999804,0.5049469805025071,0.495053019497493,0.5350240868464871,MI,[5 4 1 3 2],22.799999999999955,10,4543.400000000009,0.0,False,2
43,0,2,[3 1 4 5 2],2761.5999999999804,0.5049469805025071,0.495053019497493,0.3147379081030409,SI,[5 4 1 3 2],22.799999999999955,10,4543.400000000009,0.0,False,2
43,0,3,[3 1 4 5 2],2761.5999999999804,0.5049469805025071,0.495053019497493,0.468972108229313,SI,[3 5 4 1 2],35.299999999999955,10,3735.199999999986,0.0,False,2
43,0,4,[3 1 4 5 2],2761.5999999999804,0.5049469805025071,0.495053019497493,0.3242002833242871,SI,[5 4 1 3 2],22.799999999999955,10,4543.400000000009,0.0,False,2
44,0,0,[3 1 4 5 2],2761.5999999999804,0.5049469805025071,0.495053019497493,0.9656792865296819,MI,[3 5 4 1 2],35.299999999999955,10,3735.199999999986,0.0,False,2
44,0,1,[3 1 4 5 2],2761.5999999999804,0.5049469805025071,0.495053019497493,0.9664471064899552,MI,[5 4 1 3 2],22.799999999999955,10,4543.400000000009,0.0,False,2
44,0,2,[3 1 4 5 2],2761.5999999999804,0.5049469805025071,0.495053019497493,0.3610523471226611,SI,[5 4 1 3 2],22.799999999999955,10,4543.400000000009,0.0,False,2
44,0,3,[3 1 4 5 2],2761.5999999999804,0.5049469805025071,0.495053019497493,0.535920998692869,MI,[5 4 1 3 2],22.799999999999955,10,4543.400000000009,0.0,False,2
44,0,4,[3 1 4 5 2],2761.5999999999804,0.5049469805025071,0.495053019497493,0.107785428600214,SI,[5 4 1 3 2],22.799999999999955,10,4543.400000000009,0.0,False,2
45,0,0,[3 1 4 5 2],2761.5999999999804,0.5049469805025071,0.495053019497493,0.5162670704787162,MI,[5 4 1 3 2],22.799999999999955,10,4543.400000000009,0.0,False,2
45,0,1,[3 1 4 5 2],2761.5999999999804,0.5049469805025071,0.495053019497493,0.926246594564939,MI,[5 4 1 3 2],22.799999999999955,10,4543.400000000009,0.0,False,2
45,0,2,[3 1 4 5 2],2761.5999999999804,0.5049469805025071,0.495053019497493,0.7935562433487398,MI,[5 4 1 3 2],22.799999999999955,10,4543.400000000009,0.0,False,2
45,0,3,[3 1 4 5 2],2761.5999999999804,0.5049469805025071,0.495053019497493,0.6794281569124146,MI,[5 4 1 3 2],22.799999999999955,10,4543.400000000009,0.0,False,2
45,0,4,[3 1 4 5 2],2761.5999999999804,0.5049469805025071,0.495053019497493,0.06723469539357407,SI,[5 4 1 3 2],22.799999999999955,10,4543.400000000009,0.0,False,2
46,0,0,[3 1 4 5 2],2761.5999999999804,0.5049469805025071,0.495053019497493,0.14807038243328807,SI,[5 4 1 3 2],22.799999999999955,10,4543.400000000009,0.0,False,2
46,0,1,[3 1 4 5 2],2761.5999999999804,0.5049469805025071,0.495053019497493,0.3468543824577025,SI,[5 4 1 3 2],22.799999999999955,10,4543.400000000009,0.0,False,2
46,0,2,[3 1 4 5 2],2761.5999999999804,0.5049469805025071,0.495053019497493,0.31947195866938705,SI,[5 4 1 3 2],22.799999999999955,10,4543.400000000009,0.0,False,2
46,0,3,[3 1 4 5 2],2761.5999999999804,0.5049469805025071,0.495053019497493,0.60504066510236,MI,[5 4 1 3 2],22.799999999999955,10,4543.400000000009,0.0,False,2
46,0,4,[3 1 4 5 2],2761.5999999999804,0.5049469805025071,0.495053019497493,0.7391559631949143,MI,[3 5 4 1 2],35.299999999999955,10,3735.199999999986,0.0,False,2
47,0,0,[3 1 4 5 2],2761.5999999999804,0.5049469805025071,0.495053019497493,0.41851526176747,SI,[5 4 1 3 2],22.799999999999955,10,4543.400000000009,0.0,False,2
47,0,1,[3 1 4 5 2],2761.5999999999804,0.5049469805025071,0.495053019497493,0.5195162706151822,MI,[5 4 1 3 2],22.799999999999955,10,4543.400000000009,0.0,False,2
47,0,2,[3 1 4 5 2],2761.5999999999804,0.5049469805025071,0.495053019497493,0.2929961985259363,SI,[5 4 1 3 2],22.799999999999955,10,4543.400000000009,0.0,False,2
47,0,3,[3 1 4 5 2],2761.5999999999804,0.5049469805025071,0.495053019497493,0.015052404710107825,SI,[4 1 3 5 2],175.39999999999998,10,4265.999999999996,0.0,False,2
47,0,4,[3 1 4 5 2],2761.5999999999804,0.5049469805025071,0.495053019497493,0.891407809908772,MI,[3 5 4 1 2],35.299999999999955,10,3735.199999999986,0.0,False,2
48,0,0,[3 1 4 5 2],2761.5999999999804,0.5049469805025071,0.495053019497493,0.9432877458710024,MI,[5 4 1 3 2],22.799999999999955,10,4543.400000000009,0.0,False,2
48,0,1,[3 1 4 5 2],2761.5999999999804,0.5049469805025071,0.495053019497493,0.12650648267353737,SI,[5 4 1 3 2],22.799999999999955,10,4543.400000000009,0.0,False,2
48,0,2,[3 1 4 5 2],2761.5999999999804,0.5049469805025071,0.495053019497493,0.9602621233421376,MI,[3 5 4 1 2],35.299999999999955,10,3735.199999999986,0.0,False,2
48,0,3,[3 1 4 5 2],2761.5999999999804,0.5049469805025071,0.495053019497493,0.13834308524412464,SI,[3 5 4 1 2],35.299999999999955,10,3735.199999999986,0.0,False,2
48,0,4,[3 1 4 5 2],2761.5999999999804,0.5049469805025071,0.495053019497493,0.4869008862825881,SI,[3 5 4 1 2],35.299999999999955,10,3735.199999999986,0.0,False,2
49,0,0,[3 1 4 5 2],2761.5999999999804,0.5049469805025071,0.495053019497493,0.31475512066777356,SI,[5 4 1 3 2],22.799999999999955,10,4543.400000000009,0.0,False,2
49,0,1,[3 1 4 5 2],2761.5999999999804,0.5049469805025071,0.495053019497493,0.8822672533472119,MI,[5 4 1 3 2],22.799999999999955,10,4543.400000000009,0.0,False,2
49,0,2,[3 1 4 5 2],2761.5999999999804,0.5049469805025071,0.495053019497493,0.88182733892604,MI,[5 4 1 3 2],22.799999999999955,10,4543.400000000009,0.0,False,2
49,0,3,[3 1 4 5 2],2761.5999999999804,0.5049469805025071,0.495053019497493,0.6310005605913604,MI,[5 4 1 3 2],22.799999999999955,10,4543.400000000009,0.0,False,2
49,0,4,[3 1 4 5 2],2761.5999999999804,0.5049469805025071,0.495053019497493,0.8598440685873504,MI,[3 5 4 1 2],35.299999999999955,10,3735.199999999986,0.0,False,2
50,0,0,[3 1 4 5 2],2761.5999999999804,0.5049469805025071,0.495053019497493,0.13761764372880225,SI,[5 4 1 3 2],22.799999999999955,10,4543.400000000009,0.0,False,2
50,0,1,[3 1 4 5 2],2761.5999999999804,0.5049469805025071,0.495053019497493,0.29346842647475624,SI,[5 4 1 3 2],22.799999999999955,10,4543.400000000009,0.0,False,2
50,0,2,[3 1 4 5 2],2761.5999999999804,0.5049469805025071,0.495053019497493,0.9659865512981418,MI,[5 4 1 3 2],22.799999999999955,10,4543.400000000009,0.0,False,2
50,0,3,[3 1 4 5 2],2761.5999999999804,0.5049469805025071,0.495053019497493,0.6530370833316222,MI,[2 5 4 1 3],57.30000000000001,10,4209.000000000036,0.0,False,2
50,0,4,[3 1 4 5 2],2761.5999999999804,0.5049469805025071,0.495053019497493,0.6224070732923025,MI,[5 4 1 3 2],22.799999999999955,10,4543.400000000009,0.0,False,2
51,0,0,[3 1 4 5 2],2761.5999999999804,0.5049469805025071,0.495053019497493,0.09547918710055747,SI,[5 4 1 3 2],22.799999999999955,10,4543.400000000009,0.0,False,2
51,0,1,[3 1 4 5 2],2761.5999999999804,0.5049469805025071,0.495053019497493,0.04627605223273901,SI,[5 4 1 3 2],22.799999999999955,10,4543.400000000009,0.0,False,2
51,0,2,[3 1 4 5 2],2761.5999999999804,0.5049469805025071,0.495053019497493,0.8202553709689436,MI,[5 4 1 3 2],22.799999999999955,10,4543.400000000009,0.0,False,2
51,0,3,[3 1 4 5 2],2761.5999999999804,0.5049469805025071,0.495053019497493,0.11592969020346944,SI,[3 5 4 1 2],35.299999999999955,10,3735.199999999986,0.0,False,2
51,0,4,[3 1 4 5 2],2761.5999999999804,0.5049469805025071,0.495053019497493,0.11037825949740121,SI,[5 4 1 3 2],22.799999999999955,10,4543.400000000009,0.0,False,2
0,6,0,[2 1 4 5 3],1755.1999999999643,0.5,0.5,0.7248140830639865,MI,[2 3 5 4 1],-44.39999999999998,10,2553.2999999999665,0.0,False,3
0,6,1,[2 1 4 5 3],1755.1999999999643,0.5,0.5,0.7044509194754355,MI,[3 5 4 1 2],-62.19999999999993,10,3397.299999999963,0.0,False,3
0,6,2,[2 1 4 5 3],1755.1999999999643,0.5,0.5,0.9296468059373949,MI,[3 5 4 1 2],-62.19999999999993,10,3397.299999999963,0.0,False,3
0,6,3,[2 1 4 5 3],1755.1999999999643,0.5,0.5,0.6419681466837394,MI,[2 3 5 4 1],-44.39999999999998,10,2553.2999999999665,0.0,False,3
0,6,4,[2 1 4 5 3],1755.1999999999643,0.5,0.5,0.5741751347771461,MI,[2 3 5 4 1],-44.39999999999998,10,2553.2999999999665,0.0,False,3
1,0,0,[2 1 5 4 3],1748.399999999965,0.5,0.5,0.9337750501395875,MI,[3 4 5 1 2],-62.19999999999993,10,3417.69999999995,0.0,False,3
1,0,1,[2 1 5 4 3],1748.399999999965,0.5,0.5,0.6304861627522077,MI,[2 3 4 5 1],-44.39999999999998,10,2566.899999999958,0.0,False,3
1,0,2,[2 1 5 4 3],1748.399999999965,0.5,0.5,0.5661726930123987,MI,[3 4 5 1 2],-62.19999999999993,10,3417.69999999995,0.0,False,3
1,0,3,[2 1 5 4 3],1748.399999999965,0.5,0.5,0.7643354528814406,MI,[2 1 3 4 5],2.3999999999999773,10,1754.4999999999636,0.0,False,3
1,0,4,[2 1 5 4 3],1748.399999999965,0.5,0.5,0.48062523033832016,SI,[3 4 5 1 2],-62.19999999999993,10,3417.69999999995,0.0,False,3
2,0,0,[2 1 3 5 4],1747.6999999999643,0.5,0.5,0.14343002333146393,SI,[4 5 3 1 2],-62.50000000000006,10,3419.799999999963,0.0,False,3
2,0,1,[2 1 3 5 4],1747.6999999999643,0.5,0.5,0.650493106425553,MI,[4 5 3 1 2],-62.50000000000006,10,3419.799999999963,0.0,False,3
2,0,2,[2 1 3 5 4],1747.6999999999643,0.5,0.5,0.9799729314344604,MI,[4 5 3 1 2],-62.50000000000006,10,3419.799999999963,0.0,False,3
2,0,3,[2 1 3 5 4],1747.6999999999643,0.5,0.5,0.026116745421166487,SI,[4 5 3 1 2],-62.50000000000006,10,3419.799999999963,0.0,False,3
2,0,4,[2 1 3 5 4],1747.6999999999643,0.5,0.5,0.6489883850536302,MI,[4 5 3 1 2],-62.50000000000006,10,3419.799999999963,0.0,False,3
3,0,0,[2 1 3 5 4],1747.6999999999643,0.5,0.5,0.6472648627423728,MI,[4 5 3 1 2],-62.50000000000006,10,3419.799999999963,0.0,False,3
3,0,1,[2 1 3 5 4],1747.6999999999643,0.5,0.5,0.35921947358521367,SI,[2 4 5 3 1],-44.69999999999999,10,2568.2999999999593,0.0,False,3
3,0,2,[2 1 3 5 4],1747.6999999999643,0.5,0.5,0.03674395280060283,SI,[4 5 3 1 2],-62.50000000000006,10,3419.799999999963,0.0,False,3
3,0,3,[2 1 3 5 4],1747.6999999999643,0.5,0.5,0.5501780560799635,MI,[2 4 5 3 1],-44.69999999999999,10,2568.2999999999593,0.0,False,3
3,0,4,[2 1 3 5 4],1747.6999999999643,0.5,0.5,0.2653192012686131,SI,[4 5 3 1 2],-62.50000000000006,10,3419.799999999963,0.0,False,3
4,0,0,[2 1 3 5 4],1747.6999999999643,0.5,0.5,0.7618916170857495,MI,[4 5 3 1 2],-62.50000000000006,10,3419.799999999963,0.0,False,3
4,0,1,[2 1 3 5 4],1747.6999999999643,0.5,0.5,0.7837469974744133,MI,[4 5 3 1 2],-62.50000000000006,10,3419.799999999963,0.0,False,3
4,0,2,[2 1 3 5 4],1747.6999999999643,0.5,0.5,0.3878980699286586,SI,[4 5 3 1 2],-62.50000000000006,10,3419.799999999963,0.0,False,3
4,0,3,[2 1 3 5 4],1747.6999999999643,0.5,0.5,0.39925088910024775,SI,[2 4 5 3 1],-44.69999999999999,10,2568.2999999999593,0.0,False,3
4,0,4,[2 1 3 5 4],1747.6999999999643,0.5,0.5,0.6969937689314814,MI,[4 5 3 1 2],-62.50000000000006,10,3419.799999999963,0.0,False,3
5,0,0,[2 1 3 5 4],1747.6999999999643,0.5,0.5,0.5188515883266694,MI,[2 4 5 3 1],-44.69999999999999,10,2568.2999999999593,0.0,False,3
5,0,1,[2 1 3 5 4],1747.6999999999643,0.5,0.5,0.20267470091947015,SI,[4 5 3 1 2],-62.50000000000006,10,3419.799999999963,0.0,False,3
5,0,2,[2 1 3 5 4],1747.6999999999643,0.5,0.5,0.3595539807024465,SI,[4 5 3 1 2],-62.50000000000006,10,3419.799999999963,0.0,False,3
5,0,3,[2 1 3 5 4],1747.6999999999643,0.5,0.5,0.8014600457375775,MI,[4 5 3 1 2],-62.50000000000006,10,3419.799999999963,0.0,False,3
5,0,4,[2 1 3 5 4],1747.6999999999643,0.5,0.5,0.34035655166022505,SI,[2 4 5 3 1],-44.69999999999999,10,2568.2999999999593,0.0,False,3
6,0,0,[2 1 3 5 4],1747.6999999999643,0.5,0.5,0.4871729814798994,SI,[4 5 3 1 2],-62.50000000000006,10,3419.799999999963,0.0,False,3
6,0,1,[2 1 3 5 4],1747.6999999999643,0.5,0.5,0.8875199741158764,MI,[2 4 5 3 1],-44.69999999999999,10,2568.2999999999593,0.0,False,3
6,0,2,[2 1 3 5 4],1747.6999999999643,0.5,0.5,0.8686606206451116,MI,[2 4 5 3 1],-44.69999999999999,10,2568.2999999999593,0.0,False,3
6,0,3,[2 1 3 5 4],1747.6999999999643,0.5,0.5,0.10096045253748998,SI,[4 5 3 1 2],-62.50000000000006,10,3419.799999999963,0.0,False,3
6,0,4,[2 1 3 5 4],1747.6999999999643,0.5,0.5,0.5016296913159853,MI,[4 5 3 1 2],-62.50000000000006,10,3419.799999999963,0.0,False,3
7,0,0,[2 1 3 5 4],1747.6999999999643,0.5,0.5,0.5609885091398847,MI,[2 4 5 3 1],-44.69999999999999,10,2568.2999999999593,0.0,False,3
7,0,1,[2 1 3 5 4],1747.6999999999643,0.5,0.5,0.4085679311829623,SI,[4 5 3 1 2],-62.50000000000006,10,3419.799999999963,0.0,False,3
7,0,2,[2 1 3 5 4],1747.6999999999643,0.5,0.5,0.2756374767847136,SI,[2 4 5 3 1],-44.69999999999999,10,2568.2999999999593,0.0,False,3
7,0,3,[2 1 3 5 4],1747.6999999999643,0.5,0.5,0.8655470426664694,MI,[4 5 3 1 2],-62.50000000000006,10,3419.799999999963,0.0,False,3
7,0,4,[2 1 3 5 4],1747.6999999999643,0.5,0.5,0.15495844424096128,SI,[4 5 3 1 2],-62.50000000000006,10,3419.799999999963,0.0,False,3
8,0,0,[2 1 3 5 4],1747.6999999999643,0.5,0.5,0.9304537233557192,MI,[2 4 5 3 1],-44.69999999999999,10,2568.2999999999593,0.0,False,3
8,0,1,[2 1 3 5 4],1747.6999999999643,0.5,0.5,0.0358016896963137,SI,[2 4 5 3 1],-44.69999999999999,10,2568.2999999999593,0.0,False,3
8,0,2,[2 1 3 5 4],1747.6999999999643,0.5,0.5,0.02572649350197398,SI,[4 5 3 1 2],-62.50000000000006,10,3419.799999999963,0.0,False,3
8,0,3,[2 1 3 5 4],1747.6999999999643,0.5,0.5,0.21562524330026966,SI,[4 5 3 1 2],-62.50000000000006,10,3419.799999999963,0.0,False,3
8,0,4,[2 1 3 5 4],1747.6999999999643,0.5,0.5,0.8038923896442943,MI,[4 5 3 1 2],-62.50000000000006,10,3419.799999999963,0.0,False,3
9,0,0,[2 1 3 5 4],1747.6999999999643,0.5,0.5,0.12183171009956983,SI,[2 4 5 3 1],-44.69999999999999,10,2568.2999999999593,0.0,False,3
9,0,1,[2 1 3 5 4],1747.6999999999643,0.5,0.5,0.7417621829520109,MI,[2 4 5 3 1],-44.69999999999999,10,2568.2999999999593,0.0,False,3
9,0,2,[2 1 3 5 4],1747.6999999999643,0.5,0.5,0.6171424832617778,MI,[2 4 5 3 1],-44.69999999999999,10,2568.2999999999593,0.0,False,3
9,0,3,[2 1 3 5 4],1747.6999999999643,0.5,0.5,0.7039007758720037,MI,[4 5 3 1 2],-62.50000000000006,10,3419.799999999963,0.0,False,3
9,0,4,[2 1 3 5 4],1747.6999999999643,0.5,0.5,0.3658929979699217,SI,[2 4 5 3 1],-44.69999999999999,10,2568.2999999999593,0.0,False,3
10,0,0,[2 1 3 5 4],1747.6999999999643,0.5,0.5,0.31337789314101505,SI,[4 5 3 1 2],-62.50000000000006,10,3419.799999999963,0.0,False,3
10,0,1,[2 1 3 5 4],1747.6999999999643,0.5,0.5,0.5389747679013671,MI,[4 5 3 1 2],-62.50000000000006,10,3419.799999999963,0.0,False,3
10,0,2,[2 1 3 5 4],1747.6999999999643,0.5,0.5,0.5138195053801075,MI,[2 1 4 5 3],-0.30000000000001137,10,1755.1999999999643,0.0,False,3
10,0,3,[2 1 3 5 4],1747.6999999999643,0.5,0.5,0.5160033586637792,MI,[4 5 3 1 2],-62.50000000000006,10,3419.799999999963,0.0,False,3
10,0,4,[2 1 3 5 4],1747.6999999999643,0.5,0.5,0.6714721612529772,MI,[4 5 3 1 2],-62.50000000000006,10,3419.799999999963,0.0,False,3
11,0,0,[2 1 3 5 4],1747.6999999999643,0.5,0.5,0.3700109716726776,SI,[4 5 3 1 2],-62.50000000000006,10,3419.799999999963,0.0,False,3
11,0,1,[2 1 3 5 4],1747.6999999999643,0.5,0.5,0.12752319063127981,SI,[4 5 3 1 2],-62.50000000000006,10,3419.799999999963,0.0,False,3
11,0,2,[2 1 3 5 4],1747.6999999999643,0.5,0.5,0.6242892045050904,MI,[2 4 5 3 1],-44.69999999999999,10,2568.2999999999593,0.0,False,3
11,0,3,[2 1 3 5 4],1747.6999999999643,0.5,0.5,0.3890032338040865,SI,[4 5 3 1 2],-62.50000000000006,10,3419.799999999963,0.0,False,3
11,0,4,[2 1 3 5 4],1747.6999999999643,0.5,0.5,0.11590047631278089,SI,[4 5 3 1 2],-62.50000000000006,10,3419.799999999963,0.0,False,3
12,0,0,[2 1 3 5 4],1747.6999999999643,0.5,0.5,0.6245578066161095,MI,[4 5 3 1 2],-62.50000000000006,10,3419.799999999963,0.0,False,3
12,0,1,[2 1 3 5 4],1747.6999999999643,0.5,0.5,0.2553072794251754,SI,[4 5 3 1 2],-62.50000000000006,10,3419.799999999963,0.0,False,3
12,0,2,[2 1 3 5 4],1747.6999999999643,0.5,0.5,0.5037122919460972,MI,[2 4 5 3 1],-44.69999999999999,10,2568.2999999999593,0.0,False,3
12,0,3,[2 1 3 5 4],1747.6999999999643,0.5,0.5,0.5054966985607859,MI,[4 5 3 1 2],-62.50000000000006,10,3419.799999999963,0.0,False,3
12,0,4,[2 1 3 5 4],1747.6999999999643,0.5,0.5,0.2580383864696526,SI,[4 5 3 1 2],-62.50000000000006,10,3419.799999999963,0.0,False,3
13,0,0,[2 1 3 5 4],1747.6999999999643,0.5,0.5,0.794277374282019,MI,[4 5 3 1 2],-62.50000000000006,10,3419.799999999963,0.0,False,3
13,0,1,[2 1 3 5 4],1747.6999999999643,0.5,0.5,0.1921145175748259,SI,[4 5 3 1 2],-62.50000000000006,10,3419.799999999963,0.0,False,3
13,0,2,[2 1 3 5 4],1747.6999999999643,0.5,0.5,0.9816771546866031,MI,[4 5 3 1 2],-62.50000000000006,10,3419.799999999963,0.0,False,3
13,0,3,[2 1 3 5 4],1747.6999999999643,0.5,0.5,0.8904633585584676,MI,[2 1 4 5 3],-0.30000000000001137,10,1755.1999999999643,0.0,False,3
13,0,4,[2 1 3 5 4],1747.6999999999643,0.5,0.5,0.1738532393589317,SI,[4 5 3 1 2],-62.50000000000006,10,3419.799999999963,0.0,False,3
14,0,0,[2 1 3 5 4],1747.6999999999643,0.5,0.5,0.8567145769384971,MI,[4 5 3 1 2],-62.50000000000006,10,3419.799999999963,0.0,False,3
14,0,1,[2 1 3 5 4],1747.6999999999643,0.5,0.5,0.42704080679412015,SI,[4 5 3 1 2],-62.50000000000006,10,3419.799999999963,0.0,False,3
14,0,2,[2 1 3 5 4],1747.6999999999643,0.5,0.5,0.5035216235653893,MI,[4 5 3 1 2],-62.50000000000006,10,3419.799999999963,0.0,False,3
14,0,3,[2 1 3 5 4],1747.6999999999643,0.5,0.5,0.6088099661798133,MI,[4 5 3 1 2],-62.50000000000006,10,3419.799999999963,0.0,False,3
14,0,4,[2 1 3 5 4],1747.6999999999643,0.5,0.5,0.917298376182561,MI,[2 4 5 3 1],-44.69999999999999,10,2568.2999999999593,0.0,False,3
15,0,0,[2 1 3 5 4],1747.6999999999643,0.5,0.5,0.36075284660561713,SI,[4 5 3 1 2],-62.50000000000006,10,3419.799999999963,0.0,False,3
15,0,1,[2 1 3 5 4],1747.6999999999643,0.5,0.5,0.8767325760613842,MI,[4 5 3 1 2],-62.50000000000006,10,3419.799999999963,0.0,False,3
15,0,2,[2 1 3 5 4],1747.6999999999643,0.5,0.5,0.31597245503660587,SI,[2 4 5 3 1],-44.69999999999999,10,2568.2999999999593,0.0,False,3
15,0,3,[2 1 3 5 4],1747.6999999999643,0.5,0.5,0.750857807757693,MI,[4 5 3 1 2],-62.50000000000006,10,3419.799999999963,0.0,False,3
15,0,4,[2 1 3 5 4],1747.6999999999643,0.5,0.5,0.7204206420379061,MI,[4 5 3 1 2],-62.50000000000006,10,3419.799999999963,0.0,False,3
16,0,0,[2 1 3 5 4],1747.6999999999643,0.5,0.5,0.5588476846159106,MI,[2 4 5 3 1],-44.69999999999999,10,2568.2999999999593,0.0,False,3
16,0,1,[2 1 3 5 4],1747.6999999999643,0.5,0.5,0.1341863503937729,SI,[2 4 5 3 1],-44.69999999999999,10,2568.2999999999593,0.0,False,3
16,0,2,[2 1 3 5 4],1747.6999999999643,0.5,0.5,0.87760521292712,MI,[2 4 5 3 1],-44.69999999999999,10,2568.2999999999593,0.0,False,3
16,0,3,[2 1 3 5 4],1747.6999999999643,0.5,0.5,0.6080182364080503,MI,[4 5 3 1 2],-62.50000000000006,10,3419.799999999963,0.0,False,3
16,0,4,[2 1 3 5 4],1747.6999999999643,0.5,0.5,0.9162289223824696,MI,[2 4 5 3 1],-44.69999999999999,10,2568.2999999999593,0.0,False,3
17,0,0,[2 1 3 5 4],1747.6999999999643,0.5,0.5,0.5679815119720488,MI,[4 5 3 1 2],-62.50000000000006,10,3419.799999999963,0.0,False,3
17,0,1,[2 1 3 5 4],1747.6999999999643,0.5,0.5,0.0952653563069521,SI,[2 4 5 3 1],-44.69999999999999,10,2568.2999999999593,0.0,False,3
17,0,2,[2 1 3 5 4],1747.6999999999643,0.5,0.5,0.3266446554744762,SI,[2 1 4 5 3],-0.30000000000001137,10,1755.1999999999643,0.0,False,3
17,0,3,[2 1 3 5 4],1747.6999999999643,0.5,0.5,0.4080061570736425,SI,[4 5 3 1 2],-62.50000000000006,10,3419.799999999963,0.0,False,3
17,0,4,[2 1 3 5 4],1747.6999999999643,0.5,0.5,0.01589455822194963,SI,[2 4 5 3 1],-44.69999999999999,10,2568.2999999999593,0.0,False,3
18,0,0,[2 1 3 5 4],1747.6999999999643,0.5,0.5,0.04921621574996893,SI,[4 5 3 1 2],-62.50000000000006,10,3419.799999999963,0.0,False,3
18,0,1,[2 1 3 5 4],1747.6999999999643,0.5,0.5,0.6225952450839903,MI,[2 4 5 3 1],-44.69999999999999,10,2568.2999999999593,0.0,False,3
18,0,2,[2 1 3 5 4],1747.6999999999643,0.5,0.5,0.8306397436598814,MI,[4 5 3 1 2],-62.50000000000006,10,3419.799999999963,0.0,False,3
18,0,3,[2 1 3 5 4],1747.6999999999643,0.5,0.5,0.6112109686378477,MI,[4 5 3 1 2],-62.50000000000006,10,3419.799999999963,0.0,False,3
18,0,4,[2 1 3 5 4],1747.6999999999643,0.5,0.5,0.5583347557259285,MI,[4 5 3 1 2],-62.50000000000006,10,3419.799999999963,0.0,False,3
19,0,0,[2 1 3 5 4],1747.6999999999643,0.5,0.5,0.8632489813140743,MI,[4 5 3 1 2],-62.50000000000006,10,3419.799999999963,0.0,False,3
19,0,1,[2 1 3 5 4],1747.6999999999643,0.5,0.5,0.8360075158578552,MI,[4 5 3 1 2],-62.50000000000006,10,3419.799999999963,0.0,False,3
19,0,2,[2 1 3 5 4],1747.6999999999643,0.5,0.5,0.6127486815401466,MI,[4 5 3 1 2],-62.50000000000006,10,3419.799999999963,0.0,False,3
19,0,3,[2 1 3 5 4],1747.6999999999643,0.5,0.5,0.549238292689193,MI,[4 5 3 1 2],-62.50000000000006,10,3419.799999999963,0.0,False,3
19,0,4,[2 1 3 5 4],1747.6999999999643,0.5,0.5,0.2362061864213013,SI,[4 5 3 1 2],-62.50000000000006,10,3419.799999999963,0.0,False,3
20,0,0,[2 1 3 5 4],1747.6999999999643,0.5,0.5,0.331959870890294,SI,[4 5 3 1 2],-62.50000000000006,10,3419.799999999963,0.0,False,3
20,0,1,[2 1 3 5 4],1747.6999999999643,0.5,0.5,0.5715314534611575,MI,[2 4 5 3 1],-44.69999999999999,10,2568.2999999999593,0.0,False,3
20,0,2,[2 1 3 5 4],1747.6999999999643,0.5,0.5,0.7632277669405217,MI,[2 4 5 3 1],-44.69999999999999,10,2568.2999999999593,0.0,False,3
20,0,3,[2 1 3 5 4],1747.6999999999643,0.5,0.5,0.2440128680965341,SI,[4 5 3 1 2],-62.50000000000006,10,3419.799999999963,0.0,False,3
20,0,4,[2 1 3 5 4],1747.6999999999643,0.5,0.5,0.2684161555729361,SI,[2 4 5 3 1],-44.69999999999999,10,2568.2999999999593,0.0,False,3
21,0,0,[2 1 3 5 4],1747.6999999999643,0.5,0.5,0.855638620641786,MI,[2 4 5 3 1],-44.69999999999999,10,2568.2999999999593,0.0,False,3
21,0,1,[2 1 3 5 4],1747.6999999999643,0.5,0.5,0.028737032927955042,SI,[4 5 3 1 2],-62.50000000000006,10,3419.799999999963,0.0,False,3
21,0,2,[2 1 3 5 4],1747.6999999999643,0.5,0.5,0.6873047762584636,MI,[2 4 5 3 1],-44.69999999999999,10,2568.2999999999593,0.0,False,3
21,0,3,[2 1 3 5 4],1747.6999999999643,0.5,0.5,0.2853171758744497,SI,[4 5 3 1 2],-62.50000000000006,10,3419.799999999963,0.0,False,3
21,0,4,[2 1 3 5 4],1747.6999999999643,0.5,0.5,0.7000665696995063,MI,[2 4 5 3 1],-44.69999999999999,10,2568.2999999999593,0.0,False,3
22,0,0,[2 1 3 5 4],1747.6999999999643,0.5,0.5,0.32821062084719366,SI,[2 4 5 3 1],-44.69999999999999,10,2568.2999999999593,0.0,False,3
22,0,1,[2 1 3 5 4],1747.6999999999643,0.5,0.5,0.8950218062238748,MI,[4 5 3 1 2],-62.50000000000006,10,3419.799999999963,0.0,False,3
22,0,2,[2 1 3 5 4],1747.6999999999643,0.5,0.5,0.299794438530962,SI,[4 5 3 1 2],-62.50000000000006,10,3419.799999999963,0.0,False,3
22,0,3,[2 1 3 5 4],1747.6999999999643,0.5,0.5,0.21388077988156506,SI,[4 5 3 1 2],-62.50000000000006,10,3419.799999999963,0.0,False,3
22,0,4,[2 1 3 5 4],1747.6999999999643,0.5,0.5,0.7811895283202878,MI,[4 5 3 1 2],-62.50000000000006,10,3419.799999999963,0.0,False,3
23,0,0,[2 1 3 5 4],1747.6999999999643,0.5,0.5,0.7684520251478184,MI,[2 4 5 3 1],-44.69999999999999,10,2568.2999999999593,0.0,False,3
23,0,1,[2 1 3 5 4],1747.6999999999643,0.5,0.5,0.9223093332900963,MI,[2 1 4 5 3],-0.30000000000001137,10,1755.1999999999643,0.0,False,3
23,0,2,[2 1 3 5 4],1747.6999999999643,0.5,0.5,0.8642053975821956,MI,[4 5 3 1 2],-62.50000000000006,10,3419.799999999963,0.0,False,3
23,0,3,[2 1 3 5 4],1747.6999999999643,0.5,0.5,0.2971049523001936,SI,[2 4 5 3 1],-44.69999999999999,10,2568.2999999999593,0.0,False,3
23,0,4,[2 1 3 5 4],1747.6999999999643,0.5,0.5,0.12352476822628167,SI,[4 5 3 1 2],-62.50000000000006,10,3419.799999999963,0.0,False,3
24,0,0,[2 1 3 5 4],1747.6999999999643,0.5,0.5,0.06263187733437026,SI,[2 4 5 3 1],-44.69999999999999,10,2568.2999999999593,0.0,False,3
24,0,1,[2 1 3 5 4],1747.6999999999643,0.5,0.5,0.32472158709713395,SI,[4 5 3 1 2],-62.50000000000006,10,3419.799999999963,0.0,False,3
24,0,2,[2 1 3 5 4],1747.6999999999643,0.5,0.5,0.5710648740385612,MI,[4 5 3 1 2],-62.50000000000006,10,3419.799999999963,0.0,False,3
24,0,3,[2 1 3 5 4],1747.6999999999643,0.5,0.5,0.19849353943627035,SI,[4 5 3 1 2],-62.50000000000006,10,3419.799999999963,0.0,False,3
24,0,4,[2 1 3 5 4],1747.6999999999643,0.5,0.5,0.4528864498183609,SI,[4 5 3 1 2],-62.50000000000006,10,3419.799999999963,0.0,False,3
25,0,0,[2 1 3 5 4],1747.6999999999643,0.5,0.5,0.6630879708616428,MI,[2 4 5 3 1],-44.69999999999999,10,2568.2999999999593,0.0,False,3
25,0,1,[2 1 3 5 4],1747.6999999999643,0.5,0.5,0.11661717292925267,SI,[4 5 3 1 2],-62.50000000000006,10,3419.799999999963,0.0,False,3
25,0,2,[2 1 3 5 4],1747.6999999999643,0.5,0.5,0.672060533970485,MI,[2 4 5 3 1],-44.69999999999999,10,2568.2999999999593,0.0,False,3
25,0,3,[2 1 3 5 4],1747.6999999999643,0.5,0.5,0.7772655980670667,MI,[2 4 5 3 1],-44.69999999999999,10,2568.2999999999593,0.0,False,3
25,0,4,[2 1 3 5 4],1747.6999999999643,0.5,0.5,0.7864107413277976,MI,[4 5 3 1 2],-62.50000000000006,10,3419.799999999963,0.0,False,3
26,0,0,[2 1 3 5 4],1747.6999999999643,0.5,0.5,0.056983244400924504,SI,[2 4 5 3 1],-44.69999999999999,10,2568.2999999999593,0.0,False,3
26,0,1,[2 1 3 5 4],1747.6999999999643,0.5,0.5,0.8157726358394201,MI,[2 4 5 3 1],-44.69999999999999,10,2568.2999999999593,0.0,False,3
26,0,2,[2 1 3 5 4],1747.6999999999643,0.5,0.5,0.5666858470193208,MI,[4 5 3 1 2],-62.50000000000006,10,3419.799999999963,0.0,False,3
26,0,3,[2 1 3 5 4],1747.6999999999643,0.5,0.5,0.47579035688007676,SI,[4 5 3 1 2],-62.50000000000006,10,3419.799999999963,0.0,False,3
26,0,4,[2 1 3 5 4],1747.6999999999643,0.5,0.5,0.5738030511315262,MI,[4 5 3 1 2],-62.50000000000006,10,3419.799999999963,0.0,False,3
27,0,0,[2 1 3 5 4],1747.6999999999643,0.5,0.5,0.9348613002282349,MI,[4 5 3 1 2],-62.50000000000006,10,3419.799999999963,0.0,False,3
27,0,1,[2 1 3 5 4],1747.6999999999643,0.5,0.5,0.8608476985043968,MI,[4 5 3 1 2],-62.50000000000006,10,3419.799999999963,0.0,False,3
27,0,2,[2 1 3 5 4],1747.6999999999643,0.5,0.5,0.9070905575013763,MI,[4 5 3 1 2],-62.50000000000006,10,3419.799999999963,0.0,False,3
27,0,3,[2 1 3 5 4],1747.6999999999643,0.5,0.5,0.5784028981377072,MI,[2 4 5 3 1],-44.69999999999999,10,2568.2999999999593,0.0,False,3
27,0,4,[2 1 3 5 4],1747.6999999999643,0.5,0.5,0.6824308573277341,MI,[2 4 5 3 1],-44.69999999999999,10,2568.2999999999593,0.0,False,3
28,0,0,[2 1 3 5 4],1747.6999999999643,0.5,0.5,0.7516766389062796,MI,[2 4 5 3 1],-44.69999999999999,10,2568.2999999999593,0.0,False,3
28,0,1,[2 1 3 5 4],1747.6999999999643,0.5,0.5,0.08169612920335267,SI,[4 5 3 1 2],-62.50000000000006,10,3419.799999999963,0.0,False,3
28,0,2,[2 1 3 5 4],1747.6999999999643,0.5,0.5,0.6752218872743866,MI,[2 4 5 3 1],-44.69999999999999,10,2568.2999999999593,0.0,False,3
28,0,3,[2 1 3 5 4],1747.6999999999643,0.5,0.5,0.7695852997523545,MI,[4 5 3 1 2],-62.50000000000006,10,3419.799999999963,0.0,False,3
28,0,4,[2 1 3 5 4],1747.6999999999643,0.5,0.5,0.7775365077208324,MI,[4 5 3 1 2],-62.50000000000006,10,3419.799999999963,0.0,False,3
29,0,0,[2 1 3 5 4],1747.6999999999643,0.5,0.5,0.12035086764008074,SI,[4 5 3 1 2],-62.50000000000006,10,3419.799999999963,0.0,False,3
29,0,1,[2 1 3 5 4],1747.6999999999643,0.5,0.5,0.9137794794333964,MI,[4 5 3 1 2],-62.50000000000006,10,3419.799999999963,0.0,False,3
29,0,2,[2 1 3 5 4],1747.6999999999643,0.5,0.5,0.9811922168073919,MI,[4 5 3 1 2],-62.50000000000006,10,3419.799999999963,0.0,False,3
29,0,3,[2 1 3 5 4],1747.6999999999643,0.5,0.5,0.3612935159960039,SI,[2 4 5 3 1],-44.69999999999999,10,2568.2999999999593,0.0,False,3
29,0,4,[2 1 3 5 4],1747.6999999999643,0.5,0.5,0.4543434697850117,SI,[4 5 3 1 2],-62.50000000000006,10,3419.799999999963,0.0,False,3
30,0,0,[2 1 3 5 4],1747.6999999999643,0.5,0.5,0.26786993224261046,SI,[2 4 5 3 1],-44.69999999999999,10,2568.2999999999593,0.0,False,3
30,0,1,[2 1 3 5 4],1747.6999999999643,0.5,0.5,0.7695613813426452,MI,[2 4 5 3 1],-44.69999999999999,10,2568.2999999999593,0.0,False,3
30,0,2,[2 1 3 5 4],1747.6999999999643,0.5,0.5,0.037265126273235305,SI,[4 5 3 1 2],-62.50000000000006,10,3419.799999999963,0.0,False,3
30,0,3,[2 1 3 5 4],1747.6999999999643,0.5,0.5,0.9278504679556872,MI,[4 5 3 1 2],-62.50000000000006,10,3419.799999999963,0.0,False,3
30,0,4,[2 1 3 5 4],1747.6999999999643,0.5,0.5,0.5843869825090209,MI,[2 4 5 3 1],-44.69999999999999,10,2568.2999999999593,0.0,False,3
31,0,0,[2 1 3 5 4],1747.6999999999643,0.5,0.5,0.5880718007500413,MI,[4 5 3 1 2],-62.50000000000006,10,3419.799999999963,0.0,False,3
31,0,1,[2 1 3 5 4],1747.6999999999643,0.5,0.5,0.08629948159681444,SI,[4 5 3 1 2],-62.50000000000006,10,3419.799999999963,0.0,False,3
31,0,2,[2 1 3 5 4],1747.6999999999643,0.5,0.5,0.22355087620022351,SI,[4 5 3 1 2],-62.50000000000006,10,3419.799999999963,0.0,False,3
31,0,3,[2 1 3 5 4],1747.6999999999643,0.5,0.5,0.3709670688419182,SI,[4 5 3 1 2],-62.50000000000006,10,3419.799999999963,0.0,False,3
31,0,4,[2 1 3 5 4],1747.6999999999643,0.5,0.5,0.9974170658378877,MI,[2 4 5 3 1],-44.69999999999999,10,2568.2999999999593,0.0,False,3
32,0,0,[2 1 3 5 4],1747.6999999999643,0.5,0.5,0.6655998722327698,MI,[2 4 5 3 1],-44.69999999999999,10,2568.2999999999593,0.0,False,3
32,0,1,[2 1 3 5 4],1747.6999999999643,0.5,0.5,0.7962398015485613,MI,[4 5 3 1 2],-62.50000000000006,10,3419.799999999963,0.0,False,3
32,0,2,[2 1 3 5 4],1747.6999999999643,0.5,0.5,0.5019045716403445,MI,[4 5 3 1 2],-62.50000000000006,10,3419.799999999963,0.0,False,3
32,0,3,[2 1 3 5 4],1747.6999999999643,0.5,0.5,0.7749496670554405,MI,[4 5 3 1 2],-62.50000000000006,10,3419.799999999963,0.0,False,3
32,0,4,[2 1 3 5 4],1747.6999999999643,0.5,0.5,0.4174220282438805,SI,[4 5 3 1 2],-62.50000000000006,10,3419.799999999963,0.0,False,3
33,0,0,[2 1 3 5 4],1747.6999999999643,0.5,0.5,0.5946341131111369,MI,[4 5 3 1 2],-62.50000000000006,10,3419.799999999963,0.0,False,3
33,0,1,[2 1 3 5 4],1747.6999999999643,0.5,0.5,0.025547441509522595,SI,[4 5 3 1 2],-62.50000000000006,10,3419.799999999963,0.0,False,3
33,0,2,[2 1 3 5 4],1747.6999999999643,0.5,0.5,0.264524162760326,SI,[4 5 3 1 2],-62.50000000000006,10,3419.799999999963,0.0,False,3
33,0,3,[2 1 3 5 4],1747.6999999999643,0.5,0.5,0.35539502435966985,SI,[4 5 3 1 2],-62.50000000000006,10,3419.799999999963,0.0,False,3
33,0,4,[2 1 3 5 4],1747.6999999999643,0.5,0.5,0.1910262544172674,SI,[4 5 3 1 2],-62.50000000000006,10,3419.799999999963,0.0,False,3
34,0,0,[2 1 3 5 4],1747.6999999999643,0.5,0.5,0.83937480539418,MI,[4 5 3 1 2],-62.50000000000006,10,3419.799999999963,0.0,False,3
34,0,1,[2 1 3 5 4],1747.6999999999643,0.5,0.5,0.6737348174380968,MI,[2 4 5 3 1],-44.69999999999999,10,2568.2999999999593,0.0,False,3
34,0,2,[2 1 3 5 4],1747.6999999999643,0.5,0.5,0.7533806788537833,MI,[4 5 3 1 2],-62.50000000000006,10,3419.799999999963,0.0,False,3
34,0,3,[2 1 3 5 4],1747.6999999999643,0.5,0.5,0.043918721176615994,SI,[4 5 3 1 2],-62.50000000000006,10,3419.799999999963,0.0,False,3
34,0,4,[2 1 3 5 4],1747.6999999999643,0.5,0.5,0.9339226418104836,MI,[4 5 3 1 2],-62.50000000000006,10,3419.799999999963,0.0,False,3
35,0,0,[2 1 3 5 4],1747.6999999999643,0.5,0.5,0.9410625841099962,MI,[2 1 4 5 3],-0.30000000000001137,10,1755.1999999999643,0.0,False,3
35,0,1,[2 1 3 5 4],1747.6999999999643,0.5,0.5,0.5989119475352584,MI,[4 5 3 1 2],-62.50000000000006,10,3419.799999999963,0.0,False,3
35,0,2,[2 1 3 5 4],1747.6999999999643,0.5,0.5,0.649537168042844,MI,[4 5 3 1 2],-62.50000000000006,10,3419.799999999963,0.0,False,3
35,0,3,[2 1 3 5 4],1747.6999999999643,0.5,0.5,0.4246652738125638,SI,[4 5 3 1 2],-62.50000000000006,10,3419.799999999963,0.0,False,3
35,0,4,[2 1 3 5 4],1747.6999999999643,0.5,0.5,0.8172516567582178,MI,[2 4 5 3 1],-44.69999999999999,10,2568.2999999999593,0.0,False,3
36,0,0,[2 1 3 5 4],1747.6999999999643,0.5,0.5,0.8585508255695031,MI,[2 1 4 5 3],-0.30000000000001137,10,1755.1999999999643,0.0,False,3
36,0,1,[2 1 3 5 4],1747.6999999999643,0.5,0.5,0.8347542195047363,MI,[4 5 3 1 2],-62.50000000000006,10,3419.799999999963,0.0,False,3
36,0,2,[2 1 3 5 4],1747.6999999999643,0.5,0.5,0.7897395499530955,MI,[4 5 3 1 2],-62.50000000000006,10,3419.799999999963,0.0,False,3
36,0,3,[2 1 3 5 4],1747.6999999999643,0.5,0.5,0.0525170066348275,SI,[4 5 3 1 2],-62.50000000000006,10,3419.799999999963,0.0,False,3
36,0,4,[2 1 3 5 4],1747.6999999999643,0.5,0.5,0.45670453788753973,SI,[4 5 3 1 2],-62.50000000000006,10,3419.799999999963,0.0,False,3
37,0,0,[2 1 3 5 4],1747.6999999999643,0.5,0.5,0.6626268678045532,MI,[2 4 5 3 1],-44.69999999999999,10,2568.2999999999593,0.0,False,3
37,0,1,[2 1 3 5 4],1747.6999999999643,0.5,0.5,0.2888186275736627,SI,[2 4 5 3 1],-44.69999999999999,10,2568.2999999999593,0.0,False,3
37,0,2,[2 1 3 5 4],1747.6999999999643,0.5,0.5,0.07533445498659175,SI,[4 5 3 1 2],-62.50000000000006,10,3419.799999999963,0.0,False,3
37,0,3,[2 1 3 5 4],1747.6999999999643,0.5,0.5,0.3881157170235102,SI,[1 2 3 5 4],0.5999999999999659,10,1822.8999999999614,0.0,False,3
37,0,4,[2 1 3 5 4],1747.6999999999643,0.5,0.5,0.8263691380570226,MI,[2 4 5 3 1],-44.69999999999999,10,2568.2999999999593,0.0,False,3
38,0,0,[2 1 3 5 4],1747.6999999999643,0.5,0.5,0.043070070083163436,SI,[4 5 3 1 2],-62.50000000000006,10,3419.799999999963,0.0,False,3
38,0,1,[2 1 3 5 4],1747.6999999999643,0.5,0.5,0.3419355663060527,SI,[4 5 3 1 2],-62.50000000000006,10,3419.799999999963,0.0,False,3
38,0,2,[2 1 3 5 4],1747.6999999999643,0.5,0.5,0.11656520214189037,SI,[4 5 3 1 2],-62.50000000000006,10,3419.799999999963,0.0,False,3
38,0,3,[2 1 3 5 4],1747.6999999999643,0.5,0.5,0.6004287239750429,MI,[4 5 3 1 2],-62.50000000000006,10,3419.799999999963,0.0,False,3
38,0,4,[2 1 3 5 4],1747.6999999999643,0.5,0.5,0.9017381850308978,MI,[2 4 5 3 1],-44.69999999999999,10,2568.2999999999593,0.0,False,3
39,0,0,[2 1 3 5 4],1747.6999999999643,0.5,0.5,0.8340594361437181,MI,[4 5 3 1 2],-62.50000000000006,10,3419.799999999963,0.0,False,3
39,0,1,[2 1 3 5 4],1747.6999999999643,0.5,0.5,0.9635111683112529,MI,[4 5 3 1 2],-62.50000000000006,10,3419.799999999963,0.0,False,3
39,0,2,[2 1 3 5 4],1747.6999999999643,0.5,0.5,0.9206566325298896,MI,[2 4 5 3 1],-44.69999999999999,10,2568.2999999999593,0.0,False,3
39,0,3,[2 1 3 5 4],1747.6999999999643,0.5,0.5,0.12096383699883861,SI,[4 5 3 1 2],-62.50000000000006,10,3419.799999999963,0.0,False,3
39,0,4,[2 1 3 5 4],1747.6999999999643,0.5,0.5,0.6966736847679775,MI,[2 4 5 3 1],-44.69999999999999,10,2568.2999999999593,0.0,False,3
40,0,0,[2 1 3 5 4],1747.6999999999643,0.5,0.5,0.7624010139211769,MI,[4 5 3 1 2],-62.50000000000006,10,3419.799999999963,0.0,False,3
40,0,1,[2 1 3 5 4],1747.6999999999643,0.5,0.5,0.4257574878771224,SI,[4 5 3 1 2],-62.50000000000006,10,3419.799999999963,0.0,False,3
40,0,2,[2 1 3 5 4],1747.6999999999643,0.5,0.5,0.30613920284387885,SI,[2 4 5 3 1],-44.69999999999999,10,2568.2999999999593,0.0,False,3
40,0,3,[2 1 3 5 4],1747.6999999999643,0.5,0.5,0.49541676624380215,SI,[2 4 5 3 1],-44.69999999999999,10,2568.2999999999593,0.0,False,3
40,0,4,[2 1 3 5 4],1747.6999999999643,0.5,0.5,0.7226502056874714,MI,[4 5 3 1 2],-62.50000000000006,10,3419.799999999963,0.0,False,3
41,0,0,[2 1 3 5 4],1747.6999999999643,0.5,0.5,0.3356954186298463,SI,[4 5 3 1 2],-62.50000000000006,10,3419.799999999963,0.0,False,3
41,0,1,[2 1 3 5 4],1747.6999999999643,0.5,0.5,0.3417135085788767,SI,[4 5 3 1 2],-62.50000000000006,10,3419.799999999963,0.0,False,3
41,0,2,[2 1 3 5 4],1747.6999999999643,0.5,0.5,0.3597808786363589,SI,[4 5 3 1 2],-62.50000000000006,10,3419.799999999963,0.0,False,3
41,0,3,[2 1 3 5 4],1747.6999999999643,0.5,0.5,0.0076647322568346166,SI,[4 5 3 1 2],-62.50000000000006,10,3419.799999999963,0.0,False,3
41,0,4,[2 1 3 5 4],1747.6999999999643,0.5,0.5,0.5028635295199791,MI,[4 5 3 1 2],-62.50000000000006,10,3419.799999999963,0.0,False,3
42,0,0,[2 1 3 5 4],1747.6999999999643,0.5,0.5,0.8303962598840289,MI,[2 4 5 3 1],-44.69999999999999,10,2568.2999999999593,0.0,False,3
42,0,1,[2 1 3 5 4],1747.6999999999643,0.5,0.5,0.9852589992379678,MI,[4 5 3 1 2],-62.50000000000006,10,3419.799999999963,0.0,False,3
42,0,2,[2 1 3 5 4],1747.6999999999643,0.5,0.5,0.5534707910295762,MI,[4 5 3 1 2],-62.50000000000006,10,3419.799999999963,0.0,False,3
42,0,3,[2 1 3 5 4],1747.6999999999643,0.5,0.5,0.4026847984560137,SI,[4 5 3 1 2],-62.50000000000006,10,3419.799999999963,0.0,False,3
42,0,4,[2 1 3 5 4],1747.6999999999643,0.5,0.5,0.010986484218859616,SI,[2 4 5 3 1],-44.69999999999999,10,2568.2999999999593,0.0,False,3
43,0,0,[2 1 3 5 4],1747.6999999999643,0.5,0.5,0.9266780253362068,MI,[4 5 3 1 2],-62.50000000000006,10,3419.799999999963,0.0,False,3
43,0,1,[2 1 3 5 4],1747.6999999999643,0.5,0.5,0.5373432915910216,MI,[2 4 5 3 1],-44.69999999999999,10,2568.2999999999593,0.0,False,3
43,0,2,[2 1 3 5 4],1747.6999999999643,0.5,0.5,0.543088418791217,MI,[4 5 3 1 2],-62.50000000000006,10,3419.799999999963,0.0,False,3
43,0,3,[2 1 3 5 4],1747.6999999999643,0.5,0.5,0.7422597482887867,MI,[4 5 3 1 2],-62.50000000000006,10,3419.799999999963,0.0,False,3
43,0,4,[2 1 3 5 4],1747.6999999999643,0.5,0.5,0.7005503690220121,MI,[2 1 4 5 3],-0.30000000000001137,10,1755.1999999999643,0.0,False,3
44,0,0,[2 1 3 5 4],1747.6999999999643,0.5,0.5,0.4817286572927518,SI,[4 5 3 1 2],-62.50000000000006,10,3419.799999999963,0.0,False,3
44,0,1,[2 1 3 5 4],1747.6999999999643,0.5,0.5,0.6267563430976977,MI,[2 4 5 3 1],-44.69999999999999,10,2568.2999999999593,0.0,False,3
44,0,2,[2 1 3 5 4],1747.6999999999643,0.5,0.5,0.5565055430576092,MI,[4 5 3 1 2],-62.50000000000006,10,3419.799999999963,0.0,False,3
44,0,3,[2 1 3 5 4],1747.6999999999643,0.5,0.5,0.5397554736017618,MI,[2 4 5 3 1],-44.69999999999999,10,2568.2999999999593,0.0,False,3
44,0,4,[2 1 3 5 4],1747.6999999999643,0.5,0.5,0.6627099198112205,MI,[4 5 3 1 2],-62.50000000000006,10,3419.799999999963,0.0,False,3
45,0,0,[2 1 3 5 4],1747.6999999999643,0.5,0.5,0.6867931971788445,MI,[2 4 5 3 1],-44.69999999999999,10,2568.2999999999593,0.0,False,3
45,0,1,[2 1 3 5 4],1747.6999999999643,0.5,0.5,0.6078126138588099,MI,[2 1 4 5 3],-0.30000000000001137,10,1755.1999999999643,0.0,False,3
45,0,2,[2 1 3 5 4],1747.6999999999643,0.5,0.5,0.3982130526685229,SI,[4 5 3 1 2],-62.50000000000006,10,3419.799999999963,0.0,False,3
45,0,3,[2 1 3 5 4],1747.6999999999643,0.5,0.5,0.6332137002508409,MI,[2 4 5 3 1],-44.69999999999999,10,2568.2999999999593,0.0,False,3
45,0,4,[2 1 3 5 4],1747.6999999999643,0.5,0.5,0.17972625727104274,SI,[4 5 3 1 2],-62.50000000000006,10,3419.799999999963,0.0,False,3
46,0,0,[2 1 3 5 4],1747.6999999999643,0.5,0.5,0.9301881924653856,MI,[4 5 3 1 2],-62.50000000000006,10,3419.799999999963,0.0,False,3
46,0,1,[2 1 3 5 4],1747.6999999999643,0.5,0.5,0.6697896771582447,MI,[2 1 4 5 3],-0.30000000000001137,10,1755.1999999999643,0.0,False,3
46,0,2,[2 1 3 5 4],1747.6999999999643,0.5,0.5,0.7641926489811555,MI,[4 5 3 1 2],-62.50000000000006,10,3419.799999999963,0.0,False,3
46,0,3,[2 1 3 5 4],1747.6999999999643,0.5,0.5,0.3975672573642065,SI,[4 5 3 1 2],-62.50000000000006,10,3419.799999999963,0.0,False,3
46,0,4,[2 1 3 5 4],1747.6999999999643,0.5,0.5,0.1398747099973896,SI,[4 5 3 1 2],-62.50000000000006,10,3419.799999999963,0.0,False,3
47,0,0,[2 1 3 5 4],1747.6999999999643,0.5,0.5,0.4484850371177319,SI,[2 4 5 3 1],-44.69999999999999,10,2568.2999999999593,0.0,False,3
47,0,1,[2 1 3 5 4],1747.6999999999643,0.5,0.5,0.8453052359152906,MI,[4 5 3 1 2],-62.50000000000006,10,3419.799999999963,0.0,False,3
47,0,2,[2 1 3 5 4],1747.6999999999643,0.5,0.5,0.19544900933045006,SI,[4 5 3 1 2],-62.50000000000006,10,3419.799999999963,0.0,False,3
47,0,3,[2 1 3 5 4],1747.6999999999643,0.5,0.5,0.5897979973552331,MI,[4 5 3 1 2],-62.50000000000006,10,3419.799999999963,0.0,False,3
47,0,4,[2 1 3 5 4],1747.6999999999643,0.5,0.5,0.32469334474564837,SI,[4 5 3 1 2],-62.50000000000006,10,3419.799999999963,0.0,False,3
48,0,0,[2 1 3 5 4],1747.6999999999643,0.5,0.5,0.8456438572422357,MI,[2 1 4 5 3],-0.30000000000001137,10,1755.1999999999643,0.0,False,3
48,0,1,[2 1 3 5 4],1747.6999999999643,0.5,0.5,0.25846327328265817,SI,[4 5 3 1 2],-62.50000000000006,10,3419.799999999963,0.0,False,3
48,0,2,[2 1 3 5 4],1747.6999999999643,0.5,0.5,0.05235132641892448,SI,[2 4 5 3 1],-44.69999999999999,10,2568.2999999999593,0.0,False,3
48,0,3,[2 1 3 5 4],1747.6999999999643,0.5,0.5,0.7647805545479086,MI,[2 4 5 3 1],-44.69999999999999,10,2568.2999999999593,0.0,False,3
48,0,4,[2 1 3 5 4],1747.6999999999643,0.5,0.5,0.8208964361624002,MI,[2 1 4 5 3],-0.30000000000001137,10,1755.1999999999643,0.0,False,3
49,0,0,[2 1 3 5 4],1747.6999999999643,0.5,0.5,0.37731344654554944,SI,[4 5 3 1 2],-62.50000000000006,10,3419.799999999963,0.0,False,3
49,0,1,[2 1 3 5 4],1747.6999999999643,0.5,0.5,0.31033513482713904,SI,[4 5 3 1 2],-62.50000000000006,10,3419.799999999963,0.0,False,3
49,0,2,[2 1 3 5 4],1747.6999999999643,0.5,0.5,0.4011181135333798,SI,[2 4 5 3 1],-44.69999999999999,10,2568.2999999999593,0.0,False,3
49,0,3,[2 1 3 5 4],1747.6999999999643,0.5,0.5,0.45016895656239353,SI,[2 4 5 3 1],-44.69999999999999,10,2568.2999999999593,0.0,False,3
49,0,4,[2 1 3 5 4],1747.6999999999643,0.5,0.5,0.5031738809923199,MI,[4 5 3 1 2],-62.50000000000006,10,3419.799999999963,0.0,False,3
50,0,0,[2 1 3 5 4],1747.6999999999643,0.5,0.5,0.41802148064193134,SI,[4 5 3 1 2],-62.50000000000006,10,3419.799999999963,0.0,False,3
50,0,1,[2 1 3 5 4],1747.6999999999643,0.5,0.5,0.6689526295554493,MI,[2 1 4 5 3],-0.30000000000001137,10,1755.1999999999643,0.0,False,3
50,0,2,[2 1 3 5 4],1747.6999999999643,0.5,0.5,0.6605853033836403,MI,[2 4 5 3 1],-44.69999999999999,10,2568.2999999999593,0.0,False,3
50,0,3,[2 1 3 5 4],1747.6999999999643,0.5,0.5,0.18758606357577257,SI,[4 5 3 1 2],-62.50000000000006,10,3419.799999999963,0.0,False,3
50,0,4,[2 1 3 5 4],1747.6999999999643,0.5,0.5,0.8125078284298348,MI,[4 5 3 1 2],-62.50000000000006,10,3419.799999999963,0.0,False,3
51,0,0,[2 1 3 5 4],1747.6999999999643,0.5,0.5,0.5271628761356756,MI,[4 5 3 1 2],-62.50000000000006,10,3419.799999999963,0.0,False,3
51,0,1,[2 1 3 5 4],1747.6999999999643,0.5,0.5,0.6469165702871034,MI,[4 5 3 1 2],-62.50000000000006,10,3419.799999999963,0.0,False,3
51,0,2,[2 1 3 5 4],1747.6999999999643,0.5,0.5,0.6449791627873369,MI,[2 4 5 3 1],-44.69999999999999,10,2568.2999999999593,0.0,False,3
51,0,3,[2 1 3 5 4],1747.6999999999643,0.5,0.5,0.5097998455424134,MI,[2 4 5 3 1],-44.69999999999999,10,2568.2999999999593,0.0,False,3
51,0,4,[2 1 3 5 4],1747.6999999999643,0.5,0.5,0.10887252586155349,SI,[4 5 3 1 2],-62.50000000000006,10,3419.799999999963,0.0,False,3
52,0,0,[2 1 3 5 4],1747.6999999999643,0.5,0.5,0.8100408717105536,MI,[4 5 3 1 2],-62.50000000000006,10,3419.799999999963,0.0,False,3
52,0,1,[2 1 3 5 4],1747.6999999999643,0.5,0.5,0.43203142643899994,SI,[2 4 5 3 1],-44.69999999999999,10,2568.2999999999593,0.0,False,3
52,0,2,[2 1 3 5 4],1747.6999999999643,0.5,0.5,0.9196950772349666,MI,[4 5 3 1 2],-62.50000000000006,10,3419.799999999963,0.0,False,3
52,0,3,[2 1 3 5 4],1747.6999999999643,0.5,0.5,0.31684381760974945,SI,[4 5 3 1 2],-62.50000000000006,10,3419.799999999963,0.0,False,3
52,0,4,[2 1 3 5 4],1747.6999999999643,0.5,0.5,0.48886870558124895,SI,[4 5 3 1 2],-62.50000000000006,10,3419.799999999963,0.0,False,3
0,0,0,[3 4 1 2 5],3351.000000000022,0.5,0.5,0.23517317237293878,SI,[1 4 3 2 5],-1.5,10,3161.3000000000357,0.05660996717397342,True,4
0,0,1,[1 4 3 2 5],3161.3000000000357,0.5,0.5,0.24493070709352693,SI,[3 4 1 2 5],1.5,10,3351.000000000022,0.0,False,4
0,0,2,[1 4 3 2 5],3161.3000000000357,0.5,0.5,0.35094119737202367,SI,[1 4 3 5 2],65.59999999999997,10,3233.3000000000393,0.0,False,4
0,0,3,[1 4 3 2 5],3161.3000000000357,0.5,0.5,0.3128130330915141,SI,[1 3 4 2 5],190.5,10,3566.5000000000255,0.0,False,4
0,0,4,[1 4 3 2 5],3161.3000000000357,0.5,0.5,0.32227087724323056,SI,[3 4 1 2 5],1.5,10,3351.000000000022,0.0,False,4
1,0,0,[1 4 3 2 5],3161.3000000000357,0.5028145651148228,0.49718543488517725,0.7215983180448157,MI,[3 4 1 2 5],1.5,10,3351.000000000022,0.0,False,4
1,0,1,[1 4 3 2 5],3161.3000000000357,0.5028145651148228,0.49718543488517725,0.5113259394193287,MI,[3 4 1 2 5],1.5,10,3351.000000000022,0.0,False,4
1,0,2,[1 4 3 2 5],3161.3000000000357,0.5028145651148228,0.49718543488517725,0.1961493925432325,SI,[1 4 3 5 2],65.59999999999997,10,3233.3000000000393,0.0,False,4
1,0,3,[1 4 3 2 5],3161.3000000000357,0.5028145651148228,0.49718543488517725,0.32709154271942076,SI,[3 4 1 2 5],1.5,10,3351.000000000022,0.0,False,4
1,0,4,[1 4 3 2 5],3161.3000000000357,0.5028145651148228,0.49718543488517725,0.7039580849709941,MI,[3 4 1 2 5],1.5,10,3351.000000000022,0.0,False,4
2,0,0,[3 1 4 2 5],2572.000000000011,0.5028145651148228,0.49718543488517725,0.33715799205124153,SI,[4 1 3 2 5],47.09999999999991,10,4091.6000000000167,0.0,False,4
2,0,1,[3 1 4 2 5],2572.000000000011,0.5028145651148228,0.49718543488517725,0.3415104268452738,SI,[2 4 1 3 5],173.70000000000005,10,4474.800000000007,0.0,False,4
2,0,2,[3 1 4 2 5],2572.000000000011,0.5028145651148228,0.49718543488517725,0.7092068803862241,MI,[4 1 3 2 5],47.09999999999991,10,4091.6000000000167,0.0,False,4
2,0,3,[3 1 4 2 5],2572.000000000011,0.5028145651148228,0.49718543488517725,0.20581630772190307,SI,[3 4 1 2 5],48.60000000000002,10,3351.000000000022,0.0,False,4
2,0,4,[3 1 4 2 5],2572.000000000011,0.5028145651148228,0.49718543488517725,0.2558971327753097,SI,[4 1 3 2 5],47.09999999999991,10,4091.6000000000167,0.0,False,4
3,0,0,[3 1 4 2 5],2572.000000000011,0.5028145651148228,0.49718543488517725,0.37965307535161785,SI,[1 3 4 2 5],112.69999999999999,10,3566.5000000000255,0.0,False,4
3,0,1,[3 1 4 2 5],2572.000000000011,0.5028145651148228,0.49718543488517725,0.12714712640802173,SI,[4 1 3 2 5],47.09999999999991,10,4091.6000000000167,0.0,False,4
3,0,2,[3 1 4 2 5],2572.000000000011,0.5028145651148228,0.49718543488517725,0.8736822154399432,MI,[4 1 3 2 5],47.09999999999991,10,4091.6000000000167,0.0,False,4
3,0,3,[3 1 4 2 5],2572.000000000011,0.5028145651148228,0.49718543488517725,0.4084798683362685,SI,[3 4 1 2 5],48.60000000000002,10,3351.000000000022,0.0,False,4
3,0,4,[3 1 4 2 5],2572.000000000011,0.5028145651148228,0.49718543488517725,0.5087948687248476,MI,[4 1 3 2 5],47.09999999999991,10,4091.6000000000167,0.0,False,4
4,0,0,[3 1 4 2 5],2572.000000000011,0.5028145651148228,0.49718543488517725,0.2586907469150548,SI,[3 1 4 5 2],65.59999999999997,10,2767.400000000016,0.0,False,4
4,0,1,[3 1 4 2 5],2572.000000000011,0.5028145651148228,0.49718543488517725,0.8210052761280252,MI,[4 1 3 2 5],47.09999999999991,10,4091.6000000000167,0.0,False,4
4,0,2,[3 1 4 2 5],2572.000000000011,0.5028145651148228,0.49718543488517725,0.13346761399693963,SI,[4 1 3 2 5],47.09999999999991,10,4091.6000000000167,0.0,False,4
4,0,3,[3 1 4 2 5],2572.000000000011,0.5028145651148228,0.49718543488517725,0.3453529628332356,SI,[3 4 1 2 5],48.60000000000002,10,3351.000000000022,0.0,False,4
4,0,4,[3 1 4 2 5],2572.000000000011,0.5028145651148228,0.49718543488517725,0.2840318135807406,SI,[3 1 4 5 2],65.59999999999997,10,2767.400000000016,0.0,False,4
5,0,0,[3 1 4 2 5],2572.000000000011,0.5028145651148228,0.49718543488517725,0.704064322306224,MI,[4 1 3 2 5],47.09999999999991,10,4091.6000000000167,0.0,False,4
5,0,1,[3 1 4 2 5],2572.000000000011,0.5028145651148228,0.49718543488517725,0.11613681747125604,SI,[3 4 1 2 5],48.60000000000002,10,3351.000000000022,0.0,False,4
5,0,2,[3 1 4 2 5],2572.000000000011,0.5028145651148228,0.49718543488517725,0.731844293029058,MI,[4 1 3 2 5],47.09999999999991,10,4091.6000000000167,0.0,False,4
5,0,3,[3 1 4 2 5],2572.000000000011,0.5028145651148228,0.49718543488517725,0.9149325554863599,MI,[4 1 3 2 5],47.09999999999991,10,4091.6000000000167,0.0,False,4
5,0,4,[3 1 4 2 5],2572.000000000011,0.5028145651148228,0.49718543488517725,0.5248356799340642,MI,[4 1 3 2 5],47.09999999999991,10,4091.6000000000167,0.0,False,4
6,0,0,[3 1 4 2 5],2572.000000000011,0.5028145651148228,0.49718543488517725,0.0929826183266439,SI,[1 3 4 2 5],112.69999999999999,10,3566.5000000000255,0.0,False,4
6,0,1,[3 1 4 2 5],2572.000000000011,0.5028145651148228,0.49718543488517725,0.9380745849392811,MI,[4 1 3 2 5],47.09999999999991,10,4091.6000000000167,0.0,False,4
6,0,2,[3 1 4 2 5],2572.000000000011,0.5028145651148228,0.49718543488517725,0.7712476310632778,MI,[4 1 3 2 5],47.09999999999991,10,4091.6000000000167,0.0,False,4
6,0,3,[3 1 4 2 5],2572.000000000011,0.5028145651148228,0.49718543488517725,0.12995643580320493,SI,[4 1 3 2 5],47.09999999999991,10,4091.6000000000167,0.0,False,4
6,0,4,[3 1 4 2 5],2572.000000000011,0.5028145651148228,0.49718543488517725,0.24792707246743362,SI,[4 1 3 2 5],47.09999999999991,10,4091.6000000000167,0.0,False,4
7,0,0,[3 1 4 2 5],2572.000000000011,0.5028145651148228,0.49718543488517725,0.6691829362472842,MI,[4 1 3 2 5],47.09999999999991,10,4091.6000000000167,0.0,False,4
7,0,1,[3 1 4 2 5],2572.000000000011,0.5028145651148228,0.49718543488517725,0.7119786401866348,MI,[4 1 3 2 5],47.09999999999991,10,4091.6000000000167,0.0,False,4
7,0,2,[3 1 4 2 5],2572.000000000011,0.5028145651148228,0.49718543488517725,0.14180399956538647,SI,[3 1 4 5 2],65.59999999999997,10,2767.400000000016,0.0,False,4
7,0,3,[3 1 4 2 5],2572.000000000011,0.5028145651148228,0.49718543488517725,0.268694278847333,SI,[4 1 3 2 5],47.09999999999991,10,4091.6000000000167,0.0,False,4
7,0,4,[3 1 4 2 5],2572.000000000011,0.5028145651148228,0.49718543488517725,0.24455142416472442,SI,[4 1 3 2 5],47.09999999999991,10,4091.6000000000167,0.0,False,4
8,0,0,[3 1 4 2 5],2572.000000000011,0.5028145651148228,0.49718543488517725,0.590999283470265,MI,[4 1 3 2 5],47.09999999999991,10,4091.6000000000167,0.0,False,4
8,0,1,[3 1 4 2 5],2572.000000000011,0.5028145651148228,0.49718543488517725,0.6906864270507702,MI,[4 1 3 2 5],47.09999999999991,10,4091.6000000000167,0.0,False,4
8,0,2,[3 1 4 2 5],2572.000000000011,0.5028145651148228,0.49718543488517725,0.2507320212217494,SI,[4 1 3 2 5],47.09999999999991,10,4091.6000000000167,0.0,False,4
8,0,3,[3 1 4 2 5],2572.000000000011,0.5028145651148228,0.49718543488517725,0.4046758716268618,SI,[4 1 3 2 5],47.09999999999991,10,4091.6000000000167,0.0,False,4
8,0,4,[3 1 4 2 5],2572.000000000011,0.5028145651148228,0.49718543488517725,0.9491116342788802,MI,[4 1 3 2 5],47.09999999999991,10,4091.6000000000167,0.0,False,4
9,0,0,[3 1 4 2 5],2572.000000000011,0.5028145651148228,0.49718543488517725,0.9122563542558378,MI,[4 1 3 2 5],47.09999999999991,10,4091.6000000000167,0.0,False,4
9,0,1,[3 1 4 2 5],2572.000000000011,0.5028145651148228,0.49718543488517725,0.7876902111622943,MI,[4 1 3 2 5],47.09999999999991,10,4091.6000000000167,0.0,False,4
9,0,2,[3 1 4 2 5],2572.000000000011,0.5028145651148228,0.49718543488517725,0.08410530616998968,SI,[4 1 3 2 5],47.09999999999991,10,4091.6000000000167,0.0,False,4
9,0,3,[3 1 4 2 5],2572.000000000011,0.5028145651148228,0.49718543488517725,0.7161752971584255,MI,[4 1 3 2 5],47.09999999999991,10,4091.6000000000167,0.0,False,4
9,0,4,[3 1 4 2 5],2572.000000000011,0.5028145651148228,0.49718543488517725,0.05867145872781254,SI,[4 1 3 2 5],47.09999999999991,10,4091.6000000000167,0.0,False,4
10,0,0,[3 1 4 2 5],2572.000000000011,0.5028145651148228,0.49718543488517725,0.47414212581784776,SI,[3 4 1 2 5],48.60000000000002,10,3351.000000000022,0.0,False,4
10,0,1,[3 1 4 2 5],2572.000000000011,0.5028145651148228,0.49718543488517725,0.1770031800799754,SI,[4 1 3 2 5],47.09999999999991,10,4091.6000000000167,0.0,False,4
10,0,2,[3 1 4 2 5],2572.000000000011,0.5028145651148228,0.49718543488517725,0.561676272348926,MI,[4 1 3 2 5],47.09999999999991,10,4091.6000000000167,0.0,False,4
10,0,3,[3 1 4 2 5],2572.000000000011,0.5028145651148228,0.49718543488517725,0.7885284400701555,MI,[4 1 3 2 5],47.09999999999991,10,4091.6000000000167,0.0,False,4
10,0,4,[3 1 4 2 5],2572.000000000011,0.5028145651148228,0.49718543488517725,0.08194689023210433,SI,[3 4 1 2 5],48.60000000000002,10,3351.000000000022,0.0,False,4
11,0,0,[3 1 4 2 5],2572.000000000011,0.5028145651148228,0.49718543488517725,0.5851114868207072,MI,[4 1 3 2 5],47.09999999999991,10,4091.6000000000167,0.0,False,4
11,0,1,[3 1 4 2 5],2572.000000000011,0.5028145651148228,0.49718543488517725,0.1964378472708681,SI,[3 1 4 5 2],65.59999999999997,10,2767.400000000016,0.0,False,4
11,0,2,[3 1 4 2 5],2572.000000000011,0.5028145651148228,0.49718543488517725,0.1358778684746056,SI,[1 3 4 2 5],112.69999999999999,10,3566.5000000000255,0.0,False,4
11,0,3,[3 1 4 2 5],2572.000000000011,0.5028145651148228,0.49718543488517725,0.22915118271020807,SI,[3 1 4 5 2],65.59999999999997,10,2767.400000000016,0.0,False,4
11,0,4,[3 1 4 2 5],2572.000000000011,0.5028145651148228,0.49718543488517725,0.19163038958464618,SI,[3 1 4 5 2],65.59999999999997,10,2767.400000000016,0.0,False,4
12,0,0,[3 1 4 2 5],2572.000000000011,0.5028145651148228,0.49718543488517725,0.7936397095288295,MI,[4 1 3 2 5],47.09999999999991,10,4091.6000000000167,0.0,False,4
12,0,1,[3 1 4 2 5],2572.000000000011,0.5028145651148228,0.49718543488517725,0.6267248649976682,MI,[4 1 3 2 5],47.09999999999991,10,4091.6000000000167,0.0,False,4
12,0,2,[3 1 4 2 5],2572.000000000011,0.5028145651148228,0.49718543488517725,0.4636648947561023,SI,[3 4 1 2 5],48.60000000000002,10,3351.000000000022,0.0,False,4
12,0,3,[3 1 4 2 5],2572.000000000011,0.5028145651148228,0.49718543488517725,0.7748423999970496,MI,[4 1 3 2 5],47.09999999999991,10,4091.6000000000167,0.0,False,4
12,0,4,[3 1 4 2 5],2572.000000000011,0.5028145651148228,0.49718543488517725,0.31391877701598503,SI,[3 4 1 2 5],48.60000000000002,10,3351.000000000022,0.0,False,4
13,0,0,[3 1 4 2 5],2572.000000000011,0.5028145651148228,0.49718543488517725,0.26857518673645164,SI,[4 1 3 2 5],47.09999999999991,10,4091.6000000000167,0.0,False,4
13,0,1,[3 1 4 2 5],2572.000000000011,0.5028145651148228,0.49718543488517725,0.08944855542548302,SI,[5 2 4 1 3],115.9,10,4486.500000000022,0.0,False,4
13,0,2,[3 1 4 2 5],2572.000000000011,0.5028145651148228,0.49718543488517725,0.578768662123429,MI,[4 1 3 2 5],47.09999999999991,10,4091.6000000000167,0.0,False,4
13,0,3,[3 1 4 2 5],2572.000000000011,0.5028145651148228,0.49718543488517725,0.2898023178878597,SI,[3 4 1 2 5],48.60000000000002,10,3351.000000000022,0.0,False,4
13,0,4,[3 1 4 2 5],2572.000000000011,0.5028145651148228,0.49718543488517725,0.7162558960543839,MI,[4 1 3 2 5],47.09999999999991,10,4091.6000000000167,0.0,False,4
14,0,0,[3 1 4 2 5],2572.000000000011,0.5028145651148228,0.49718543488517725,0.4403843905816096,SI,[3 4 1 2 5],48.60000000000002,10,3351.000000000022,0.0,False,4
14,0,1,[3 1 4 2 5],2572.000000000011,0.5028145651148228,0.49718543488517725,0.23687531137086082,SI,[3 4 1 2 5],48.60000000000002,10,3351.000000000022,0.0,False,4
14,0,2,[3 1 4 2 5],2572.000000000011,0.5028145651148228,0.49718543488517725,0.16934720246888513,SI,[1 3 4 2 5],112.69999999999999,10,3566.5000000000255,0.0,False,4
14,0,3,[3 1 4 2 5],2572.000000000011,0.5028145651148228,0.49718543488517725,0.9715209729053996,MI,[4 1 3 2 5],47.09999999999991,10,4091.6000000000167,0.0,False,4
14,0,4,[3 1 4 2 5],2572.000000000011,0.5028145651148228,0.49718543488517725,0.06774123652155484,SI,[4 1 3 2 5],47.09999999999991,10,4091.6000000000167,0.0,False,4
15,0,0,[3 1 4 2 5],2572.000000000011,0.5028145651148228,0.49718543488517725,0.47023437821659797,SI,[4 1 3 2 5],47.09999999999991,10,4091.6000000000167,0.0,False,4
15,0,1,[3 1 4 2 5],2572.000000000011,0.5028145651148228,0.49718543488517725,0.44732149637754914,SI,[3 4 1 2 5],48.60000000000002,10,3351.000000000022,0.0,False,4
15,0,2,[3 1 4 2 5],2572.000000000011,0.5028145651148228,0.49718543488517725,0.15422035787519495,SI,[3 1 4 5 2],65.59999999999997,10,2767.400000000016,0.0,False,4
15,0,3,[3 1 4 2 5],2572.000000000011,0.5028145651148228,0.49718543488517725,0.3627367196677068,SI,[3 4 1 2 5],48.60000000000002,10,3351.000000000022,0.0,False,4
15,0,4,[3 1 4 2 5],2572.000000000011,0.5028145651148228,0.49718543488517725,0.015400902676024786,SI,[4 1 3 2 5],47.09999999999991,10,4091.6000000000167,0.0,False,4
16,0,0,[3 1 4 2 5],2572.000000000011,0.5028145651148228,0.49718543488517725,0.5643704262840834,MI,[4 1 3 2 5],47.09999999999991,10,4091.6000000000167,0.0,False,4
16,0,1,[3 1 4 2 5],2572.000000000011,0.5028145651148228,0.49718543488517725,0.954468594855408,MI,[4 1 3 2 5],47.09999999999991,10,4091.6000000000167,0.0,False,4
16,0,2,[3 1 4 2 5],2572.000000000011,0.5028145651148228,0.49718543488517725,0.7955951344127881,MI,[4 1 3 2 5],47.09999999999991,10,4091.6000000000167,0.0,False,4
16,0,3,[3 1 4 2 5],2572.000000000011,0.5028145651148228,0.49718543488517725,0.25607842491884025,SI,[4 1 3 2 5],47.09999999999991,10,4091.6000000000167,0.0,False,4
16,0,4,[3 1 4 2 5],2572.000000000011,0.5028145651148228,0.49718543488517725,0.6745308788006162,MI,[4 1 3 2 5],47.09999999999991,10,4091.6000000000167,0.0,False,4
17,0,0,[3 1 4 2 5],2572.000000000011,0.5028145651148228,0.49718543488517725,0.29461997704527676,SI,[4 1 3 2 5],47.09999999999991,10,4091.6000000000167,0.0,False,4
17,0,1,[3 1 4 2 5],2572.000000000011,0.5028145651148228,0.49718543488517725,0.0016445235173755401,SI,[4 1 3 2 5],47.09999999999991,10,4091.6000000000167,0.0,False,4
17,0,2,[3 1 4 2 5],2572.000000000011,0.5028145651148228,0.49718543488517725,0.8145410336331416,MI,[4 1 3 2 5],47.09999999999991,10,4091.6000000000167,0.0,False,4
17,0,3,[3 1 4 2 5],2572.000000000011,0.5028145651148228,0.49718543488517725,0.332349034379384,SI,[4 1 3 2 5],47.09999999999991,10,4091.6000000000167,0.0,False,4
17,0,4,[3 1 4 2 5],2572.000000000011,0.5028145651148228,0.49718543488517725,0.4987697947012081,SI,[4 1 3 2 5],47.09999999999991,10,4091.6000000000167,0.0,False,4
18,0,0,[3 1 4 2 5],2572.000000000011,0.5028145651148228,0.49718543488517725,0.6073267498751115,MI,[4 1 3 2 5],47.09999999999991,10,4091.6000000000167,0.0,False,4
18,0,1,[3 1 4 2 5],2572.000000000011,0.5028145651148228,0.49718543488517725,0.533935478983434,MI,[4 1 3 2 5],47.09999999999991,10,4091.6000000000167,0.0,False,4
18,0,2,[3 1 4 2 5],2572.000000000011,0.5028145651148228,0.49718543488517725,0.3008181986825188,SI,[4 1 3 2 5],47.09999999999991,10,4091.6000000000167,0.0,False,4
18,0,3,[3 1 4 2 5],2572.000000000011,0.5028145651148228,0.49718543488517725,0.44547644801012387,SI,[4 1 3 2 5],47.09999999999991,10,4091.6000000000167,0.0,False,4
18,0,4,[3 1 4 2 5],2572.000000000011,0.5028145651148228,0.49718543488517725,0.14921242269301738,SI,[4 1 3 2 5],47.09999999999991,10,4091.6000000000167,0.0,False,4
19,0,0,[3 1 4 2 5],2572.000000000011,0.5028145651148228,0.49718543488517725,0.6809664616113766,MI,[4 1 3 2 5],47.09999999999991,10,4091.6000000000167,0.0,False,4
19,0,1,[3 1 4 2 5],2572.000000000011,0.5028145651148228,0.49718543488517725,0.5688847688360406,MI,[4 1 3 2 5],47.09999999999991,10,4091.6000000000167,0.0,False,4
19,0,2,[3 1 4 2 5],2572.000000000011,0.5028145651148228,0.49718543488517725,0.8228608362887562,MI,[4 1 3 2 5],47.09999999999991,10,4091.6000000000167,0.0,False,4
19,0,3,[3 1 4 2 5],2572.000000000011,0.5028145651148228,0.49718543488517725,0.30024075884635826,SI,[3 4 1 2 5],48.60000000000002,10,3351.000000000022,0.0,False,4
19,0,4,[3 1 4 2 5],2572.000000000011,0.5028145651148228,0.49718543488517725,0.7379974933101696,MI,[4 1 3 2 5],47.09999999999991,10,4091.6000000000167,0.0,False,4
20,0,0,[3 1 4 2 5],2572.000000000011,0.5028145651148228,0.49718543488517725,0.26581080049916506,SI,[2 4 1 3 5],173.70000000000005,10,4474.800000000007,0.0,False,4
20,0,1,[3 1 4 2 5],2572.000000000011,0.5028145651148228,0.49718543488517725,0.8797664929125572,MI,[4 1 3 2 5],47.09999999999991,10,4091.6000000000167,0.0,False,4
20,0,2,[3 1 4 2 5],2572.000000000011,0.5028145651148228,0.49718543488517725,0.7770721583433507,MI,[4 1 3 2 5],47.09999999999991,10,4091.6000000000167,0.0,False,4
20,0,3,[3 1 4 2 5],2572.000000000011,0.5028145651148228,0.49718543488517725,0.24975852397474307,SI,[3 4 1 2 5],48.60000000000002,10,3351.000000000022,0.0,False,4
20,0,4,[3 1 4 2 5],2572.000000000011,0.5028145651148228,0.49718543488517725,0.27966184582102005,SI,[3 4 1 2 5],48.60000000000002,10,3351.000000000022,0.0,False,4
21,0,0,[3 1 4 2 5],2572.000000000011,0.5028145651148228,0.49718543488517725,0.05720610803850612,SI,[1 3 4 2 5],112.69999999999999,10,3566.5000000000255,0.0,False,4
21,0,1,[3 1 4 2 5],2572.000000000011,0.5028145651148228,0.49718543488517725,0.15512045438770083,SI,[4 1 3 2 5],47.09999999999991,10,4091.6000000000167,0.0,False,4
21,0,2,[3 1 4 2 5],2572.000000000011,0.5028145651148228,0.49718543488517725,0.18841885111047274,SI,[4 1 3 2 5],47.09999999999991,10,4091.6000000000167,0.0,False,4
21,0,3,[3 1 4 2 5],2572.000000000011,0.5028145651148228,0.49718543488517725,0.10944840135732203,SI,[4 1 3 2 5],47.09999999999991,10,4091.6000000000167,0.0,False,4
21,0,4,[3 1 4 2 5],2572.000000000011,0.5028145651148228,0.49718543488517725,0.02897063282241441,SI,[3 4 1 2 5],48.60000000000002,10,3351.000000000022,0.0,False,4
22,0,0,[3 1 4 2 5],2572.000000000011,0.5028145651148228,0.49718543488517725,0.9971498507967111,MI,[4 1 3 2 5],47.09999999999991,10,4091.6000000000167,0.0,False,4
22,0,1,[3 1 4 2 5],2572.000000000011,0.5028145651148228,0.49718543488517725,0.1315550825069276,SI,[4 1 3 2 5],47.09999999999991,10,4091.6000000000167,0.0,False,4
22,0,2,[3 1 4 2 5],2572.000000000011,0.5028145651148228,0.49718543488517725,0.023250491183699373,SI,[3 4 1 2 5],48.60000000000002,10,3351.000000000022,0.0,False,4
22,0,3,[3 1 4 2 5],2572.000000000011,0.5028145651148228,0.49718543488517725,0.312460588887956,SI,[3 4 1 2 5],48.60000000000002,10,3351.000000000022,0.0,False,4
22,0,4,[3 1 4 2 5],2572.000000000011,0.5028145651148228,0.49718543488517725,0.4729148321460426,SI,[3 1 4 5 2],65.59999999999997,10,2767.400000000016,0.0,False,4
23,0,0,[3 1 4 2 5],2572.000000000011,0.5028145651148228,0.49718543488517725,0.5081279199339456,MI,[4 1 3 2 5],47.09999999999991,10,4091.6000000000167,0.0,False,4
23,0,1,[3 1 4 2 5],2572.000000000011,0.5028145651148228,0.49718543488517725,0.08885261228805774,SI,[4 1 3 2 5],47.09999999999991,10,4091.6000000000167,0.0,False,4
23,0,2,[3 1 4 2 5],2572.000000000011,0.5028145651148228,0.49718543488517725,0.3033635968097709,SI,[4 1 3 2 5],47.09999999999991,10,4091.6000000000167,0.0,False,4
23,0,3,[3 1 4 2 5],2572.000000000011,0.5028145651148228,0.49718543488517725,0.3625233166837467,SI,[3 4 1 2 5],48.60000000000002,10,3351.000000000022,0.0,False,4
23,0,4,[3 1 4 2 5],2572.000000000011,0.5028145651148228,0.49718543488517725,0.9616273020884679,MI,[4 1 3 2 5],47.09999999999991,10,4091.6000000000167,0.0,False,4
24,0,0,[3 1 4 2 5],2572.000000000011,0.5028145651148228,0.49718543488517725,0.7367794919457863,MI,[4 1 3 2 5],47.09999999999991,10,4091.6000000000167,0.0,False,4
24,0,1,[3 1 4 2 5],2572.000000000011,0.5028145651148228,0.49718543488517725,0.9750495620388598,MI,[4 1 3 2 5],47.09999999999991,10,4091.6000000000167,0.0,False,4
24,0,2,[3 1 4 2 5],2572.000000000011,0.5028145651148228,0.49718543488517725,0.09929265297754752,SI,[4 1 3 2 5],47.09999999999991,10,4091.6000000000167,0.0,False,4
24,0,3,[3 1 4 2 5],2572.000000000011,0.5028145651148228,0.49718543488517725,0.28066036035290154,SI,[4 1 3 2 5],47.09999999999991,10,4091.6000000000167,0.0,False,4
24,0,4,[3 1 4 2 5],2572.000000000011,0.5028145651148228,0.49718543488517725,0.040448452274359004,SI,[4 1 3 2 5],47.09999999999991,10,4091.6000000000167,0.0,False,4
25,0,0,[3 1 4 2 5],2572.000000000011,0.5028145651148228,0.49718543488517725,0.799753734227432,MI,[4 1 3 2 5],47.09999999999991,10,4091.6000000000167,0.0,False,4
25,0,1,[3 1 4 2 5],2572.000000000011,0.5028145651148228,0.49718543488517725,0.7293882311461303,MI,[4 1 3 2 5],47.09999999999991,10,4091.6000000000167,0.0,False,4
25,0,2,[3 1 4 2 5],2572.000000000011,0.5028145651148228,0.49718543488517725,0.43038982765095224,SI,[1 3 4 2 5],112.69999999999999,10,3566.5000000000255,0.0,False,4
25,0,3,[3 1 4 2 5],2572.000000000011,0.5028145651148228,0.49718543488517725,0.8956510526161177,MI,[4 1 3 2 5],47.09999999999991,10,4091.6000000000167,0.0,False,4
25,0,4,[3 1 4 2 5],2572.000000000011,0.5028145651148228,0.49718543488517725,0.9137330573337985,MI,[4 1 3 2 5],47.09999999999991,10,4091.6000000000167,0.0,False,4
26,0,0,[3 1 4 2 5],2572.000000000011,0.5028145651148228,0.49718543488517725,0.10084845729727399,SI,[2 4 1 3 5],173.70000000000005,10,4474.800000000007,0.0,False,4
26,0,1,[3 1 4 2 5],2572.000000000011,0.5028145651148228,0.49718543488517725,0.7274597574269874,MI,[4 1 3 2 5],47.09999999999991,10,4091.6000000000167,0.0,False,4
26,0,2,[3 1 4 2 5],2572.000000000011,0.5028145651148228,0.49718543488517725,0.12229810423434728,SI,[4 1 3 2 5],47.09999999999991,10,4091.6000000000167,0.0,False,4
26,0,3,[3 1 4 2 5],2572.000000000011,0.5028145651148228,0.49718543488517725,0.12700786502528227,SI,[4 1 3 2 5],47.09999999999991,10,4091.6000000000167,0.0,False,4
26,0,4,[3 1 4 2 5],2572.000000000011,0.5028145651148228,0.49718543488517725,0.5007191611792725,SI,[4 1 3 2 5],47.09999999999991,10,4091.6000000000167,0.0,False,4
27,0,0,[3 1 4 2 5],2572.000000000011,0.5028145651148228,0.49718543488517725,0.008229777554326079,SI,[4 1 3 2 5],47.09999999999991,10,4091.6000000000167,0.0,False,4
27,0,1,[3 1 4 2 5],2572.000000000011,0.5028145651148228,0.49718543488517725,0.012208366125518677,SI,[1 3 4 2 5],112.69999999999999,10,3566.5000000000255,0.0,False,4
27,0,2,[3 1 4 2 5],2572.000000000011,0.5028145651148228,0.49718543488517725,0.28845992554969957,SI,[5 2 4 1 3],115.9,10,4486.500000000022,0.0,False,4
27,0,3,[3 1 4 2 5],2572.000000000011,0.5028145651148228,0.49718543488517725,0.25490736693060645,SI,[3 1 4 5 2],65.59999999999997,10,2767.400000000016,0.0,False,4
27,0,4,[3 1 4 2 5],2572.000000000011,0.5028145651148228,0.49718543488517725,0.21962472015832935,SI,[3 4 1 2 5],48.60000000000002,10,3351.000000000022,0.0,False,4
28,0,0,[3 1 4 2 5],2572.000000000011,0.5028145651148228,0.49718543488517725,0.22936587979320955,SI,[4 1 3 2 5],47.09999999999991,10,4091.6000000000167,0.0,False,4
28,0,1,[3 1 4 2 5],2572.000000000011,0.5028145651148228,0.49718543488517725,0.8032941587635993,MI,[4 1 3 2 5],47.09999999999991,10,4091.6000000000167,0.0,False,4
28,0,2,[3 1 4 2 5],2572.000000000011,0.5028145651148228,0.49718543488517725,0.7828698325435833,MI,[4 1 3 2 5],47.09999999999991,10,4091.6000000000167,0.0,False,4
28,0,3,[3 1 4 2 5],2572.000000000011,0.5028145651148228,0.49718543488517725,0.12383881629829296,SI,[3 4 1 2 5],48.60000000000002,10,3351.000000000022,0.0,False,4
28,0,4,[3 1 4 2 5],2572.000000000011,0.5028145651148228,0.49718543488517725,0.716115430213308,MI,[4 1 3 2 5],47.09999999999991,10,4091.6000000000167,0.0,False,4
29,0,0,[3 1 4 2 5],2572.000000000011,0.5028145651148228,0.49718543488517725,0.1002708931040317,SI,[4 1 3 2 5],47.09999999999991,10,4091.6000000000167,0.0,False,4
29,0,1,[3 1 4 2 5],2572.000000000011,0.5028145651148228,0.49718543488517725,0.6479197736335724,MI,[4 1 3 2 5],47.09999999999991,10,4091.6000000000167,0.0,False,4
29,0,2,[3 1 4 2 5],2572.000000000011,0.5028145651148228,0.49718543488517725,0.3132237914446193,SI,[5 2 4 1 3],115.9,10,4486.500000000022,0.0,False,4
29,0,3,[3 1 4 2 5],2572.000000000011,0.5028145651148228,0.49718543488517725,0.9673393144996892,MI,[4 1 3 2 5],47.09999999999991,10,4091.6000000000167,0.0,False,4
29,0,4,[3 1 4 2 5],2572.000000000011,0.5028145651148228,0.49718543488517725,0.3091611100359686,SI,[4 1 3 2 5],47.09999999999991,10,4091.6000000000167,0.0,False,4
30,0,0,[3 1 4 2 5],2572.000000000011,0.5028145651148228,0.49718543488517725,0.7977246876595657,MI,[4 1 3 2 5],47.09999999999991,10,4091.6000000000167,0.0,False,4
30,0,1,[3 1 4 2 5],2572.000000000011,0.5028145651148228,0.49718543488517725,0.4234807500783283,SI,[4 1 3 2 5],47.09999999999991,10,4091.6000000000167,0.0,False,4
30,0,2,[3 1 4 2 5],2572.000000000011,0.5028145651148228,0.49718543488517725,0.45312765350674833,SI,[3 4 1 2 5],48.60000000000002,10,3351.000000000022,0.0,False,4
30,0,3,[3 1 4 2 5],2572.000000000011,0.5028145651148228,0.49718543488517725,0.10093398807974263,SI,[3 4 1 2 5],48.60000000000002,10,3351.000000000022,0.0,False,4
30,0,4,[3 1 4 2 5],2572.000000000011,0.5028145651148228,0.49718543488517725,0.8376442546323526,MI,[4 1 3 2 5],47.09999999999991,10,4091.6000000000167,0.0,False,4
31,0,0,[3 1 4 2 5],2572.000000000011,0.5028145651148228,0.49718543488517725,0.26232962103602686,SI,[3 4 1 2 5],48.60000000000002,10,3351.000000000022,0.0,False,4
31,0,1,[3 1 4 2 5],2572.000000000011,0.5028145651148228,0.49718543488517725,0.621508429334381,MI,[4 1 3 2 5],47.09999999999991,10,4091.6000000000167,0.0,False,4
31,0,2,[3 1 4 2 5],2572.000000000011,0.5028145651148228,0.49718543488517725,0.6098750322594607,MI,[4 1 3 2 5],47.09999999999991,10,4091.6000000000167,0.0,False,4
31,0,3,[3 1 4 2 5],2572.000000000011,0.5028145651148228,0.49718543488517725,0.4255337646730286,SI,[3 1 4 5 2],65.59999999999997,10,2767.400000000016,0.0,False,4
31,0,4,[3 1 4 2 5],2572.000000000011,0.5028145651148228,0.49718543488517725,0.7153881330126457,MI,[4 1 3 2 5],47.09999999999991,10,4091.6000000000167,0.0,False,4
32,0,0,[3 1 4 2 5],2572.000000000011,0.5028145651148228,0.49718543488517725,0.15155610736077862,SI,[4 1 3 2 5],47.09999999999991,10,4091.6000000000167,0.0,False,4
32,0,1,[3 1 4 2 5],2572.000000000011,0.5028145651148228,0.49718543488517725,0.21542165449293316,SI,[4 1 3 2 5],47.09999999999991,10,4091.6000000000167,0.0,False,4
32,0,2,[3 1 4 2 5],2572.000000000011,0.5028145651148228,0.49718543488517725,0.9102450543219422,MI,[4 1 3 2 5],47.09999999999991,10,4091.6000000000167,0.0,False,4
32,0,3,[3 1 4 2 5],2572.000000000011,0.5028145651148228,0.49718543488517725,0.17658835626357727,SI,[3 1 4 5 2],65.59999999999997,10,2767.400000000016,0.0,False,4
32,0,4,[3 1 4 2 5],2572.000000000011,0.5028145651148228,0.49718543488517725,0.23920215443213766,SI,[4 1 3 2 5],47.09999999999991,10,4091.6000000000167,0.0,False,4
33,0,0,[3 1 4 2 5],2572.000000000011,0.5028145651148228,0.49718543488517725,0.7531679828770943,MI,[4 1 3 2 5],47.09999999999991,10,4091.6000000000167,0.0,False,4
33,0,1,[3 1 4 2 5],2572.000000000011,0.5028145651148228,0.49718543488517725,0.6961213645993195,MI,[4 1 3 2 5],47.09999999999991,10,4091.6000000000167,0.0,False,4
33,0,2,[3 1 4 2 5],2572.000000000011,0.5028145651148228,0.49718543488517725,0.9867589553628,MI,[4 1 3 2 5],47.09999999999991,10,4091.6000000000167,0.0,False,4
33,0,3,[3 1 4 2 5],2572.000000000011,0.5028145651148228,0.49718543488517725,0.025876282904056302,SI,[3 4 1 2 5],48.60000000000002,10,3351.000000000022,0.0,False,4
33,0,4,[3 1 4 2 5],2572.000000000011,0.5028145651148228,0.49718543488517725,0.17176820315587693,SI,[3 4 1 2 5],48.60000000000002,10,3351.000000000022,0.0,False,4
34,0,0,[3 1 4 2 5],2572.000000000011,0.5028145651148228,0.49718543488517725,0.23230076329023686,SI,[4 1 3 2 5],47.09999999999991,10,4091.6000000000167,0.0,False,4
34,0,1,[3 1 4 2 5],2572.000000000011,0.5028145651148228,0.49718543488517725,0.04712712167936994,SI,[3 4 1 2 5],48.60000000000002,10,3351.000000000022,0.0,False,4
34,0,2,[3 1 4 2 5],2572.000000000011,0.5028145651148228,0.49718543488517725,0.6531259733327371,MI,[4 1 3 2 5],47.09999999999991,10,4091.6000000000167,0.0,False,4
34,0,3,[3 1 4 2 5],2572.000000000011,0.5028145651148228,0.49718543488517725,0.49443233903218653,SI,[4 1 3 2 5],47.09999999999991,10,4091.6000000000167,0.0,False,4
34,0,4,[3 1 4 2 5],2572.000000000011,0.5028145651148228,0.49718543488517725,0.26759902396285384,SI,[3 1 4 5 2],65.59999999999997,10,2767.400000000016,0.0,False,4
35,0,0,[3 1 4 2 5],2572.000000000011,0.5028145651148228,0.49718543488517725,0.11239506449547632,SI,[3 4 1 2 5],48.60000000000002,10,3351.000000000022,0.0,False,4
35,0,1,[3 1 4 2 5],2572.000000000011,0.5028145651148228,0.49718543488517725,0.3636623273496903,SI,[4 1 3 2 5],47.09999999999991,10,4091.6000000000167,0.0,False,4
35,0,2,[3 1 4 2 5],2572.000000000011,0.5028145651148228,0.49718543488517725,0.03701981364584184,SI,[4 1 3 2 5],47.09999999999991,10,4091.6000000000167,0.0,False,4
35,0,3,[3 1 4 2 5],2572.000000000011,0.5028145651148228,0.49718543488517725,0.901190746332811,MI,[4 1 3 2 5],47.09999999999991,10,4091.6000000000167,0.0,False,4
35,0,4,[3 1 4 2 5],2572.000000000011,0.5028145651148228,0.49718543488517725,0.0504990029976633,SI,[3 4 1 2 5],48.60000000000002,10,3351.000000000022,0.0,False,4
36,0,0,[3 1 4 2 5],2572.000000000011,0.5028145651148228,0.49718543488517725,0.3486190434511105,SI,[3 1 4 5 2],65.59999999999997,10,2767.400000000016,0.0,False,4
36,0,1,[3 1 4 2 5],2572.000000000011,0.5028145651148228,0.49718543488517725,0.1731612911237579,SI,[4 1 3 2 5],47.09999999999991,10,4091.6000000000167,0.0,False,4
36,0,2,[3 1 4 2 5],2572.000000000011,0.5028145651148228,0.49718543488517725,0.12715828084655245,SI,[3 4 1 2 5],48.60000000000002,10,3351.000000000022,0.0,False,4
36,0,3,[3 1 4 2 5],2572.000000000011,0.5028145651148228,0.49718543488517725,0.8419212018328577,MI,[4 1 3 2 5],47.09999999999991,10,4091.6000000000167,0.0,False,4
36,0,4,[3 1 4 2 5],2572.000000000011,0.5028145651148228,0.49718543488517725,0.6603957295172583,MI,[4 1 3 2 5],47.09999999999991,10,4091.6000000000167,0.0,False,4
37,0,0,[3 1 4 2 5],2572.000000000011,0.5028145651148228,0.49718543488517725,0.8847260397232458,MI,[4 1 3 2 5],47.09999999999991,10,4091.6000000000167,0.0,False,4
37,0,1,[3 1 4 2 5],2572.000000000011,0.5028145651148228,0.49718543488517725,0.6925964207701879,MI,[4 1 3 2 5],47.09999999999991,10,4091.6000000000167,0.0,False,4
37,0,2,[3 1 4 2 5],2572.000000000011,0.5028145651148228,0.49718543488517725,0.19180797721267284,SI,[4 1 3 2 5],47.09999999999991,10,4091.6000000000167,0.0,False,4
37,0,3,[3 1 4 2 5],2572.000000000011,0.5028145651148228,0.49718543488517725,0.0781681374668195,SI,[3 1 4 5 2],65.59999999999997,10,2767.400000000016,0.0,False,4
37,0,4,[3 1 4 2 5],2572.000000000011,0.5028145651148228,0.49718543488517725,0.5322628158046853,MI,[4 1 3 2 5],47.09999999999991,10,4091.6000000000167,0.0,False,4
38,0,0,[3 1 4 2 5],2572.000000000011,0.5028145651148228,0.49718543488517725,0.9812650932492599,MI,[4 1 3 2 5],47.09999999999991,10,4091.6000000000167,0.0,False,4
38,0,1,[3 1 4 2 5],2572.000000000011,0.5028145651148228,0.49718543488517725,0.4339691228376885,SI,[4 1 3 2 5],47.09999999999991,10,4091.6000000000167,0.0,False,4
38,0,2,[3 1 4 2 5],2572.000000000011,0.5028145651148228,0.49718543488517725,0.8168247048733216,MI,[4 1 3 2 5],47.09999999999991,10,4091.6000000000167,0.0,False,4
38,0,3,[3 1 4 2 5],2572.000000000011,0.5028145651148228,0.49718543488517725,0.7117865495723608,MI,[4 1 3 2 5],47.09999999999991,10,4091.6000000000167,0.0,False,4
38,0,4,[3 1 4 2 5],2572.000000000011,0.5028145651148228,0.49718543488517725,0.3601776104407233,SI,[4 1 3 2 5],47.09999999999991,10,4091.6000000000167,0.0,False,4
39,0,0,[3 1 4 2 5],2572.000000000011,0.5028145651148228,0.49718543488517725,0.166066112484896,SI,[3 4 1 2 5],48.60000000000002,10,3351.000000000022,0.0,False,4
39,0,1,[3 1 4 2 5],2572.000000000011,0.5028145651148228,0.49718543488517725,0.34901443223681916,SI,[4 1 3 2 5],47.09999999999991,10,4091.6000000000167,0.0,False,4
39,0,2,[3 1 4 2 5],2572.000000000011,0.5028145651148228,0.49718543488517725,0.3030297586777304,SI,[4 1 3 2 5],47.09999999999991,10,4091.6000000000167,0.0,False,4
39,0,3,[3 1 4 2 5],2572.000000000011,0.5028145651148228,0.49718543488517725,0.6644991622330081,MI,[5 2 4 1 3],115.9,10,4486.500000000022,0.0,False,4
39,0,4,[3 1 4 2 5],2572.000000000011,0.5028145651148228,0.49718543488517725,0.23019618181502932,SI,[4 1 3 2 5],47.09999999999991,10,4091.6000000000167,0.0,False,4
40,0,0,[3 1 4 2 5],2572.000000000011,0.5028145651148228,0.49718543488517725,0.38235342619725965,SI,[4 1 3 2 5],47.09999999999991,10,4091.6000000000167,0.0,False,4
40,0,1,[3 1 4 2 5],2572.000000000011,0.5028145651148228,0.49718543488517725,0.0102773450599416,SI,[3 4 1 2 5],48.60000000000002,10,3351.000000000022,0.0,False,4
40,0,2,[3 1 4 2 5],2572.000000000011,0.5028145651148228,0.49718543488517725,0.2741333851542428,SI,[3 4 1 2 5],48.60000000000002,10,3351.000000000022,0.0,False,4
40,0,3,[3 1 4 2 5],2572.000000000011,0.5028145651148228,0.49718543488517725,0.19191951304625354,SI,[4 1 3 2 5],47.09999999999991,10,4091.6000000000167,0.0,False,4
40,0,4,[3 1 4 2 5],2572.000000000011,0.5028145651148228,0.49718543488517725,0.5498916975149875,MI,[4 1 3 2 5],47.09999999999991,10,4091.6000000000167,0.0,False,4
41,0,0,[3 1 4 2 5],2572.000000000011,0.5028145651148228,0.49718543488517725,0.7396149017816676,MI,[4 1 3 2 5],47.09999999999991,10,4091.6000000000167,0.0,False,4
41,0,1,[3 1 4 2 5],2572.000000000011,0.5028145651148228,0.49718543488517725,0.6551196148523972,MI,[2 4 1 3 5],173.70000000000005,10,4474.800000000007,0.0,False,4
41,0,2,[3 1 4 2 5],2572.000000000011,0.5028145651148228,0.49718543488517725,0.06442996056332462,SI,[3 4 1 2 5],48.60000000000002,10,3351.000000000022,0.0,False,4
41,0,3,[3 1 4 2 5],2572.000000000011,0.5028145651148228,0.49718543488517725,0.5105205155925326,MI,[4 1 3 2 5],47.09999999999991,10,4091.6000000000167,0.0,False,4
41,0,4,[3 1 4 2 5],2572.000000000011,0.5028145651148228,0.49718543488517725,0.18235390985308397,SI,[4 1 3 2 5],47.09999999999991,10,4091.6000000000167,0.0,False,4
42,0,0,[3 1 4 2 5],2572.000000000011,0.5028145651148228,0.49718543488517725,0.029903682682663968,SI,[4 1 3 2 5],47.09999999999991,10,4091.6000000000167,0.0,False,4
42,0,1,[3 1 4 2 5],2572.000000000011,0.5028145651148228,0.49718543488517725,0.6351982933091516,MI,[4 1 3 2 5],47.09999999999991,10,4091.6000000000167,0.0,False,4
42,0,2,[3 1 4 2 5],2572.000000000011,0.5028145651148228,0.49718543488517725,0.38915386028832666,SI,[4 1 3 2 5],47.09999999999991,10,4091.6000000000167,0.0,False,4
42,0,3,[3 1 4 2 5],2572.000000000011,0.5028145651148228,0.49718543488517725,0.08308806464193741,SI,[4 1 3 2 5],47.09999999999991,10,4091.6000000000167,0.0,False,4
42,0,4,[3 1 4 2 5],2572.000000000011,0.5028145651148228,0.49718543488517725,0.3655035463237132,SI,[3 4 1 2 5],48.60000000000002,10,3351.000000000022,0.0,False,4
43,0,0,[3 1 4 2 5],2572.000000000011,0.5028145651148228,0.49718543488517725,0.49314839738966953,SI,[3 1 4 5 2],65.59999999999997,10,2767.400000000016,0.0,False,4
43,0,1,[3 1 4 2 5],2572.000000000011,0.5028145651148228,0.49718543488517725,0.4770023559172665,SI,[4 1 3 2 5],47.09999999999991,10,4091.6000000000167,0.0,False,4
43,0,2,[3 1 4 2 5],2572.000000000011,0.5028145651148228,0.49718543488517725,0.23600529769347367,SI,[3 4 1 2 5],48.60000000000002,10,3351.000000000022,0.0,False,4
43,0,3,[3 1 4 2 5],2572.000000000011,0.5028145651148228,0.49718543488517725,0.013164087849203088,SI,[4 1 3 2 5],47.09999999999991,10,4091.6000000000167,0.0,False,4
43,0,4,[3 1 4 2 5],2572.000000000011,0.5028145651148228,0.49718543488517725,0.23619665664513978,SI,[4 1 3 2 5],47.09999999999991,10,4091.6000000000167,0.0,False,4
44,0,0,[3 1 4 2 5],2572.000000000011,0.5028145651148228,0.49718543488517725,0.26372463364939625,SI,[4 1 3 2 5],47.09999999999991,10,4091.6000000000167,0.0,False,4
44,0,1,[3 1 4 2 5],2572.000000000011,0.5028145651148228,0.49718543488517725,0.7163265525486566,MI,[4 1 3 2 5],47.09999999999991,10,4091.6000000000167,0.0,False,4
44,0,2,[3 1 4 2 5],2572.000000000011,0.5028145651148228,0.49718543488517725,0.9256376847197483,MI,[4 1 3 2 5],47.09999999999991,10,4091.6000000000167,0.0,False,4
44,0,3,[3 1 4 2 5],2572.000000000011,0.5028145651148228,0.49718543488517725,0.32936750193599407,SI,[3 1 4 5 2],65.59999999999997,10,2767.400000000016,0.0,False,4
44,0,4,[3 1 4 2 5],2572.000000000011,0.5028145651148228,0.49718543488517725,0.14876025428184747,SI,[3 1 4 5 2],65.59999999999997,10,2767.400000000016,0.0,False,4
45,0,0,[3 1 4 2 5],2572.000000000011,0.5028145651148228,0.49718543488517725,0.8325194765282824,MI,[4 1 3 2 5],47.09999999999991,10,4091.6000000000167,0.0,False,4
45,0,1,[3 1 4 2 5],2572.000000000011,0.5028145651148228,0.49718543488517725,0.4437908983790856,SI,[4 1 3 2 5],47.09999999999991,10,4091.6000000000167,0.0,False,4
45,0,2,[3 1 4 2 5],2572.000000000011,0.5028145651148228,0.49718543488517725,0.2729439066369248,SI,[2 4 1 3 5],173.70000000000005,10,4474.800000000007,0.0,False,4
45,0,3,[3 1 4 2 5],2572.000000000011,0.5028145651148228,0.49718543488517725,0.8082395244752699,MI,[4 1 3 2 5],47.09999999999991,10,4091.6000000000167,0.0,False,4
45,0,4,[3 1 4 2 5],2572.000000000011,0.5028145651148228,0.49718543488517725,0.9813922054937543,MI,[4 1 3 2 5],47.09999999999991,10,4091.6000000000167,0.0,False,4
46,0,0,[3 1 4 2 5],2572.000000000011,0.5028145651148228,0.49718543488517725,0.31752777640709295,SI,[4 1 3 2 5],47.09999999999991,10,4091.6000000000167,0.0,False,4
46,0,1,[3 1 4 2 5],2572.000000000011,0.5028145651148228,0.49718543488517725,0.07883519259686345,SI,[2 4 1 3 5],173.70000000000005,10,4474.800000000007,0.0,False,4
46,0,2,[3 1 4 2 5],2572.000000000011,0.5028145651148228,0.49718543488517725,0.32794567397681307,SI,[3 1 4 5 2],65.59999999999997,10,2767.400000000016,0.0,False,4
46,0,3,[3 1 4 2 5],2572.000000000011,0.5028145651148228,0.49718543488517725,0.4148021743914677,SI,[4 1 3 2 5],47.09999999999991,10,4091.6000000000167,0.0,False,4
46,0,4,[3 1 4 2 5],2572.000000000011,0.5028145651148228,0.49718543488517725,0.6619117060307562,MI,[4 1 3 2 5],47.09999999999991,10,4091.6000000000167,0.0,False,4
47,0,0,[3 1 4 2 5],2572.000000000011,0.5028145651148228,0.49718543488517725,0.27419386863757933,SI,[4 1 3 2 5],47.09999999999991,10,4091.6000000000167,0.0,False,4
47,0,1,[3 1 4 2 5],2572.000000000011,0.5028145651148228,0.49718543488517725,0.12662570726233346,SI,[4 1 3 2 5],47.09999999999991,10,4091.6000000000167,0.0,False,4
47,0,2,[3 1 4 2 5],2572.000000000011,0.5028145651148228,0.49718543488517725,0.687957659461324,MI,[4 1 3 2 5],47.09999999999991,10,4091.6000000000167,0.0,False,4
47,0,3,[3 1 4 2 5],2572.000000000011,0.5028145651148228,0.49718543488517725,0.18996270646422786,SI,[4 1 3 2 5],47.09999999999991,10,4091.6000000000167,0.0,False,4
47,0,4,[3 1 4 2 5],2572.000000000011,0.5028145651148228,0.49718543488517725,0.34427786843133834,SI,[3 1 4 5 2],65.59999999999997,10,2767.400000000016,0.0,False,4
48,0,0,[3 1 4 2 5],2572.000000000011,0.5028145651148228,0.49718543488517725,0.7625942842261888,MI,[4 1 3 2 5],47.09999999999991,10,4091.6000000000167,0.0,False,4
48,0,1,[3 1 4 2 5],2572.000000000011,0.5028145651148228,0.49718543488517725,0.2380432958673666,SI,[4 1 3 2 5],47.09999999999991,10,4091.6000000000167,0.0,False,4
48,0,2,[3 1 4 2 5],2572.000000000011,0.5028145651148228,0.49718543488517725,0.3184865079711705,SI,[1 3 4 2 5],112.69999999999999,10,3566.5000000000255,0.0,False,4
48,0,3,[3 1 4 2 5],2572.000000000011,0.5028145651148228,0.49718543488517725,0.4373897812193952,SI,[4 1 3 2 5],47.09999999999991,10,4091.6000000000167,0.0,False,4
48,0,4,[3 1 4 2 5],2572.000000000011,0.5028145651148228,0.49718543488517725,0.6464969211459197,MI,[4 1 3 2 5],47.09999999999991,10,4091.6000000000167,0.0,False,4
49,0,0,[3 1 4 2 5],2572.000000000011,0.5028145651148228,0.49718543488517725,0.62729545944687,MI,[4 1 3 2 5],47.09999999999991,10,4091.6000000000167,0.0,False,4
49,0,1,[3 1 4 2 5],2572.000000000011,0.5028145651148228,0.49718543488517725,0.08608294505907843,SI,[4 1 3 2 5],47.09999999999991,10,4091.6000000000167,0.0,False,4
49,0,2,[3 1 4 2 5],2572.000000000011,0.5028145651148228,0.49718543488517725,0.46976379681735947,SI,[3 4 1 2 5],48.60000000000002,10,3351.000000000022,0.0,False,4
49,0,3,[3 1 4 2 5],2572.000000000011,0.5028145651148228,0.49718543488517725,0.2500671603866159,SI,[3 4 1 2 5],48.60000000000002,10,3351.000000000022,0.0,False,4
49,0,4,[3 1 4 2 5],2572.000000000011,0.5028145651148228,0.49718543488517725,0.18347515627767996,SI,[4 1 3 2 5],47.09999999999991,10,4091.6000000000167,0.0,False,4
50,0,0,[3 1 4 2 5],2572.000000000011,0.5028145651148228,0.49718543488517725,0.24354466895048332,SI,[3 4 1 2 5],48.60000000000002,10,3351.000000000022,0.0,False,4
50,0,1,[3 1 4 2 5],2572.000000000011,0.5028145651148228,0.49718543488517725,0.307829941885553,SI,[4 1 3 2 5],47.09999999999991,10,4091.6000000000167,0.0,False,4
50,0,2,[3 1 4 2 5],2572.000000000011,0.5028145651148228,0.49718543488517725,0.3508070371913512,SI,[4 1 3 2 5],47.09999999999991,10,4091.6000000000167,0.0,False,4
50,0,3,[3 1 4 2 5],2572.000000000011,0.5028145651148228,0.49718543488517725,0.5644513732129853,MI,[4 1 3 2 5],47.09999999999991,10,4091.6000000000167,0.0,False,4
50,0,4,[3 1 4 2 5],2572.000000000011,0.5028145651148228,0.49718543488517725,0.9067868707504371,MI,[4 1 3 2 5],47.09999999999991,10,4091.6000000000167,0.0,False,4
51,0,0,[3 1 4 2 5],2572.000000000011,0.5028145651148228,0.49718543488517725,0.3120424615785182,SI,[4 1 3 2 5],47.09999999999991,10,4091.6000000000167,0.0,False,4
51,0,1,[3 1 4 2 5],2572.000000000011,0.5028145651148228,0.49718543488517725,0.4647235989162164,SI,[4 1 3 2 5],47.09999999999991,10,4091.6000000000167,0.0,False,4
51,0,2,[3 1 4 2 5],2572.000000000011,0.5028145651148228,0.49718543488517725,0.8370627579738299,MI,[4 1 3 2 5],47.09999999999991,10,4091.6000000000167,0.0,False,4
51,0,3,[3 1 4 2 5],2572.000000000011,0.5028145651148228,0.49718543488517725,0.3380776838907247,SI,[4 1 3 2 5],47.09999999999991,10,4091.6000000000167,0.0,False,4
51,0,4,[3 1 4 2 5],2572.000000000011,0.5028145651148228,0.49718543488517725,0.18927337378531062,SI,[3 1 4 5 2],65.59999999999997,10,2767.400000000016,0.0,False,4
0,13,0,[1 2 3 4 5],1371.8999999999287,0.5,0.5,0.27650819525154635,SI,[1 3 2 4 5],12.899999999999977,10,1365.1999999999716,0.004883737881738771,True,5
0,13,1,[1 3 2 4 5],1365.1999999999716,0.5,0.5,0.17989516930937677,SI,[2 3 1 4 5],-13.899999999999977,10,1394.0000000000218,0.0,False,5
0,13,2,[1 3 2 4 5],1365.1999999999716,0.5,0.5,0.4587876149661214,SI,[2 3 1 4 5],-13.899999999999977,10,1394.0000000000218,0.0,False,5
0,13,3,[1 3 2 4 5],1365.1999999999716,0.5,0.5,0.26805223797178723,SI,[3 1 2 4 5],-26.80000000000001,10,1423.5,0.0,False,5
0,13,4,[1 3 2 4 5],1365.1999999999716,0.5,0.5,0.08096825340363001,SI,[2 3 1 4 5],-13.899999999999977,10,1394.0000000000218,0.0,False,5
1,0,0,[1 3 2 4 5],1365.1999999999716,0.5002440676978207,0.49975593230217913,0.44287448268986584,SI,[3 1 2 4 5],-26.80000000000001,10,1423.5,0.0,False,5
1,0,1,[1 3 2 4 5],1365.1999999999716,0.5002440676978207,0.49975593230217913,0.5422015178382038,MI,[5 4 2 3 1],14.100000000000023,10,2617.699999999946,0.0,False,5
1,0,2,[1 3 2 4 5],1365.1999999999716,0.5002440676978207,0.49975593230217913,0.8205105171118521,MI,[2 3 1 4 5],-13.899999999999977,10,1394.0000000000218,0.0,False,5
1,0,3,[1 3 2 4 5],1365.1999999999716,0.5002440676978207,0.49975593230217913,0.09196154816652768,SI,[1 2 3 4 5],-12.899999999999977,10,1371.8999999999287,0.0,False,5
1,0,4,[1 3 2 4 5],1365.1999999999716,0.5002440676978207,0.49975593230217913,0.23518239932020235,SI,[5 4 2 3 1],14.100000000000023,10,2617.699999999946,0.0,False,5
2,0,0,[2 1 3 4 5],1342.799999999981,0.5002440676978208,0.49975593230217924,0.6700375401719412,MI,[5 4 3 1 2],9.099999999999994,10,2656.499999999949,0.0,False,5
2,0,1,[2 1 3 4 5],1342.799999999981,0.5002440676978208,0.49975593230217924,0.2599395131492007,SI,[2 3 1 4 5],27.599999999999994,10,1394.0000000000218,0.0,False,5
2,0,2,[2 1 3 4 5],1342.799999999981,0.5002440676978208,0.49975593230217924,0.3375831018736365,SI,[3 1 2 4 5],11.5,10,1423.5,0.0,False,5
2,0,3,[2 1 3 4 5],1342.799999999981,0.5002440676978208,0.49975593230217924,0.07857118998827683,SI,[5 4 3 1 2],9.099999999999994,10,2656.499999999949,0.0,False,5
2,0,4,[2 1 3 4 5],1342.799999999981,0.5002440676978208,0.49975593230217924,0.16924103050303563,SI,[5 4 3 1 2],9.099999999999994,10,2656.499999999949,0.0,False,5
3,0,0,[2 1 3 4 5],1342.799999999981,0.5002440676978208,0.49975593230217924,0.4152264946912899,SI,[5 4 3 1 2],9.099999999999994,10,2656.499999999949,0.0,False,5
3,0,1,[2 1 3 4 5],1342.799999999981,0.5002440676978208,0.49975593230217924,0.4526090943770301,SI,[5 4 3 1 2],9.099999999999994,10,2656.499999999949,0.0,False,5
3,0,2,[2 1 3 4 5],1342.799999999981,0.5002440676978208,0.49975593230217924,0.5841689053005712,MI,[5 4 3 1 2],9.099999999999994,10,2656.499999999949,0.0,False,5
3,0,3,[2 1 3 4 5],1342.799999999981,0.5002440676978208,0.49975593230217924,0.3450163445924349,SI,[3 1 2 4 5],11.5,10,1423.5,0.0,False,5
3,0,4,[2 1 3 4 5],1342.799999999981,0.5002440676978208,0.49975593230217924,0.2761196511011259,SI,[3 1 2 4 5],11.5,10,1423.5,0.0,False,5
4,0,0,[2 1 3 4 5],1342.799999999981,0.5002440676978208,0.49975593230217924,0.9319489173834904,MI,[5 4 3 1 2],9.099999999999994,10,2656.499999999949,0.0,False,5
4,0,1,[2 1 3 4 5],1342.799999999981,0.5002440676978208,0.49975593230217924,0.3742405000904637,SI,[3 1 2 4 5],11.5,10,1423.5,0.0,False,5
4,0,2,[2 1 3 4 5],1342.799999999981,0.5002440676978208,0.49975593230217924,0.4065036047659183,SI,[3 1 2 4 5],11.5,10,1423.5,0.0,False,5
4,0,3,[2 1 3 4 5],1342.799999999981,0.5002440676978208,0.49975593230217924,0.7988858075462921,MI,[5 4 3 1 2],9.099999999999994,10,2656.499999999949,0.0,False,5
4,0,4,[2 1 3 4 5],1342.799999999981,0.5002440676978208,0.49975593230217924,0.8013675354150517,MI,[5 4 3 1 2],9.099999999999994,10,2656.499999999949,0.0,False,5
5,0,0,[2 1 3 4 5],1342.799999999981,0.5002440676978208,0.49975593230217924,0.10689370855662061,SI,[5 4 3 1 2],9.099999999999994,10,2656.499999999949,0.0,False,5
5,0,1,[2 1 3 4 5],1342.799999999981,0.5002440676978208,0.49975593230217924,0.5753953634225282,MI,[5 4 3 1 2],9.099999999999994,10,2656.499999999949,0.0,False,5
5,0,2,[2 1 3 4 5],1342.799999999981,0.5002440676978208,0.49975593230217924,0.4072142197846983,SI,[5 4 3 1 2],9.099999999999994,10,2656.499999999949,0.0,False,5
5,0,3,[2 1 3 4 5],1342.799999999981,0.5002440676978208,0.49975593230217924,0.6572971749997454,MI,[3 1 2 4 5],11.5,10,1423.5,0.0,False,5
5,0,4,[2 1 3 4 5],1342.799999999981,0.5002440676978208,0.49975593230217924,0.6862786476008365,MI,[5 4 3 1 2],9.099999999999994,10,2656.499999999949,0.0,False,5
6,0,0,[2 1 3 4 5],1342.799999999981,0.5002440676978208,0.49975593230217924,0.7099254837907875,MI,[3 1 2 4 5],11.5,10,1423.5,0.0,False,5
6,0,1,[2 1 3 4 5],1342.799999999981,0.5002440676978208,0.49975593230217924,0.957570757842557,MI,[3 1 2 4 5],11.5,10,1423.5,0.0,False,5
6,0,2,[2 1 3 4 5],1342.799999999981,0.5002440676978208,0.49975593230217924,0.6893518879536883,MI,[3 1 2 4 5],11.5,10,1423.5,0.0,False,5
6,0,3,[2 1 3 4 5],1342.799999999981,0.5002440676978208,0.49975593230217924,0.8964811005482866,MI,[5 4 3 1 2],9.099999999999994,10,2656.499999999949,0.0,False,5
6,0,4,[2 1 3 4 5],1342.799999999981,0.5002440676978208,0.49975593230217924,0.4967115235201788,SI,[5 4 3 1 2],9.099999999999994,10,2656.499999999949,0.0,False,5
7,0,0,[2 1 3 4 5],1342.799999999981,0.5002440676978208,0.49975593230217924,0.6095195319486649,MI,[5 4 3 1 2],9.099999999999994,10,2656.499999999949,0.0,False,5
7,0,1,[2 1 3 4 5],1342.799999999981,0.5002440676978208,0.49975593230217924,0.6519853824731003,MI,[5 4 3 1 2],9.099999999999994,10,2656.499999999949,0.0,False,5
7,0,2,[2 1 3 4 5],1342.799999999981,0.5002440676978208,0.49975593230217924,0.6791588572308268,MI,[5 4 3 1 2],9.099999999999994,10,2656.499999999949,0.0,False,5
7,0,3,[2 1 3 4 5],1342.799999999981,0.5002440676978208,0.49975593230217924,0.06311050496522719,SI,[5 4 3 1 2],9.099999999999994,10,2656.499999999949,0.0,False,5
7,0,4,[2 1 3 4 5],1342.799999999981,0.5002440676978208,0.49975593230217924,0.1641066589641843,SI,[5 4 3 1 2],9.099999999999994,10,2656.499999999949,0.0,False,5
8,0,0,[2 1 3 4 5],1342.799999999981,0.5002440676978208,0.49975593230217924,0.4797211697525877,SI,[5 4 3 1 2],9.099999999999994,10,2656.499999999949,0.0,False,5
8,0,1,[2 1 3 4 5],1342.799999999981,0.5002440676978208,0.49975593230217924,0.5162962217426987,MI,[3 1 2 4 5],11.5,10,1423.5,0.0,False,5
8,0,2,[2 1 3 4 5],1342.799999999981,0.5002440676978208,0.49975593230217924,0.2641732156975035,SI,[5 4 3 1 2],9.099999999999994,10,2656.499999999949,0.0,False,5
8,0,3,[2 1 3 4 5],1342.799999999981,0.5002440676978208,0.49975593230217924,0.9832955770922408,MI,[5 4 3 1 2],9.099999999999994,10,2656.499999999949,0.0,False,5
8,0,4,[2 1 3 4 5],1342.799999999981,0.5002440676978208,0.49975593230217924,0.2659493218073862,SI,[5 4 3 1 2],9.099999999999994,10,2656.499999999949,0.0,False,5
9,0,0,[2 1 3 4 5],1342.799999999981,0.5002440676978208,0.49975593230217924,0.18716771985991576,SI,[5 4 3 1 2],9.099999999999994,10,2656.499999999949,0.0,False,5
9,0,1,[2 1 3 4 5],1342.799999999981,0.5002440676978208,0.49975593230217924,0.10639531037969652,SI,[2 1 3 5 4],13.300000000000011,10,1465.299999999992,0.0,False,5
9,0,2,[2 1 3 4 5],1342.799999999981,0.5002440676978208,0.49975593230217924,0.27119872849425053,SI,[5 4 3 1 2],9.099999999999994,10,2656.499999999949,0.0,False,5
9,0,3,[2 1 3 4 5],1342.799999999981,0.5002440676978208,0.49975593230217924,0.37465723857849464,SI,[3 1 2 4 5],11.5,10,1423.5,0.0,False,5
9,0,4,[2 1 3 4 5],1342.799999999981,0.5002440676978208,0.49975593230217924,0.5954917565435813,MI,[5 4 3 1 2],9.099999999999994,10,2656.499999999949,0.0,False,5
10,0,0,[2 1 3 4 5],1342.799999999981,0.5002440676978208,0.49975593230217924,0.2770911271105543,SI,[5 4 3 1 2],9.099999999999994,10,2656.499999999949,0.0,False,5
10,0,1,[2 1 3 4 5],1342.799999999981,0.5002440676978208,0.49975593230217924,0.7377711583638513,MI,[5 4 3 1 2],9.099999999999994,10,2656.499999999949,0.0,False,5
10,0,2,[2 1 3 4 5],1342.799999999981,0.5002440676978208,0.49975593230217924,0.9153852463612422,MI,[3 1 2 4 5],11.5,10,1423.5,0.0,False,5
10,0,3,[2 1 3 4 5],1342.799999999981,0.5002440676978208,0.49975593230217924,0.6581368712880797,MI,[5 4 3 1 2],9.099999999999994,10,2656.499999999949,0.0,False,5
10,0,4,[2 1 3 4 5],1342.799999999981,0.5002440676978208,0.49975593230217924,0.7199164646581973,MI,[5 4 3 1 2],9.099999999999994,10,2656.499999999949,0.0,False,5
11,0,0,[2 1 3 4 5],1342.799999999981,0.5002440676978208,0.49975593230217924,0.10357519050900599,SI,[3 1 2 4 5],11.5,10,1423.5,0.0,False,5
11,0,1,[2 1 3 4 5],1342.799999999981,0.5002440676978208,0.49975593230217924,0.8168416579984369,MI,[5 4 3 1 2],9.099999999999994,10,2656.499999999949,0.0,False,5
11,0,2,[2 1 3 4 5],1342.799999999981,0.5002440676978208,0.49975593230217924,0.09957172266940784,SI,[5 4 3 1 2],9.099999999999994,10,2656.499999999949,0.0,False,5
11,0,3,[2 1 3 4 5],1342.799999999981,0.5002440676978208,0.49975593230217924,0.4447247712120267,SI,[5 4 3 1 2],9.099999999999994,10,2656.499999999949,0.0,False,5
11,0,4,[2 1 3 4 5],1342.799999999981,0.5002440676978208,0.49975593230217924,0.0956698339832378,SI,[5 4 3 1 2],9.099999999999994,10,2656.499999999949,0.0,False,5
12,0,0,[2 1 3 4 5],1342.799999999981,0.5002440676978208,0.49975593230217924,0.12212291815099618,SI,[5 4 3 1 2],9.099999999999994,10,2656.499999999949,0.0,False,5
12,0,1,[2 1 3 4 5],1342.799999999981,0.5002440676978208,0.49975593230217924,0.4148967361120216,SI,[5 4 3 1 2],9.099999999999994,10,2656.499999999949,0.0,False,5
12,0,2,[2 1 3 4 5],1342.799999999981,0.5002440676978208,0.49975593230217924,0.28917052511429053,SI,[2 3 1 4 5],27.599999999999994,10,1394.0000000000218,0.0,False,5
12,0,3,[2 1 3 4 5],1342.799999999981,0.5002440676978208,0.49975593230217924,0.5445718545359983,MI,[5 4 3 1 2],9.099999999999994,10,2656.499999999949,0.0,False,5
12,0,4,[2 1 3 4 5],1342.799999999981,0.5002440676978208,0.49975593230217924,0.8535292544304626,MI,[5 4 3 1 2],9.099999999999994,10,2656.499999999949,0.0,False,5
13,0,0,[2 1 3 4 5],1342.799999999981,0.5002440676978208,0.49975593230217924,0.7484224806853992,MI,[3 1 2 4 5],11.5,10,1423.5,0.0,False,5
13,0,1,[2 1 3 4 5],1342.799999999981,0.5002440676978208,0.49975593230217924,0.9076888439745853,MI,[5 4 3 1 2],9.099999999999994,10,2656.499999999949,0.0,False,5
13,0,2,[2 1 3 4 5],1342.799999999981,0.5002440676978208,0.49975593230217924,0.4835858472979059,SI,[5 4 3 1 2],9.099999999999994,10,2656.499999999949,0.0,False,5
13,0,3,[2 1 3 4 5],1342.799999999981,0.5002440676978208,0.49975593230217924,0.5410890328733939,MI,[2 1 5 4 3],96.29999999999998,10,2015.8999999999796,0.0,False,5
13,0,4,[2 1 3 4 5],1342.799999999981,0.5002440676978208,0.49975593230217924,0.6553523144024629,MI,[5 4 3 1 2],9.099999999999994,10,2656.499999999949,0.0,False,5
14,0,0,[2 1 3 4 5],1342.799999999981,0.5002440676978208,0.49975593230217924,0.9188506059649769,MI,[5 4 3 1 2],9.099999999999994,10,2656.499999999949,0.0,False,5
14,0,1,[2 1 3 4 5],1342.799999999981,0.5002440676978208,0.49975593230217924,0.3678555055633179,SI,[2 3 1 4 5],27.599999999999994,10,1394.0000000000218,0.0,False,5
14,0,2,[2 1 3 4 5],1342.799999999981,0.5002440676978208,0.49975593230217924,0.5127553383598835,MI,[5 4 3 1 2],9.099999999999994,10,2656.499999999949,0.0,False,5
14,0,3,[2 1 3 4 5],1342.799999999981,0.5002440676978208,0.49975593230217924,0.7233998308530881,MI,[3 1 2 4 5],11.5,10,1423.5,0.0,False,5
14,0,4,[2 1 3 4 5],1342.799999999981,0.5002440676978208,0.49975593230217924,0.027529052433292844,SI,[5 4 3 1 2],9.099999999999994,10,2656.499999999949,0.0,False,5
15,0,0,[2 1 3 4 5],1342.799999999981,0.5002440676978208,0.49975593230217924,0.4467265317171192,SI,[5 4 3 1 2],9.099999999999994,10,2656.499999999949,0.0,False,5
15,0,1,[2 1 3 4 5],1342.799999999981,0.5002440676978208,0.49975593230217924,0.1842341553722333,SI,[3 1 2 4 5],11.5,10,1423.5,0.0,False,5
15,0,2,[2 1 3 4 5],1342.799999999981,0.5002440676978208,0.49975593230217924,0.4230674185523903,SI,[5 4 3 1 2],9.099999999999994,10,2656.499999999949,0.0,False,5
15,0,3,[2 1 3 4 5],1342.799999999981,0.5002440676978208,0.49975593230217924,0.9578177558905472,MI,[3 1 2 4 5],11.5,10,1423.5,0.0,False,5
15,0,4,[2 1 3 4 5],1342.799999999981,0.5002440676978208,0.49975593230217924,0.13036040805398652,SI,[2 3 1 4 5],27.599999999999994,10,1394.0000000000218,0.0,False,5
16,0,0,[2 1 3 4 5],1342.799999999981,0.5002440676978208,0.49975593230217924,0.9088604676336292,MI,[3 1 2 4 5],11.5,10,1423.5,0.0,False,5
16,0,1,[2 1 3 4 5],1342.799999999981,0.5002440676978208,0.49975593230217924,0.5687794606413588,MI,[5 4 3 1 2],9.099999999999994,10,2656.499999999949,0.0,False,5
16,0,2,[2 1 3 4 5],1342.799999999981,0.5002440676978208,0.49975593230217924,0.2682451221726696,SI,[5 4 3 1 2],9.099999999999994,10,2656.499999999949,0.0,False,5
16,0,3,[2 1 3 4 5],1342.799999999981,0.5002440676978208,0.49975593230217924,0.10876442598792402,SI,[5 4 3 1 2],9.099999999999994,10,2656.499999999949,0.0,False,5
16,0,4,[2 1 3 4 5],1342.799999999981,0.5002440676978208,0.49975593230217924,0.9332745912332172,MI,[5 4 3 1 2],9.099999999999994,10,2656.499999999949,0.0,False,5
17,0,0,[2 1 3 4 5],1342.799999999981,0.5002440676978208,0.49975593230217924,0.39703424945741006,SI,[5 4 3 1 2],9.099999999999994,10,2656.499999999949,0.0,False,5
17,0,1,[2 1 3 4 5],1342.799999999981,0.5002440676978208,0.49975593230217924,0.4069148017841564,SI,[5 4 3 1 2],9.099999999999994,10,2656.499999999949,0.0,False,5
17,0,2,[2 1 3 4 5],1342.799999999981,0.5002440676978208,0.49975593230217924,0.8988741774812358,MI,[3 1 2 4 5],11.5,10,1423.5,0.0,False,5
17,0,3,[2 1 3 4 5],1342.799999999981,0.5002440676978208,0.49975593230217924,0.1012645018287398,SI,[5 4 3 1 2],9.099999999999994,10,2656.499999999949,0.0,False,5
17,0,4,[2 1 3 4 5],1342.799999999981,0.5002440676978208,0.49975593230217924,0.1729839272245982,SI,[2 3 1 4 5],27.599999999999994,10,1394.0000000000218,0.0,False,5
18,0,0,[2 1 3 4 5],1342.799999999981,0.5002440676978208,0.49975593230217924,0.005531346872223231,SI,[3 1 2 4 5],11.5,10,1423.5,0.0,False,5
18,0,1,[2 1 3 4 5],1342.799999999981,0.5002440676978208,0.49975593230217924,0.4777157146470258,SI,[5 4 3 1 2],9.099999999999994,10,2656.499999999949,0.0,False,5
18,0,2,[2 1 3 4 5],1342.799999999981,0.5002440676978208,0.49975593230217924,0.9550205549889934,MI,[3 1 2 4 5],11.5,10,1423.5,0.0,False,5
18,0,3,[2 1 3 4 5],1342.799999999981,0.5002440676978208,0.49975593230217924,0.6704928940639204,MI,[3 1 2 4 5],11.5,10,1423.5,0.0,False,5
18,0,4,[2 1 3 4 5],1342.799999999981,0.5002440676978208,0.49975593230217924,0.3723531580555538,SI,[5 4 3 1 2],9.099999999999994,10,2656.499999999949,0.0,False,5
19,0,0,[2 1 3 4 5],1342.799999999981,0.5002440676978208,0.49975593230217924,0.32142113805758776,SI,[3 1 2 4 5],11.5,10,1423.5,0.0,False,5
19,0,1,[2 1 3 4 5],1342.799999999981,0.5002440676978208,0.49975593230217924,0.001838063729266759,SI,[2 1 3 5 4],13.300000000000011,10,1465.299999999992,0.0,False,5
19,0,2,[2 1 3 4 5],1342.799999999981,0.5002440676978208,0.49975593230217924,0.013895444275839663,SI,[3 1 2 4 5],11.5,10,1423.5,0.0,False,5
19,0,3,[2 1 3 4 5],1342.799999999981,0.5002440676978208,0.49975593230217924,0.6114022934055487,MI,[5 4 3 1 2],9.099999999999994,10,2656.499999999949,0.0,False,5
19,0,4,[2 1 3 4 5],1342.799999999981,0.5002440676978208,0.49975593230217924,0.595765777647509,MI,[5 4 3 1 2],9.099999999999994,10,2656.499999999949,0.0,False,5
20,0,0,[2 1 3 4 5],1342.799999999981,0.5002440676978208,0.49975593230217924,0.18358350130090928,SI,[5 4 3 1 2],9.099999999999994,10,2656.499999999949,0.0,False,5
20,0,1,[2 1 3 4 5],1342.799999999981,0.5002440676978208,0.49975593230217924,0.5899193484497094,MI,[5 4 3 1 2],9.099999999999994,10,2656.499999999949,0.0,False,5
20,0,2,[2 1 3 4 5],1342.799999999981,0.5002440676978208,0.49975593230217924,0.6706093495948113,MI,[5 4 3 1 2],9.099999999999994,10,2656.499999999949,0.0,False,5
20,0,3,[2 1 3 4 5],1342.799999999981,0.5002440676978208,0.49975593230217924,0.5508891861580513,MI,[5 4 3 1 2],9.099999999999994,10,2656.499999999949,0.0,False,5
20,0,4,[2 1 3 4 5],1342.799999999981,0.5002440676978208,0.49975593230217924,0.24962128869740674,SI,[5 4 3 1 2],9.099999999999994,10,2656.499999999949,0.0,False,5
21,0,0,[2 1 3 4 5],1342.799999999981,0.5002440676978208,0.49975593230217924,0.5911780266545235,MI,[5 4 3 1 2],9.099999999999994,10,2656.499999999949,0.0,False,5
21,0,1,[2 1 3 4 5],1342.799999999981,0.5002440676978208,0.49975593230217924,0.0976647126714949,SI,[1 2 3 4 5],32.0,10,1371.8999999999287,0.0,False,5
21,0,2,[2 1 3 4 5],1342.799999999981,0.5002440676978208,0.49975593230217924,0.4853674777236915,SI,[5 4 3 1 2],9.099999999999994,10,2656.499999999949,0.0,False,5
21,0,3,[2 1 3 4 5],1342.799999999981,0.5002440676978208,0.49975593230217924,0.7314755032332024,MI,[5 4 3 1 2],9.099999999999994,10,2656.499999999949,0.0,False,5
21,0,4,[2 1 3 4 5],1342.799999999981,0.5002440676978208,0.49975593230217924,0.18212320357182665,SI,[5 4 3 1 2],9.099999999999994,10,2656.499999999949,0.0,False,5
22,0,0,[2 1 3 4 5],1342.799999999981,0.5002440676978208,0.49975593230217924,0.6597942043894331,MI,[5 4 3 1 2],9.099999999999994,10,2656.499999999949,0.0,False,5
22,0,1,[2 1 3 4 5],1342.799999999981,0.5002440676978208,0.49975593230217924,0.643217045313408,MI,[3 1 2 4 5],11.5,10,1423.5,0.0,False,5
22,0,2,[2 1 3 4 5],1342.799999999981,0.5002440676978208,0.49975593230217924,0.35912067288701244,SI,[5 4 3 1 2],9.099999999999994,10,2656.499999999949,0.0,False,5
22,0,3,[2 1 3 4 5],1342.799999999981,0.5002440676978208,0.49975593230217924,0.17848506945715414,SI,[2 1 3 5 4],13.300000000000011,10,1465.299999999992,0.0,False,5
22,0,4,[2 1 3 4 5],1342.799999999981,0.5002440676978208,0.49975593230217924,0.7064403127833192,MI,[5 4 3 1 2],9.099999999999994,10,2656.499999999949,0.0,False,5
23,0,0,[2 1 3 4 5],1342.799999999981,0.5002440676978208,0.49975593230217924,0.2518664555985609,SI,[3 1 2 4 5],11.5,10,1423.5,0.0,False,5
23,0,1,[2 1 3 4 5],1342.799999999981,0.5002440676978208,0.49975593230217924,0.22140535778767534,SI,[3 1 2 4 5],11.5,10,1423.5,0.0,False,5
23,0,2,[2 1 3 4 5],1342.799999999981,0.5002440676978208,0.49975593230217924,0.9278760293408482,MI,[3 1 2 4 5],11.5,10,1423.5,0.0,False,5
23,0,3,[2 1 3 4 5],1342.799999999981,0.5002440676978208,0.49975593230217924,0.8561111956460182,MI,[3 1 2 4 5],11.5,10,1423.5,0.0,False,5
23,0,4,[2 1 3 4 5],1342.799999999981,0.5002440676978208,0.49975593230217924,0.20971833565681053,SI,[5 4 3 1 2],9.099999999999994,10,2656.499999999949,0.0,False,5
24,0,0,[2 1 3 4 5],1342.799999999981,0.5002440676978208,0.49975593230217924,0.32061060985997347,SI,[3 1 2 4 5],11.5,10,1423.5,0.0,False,5
24,0,1,[2 1 3 4 5],1342.799999999981,0.5002440676978208,0.49975593230217924,0.6416134358665624,MI,[5 4 3 1 2],9.099999999999994,10,2656.499999999949,0.0,False,5
24,0,2,[2 1 3 4 5],1342.799999999981,0.5002440676978208,0.49975593230217924,0.8151895333578605,MI,[5 4 3 1 2],9.099999999999994,10,2656.499999999949,0.0,False,5
24,0,3,[2 1 3 4 5],1342.799999999981,0.5002440676978208,0.49975593230217924,0.6648588740956118,MI,[5 4 3 1 2],9.099999999999994,10,2656.499999999949,0.0,False,5
24,0,4,[2 1 3 4 5],1342.799999999981,0.5002440676978208,0.49975593230217924,0.6796033482880648,MI,[5 4 3 1 2],9.099999999999994,10,2656.499999999949,0.0,False,5
25,0,0,[2 1 3 4 5],1342.799999999981,0.5002440676978208,0.49975593230217924,0.5448811713482781,MI,[5 4 3 1 2],9.099999999999994,10,2656.499999999949,0.0,False,5
25,0,1,[2 1 3 4 5],1342.799999999981,0.5002440676978208,0.49975593230217924,0.3527673140248422,SI,[5 4 3 1 2],9.099999999999994,10,2656.499999999949,0.0,False,5
25,0,2,[2 1 3 4 5],1342.799999999981,0.5002440676978208,0.49975593230217924,0.29813924130727754,SI,[5 4 3 1 2],9.099999999999994,10,2656.499999999949,0.0,False,5
25,0,3,[2 1 3 4 5],1342.799999999981,0.5002440676978208,0.49975593230217924,0.0005565164954728363,SI,[3 1 2 4 5],11.5,10,1423.5,0.0,False,5
25,0,4,[2 1 3 4 5],1342.799999999981,0.5002440676978208,0.49975593230217924,0.7857733041706514,MI,[5 4 3 1 2],9.099999999999994,10,2656.499999999949,0.0,False,5
26,0,0,[2 1 3 4 5],1342.799999999981,0.5002440676978208,0.49975593230217924,0.8344109238287907,MI,[5 4 3 1 2],9.099999999999994,10,2656.499999999949,0.0,False,5
26,0,1,[2 1 3 4 5],1342.799999999981,0.5002440676978208,0.49975593230217924,0.7757534217735192,MI,[5 4 3 1 2],9.099999999999994,10,2656.499999999949,0.0,False,5
26,0,2,[2 1 3 4 5],1342.799999999981,0.5002440676978208,0.49975593230217924,0.18504224741861386,SI,[5 4 3 1 2],9.099999999999994,10,2656.499999999949,0.0,False,5
26,0,3,[2 1 3 4 5],1342.799999999981,0.5002440676978208,0.49975593230217924,0.5757402153344087,MI,[3 1 2 4 5],11.5,10,1423.5,0.0,False,5
26,0,4,[2 1 3 4 5],1342.799999999981,0.5002440676978208,0.49975593230217924,0.36903953638128106,SI,[1 2 3 4 5],32.0,10,1371.8999999999287,0.0,False,5
27,0,0,[2 1 3 4 5],1342.799999999981,0.5002440676978208,0.49975593230217924,0.3838255007398669,SI,[5 4 3 1 2],9.099999999999994,10,2656.499999999949,0.0,False,5
27,0,1,[2 1 3 4 5],1342.799999999981,0.5002440676978208,0.49975593230217924,0.10820245723577715,SI,[5 4 3 1 2],9.099999999999994,10,2656.499999999949,0.0,False,5
27,0,2,[2 1 3 4 5],1342.799999999981,0.5002440676978208,0.49975593230217924,0.6912854145317645,MI,[5 4 3 1 2],9.099999999999994,10,2656.499999999949,0.0,False,5
27,0,3,[2 1 3 4 5],1342.799999999981,0.5002440676978208,0.49975593230217924,0.9227685393554301,MI,[3 1 2 4 5],11.5,10,1423.5,0.0,False,5
27,0,4,[2 1 3 4 5],1342.799999999981,0.5002440676978208,0.49975593230217924,0.938842836459351,MI,[5 4 3 1 2],9.099999999999994,10,2656.499999999949,0.0,False,5
28,0,0,[2 1 3 4 5],1342.799999999981,0.5002440676978208,0.49975593230217924,0.2766473703903113,SI,[3 1 2 4 5],11.5,10,1423.5,0.0,False,5
28,0,1,[2 1 3 4 5],1342.799999999981,0.5002440676978208,0.49975593230217924,0.3790090490675888,SI,[3 1 2 4 5],11.5,10,1423.5,0.0,False,5
28,0,2,[2 1 3 4 5],1342.799999999981,0.5002440676978208,0.49975593230217924,0.07366095957042018,SI,[3 1 2 4 5],11.5,10,1423.5,0.0,False,5
28,0,3,[2 1 3 4 5],1342.799999999981,0.5002440676978208,0.49975593230217924,0.7737868460922989,MI,[3 1 2 4 5],11.5,10,1423.5,0.0,False,5
28,0,4,[2 1 3 4 5],1342.799999999981,0.5002440676978208,0.49975593230217924,0.9570244515907205,MI,[3 1 2 4 5],11.5,10,1423.5,0.0,False,5
29,0,0,[2 1 3 4 5],1342.799999999981,0.5002440676978208,0.49975593230217924,0.9406862286418197,MI,[3 1 2 4 5],11.5,10,1423.5,0.0,False,5
29,0,1,[2 1 3 4 5],1342.799999999981,0.5002440676978208,0.49975593230217924,0.21336237708450467,SI,[2 3 1 4 5],27.599999999999994,10,1394.0000000000218,0.0,False,5
29,0,2,[2 1 3 4 5],1342.799999999981,0.5002440676978208,0.49975593230217924,0.40601274210020155,SI,[5 4 3 1 2],9.099999999999994,10,2656.499999999949,0.0,False,5
29,0,3,[2 1 3 4 5],1342.799999999981,0.5002440676978208,0.49975593230217924,0.3444908452265403,SI,[5 4 3 1 2],9.099999999999994,10,2656.499999999949,0.0,False,5
29,0,4,[2 1 3 4 5],1342.799999999981,0.5002440676978208,0.49975593230217924,0.5110700744239287,MI,[5 4 3 1 2],9.099999999999994,10,2656.499999999949,0.0,False,5
30,0,0,[2 1 3 4 5],1342.799999999981,0.5002440676978208,0.49975593230217924,0.8841511400000619,MI,[3 1 2 4 5],11.5,10,1423.5,0.0,False,5
30,0,1,[2 1 3 4 5],1342.799999999981,0.5002440676978208,0.49975593230217924,0.569912310151959,MI,[5 4 3 1 2],9.099999999999994,10,2656.499999999949,0.0,False,5
30,0,2,[2 1 3 4 5],1342.799999999981,0.5002440676978208,0.49975593230217924,0.6309783719984419,MI,[5 4 3 1 2],9.099999999999994,10,2656.499999999949,0.0,False,5
30,0,3,[2 1 3 4 5],1342.799999999981,0.5002440676978208,0.49975593230217924,0.1377120907169621,SI,[5 4 3 1 2],9.099999999999994,10,2656.499999999949,0.0,False,5
30,0,4,[2 1 3 4 5],1342.799999999981,0.5002440676978208,0.49975593230217924,0.0033590600934785275,SI,[2 1 3 5 4],13.300000000000011,10,1465.299999999992,0.0,False,5
31,0,0,[2 1 3 4 5],1342.799999999981,0.5002440676978208,0.49975593230217924,0.36480209472239167,SI,[5 4 3 1 2],9.099999999999994,10,2656.499999999949,0.0,False,5
31,0,1,[2 1 3 4 5],1342.799999999981,0.5002440676978208,0.49975593230217924,0.1874840389947232,SI,[5 4 3 1 2],9.099999999999994,10,2656.499999999949,0.0,False,5
31,0,2,[2 1 3 4 5],1342.799999999981,0.5002440676978208,0.49975593230217924,0.6227656806921386,MI,[3 1 2 4 5],11.5,10,1423.5,0.0,False,5
31,0,3,[2 1 3 4 5],1342.799999999981,0.5002440676978208,0.49975593230217924,0.9689002894153281,MI,[5 4 3 1 2],9.099999999999994,10,2656.499999999949,0.0,False,5
31,0,4,[2 1 3 4 5],1342.799999999981,0.5002440676978208,0.49975593230217924,0.2899109458762841,SI,[5 4 3 1 2],9.099999999999994,10,2656.499999999949,0.0,False,5
32,0,0,[2 1 3 4 5],1342.799999999981,0.5002440676978208,0.49975593230217924,0.8183761234213345,MI,[5 4 3 1 2],9.099999999999994,10,2656.499999999949,0.0,False,5
32,0,1,[2 1 3 4 5],1342.799999999981,0.5002440676978208,0.49975593230217924,0.19829593965820025,SI,[3 1 2 4 5],11.5,10,1423.5,0.0,False,5
32,0,2,[2 1 3 4 5],1342.799999999981,0.5002440676978208,0.49975593230217924,0.2308192352122279,SI,[5 4 3 1 2],9.099999999999994,10,2656.499999999949,0.0,False,5
32,0,3,[2 1 3 4 5],1342.799999999981,0.5002440676978208,0.49975593230217924,0.8843863457892502,MI,[3 1 2 4 5],11.5,10,1423.5,0.0,False,5
32,0,4,[2 1 3 4 5],1342.799999999981,0.5002440676978208,0.49975593230217924,0.6871331088952571,MI,[3 1 2 4 5],11.5,10,1423.5,0.0,False,5
33,0,0,[2 1 3 4 5],1342.799999999981,0.5002440676978208,0.49975593230217924,0.14027291821096233,SI,[5 4 3 1 2],9.099999999999994,10,2656.499999999949,0.0,False,5
33,0,1,[2 1 3 4 5],1342.799999999981,0.5002440676978208,0.49975593230217924,0.047970433092906384,SI,[2 1 3 5 4],13.300000000000011,10,1465.299999999992,0.0,False,5
33,0,2,[2 1 3 4 5],1342.799999999981,0.5002440676978208,0.49975593230217924,0.540973811635464,MI,[5 4 3 1 2],9.099999999999994,10,2656.499999999949,0.0,False,5
33,0,3,[2 1 3 4 5],1342.799999999981,0.5002440676978208,0.49975593230217924,0.4550184198294793,SI,[2 1 3 5 4],13.300000000000011,10,1465.299999999992,0.0,False,5
33,0,4,[2 1 3 4 5],1342.799999999981,0.5002440676978208,0.49975593230217924,0.22923184237891403,SI,[3 1 2 4 5],11.5,10,1423.5,0.0,False,5
34,0,0,[2 1 3 4 5],1342.799999999981,0.5002440676978208,0.49975593230217924,0.3594940342949249,SI,[2 1 3 5 4],13.300000000000011,10,1465.299999999992,0.0,False,5
34,0,1,[2 1 3 4 5],1342.799999999981,0.5002440676978208,0.49975593230217924,0.6128295496814623,MI,[5 4 3 1 2],9.099999999999994,10,2656.499999999949,0.0,False,5
34,0,2,[2 1 3 4 5],1342.799999999981,0.5002440676978208,0.49975593230217924,0.548539649408637,MI,[5 4 3 1 2],9.099999999999994,10,2656.499999999949,0.0,False,5
34,0,3,[2 1 3 4 5],1342.799999999981,0.5002440676978208,0.49975593230217924,0.3557196711913233,SI,[3 1 2 4 5],11.5,10,1423.5,0.0,False,5
34,0,4,[2 1 3 4 5],1342.799999999981,0.5002440676978208,0.49975593230217924,0.4738607458134205,SI,[2 3 1 4 5],27.599999999999994,10,1394.0000000000218,0.0,False,5
35,0,0,[2 1 3 4 5],1342.799999999981,0.5002440676978208,0.49975593230217924,0.047249201616542,SI,[5 4 3 1 2],9.099999999999994,10,2656.499999999949,0.0,False,5
35,0,1,[2 1 3 4 5],1342.799999999981,0.5002440676978208,0.49975593230217924,0.3537883124761956,SI,[5 4 3 1 2],9.099999999999994,10,2656.499999999949,0.0,False,5
35,0,2,[2 1 3 4 5],1342.799999999981,0.5002440676978208,0.49975593230217924,0.571997485927228,MI,[3 1 2 4 5],11.5,10,1423.5,0.0,False,5
35,0,3,[2 1 3 4 5],1342.799999999981,0.5002440676978208,0.49975593230217924,0.6175599837438638,MI,[5 4 3 1 2],9.099999999999994,10,2656.499999999949,0.0,False,5
35,0,4,[2 1 3 4 5],1342.799999999981,0.5002440676978208,0.49975593230217924,0.3605317573683007,SI,[5 4 3 1 2],9.099999999999994,10,2656.499999999949,0.0,False,5
36,0,0,[2 1 3 4 5],1342.799999999981,0.5002440676978208,0.49975593230217924,0.6038052967496099,MI,[5 4 3 1 2],9.099999999999994,10,2656.499999999949,0.0,False,5
36,0,1,[2 1 3 4 5],1342.799999999981,0.5002440676978208,0.49975593230217924,0.5509508779930491,MI,[5 4 3 1 2],9.099999999999994,10,2656.499999999949,0.0,False,5
36,0,2,[2 1 3 4 5],1342.799999999981,0.5002440676978208,0.49975593230217924,0.7421466947336789,MI,[5 4 3 1 2],9.099999999999994,10,2656.499999999949,0.0,False,5
36,0,3,[2 1 3 4 5],1342.799999999981,0.5002440676978208,0.49975593230217924,0.5455562755583153,MI,[5 4 3 1 2],9.099999999999994,10,2656.499999999949,0.0,False,5
36,0,4,[2 1 3 4 5],1342.799999999981,0.5002440676978208,0.49975593230217924,0.8675986498459758,MI,[3 1 2 4 5],11.5,10,1423.5,0.0,False,5
37,0,0,[2 1 3 4 5],1342.799999999981,0.5002440676978208,0.49975593230217924,0.32090744745358635,SI,[1 2 3 4 5],32.0,10,1371.8999999999287,0.0,False,5
37,0,1,[2 1 3 4 5],1342.799999999981,0.5002440676978208,0.49975593230217924,0.1042416970478196,SI,[5 4 3 1 2],9.099999999999994,10,2656.499999999949,0.0,False,5
37,0,2,[2 1 3 4 5],1342.799999999981,0.5002440676978208,0.49975593230217924,0.597002399137517,MI,[5 4 3 1 2],9.099999999999994,10,2656.499999999949,0.0,False,5
37,0,3,[2 1 3 4 5],1342.799999999981,0.5002440676978208,0.49975593230217924,0.1165767922113613,SI,[5 4 3 1 2],9.099999999999994,10,2656.499999999949,0.0,False,5
37,0,4,[2 1 3 4 5],1342.799999999981,0.5002440676978208,0.49975593230217924,0.8676320653512767,MI,[5 4 3 1 2],9.099999999999994,10,2656.499999999949,0.0,False,5
38,0,0,[2 1 3 4 5],1342.799999999981,0.5002440676978208,0.49975593230217924,0.6781521612422873,MI,[5 4 3 1 2],9.099999999999994,10,2656.499999999949,0.0,False,5
38,0,1,[2 1 3 4 5],1342.799999999981,0.5002440676978208,0.49975593230217924,0.6578924145542402,MI,[5 4 3 1 2],9.099999999999994,10,2656.499999999949,0.0,False,5
38,0,2,[2 1 3 4 5],1342.799999999981,0.5002440676978208,0.49975593230217924,0.801805164048494,MI,[5 4 3 1 2],9.099999999999994,10,2656.499999999949,0.0,False,5
38,0,3,[2 1 3 4 5],1342.799999999981,0.5002440676978208,0.49975593230217924,0.9860005409494926,MI,[3 1 2 4 5],11.5,10,1423.5,0.0,False,5
38,0,4,[2 1 3 4 5],1342.799999999981,0.5002440676978208,0.49975593230217924,0.3785039121117173,SI,[5 4 3 1 2],9.099999999999994,10,2656.499999999949,0.0,False,5
39,0,0,[2 1 3 4 5],1342.799999999981,0.5002440676978208,0.49975593230217924,0.9177912064327548,MI,[5 4 3 1 2],9.099999999999994,10,2656.499999999949,0.0,False,5
39,0,1,[2 1 3 4 5],1342.799999999981,0.5002440676978208,0.49975593230217924,0.33300093468418046,SI,[3 1 2 4 5],11.5,10,1423.5,0.0,False,5
39,0,2,[2 1 3 4 5],1342.799999999981,0.5002440676978208,0.49975593230217924,0.06426906262921961,SI,[5 4 3 1 2],9.099999999999994,10,2656.499999999949,0.0,False,5
39,0,3,[2 1 3 4 5],1342.799999999981,0.5002440676978208,0.49975593230217924,0.10421473535779568,SI,[5 4 3 1 2],9.099999999999994,10,2656.499999999949,0.0,False,5
39,0,4,[2 1 3 4 5],1342.799999999981,0.5002440676978208,0.49975593230217924,0.5706434849805491,MI,[5 4 3 1 2],9.099999999999994,10,2656.499999999949,0.0,False,5
40,0,0,[2 1 3 4 5],1342.799999999981,0.5002440676978208,0.49975593230217924,0.6457318878887992,MI,[5 4 3 1 2],9.099999999999994,10,2656.499999999949,0.0,False,5
40,0,1,[2 1 3 4 5],1342.799999999981,0.5002440676978208,0.49975593230217924,0.6006833597773761,MI,[3 1 2 4 5],11.5,10,1423.5,0.0,False,5
40,0,2,[2 1 3 4 5],1342.799999999981,0.5002440676978208,0.49975593230217924,0.8427409822133911,MI,[5 4 3 1 2],9.099999999999994,10,2656.499999999949,0.0,False,5
40,0,3,[2 1 3 4 5],1342.799999999981,0.5002440676978208,0.49975593230217924,0.6659313470255487,MI,[5 4 3 1 2],9.099999999999994,10,2656.499999999949,0.0,False,5
40,0,4,[2 1 3 4 5],1342.799999999981,0.5002440676978208,0.49975593230217924,0.9432290701628363,MI,[5 4 3 1 2],9.099999999999994,10,2656.499999999949,0.0,False,5
41,0,0,[2 1 3 4 5],1342.799999999981,0.5002440676978208,0.49975593230217924,0.18581478765524218,SI,[5 4 3 1 2],9.099999999999994,10,2656.499999999949,0.0,False,5
41,0,1,[2 1 3 4 5],1342.799999999981,0.5002440676978208,0.49975593230217924,0.7001007836584102,MI,[3 1 2 4 5],11.5,10,1423.5,0.0,False,5
41,0,2,[2 1 3 4 5],1342.799999999981,0.5002440676978208,0.49975593230217924,0.6312710536203423,MI,[5 4 3 1 2],9.099999999999994,10,2656.499999999949,0.0,False,5
41,0,3,[2 1 3 4 5],1342.799999999981,0.5002440676978208,0.49975593230217924,0.6151044293471115,MI,[5 4 3 1 2],9.099999999999994,10,2656.499999999949,0.0,False,5
41,0,4,[2 1 3 4 5],1342.799999999981,0.5002440676978208,0.49975593230217924,0.027003704436361242,SI,[5 4 3 1 2],9.099999999999994,10,2656.499999999949,0.0,False,5
42,0,0,[2 1 3 4 5],1342.799999999981,0.5002440676978208,0.49975593230217924,0.49360648493249704,SI,[5 4 3 1 2],9.099999999999994,10,2656.499999999949,0.0,False,5
42,0,1,[2 1 3 4 5],1342.799999999981,0.5002440676978208,0.49975593230217924,0.96220607410901,MI,[3 1 2 4 5],11.5,10,1423.5,0.0,False,5
42,0,2,[2 1 3 4 5],1342.799999999981,0.5002440676978208,0.49975593230217924,0.9932391709345161,MI,[3 1 2 4 5],11.5,10,1423.5,0.0,False,5
42,0,3,[2 1 3 4 5],1342.799999999981,0.5002440676978208,0.49975593230217924,0.6050344060073842,MI,[5 4 3 1 2],9.099999999999994,10,2656.499999999949,0.0,False,5
42,0,4,[2 1 3 4 5],1342.799999999981,0.5002440676978208,0.49975593230217924,0.38002982463265667,SI,[5 4 3 1 2],9.099999999999994,10,2656.499999999949,0.0,False,5
43,0,0,[2 1 3 4 5],1342.799999999981,0.5002440676978208,0.49975593230217924,0.982916327798414,MI,[3 1 2 4 5],11.5,10,1423.5,0.0,False,5
43,0,1,[2 1 3 4 5],1342.799999999981,0.5002440676978208,0.49975593230217924,0.2887087526738368,SI,[5 4 3 1 2],9.099999999999994,10,2656.499999999949,0.0,False,5
43,0,2,[2 1 3 4 5],1342.799999999981,0.5002440676978208,0.49975593230217924,0.7966438116048236,MI,[5 4 3 1 2],9.099999999999994,10,2656.499999999949,0.0,False,5
43,0,3,[2 1 3 4 5],1342.799999999981,0.5002440676978208,0.49975593230217924,0.5106589744664773,MI,[5 4 3 1 2],9.099999999999994,10,2656.499999999949,0.0,False,5
43,0,4,[2 1 3 4 5],1342.799999999981,0.5002440676978208,0.49975593230217924,0.037085932706532265,SI,[5 4 3 1 2],9.099999999999994,10,2656.499999999949,0.0,False,5
44,0,0,[2 1 3 4 5],1342.799999999981,0.5002440676978208,0.49975593230217924,0.3313198408693584,SI,[2 1 3 5 4],13.300000000000011,10,1465.299999999992,0.0,False,5
44,0,1,[2 1 3 4 5],1342.799999999981,0.5002440676978208,0.49975593230217924,0.4309041561910889,SI,[2 1 3 5 4],13.300000000000011,10,1465.299999999992,0.0,False,5
44,0,2,[2 1 3 4 5],1342.799999999981,0.5002440676978208,0.49975593230217924,0.32878883203793297,SI,[5 4 3 1 2],9.099999999999994,10,2656.499999999949,0.0,False,5
44,0,3,[2 1 3 4 5],1342.799999999981,0.5002440676978208,0.49975593230217924,0.3164608878692142,SI,[5 4 3 1 2],9.099999999999994,10,2656.499999999949,0.0,False,5
44,0,4,[2 1 3 4 5],1342.799999999981,0.5002440676978208,0.49975593230217924,0.9494335940331619,MI,[5 4 3 1 2],9.099999999999994,10,2656.499999999949,0.0,False,5
45,0,0,[2 1 3 4 5],1342.799999999981,0.5002440676978208,0.49975593230217924,0.8485329196283488,MI,[3 1 2 4 5],11.5,10,1423.5,0.0,False,5
45,0,1,[2 1 3 4 5],1342.799999999981,0.5002440676978208,0.49975593230217924,0.23302907405769313,SI,[5 4 3 1 2],9.099999999999994,10,2656.499999999949,0.0,False,5
45,0,2,[2 1 3 4 5],1342.799999999981,0.5002440676978208,0.49975593230217924,0.5163509783963095,MI,[5 4 3 1 2],9.099999999999994,10,2656.499999999949,0.0,False,5
45,0,3,[2 1 3 4 5],1342.799999999981,0.5002440676978208,0.49975593230217924,0.8066484308858891,MI,[3 1 2 4 5],11.5,10,1423.5,0.0,False,5
45,0,4,[2 1 3 4 5],1342.799999999981,0.5002440676978208,0.49975593230217924,0.9038508404885484,MI,[3 1 2 4 5],11.5,10,1423.5,0.0,False,5
46,0,0,[2 1 3 4 5],1342.799999999981,0.5002440676978208,0.49975593230217924,0.009160752420374396,SI,[5 4 3 1 2],9.099999999999994,10,2656.499999999949,0.0,False,5
46,0,1,[2 1 3 4 5],1342.799999999981,0.5002440676978208,0.49975593230217924,0.720857974407965,MI,[3 1 2 4 5],11.5,10,1423.5,0.0,False,5
46,0,2,[2 1 3 4 5],1342.799999999981,0.5002440676978208,0.49975593230217924,0.7987801949020881,MI,[5 4 3 1 2],9.099999999999994,10,2656.499999999949,0.0,False,5
46,0,3,[2 1 3 4 5],1342.799999999981,0.5002440676978208,0.49975593230217924,0.05599990260036458,SI,[2 1 3 5 4],13.300000000000011,10,1465.299999999992,0.0,False,5
46,0,4,[2 1 3 4 5],1342.799999999981,0.5002440676978208,0.49975593230217924,0.6498907694083962,MI,[3 1 2 4 5],11.5,10,1423.5,0.0,False,5
47,0,0,[2 1 3 4 5],1342.799999999981,0.5002440676978208,0.49975593230217924,0.844291982100529,MI,[5 4 3 1 2],9.099999999999994,10,2656.499999999949,0.0,False,5
47,0,1,[2 1 3 4 5],1342.799999999981,0.5002440676978208,0.49975593230217924,0.9215061502677674,MI,[5 4 3 1 2],9.099999999999994,10,2656.499999999949,0.0,False,5
47,0,2,[2 1 3 4 5],1342.799999999981,0.5002440676978208,0.49975593230217924,0.6637565674756687,MI,[5 4 3 1 2],9.099999999999994,10,2656.499999999949,0.0,False,5
47,0,3,[2 1 3 4 5],1342.799999999981,0.5002440676978208,0.49975593230217924,0.9026291387321137,MI,[5 4 3 1 2],9.099999999999994,10,2656.499999999949,0.0,False,5
47,0,4,[2 1 3 4 5],1342.799999999981,0.5002440676978208,0.49975593230217924,0.5508134898609137,MI,[5 4 3 1 2],9.099999999999994,10,2656.499999999949,0.0,False,5
48,0,0,[2 1 3 4 5],1342.799999999981,0.5002440676978208,0.49975593230217924,0.01821528441594744,SI,[3 1 2 4 5],11.5,10,1423.5,0.0,False,5
48,0,1,[2 1 3 4 5],1342.799999999981,0.5002440676978208,0.49975593230217924,0.03293561846770077,SI,[3 1 2 4 5],11.5,10,1423.5,0.0,False,5
48,0,2,[2 1 3 4 5],1342.799999999981,0.5002440676978208,0.49975593230217924,0.5186174318310727,MI,[5 4 3 1 2],9.099999999999994,10,2656.499999999949,0.0,False,5
48,0,3,[2 1 3 4 5],1342.799999999981,0.5002440676978208,0.49975593230217924,0.08802704912066117,SI,[5 4 3 1 2],9.099999999999994,10,2656.499999999949,0.0,False,5
48,0,4,[2 1 3 4 5],1342.799999999981,0.5002440676978208,0.49975593230217924,0.8853569843457345,MI,[3 1 2 4 5],11.5,10,1423.5,0.0,False,5
49,0,0,[2 1 3 4 5],1342.799999999981,0.5002440676978208,0.49975593230217924,0.6640687633616417,MI,[3 1 2 4 5],11.5,10,1423.5,0.0,False,5
49,0,1,[2 1 3 4 5],1342.799999999981,0.5002440676978208,0.49975593230217924,0.8121905423147558,MI,[5 4 3 1 2],9.099999999999994,10,2656.499999999949,0.0,False,5
49,0,2,[2 1 3 4 5],1342.799999999981,0.5002440676978208,0.49975593230217924,0.4140078835616269,SI,[5 4 3 1 2],9.099999999999994,10,2656.499999999949,0.0,False,5
49,0,3,[2 1 3 4 5],1342.799999999981,0.5002440676978208,0.49975593230217924,0.4177280564590191,SI,[3 1 2 4 5],11.5,10,1423.5,0.0,False,5
49,0,4,[2 1 3 4 5],1342.799999999981,0.5002440676978208,0.49975593230217924,0.83178505434326,MI,[5 4 3 1 2],9.099999999999994,10,2656.499999999949,0.0,False,5
50,0,0,[2 1 3 4 5],1342.799999999981,0.5002440676978208,0.49975593230217924,0.21864680116231605,SI,[2 1 3 5 4],13.300000000000011,10,1465.299999999992,0.0,False,5
50,0,1,[2 1 3 4 5],1342.799999999981,0.5002440676978208,0.49975593230217924,0.9493853496012178,MI,[5 4 3 1 2],9.099999999999994,10,2656.499999999949,0.0,False,5
50,0,2,[2 1 3 4 5],1342.799999999981,0.5002440676978208,0.49975593230217924,0.7753996425117113,MI,[3 1 2 4 5],11.5,10,1423.5,0.0,False,5
50,0,3,[2 1 3 4 5],1342.799999999981,0.5002440676978208,0.49975593230217924,0.011855596369221622,SI,[5 4 3 1 2],9.099999999999994,10,2656.499999999949,0.0,False,5
50,0,4,[2 1 3 4 5],1342.799999999981,0.5002440676978208,0.49975593230217924,0.761521751362358,MI,[3 1 2 4 5],11.5,10,1423.5,0.0,False,5
51,0,0,[2 1 3 4 5],1342.799999999981,0.5002440676978208,0.49975593230217924,0.21124358965428058,SI,[5 4 3 1 2],9.099999999999994,10,2656.499999999949,0.0,False,5
51,0,1,[2 1 3 4 5],1342.799999999981,0.5002440676978208,0.49975593230217924,0.4879931816361621,SI,[5 4 3 1 2],9.099999999999994,10,2656.499999999949,0.0,False,5
51,0,2,[2 1 3 4 5],1342.799999999981,0.5002440676978208,0.49975593230217924,0.7846685382813743,MI,[5 4 3 1 2],9.099999999999994,10,2656.499999999949,0.0,False,5
51,0,3,[2 1 3 4 5],1342.799999999981,0.5002440676978208,0.49975593230217924,0.06710890791217072,SI,[5 4 3 1 2],9.099999999999994,10,2656.499999999949,0.0,False,5
51,0,4,[2 1 3 4 5],1342.799999999981,0.5002440676978208,0.49975593230217924,0.6502902244519139,MI,[5 4 3 1 2],9.099999999999994,10,2656.499999999949,0.0,False,5
52,0,0,[2 1 3 4 5],1342.799999999981,0.5002440676978208,0.49975593230217924,0.3974117056132286,SI,[5 4 3 1 2],9.099999999999994,10,2656.499999999949,0.0,False,5
52,0,1,[2 1 3 4 5],1342.799999999981,0.5002440676978208,0.49975593230217924,0.6442805512983767,MI,[3 1 2 4 5],11.5,10,1423.5,0.0,False,5
52,0,2,[2 1 3 4 5],1342.799999999981,0.5002440676978208,0.49975593230217924,0.12380224999460554,SI,[5 4 3 1 2],9.099999999999994,10,2656.499999999949,0.0,False,5
52,0,3,[2 1 3 4 5],1342.799999999981,0.5002440676978208,0.49975593230217924,0.9787280907446785,MI,[5 4 3 1 2],9.099999999999994,10,2656.499999999949,0.0,False,5
52,0,4,[2 1 3 4 5],1342.799999999981,0.5002440676978208,0.49975593230217924,0.5739732904151091,MI,[5 4 3 1 2],9.099999999999994,10,2656.499999999949,0.0,False,5
0,0,0,[1 2],861.5000000000073,0.5,0.5,0.37765136306984337,SI,[2 1],49.49999999999994,10,1278.6000000000095,0.0,False,6
0,0,1,[1 2],861.5000000000073,0.5,0.5,0.4155853401901459,SI,[2 1],49.49999999999994,10,1278.6000000000095,0.0,False,6
0,0,2,[1 2],861.5000000000073,0.5,0.5,0.1634138249874313,SI,[2 1],49.49999999999994,10,1278.6000000000095,0.0,False,6
0,0,3,[1 2],861.5000000000073,0.5,0.5,0.14201070329235999,SI,[2 1],49.49999999999994,10,1278.6000000000095,0.0,False,6
0,0,4,[1 2],861.5000000000073,0.5,0.5,0.15659756633013255,SI,[2 1],49.49999999999994,10,1278.6000000000095,0.0,False,6
1,0,0,[1 2],861.5000000000073,0.5,0.5,0.0677236522014919,SI,[2 1],49.49999999999994,10,1278.6000000000095,0.0,False,6
1,0,1,[1 2],861.5000000000073,0.5,0.5,0.1842218603020549,SI,[2 1],49.49999999999994,10,1278.6000000000095,0.0,False,6
1,0,2,[1 2],861.5000000000073,0.5,0.5,0.15541781606766436,SI,[2 1],49.49999999999994,10,1278.6000000000095,0.0,False,6
1,0,3,[1 2],861.5000000000073,0.5,0.5,0.33694226488946066,SI,[2 1],49.49999999999994,10,1278.6000000000095,0.0,False,6
1,0,4,[1 2],861.5000000000073,0.5,0.5,0.01784379467025854,SI,[2 1],49.49999999999994,10,1278.6000000000095,0.0,False,6
2,0,0,[1 2],861.5000000000073,0.5,0.5,0.04170303242346707,SI,[2 1],49.49999999999994,10,1278.6000000000095,0.0,False,6
2,0,1,[1 2],861.5000000000073,0.5,0.5,0.23039741079511877,SI,[2 1],49.49999999999994,10,1278.6000000000095,0.0,False,6
2,0,2,[1 2],861.5000000000073,0.5,0.5,0.2946647366066242,SI,[2 1],49.49999999999994,10,1278.6000000000095,0.0,False,6
2,0,3,[1 2],861.5000000000073,0.5,0.5,0.3176413660040346,SI,[2 1],49.49999999999994,10,1278.6000000000095,0.0,False,6
2,0,4,[1 2],861.5000000000073,0.5,0.5,0.18459261988358766,SI,[2 1],49.49999999999994,10,1278.6000000000095,0.0,False,6
3,0,0,[1 2],861.5000000000073,0.5,0.5,0.43748674805002796,SI,[2 1],49.49999999999994,10,1278.6000000000095,0.0,False,6
3,0,1,[1 2],861.5000000000073,0.5,0.5,0.4954411467202656,SI,[2 1],49.49999999999994,10,1278.6000000000095,0.0,False,6
3,0,2,[1 2],861.5000000000073,0.5,0.5,0.4744820934329197,SI,[2 1],49.49999999999994,10,1278.6000000000095,0.0,False,6
3,0,3,[1 2],861.5000000000073,0.5,0.5,0.35160388468920056,SI,[2 1],49.49999999999994,10,1278.6000000000095,0.0,False,6
3,0,4,[1 2],861.5000000000073,0.5,0.5,0.251048112847148,SI,[2 1],49.49999999999994,10,1278.6000000000095,0.0,False,6
4,0,0,[1 2],861.5000000000073,0.5,0.5,0.3108560056133709,SI,[2 1],49.49999999999994,10,1278.6000000000095,0.0,False,6
4,0,1,[1 2],861.5000000000073,0.5,0.5,0.3242759296610903,SI,[2 1],49.49999999999994,10,1278.6000000000095,0.0,False,6
4,0,2,[1 2],861.5000000000073,0.5,0.5,0.3384905684240931,SI,[2 1],49.49999999999994,10,1278.6000000000095,0.0,False,6
4,0,3,[1 2],861.5000000000073,0.5,0.5,0.39138420571803956,SI,[2 1],49.49999999999994,10,1278.6000000000095,0.0,False,6
4,0,4,[1 2],861.5000000000073,0.5,0.5,0.09369295828418145,SI,[2 1],49.49999999999994,10,1278.6000000000095,0.0,False,6
5,0,0,[1 2],861.5000000000073,0.5,0.5,0.042420214955973035,SI,[2 1],49.49999999999994,10,1278.6000000000095,0.0,False,6
5,0,1,[1 2],861.5000000000073,0.5,0.5,0.07759417492076859,SI,[2 1],49.49999999999994,10,1278.6000000000095,0.0,False,6
5,0,2,[1 2],861.5000000000073,0.5,0.5,0.2977483436146402,SI,[2 1],49.49999999999994,10,1278.6000000000095,0.0,False,6
5,0,3,[1 2],861.5000000000073,0.5,0.5,0.3618018681237998,SI,[2 1],49.49999999999994,10,1278.6000000000095,0.0,False,6
5,0,4,[1 2],861.5000000000073,0.5,0.5,0.40824438775570615,SI,[2 1],49.49999999999994,10,1278.6000000000095,0.0,False,6
6,0,0,[1 2],861.5000000000073,0.5,0.5,0.07954490086890986,SI,[2 1],49.49999999999994,10,1278.6000000000095,0.0,False,6
6,0,1,[1 2],861.5000000000073,0.5,0.5,0.05008451408364345,SI,[2 1],49.49999999999994,10,1278.6000000000095,0.0,False,6
6,0,2,[1 2],861.5000000000073,0.5,0.5,0.4786749370685238,SI,[2 1],49.49999999999994,10,1278.6000000000095,0.0,False,6
6,0,3,[1 2],861.5000000000073,0.5,0.5,0.424131634325731,SI,[2 1],49.49999999999994,10,1278.6000000000095,0.0,False,6
6,0,4,[1 2],861.5000000000073,0.5,0.5,0.4851663959143627,SI,[2 1],49.49999999999994,10,1278.6000000000095,0.0,False,6
7,0,0,[1 2],861.5000000000073,0.5,0.5,0.3532891750326632,SI,[2 1],49.49999999999994,10,1278.6000000000095,0.0,False,6
7,0,1,[1 2],861.5000000000073,0.5,0.5,0.18306071788492817,SI,[2 1],49.49999999999994,10,1278.6000000000095,0.0,False,6
7,0,2,[1 2],861.5000000000073,0.5,0.5,0.25155911663912667,SI,[2 1],49.49999999999994,10,1278.6000000000095,0.0,False,6
7,0,3,[1 2],861.5000000000073,0.5,0.5,0.4095159384598158,SI,[2 1],49.49999999999994,10,1278.6000000000095,0.0,False,6
7,0,4,[1 2],861.5000000000073,0.5,0.5,0.41881808051504377,SI,[2 1],49.49999999999994,10,1278.6000000000095,0.0,False,6
8,0,0,[1 2],861.5000000000073,0.5,0.5,0.15621302899658018,SI,[2 1],49.49999999999994,10,1278.6000000000095,0.0,False,6
8,0,1,[1 2],861.5000000000073,0.5,0.5,0.1107274159099565,SI,[2 1],49.49999999999994,10,1278.6000000000095,0.0,False,6
8,0,2,[1 2],861.5000000000073,0.5,0.5,0.04450107610810716,SI,[2 1],49.49999999999994,10,1278.6000000000095,0.0,False,6
8,0,3,[1 2],861.5000000000073,0.5,0.5,0.019207646810443624,SI,[2 1],49.49999999999994,10,1278.6000000000095,0.0,False,6
8,0,4,[1 2],861.5000000000073,0.5,0.5,0.48366841819384876,SI,[2 1],49.49999999999994,10,1278.6000000000095,0.0,False,6
9,0,0,[1 2],861.5000000000073,0.5,0.5,0.11090533320072371,SI,[2 1],49.49999999999994,10,1278.6000000000095,0.0,False,6
9,0,1,[1 2],861.5000000000073,0.5,0.5,0.04389671002097417,SI,[2 1],49.49999999999994,10,1278.6000000000095,0.0,False,6
9,0,2,[1 2],861.5000000000073,0.5,0.5,0.2621119768384078,SI,[2 1],49.49999999999994,10,1278.6000000000095,0.0,False,6
9,0,3,[1 2],861.5000000000073,0.5,0.5,0.3565862911674518,SI,[2 1],49.49999999999994,10,1278.6000000000095,0.0,False,6
9,0,4,[1 2],861.5000000000073,0.5,0.5,0.38423233132257184,SI,[2 1],49.49999999999994,10,1278.6000000000095,0.0,False,6
10,0,0,[1 2],861.5000000000073,0.5,0.5,0.27436017742707486,SI,[2 1],49.49999999999994,10,1278.6000000000095,0.0,False,6
10,0,1,[1 2],861.5000000000073,0.5,0.5,0.3065928938597575,SI,[2 1],49.49999999999994,10,1278.6000000000095,0.0,False,6
10,0,2,[1 2],861.5000000000073,0.5,0.5,0.44463293299017226,SI,[2 1],49.49999999999994,10,1278.6000000000095,0.0,False,6
10,0,3,[1 2],861.5000000000073,0.5,0.5,0.4110580327924537,SI,[2 1],49.49999999999994,10,1278.6000000000095,0.0,False,6
10,0,4,[1 2],861.5000000000073,0.5,0.5,0.23400236678982922,SI,[2 1],49.49999999999994,10,1278.6000000000095,0.0,False,6
11,0,0,[1 2],861.5000000000073,0.5,0.5,0.39482937899749215,SI,[2 1],49.49999999999994,10,1278.6000000000095,0.0,False,6
11,0,1,[1 2],861.5000000000073,0.5,0.5,0.3554734458670087,SI,[2 1],49.49999999999994,10,1278.6000000000095,0.0,False,6
11,0,2,[1 2],861.5000000000073,0.5,0.5,0.39144025293528073,SI,[2 1],49.49999999999994,10,1278.6000000000095,0.0,False,6
11,0,3,[1 2],861.5000000000073,0.5,0.5,0.04236395824713879,SI,[2 1],49.49999999999994,10,1278.6000000000095,0.0,False,6
11,0,4,[1 2],861.5000000000073,0.5,0.5,0.23909496826166243,SI,[2 1],49.49999999999994,10,1278.6000000000095,0.0,False,6
12,0,0,[1 2],861.5000000000073,0.5,0.5,0.3645798725472077,SI,[2 1],49.49999999999994,10,1278.6000000000095,0.0,False,6
12,0,1,[1 2],861.5000000000073,0.5,0.5,0.12553348062967606,SI,[2 1],49.49999999999994,10,1278.6000000000095,0.0,False,6
12,0,2,[1 2],861.5000000000073,0.5,0.5,0.18071282838981662,SI,[2 1],49.49999999999994,10,1278.6000000000095,0.0,False,6
12,0,3,[1 2],861.5000000000073,0.5,0.5,0.2923099894828992,SI,[2 1],49.49999999999994,10,1278.6000000000095,0.0,False,6
12,0,4,[1 2],861.5000000000073,0.5,0.5,0.4908360494073124,SI,[2 1],49.49999999999994,10,1278.6000000000095,0.0,False,6
13,0,0,[1 2],861.5000000000073,0.5,0.5,0.3490589118991759,SI,[2 1],49.49999999999994,10,1278.6000000000095,0.0,False,6
13,0,1,[1 2],861.5000000000073,0.5,0.5,0.12498315395558923,SI,[2 1],49.49999999999994,10,1278.6000000000095,0.0,False,6
13,0,2,[1 2],861.5000000000073,0.5,0.5,0.3809178735693306,SI,[2 1],49.49999999999994,10,1278.6000000000095,0.0,False,6
13,0,3,[1 2],861.5000000000073,0.5,0.5,0.33122837206632805,SI,[2 1],49.49999999999994,10,1278.6000000000095,0.0,False,6
13,0,4,[1 2],861.5000000000073,0.5,0.5,0.14229179000209313,SI,[2 1],49.49999999999994,10,1278.6000000000095,0.0,False,6
14,0,0,[1 2],861.5000000000073,0.5,0.5,0.4129339192107436,SI,[2 1],49.49999999999994,10,1278.6000000000095,0.0,False,6
14,0,1,[1 2],861.5000000000073,0.5,0.5,0.034671295386645706,SI,[2 1],49.49999999999994,10,1278.6000000000095,0.0,False,6
14,0,2,[1 2],861.5000000000073,0.5,0.5,0.3520243603114004,SI,[2 1],49.49999999999994,10,1278.6000000000095,0.0,False,6
14,0,3,[1 2],861.5000000000073,0.5,0.5,0.030304299605999785,SI,[2 1],49.49999999999994,10,1278.6000000000095,0.0,False,6
14,0,4,[1 2],861.5000000000073,0.5,0.5,0.3962228323200535,SI,[2 1],49.49999999999994,10,1278.6000000000095,0.0,False,6
15,0,0,[1 2],861.5000000000073,0.5,0.5,0.1379288730476621,SI,[2 1],49.49999999999994,10,1278.6000000000095,0.0,False,6
15,0,1,[1 2],861.5000000000073,0.5,0.5,0.38125255917773193,SI,[2 1],49.49999999999994,10,1278.6000000000095,0.0,False,6
15,0,2,[1 2],861.5000000000073,0.5,0.5,0.30977997288943815,SI,[2 1],49.49999999999994,10,1278.6000000000095,0.0,False,6
15,0,3,[1 2],861.5000000000073,0.5,0.5,0.14594500136186617,SI,[2 1],49.49999999999994,10,1278.6000000000095,0.0,False,6
15,0,4,[1 2],861.5000000000073,0.5,0.5,0.42229032467128713,SI,[2 1],49.49999999999994,10,1278.6000000000095,0.0,False,6
16,0,0,[1 2],861.5000000000073,0.5,0.5,0.08362806288701474,SI,[2 1],49.49999999999994,10,1278.6000000000095,0.0,False,6
16,0,1,[1 2],861.5000000000073,0.5,0.5,0.13092055540030756,SI,[2 1],49.49999999999994,10,1278.6000000000095,0.0,False,6
16,0,2,[1 2],861.5000000000073,0.5,0.5,0.021467291412713196,SI,[2 1],49.49999999999994,10,1278.6000000000095,0.0,False,6
16,0,3,[1 2],861.5000000000073,0.5,0.5,0.32726503943373353,SI,[2 1],49.49999999999994,10,1278.6000000000095,0.0,False,6
16,0,4,[1 2],861.5000000000073,0.5,0.5,0.061284376135418706,SI,[2 1],49.49999999999994,10,1278.6000000000095,0.0,False,6
17,0,0,[1 2],861.5000000000073,0.5,0.5,0.36679938283083424,SI,[2 1],49.49999999999994,10,1278.6000000000095,0.0,False,6
17,0,1,[1 2],861.5000000000073,0.5,0.5,0.07058416753893748,SI,[2 1],49.49999999999994,10,1278.6000000000095,0.0,False,6
17,0,2,[1 2],861.5000000000073,0.5,0.5,0.08825913931608631,SI,[2 1],49.49999999999994,10,1278.6000000000095,0.0,False,6
17,0,3,[1 2],861.5000000000073,0.5,0.5,0.4186936955867392,SI,[2 1],49.49999999999994,10,1278.6000000000095,0.0,False,6
17,0,4,[1 2],861.5000000000073,0.5,0.5,0.0705615898318167,SI,[2 1],49.49999999999994,10,1278.6000000000095,0.0,False,6
18,0,0,[1 2],861.5000000000073,0.5,0.5,0.3302925492767479,SI,[2 1],49.49999999999994,10,1278.6000000000095,0.0,False,6
18,0,1,[1 2],861.5000000000073,0.5,0.5,0.44124258323507737,SI,[2 1],49.49999999999994,10,1278.6000000000095,0.0,False,6
18,0,2,[1 2],861.5000000000073,0.5,0.5,0.22441834249619974,SI,[2 1],49.49999999999994,10,1278.6000000000095,0.0,False,6
18,0,3,[1 2],861.5000000000073,0.5,0.5,0.366710369390718,SI,[2 1],49.49999999999994,10,1278.6000000000095,0.0,False,6
18,0,4,[1 2],861.5000000000073,0.5,0.5,0.45167907099927485,SI,[2 1],49.49999999999994,10,1278.6000000000095,0.0,False,6
19,0,0,[1 2],861.5000000000073,0.5,0.5,0.15333209288026872,SI,[2 1],49.49999999999994,10,1278.6000000000095,0.0,False,6
19,0,1,[1 2],861.5000000000073,0.5,0.5,0.06103029260651294,SI,[2 1],49.49999999999994,10,1278.6000000000095,0.0,False,6
19,0,2,[1 2],861.5000000000073,0.5,0.5,0.16016862537120868,SI,[2 1],49.49999999999994,10,1278.6000000000095,0.0,False,6
19,0,3,[1 2],861.5000000000073,0.5,0.5,0.17513654531190148,SI,[2 1],49.49999999999994,10,1278.6000000000095,0.0,False,6
19,0,4,[1 2],861.5000000000073,0.5,0.5,0.31459263773382995,SI,[2 1],49.49999999999994,10,1278.6000000000095,0.0,False,6
20,0,0,[1 2],861.5000000000073,0.5,0.5,0.6860548809995803,MI,[1 2],inf,10,861.5000000000073,0.0,False,6
20,0,1,[1 2],861.5000000000073,0.5,0.5,0.3255344932795534,SI,[2 1],49.49999999999994,10,1278.6000000000095,0.0,False,6
20,0,2,[1 2],861.5000000000073,0.5,0.5,0.1773829144732303,SI,[2 1],49.49999999999994,10,1278.6000000000095,0.0,False,6
20,0,3,[1 2],861.5000000000073,0.5,0.5,0.39895360970475413,SI,[2 1],49.49999999999994,10,1278.6000000000095,0.0,False,6
20,0,4,[1 2],861.5000000000073,0.5,0.5,0.26867723774570706,SI,[2 1],49.49999999999994,10,1278.6000000000095,0.0,False,6
21,0,0,[1 2],861.5000000000073,0.5,0.5,0.42024946806682606,SI,[2 1],49.49999999999994,10,1278.6000000000095,0.0,False,6
21,0,1,[1 2],861.5000000000073,0.5,0.5,0.01467358569146815,SI,[2 1],49.49999999999994,10,1278.6000000000095,0.0,False,6
21,0,2,[1 2],861.5000000000073,0.5,0.5,0.2710700921775968,SI,[2 1],49.49999999999994,10,1278.6000000000095,0.0,False,6
21,0,3,[1 2],861.5000000000073,0.5,0.5,0.24502357539045272,SI,[2 1],49.49999999999994,10,1278.6000000000095,0.0,False,6
21,0,4,[1 2],861.5000000000073,0.5,0.5,0.33514255568757856,SI,[2 1],49.49999999999994,10,1278.6000000000095,0.0,False,6
22,0,0,[1 2],861.5000000000073,0.5,0.5,0.08657252563057549,SI,[2 1],49.49999999999994,10,1278.6000000000095,0.0,False,6
22,0,1,[1 2],861.5000000000073,0.5,0.5,0.13850141258621995,SI,[2 1],49.49999999999994,10,1278.6000000000095,0.0,False,6
22,0,2,[1 2],861.5000000000073,0.5,0.5,0.4932361807371892,SI,[2 1],49.49999999999994,10,1278.6000000000095,0.0,False,6
22,0,3,[1 2],861.5000000000073,0.5,0.5,0.14549324767490623,SI,[2 1],49.49999999999994,10,1278.6000000000095,0.0,False,6
22,0,4,[1 2],861.5000000000073,0.5,0.5,0.44026026829633214,SI,[2 1],49.49999999999994,10,1278.6000000000095,0.0,False,6
23,0,0,[1 2],861.5000000000073,0.5,0.5,0.22008278817535942,SI,[2 1],49.49999999999994,10,1278.6000000000095,0.0,False,6
23,0,1,[1 2],861.5000000000073,0.5,0.5,0.031153631756498434,SI,[2 1],49.49999999999994,10,1278.6000000000095,0.0,False,6
23,0,2,[1 2],861.5000000000073,0.5,0.5,0.44617046267937743,SI,[2 1],49.49999999999994,10,1278.6000000000095,0.0,False,6
23,0,3,[1 2],861.5000000000073,0.5,0.5,0.2225046583325252,SI,[2 1],49.49999999999994,10,1278.6000000000095,0.0,False,6
23,0,4,[1 2],861.5000000000073,0.5,0.5,0.3419708837469535,SI,[2 1],49.49999999999994,10,1278.6000000000095,0.0,False,6
24,0,0,[1 2],861.5000000000073,0.5,0.5,0.1214788009996769,SI,[2 1],49.49999999999994,10,1278.6000000000095,0.0,False,6
24,0,1,[1 2],861.5000000000073,0.5,0.5,0.3641103735457293,SI,[2 1],49.49999999999994,10,1278.6000000000095,0.0,False,6
24,0,2,[1 2],861.5000000000073,0.5,0.5,0.3960356247334348,SI,[2 1],49.49999999999994,10,1278.6000000000095,0.0,False,6
24,0,3,[1 2],861.5000000000073,0.5,0.5,0.27514218447617567,SI,[2 1],49.49999999999994,10,1278.6000000000095,0.0,False,6
24,0,4,[1 2],861.5000000000073,0.5,0.5,0.18778739449627846,SI,[2 1],49.49999999999994,10,1278.6000000000095,0.0,False,6
25,0,0,[1 2],861.5000000000073,0.5,0.5,0.31350591656595805,SI,[2 1],49.49999999999994,10,1278.6000000000095,0.0,False,6
25,0,1,[1 2],861.5000000000073,0.5,0.5,0.4718510468696946,SI,[2 1],49.49999999999994,10,1278.6000000000095,0.0,False,6
25,0,2,[1 2],861.5000000000073,0.5,0.5,0.25915173773905376,SI,[2 1],49.49999999999994,10,1278.6000000000095,0.0,False,6
25,0,3,[1 2],861.5000000000073,0.5,0.5,0.34087098754823897,SI,[2 1],49.49999999999994,10,1278.6000000000095,0.0,False,6
25,0,4,[1 2],861.5000000000073,0.5,0.5,0.19181756700613584,SI,[2 1],49.49999999999994,10,1278.6000000000095,0.0,False,6
26,0,0,[1 2],861.5000000000073,0.5,0.5,0.34550494784691965,SI,[2 1],49.49999999999994,10,1278.6000000000095,0.0,False,6
26,0,1,[1 2],861.5000000000073,0.5,0.5,0.49217112583311284,SI,[2 1],49.49999999999994,10,1278.6000000000095,0.0,False,6
26,0,2,[1 2],861.5000000000073,0.5,0.5,0.08426544157386995,SI,[2 1],49.49999999999994,10,1278.6000000000095,0.0,False,6
26,0,3,[1 2],861.5000000000073,0.5,0.5,0.47495050477068146,SI,[2 1],49.49999999999994,10,1278.6000000000095,0.0,False,6
26,0,4,[1 2],861.5000000000073,0.5,0.5,0.4580051015724165,SI,[2 1],49.49999999999994,10,1278.6000000000095,0.0,False,6
27,0,0,[1 2],861.5000000000073,0.5,0.5,0.12708653964821925,SI,[2 1],49.49999999999994,10,1278.6000000000095,0.0,False,6
27,0,1,[1 2],861.5000000000073,0.5,0.5,0.43905980868206196,SI,[2 1],49.49999999999994,10,1278.6000000000095,0.0,False,6
27,0,2,[1 2],861.5000000000073,0.5,0.5,0.019456519658605398,SI,[2 1],49.49999999999994,10,1278.6000000000095,0.0,False,6
27,0,3,[1 2],861.5000000000073,0.5,0.5,0.24314485910836192,SI,[2 1],49.49999999999994,10,1278.6000000000095,0.0,False,6
27,0,4,[1 2],861.5000000000073,0.5,0.5,0.2729627364621807,SI,[2 1],49.49999999999994,10,1278.6000000000095,0.0,False,6
28,0,0,[1 2],861.5000000000073,0.5,0.5,0.2767956617634134,SI,[2 1],49.49999999999994,10,1278.6000000000095,0.0,False,6
28,0,1,[1 2],861.5000000000073,0.5,0.5,0.3723844408103538,SI,[2 1],49.49999999999994,10,1278.6000000000095,0.0,False,6
28,0,2,[1 2],861.5000000000073,0.5,0.5,0.03110397070552251,SI,[2 1],49.49999999999994,10,1278.6000000000095,0.0,False,6
28,0,3,[1 2],861.5000000000073,0.5,0.5,0.29121358280704357,SI,[2 1],49.49999999999994,10,1278.6000000000095,0.0,False,6
28,0,4,[1 2],861.5000000000073,0.5,0.5,0.46409739842500886,SI,[2 1],49.49999999999994,10,1278.6000000000095,0.0,False,6
29,0,0,[1 2],861.5000000000073,0.5,0.5,0.2125193856540999,SI,[2 1],49.49999999999994,10,1278.6000000000095,0.0,False,6
29,0,1,[1 2],861.5000000000073,0.5,0.5,0.23982800182090336,SI,[2 1],49.49999999999994,10,1278.6000000000095,0.0,False,6
29,0,2,[1 2],861.5000000000073,0.5,0.5,0.23413108473327704,SI,[2 1],49.49999999999994,10,1278.6000000000095,0.0,False,6
29,0,3,[1 2],861.5000000000073,0.5,0.5,0.41338050027228157,SI,[2 1],49.49999999999994,10,1278.6000000000095,0.0,False,6
29,0,4,[1 2],861.5000000000073,0.5,0.5,0.43024771265155237,SI,[2 1],49.49999999999994,10,1278.6000000000095,0.0,False,6
30,0,0,[1 2],861.5000000000073,0.5,0.5,0.17924756191643587,SI,[2 1],49.49999999999994,10,1278.6000000000095,0.0,False,6
30,0,1,[1 2],861.5000000000073,0.5,0.5,0.44008403343891167,SI,[2 1],49.49999999999994,10,1278.6000000000095,0.0,False,6
30,0,2,[1 2],861.5000000000073,0.5,0.5,0.009856433493348526,SI,[2 1],49.49999999999994,10,1278.6000000000095,0.0,False,6
30,0,3,[1 2],861.5000000000073,0.5,0.5,0.03128341489394504,SI,[2 1],49.49999999999994,10,1278.6000000000095,0.0,False,6
30,0,4,[1 2],861.5000000000073,0.5,0.5,0.36556121079535253,SI,[2 1],49.49999999999994,10,1278.6000000000095,0.0,False,6
31,0,0,[1 2],861.5000000000073,0.5,0.5,0.06471792455312497,SI,[2 1],49.49999999999994,10,1278.6000000000095,0.0,False,6
31,0,1,[1 2],861.5000000000073,0.5,0.5,0.44194650436880656,SI,[2 1],49.49999999999994,10,1278.6000000000095,0.0,False,6
31,0,2,[1 2],861.5000000000073,0.5,0.5,0.3867750782940418,SI,[2 1],49.49999999999994,10,1278.6000000000095,0.0,False,6
31,0,3,[1 2],861.5000000000073,0.5,0.5,0.4131547475185401,SI,[2 1],49.49999999999994,10,1278.6000000000095,0.0,False,6
31,0,4,[1 2],861.5000000000073,0.5,0.5,0.3730101686200952,SI,[2 1],49.49999999999994,10,1278.6000000000095,0.0,False,6
32,0,0,[1 2],861.5000000000073,0.5,0.5,0.15128330034235615,SI,[2 1],49.49999999999994,10,1278.6000000000095,0.0,False,6
32,0,1,[1 2],861.5000000000073,0.5,0.5,0.14983353130175814,SI,[2 1],49.49999999999994,10,1278.6000000000095,0.0,False,6
32,0,2,[1 2],861.5000000000073,0.5,0.5,0.09292260477217107,SI,[2 1],49.49999999999994,10,1278.6000000000095,0.0,False,6
32,0,3,[1 2],861.5000000000073,0.5,0.5,0.09583280360003577,SI,[2 1],49.49999999999994,10,1278.6000000000095,0.0,False,6
32,0,4,[1 2],861.5000000000073,0.5,0.5,0.3248124108261632,SI,[2 1],49.49999999999994,10,1278.6000000000095,0.0,False,6
33,0,0,[1 2],861.5000000000073,0.5,0.5,0.3815169102358966,SI,[2 1],49.49999999999994,10,1278.6000000000095,0.0,False,6
33,0,1,[1 2],861.5000000000073,0.5,0.5,0.20499454958225816,SI,[2 1],49.49999999999994,10,1278.6000000000095,0.0,False,6
33,0,2,[1 2],861.5000000000073,0.5,0.5,0.050184754140238264,SI,[2 1],49.49999999999994,10,1278.6000000000095,0.0,False,6
33,0,3,[1 2],861.5000000000073,0.5,0.5,0.06962591015927122,SI,[2 1],49.49999999999994,10,1278.6000000000095,0.0,False,6
33,0,4,[1 2],861.5000000000073,0.5,0.5,0.02422481095122242,SI,[2 1],49.49999999999994,10,1278.6000000000095,0.0,False,6
34,0,0,[1 2],861.5000000000073,0.5,0.5,0.3468694498779875,SI,[2 1],49.49999999999994,10,1278.6000000000095,0.0,False,6
34,0,1,[1 2],861.5000000000073,0.5,0.5,0.16711741062573748,SI,[2 1],49.49999999999994,10,1278.6000000000095,0.0,False,6
34,0,2,[1 2],861.5000000000073,0.5,0.5,0.4784987817577233,SI,[2 1],49.49999999999994,10,1278.6000000000095,0.0,False,6
34,0,3,[1 2],861.5000000000073,0.5,0.5,0.22333734859991716,SI,[2 1],49.49999999999994,10,1278.6000000000095,0.0,False,6
34,0,4,[1 2],861.5000000000073,0.5,0.5,0.027151209896126627,SI,[2 1],49.49999999999994,10,1278.6000000000095,0.0,False,6
35,0,0,[1 2],861.5000000000073,0.5,0.5,0.399055834138084,SI,[2 1],49.49999999999994,10,1278.6000000000095,0.0,False,6
35,0,1,[1 2],861.5000000000073,0.5,0.5,0.4832304097874023,SI,[2 1],49.49999999999994,10,1278.6000000000095,0.0,False,6
35,0,2,[1 2],861.5000000000073,0.5,0.5,0.16604954469062838,SI,[2 1],49.49999999999994,10,1278.6000000000095,0.0,False,6
35,0,3,[1 2],861.5000000000073,0.5,0.5,0.29011150449983925,SI,[2 1],49.49999999999994,10,1278.6000000000095,0.0,False,6
35,0,4,[1 2],861.5000000000073,0.5,0.5,0.058496609006807865,SI,[2 1],49.49999999999994,10,1278.6000000000095,0.0,False,6
36,0,0,[1 2],861.5000000000073,0.5,0.5,0.10672162125867002,SI,[2 1],49.49999999999994,10,1278.6000000000095,0.0,False,6
36,0,1,[1 2],861.5000000000073,0.5,0.5,0.2500351828179068,SI,[2 1],49.49999999999994,10,1278.6000000000095,0.0,False,6
36,0,2,[1 2],861.5000000000073,0.5,0.5,0.3836408920025951,SI,[2 1],49.49999999999994,10,1278.6000000000095,0.0,False,6
36,0,3,[1 2],861.5000000000073,0.5,0.5,0.09819324830821552,SI,[2 1],49.49999999999994,10,1278.6000000000095,0.0,False,6
36,0,4,[1 2],861.5000000000073,0.5,0.5,0.2660923599050178,SI,[2 1],49.49999999999994,10,1278.6000000000095,0.0,False,6
37,0,0,[1 2],861.5000000000073,0.5,0.5,0.4438430506392931,SI,[2 1],49.49999999999994,10,1278.6000000000095,0.0,False,6
37,0,1,[1 2],861.5000000000073,0.5,0.5,0.13128682313754247,SI,[2 1],49.49999999999994,10,1278.6000000000095,0.0,False,6
37,0,2,[1 2],861.5000000000073,0.5,0.5,0.12882266827151,SI,[2 1],49.49999999999994,10,1278.6000000000095,0.0,False,6
37,0,3,[1 2],861.5000000000073,0.5,0.5,0.10898039365824175,SI,[2 1],49.49999999999994,10,1278.6000000000095,0.0,False,6
37,0,4,[1 2],861.5000000000073,0.5,0.5,0.49720634977802514,SI,[2 1],49.49999999999994,10,1278.6000000000095,0.0,False,6
38,0,0,[1 2],861.5000000000073,0.5,0.5,0.4544444136461835,SI,[2 1],49.49999999999994,10,1278.6000000000095,0.0,False,6
38,0,1,[1 2],861.5000000000073,0.5,0.5,0.25953763824996734,SI,[2 1],49.49999999999994,10,1278.6000000000095,0.0,False,6
38,0,2,[1 2],861.5000000000073,0.5,0.5,0.1569008637179018,SI,[2 1],49.49999999999994,10,1278.6000000000095,0.0,False,6
38,0,3,[1 2],861.5000000000073,0.5,0.5,0.15132788907802408,SI,[2 1],49.49999999999994,10,1278.6000000000095,0.0,False,6
38,0,4,[1 2],861.5000000000073,0.5,0.5,0.3671981140330812,SI,[2 1],49.49999999999994,10,1278.6000000000095,0.0,False,6
39,0,0,[1 2],861.5000000000073,0.5,0.5,0.24581566990034365,SI,[2 1],49.49999999999994,10,1278.6000000000095,0.0,False,6
39,0,1,[1 2],861.5000000000073,0.5,0.5,0.4727636479725271,SI,[2 1],49.49999999999994,10,1278.6000000000095,0.0,False,6
39,0,2,[1 2],861.5000000000073,0.5,0.5,0.1620054793104887,SI,[2 1],49.49999999999994,10,1278.6000000000095,0.0,False,6
39,0,3,[1 2],861.5000000000073,0.5,0.5,0.11635757383521594,SI,[2 1],49.49999999999994,10,1278.6000000000095,0.0,False,6
39,0,4,[1 2],861.5000000000073,0.5,0.5,0.291371860953778,SI,[2 1],49.49999999999994,10,1278.6000000000095,0.0,False,6
40,0,0,[1 2],861.5000000000073,0.5,0.5,0.2777562175598799,SI,[2 1],49.49999999999994,10,1278.6000000000095,0.0,False,6
40,0,1,[1 2],861.5000000000073,0.5,0.5,0.3325944894538053,SI,[2 1],49.49999999999994,10,1278.6000000000095,0.0,False,6
40,0,2,[1 2],861.5000000000073,0.5,0.5,0.015949241586294072,SI,[2 1],49.49999999999994,10,1278.6000000000095,0.0,False,6
40,0,3,[1 2],861.5000000000073,0.5,0.5,0.4163981252592912,SI,[2 1],49.49999999999994,10,1278.6000000000095,0.0,False,6
40,0,4,[1 2],861.5000000000073,0.5,0.5,0.46360662292447374,SI,[2 1],49.49999999999994,10,1278.6000000000095,0.0,False,6
41,0,0,[1 2],861.5000000000073,0.5,0.5,0.35673002426005695,SI,[2 1],49.49999999999994,10,1278.6000000000095,0.0,False,6
41,0,1,[1 2],861.5000000000073,0.5,0.5,0.2605323382483662,SI,[2 1],49.49999999999994,10,1278.6000000000095,0.0,False,6
41,0,2,[1 2],861.5000000000073,0.5,0.5,0.2955186197980114,SI,[2 1],49.49999999999994,10,1278.6000000000095,0.0,False,6
41,0,3,[1 2],861.5000000000073,0.5,0.5,0.3287234372885862,SI,[2 1],49.49999999999994,10,1278.6000000000095,0.0,False,6
41,0,4,[1 2],861.5000000000073,0.5,0.5,0.07939460038744794,SI,[2 1],49.49999999999994,10,1278.6000000000095,0.0,False,6
42,0,0,[1 2],861.5000000000073,0.5,0.5,0.09516797188814785,SI,[2 1],49.49999999999994,10,1278.6000000000095,0.0,False,6
42,0,1,[1 2],861.5000000000073,0.5,0.5,0.011754086173070832,SI,[2 1],49.49999999999994,10,1278.6000000000095,0.0,False,6
42,0,2,[1 2],861.5000000000073,0.5,0.5,0.39950456007543766,SI,[2 1],49.49999999999994,10,1278.6000000000095,0.0,False,6
42,0,3,[1 2],861.5000000000073,0.5,0.5,0.3180065373374842,SI,[2 1],49.49999999999994,10,1278.6000000000095,0.0,False,6
42,0,4,[1 2],861.5000000000073,0.5,0.5,0.4076173912090738,SI,[2 1],49.49999999999994,10,1278.6000000000095,0.0,False,6
43,0,0,[1 2],861.5000000000073,0.5,0.5,0.19913589014597965,SI,[2 1],49.49999999999994,10,1278.6000000000095,0.0,False,6
43,0,1,[1 2],861.5000000000073,0.5,0.5,0.42878668673650533,SI,[2 1],49.49999999999994,10,1278.6000000000095,0.0,False,6
43,0,2,[1 2],861.5000000000073,0.5,0.5,0.4476041812893915,SI,[2 1],49.49999999999994,10,1278.6000000000095,0.0,False,6
43,0,3,[1 2],861.5000000000073,0.5,0.5,0.20060723845045492,SI,[2 1],49.49999999999994,10,1278.6000000000095,0.0,False,6
43,0,4,[1 2],861.5000000000073,0.5,0.5,0.3233944513709993,SI,[2 1],49.49999999999994,10,1278.6000000000095,0.0,False,6
44,0,0,[1 2],861.5000000000073,0.5,0.5,0.138889370529935,SI,[2 1],49.49999999999994,10,1278.6000000000095,0.0,False,6
44,0,1,[1 2],861.5000000000073,0.5,0.5,0.46139035754459057,SI,[2 1],49.49999999999994,10,1278.6000000000095,0.0,False,6
44,0,2,[1 2],861.5000000000073,0.5,0.5,0.2839560311552842,SI,[2 1],49.49999999999994,10,1278.6000000000095,0.0,False,6
44,0,3,[1 2],861.5000000000073,0.5,0.5,0.42800747233789704,SI,[2 1],49.49999999999994,10,1278.6000000000095,0.0,False,6
44,0,4,[1 2],861.5000000000073,0.5,0.5,0.05469121650462738,SI,[2 1],49.49999999999994,10,1278.6000000000095,0.0,False,6
45,0,0,[1 2],861.5000000000073,0.5,0.5,0.011028299340737457,SI,[2 1],49.49999999999994,10,1278.6000000000095,0.0,False,6
45,0,1,[1 2],861.5000000000073,0.5,0.5,0.37711352189499037,SI,[2 1],49.49999999999994,10,1278.6000000000095,0.0,False,6
45,0,2,[1 2],861.5000000000073,0.5,0.5,0.046771739880278274,SI,[2 1],49.49999999999994,10,1278.6000000000095,0.0,False,6
45,0,3,[1 2],861.5000000000073,0.5,0.5,0.03402552506069778,SI,[2 1],49.49999999999994,10,1278.6000000000095,0.0,False,6
45,0,4,[1 2],861.5000000000073,0.5,0.5,0.3818956627007625,SI,[2 1],49.49999999999994,10,1278.6000000000095,0.0,False,6
46,0,0,[1 2],861.5000000000073,0.5,0.5,0.4093600540122171,SI,[2 1],49.49999999999994,10,1278.6000000000095,0.0,False,6
46,0,1,[1 2],861.5000000000073,0.5,0.5,0.22456097013034515,SI,[2 1],49.49999999999994,10,1278.6000000000095,0.0,False,6
46,0,2,[1 2],861.5000000000073,0.5,0.5,0.17869717021647102,SI,[2 1],49.49999999999994,10,1278.6000000000095,0.0,False,6
46,0,3,[1 2],861.5000000000073,0.5,0.5,0.01752068778592142,SI,[2 1],49.49999999999994,10,1278.6000000000095,0.0,False,6
46,0,4,[1 2],861.5000000000073,0.5,0.5,0.2329008464380914,SI,[2 1],49.49999999999994,10,1278.6000000000095,0.0,False,6
47,0,0,[1 2],861.5000000000073,0.5,0.5,0.18584845681079842,SI,[2 1],49.49999999999994,10,1278.6000000000095,0.0,False,6
47,0,1,[1 2],861.5000000000073,0.5,0.5,0.1621372051791704,SI,[2 1],49.49999999999994,10,1278.6000000000095,0.0,False,6
47,0,2,[1 2],861.5000000000073,0.5,0.5,0.2727728854821707,SI,[2 1],49.49999999999994,10,1278.6000000000095,0.0,False,6
47,0,3,[1 2],861.5000000000073,0.5,0.5,0.1503264277798122,SI,[2 1],49.49999999999994,10,1278.6000000000095,0.0,False,6
47,0,4,[1 2],861.5000000000073,0.5,0.5,0.14394452148889525,SI,[2 1],49.49999999999994,10,1278.6000000000095,0.0,False,6
48,0,0,[1 2],861.5000000000073,0.5,0.5,0.3342170799900812,SI,[2 1],49.49999999999994,10,1278.6000000000095,0.0,False,6
48,0,1,[1 2],861.5000000000073,0.5,0.5,0.06583368784646593,SI,[2 1],49.49999999999994,10,1278.6000000000095,0.0,False,6
48,0,2,[1 2],861.5000000000073,0.5,0.5,0.4126661508031386,SI,[2 1],49.49999999999994,10,1278.6000000000095,0.0,False,6
48,0,3,[1 2],861.5000000000073,0.5,0.5,0.03502210745615142,SI,[2 1],49.49999999999994,10,1278.6000000000095,0.0,False,6
48,0,4,[1 2],861.5000000000073,0.5,0.5,0.17111820571619962,SI,[2 1],49.49999999999994,10,1278.6000000000095,0.0,False,6
49,0,0,[1 2],861.5000000000073,0.5,0.5,0.384374816619514,SI,[2 1],49.49999999999994,10,1278.6000000000095,0.0,False,6
49,0,1,[1 2],861.5000000000073,0.5,0.5,0.15629078448312916,SI,[2 1],49.49999999999994,10,1278.6000000000095,0.0,False,6
49,0,2,[1 2],861.5000000000073,0.5,0.5,0.24619826882230478,SI,[2 1],49.49999999999994,10,1278.6000000000095,0.0,False,6
49,0,3,[1 2],861.5000000000073,0.5,0.5,0.38726014487704885,SI,[2 1],49.49999999999994,10,1278.6000000000095,0.0,False,6
49,0,4,[1 2],861.5000000000073,0.5,0.5,0.10908533977896007,SI,[2 1],49.49999999999994,10,1278.6000000000095,0.0,False,6
50,0,0,[1 2],861.5000000000073,0.5,0.5,0.2568546024817794,SI,[2 1],49.49999999999994,10,1278.6000000000095,0.0,False,6
50,0,1,[1 2],861.5000000000073,0.5,0.5,0.3556481302816864,SI,[2 1],49.49999999999994,10,1278.6000000000095,0.0,False,6
50,0,2,[1 2],861.5000000000073,0.5,0.5,0.0803673769708323,SI,[2 1],49.49999999999994,10,1278.6000000000095,0.0,False,6
50,0,3,[1 2],861.5000000000073,0.5,0.5,0.2627761347526074,SI,[2 1],49.49999999999994,10,1278.6000000000095,0.0,False,6
50,0,4,[1 2],861.5000000000073,0.5,0.5,0.01580532067457119,SI,[2 1],49.49999999999994,10,1278.6000000000095,0.0,False,6
0,1,0,[3 2 1],952.5,0.5,0.5,0.36776809805423905,SI,[3 1 2],52.5,10,996.6999999999971,0.0,False,7
0,1,1,[3 2 1],952.5,0.5,0.5,0.29789233051983177,SI,[3 1 2],52.5,10,996.6999999999971,0.0,False,7
0,1,2,[3 2 1],952.5,0.5,0.5,0.09270080990206297,SI,[3 1 2],52.5,10,996.6999999999971,0.0,False,7
0,1,3,[3 2 1],952.5,0.5,0.5,0.19024709273278284,SI,[3 1 2],52.5,10,996.6999999999971,0.0,False,7
0,1,4,[3 2 1],952.5,0.5,0.5,0.11194569686941591,SI,[3 1 2],52.5,10,996.6999999999971,0.0,False,7
1,0,0,[3 2 1],952.5,0.5,0.5,0.36856270114562073,SI,[3 1 2],52.5,10,996.6999999999971,0.0,False,7
1,0,1,[3 2 1],952.5,0.5,0.5,0.22543642016367071,SI,[3 1 2],52.5,10,996.6999999999971,0.0,False,7
1,0,2,[3 2 1],952.5,0.5,0.5,0.14025306231709633,SI,[3 1 2],52.5,10,996.6999999999971,0.0,False,7
1,0,3,[3 2 1],952.5,0.5,0.5,0.4646919146488072,SI,[3 1 2],52.5,10,996.6999999999971,0.0,False,7
1,0,4,[3 2 1],952.5,0.5,0.5,0.7917698616255413,MI,[1 2 3],89.0,10,979.5999999999985,0.0,False,7
2,0,0,[3 2 1],952.5,0.5,0.5,0.1470718942854019,SI,[3 1 2],52.5,10,996.6999999999971,0.0,False,7
2,0,1,[3 2 1],952.5,0.5,0.5,0.6157695074599484,MI,[1 2 3],89.0,10,979.5999999999985,0.0,False,7
2,0,2,[3 2 1],952.5,0.5,0.5,0.10295414233339484,SI,[3 1 2],52.5,10,996.6999999999971,0.0,False,7
2,0,3,[3 2 1],952.5,0.5,0.5,0.7162198818326558,MI,[1 2 3],89.0,10,979.5999999999985,0.0,False,7
2,0,4,[3 2 1],952.5,0.5,0.5,0.3322633806395455,SI,[3 1 2],52.5,10,996.6999999999971,0.0,False,7
3,0,0,[3 2 1],952.5,0.5,0.5,0.5551414490390904,MI,[1 2 3],89.0,10,979.5999999999985,0.0,False,7
3,0,1,[3 2 1],952.5,0.5,0.5,0.003055100752651474,SI,[3 1 2],52.5,10,996.6999999999971,0.0,False,7
3,0,2,[3 2 1],952.5,0.5,0.5,0.25549627230801397,SI,[3 1 2],52.5,10,996.6999999999971,0.0,False,7
3,0,3,[3 2 1],952.5,0.5,0.5,0.24645793031926178,SI,[3 1 2],52.5,10,996.6999999999971,0.0,False,7
3,0,4,[3 2 1],952.5,0.5,0.5,0.2029774832113299,SI,[3 1 2],52.5,10,996.6999999999971,0.0,False,7
4,0,0,[3 2 1],952.5,0.5,0.5,0.3169682446201725,SI,[3 1 2],52.5,10,996.6999999999971,0.0,False,7
4,0,1,[3 2 1],952.5,0.5,0.5,0.00487050231781927,SI,[3 1 2],52.5,10,996.6999999999971,0.0,False,7
4,0,2,[3 2 1],952.5,0.5,0.5,0.2913767775431396,SI,[3 1 2],52.5,10,996.6999999999971,0.0,False,7
4,0,3,[3 2 1],952.5,0.5,0.5,0.5052031119894848,MI,[1 2 3],89.0,10,979.5999999999985,0.0,False,7
4,0,4,[3 2 1],952.5,0.5,0.5,0.37679572596795974,SI,[3 1 2],52.5,10,996.6999999999971,0.0,False,7
5,0,0,[3 2 1],952.5,0.5,0.5,0.23668370720668186,SI,[1 2 3],89.0,10,979.5999999999985,0.0,False,7
5,0,1,[3 2 1],952.5,0.5,0.5,0.6086221060669524,MI,[1 2 3],89.0,10,979.5999999999985,0.0,False,7
5,0,2,[3 2 1],952.5,0.5,0.5,0.0031788270387030915,SI,[3 1 2],52.5,10,996.6999999999971,0.0,False,7
5,0,3,[3 2 1],952.5,0.5,0.5,0.3492392487833482,SI,[3 1 2],52.5,10,996.6999999999971,0.0,False,7
5,0,4,[3 2 1],952.5,0.5,0.5,0.1794778847619123,SI,[3 1 2],52.5,10,996.6999999999971,0.0,False,7
6,0,0,[3 2 1],952.5,0.5,0.5,0.386696489505294,SI,[3 1 2],52.5,10,996.6999999999971,0.0,False,7
6,0,1,[3 2 1],952.5,0.5,0.5,0.26340591837291605,SI,[3 1 2],52.5,10,996.6999999999971,0.0,False,7
6,0,2,[3 2 1],952.5,0.5,0.5,0.09531495930499256,SI,[3 1 2],52.5,10,996.6999999999971,0.0,False,7
6,0,3,[3 2 1],952.5,0.5,0.5,0.460934152228082,SI,[3 1 2],52.5,10,996.6999999999971,0.0,False,7
6,0,4,[3 2 1],952.5,0.5,0.5,0.10018403763923878,SI,[3 1 2],52.5,10,996.6999999999971,0.0,False,7
7,0,0,[3 2 1],952.5,0.5,0.5,0.43880591284253634,SI,[3 1 2],52.5,10,996.6999999999971,0.0,False,7
7,0,1,[3 2 1],952.5,0.5,0.5,0.2489743685223239,SI,[3 1 2],52.5,10,996.6999999999971,0.0,False,7
7,0,2,[3 2 1],952.5,0.5,0.5,0.045448016434943894,SI,[3 1 2],52.5,10,996.6999999999971,0.0,False,7
7,0,3,[3 2 1],952.5,0.5,0.5,0.25610893429678827,SI,[1 2 3],89.0,10,979.5999999999985,0.0,False,7
7,0,4,[3 2 1],952.5,0.5,0.5,0.09336040803375278,SI,[3 1 2],52.5,10,996.6999999999971,0.0,False,7
8,0,0,[3 2 1],952.5,0.5,0.5,0.2714486639226966,SI,[3 1 2],52.5,10,996.6999999999971,0.0,False,7
8,0,1,[3 2 1],952.5,0.5,0.5,0.11070412654014272,SI,[3 1 2],52.5,10,996.6999999999971,0.0,False,7
8,0,2,[3 2 1],952.5,0.5,0.5,0.45908667491743915,SI,[3 1 2],52.5,10,996.6999999999971,0.0,False,7
8,0,3,[3 2 1],952.5,0.5,0.5,0.2894668165996722,SI,[3 1 2],52.5,10,996.6999999999971,0.0,False,7
8,0,4,[3 2 1],952.5,0.5,0.5,0.4672823846702914,SI,[3 1 2],52.5,10,996.6999999999971,0.0,False,7
9,0,0,[3 2 1],952.5,0.5,0.5,0.5405214454893639,MI,[1 2 3],89.0,10,979.5999999999985,0.0,False,7
9,0,1,[3 2 1],952.5,0.5,0.5,0.4137580079722659,SI,[3 1 2],52.5,10,996.6999999999971,0.0,False,7
9,0,2,[3 2 1],952.5,0.5,0.5,0.3044743527932745,SI,[3 1 2],52.5,10,996.6999999999971,0.0,False,7
9,0,3,[3 2 1],952.5,0.5,0.5,0.66239915988299,MI,[1 2 3],89.0,10,979.5999999999985,0.0,False,7
9,0,4,[3 2 1],952.5,0.5,0.5,0.4134255585252091,SI,[3 1 2],52.5,10,996.6999999999971,0.0,False,7
10,0,0,[3 2 1],952.5,0.5,0.5,0.38193932616412885,SI,[3 1 2],52.5,10,996.6999999999971,0.0,False,7
10,0,1,[3 2 1],952.5,0.5,0.5,0.5541544985100709,MI,[1 2 3],89.0,10,979.5999999999985,0.0,False,7
10,0,2,[3 2 1],952.5,0.5,0.5,0.030003762281030744,SI,[3 1 2],52.5,10,996.6999999999971,0.0,False,7
10,0,3,[3 2 1],952.5,0.5,0.5,0.2893461094025044,SI,[3 1 2],52.5,10,996.6999999999971,0.0,False,7
10,0,4,[3 2 1],952.5,0.5,0.5,0.48531816267384376,SI,[3 1 2],52.5,10,996.6999999999971,0.0,False,7
11,0,0,[3 2 1],952.5,0.5,0.5,0.20287780511725784,SI,[3 1 2],52.5,10,996.6999999999971,0.0,False,7
11,0,1,[3 2 1],952.5,0.5,0.5,0.285536744772228,SI,[3 1 2],52.5,10,996.6999999999971,0.0,False,7
11,0,2,[3 2 1],952.5,0.5,0.5,0.49741926545424664,SI,[3 1 2],52.5,10,996.6999999999971,0.0,False,7
11,0,3,[3 2 1],952.5,0.5,0.5,0.13284192175550624,SI,[3 1 2],52.5,10,996.6999999999971,0.0,False,7
11,0,4,[3 2 1],952.5,0.5,0.5,0.2846978260090245,SI,[3 1 2],52.5,10,996.6999999999971,0.0,False,7
12,0,0,[3 2 1],952.5,0.5,0.5,0.2314953338069985,SI,[3 1 2],52.5,10,996.6999999999971,0.0,False,7
12,0,1,[3 2 1],952.5,0.5,0.5,0.2575440704422163,SI,[3 1 2],52.5,10,996.6999999999971,0.0,False,7
12,0,2,[3 2 1],952.5,0.5,0.5,0.44293405934562147,SI,[3 1 2],52.5,10,996.6999999999971,0.0,False,7
12,0,3,[3 2 1],952.5,0.5,0.5,0.6380609829754718,MI,[1 2 3],89.0,10,979.5999999999985,0.0,False,7
12,0,4,[3 2 1],952.5,0.5,0.5,0.021531479028324196,SI,[3 1 2],52.5,10,996.6999999999971,0.0,False,7
13,0,0,[3 2 1],952.5,0.5,0.5,0.09092901953907662,SI,[3 1 2],52.5,10,996.6999999999971,0.0,False,7
13,0,1,[3 2 1],952.5,0.5,0.5,0.17926445443429417,SI,[1 2 3],89.0,10,979.5999999999985,0.0,False,7
13,0,2,[3 2 1],952.5,0.5,0.5,0.22698572220773572,SI,[3 1 2],52.5,10,996.6999999999971,0.0,False,7
13,0,3,[3 2 1],952.5,0.5,0.5,0.5584580332902409,MI,[1 2 3],89.0,10,979.5999999999985,0.0,False,7
13,0,4,[3 2 1],952.5,0.5,0.5,0.3923539147765531,SI,[3 1 2],52.5,10,996.6999999999971,0.0,False,7
14,0,0,[3 2 1],952.5,0.5,0.5,0.7446398717269133,MI,[1 2 3],89.0,10,979.5999999999985,0.0,False,7
14,0,1,[3 2 1],952.5,0.5,0.5,0.14454686044317178,SI,[3 1 2],52.5,10,996.6999999999971,0.0,False,7
14,0,2,[3 2 1],952.5,0.5,0.5,0.2570224324258965,SI,[3 1 2],52.5,10,996.6999999999971,0.0,False,7
14,0,3,[3 2 1],952.5,0.5,0.5,0.5426832562965204,MI,[1 2 3],89.0,10,979.5999999999985,0.0,False,7
14,0,4,[3 2 1],952.5,0.5,0.5,0.4548475093459433,SI,[3 1 2],52.5,10,996.6999999999971,0.0,False,7
15,0,0,[3 2 1],952.5,0.5,0.5,0.3456592258030653,SI,[3 1 2],52.5,10,996.6999999999971,0.0,False,7
15,0,1,[3 2 1],952.5,0.5,0.5,0.07194476027101226,SI,[3 1 2],52.5,10,996.6999999999971,0.0,False,7
15,0,2,[3 2 1],952.5,0.5,0.5,0.03868963354315147,SI,[3 1 2],52.5,10,996.6999999999971,0.0,False,7
15,0,3,[3 2 1],952.5,0.5,0.5,0.1884185229320514,SI,[3 1 2],52.5,10,996.6999999999971,0.0,False,7
15,0,4,[3 2 1],952.5,0.5,0.5,0.11430119153644236,SI,[3 1 2],52.5,10,996.6999999999971,0.0,False,7
16,0,0,[3 2 1],952.5,0.5,0.5,0.5613107784359721,MI,[1 2 3],89.0,10,979.5999999999985,0.0,False,7
16,0,1,[3 2 1],952.5,0.5,0.5,0.28280048700904103,SI,[3 1 2],52.5,10,996.6999999999971,0.0,False,7
16,0,2,[3 2 1],952.5,0.5,0.5,0.2201124467342057,SI,[3 1 2],52.5,10,996.6999999999971,0.0,False,7
16,0,3,[3 2 1],952.5,0.5,0.5,0.015934792377740092,SI,[3 1 2],52.5,10,996.6999999999971,0.0,False,7
16,0,4,[3 2 1],952.5,0.5,0.5,0.03910112341809224,SI,[3 1 2],52.5,10,996.6999999999971,0.0,False,7
17,0,0,[3 2 1],952.5,0.5,0.5,0.0892704087393773,SI,[3 1 2],52.5,10,996.6999999999971,0.0,False,7
17,0,1,[3 2 1],952.5,0.5,0.5,0.7403646153720089,MI,[1 2 3],89.0,10,979.5999999999985,0.0,False,7
17,0,2,[3 2 1],952.5,0.5,0.5,0.4220063179584047,SI,[3 1 2],52.5,10,996.6999999999971,0.0,False,7
17,0,3,[3 2 1],952.5,0.5,0.5,0.34918906616983525,SI,[3 1 2],52.5,10,996.6999999999971,0.0,False,7
17,0,4,[3 2 1],952.5,0.5,0.5,0.6293525660344007,MI,[1 2 3],89.0,10,979.5999999999985,0.0,False,7
18,0,0,[3 2 1],952.5,0.5,0.5,0.366053435979922,SI,[3 1 2],52.5,10,996.6999999999971,0.0,False,7
18,0,1,[3 2 1],952.5,0.5,0.5,0.9549659109255468,MI,[1 2 3],89.0,10,979.5999999999985,0.0,False,7
18,0,2,[3 2 1],952.5,0.5,0.5,0.4073495296879468,SI,[3 1 2],52.5,10,996.6999999999971,0.0,False,7
18,0,3,[3 2 1],952.5,0.5,0.5,0.08447549793152886,SI,[3 1 2],52.5,10,996.6999999999971,0.0,False,7
18,0,4,[3 2 1],952.5,0.5,0.5,0.476535287125883,SI,[3 1 2],52.5,10,996.6999999999971,0.0,False,7
19,0,0,[3 2 1],952.5,0.5,0.5,0.20972375055950832,SI,[3 1 2],52.5,10,996.6999999999971,0.0,False,7
19,0,1,[3 2 1],952.5,0.5,0.5,0.07064160848431489,SI,[3 1 2],52.5,10,996.6999999999971,0.0,False,7
19,0,2,[3 2 1],952.5,0.5,0.5,0.31030740685815494,SI,[3 1 2],52.5,10,996.6999999999971,0.0,False,7
19,0,3,[3 2 1],952.5,0.5,0.5,0.37898325163193536,SI,[3 1 2],52.5,10,996.6999999999971,0.0,False,7
19,0,4,[3 2 1],952.5,0.5,0.5,0.30988314356081126,SI,[3 1 2],52.5,10,996.6999999999971,0.0,False,7
20,0,0,[3 2 1],952.5,0.5,0.5,0.1977900680581095,SI,[3 1 2],52.5,10,996.6999999999971,0.0,False,7
20,0,1,[3 2 1],952.5,0.5,0.5,0.25352870034149155,SI,[3 1 2],52.5,10,996.6999999999971,0.0,False,7
20,0,2,[3 2 1],952.5,0.5,0.5,0.3787340324559385,SI,[3 1 2],52.5,10,996.6999999999971,0.0,False,7
20,0,3,[3 2 1],952.5,0.5,0.5,0.1150000629015242,SI,[3 1 2],52.5,10,996.6999999999971,0.0,False,7
20,0,4,[3 2 1],952.5,0.5,0.5,0.843255691026027,MI,[1 2 3],89.0,10,979.5999999999985,0.0,False,7
21,0,0,[3 2 1],952.5,0.5,0.5,0.3710274152659949,SI,[3 1 2],52.5,10,996.6999999999971,0.0,False,7
21,0,1,[3 2 1],952.5,0.5,0.5,0.19879660316696157,SI,[3 1 2],52.5,10,996.6999999999971,0.0,False,7
21,0,2,[3 2 1],952.5,0.5,0.5,0.30560530789011586,SI,[3 1 2],52.5,10,996.6999999999971,0.0,False,7
21,0,3,[3 2 1],952.5,0.5,0.5,0.07353059401539708,SI,[3 1 2],52.5,10,996.6999999999971,0.0,False,7
21,0,4,[3 2 1],952.5,0.5,0.5,0.26961605445061043,SI,[3 1 2],52.5,10,996.6999999999971,0.0,False,7
22,0,0,[3 2 1],952.5,0.5,0.5,0.9591543496239912,MI,[1 2 3],89.0,10,979.5999999999985,0.0,False,7
22,0,1,[3 2 1],952.5,0.5,0.5,0.07196236205277673,SI,[1 2 3],89.0,10,979.5999999999985,0.0,False,7
22,0,2,[3 2 1],952.5,0.5,0.5,0.22929766205975777,SI,[1 2 3],89.0,10,979.5999999999985,0.0,False,7
22,0,3,[3 2 1],952.5,0.5,0.5,0.132056491305505,SI,[3 1 2],52.5,10,996.6999999999971,0.0,False,7
22,0,4,[3 2 1],952.5,0.5,0.5,0.9933903320460925,MI,[1 2 3],89.0,10,979.5999999999985,0.0,False,7
23,0,0,[3 2 1],952.5,0.5,0.5,0.0038942833484361117,SI,[3 1 2],52.5,10,996.6999999999971,0.0,False,7
23,0,1,[3 2 1],952.5,0.5,0.5,0.3806233947906732,SI,[3 1 2],52.5,10,996.6999999999971,0.0,False,7
23,0,2,[3 2 1],952.5,0.5,0.5,0.1939178153771025,SI,[3 1 2],52.5,10,996.6999999999971,0.0,False,7
23,0,3,[3 2 1],952.5,0.5,0.5,0.27344488472027706,SI,[3 1 2],52.5,10,996.6999999999971,0.0,False,7
23,0,4,[3 2 1],952.5,0.5,0.5,0.33298537114378957,SI,[3 1 2],52.5,10,996.6999999999971,0.0,False,7
24,0,0,[3 2 1],952.5,0.5,0.5,0.22114527545981522,SI,[3 1 2],52.5,10,996.6999999999971,0.0,False,7
24,0,1,[3 2 1],952.5,0.5,0.5,0.0035787625462894157,SI,[3 1 2],52.5,10,996.6999999999971,0.0,False,7
24,0,2,[3 2 1],952.5,0.5,0.5,0.05491612973500026,SI,[3 1 2],52.5,10,996.6999999999971,0.0,False,7
24,0,3,[3 2 1],952.5,0.5,0.5,0.4230018332533584,SI,[3 1 2],52.5,10,996.6999999999971,0.0,False,7
24,0,4,[3 2 1],952.5,0.5,0.5,0.4115340768053809,SI,[3 1 2],52.5,10,996.6999999999971,0.0,False,7
25,0,0,[3 2 1],952.5,0.5,0.5,0.31643867829633243,SI,[3 1 2],52.5,10,996.6999999999971,0.0,False,7
25,0,1,[3 2 1],952.5,0.5,0.5,0.3422747744508494,SI,[3 1 2],52.5,10,996.6999999999971,0.0,False,7
25,0,2,[3 2 1],952.5,0.5,0.5,0.3669177033459856,SI,[3 1 2],52.5,10,996.6999999999971,0.0,False,7
25,0,3,[3 2 1],952.5,0.5,0.5,0.22328878862706625,SI,[3 1 2],52.5,10,996.6999999999971,0.0,False,7
25,0,4,[3 2 1],952.5,0.5,0.5,0.42991463446298706,SI,[3 1 2],52.5,10,996.6999999999971,0.0,False,7
26,0,0,[3 2 1],952.5,0.5,0.5,0.432235341627913,SI,[3 1 2],52.5,10,996.6999999999971,0.0,False,7
26,0,1,[3 2 1],952.5,0.5,0.5,0.2340122430249385,SI,[1 2 3],89.0,10,979.5999999999985,0.0,False,7
26,0,2,[3 2 1],952.5,0.5,0.5,0.6873803110892015,MI,[1 2 3],89.0,10,979.5999999999985,0.0,False,7
26,0,3,[3 2 1],952.5,0.5,0.5,0.4165276640289387,SI,[1 2 3],89.0,10,979.5999999999985,0.0,False,7
26,0,4,[3 2 1],952.5,0.5,0.5,0.41424168042895415,SI,[3 1 2],52.5,10,996.6999999999971,0.0,False,7
27,0,0,[3 2 1],952.5,0.5,0.5,0.8334355450224514,MI,[1 2 3],89.0,10,979.5999999999985,0.0,False,7
27,0,1,[3 2 1],952.5,0.5,0.5,0.4918795286178501,SI,[3 1 2],52.5,10,996.6999999999971,0.0,False,7
27,0,2,[3 2 1],952.5,0.5,0.5,0.32931775781805306,SI,[3 1 2],52.5,10,996.6999999999971,0.0,False,7
27,0,3,[3 2 1],952.5,0.5,0.5,0.3798106545559615,SI,[3 1 2],52.5,10,996.6999999999971,0.0,False,7
27,0,4,[3 2 1],952.5,0.5,0.5,0.009734355328286148,SI,[3 1 2],52.5,10,996.6999999999971,0.0,False,7
28,0,0,[3 2 1],952.5,0.5,0.5,0.40195410241875473,SI,[3 1 2],52.5,10,996.6999999999971,0.0,False,7
28,0,1,[3 2 1],952.5,0.5,0.5,0.3572736241072191,SI,[3 1 2],52.5,10,996.6999999999971,0.0,False,7
28,0,2,[3 2 1],952.5,0.5,0.5,0.5193794194023452,MI,[1 2 3],89.0,10,979.5999999999985,0.0,False,7
28,0,3,[3 2 1],952.5,0.5,0.5,0.3917348561610988,SI,[3 1 2],52.5,10,996.6999999999971,0.0,False,7
28,0,4,[3 2 1],952.5,0.5,0.5,0.07603651562673819,SI,[3 1 2],52.5,10,996.6999999999971,0.0,False,7
29,0,0,[3 2 1],952.5,0.5,0.5,0.4030297729997864,SI,[3 1 2],52.5,10,996.6999999999971,0.0,False,7
29,0,1,[3 2 1],952.5,0.5,0.5,0.8669259462950094,MI,[1 2 3],89.0,10,979.5999999999985,0.0,False,7
29,0,2,[3 2 1],952.5,0.5,0.5,0.37884316558663267,SI,[3 1 2],52.5,10,996.6999999999971,0.0,False,7
29,0,3,[3 2 1],952.5,0.5,0.5,0.40151172122217094,SI,[3 1 2],52.5,10,996.6999999999971,0.0,False,7
29,0,4,[3 2 1],952.5,0.5,0.5,0.48613047535443044,SI,[3 1 2],52.5,10,996.6999999999971,0.0,False,7
30,0,0,[3 2 1],952.5,0.5,0.5,0.1652757172281879,SI,[3 1 2],52.5,10,996.6999999999971,0.0,False,7
30,0,1,[3 2 1],952.5,0.5,0.5,0.2532850375339477,SI,[3 1 2],52.5,10,996.6999999999971,0.0,False,7
30,0,2,[3 2 1],952.5,0.5,0.5,0.09322307006793207,SI,[3 1 2],52.5,10,996.6999999999971,0.0,False,7
30,0,3,[3 2 1],952.5,0.5,0.5,0.3092165615798623,SI,[3 1 2],52.5,10,996.6999999999971,0.0,False,7
30,0,4,[3 2 1],952.5,0.5,0.5,0.24997635437055798,SI,[3 1 2],52.5,10,996.6999999999971,0.0,False,7
31,0,0,[3 2 1],952.5,0.5,0.5,0.2814867446879564,SI,[3 1 2],52.5,10,996.6999999999971,0.0,False,7
31,0,1,[3 2 1],952.5,0.5,0.5,0.5761081219682266,MI,[1 2 3],89.0,10,979.5999999999985,0.0,False,7
31,0,2,[3 2 1],952.5,0.5,0.5,0.11014828545589572,SI,[3 1 2],52.5,10,996.6999999999971,0.0,False,7
31,0,3,[3 2 1],952.5,0.5,0.5,0.2184673995806261,SI,[3 1 2],52.5,10,996.6999999999971,0.0,False,7
31,0,4,[3 2 1],952.5,0.5,0.5,0.4899250560297155,SI,[3 1 2],52.5,10,996.6999999999971,0.0,False,7
32,0,0,[3 2 1],952.5,0.5,0.5,0.3394231075298295,SI,[3 1 2],52.5,10,996.6999999999971,0.0,False,7
32,0,1,[3 2 1],952.5,0.5,0.5,0.1715346128145685,SI,[3 1 2],52.5,10,996.6999999999971,0.0,False,7
32,0,2,[3 2 1],952.5,0.5,0.5,0.4777524736020963,SI,[3 1 2],52.5,10,996.6999999999971,0.0,False,7
32,0,3,[3 2 1],952.5,0.5,0.5,0.28487234062359523,SI,[3 1 2],52.5,10,996.6999999999971,0.0,False,7
32,0,4,[3 2 1],952.5,0.5,0.5,0.33507571121182134,SI,[3 1 2],52.5,10,996.6999999999971,0.0,False,7
33,0,0,[3 2 1],952.5,0.5,0.5,0.1842722598267721,SI,[3 1 2],52.5,10,996.6999999999971,0.0,False,7
33,0,1,[3 2 1],952.5,0.5,0.5,0.383394464889524,SI,[3 1 2],52.5,10,996.6999999999971,0.0,False,7
33,0,2,[3 2 1],952.5,0.5,0.5,0.030210855265600745,SI,[3 1 2],52.5,10,996.6999999999971,0.0,False,7
33,0,3,[3 2 1],952.5,0.5,0.5,0.1677963133024386,SI,[3 1 2],52.5,10,996.6999999999971,0.0,False,7
33,0,4,[3 2 1],952.5,0.5,0.5,0.6441362726699095,MI,[1 2 3],89.0,10,979.5999999999985,0.0,False,7
34,0,0,[3 2 1],952.5,0.5,0.5,0.31214228606257244,SI,[3 1 2],52.5,10,996.6999999999971,0.0,False,7
34,0,1,[3 2 1],952.5,0.5,0.5,0.13573253628605664,SI,[3 1 2],52.5,10,996.6999999999971,0.0,False,7
34,0,2,[3 2 1],952.5,0.5,0.5,0.24891297745143626,SI,[3 1 2],52.5,10,996.6999999999971,0.0,False,7
34,0,3,[3 2 1],952.5,0.5,0.5,0.21058982574993756,SI,[3 1 2],52.5,10,996.6999999999971,0.0,False,7
34,0,4,[3 2 1],952.5,0.5,0.5,0.0639607882740717,SI,[3 1 2],52.5,10,996.6999999999971,0.0,False,7
35,0,0,[3 2 1],952.5,0.5,0.5,0.020349426355886102,SI,[3 1 2],52.5,10,996.6999999999971,0.0,False,7
35,0,1,[3 2 1],952.5,0.5,0.5,0.1654633889864605,SI,[3 1 2],52.5,10,996.6999999999971,0.0,False,7
35,0,2,[3 2 1],952.5,0.5,0.5,0.19442669253897382,SI,[3 1 2],52.5,10,996.6999999999971,0.0,False,7
35,0,3,[3 2 1],952.5,0.5,0.5,0.18109725712858937,SI,[3 1 2],52.5,10,996.6999999999971,0.0,False,7
35,0,4,[3 2 1],952.5,0.5,0.5,0.3269438527200923,SI,[3 1 2],52.5,10,996.6999999999971,0.0,False,7
36,0,0,[3 2 1],952.5,0.5,0.5,0.39337164783097345,SI,[3 1 2],52.5,10,996.6999999999971,0.0,False,7
36,0,1,[3 2 1],952.5,0.5,0.5,0.42471492477058403,SI,[3 1 2],52.5,10,996.6999999999971,0.0,False,7
36,0,2,[3 2 1],952.5,0.5,0.5,0.04820554685668277,SI,[3 1 2],52.5,10,996.6999999999971,0.0,False,7
36,0,3,[3 2 1],952.5,0.5,0.5,0.033722873518668095,SI,[1 2 3],89.0,10,979.5999999999985,0.0,False,7
36,0,4,[3 2 1],952.5,0.5,0.5,0.19346288098601516,SI,[3 1 2],52.5,10,996.6999999999971,0.0,False,7
37,0,0,[3 2 1],952.5,0.5,0.5,0.3554062320850059,SI,[3 1 2],52.5,10,996.6999999999971,0.0,False,7
37,0,1,[3 2 1],952.5,0.5,0.5,0.04797851364264627,SI,[3 1 2],52.5,10,996.6999999999971,0.0,False,7
37,0,2,[3 2 1],952.5,0.5,0.5,0.0461859926025322,SI,[3 1 2],52.5,10,996.6999999999971,0.0,False,7
37,0,3,[3 2 1],952.5,0.5,0.5,0.25083322107333494,SI,[3 1 2],52.5,10,996.6999999999971,0.0,False,7
37,0,4,[3 2 1],952.5,0.5,0.5,0.3087654175463501,SI,[3 1 2],52.5,10,996.6999999999971,0.0,False,7
38,0,0,[3 2 1],952.5,0.5,0.5,0.25153633375070716,SI,[3 1 2],52.5,10,996.6999999999971,0.0,False,7
38,0,1,[3 2 1],952.5,0.5,0.5,0.4634910374435379,SI,[3 1 2],52.5,10,996.6999999999971,0.0,False,7
38,0,2,[3 2 1],952.5,0.5,0.5,0.317290520359229,SI,[3 1 2],52.5,10,996.6999999999971,0.0,False,7
38,0,3,[3 2 1],952.5,0.5,0.5,0.002500413161244719,SI,[3 1 2],52.5,10,996.6999999999971,0.0,False,7
38,0,4,[3 2 1],952.5,0.5,0.5,0.10012230945341705,SI,[1 2 3],89.0,10,979.5999999999985,0.0,False,7
39,0,0,[3 2 1],952.5,0.5,0.5,0.1776447476033023,SI,[3 1 2],52.5,10,996.6999999999971,0.0,False,7
39,0,1,[3 2 1],952.5,0.5,0.5,0.6022567617523805,MI,[1 2 3],89.0,10,979.5999999999985,0.0,False,7
39,0,2,[3 2 1],952.5,0.5,0.5,0.2703781034850038,SI,[3 1 2],52.5,10,996.6999999999971,0.0,False,7
39,0,3,[3 2 1],952.5,0.5,0.5,0.3033227947343936,SI,[3 1 2],52.5,10,996.6999999999971,0.0,False,7
39,0,4,[3 2 1],952.5,0.5,0.5,0.3532091562759584,SI,[3 1 2],52.5,10,996.6999999999971,0.0,False,7
40,0,0,[3 2 1],952.5,0.5,0.5,0.8263053583373949,MI,[1 2 3],89.0,10,979.5999999999985,0.0,False,7
40,0,1,[3 2 1],952.5,0.5,0.5,0.47207914466755285,SI,[1 2 3],89.0,10,979.5999999999985,0.0,False,7
40,0,2,[3 2 1],952.5,0.5,0.5,0.17801791490760133,SI,[3 1 2],52.5,10,996.6999999999971,0.0,False,7
40,0,3,[3 2 1],952.5,0.5,0.5,0.389645110257712,SI,[3 1 2],52.5,10,996.6999999999971,0.0,False,7
40,0,4,[3 2 1],952.5,0.5,0.5,0.47869576392562974,SI,[3 1 2],52.5,10,996.6999999999971,0.0,False,7
41,0,0,[3 2 1],952.5,0.5,0.5,0.0062187181289609095,SI,[3 1 2],52.5,10,996.6999999999971,0.0,False,7
41,0,1,[3 2 1],952.5,0.5,0.5,0.026133605292730677,SI,[3 1 2],52.5,10,996.6999999999971,0.0,False,7
41,0,2,[3 2 1],952.5,0.5,0.5,0.3904006384082248,SI,[3 1 2],52.5,10,996.6999999999971,0.0,False,7
41,0,3,[3 2 1],952.5,0.5,0.5,0.6813305290268835,MI,[1 2 3],89.0,10,979.5999999999985,0.0,False,7
41,0,4,[3 2 1],952.5,0.5,0.5,0.12835779406364067,SI,[3 1 2],52.5,10,996.6999999999971,0.0,False,7
42,0,0,[3 2 1],952.5,0.5,0.5,0.36705537379614506,SI,[3 1 2],52.5,10,996.6999999999971,0.0,False,7
42,0,1,[3 2 1],952.5,0.5,0.5,0.4099219573744317,SI,[1 2 3],89.0,10,979.5999999999985,0.0,False,7
42,0,2,[3 2 1],952.5,0.5,0.5,0.4051020475701381,SI,[3 1 2],52.5,10,996.6999999999971,0.0,False,7
42,0,3,[3 2 1],952.5,0.5,0.5,0.28197571620774875,SI,[3 1 2],52.5,10,996.6999999999971,0.0,False,7
42,0,4,[3 2 1],952.5,0.5,0.5,0.37214662274750054,SI,[3 1 2],52.5,10,996.6999999999971,0.0,False,7
43,0,0,[3 2 1],952.5,0.5,0.5,0.19507519713920096,SI,[3 1 2],52.5,10,996.6999999999971,0.0,False,7
43,0,1,[3 2 1],952.5,0.5,0.5,0.3535573843489066,SI,[3 1 2],52.5,10,996.6999999999971,0.0,False,7
43,0,2,[3 2 1],952.5,0.5,0.5,0.056527537132189276,SI,[3 1 2],52.5,10,996.6999999999971,0.0,False,7
43,0,3,[3 2 1],952.5,0.5,0.5,0.30106797448596134,SI,[3 1 2],52.5,10,996.6999999999971,0.0,False,7
43,0,4,[3 2 1],952.5,0.5,0.5,0.23467319791096675,SI,[3 1 2],52.5,10,996.6999999999971,0.0,False,7
44,0,0,[3 2 1],952.5,0.5,0.5,0.013061029165755689,SI,[3 1 2],52.5,10,996.6999999999971,0.0,False,7
44,0,1,[3 2 1],952.5,0.5,0.5,0.47153151361648526,SI,[3 1 2],52.5,10,996.6999999999971,0.0,False,7
44,0,2,[3 2 1],952.5,0.5,0.5,0.0705612832578516,SI,[3 1 2],52.5,10,996.6999999999971,0.0,False,7
44,0,3,[3 2 1],952.5,0.5,0.5,0.20242907803818389,SI,[3 1 2],52.5,10,996.6999999999971,0.0,False,7
44,0,4,[3 2 1],952.5,0.5,0.5,0.1838337489947499,SI,[3 1 2],52.5,10,996.6999999999971,0.0,False,7
45,0,0,[3 2 1],952.5,0.5,0.5,0.41609336709860045,SI,[3 1 2],52.5,10,996.6999999999971,0.0,False,7
45,0,1,[3 2 1],952.5,0.5,0.5,0.18873212523076044,SI,[3 1 2],52.5,10,996.6999999999971,0.0,False,7
45,0,2,[3 2 1],952.5,0.5,0.5,0.9188001687160264,MI,[1 2 3],89.0,10,979.5999999999985,0.0,False,7
45,0,3,[3 2 1],952.5,0.5,0.5,0.16710924030581864,SI,[3 1 2],52.5,10,996.6999999999971,0.0,False,7
45,0,4,[3 2 1],952.5,0.5,0.5,0.009923679094512083,SI,[3 1 2],52.5,10,996.6999999999971,0.0,False,7
46,0,0,[3 2 1],952.5,0.5,0.5,0.05044422149340144,SI,[3 1 2],52.5,10,996.6999999999971,0.0,False,7
46,0,1,[3 2 1],952.5,0.5,0.5,0.023761122646114075,SI,[3 1 2],52.5,10,996.6999999999971,0.0,False,7
46,0,2,[3 2 1],952.5,0.5,0.5,0.0983131476494623,SI,[3 1 2],52.5,10,996.6999999999971,0.0,False,7
46,0,3,[3 2 1],952.5,0.5,0.5,0.9801159140230925,MI,[1 2 3],89.0,10,979.5999999999985,0.0,False,7
46,0,4,[3 2 1],952.5,0.5,0.5,0.646766887010678,MI,[1 2 3],89.0,10,979.5999999999985,0.0,False,7
47,0,0,[3 2 1],952.5,0.5,0.5,0.10374355446862438,SI,[3 1 2],52.5,10,996.6999999999971,0.0,False,7
47,0,1,[3 2 1],952.5,0.5,0.5,0.4338890510631903,SI,[3 1 2],52.5,10,996.6999999999971,0.0,False,7
47,0,2,[3 2 1],952.5,0.5,0.5,0.1293260145215076,SI,[3 1 2],52.5,10,996.6999999999971,0.0,False,7
47,0,3,[3 2 1],952.5,0.5,0.5,0.4253232760882285,SI,[3 1 2],52.5,10,996.6999999999971,0.0,False,7
47,0,4,[3 2 1],952.5,0.5,0.5,0.13116461583432326,SI,[3 1 2],52.5,10,996.6999999999971,0.0,False,7
48,0,0,[3 2 1],952.5,0.5,0.5,0.33297976863513523,SI,[3 1 2],52.5,10,996.6999999999971,0.0,False,7
48,0,1,[3 2 1],952.5,0.5,0.5,0.7807661346120515,MI,[1 2 3],89.0,10,979.5999999999985,0.0,False,7
48,0,2,[3 2 1],952.5,0.5,0.5,0.19331972557892052,SI,[3 1 2],52.5,10,996.6999999999971,0.0,False,7
48,0,3,[3 2 1],952.5,0.5,0.5,0.14069651401952898,SI,[1 2 3],89.0,10,979.5999999999985,0.0,False,7
48,0,4,[3 2 1],952.5,0.5,0.5,0.39817660830529256,SI,[3 1 2],52.5,10,996.6999999999971,0.0,False,7
49,0,0,[3 2 1],952.5,0.5,0.5,0.468467260311089,SI,[3 1 2],52.5,10,996.6999999999971,0.0,False,7
49,0,1,[3 2 1],952.5,0.5,0.5,0.05712167907045829,SI,[3 1 2],52.5,10,996.6999999999971,0.0,False,7
49,0,2,[3 2 1],952.5,0.5,0.5,0.6845709385332918,MI,[1 2 3],89.0,10,979.5999999999985,0.0,False,7
49,0,3,[3 2 1],952.5,0.5,0.5,0.4793117831918161,SI,[3 1 2],52.5,10,996.6999999999971,0.0,False,7
49,0,4,[3 2 1],952.5,0.5,0.5,0.3632697333905587,SI,[3 1 2],52.5,10,996.6999999999971,0.0,False,7
50,0,0,[3 2 1],952.5,0.5,0.5,0.4592153819463375,SI,[3 1 2],52.5,10,996.6999999999971,0.0,False,7
50,0,1,[3 2 1],952.5,0.5,0.5,0.17371546167524343,SI,[3 1 2],52.5,10,996.6999999999971,0.0,False,7
50,0,2,[3 2 1],952.5,0.5,0.5,0.48881737326898134,SI,[3 1 2],52.5,10,996.6999999999971,0.0,False,7
50,0,3,[3 2 1],952.5,0.5,0.5,0.21414571902684076,SI,[3 1 2],52.5,10,996.6999999999971,0.0,False,7
50,0,4,[3 2 1],952.5,0.5,0.5,0.8131285979863644,MI,[1 2 3],89.0,10,979.5999999999985,0.0,False,7
0,3,0,[1 2],796.3000000000029,0.5,0.5,0.2775468212237584,SI,[2 1],116.90000000000003,10,884.4000000000015,0.0,False,8
0,3,1,[1 2],796.3000000000029,0.5,0.5,0.06295099341292143,SI,[2 1],116.90000000000003,10,884.4000000000015,0.0,False,8
0,3,2,[1 2],796.3000000000029,0.5,0.5,0.07635543898773489,SI,[2 1],116.90000000000003,10,884.4000000000015,0.0,False,8
0,3,3,[1 2],796.3000000000029,0.5,0.5,0.41042098012569017,SI,[2 1],116.90000000000003,10,884.4000000000015,0.0,False,8
0,3,4,[1 2],796.3000000000029,0.5,0.5,0.21102084424338108,SI,[2 1],116.90000000000003,10,884.4000000000015,0.0,False,8
1,0,0,[1 2],796.3000000000029,0.5,0.5,0.4547775312875413,SI,[2 1],116.90000000000003,10,884.4000000000015,0.0,False,8
1,0,1,[1 2],796.3000000000029,0.5,0.5,0.10708289209086475,SI,[2 1],116.90000000000003,10,884.4000000000015,0.0,False,8
1,0,2,[1 2],796.3000000000029,0.5,0.5,0.48455825581795775,SI,[2 1],116.90000000000003,10,884.4000000000015,0.0,False,8
1,0,3,[1 2],796.3000000000029,0.5,0.5,0.45576558500956943,SI,[2 1],116.90000000000003,10,884.4000000000015,0.0,False,8
1,0,4,[1 2],796.3000000000029,0.5,0.5,0.1319694650904153,SI,[2 1],116.90000000000003,10,884.4000000000015,0.0,False,8
2,0,0,[1 2],796.3000000000029,0.5,0.5,0.054681493180663066,SI,[2 1],116.90000000000003,10,884.4000000000015,0.0,False,8
2,0,1,[1 2],796.3000000000029,0.5,0.5,0.38442821742722033,SI,[2 1],116.90000000000003,10,884.4000000000015,0.0,False,8
2,0,2,[1 2],796.3000000000029,0.5,0.5,0.02601807128583733,SI,[2 1],116.90000000000003,10,884.4000000000015,0.0,False,8
2,0,3,[1 2],796.3000000000029,0.5,0.5,0.28145840591637306,SI,[2 1],116.90000000000003,10,884.4000000000015,0.0,False,8
2,0,4,[1 2],796.3000000000029,0.5,0.5,0.1871900818946155,SI,[2 1],116.90000000000003,10,884.4000000000015,0.0,False,8
3,0,0,[1 2],796.3000000000029,0.5,0.5,0.20016272326432938,SI,[2 1],116.90000000000003,10,884.4000000000015,0.0,False,8
3,0,1,[1 2],796.3000000000029,0.5,0.5,0.4477048583809229,SI,[2 1],116.90000000000003,10,884.4000000000015,0.0,False,8
3,0,2,[1 2],796.3000000000029,0.5,0.5,0.3531768896499403,SI,[2 1],116.90000000000003,10,884.4000000000015,0.0,False,8
3,0,3,[1 2],796.3000000000029,0.5,0.5,0.37181493488921336,SI,[2 1],116.90000000000003,10,884.4000000000015,0.0,False,8
3,0,4,[1 2],796.3000000000029,0.5,0.5,0.4865270613653545,SI,[2 1],116.90000000000003,10,884.4000000000015,0.0,False,8
4,0,0,[1 2],796.3000000000029,0.5,0.5,0.41786093695833504,SI,[2 1],116.90000000000003,10,884.4000000000015,0.0,False,8
4,0,1,[1 2],796.3000000000029,0.5,0.5,0.14117018227804268,SI,[2 1],116.90000000000003,10,884.4000000000015,0.0,False,8
4,0,2,[1 2],796.3000000000029,0.5,0.5,0.18866856098454932,SI,[2 1],116.90000000000003,10,884.4000000000015,0.0,False,8
4,0,3,[1 2],796.3000000000029,0.5,0.5,0.4816716617298461,SI,[2 1],116.90000000000003,10,884.4000000000015,0.0,False,8
4,0,4,[1 2],796.3000000000029,0.5,0.5,0.061779902934895436,SI,[2 1],116.90000000000003,10,884.4000000000015,0.0,False,8
5,0,0,[1 2],796.3000000000029,0.5,0.5,0.032076869528502305,SI,[2 1],116.90000000000003,10,884.4000000000015,0.0,False,8
5,0,1,[1 2],796.3000000000029,0.5,0.5,0.1309119857404274,SI,[2 1],116.90000000000003,10,884.4000000000015,0.0,False,8
5,0,2,[1 2],796.3000000000029,0.5,0.5,0.05149510510650457,SI,[2 1],116.90000000000003,10,884.4000000000015,0.0,False,8
5,0,3,[1 2],796.3000000000029,0.5,0.5,0.44496231835784816,SI,[2 1],116.90000000000003,10,884.4000000000015,0.0,False,8
5,0,4,[1 2],796.3000000000029,0.5,0.5,0.25571553460226903,SI,[2 1],116.90000000000003,10,884.4000000000015,0.0,False,8
6,0,0,[1 2],796.3000000000029,0.5,0.5,0.042138530207012526,SI,[2 1],116.90000000000003,10,884.4000000000015,0.0,False,8
6,0,1,[1 2],796.3000000000029,0.5,0.5,0.49491900496299135,SI,[2 1],116.90000000000003,10,884.4000000000015,0.0,False,8
6,0,2,[1 2],796.3000000000029,0.5,0.5,0.41891473363262954,SI,[2 1],116.90000000000003,10,884.4000000000015,0.0,False,8
6,0,3,[1 2],796.3000000000029,0.5,0.5,0.44512722643093594,SI,[2 1],116.90000000000003,10,884.4000000000015,0.0,False,8
6,0,4,[1 2],796.3000000000029,0.5,0.5,0.042069977139601034,SI,[2 1],116.90000000000003,10,884.4000000000015,0.0,False,8
7,0,0,[1 2],796.3000000000029,0.5,0.5,0.16919648273616839,SI,[2 1],116.90000000000003,10,884.4000000000015,0.0,False,8
7,0,1,[1 2],796.3000000000029,0.5,0.5,0.2807669258622226,SI,[2 1],116.90000000000003,10,884.4000000000015,0.0,False,8
7,0,2,[1 2],796.3000000000029,0.5,0.5,0.4865881953359241,SI,[2 1],116.90000000000003,10,884.4000000000015,0.0,False,8
7,0,3,[1 2],796.3000000000029,0.5,0.5,0.082494268379249,SI,[2 1],116.90000000000003,10,884.4000000000015,0.0,False,8
7,0,4,[1 2],796.3000000000029,0.5,0.5,0.16585593870071258,SI,[2 1],116.90000000000003,10,884.4000000000015,0.0,False,8
8,0,0,[1 2],796.3000000000029,0.5,0.5,0.2245995754064981,SI,[2 1],116.90000000000003,10,884.4000000000015,0.0,False,8
8,0,1,[1 2],796.3000000000029,0.5,0.5,0.4951740368884847,SI,[2 1],116.90000000000003,10,884.4000000000015,0.0,False,8
8,0,2,[1 2],796.3000000000029,0.5,0.5,0.15274162432922367,SI,[2 1],116.90000000000003,10,884.4000000000015,0.0,False,8
8,0,3,[1 2],796.3000000000029,0.5,0.5,0.25179950767874804,SI,[2 1],116.90000000000003,10,884.4000000000015,0.0,False,8
8,0,4,[1 2],796.3000000000029,0.5,0.5,0.1234198544776155,SI,[2 1],116.90000000000003,10,884.4000000000015,0.0,False,8
9,0,0,[1 2],796.3000000000029,0.5,0.5,0.024500757371457516,SI,[2 1],116.90000000000003,10,884.4000000000015,0.0,False,8
9,0,1,[1 2],796.3000000000029,0.5,0.5,0.2242272767558191,SI,[2 1],116.90000000000003,10,884.4000000000015,0.0,False,8
9,0,2,[1 2],796.3000000000029,0.5,0.5,0.39578361234556547,SI,[2 1],116.90000000000003,10,884.4000000000015,0.0,False,8
9,0,3,[1 2],796.3000000000029,0.5,0.5,0.3773492000924539,SI,[2 1],116.90000000000003,10,884.4000000000015,0.0,False,8
9,0,4,[1 2],796.3000000000029,0.5,0.5,0.0541997332643499,SI,[2 1],116.90000000000003,10,884.4000000000015,0.0,False,8
10,0,0,[1 2],796.3000000000029,0.5,0.5,0.11966886335675819,SI,[2 1],116.90000000000003,10,884.4000000000015,0.0,False,8
10,0,1,[1 2],796.3000000000029,0.5,0.5,0.28612835402019976,SI,[2 1],116.90000000000003,10,884.4000000000015,0.0,False,8
10,0,2,[1 2],796.3000000000029,0.5,0.5,0.08244234022072494,SI,[2 1],116.90000000000003,10,884.4000000000015,0.0,False,8
10,0,3,[1 2],796.3000000000029,0.5,0.5,0.34079351971442273,SI,[2 1],116.90000000000003,10,884.4000000000015,0.0,False,8
10,0,4,[1 2],796.3000000000029,0.5,0.5,0.3072434271141291,SI,[2 1],116.90000000000003,10,884.4000000000015,0.0,False,8
11,0,0,[1 2],796.3000000000029,0.5,0.5,0.4668214260841186,SI,[2 1],116.90000000000003,10,884.4000000000015,0.0,False,8
11,0,1,[1 2],796.3000000000029,0.5,0.5,0.25444352347137766,SI,[2 1],116.90000000000003,10,884.4000000000015,0.0,False,8
11,0,2,[1 2],796.3000000000029,0.5,0.5,0.28436513902558713,SI,[2 1],116.90000000000003,10,884.4000000000015,0.0,False,8
11,0,3,[1 2],796.3000000000029,0.5,0.5,0.227545104722101,SI,[2 1],116.90000000000003,10,884.4000000000015,0.0,False,8
11,0,4,[1 2],796.3000000000029,0.5,0.5,0.2539368036635308,SI,[2 1],116.90000000000003,10,884.4000000000015,0.0,False,8
12,0,0,[1 2],796.3000000000029,0.5,0.5,0.21126249784072637,SI,[2 1],116.90000000000003,10,884.4000000000015,0.0,False,8
12,0,1,[1 2],796.3000000000029,0.5,0.5,0.3604764416660601,SI,[2 1],116.90000000000003,10,884.4000000000015,0.0,False,8
12,0,2,[1 2],796.3000000000029,0.5,0.5,0.2272096144168424,SI,[2 1],116.90000000000003,10,884.4000000000015,0.0,False,8
12,0,3,[1 2],796.3000000000029,0.5,0.5,0.45344776168413614,SI,[2 1],116.90000000000003,10,884.4000000000015,0.0,False,8
12,0,4,[1 2],796.3000000000029,0.5,0.5,0.07303093629587676,SI,[2 1],116.90000000000003,10,884.4000000000015,0.0,False,8
13,0,0,[1 2],796.3000000000029,0.5,0.5,0.15959649093530937,SI,[2 1],116.90000000000003,10,884.4000000000015,0.0,False,8
13,0,1,[1 2],796.3000000000029,0.5,0.5,0.45634417874056565,SI,[2 1],116.90000000000003,10,884.4000000000015,0.0,False,8
13,0,2,[1 2],796.3000000000029,0.5,0.5,0.40737494209217606,SI,[2 1],116.90000000000003,10,884.4000000000015,0.0,False,8
13,0,3,[1 2],796.3000000000029,0.5,0.5,0.19158581041886735,SI,[2 1],116.90000000000003,10,884.4000000000015,0.0,False,8
13,0,4,[1 2],796.3000000000029,0.5,0.5,0.06965857377455753,SI,[2 1],116.90000000000003,10,884.4000000000015,0.0,False,8
14,0,0,[1 2],796.3000000000029,0.5,0.5,0.2138296198920786,SI,[2 1],116.90000000000003,10,884.4000000000015,0.0,False,8
14,0,1,[1 2],796.3000000000029,0.5,0.5,0.25117415111287067,SI,[2 1],116.90000000000003,10,884.4000000000015,0.0,False,8
14,0,2,[1 2],796.3000000000029,0.5,0.5,0.2087922608917293,SI,[2 1],116.90000000000003,10,884.4000000000015,0.0,False,8
14,0,3,[1 2],796.3000000000029,0.5,0.5,0.18976862184797816,SI,[2 1],116.90000000000003,10,884.4000000000015,0.0,False,8
14,0,4,[1 2],796.3000000000029,0.5,0.5,0.24600777573201038,SI,[2 1],116.90000000000003,10,884.4000000000015,0.0,False,8
15,0,0,[1 2],796.3000000000029,0.5,0.5,0.05564302277287525,SI,[2 1],116.90000000000003,10,884.4000000000015,0.0,False,8
15,0,1,[1 2],796.3000000000029,0.5,0.5,0.4378953446336288,SI,[2 1],116.90000000000003,10,884.4000000000015,0.0,False,8
15,0,2,[1 2],796.3000000000029,0.5,0.5,0.3900208348035331,SI,[2 1],116.90000000000003,10,884.4000000000015,0.0,False,8
15,0,3,[1 2],796.3000000000029,0.5,0.5,0.04946781577591319,SI,[2 1],116.90000000000003,10,884.4000000000015,0.0,False,8
15,0,4,[1 2],796.3000000000029,0.5,0.5,0.20070240308567966,SI,[2 1],116.90000000000003,10,884.4000000000015,0.0,False,8
16,0,0,[1 2],796.3000000000029,0.5,0.5,0.3922027402917153,SI,[2 1],116.90000000000003,10,884.4000000000015,0.0,False,8
16,0,1,[1 2],796.3000000000029,0.5,0.5,0.07629745587549397,SI,[2 1],116.90000000000003,10,884.4000000000015,0.0,False,8
16,0,2,[1 2],796.3000000000029,0.5,0.5,0.051341343684865315,SI,[2 1],116.90000000000003,10,884.4000000000015,0.0,False,8
16,0,3,[1 2],796.3000000000029,0.5,0.5,0.016278615332289692,SI,[2 1],116.90000000000003,10,884.4000000000015,0.0,False,8
16,0,4,[1 2],796.3000000000029,0.5,0.5,0.08238475700701664,SI,[2 1],116.90000000000003,10,884.4000000000015,0.0,False,8
17,0,0,[1 2],796.3000000000029,0.5,0.5,0.2192357694128535,SI,[2 1],116.90000000000003,10,884.4000000000015,0.0,False,8
17,0,1,[1 2],796.3000000000029,0.5,0.5,0.02324072848648484,SI,[2 1],116.90000000000003,10,884.4000000000015,0.0,False,8
17,0,2,[1 2],796.3000000000029,0.5,0.5,0.4467248850314923,SI,[2 1],116.90000000000003,10,884.4000000000015,0.0,False,8
17,0,3,[1 2],796.3000000000029,0.5,0.5,0.24536171093866654,SI,[2 1],116.90000000000003,10,884.4000000000015,0.0,False,8
17,0,4,[1 2],796.3000000000029,0.5,0.5,0.014394440208464254,SI,[2 1],116.90000000000003,10,884.4000000000015,0.0,False,8
18,0,0,[1 2],796.3000000000029,0.5,0.5,0.22461436703913729,SI,[2 1],116.90000000000003,10,884.4000000000015,0.0,False,8
18,0,1,[1 2],796.3000000000029,0.5,0.5,0.4901479627055201,SI,[2 1],116.90000000000003,10,884.4000000000015,0.0,False,8
18,0,2,[1 2],796.3000000000029,0.5,0.5,0.1415116707668419,SI,[2 1],116.90000000000003,10,884.4000000000015,0.0,False,8
18,0,3,[1 2],796.3000000000029,0.5,0.5,0.08661014178044724,SI,[2 1],116.90000000000003,10,884.4000000000015,0.0,False,8
18,0,4,[1 2],796.3000000000029,0.5,0.5,0.4305099965098219,SI,[2 1],116.90000000000003,10,884.4000000000015,0.0,False,8
19,0,0,[1 2],796.3000000000029,0.5,0.5,0.05683912832749993,SI,[2 1],116.90000000000003,10,884.4000000000015,0.0,False,8
19,0,1,[1 2],796.3000000000029,0.5,0.5,0.38772150460089905,SI,[2 1],116.90000000000003,10,884.4000000000015,0.0,False,8
19,0,2,[1 2],796.3000000000029,0.5,0.5,0.018514538731362218,SI,[2 1],116.90000000000003,10,884.4000000000015,0.0,False,8
19,0,3,[1 2],796.3000000000029,0.5,0.5,0.2663973000030325,SI,[2 1],116.90000000000003,10,884.4000000000015,0.0,False,8
19,0,4,[1 2],796.3000000000029,0.5,0.5,0.4895252871343364,SI,[2 1],116.90000000000003,10,884.4000000000015,0.0,False,8
20,0,0,[1 2],796.3000000000029,0.5,0.5,0.2759952076824932,SI,[2 1],116.90000000000003,10,884.4000000000015,0.0,False,8
20,0,1,[1 2],796.3000000000029,0.5,0.5,0.30237346466642245,SI,[2 1],116.90000000000003,10,884.4000000000015,0.0,False,8
20,0,2,[1 2],796.3000000000029,0.5,0.5,0.3728010797894812,SI,[2 1],116.90000000000003,10,884.4000000000015,0.0,False,8
20,0,3,[1 2],796.3000000000029,0.5,0.5,0.3243803156002335,SI,[2 1],116.90000000000003,10,884.4000000000015,0.0,False,8
20,0,4,[1 2],796.3000000000029,0.5,0.5,0.36708527688644144,SI,[2 1],116.90000000000003,10,884.4000000000015,0.0,False,8
21,0,0,[1 2],796.3000000000029,0.5,0.5,0.1530838083248196,SI,[2 1],116.90000000000003,10,884.4000000000015,0.0,False,8
21,0,1,[1 2],796.3000000000029,0.5,0.5,0.0507036959456566,SI,[2 1],116.90000000000003,10,884.4000000000015,0.0,False,8
21,0,2,[1 2],796.3000000000029,0.5,0.5,0.34055668034391473,SI,[2 1],116.90000000000003,10,884.4000000000015,0.0,False,8
21,0,3,[1 2],796.3000000000029,0.5,0.5,0.3315143045670357,SI,[2 1],116.90000000000003,10,884.4000000000015,0.0,False,8
21,0,4,[1 2],796.3000000000029,0.5,0.5,0.06336410543337034,SI,[2 1],116.90000000000003,10,884.4000000000015,0.0,False,8
22,0,0,[1 2],796.3000000000029,0.5,0.5,0.398051610332977,SI,[2 1],116.90000000000003,10,884.4000000000015,0.0,False,8
22,0,1,[1 2],796.3000000000029,0.5,0.5,0.47281403492977925,SI,[2 1],116.90000000000003,10,884.4000000000015,0.0,False,8
22,0,2,[1 2],796.3000000000029,0.5,0.5,0.2863123249362133,SI,[2 1],116.90000000000003,10,884.4000000000015,0.0,False,8
22,0,3,[1 2],796.3000000000029,0.5,0.5,0.16939619872371914,SI,[2 1],116.90000000000003,10,884.4000000000015,0.0,False,8
22,0,4,[1 2],796.3000000000029,0.5,0.5,0.055030445785346216,SI,[2 1],116.90000000000003,10,884.4000000000015,0.0,False,8
23,0,0,[1 2],796.3000000000029,0.5,0.5,0.35908246728241766,SI,[2 1],116.90000000000003,10,884.4000000000015,0.0,False,8
23,0,1,[1 2],796.3000000000029,0.5,0.5,0.11113418267499264,SI,[2 1],116.90000000000003,10,884.4000000000015,0.0,False,8
23,0,2,[1 2],796.3000000000029,0.5,0.5,0.279868738641714,SI,[2 1],116.90000000000003,10,884.4000000000015,0.0,False,8
23,0,3,[1 2],796.3000000000029,0.5,0.5,0.22973378272553757,SI,[2 1],116.90000000000003,10,884.4000000000015,0.0,False,8
23,0,4,[1 2],796.3000000000029,0.5,0.5,0.34579960399038134,SI,[2 1],116.90000000000003,10,884.4000000000015,0.0,False,8
24,0,0,[1 2],796.3000000000029,0.5,0.5,0.11449112320030363,SI,[2 1],116.90000000000003,10,884.4000000000015,0.0,False,8
24,0,1,[1 2],796.3000000000029,0.5,0.5,0.06772563022380329,SI,[2 1],116.90000000000003,10,884.4000000000015,0.0,False,8
24,0,2,[1 2],796.3000000000029,0.5,0.5,0.19590937543122044,SI,[2 1],116.90000000000003,10,884.4000000000015,0.0,False,8
24,0,3,[1 2],796.3000000000029,0.5,0.5,0.0715507957665662,SI,[2 1],116.90000000000003,10,884.4000000000015,0.0,False,8
24,0,4,[1 2],796.3000000000029,0.5,0.5,0.1126807699324186,SI,[2 1],116.90000000000003,10,884.4000000000015,0.0,False,8
25,0,0,[1 2],796.3000000000029,0.5,0.5,0.3723225583564268,SI,[2 1],116.90000000000003,10,884.4000000000015,0.0,False,8
25,0,1,[1 2],796.3000000000029,0.5,0.5,0.3222964018448964,SI,[2 1],116.90000000000003,10,884.4000000000015,0.0,False,8
25,0,2,[1 2],796.3000000000029,0.5,0.5,0.47573437149316466,SI,[2 1],116.90000000000003,10,884.4000000000015,0.0,False,8
25,0,3,[1 2],796.3000000000029,0.5,0.5,0.4452937285158399,SI,[2 1],116.90000000000003,10,884.4000000000015,0.0,False,8
25,0,4,[1 2],796.3000000000029,0.5,0.5,0.4608953708042879,SI,[2 1],116.90000000000003,10,884.4000000000015,0.0,False,8
26,0,0,[1 2],796.3000000000029,0.5,0.5,0.25101695998060924,SI,[2 1],116.90000000000003,10,884.4000000000015,0.0,False,8
26,0,1,[1 2],796.3000000000029,0.5,0.5,0.13647652758677287,SI,[2 1],116.90000000000003,10,884.4000000000015,0.0,False,8
26,0,2,[1 2],796.3000000000029,0.5,0.5,0.24357765318245805,SI,[2 1],116.90000000000003,10,884.4000000000015,0.0,False,8
26,0,3,[1 2],796.3000000000029,0.5,0.5,0.4548314983881554,SI,[2 1],116.90000000000003,10,884.4000000000015,0.0,False,8
26,0,4,[1 2],796.3000000000029,0.5,0.5,0.2352783682829236,SI,[2 1],116.90000000000003,10,884.4000000000015,0.0,False,8
27,0,0,[1 2],796.3000000000029,0.5,0.5,0.20779142015840601,SI,[2 1],116.90000000000003,10,884.4000000000015,0.0,False,8
27,0,1,[1 2],796.3000000000029,0.5,0.5,0.1032892038798564,SI,[2 1],116.90000000000003,10,884.4000000000015,0.0,False,8
27,0,2,[1 2],796.3000000000029,0.5,0.5,0.4958328970916248,SI,[2 1],116.90000000000003,10,884.4000000000015,0.0,False,8
27,0,3,[1 2],796.3000000000029,0.5,0.5,0.391982594798003,SI,[2 1],116.90000000000003,10,884.4000000000015,0.0,False,8
27,0,4,[1 2],796.3000000000029,0.5,0.5,0.23294787321754074,SI,[2 1],116.90000000000003,10,884.4000000000015,0.0,False,8
28,0,0,[1 2],796.3000000000029,0.5,0.5,0.18510536332511762,SI,[2 1],116.90000000000003,10,884.4000000000015,0.0,False,8
28,0,1,[1 2],796.3000000000029,0.5,0.5,0.4986753692075251,SI,[2 1],116.90000000000003,10,884.4000000000015,0.0,False,8
28,0,2,[1 2],796.3000000000029,0.5,0.5,0.4519855764149703,SI,[2 1],116.90000000000003,10,884.4000000000015,0.0,False,8
28,0,3,[1 2],796.3000000000029,0.5,0.5,0.0006461768152996594,SI,[2 1],116.90000000000003,10,884.4000000000015,0.0,False,8
28,0,4,[1 2],796.3000000000029,0.5,0.5,0.26555902800419695,SI,[2 1],116.90000000000003,10,884.4000000000015,0.0,False,8
29,0,0,[1 2],796.3000000000029,0.5,0.5,0.2012070920379222,SI,[2 1],116.90000000000003,10,884.4000000000015,0.0,False,8
29,0,1,[1 2],796.3000000000029,0.5,0.5,0.4979512256919185,SI,[2 1],116.90000000000003,10,884.4000000000015,0.0,False,8
29,0,2,[1 2],796.3000000000029,0.5,0.5,0.4947164574440155,SI,[2 1],116.90000000000003,10,884.4000000000015,0.0,False,8
29,0,3,[1 2],796.3000000000029,0.5,0.5,0.4770682784278327,SI,[2 1],116.90000000000003,10,884.4000000000015,0.0,False,8
29,0,4,[1 2],796.3000000000029,0.5,0.5,0.09983444323047597,SI,[2 1],116.90000000000003,10,884.4000000000015,0.0,False,8
30,0,0,[1 2],796.3000000000029,0.5,0.5,0.3619608797716093,SI,[2 1],116.90000000000003,10,884.4000000000015,0.0,False,8
30,0,1,[1 2],796.3000000000029,0.5,0.5,0.2296716060836581,SI,[2 1],116.90000000000003,10,884.4000000000015,0.0,False,8
30,0,2,[1 2],796.3000000000029,0.5,0.5,0.45490840827373946,SI,[2 1],116.90000000000003,10,884.4000000000015,0.0,False,8
30,0,3,[1 2],796.3000000000029,0.5,0.5,0.18399750973605977,SI,[2 1],116.90000000000003,10,884.4000000000015,0.0,False,8
30,0,4,[1 2],796.3000000000029,0.5,0.5,0.4529770399470453,SI,[2 1],116.90000000000003,10,884.4000000000015,0.0,False,8
31,0,0,[1 2],796.3000000000029,0.5,0.5,0.12281179011937049,SI,[2 1],116.90000000000003,10,884.4000000000015,0.0,False,8
31,0,1,[1 2],796.3000000000029,0.5,0.5,0.4722472278760229,SI,[2 1],116.90000000000003,10,884.4000000000015,0.0,False,8
31,0,2,[1 2],796.3000000000029,0.5,0.5,0.08231622124553839,SI,[2 1],116.90000000000003,10,884.4000000000015,0.0,False,8
31,0,3,[1 2],796.3000000000029,0.5,0.5,0.3539842673759718,SI,[2 1],116.90000000000003,10,884.4000000000015,0.0,False,8
31,0,4,[1 2],796.3000000000029,0.5,0.5,0.4829406179619873,SI,[2 1],116.90000000000003,10,884.4000000000015,0.0,False,8
32,0,0,[1 2],796.3000000000029,0.5,0.5,0.3311247221685637,SI,[2 1],116.90000000000003,10,884.4000000000015,0.0,False,8
32,0,1,[1 2],796.3000000000029,0.5,0.5,0.05298161233290111,SI,[2 1],116.90000000000003,10,884.4000000000015,0.0,False,8
32,0,2,[1 2],796.3000000000029,0.5,0.5,0.1191515413735762,SI,[2 1],116.90000000000003,10,884.4000000000015,0.0,False,8
32,0,3,[1 2],796.3000000000029,0.5,0.5,0.1613713485320002,SI,[2 1],116.90000000000003,10,884.4000000000015,0.0,False,8
32,0,4,[1 2],796.3000000000029,0.5,0.5,0.08607906373111618,SI,[2 1],116.90000000000003,10,884.4000000000015,0.0,False,8
33,0,0,[1 2],796.3000000000029,0.5,0.5,0.13903361910406842,SI,[2 1],116.90000000000003,10,884.4000000000015,0.0,False,8
33,0,1,[1 2],796.3000000000029,0.5,0.5,0.1776638917318476,SI,[2 1],116.90000000000003,10,884.4000000000015,0.0,False,8
33,0,2,[1 2],796.3000000000029,0.5,0.5,0.012996977522492625,SI,[2 1],116.90000000000003,10,884.4000000000015,0.0,False,8
33,0,3,[1 2],796.3000000000029,0.5,0.5,0.0754548088538618,SI,[2 1],116.90000000000003,10,884.4000000000015,0.0,False,8
33,0,4,[1 2],796.3000000000029,0.5,0.5,0.004072527849507512,SI,[2 1],116.90000000000003,10,884.4000000000015,0.0,False,8
34,0,0,[1 2],796.3000000000029,0.5,0.5,0.023369218221265697,SI,[2 1],116.90000000000003,10,884.4000000000015,0.0,False,8
34,0,1,[1 2],796.3000000000029,0.5,0.5,0.0309505423057993,SI,[2 1],116.90000000000003,10,884.4000000000015,0.0,False,8
34,0,2,[1 2],796.3000000000029,0.5,0.5,0.459774545647619,SI,[2 1],116.90000000000003,10,884.4000000000015,0.0,False,8
34,0,3,[1 2],796.3000000000029,0.5,0.5,0.28233661199543303,SI,[2 1],116.90000000000003,10,884.4000000000015,0.0,False,8
34,0,4,[1 2],796.3000000000029,0.5,0.5,0.4370526667436909,SI,[2 1],116.90000000000003,10,884.4000000000015,0.0,False,8
35,0,0,[1 2],796.3000000000029,0.5,0.5,0.16225789659614576,SI,[2 1],116.90000000000003,10,884.4000000000015,0.0,False,8
35,0,1,[1 2],796.3000000000029,0.5,0.5,0.43697950358439663,SI,[2 1],116.90000000000003,10,884.4000000000015,0.0,False,8
35,0,2,[1 2],796.3000000000029,0.5,0.5,0.370535078809887,SI,[2 1],116.90000000000003,10,884.4000000000015,0.0,False,8
35,0,3,[1 2],796.3000000000029,0.5,0.5,0.35582521518572285,SI,[2 1],116.90000000000003,10,884.4000000000015,0.0,False,8
35,0,4,[1 2],796.3000000000029,0.5,0.5,0.2954115444847677,SI,[2 1],116.90000000000003,10,884.4000000000015,0.0,False,8
36,0,0,[1 2],796.3000000000029,0.5,0.5,0.13359474496888635,SI,[2 1],116.90000000000003,10,884.4000000000015,0.0,False,8
36,0,1,[1 2],796.3000000000029,0.5,0.5,0.1044047966259739,SI,[2 1],116.90000000000003,10,884.4000000000015,0.0,False,8
36,0,2,[1 2],796.3000000000029,0.5,0.5,0.2641503669539207,SI,[2 1],116.90000000000003,10,884.4000000000015,0.0,False,8
36,0,3,[1 2],796.3000000000029,0.5,0.5,0.07194184561320005,SI,[2 1],116.90000000000003,10,884.4000000000015,0.0,False,8
36,0,4,[1 2],796.3000000000029,0.5,0.5,0.20963448653594252,SI,[2 1],116.90000000000003,10,884.4000000000015,0.0,False,8
37,0,0,[1 2],796.3000000000029,0.5,0.5,0.22976398043619173,SI,[2 1],116.90000000000003,10,884.4000000000015,0.0,False,8
37,0,1,[1 2],796.3000000000029,0.5,0.5,0.4288586814088555,SI,[2 1],116.90000000000003,10,884.4000000000015,0.0,False,8
37,0,2,[1 2],796.3000000000029,0.5,0.5,0.11910330725268903,SI,[2 1],116.90000000000003,10,884.4000000000015,0.0,False,8
37,0,3,[1 2],796.3000000000029,0.5,0.5,0.027363530848402262,SI,[2 1],116.90000000000003,10,884.4000000000015,0.0,False,8
37,0,4,[1 2],796.3000000000029,0.5,0.5,0.24797714620870903,SI,[2 1],116.90000000000003,10,884.4000000000015,0.0,False,8
38,0,0,[1 2],796.3000000000029,0.5,0.5,0.38338157332177514,SI,[2 1],116.90000000000003,10,884.4000000000015,0.0,False,8
38,0,1,[1 2],796.3000000000029,0.5,0.5,0.32123785425000806,SI,[2 1],116.90000000000003,10,884.4000000000015,0.0,False,8
38,0,2,[1 2],796.3000000000029,0.5,0.5,0.11103339367372134,SI,[2 1],116.90000000000003,10,884.4000000000015,0.0,False,8
38,0,3,[1 2],796.3000000000029,0.5,0.5,0.12623234433899078,SI,[2 1],116.90000000000003,10,884.4000000000015,0.0,False,8
38,0,4,[1 2],796.3000000000029,0.5,0.5,0.4062070131299307,SI,[2 1],116.90000000000003,10,884.4000000000015,0.0,False,8
39,0,0,[1 2],796.3000000000029,0.5,0.5,0.3085029678472073,SI,[2 1],116.90000000000003,10,884.4000000000015,0.0,False,8
39,0,1,[1 2],796.3000000000029,0.5,0.5,0.2075683029223384,SI,[2 1],116.90000000000003,10,884.4000000000015,0.0,False,8
39,0,2,[1 2],796.3000000000029,0.5,0.5,0.31820374236603144,SI,[2 1],116.90000000000003,10,884.4000000000015,0.0,False,8
39,0,3,[1 2],796.3000000000029,0.5,0.5,0.43644443521158904,SI,[2 1],116.90000000000003,10,884.4000000000015,0.0,False,8
39,0,4,[1 2],796.3000000000029,0.5,0.5,0.06567599477041108,SI,[2 1],116.90000000000003,10,884.4000000000015,0.0,False,8
40,0,0,[1 2],796.3000000000029,0.5,0.5,0.4913982326046561,SI,[2 1],116.90000000000003,10,884.4000000000015,0.0,False,8
40,0,1,[1 2],796.3000000000029,0.5,0.5,0.22236189713808274,SI,[2 1],116.90000000000003,10,884.4000000000015,0.0,False,8
40,0,2,[1 2],796.3000000000029,0.5,0.5,0.08199005961162309,SI,[2 1],116.90000000000003,10,884.4000000000015,0.0,False,8
40,0,3,[1 2],796.3000000000029,0.5,0.5,0.36837756478720163,SI,[2 1],116.90000000000003,10,884.4000000000015,0.0,False,8
40,0,4,[1 2],796.3000000000029,0.5,0.5,0.09292154360540283,SI,[2 1],116.90000000000003,10,884.4000000000015,0.0,False,8
41,0,0,[1 2],796.3000000000029,0.5,0.5,0.0016364044234792319,SI,[2 1],116.90000000000003,10,884.4000000000015,0.0,False,8
41,0,1,[1 2],796.3000000000029,0.5,0.5,0.3195763365081853,SI,[2 1],116.90000000000003,10,884.4000000000015,0.0,False,8
41,0,2,[1 2],796.3000000000029,0.5,0.5,0.9482516150315151,MI,[1 2],inf,10,796.3000000000029,0.0,False,8
41,0,3,[1 2],796.3000000000029,0.5,0.5,0.35848871799169446,SI,[2 1],116.90000000000003,10,884.4000000000015,0.0,False,8
41,0,4,[1 2],796.3000000000029,0.5,0.5,0.3320428814887746,SI,[2 1],116.90000000000003,10,884.4000000000015,0.0,False,8
42,0,0,[1 2],796.3000000000029,0.5,0.5,0.36109885512409223,SI,[2 1],116.90000000000003,10,884.4000000000015,0.0,False,8
42,0,1,[1 2],796.3000000000029,0.5,0.5,0.21869335911487242,SI,[2 1],116.90000000000003,10,884.4000000000015,0.0,False,8
42,0,2,[1 2],796.3000000000029,0.5,0.5,0.47990622537093175,SI,[2 1],116.90000000000003,10,884.4000000000015,0.0,False,8
42,0,3,[1 2],796.3000000000029,0.5,0.5,0.09035055526372693,SI,[2 1],116.90000000000003,10,884.4000000000015,0.0,False,8
42,0,4,[1 2],796.3000000000029,0.5,0.5,0.3991782102773286,SI,[2 1],116.90000000000003,10,884.4000000000015,0.0,False,8
43,0,0,[1 2],796.3000000000029,0.5,0.5,0.21716872529308595,SI,[2 1],116.90000000000003,10,884.4000000000015,0.0,False,8
43,0,1,[1 2],796.3000000000029,0.5,0.5,0.3656146749695294,SI,[2 1],116.90000000000003,10,884.4000000000015,0.0,False,8
43,0,2,[1 2],796.3000000000029,0.5,0.5,0.21972517295507088,SI,[2 1],116.90000000000003,10,884.4000000000015,0.0,False,8
43,0,3,[1 2],796.3000000000029,0.5,0.5,0.15669102658406298,SI,[2 1],116.90000000000003,10,884.4000000000015,0.0,False,8
43,0,4,[1 2],796.3000000000029,0.5,0.5,0.33715561196951027,SI,[2 1],116.90000000000003,10,884.4000000000015,0.0,False,8
44,0,0,[1 2],796.3000000000029,0.5,0.5,0.48654979605041415,SI,[2 1],116.90000000000003,10,884.4000000000015,0.0,False,8
44,0,1,[1 2],796.3000000000029,0.5,0.5,0.3483958719925334,SI,[2 1],116.90000000000003,10,884.4000000000015,0.0,False,8
44,0,2,[1 2],796.3000000000029,0.5,0.5,0.43707468517962755,SI,[2 1],116.90000000000003,10,884.4000000000015,0.0,False,8
44,0,3,[1 2],796.3000000000029,0.5,0.5,0.3460017167358779,SI,[2 1],116.90000000000003,10,884.4000000000015,0.0,False,8
44,0,4,[1 2],796.3000000000029,0.5,0.5,0.22526821059101187,SI,[2 1],116.90000000000003,10,884.4000000000015,0.0,False,8
45,0,0,[1 2],796.3000000000029,0.5,0.5,0.407483977175498,SI,[2 1],116.90000000000003,10,884.4000000000015,0.0,False,8
45,0,1,[1 2],796.3000000000029,0.5,0.5,0.48797868001361444,SI,[2 1],116.90000000000003,10,884.4000000000015,0.0,False,8
45,0,2,[1 2],796.3000000000029,0.5,0.5,0.27016103868118,SI,[2 1],116.90000000000003,10,884.4000000000015,0.0,False,8
45,0,3,[1 2],796.3000000000029,0.5,0.5,0.2684388390604284,SI,[2 1],116.90000000000003,10,884.4000000000015,0.0,False,8
45,0,4,[1 2],796.3000000000029,0.5,0.5,0.35615713719805964,SI,[2 1],116.90000000000003,10,884.4000000000015,0.0,False,8
46,0,0,[1 2],796.3000000000029,0.5,0.5,0.072975222415116,SI,[2 1],116.90000000000003,10,884.4000000000015,0.0,False,8
46,0,1,[1 2],796.3000000000029,0.5,0.5,0.30350978188664457,SI,[2 1],116.90000000000003,10,884.4000000000015,0.0,False,8
46,0,2,[1 2],796.3000000000029,0.5,0.5,0.37655807870261426,SI,[2 1],116.90000000000003,10,884.4000000000015,0.0,False,8
46,0,3,[1 2],796.3000000000029,0.5,0.5,0.36401939505975245,SI,[2 1],116.90000000000003,10,884.4000000000015,0.0,False,8
46,0,4,[1 2],796.3000000000029,0.5,0.5,0.36662482803296925,SI,[2 1],116.90000000000003,10,884.4000000000015,0.0,False,8
47,0,0,[1 2],796.3000000000029,0.5,0.5,0.3104279321861376,SI,[2 1],116.90000000000003,10,884.4000000000015,0.0,False,8
47,0,1,[1 2],796.3000000000029,0.5,0.5,0.3103344709429897,SI,[2 1],116.90000000000003,10,884.4000000000015,0.0,False,8
47,0,2,[1 2],796.3000000000029,0.5,0.5,0.4920736712399729,SI,[2 1],116.90000000000003,10,884.4000000000015,0.0,False,8
47,0,3,[1 2],796.3000000000029,0.5,0.5,0.23513892323958574,SI,[2 1],116.90000000000003,10,884.4000000000015,0.0,False,8
47,0,4,[1 2],796.3000000000029,0.5,0.5,0.231230105356936,SI,[2 1],116.90000000000003,10,884.4000000000015,0.0,False,8
48,0,0,[1 2],796.3000000000029,0.5,0.5,0.32767587511303453,SI,[2 1],116.90000000000003,10,884.4000000000015,0.0,False,8
48,0,1,[1 2],796.3000000000029,0.5,0.5,0.2721628756148192,SI,[2 1],116.90000000000003,10,884.4000000000015,0.0,False,8
48,0,2,[1 2],796.3000000000029,0.5,0.5,0.10336369864774886,SI,[2 1],116.90000000000003,10,884.4000000000015,0.0,False,8
48,0,3,[1 2],796.3000000000029,0.5,0.5,0.45484172269085377,SI,[2 1],116.90000000000003,10,884.4000000000015,0.0,False,8
48,0,4,[1 2],796.3000000000029,0.5,0.5,0.44390398607636183,SI,[2 1],116.90000000000003,10,884.4000000000015,0.0,False,8
49,0,0,[1 2],796.3000000000029,0.5,0.5,0.3135044533319231,SI,[2 1],116.90000000000003,10,884.4000000000015,0.0,False,8
49,0,1,[1 2],796.3000000000029,0.5,0.5,0.08839682728293463,SI,[2 1],116.90000000000003,10,884.4000000000015,0.0,False,8
49,0,2,[1 2],796.3000000000029,0.5,0.5,0.4796388755791908,SI,[2 1],116.90000000000003,10,884.4000000000015,0.0,False,8
49,0,3,[1 2],796.3000000000029,0.5,0.5,0.4748585162236725,SI,[2 1],116.90000000000003,10,884.4000000000015,0.0,False,8
49,0,4,[1 2],796.3000000000029,0.5,0.5,0.1415729458524032,SI,[2 1],116.90000000000003,10,884.4000000000015,0.0,False,8
50,0,0,[1 2],796.3000000000029,0.5,0.5,0.0025916298180107544,SI,[2 1],116.90000000000003,10,884.4000000000015,0.0,False,8
50,0,1,[1 2],796.3000000000029,0.5,0.5,0.08808167308390169,SI,[2 1],116.90000000000003,10,884.4000000000015,0.0,False,8
50,0,2,[1 2],796.3000000000029,0.5,0.5,0.18812089910455299,SI,[2 1],116.90000000000003,10,884.4000000000015,0.0,False,8
50,0,3,[1 2],796.3000000000029,0.5,0.5,0.060351705413765,SI,[2 1],116.90000000000003,10,884.4000000000015,0.0,False,8
50,0,4,[1 2],796.3000000000029,0.5,0.5,0.1441937871290524,SI,[2 1],116.90000000000003,10,884.4000000000015,0.0,False,8
